[     147ms] [LOG] [Fast Refresh] rebuilding @ http://localhost:3000/_next/static/chunks/node_modules_next_dist_f3530cac._.js:2297
[     198ms] [LOG] [Fast Refresh] done in 152ms @ http://localhost:3000/_next/static/chunks/node_modules_next_dist_f3530cac._.js:2297
[     503ms] [INFO] %cDownload the React DevTools for a better development experience: https://react.dev/link/react-devtools font-weight:bold @ http://localhost:3000/_next/static/chunks/node_modules_next_dist_f3530cac._.js:2297
[     600ms] [LOG] [HMR] connected @ http://localhost:3000/_next/static/chunks/node_modules_next_dist_f3530cac._.js:2297
[     869ms] [LOG] [Fast Refresh] rebuilding @ http://localhost:3000/_next/static/chunks/node_modules_next_dist_f3530cac._.js:2297
[     930ms] [LOG] [Fast Refresh] done in 161ms @ http://localhost:3000/_next/static/chunks/node_modules_next_dist_f3530cac._.js:2297
[    7802ms] [LOG] [Fast Refresh] rebuilding @ http://localhost:3000/_next/static/chunks/node_modules_next_dist_f3530cac._.js:2297
[    7852ms] [LOG] [Fast Refresh] done in 150ms @ http://localhost:3000/_next/static/chunks/node_modules_next_dist_f3530cac._.js:2297
[   32969ms] [LOG] [Fast Refresh] rebuilding @ http://localhost:3000/_next/static/chunks/node_modules_next_dist_f3530cac._.js:2297
[   33007ms] [LOG] [Fast Refresh] done in 140ms @ http://localhost:3000/_next/static/chunks/node_modules_next_dist_f3530cac._.js:2297
[   38128ms] [WARNING] [session] could not resolve session: Error: Supabase not configured. Add NEXT_PUBLIC_SUPABASE_URL and NEXT_PUBLIC_SUPABASE_ANON_KEY to .env
    at throwNotConfigured (http://localhost:3000/_next/static/chunks/app_72cdfce5._.js:189:11)
    at useDatabase.useCallback[getSb] (http://localhost:3000/_next/static/chunks/app_72cdfce5._.js:195:153)
    at useDatabase.useCallback[checkForExistingSession] [as checkForExistingSession] (http://localhost:3000/_next/static/chunks/app_72cdfce5._.js:350:24)
    at Home.useCallback[resolveSessionId] (http://localhost:3000/_next/static/chunks/app_72cdfce5._.js:1495:43)
    at Home.useCallback[handleStartProcessing] (http://localhost:3000/_next/static/chunks/app_72cdfce5._.js:1615:13)
    at onClick (http://localhost:3000/_next/static/chunks/app_components_LoadScreen_tsx_13da77f7._.js:2153:46)
    at executeDispatch (http://localhost:3000/_next/static/chunks/node_modules_next_dist_compiled_react-dom_1e674e59._.js:10314:13)
    at runWithFiberInDEV (http://localhost:3000/_next/static/chunks/node_modules_next_dist_compiled_react-dom_1e674e59._.js:965:74)
    at processDispatchQueue (http://localhost:3000/_next/static/chunks/node_modules_next_dist_compiled_react-dom_1e674e59._.js:10340:41)
    at http://localhost:3000/_next/static/chunks/node_modules_next_dist_compiled_react-dom_1e674e59._.js:10615:13
    at batchedUpdates$1 (http://localhost:3000/_next/static/chunks/node_modules_next_dist_compiled_react-dom_1e674e59._.js:2253:44)
    at dispatchEventForPluginEventSystem (http://localhost:3000/_next/static/chunks/node_modules_next_dist_compiled_react-dom_1e674e59._.js:10416:9)
    at dispatchEvent (http://localhost:3000/_next/static/chunks/node_modules_next_dist_compiled_react-dom_1e674e59._.js:12935:37)
    at dispatchDiscreteEvent (http://localhost:3000/_next/static/chunks/node_modules_next_dist_compiled_react-dom_1e674e59._.js:12917:64)
    at eval (eval at <anonymous> (eval at evaluate (:303:30)), <anonymous>:5:10)
    at eval (eval at evaluate (:303:30), <anonymous>:4:50)
    at UtilityScript.evaluate (<anonymous>:305:16)
    at UtilityScript.<anonymous> (<anonymous>:1:44) @ http://localhost:3000/_next/static/chunks/node_modules_next_dist_f3530cac._.js:2297
[   69546ms] [LOG] [PoleLayout mount] cachedData: poleDone=false tags=0 @ http://localhost:3000/_next/static/chunks/node_modules_next_dist_f3530cac._.js:2297
[   69562ms] [LOG] [PoleLayout mount] cachedData: poleDone=false tags=0 @ http://localhost:3000/_next/static/chunks/node_modules_next_dist_f3530cac._.js:2297
[   74519ms] [LOG] [Fast Refresh] rebuilding @ http://localhost:3000/_next/static/chunks/node_modules_next_dist_f3530cac._.js:2297
[   74557ms] [LOG] [Fast Refresh] done in 138ms @ http://localhost:3000/_next/static/chunks/node_modules_next_dist_f3530cac._.js:2297
[  106429ms] [LOG] [Fast Refresh] rebuilding @ http://localhost:3000/_next/static/chunks/node_modules_next_dist_f3530cac._.js:2297
[  106467ms] [LOG] [Fast Refresh] done in 138ms @ http://localhost:3000/_next/static/chunks/node_modules_next_dist_f3530cac._.js:2297
[  132124ms] [LOG] [Fast Refresh] rebuilding @ http://localhost:3000/_next/static/chunks/node_modules_next_dist_f3530cac._.js:2297
[  132206ms] [LOG] [Fast Refresh] done in 190ms @ http://localhost:3000/_next/static/chunks/node_modules_next_dist_f3530cac._.js:2297
[  248018ms] [ERROR] Unable to preventDefault inside passive event listener invocation. @ http://localhost:3000/_next/static/chunks/node_modules_next_dist_compiled_react-dom_1e674e59._.js:2325
[  248051ms] [ERROR] Unable to preventDefault inside passive event listener invocation. @ http://localhost:3000/_next/static/chunks/node_modules_next_dist_compiled_react-dom_1e674e59._.js:2325
[  248084ms] [ERROR] Unable to preventDefault inside passive event listener invocation. @ http://localhost:3000/_next/static/chunks/node_modules_next_dist_compiled_react-dom_1e674e59._.js:2325
[  248117ms] [ERROR] Unable to preventDefault inside passive event listener invocation. @ http://localhost:3000/_next/static/chunks/node_modules_next_dist_compiled_react-dom_1e674e59._.js:2325
[  248151ms] [ERROR] Unable to preventDefault inside passive event listener invocation. @ http://localhost:3000/_next/static/chunks/node_modules_next_dist_compiled_react-dom_1e674e59._.js:2325
[  248184ms] [ERROR] Unable to preventDefault inside passive event listener invocation. @ http://localhost:3000/_next/static/chunks/node_modules_next_dist_compiled_react-dom_1e674e59._.js:2325
[  248217ms] [ERROR] Unable to preventDefault inside passive event listener invocation. @ http://localhost:3000/_next/static/chunks/node_modules_next_dist_compiled_react-dom_1e674e59._.js:2325
[  248251ms] [ERROR] Unable to preventDefault inside passive event listener invocation. @ http://localhost:3000/_next/static/chunks/node_modules_next_dist_compiled_react-dom_1e674e59._.js:2325
[  248284ms] [ERROR] Unable to preventDefault inside passive event listener invocation. @ http://localhost:3000/_next/static/chunks/node_modules_next_dist_compiled_react-dom_1e674e59._.js:2325
[  248317ms] [ERROR] Unable to preventDefault inside passive event listener invocation. @ http://localhost:3000/_next/static/chunks/node_modules_next_dist_compiled_react-dom_1e674e59._.js:2325
[  248351ms] [ERROR] Unable to preventDefault inside passive event listener invocation. @ http://localhost:3000/_next/static/chunks/node_modules_next_dist_compiled_react-dom_1e674e59._.js:2325
[  248384ms] [ERROR] Unable to preventDefault inside passive event listener invocation. @ http://localhost:3000/_next/static/chunks/node_modules_next_dist_compiled_react-dom_1e674e59._.js:2325
[  248418ms] [ERROR] Unable to preventDefault inside passive event listener invocation. @ http://localhost:3000/_next/static/chunks/node_modules_next_dist_compiled_react-dom_1e674e59._.js:2325
[  248451ms] [ERROR] Unable to preventDefault inside passive event listener invocation. @ http://localhost:3000/_next/static/chunks/node_modules_next_dist_compiled_react-dom_1e674e59._.js:2325
[  248484ms] [ERROR] Unable to preventDefault inside passive event listener invocation. @ http://localhost:3000/_next/static/chunks/node_modules_next_dist_compiled_react-dom_1e674e59._.js:2325
[  248518ms] [ERROR] Unable to preventDefault inside passive event listener invocation. @ http://localhost:3000/_next/static/chunks/node_modules_next_dist_compiled_react-dom_1e674e59._.js:2325
[  248568ms] [ERROR] Unable to preventDefault inside passive event listener invocation. @ http://localhost:3000/_next/static/chunks/node_modules_next_dist_compiled_react-dom_1e674e59._.js:2325
[  248601ms] [ERROR] Unable to preventDefault inside passive event listener invocation. @ http://localhost:3000/_next/static/chunks/node_modules_next_dist_compiled_react-dom_1e674e59._.js:2325
[  248634ms] [ERROR] Unable to preventDefault inside passive event listener invocation. @ http://localhost:3000/_next/static/chunks/node_modules_next_dist_compiled_react-dom_1e674e59._.js:2325
[  248667ms] [ERROR] Unable to preventDefault inside passive event listener invocation. @ http://localhost:3000/_next/static/chunks/node_modules_next_dist_compiled_react-dom_1e674e59._.js:2325
[  248701ms] [ERROR] Unable to preventDefault inside passive event listener invocation. @ http://localhost:3000/_next/static/chunks/node_modules_next_dist_compiled_react-dom_1e674e59._.js:2325
[  248734ms] [ERROR] Unable to preventDefault inside passive event listener invocation. @ http://localhost:3000/_next/static/chunks/node_modules_next_dist_compiled_react-dom_1e674e59._.js:2325
[  248768ms] [ERROR] Unable to preventDefault inside passive event listener invocation. @ http://localhost:3000/_next/static/chunks/node_modules_next_dist_compiled_react-dom_1e674e59._.js:2325
[  248801ms] [ERROR] Unable to preventDefault inside passive event listener invocation. @ http://localhost:3000/_next/static/chunks/node_modules_next_dist_compiled_react-dom_1e674e59._.js:2325
[  248834ms] [ERROR] Unable to preventDefault inside passive event listener invocation. @ http://localhost:3000/_next/static/chunks/node_modules_next_dist_compiled_react-dom_1e674e59._.js:2325
[  256120ms] [LOG] [Fast Refresh] rebuilding @ http://localhost:3000/_next/static/chunks/node_modules_next_dist_f3530cac._.js:2297
[  256123ms] [LOG] [Fast Refresh] done in 103ms @ http://localhost:3000/_next/static/chunks/node_modules_next_dist_f3530cac._.js:2297
[  270361ms] [ERROR] Unable to preventDefault inside passive event listener invocation. @ http://localhost:3000/_next/static/chunks/node_modules_next_dist_compiled_react-dom_1e674e59._.js:2325
[  270400ms] [ERROR] Unable to preventDefault inside passive event listener invocation. @ http://localhost:3000/_next/static/chunks/node_modules_next_dist_compiled_react-dom_1e674e59._.js:2325
[  270444ms] [ERROR] Unable to preventDefault inside passive event listener invocation. @ http://localhost:3000/_next/static/chunks/node_modules_next_dist_compiled_react-dom_1e674e59._.js:2325
[  270477ms] [ERROR] Unable to preventDefault inside passive event listener invocation. @ http://localhost:3000/_next/static/chunks/node_modules_next_dist_compiled_react-dom_1e674e59._.js:2325
[  270511ms] [ERROR] Unable to preventDefault inside passive event listener invocation. @ http://localhost:3000/_next/static/chunks/node_modules_next_dist_compiled_react-dom_1e674e59._.js:2325
[  270545ms] [ERROR] Unable to preventDefault inside passive event listener invocation. @ http://localhost:3000/_next/static/chunks/node_modules_next_dist_compiled_react-dom_1e674e59._.js:2325
[  270578ms] [ERROR] Unable to preventDefault inside passive event listener invocation. @ http://localhost:3000/_next/static/chunks/node_modules_next_dist_compiled_react-dom_1e674e59._.js:2325
[  270611ms] [ERROR] Unable to preventDefault inside passive event listener invocation. @ http://localhost:3000/_next/static/chunks/node_modules_next_dist_compiled_react-dom_1e674e59._.js:2325
[  270644ms] [ERROR] Unable to preventDefault inside passive event listener invocation. @ http://localhost:3000/_next/static/chunks/node_modules_next_dist_compiled_react-dom_1e674e59._.js:2325
[  270679ms] [ERROR] Unable to preventDefault inside passive event listener invocation. @ http://localhost:3000/_next/static/chunks/node_modules_next_dist_compiled_react-dom_1e674e59._.js:2325
[  270711ms] [ERROR] Unable to preventDefault inside passive event listener invocation. @ http://localhost:3000/_next/static/chunks/node_modules_next_dist_compiled_react-dom_1e674e59._.js:2325
[  270744ms] [ERROR] Unable to preventDefault inside passive event listener invocation. @ http://localhost:3000/_next/static/chunks/node_modules_next_dist_compiled_react-dom_1e674e59._.js:2325
[  270778ms] [ERROR] Unable to preventDefault inside passive event listener invocation. @ http://localhost:3000/_next/static/chunks/node_modules_next_dist_compiled_react-dom_1e674e59._.js:2325
[  270811ms] [ERROR] Unable to preventDefault inside passive event listener invocation. @ http://localhost:3000/_next/static/chunks/node_modules_next_dist_compiled_react-dom_1e674e59._.js:2325
[  270844ms] [ERROR] Unable to preventDefault inside passive event listener invocation. @ http://localhost:3000/_next/static/chunks/node_modules_next_dist_compiled_react-dom_1e674e59._.js:2325
[  270878ms] [ERROR] Unable to preventDefault inside passive event listener invocation. @ http://localhost:3000/_next/static/chunks/node_modules_next_dist_compiled_react-dom_1e674e59._.js:2325
[  270911ms] [ERROR] Unable to preventDefault inside passive event listener invocation. @ http://localhost:3000/_next/static/chunks/node_modules_next_dist_compiled_react-dom_1e674e59._.js:2325
[  270945ms] [ERROR] Unable to preventDefault inside passive event listener invocation. @ http://localhost:3000/_next/static/chunks/node_modules_next_dist_compiled_react-dom_1e674e59._.js:2325
[  270978ms] [ERROR] Unable to preventDefault inside passive event listener invocation. @ http://localhost:3000/_next/static/chunks/node_modules_next_dist_compiled_react-dom_1e674e59._.js:2325
[  271011ms] [ERROR] Unable to preventDefault inside passive event listener invocation. @ http://localhost:3000/_next/static/chunks/node_modules_next_dist_compiled_react-dom_1e674e59._.js:2325
[  330916ms] [LOG] [Fast Refresh] rebuilding @ http://localhost:3000/_next/static/chunks/node_modules_next_dist_f3530cac._.js:2297
[  330961ms] [LOG] [Fast Refresh] done in 149ms @ http://localhost:3000/_next/static/chunks/node_modules_next_dist_f3530cac._.js:2297
[20655574ms] [LOG] [cache-update] sid= null poleTags= 0 shapes= 0 @ http://localhost:3000/_next/static/chunks/node_modules_next_dist_f3530cac._.js:2297
[20655575ms] [WARNING] [cache-update] skipping save — no sessionId or db @ http://localhost:3000/_next/static/chunks/node_modules_next_dist_f3530cac._.js:2297
[20656396ms] [LOG] [cache-update] sid= null poleTags= 0 shapes= 0 @ http://localhost:3000/_next/static/chunks/node_modules_next_dist_f3530cac._.js:2297
[20656396ms] [WARNING] [cache-update] skipping save — no sessionId or db @ http://localhost:3000/_next/static/chunks/node_modules_next_dist_f3530cac._.js:2297
[20665735ms] [LOG] [cache-update] sid= null poleTags= 5 shapes= 0 @ http://localhost:3000/_next/static/chunks/node_modules_next_dist_f3530cac._.js:2297
[20665735ms] [WARNING] [cache-update] skipping save — no sessionId or db @ http://localhost:3000/_next/static/chunks/node_modules_next_dist_f3530cac._.js:2297
[20665840ms] [LOG] [cache-update] sid= null poleTags= 0 shapes= 151 @ http://localhost:3000/_next/static/chunks/node_modules_next_dist_f3530cac._.js:2297
[20665840ms] [WARNING] [cache-update] skipping save — no sessionId or db @ http://localhost:3000/_next/static/chunks/node_modules_next_dist_f3530cac._.js:2297
[20666366ms] [ERROR] Unable to preventDefault inside passive event listener invocation. @ http://localhost:3000/_next/static/chunks/node_modules_next_dist_compiled_react-dom_1e674e59._.js:2325
[20666382ms] [ERROR] Unable to preventDefault inside passive event listener invocation. @ http://localhost:3000/_next/static/chunks/node_modules_next_dist_compiled_react-dom_1e674e59._.js:2325
[20666401ms] [ERROR] Unable to preventDefault inside passive event listener invocation. @ http://localhost:3000/_next/static/chunks/node_modules_next_dist_compiled_react-dom_1e674e59._.js:2325
[20666632ms] [ERROR] Unable to preventDefault inside passive event listener invocation. @ http://localhost:3000/_next/static/chunks/node_modules_next_dist_compiled_react-dom_1e674e59._.js:2325
[20666643ms] [ERROR] Unable to preventDefault inside passive event listener invocation. @ http://localhost:3000/_next/static/chunks/node_modules_next_dist_compiled_react-dom_1e674e59._.js:2325
[20666668ms] [ERROR] Unable to preventDefault inside passive event listener invocation. @ http://localhost:3000/_next/static/chunks/node_modules_next_dist_compiled_react-dom_1e674e59._.js:2325
[20666717ms] [ERROR] Unable to preventDefault inside passive event listener invocation. @ http://localhost:3000/_next/static/chunks/node_modules_next_dist_compiled_react-dom_1e674e59._.js:2325
[20666882ms] [ERROR] Unable to preventDefault inside passive event listener invocation. @ http://localhost:3000/_next/static/chunks/node_modules_next_dist_compiled_react-dom_1e674e59._.js:2325
[20666893ms] [ERROR] Unable to preventDefault inside passive event listener invocation. @ http://localhost:3000/_next/static/chunks/node_modules_next_dist_compiled_react-dom_1e674e59._.js:2325
[20666910ms] [ERROR] Unable to preventDefault inside passive event listener invocation. @ http://localhost:3000/_next/static/chunks/node_modules_next_dist_compiled_react-dom_1e674e59._.js:2325
[20666926ms] [ERROR] Unable to preventDefault inside passive event listener invocation. @ http://localhost:3000/_next/static/chunks/node_modules_next_dist_compiled_react-dom_1e674e59._.js:2325
[20667132ms] [ERROR] Unable to preventDefault inside passive event listener invocation. @ http://localhost:3000/_next/static/chunks/node_modules_next_dist_compiled_react-dom_1e674e59._.js:2325
[20667160ms] [ERROR] Unable to preventDefault inside passive event listener invocation. @ http://localhost:3000/_next/static/chunks/node_modules_next_dist_compiled_react-dom_1e674e59._.js:2325
[20667178ms] [ERROR] Unable to preventDefault inside passive event listener invocation. @ http://localhost:3000/_next/static/chunks/node_modules_next_dist_compiled_react-dom_1e674e59._.js:2325
[20668016ms] [ERROR] Unable to preventDefault inside passive event listener invocation. @ http://localhost:3000/_next/static/chunks/node_modules_next_dist_compiled_react-dom_1e674e59._.js:2325
[20668032ms] [ERROR] Unable to preventDefault inside passive event listener invocation. @ http://localhost:3000/_next/static/chunks/node_modules_next_dist_compiled_react-dom_1e674e59._.js:2325
[20668050ms] [ERROR] Unable to preventDefault inside passive event listener invocation. @ http://localhost:3000/_next/static/chunks/node_modules_next_dist_compiled_react-dom_1e674e59._.js:2325
[20668266ms] [ERROR] Unable to preventDefault inside passive event listener invocation. @ http://localhost:3000/_next/static/chunks/node_modules_next_dist_compiled_react-dom_1e674e59._.js:2325
[20668282ms] [ERROR] Unable to preventDefault inside passive event listener invocation. @ http://localhost:3000/_next/static/chunks/node_modules_next_dist_compiled_react-dom_1e674e59._.js:2325
[20668310ms] [ERROR] Unable to preventDefault inside passive event listener invocation. @ http://localhost:3000/_next/static/chunks/node_modules_next_dist_compiled_react-dom_1e674e59._.js:2325
[20671686ms] [ERROR] Unable to preventDefault inside passive event listener invocation. @ http://localhost:3000/_next/static/chunks/node_modules_next_dist_compiled_react-dom_1e674e59._.js:2325
[20671950ms] [ERROR] Unable to preventDefault inside passive event listener invocation. @ http://localhost:3000/_next/static/chunks/node_modules_next_dist_compiled_react-dom_1e674e59._.js:2325
[20671962ms] [ERROR] Unable to preventDefault inside passive event listener invocation. @ http://localhost:3000/_next/static/chunks/node_modules_next_dist_compiled_react-dom_1e674e59._.js:2325
[20674478ms] [LOG] [cache-update] sid= null poleTags= 22 shapes= 0 @ http://localhost:3000/_next/static/chunks/node_modules_next_dist_f3530cac._.js:2297
[20674479ms] [WARNING] [cache-update] skipping save — no sessionId or db @ http://localhost:3000/_next/static/chunks/node_modules_next_dist_f3530cac._.js:2297
[20676532ms] [LOG] [cache-update] sid= null poleTags= 28 shapes= 0 @ http://localhost:3000/_next/static/chunks/node_modules_next_dist_f3530cac._.js:2297
[20676532ms] [WARNING] [cache-update] skipping save — no sessionId or db @ http://localhost:3000/_next/static/chunks/node_modules_next_dist_f3530cac._.js:2297
[20678605ms] [LOG] [cache-update] sid= null poleTags= 38 shapes= 0 @ http://localhost:3000/_next/static/chunks/node_modules_next_dist_f3530cac._.js:2297
[20678605ms] [WARNING] [cache-update] skipping save — no sessionId or db @ http://localhost:3000/_next/static/chunks/node_modules_next_dist_f3530cac._.js:2297
[20680696ms] [LOG] [cache-update] sid= null poleTags= 45 shapes= 0 @ http://localhost:3000/_next/static/chunks/node_modules_next_dist_f3530cac._.js:2297
[20680696ms] [WARNING] [cache-update] skipping save — no sessionId or db @ http://localhost:3000/_next/static/chunks/node_modules_next_dist_f3530cac._.js:2297
[20682823ms] [LOG] [cache-update] sid= null poleTags= 51 shapes= 0 @ http://localhost:3000/_next/static/chunks/node_modules_next_dist_f3530cac._.js:2297
[20682823ms] [WARNING] [cache-update] skipping save — no sessionId or db @ http://localhost:3000/_next/static/chunks/node_modules_next_dist_f3530cac._.js:2297
[20684896ms] [LOG] [cache-update] sid= null poleTags= 55 shapes= 0 @ http://localhost:3000/_next/static/chunks/node_modules_next_dist_f3530cac._.js:2297
[20684896ms] [WARNING] [cache-update] skipping save — no sessionId or db @ http://localhost:3000/_next/static/chunks/node_modules_next_dist_f3530cac._.js:2297
[20686984ms] [LOG] [cache-update] sid= null poleTags= 61 shapes= 0 @ http://localhost:3000/_next/static/chunks/node_modules_next_dist_f3530cac._.js:2297
[20686984ms] [WARNING] [cache-update] skipping save — no sessionId or db @ http://localhost:3000/_next/static/chunks/node_modules_next_dist_f3530cac._.js:2297
[20689062ms] [LOG] [cache-update] sid= null poleTags= 65 shapes= 0 @ http://localhost:3000/_next/static/chunks/node_modules_next_dist_f3530cac._.js:2297
[20689063ms] [WARNING] [cache-update] skipping save — no sessionId or db @ http://localhost:3000/_next/static/chunks/node_modules_next_dist_f3530cac._.js:2297
[20691132ms] [LOG] [cache-update] sid= null poleTags= 66 shapes= 0 @ http://localhost:3000/_next/static/chunks/node_modules_next_dist_f3530cac._.js:2297
[20691132ms] [WARNING] [cache-update] skipping save — no sessionId or db @ http://localhost:3000/_next/static/chunks/node_modules_next_dist_f3530cac._.js:2297
[20693215ms] [LOG] [cache-update] sid= null poleTags= 70 shapes= 0 @ http://localhost:3000/_next/static/chunks/node_modules_next_dist_f3530cac._.js:2297
[20693216ms] [WARNING] [cache-update] skipping save — no sessionId or db @ http://localhost:3000/_next/static/chunks/node_modules_next_dist_f3530cac._.js:2297
[20695361ms] [LOG] [cache-update] sid= null poleTags= 75 shapes= 0 @ http://localhost:3000/_next/static/chunks/node_modules_next_dist_f3530cac._.js:2297
[20695361ms] [WARNING] [cache-update] skipping save — no sessionId or db @ http://localhost:3000/_next/static/chunks/node_modules_next_dist_f3530cac._.js:2297
[20697442ms] [LOG] [cache-update] sid= null poleTags= 79 shapes= 0 @ http://localhost:3000/_next/static/chunks/node_modules_next_dist_f3530cac._.js:2297
[20697442ms] [WARNING] [cache-update] skipping save — no sessionId or db @ http://localhost:3000/_next/static/chunks/node_modules_next_dist_f3530cac._.js:2297
[20698274ms] [LOG] [cache-update] sid= null poleTags= 123 shapes= 0 @ http://localhost:3000/_next/static/chunks/node_modules_next_dist_f3530cac._.js:2297
[20698274ms] [WARNING] [cache-update] skipping save — no sessionId or db @ http://localhost:3000/_next/static/chunks/node_modules_next_dist_f3530cac._.js:2297
[20699512ms] [LOG] [cache-update] sid= null poleTags= 123 shapes= 0 @ http://localhost:3000/_next/static/chunks/node_modules_next_dist_f3530cac._.js:2297
[20699513ms] [WARNING] [cache-update] skipping save — no sessionId or db @ http://localhost:3000/_next/static/chunks/node_modules_next_dist_f3530cac._.js:2297
[21724933ms] [LOG] [Fast Refresh] rebuilding @ http://localhost:3000/_next/static/chunks/node_modules_next_dist_f3530cac._.js:2297
[21724951ms] [LOG] [Fast Refresh] done in 119ms @ http://localhost:3000/_next/static/chunks/node_modules_next_dist_f3530cac._.js:2297
[21871465ms] [ERROR] Unable to preventDefault inside passive event listener invocation. @ http://localhost:3000/_next/static/chunks/node_modules_next_dist_compiled_react-dom_1e674e59._.js:2325
[21871500ms] [ERROR] Unable to preventDefault inside passive event listener invocation. @ http://localhost:3000/_next/static/chunks/node_modules_next_dist_compiled_react-dom_1e674e59._.js:2325
[21883590ms] [ERROR] Unable to preventDefault inside passive event listener invocation. @ http://localhost:3000/_next/static/chunks/node_modules_next_dist_compiled_react-dom_1e674e59._.js:2325
[21883616ms] [ERROR] Unable to preventDefault inside passive event listener invocation. @ http://localhost:3000/_next/static/chunks/node_modules_next_dist_compiled_react-dom_1e674e59._.js:2325
[21883666ms] [ERROR] Unable to preventDefault inside passive event listener invocation. @ http://localhost:3000/_next/static/chunks/node_modules_next_dist_compiled_react-dom_1e674e59._.js:2325
[21883917ms] [ERROR] Unable to preventDefault inside passive event listener invocation. @ http://localhost:3000/_next/static/chunks/node_modules_next_dist_compiled_react-dom_1e674e59._.js:2325
[21883950ms] [ERROR] Unable to preventDefault inside passive event listener invocation. @ http://localhost:3000/_next/static/chunks/node_modules_next_dist_compiled_react-dom_1e674e59._.js:2325
[21892523ms] [ERROR] Unable to preventDefault inside passive event listener invocation. @ http://localhost:3000/_next/static/chunks/node_modules_next_dist_compiled_react-dom_1e674e59._.js:2325
[21892529ms] [ERROR] Unable to preventDefault inside passive event listener invocation. @ http://localhost:3000/_next/static/chunks/node_modules_next_dist_compiled_react-dom_1e674e59._.js:2325
[21892575ms] [ERROR] Unable to preventDefault inside passive event listener invocation. @ http://localhost:3000/_next/static/chunks/node_modules_next_dist_compiled_react-dom_1e674e59._.js:2325
[21892888ms] [ERROR] Unable to preventDefault inside passive event listener invocation. @ http://localhost:3000/_next/static/chunks/node_modules_next_dist_compiled_react-dom_1e674e59._.js:2325
[21892896ms] [ERROR] Unable to preventDefault inside passive event listener invocation. @ http://localhost:3000/_next/static/chunks/node_modules_next_dist_compiled_react-dom_1e674e59._.js:2325
[21892970ms] [ERROR] Unable to preventDefault inside passive event listener invocation. @ http://localhost:3000/_next/static/chunks/node_modules_next_dist_compiled_react-dom_1e674e59._.js:2325
[21899173ms] [ERROR] Unable to preventDefault inside passive event listener invocation. @ http://localhost:3000/_next/static/chunks/node_modules_next_dist_compiled_react-dom_1e674e59._.js:2325
[21899206ms] [ERROR] Unable to preventDefault inside passive event listener invocation. @ http://localhost:3000/_next/static/chunks/node_modules_next_dist_compiled_react-dom_1e674e59._.js:2325
[21899240ms] [ERROR] Unable to preventDefault inside passive event listener invocation. @ http://localhost:3000/_next/static/chunks/node_modules_next_dist_compiled_react-dom_1e674e59._.js:2325
[21899458ms] [ERROR] Unable to preventDefault inside passive event listener invocation. @ http://localhost:3000/_next/static/chunks/node_modules_next_dist_compiled_react-dom_1e674e59._.js:2325
[21899480ms] [ERROR] Unable to preventDefault inside passive event listener invocation. @ http://localhost:3000/_next/static/chunks/node_modules_next_dist_compiled_react-dom_1e674e59._.js:2325
[21899524ms] [ERROR] Unable to preventDefault inside passive event listener invocation. @ http://localhost:3000/_next/static/chunks/node_modules_next_dist_compiled_react-dom_1e674e59._.js:2325
[21900941ms] [ERROR] Unable to preventDefault inside passive event listener invocation. @ http://localhost:3000/_next/static/chunks/node_modules_next_dist_compiled_react-dom_1e674e59._.js:2325
[21900950ms] [ERROR] Unable to preventDefault inside passive event listener invocation. @ http://localhost:3000/_next/static/chunks/node_modules_next_dist_compiled_react-dom_1e674e59._.js:2325
[21900974ms] [ERROR] Unable to preventDefault inside passive event listener invocation. @ http://localhost:3000/_next/static/chunks/node_modules_next_dist_compiled_react-dom_1e674e59._.js:2325
[21901325ms] [ERROR] Unable to preventDefault inside passive event listener invocation. @ http://localhost:3000/_next/static/chunks/node_modules_next_dist_compiled_react-dom_1e674e59._.js:2325
[21908812ms] [ERROR] Unable to preventDefault inside passive event listener invocation. @ http://localhost:3000/_next/static/chunks/node_modules_next_dist_compiled_react-dom_1e674e59._.js:2325
[21908843ms] [ERROR] Unable to preventDefault inside passive event listener invocation. @ http://localhost:3000/_next/static/chunks/node_modules_next_dist_compiled_react-dom_1e674e59._.js:2325
[21908868ms] [ERROR] Unable to preventDefault inside passive event listener invocation. @ http://localhost:3000/_next/static/chunks/node_modules_next_dist_compiled_react-dom_1e674e59._.js:2325
[21909109ms] [ERROR] Unable to preventDefault inside passive event listener invocation. @ http://localhost:3000/_next/static/chunks/node_modules_next_dist_compiled_react-dom_1e674e59._.js:2325
[21909144ms] [ERROR] Unable to preventDefault inside passive event listener invocation. @ http://localhost:3000/_next/static/chunks/node_modules_next_dist_compiled_react-dom_1e674e59._.js:2325
[21909695ms] [ERROR] Unable to preventDefault inside passive event listener invocation. @ http://localhost:3000/_next/static/chunks/node_modules_next_dist_compiled_react-dom_1e674e59._.js:2325
[21910545ms] [ERROR] Unable to preventDefault inside passive event listener invocation. @ http://localhost:3000/_next/static/chunks/node_modules_next_dist_compiled_react-dom_1e674e59._.js:2325
[21910579ms] [ERROR] Unable to preventDefault inside passive event listener invocation. @ http://localhost:3000/_next/static/chunks/node_modules_next_dist_compiled_react-dom_1e674e59._.js:2325
[21910595ms] [ERROR] Unable to preventDefault inside passive event listener invocation. @ http://localhost:3000/_next/static/chunks/node_modules_next_dist_compiled_react-dom_1e674e59._.js:2325
[21910628ms] [ERROR] Unable to preventDefault inside passive event listener invocation. @ http://localhost:3000/_next/static/chunks/node_modules_next_dist_compiled_react-dom_1e674e59._.js:2325
[21910868ms] [ERROR] Unable to preventDefault inside passive event listener invocation. @ http://localhost:3000/_next/static/chunks/node_modules_next_dist_compiled_react-dom_1e674e59._.js:2325
[21910895ms] [ERROR] Unable to preventDefault inside passive event listener invocation. @ http://localhost:3000/_next/static/chunks/node_modules_next_dist_compiled_react-dom_1e674e59._.js:2325
[21913230ms] [ERROR] Unable to preventDefault inside passive event listener invocation. @ http://localhost:3000/_next/static/chunks/node_modules_next_dist_compiled_react-dom_1e674e59._.js:2325
[21913264ms] [ERROR] Unable to preventDefault inside passive event listener invocation. @ http://localhost:3000/_next/static/chunks/node_modules_next_dist_compiled_react-dom_1e674e59._.js:2325
[21913279ms] [ERROR] Unable to preventDefault inside passive event listener invocation. @ http://localhost:3000/_next/static/chunks/node_modules_next_dist_compiled_react-dom_1e674e59._.js:2325
[21913496ms] [ERROR] Unable to preventDefault inside passive event listener invocation. @ http://localhost:3000/_next/static/chunks/node_modules_next_dist_compiled_react-dom_1e674e59._.js:2325
[21913502ms] [ERROR] Unable to preventDefault inside passive event listener invocation. @ http://localhost:3000/_next/static/chunks/node_modules_next_dist_compiled_react-dom_1e674e59._.js:2325
[21913513ms] [ERROR] Unable to preventDefault inside passive event listener invocation. @ http://localhost:3000/_next/static/chunks/node_modules_next_dist_compiled_react-dom_1e674e59._.js:2325
[21913697ms] [ERROR] Unable to preventDefault inside passive event listener invocation. @ http://localhost:3000/_next/static/chunks/node_modules_next_dist_compiled_react-dom_1e674e59._.js:2325
[21913730ms] [ERROR] Unable to preventDefault inside passive event listener invocation. @ http://localhost:3000/_next/static/chunks/node_modules_next_dist_compiled_react-dom_1e674e59._.js:2325
[21913747ms] [ERROR] Unable to preventDefault inside passive event listener invocation. @ http://localhost:3000/_next/static/chunks/node_modules_next_dist_compiled_react-dom_1e674e59._.js:2325
[21913769ms] [ERROR] Unable to preventDefault inside passive event listener invocation. @ http://localhost:3000/_next/static/chunks/node_modules_next_dist_compiled_react-dom_1e674e59._.js:2325
[21914004ms] [ERROR] Unable to preventDefault inside passive event listener invocation. @ http://localhost:3000/_next/static/chunks/node_modules_next_dist_compiled_react-dom_1e674e59._.js:2325
[21914019ms] [ERROR] Unable to preventDefault inside passive event listener invocation. @ http://localhost:3000/_next/static/chunks/node_modules_next_dist_compiled_react-dom_1e674e59._.js:2325
[21914036ms] [ERROR] Unable to preventDefault inside passive event listener invocation. @ http://localhost:3000/_next/static/chunks/node_modules_next_dist_compiled_react-dom_1e674e59._.js:2325
[21914072ms] [ERROR] Unable to preventDefault inside passive event listener invocation. @ http://localhost:3000/_next/static/chunks/node_modules_next_dist_compiled_react-dom_1e674e59._.js:2325
[21914307ms] [ERROR] Unable to preventDefault inside passive event listener invocation. @ http://localhost:3000/_next/static/chunks/node_modules_next_dist_compiled_react-dom_1e674e59._.js:2325
[21914330ms] [ERROR] Unable to preventDefault inside passive event listener invocation. @ http://localhost:3000/_next/static/chunks/node_modules_next_dist_compiled_react-dom_1e674e59._.js:2325
[21914363ms] [ERROR] Unable to preventDefault inside passive event listener invocation. @ http://localhost:3000/_next/static/chunks/node_modules_next_dist_compiled_react-dom_1e674e59._.js:2325
[21920645ms] [ERROR] Unable to preventDefault inside passive event listener invocation. @ http://localhost:3000/_next/static/chunks/node_modules_next_dist_compiled_react-dom_1e674e59._.js:2325
[21920683ms] [ERROR] Unable to preventDefault inside passive event listener invocation. @ http://localhost:3000/_next/static/chunks/node_modules_next_dist_compiled_react-dom_1e674e59._.js:2325
[21920699ms] [ERROR] Unable to preventDefault inside passive event listener invocation. @ http://localhost:3000/_next/static/chunks/node_modules_next_dist_compiled_react-dom_1e674e59._.js:2325
[21920967ms] [ERROR] Unable to preventDefault inside passive event listener invocation. @ http://localhost:3000/_next/static/chunks/node_modules_next_dist_compiled_react-dom_1e674e59._.js:2325
[21921000ms] [ERROR] Unable to preventDefault inside passive event listener invocation. @ http://localhost:3000/_next/static/chunks/node_modules_next_dist_compiled_react-dom_1e674e59._.js:2325
[21921009ms] [ERROR] Unable to preventDefault inside passive event listener invocation. @ http://localhost:3000/_next/static/chunks/node_modules_next_dist_compiled_react-dom_1e674e59._.js:2325
[21921293ms] [ERROR] Unable to preventDefault inside passive event listener invocation. @ http://localhost:3000/_next/static/chunks/node_modules_next_dist_compiled_react-dom_1e674e59._.js:2325
[21921333ms] [ERROR] Unable to preventDefault inside passive event listener invocation. @ http://localhost:3000/_next/static/chunks/node_modules_next_dist_compiled_react-dom_1e674e59._.js:2325
[21928320ms] [ERROR] Unable to preventDefault inside passive event listener invocation. @ http://localhost:3000/_next/static/chunks/node_modules_next_dist_compiled_react-dom_1e674e59._.js:2325
[21928354ms] [ERROR] Unable to preventDefault inside passive event listener invocation. @ http://localhost:3000/_next/static/chunks/node_modules_next_dist_compiled_react-dom_1e674e59._.js:2325
[21928370ms] [ERROR] Unable to preventDefault inside passive event listener invocation. @ http://localhost:3000/_next/static/chunks/node_modules_next_dist_compiled_react-dom_1e674e59._.js:2325
[21928654ms] [ERROR] Unable to preventDefault inside passive event listener invocation. @ http://localhost:3000/_next/static/chunks/node_modules_next_dist_compiled_react-dom_1e674e59._.js:2325
[21928687ms] [ERROR] Unable to preventDefault inside passive event listener invocation. @ http://localhost:3000/_next/static/chunks/node_modules_next_dist_compiled_react-dom_1e674e59._.js:2325
[21929589ms] [ERROR] Unable to preventDefault inside passive event listener invocation. @ http://localhost:3000/_next/static/chunks/node_modules_next_dist_compiled_react-dom_1e674e59._.js:2325
[21929612ms] [ERROR] Unable to preventDefault inside passive event listener invocation. @ http://localhost:3000/_next/static/chunks/node_modules_next_dist_compiled_react-dom_1e674e59._.js:2325
[21929654ms] [ERROR] Unable to preventDefault inside passive event listener invocation. @ http://localhost:3000/_next/static/chunks/node_modules_next_dist_compiled_react-dom_1e674e59._.js:2325
[21930999ms] [ERROR] Unable to preventDefault inside passive event listener invocation. @ http://localhost:3000/_next/static/chunks/node_modules_next_dist_compiled_react-dom_1e674e59._.js:2325
[21931021ms] [ERROR] Unable to preventDefault inside passive event listener invocation. @ http://localhost:3000/_next/static/chunks/node_modules_next_dist_compiled_react-dom_1e674e59._.js:2325
[21931050ms] [ERROR] Unable to preventDefault inside passive event listener invocation. @ http://localhost:3000/_next/static/chunks/node_modules_next_dist_compiled_react-dom_1e674e59._.js:2325
[21931071ms] [ERROR] Unable to preventDefault inside passive event listener invocation. @ http://localhost:3000/_next/static/chunks/node_modules_next_dist_compiled_react-dom_1e674e59._.js:2325
[21931107ms] [LOG] [Fast Refresh] rebuilding @ http://localhost:3000/_next/static/chunks/node_modules_next_dist_f3530cac._.js:2297
[21931108ms] [LOG] [Fast Refresh] done in 102ms @ http://localhost:3000/_next/static/chunks/node_modules_next_dist_f3530cac._.js:2297
[21931271ms] [ERROR] Unable to preventDefault inside passive event listener invocation. @ http://localhost:3000/_next/static/chunks/node_modules_next_dist_compiled_react-dom_1e674e59._.js:2325
[21931288ms] [ERROR] Unable to preventDefault inside passive event listener invocation. @ http://localhost:3000/_next/static/chunks/node_modules_next_dist_compiled_react-dom_1e674e59._.js:2325
[21931321ms] [ERROR] Unable to preventDefault inside passive event listener invocation. @ http://localhost:3000/_next/static/chunks/node_modules_next_dist_compiled_react-dom_1e674e59._.js:2325
[21931513ms] [ERROR] Unable to preventDefault inside passive event listener invocation. @ http://localhost:3000/_next/static/chunks/node_modules_next_dist_compiled_react-dom_1e674e59._.js:2325
[21931538ms] [ERROR] Unable to preventDefault inside passive event listener invocation. @ http://localhost:3000/_next/static/chunks/node_modules_next_dist_compiled_react-dom_1e674e59._.js:2325
[21931571ms] [ERROR] Unable to preventDefault inside passive event listener invocation. @ http://localhost:3000/_next/static/chunks/node_modules_next_dist_compiled_react-dom_1e674e59._.js:2325
[21931775ms] [ERROR] Unable to preventDefault inside passive event listener invocation. @ http://localhost:3000/_next/static/chunks/node_modules_next_dist_compiled_react-dom_1e674e59._.js:2325
[21931805ms] [ERROR] Unable to preventDefault inside passive event listener invocation. @ http://localhost:3000/_next/static/chunks/node_modules_next_dist_compiled_react-dom_1e674e59._.js:2325
[21931838ms] [ERROR] Unable to preventDefault inside passive event listener invocation. @ http://localhost:3000/_next/static/chunks/node_modules_next_dist_compiled_react-dom_1e674e59._.js:2325
[21932323ms] [ERROR] Unable to preventDefault inside passive event listener invocation. @ http://localhost:3000/_next/static/chunks/node_modules_next_dist_compiled_react-dom_1e674e59._.js:2325
[21932388ms] [ERROR] Unable to preventDefault inside passive event listener invocation. @ http://localhost:3000/_next/static/chunks/node_modules_next_dist_compiled_react-dom_1e674e59._.js:2325
[21932939ms] [ERROR] Unable to preventDefault inside passive event listener invocation. @ http://localhost:3000/_next/static/chunks/node_modules_next_dist_compiled_react-dom_1e674e59._.js:2325
[21932989ms] [ERROR] Unable to preventDefault inside passive event listener invocation. @ http://localhost:3000/_next/static/chunks/node_modules_next_dist_compiled_react-dom_1e674e59._.js:2325
[21933005ms] [ERROR] Unable to preventDefault inside passive event listener invocation. @ http://localhost:3000/_next/static/chunks/node_modules_next_dist_compiled_react-dom_1e674e59._.js:2325
[21933374ms] [ERROR] Unable to preventDefault inside passive event listener invocation. @ http://localhost:3000/_next/static/chunks/node_modules_next_dist_compiled_react-dom_1e674e59._.js:2325
[21933422ms] [ERROR] Unable to preventDefault inside passive event listener invocation. @ http://localhost:3000/_next/static/chunks/node_modules_next_dist_compiled_react-dom_1e674e59._.js:2325
[22155452ms] [LOG] [Fast Refresh] rebuilding @ http://localhost:3000/_next/static/chunks/node_modules_next_dist_f3530cac._.js:2297
[22155632ms] [LOG] [Fast Refresh] done in 280ms @ http://localhost:3000/_next/static/chunks/node_modules_next_dist_f3530cac._.js:2297
[22270695ms] [LOG] [Fast Refresh] rebuilding @ http://localhost:3000/_next/static/chunks/node_modules_next_dist_f3530cac._.js:2297
[22270756ms] [LOG] [Fast Refresh] done in 161ms @ http://localhost:3000/_next/static/chunks/node_modules_next_dist_f3530cac._.js:2297
[22453613ms] [LOG] [Fast Refresh] rebuilding @ http://localhost:3000/_next/static/chunks/node_modules_next_dist_f3530cac._.js:2297
[22453698ms] [LOG] [Fast Refresh] done in 187ms @ http://localhost:3000/_next/static/chunks/node_modules_next_dist_f3530cac._.js:2297
[22528377ms] [LOG] [Fast Refresh] rebuilding @ http://localhost:3000/_next/static/chunks/node_modules_next_dist_f3530cac._.js:2297
[22528429ms] [LOG] [Fast Refresh] done in 153ms @ http://localhost:3000/_next/static/chunks/node_modules_next_dist_f3530cac._.js:2297
[22612119ms] [LOG] [Fast Refresh] rebuilding @ http://localhost:3000/_next/static/chunks/node_modules_next_dist_f3530cac._.js:2297
[22612165ms] [LOG] [Fast Refresh] done in 146ms @ http://localhost:3000/_next/static/chunks/node_modules_next_dist_f3530cac._.js:2297
[22934791ms] [LOG] [Fast Refresh] rebuilding @ http://localhost:3000/_next/static/chunks/node_modules_next_dist_f3530cac._.js:2297
[22934917ms] [LOG] [Fast Refresh] done in 227ms @ http://localhost:3000/_next/static/chunks/node_modules_next_dist_f3530cac._.js:2297
[23026902ms] [LOG] [cache-update] sid= null poleTags= 0 shapes= 0 @ http://localhost:3000/_next/static/chunks/node_modules_next_dist_f3530cac._.js:2297
[23026904ms] [WARNING] [cache-update] skipping save — no sessionId or db @ http://localhost:3000/_next/static/chunks/node_modules_next_dist_f3530cac._.js:2297
[23028995ms] [LOG] [cache-update] sid= null poleTags= 0 shapes= 0 @ http://localhost:3000/_next/static/chunks/node_modules_next_dist_f3530cac._.js:2297
[23028995ms] [WARNING] [cache-update] skipping save — no sessionId or db @ http://localhost:3000/_next/static/chunks/node_modules_next_dist_f3530cac._.js:2297
[23031081ms] [LOG] [cache-update] sid= null poleTags= 0 shapes= 0 @ http://localhost:3000/_next/static/chunks/node_modules_next_dist_f3530cac._.js:2297
[23031081ms] [WARNING] [cache-update] skipping save — no sessionId or db @ http://localhost:3000/_next/static/chunks/node_modules_next_dist_f3530cac._.js:2297
[23033194ms] [LOG] [cache-update] sid= null poleTags= 0 shapes= 0 @ http://localhost:3000/_next/static/chunks/node_modules_next_dist_f3530cac._.js:2297
[23033194ms] [WARNING] [cache-update] skipping save — no sessionId or db @ http://localhost:3000/_next/static/chunks/node_modules_next_dist_f3530cac._.js:2297
[23035246ms] [LOG] [cache-update] sid= null poleTags= 1 shapes= 0 @ http://localhost:3000/_next/static/chunks/node_modules_next_dist_f3530cac._.js:2297
[23035246ms] [WARNING] [cache-update] skipping save — no sessionId or db @ http://localhost:3000/_next/static/chunks/node_modules_next_dist_f3530cac._.js:2297
[23037409ms] [LOG] [cache-update] sid= null poleTags= 1 shapes= 0 @ http://localhost:3000/_next/static/chunks/node_modules_next_dist_f3530cac._.js:2297
[23037409ms] [WARNING] [cache-update] skipping save — no sessionId or db @ http://localhost:3000/_next/static/chunks/node_modules_next_dist_f3530cac._.js:2297
[23039503ms] [LOG] [cache-update] sid= null poleTags= 1 shapes= 0 @ http://localhost:3000/_next/static/chunks/node_modules_next_dist_f3530cac._.js:2297
[23039504ms] [WARNING] [cache-update] skipping save — no sessionId or db @ http://localhost:3000/_next/static/chunks/node_modules_next_dist_f3530cac._.js:2297
[23041687ms] [LOG] [cache-update] sid= null poleTags= 1 shapes= 0 @ http://localhost:3000/_next/static/chunks/node_modules_next_dist_f3530cac._.js:2297
[23041687ms] [WARNING] [cache-update] skipping save — no sessionId or db @ http://localhost:3000/_next/static/chunks/node_modules_next_dist_f3530cac._.js:2297
[23043769ms] [LOG] [cache-update] sid= null poleTags= 1 shapes= 0 @ http://localhost:3000/_next/static/chunks/node_modules_next_dist_f3530cac._.js:2297
[23043769ms] [WARNING] [cache-update] skipping save — no sessionId or db @ http://localhost:3000/_next/static/chunks/node_modules_next_dist_f3530cac._.js:2297
[23045868ms] [LOG] [cache-update] sid= null poleTags= 1 shapes= 0 @ http://localhost:3000/_next/static/chunks/node_modules_next_dist_f3530cac._.js:2297
[23045868ms] [WARNING] [cache-update] skipping save — no sessionId or db @ http://localhost:3000/_next/static/chunks/node_modules_next_dist_f3530cac._.js:2297
[23047973ms] [LOG] [cache-update] sid= null poleTags= 1 shapes= 0 @ http://localhost:3000/_next/static/chunks/node_modules_next_dist_f3530cac._.js:2297
[23047973ms] [WARNING] [cache-update] skipping save — no sessionId or db @ http://localhost:3000/_next/static/chunks/node_modules_next_dist_f3530cac._.js:2297
[23050087ms] [LOG] [cache-update] sid= null poleTags= 1 shapes= 0 @ http://localhost:3000/_next/static/chunks/node_modules_next_dist_f3530cac._.js:2297
[23050087ms] [WARNING] [cache-update] skipping save — no sessionId or db @ http://localhost:3000/_next/static/chunks/node_modules_next_dist_f3530cac._.js:2297
[23053424ms] [LOG] [cache-update] sid= null poleTags= 7 shapes= 0 @ http://localhost:3000/_next/static/chunks/node_modules_next_dist_f3530cac._.js:2297
[23053424ms] [WARNING] [cache-update] skipping save — no sessionId or db @ http://localhost:3000/_next/static/chunks/node_modules_next_dist_f3530cac._.js:2297
[23055567ms] [LOG] [cache-update] sid= null poleTags= 7 shapes= 0 @ http://localhost:3000/_next/static/chunks/node_modules_next_dist_f3530cac._.js:2297
[23055567ms] [WARNING] [cache-update] skipping save — no sessionId or db @ http://localhost:3000/_next/static/chunks/node_modules_next_dist_f3530cac._.js:2297
[23057657ms] [LOG] [cache-update] sid= null poleTags= 7 shapes= 0 @ http://localhost:3000/_next/static/chunks/node_modules_next_dist_f3530cac._.js:2297
[23057657ms] [WARNING] [cache-update] skipping save — no sessionId or db @ http://localhost:3000/_next/static/chunks/node_modules_next_dist_f3530cac._.js:2297
[23060000ms] [LOG] [cache-update] sid= null poleTags= 7 shapes= 0 @ http://localhost:3000/_next/static/chunks/node_modules_next_dist_f3530cac._.js:2297
[23060000ms] [WARNING] [cache-update] skipping save — no sessionId or db @ http://localhost:3000/_next/static/chunks/node_modules_next_dist_f3530cac._.js:2297
[23062122ms] [LOG] [cache-update] sid= null poleTags= 7 shapes= 0 @ http://localhost:3000/_next/static/chunks/node_modules_next_dist_f3530cac._.js:2297
[23062122ms] [WARNING] [cache-update] skipping save — no sessionId or db @ http://localhost:3000/_next/static/chunks/node_modules_next_dist_f3530cac._.js:2297
[23064198ms] [LOG] [cache-update] sid= null poleTags= 7 shapes= 0 @ http://localhost:3000/_next/static/chunks/node_modules_next_dist_f3530cac._.js:2297
[23064198ms] [WARNING] [cache-update] skipping save — no sessionId or db @ http://localhost:3000/_next/static/chunks/node_modules_next_dist_f3530cac._.js:2297
[23066297ms] [LOG] [cache-update] sid= null poleTags= 7 shapes= 0 @ http://localhost:3000/_next/static/chunks/node_modules_next_dist_f3530cac._.js:2297
[23066297ms] [WARNING] [cache-update] skipping save — no sessionId or db @ http://localhost:3000/_next/static/chunks/node_modules_next_dist_f3530cac._.js:2297
[23069455ms] [LOG] [cache-update] sid= null poleTags= 12 shapes= 0 @ http://localhost:3000/_next/static/chunks/node_modules_next_dist_f3530cac._.js:2297
[23069455ms] [WARNING] [cache-update] skipping save — no sessionId or db @ http://localhost:3000/_next/static/chunks/node_modules_next_dist_f3530cac._.js:2297
[23071615ms] [LOG] [cache-update] sid= null poleTags= 12 shapes= 0 @ http://localhost:3000/_next/static/chunks/node_modules_next_dist_f3530cac._.js:2297
[23071615ms] [WARNING] [cache-update] skipping save — no sessionId or db @ http://localhost:3000/_next/static/chunks/node_modules_next_dist_f3530cac._.js:2297
[23073688ms] [LOG] [cache-update] sid= null poleTags= 12 shapes= 0 @ http://localhost:3000/_next/static/chunks/node_modules_next_dist_f3530cac._.js:2297
[23073688ms] [WARNING] [cache-update] skipping save — no sessionId or db @ http://localhost:3000/_next/static/chunks/node_modules_next_dist_f3530cac._.js:2297
[23075762ms] [LOG] [cache-update] sid= null poleTags= 12 shapes= 0 @ http://localhost:3000/_next/static/chunks/node_modules_next_dist_f3530cac._.js:2297
[23075762ms] [WARNING] [cache-update] skipping save — no sessionId or db @ http://localhost:3000/_next/static/chunks/node_modules_next_dist_f3530cac._.js:2297
[23077867ms] [LOG] [cache-update] sid= null poleTags= 12 shapes= 0 @ http://localhost:3000/_next/static/chunks/node_modules_next_dist_f3530cac._.js:2297
[23077867ms] [WARNING] [cache-update] skipping save — no sessionId or db @ http://localhost:3000/_next/static/chunks/node_modules_next_dist_f3530cac._.js:2297
[23080017ms] [LOG] [cache-update] sid= null poleTags= 12 shapes= 0 @ http://localhost:3000/_next/static/chunks/node_modules_next_dist_f3530cac._.js:2297
[23080017ms] [WARNING] [cache-update] skipping save — no sessionId or db @ http://localhost:3000/_next/static/chunks/node_modules_next_dist_f3530cac._.js:2297
[23082089ms] [LOG] [cache-update] sid= null poleTags= 12 shapes= 0 @ http://localhost:3000/_next/static/chunks/node_modules_next_dist_f3530cac._.js:2297
[23082089ms] [WARNING] [cache-update] skipping save — no sessionId or db @ http://localhost:3000/_next/static/chunks/node_modules_next_dist_f3530cac._.js:2297
[23085159ms] [LOG] [cache-update] sid= null poleTags= 18 shapes= 0 @ http://localhost:3000/_next/static/chunks/node_modules_next_dist_f3530cac._.js:2297
[23085159ms] [WARNING] [cache-update] skipping save — no sessionId or db @ http://localhost:3000/_next/static/chunks/node_modules_next_dist_f3530cac._.js:2297
[23087359ms] [LOG] [cache-update] sid= null poleTags= 18 shapes= 0 @ http://localhost:3000/_next/static/chunks/node_modules_next_dist_f3530cac._.js:2297
[23087359ms] [WARNING] [cache-update] skipping save — no sessionId or db @ http://localhost:3000/_next/static/chunks/node_modules_next_dist_f3530cac._.js:2297
[23089459ms] [LOG] [cache-update] sid= null poleTags= 18 shapes= 0 @ http://localhost:3000/_next/static/chunks/node_modules_next_dist_f3530cac._.js:2297
[23089460ms] [WARNING] [cache-update] skipping save — no sessionId or db @ http://localhost:3000/_next/static/chunks/node_modules_next_dist_f3530cac._.js:2297
[23091525ms] [LOG] [cache-update] sid= null poleTags= 21 shapes= 0 @ http://localhost:3000/_next/static/chunks/node_modules_next_dist_f3530cac._.js:2297
[23091526ms] [WARNING] [cache-update] skipping save — no sessionId or db @ http://localhost:3000/_next/static/chunks/node_modules_next_dist_f3530cac._.js:2297
[23093639ms] [LOG] [cache-update] sid= null poleTags= 21 shapes= 0 @ http://localhost:3000/_next/static/chunks/node_modules_next_dist_f3530cac._.js:2297
[23093639ms] [WARNING] [cache-update] skipping save — no sessionId or db @ http://localhost:3000/_next/static/chunks/node_modules_next_dist_f3530cac._.js:2297
[23095733ms] [LOG] [cache-update] sid= null poleTags= 21 shapes= 0 @ http://localhost:3000/_next/static/chunks/node_modules_next_dist_f3530cac._.js:2297
[23095733ms] [WARNING] [cache-update] skipping save — no sessionId or db @ http://localhost:3000/_next/static/chunks/node_modules_next_dist_f3530cac._.js:2297
[23097880ms] [LOG] [cache-update] sid= null poleTags= 21 shapes= 0 @ http://localhost:3000/_next/static/chunks/node_modules_next_dist_f3530cac._.js:2297
[23097880ms] [WARNING] [cache-update] skipping save — no sessionId or db @ http://localhost:3000/_next/static/chunks/node_modules_next_dist_f3530cac._.js:2297
[23099998ms] [LOG] [cache-update] sid= null poleTags= 21 shapes= 0 @ http://localhost:3000/_next/static/chunks/node_modules_next_dist_f3530cac._.js:2297
[23099998ms] [WARNING] [cache-update] skipping save — no sessionId or db @ http://localhost:3000/_next/static/chunks/node_modules_next_dist_f3530cac._.js:2297
[23102148ms] [LOG] [cache-update] sid= null poleTags= 21 shapes= 0 @ http://localhost:3000/_next/static/chunks/node_modules_next_dist_f3530cac._.js:2297
[23102148ms] [WARNING] [cache-update] skipping save — no sessionId or db @ http://localhost:3000/_next/static/chunks/node_modules_next_dist_f3530cac._.js:2297
[23104576ms] [LOG] [cache-update] sid= null poleTags= 21 shapes= 0 @ http://localhost:3000/_next/static/chunks/node_modules_next_dist_f3530cac._.js:2297
[23104576ms] [WARNING] [cache-update] skipping save — no sessionId or db @ http://localhost:3000/_next/static/chunks/node_modules_next_dist_f3530cac._.js:2297
[23106658ms] [LOG] [cache-update] sid= null poleTags= 21 shapes= 0 @ http://localhost:3000/_next/static/chunks/node_modules_next_dist_f3530cac._.js:2297
[23106658ms] [WARNING] [cache-update] skipping save — no sessionId or db @ http://localhost:3000/_next/static/chunks/node_modules_next_dist_f3530cac._.js:2297
[23107064ms] [LOG] [Fast Refresh] rebuilding @ http://localhost:3000/_next/static/chunks/node_modules_next_dist_f3530cac._.js:2297
[23107128ms] [LOG] [Fast Refresh] done in 166ms @ http://localhost:3000/_next/static/chunks/node_modules_next_dist_f3530cac._.js:2297
[23108754ms] [LOG] [cache-update] sid= null poleTags= 21 shapes= 0 @ http://localhost:3000/_next/static/chunks/node_modules_next_dist_f3530cac._.js:2297
[23108754ms] [WARNING] [cache-update] skipping save — no sessionId or db @ http://localhost:3000/_next/static/chunks/node_modules_next_dist_f3530cac._.js:2297
[23110845ms] [LOG] [cache-update] sid= null poleTags= 21 shapes= 0 @ http://localhost:3000/_next/static/chunks/node_modules_next_dist_f3530cac._.js:2297
[23110845ms] [WARNING] [cache-update] skipping save — no sessionId or db @ http://localhost:3000/_next/static/chunks/node_modules_next_dist_f3530cac._.js:2297
[23112951ms] [LOG] [cache-update] sid= null poleTags= 21 shapes= 0 @ http://localhost:3000/_next/static/chunks/node_modules_next_dist_f3530cac._.js:2297
[23112951ms] [WARNING] [cache-update] skipping save — no sessionId or db @ http://localhost:3000/_next/static/chunks/node_modules_next_dist_f3530cac._.js:2297
[23116088ms] [LOG] [cache-update] sid= null poleTags= 26 shapes= 0 @ http://localhost:3000/_next/static/chunks/node_modules_next_dist_f3530cac._.js:2297
[23116088ms] [WARNING] [cache-update] skipping save — no sessionId or db @ http://localhost:3000/_next/static/chunks/node_modules_next_dist_f3530cac._.js:2297
[23118250ms] [LOG] [cache-update] sid= null poleTags= 26 shapes= 0 @ http://localhost:3000/_next/static/chunks/node_modules_next_dist_f3530cac._.js:2297
[23118250ms] [WARNING] [cache-update] skipping save — no sessionId or db @ http://localhost:3000/_next/static/chunks/node_modules_next_dist_f3530cac._.js:2297
[23120373ms] [LOG] [cache-update] sid= null poleTags= 26 shapes= 0 @ http://localhost:3000/_next/static/chunks/node_modules_next_dist_f3530cac._.js:2297
[23120374ms] [WARNING] [cache-update] skipping save — no sessionId or db @ http://localhost:3000/_next/static/chunks/node_modules_next_dist_f3530cac._.js:2297
[23122459ms] [LOG] [cache-update] sid= null poleTags= 26 shapes= 0 @ http://localhost:3000/_next/static/chunks/node_modules_next_dist_f3530cac._.js:2297
[23122460ms] [WARNING] [cache-update] skipping save — no sessionId or db @ http://localhost:3000/_next/static/chunks/node_modules_next_dist_f3530cac._.js:2297
[23124658ms] [LOG] [cache-update] sid= null poleTags= 26 shapes= 0 @ http://localhost:3000/_next/static/chunks/node_modules_next_dist_f3530cac._.js:2297
[23124659ms] [WARNING] [cache-update] skipping save — no sessionId or db @ http://localhost:3000/_next/static/chunks/node_modules_next_dist_f3530cac._.js:2297
[23126775ms] [LOG] [cache-update] sid= null poleTags= 26 shapes= 0 @ http://localhost:3000/_next/static/chunks/node_modules_next_dist_f3530cac._.js:2297
[23126775ms] [WARNING] [cache-update] skipping save — no sessionId or db @ http://localhost:3000/_next/static/chunks/node_modules_next_dist_f3530cac._.js:2297
[23128861ms] [LOG] [cache-update] sid= null poleTags= 26 shapes= 0 @ http://localhost:3000/_next/static/chunks/node_modules_next_dist_f3530cac._.js:2297
[23128862ms] [WARNING] [cache-update] skipping save — no sessionId or db @ http://localhost:3000/_next/static/chunks/node_modules_next_dist_f3530cac._.js:2297
[23131001ms] [LOG] [cache-update] sid= null poleTags= 26 shapes= 0 @ http://localhost:3000/_next/static/chunks/node_modules_next_dist_f3530cac._.js:2297
[23131001ms] [WARNING] [cache-update] skipping save — no sessionId or db @ http://localhost:3000/_next/static/chunks/node_modules_next_dist_f3530cac._.js:2297
[23131564ms] [LOG] [Fast Refresh] rebuilding @ http://localhost:3000/_next/static/chunks/node_modules_next_dist_f3530cac._.js:2297
[23131590ms] [LOG] [Fast Refresh] done in 128ms @ http://localhost:3000/_next/static/chunks/node_modules_next_dist_f3530cac._.js:2297
[23133541ms] [LOG] [cache-update] sid= null poleTags= 35 shapes= 0 @ http://localhost:3000/_next/static/chunks/node_modules_next_dist_f3530cac._.js:2297
[23133542ms] [WARNING] [cache-update] skipping save — no sessionId or db @ http://localhost:3000/_next/static/chunks/node_modules_next_dist_f3530cac._.js:2297
[23135707ms] [LOG] [cache-update] sid= null poleTags= 35 shapes= 0 @ http://localhost:3000/_next/static/chunks/node_modules_next_dist_f3530cac._.js:2297
[23135708ms] [WARNING] [cache-update] skipping save — no sessionId or db @ http://localhost:3000/_next/static/chunks/node_modules_next_dist_f3530cac._.js:2297
[23137808ms] [LOG] [cache-update] sid= null poleTags= 35 shapes= 0 @ http://localhost:3000/_next/static/chunks/node_modules_next_dist_f3530cac._.js:2297
[23137808ms] [WARNING] [cache-update] skipping save — no sessionId or db @ http://localhost:3000/_next/static/chunks/node_modules_next_dist_f3530cac._.js:2297
[23139996ms] [LOG] [cache-update] sid= null poleTags= 35 shapes= 0 @ http://localhost:3000/_next/static/chunks/node_modules_next_dist_f3530cac._.js:2297
[23139996ms] [WARNING] [cache-update] skipping save — no sessionId or db @ http://localhost:3000/_next/static/chunks/node_modules_next_dist_f3530cac._.js:2297
[23142136ms] [LOG] [cache-update] sid= null poleTags= 37 shapes= 0 @ http://localhost:3000/_next/static/chunks/node_modules_next_dist_f3530cac._.js:2297
[23142136ms] [WARNING] [cache-update] skipping save — no sessionId or db @ http://localhost:3000/_next/static/chunks/node_modules_next_dist_f3530cac._.js:2297
[23144275ms] [LOG] [cache-update] sid= null poleTags= 37 shapes= 0 @ http://localhost:3000/_next/static/chunks/node_modules_next_dist_f3530cac._.js:2297
[23144275ms] [WARNING] [cache-update] skipping save — no sessionId or db @ http://localhost:3000/_next/static/chunks/node_modules_next_dist_f3530cac._.js:2297
[23146437ms] [LOG] [cache-update] sid= null poleTags= 37 shapes= 0 @ http://localhost:3000/_next/static/chunks/node_modules_next_dist_f3530cac._.js:2297
[23146437ms] [WARNING] [cache-update] skipping save — no sessionId or db @ http://localhost:3000/_next/static/chunks/node_modules_next_dist_f3530cac._.js:2297
[23148691ms] [LOG] [cache-update] sid= null poleTags= 37 shapes= 0 @ http://localhost:3000/_next/static/chunks/node_modules_next_dist_f3530cac._.js:2297
[23148692ms] [WARNING] [cache-update] skipping save — no sessionId or db @ http://localhost:3000/_next/static/chunks/node_modules_next_dist_f3530cac._.js:2297
[23150810ms] [LOG] [cache-update] sid= null poleTags= 37 shapes= 0 @ http://localhost:3000/_next/static/chunks/node_modules_next_dist_f3530cac._.js:2297
[23150810ms] [WARNING] [cache-update] skipping save — no sessionId or db @ http://localhost:3000/_next/static/chunks/node_modules_next_dist_f3530cac._.js:2297
[23152946ms] [LOG] [cache-update] sid= null poleTags= 37 shapes= 0 @ http://localhost:3000/_next/static/chunks/node_modules_next_dist_f3530cac._.js:2297
[23152946ms] [WARNING] [cache-update] skipping save — no sessionId or db @ http://localhost:3000/_next/static/chunks/node_modules_next_dist_f3530cac._.js:2297
[23157387ms] [LOG] [cache-update] sid= null poleTags= 38 shapes= 0 @ http://localhost:3000/_next/static/chunks/node_modules_next_dist_f3530cac._.js:2297
[23157387ms] [WARNING] [cache-update] skipping save — no sessionId or db @ http://localhost:3000/_next/static/chunks/node_modules_next_dist_f3530cac._.js:2297
[23159592ms] [LOG] [cache-update] sid= null poleTags= 39 shapes= 0 @ http://localhost:3000/_next/static/chunks/node_modules_next_dist_f3530cac._.js:2297
[23159592ms] [WARNING] [cache-update] skipping save — no sessionId or db @ http://localhost:3000/_next/static/chunks/node_modules_next_dist_f3530cac._.js:2297
[23161761ms] [LOG] [cache-update] sid= null poleTags= 39 shapes= 0 @ http://localhost:3000/_next/static/chunks/node_modules_next_dist_f3530cac._.js:2297
[23161761ms] [WARNING] [cache-update] skipping save — no sessionId or db @ http://localhost:3000/_next/static/chunks/node_modules_next_dist_f3530cac._.js:2297
[23164065ms] [LOG] [cache-update] sid= null poleTags= 39 shapes= 0 @ http://localhost:3000/_next/static/chunks/node_modules_next_dist_f3530cac._.js:2297
[23164065ms] [WARNING] [cache-update] skipping save — no sessionId or db @ http://localhost:3000/_next/static/chunks/node_modules_next_dist_f3530cac._.js:2297
[23166169ms] [LOG] [cache-update] sid= null poleTags= 40 shapes= 0 @ http://localhost:3000/_next/static/chunks/node_modules_next_dist_f3530cac._.js:2297
[23166169ms] [WARNING] [cache-update] skipping save — no sessionId or db @ http://localhost:3000/_next/static/chunks/node_modules_next_dist_f3530cac._.js:2297
[23168330ms] [LOG] [cache-update] sid= null poleTags= 40 shapes= 0 @ http://localhost:3000/_next/static/chunks/node_modules_next_dist_f3530cac._.js:2297
[23168331ms] [WARNING] [cache-update] skipping save — no sessionId or db @ http://localhost:3000/_next/static/chunks/node_modules_next_dist_f3530cac._.js:2297
[23170570ms] [LOG] [cache-update] sid= null poleTags= 40 shapes= 0 @ http://localhost:3000/_next/static/chunks/node_modules_next_dist_f3530cac._.js:2297
[23170571ms] [WARNING] [cache-update] skipping save — no sessionId or db @ http://localhost:3000/_next/static/chunks/node_modules_next_dist_f3530cac._.js:2297
[23172288ms] [ERROR] Failed to load resource: the server responded with a status of 500 (Internal Server Error) @ http://localhost:3000/api/v1/cable_spans/derive:0
[23172429ms] [LOG] [Fast Refresh] rebuilding @ http://localhost:3000/_next/static/chunks/node_modules_next_dist_f3530cac._.js:2297
[23172684ms] [LOG] [Fast Refresh] done in 357ms @ http://localhost:3000/_next/static/chunks/node_modules_next_dist_f3530cac._.js:2297
[23172787ms] [LOG] [Fast Refresh] rebuilding @ http://localhost:3000/_next/static/chunks/node_modules_next_dist_f3530cac._.js:2297
[23172821ms] [LOG] [Fast Refresh] done in 137ms @ http://localhost:3000/_next/static/chunks/node_modules_next_dist_f3530cac._.js:2297
[23172923ms] [LOG] [Fast Refresh] rebuilding @ http://localhost:3000/_next/static/chunks/node_modules_next_dist_f3530cac._.js:2297
[23173098ms] [LOG] [Fast Refresh] done in 275ms @ http://localhost:3000/_next/static/chunks/node_modules_next_dist_f3530cac._.js:2297
[23174436ms] [LOG] [cache-update] sid= null poleTags= 40 shapes= 0 @ http://localhost:3000/_next/static/chunks/node_modules_next_dist_f3530cac._.js:2297
[23174436ms] [WARNING] [cache-update] skipping save — no sessionId or db @ http://localhost:3000/_next/static/chunks/node_modules_next_dist_f3530cac._.js:2297
[23176573ms] [LOG] [cache-update] sid= null poleTags= 40 shapes= 0 @ http://localhost:3000/_next/static/chunks/node_modules_next_dist_f3530cac._.js:2297
[23176573ms] [WARNING] [cache-update] skipping save — no sessionId or db @ http://localhost:3000/_next/static/chunks/node_modules_next_dist_f3530cac._.js:2297
[23178853ms] [LOG] [cache-update] sid= null poleTags= 40 shapes= 0 @ http://localhost:3000/_next/static/chunks/node_modules_next_dist_f3530cac._.js:2297
[23178853ms] [WARNING] [cache-update] skipping save — no sessionId or db @ http://localhost:3000/_next/static/chunks/node_modules_next_dist_f3530cac._.js:2297
[23181024ms] [LOG] [cache-update] sid= null poleTags= 40 shapes= 0 @ http://localhost:3000/_next/static/chunks/node_modules_next_dist_f3530cac._.js:2297
[23181024ms] [WARNING] [cache-update] skipping save — no sessionId or db @ http://localhost:3000/_next/static/chunks/node_modules_next_dist_f3530cac._.js:2297
[23183385ms] [LOG] [cache-update] sid= null poleTags= 40 shapes= 0 @ http://localhost:3000/_next/static/chunks/node_modules_next_dist_f3530cac._.js:2297
[23183385ms] [WARNING] [cache-update] skipping save — no sessionId or db @ http://localhost:3000/_next/static/chunks/node_modules_next_dist_f3530cac._.js:2297
[23185592ms] [LOG] [cache-update] sid= null poleTags= 40 shapes= 0 @ http://localhost:3000/_next/static/chunks/node_modules_next_dist_f3530cac._.js:2297
[23185592ms] [WARNING] [cache-update] skipping save — no sessionId or db @ http://localhost:3000/_next/static/chunks/node_modules_next_dist_f3530cac._.js:2297
[23187486ms] [ERROR] Failed to load resource: the server responded with a status of 500 (Internal Server Error) @ http://localhost:3000/api/v1/cable_spans/derive:0
[23189677ms] [LOG] [cache-update] sid= null poleTags= 40 shapes= 0 @ http://localhost:3000/_next/static/chunks/node_modules_next_dist_f3530cac._.js:2297
[23189678ms] [WARNING] [cache-update] skipping save — no sessionId or db @ http://localhost:3000/_next/static/chunks/node_modules_next_dist_f3530cac._.js:2297
[23189686ms] [ERROR] Failed to load resource: the server responded with a status of 500 (Internal Server Error) @ http://localhost:3000/api/v1/cable_spans/derive:0
[23192227ms] [LOG] [cache-update] sid= null poleTags= 40 shapes= 0 @ http://localhost:3000/_next/static/chunks/node_modules_next_dist_f3530cac._.js:2297
[23192227ms] [WARNING] [cache-update] skipping save — no sessionId or db @ http://localhost:3000/_next/static/chunks/node_modules_next_dist_f3530cac._.js:2297
[23194429ms] [LOG] [cache-update] sid= null poleTags= 40 shapes= 0 @ http://localhost:3000/_next/static/chunks/node_modules_next_dist_f3530cac._.js:2297
[23194430ms] [WARNING] [cache-update] skipping save — no sessionId or db @ http://localhost:3000/_next/static/chunks/node_modules_next_dist_f3530cac._.js:2297
[23196256ms] [ERROR] Failed to load resource: the server responded with a status of 500 (Internal Server Error) @ http://localhost:3000/api/v1/cable_spans/derive:0
[23198528ms] [LOG] [cache-update] sid= null poleTags= 40 shapes= 0 @ http://localhost:3000/_next/static/chunks/node_modules_next_dist_f3530cac._.js:2297
[23198529ms] [WARNING] [cache-update] skipping save — no sessionId or db @ http://localhost:3000/_next/static/chunks/node_modules_next_dist_f3530cac._.js:2297
[23200728ms] [LOG] [cache-update] sid= null poleTags= 40 shapes= 0 @ http://localhost:3000/_next/static/chunks/node_modules_next_dist_f3530cac._.js:2297
[23200728ms] [WARNING] [cache-update] skipping save — no sessionId or db @ http://localhost:3000/_next/static/chunks/node_modules_next_dist_f3530cac._.js:2297
[23202938ms] [LOG] [cache-update] sid= null poleTags= 40 shapes= 0 @ http://localhost:3000/_next/static/chunks/node_modules_next_dist_f3530cac._.js:2297
[23202939ms] [WARNING] [cache-update] skipping save — no sessionId or db @ http://localhost:3000/_next/static/chunks/node_modules_next_dist_f3530cac._.js:2297
[23205054ms] [LOG] [cache-update] sid= null poleTags= 40 shapes= 0 @ http://localhost:3000/_next/static/chunks/node_modules_next_dist_f3530cac._.js:2297
[23205054ms] [WARNING] [cache-update] skipping save — no sessionId or db @ http://localhost:3000/_next/static/chunks/node_modules_next_dist_f3530cac._.js:2297
[23207353ms] [LOG] [cache-update] sid= null poleTags= 40 shapes= 0 @ http://localhost:3000/_next/static/chunks/node_modules_next_dist_f3530cac._.js:2297
[23207354ms] [WARNING] [cache-update] skipping save — no sessionId or db @ http://localhost:3000/_next/static/chunks/node_modules_next_dist_f3530cac._.js:2297
[23209485ms] [LOG] [cache-update] sid= null poleTags= 40 shapes= 0 @ http://localhost:3000/_next/static/chunks/node_modules_next_dist_f3530cac._.js:2297
[23209485ms] [WARNING] [cache-update] skipping save — no sessionId or db @ http://localhost:3000/_next/static/chunks/node_modules_next_dist_f3530cac._.js:2297
[23211591ms] [LOG] [cache-update] sid= null poleTags= 40 shapes= 0 @ http://localhost:3000/_next/static/chunks/node_modules_next_dist_f3530cac._.js:2297
[23211591ms] [WARNING] [cache-update] skipping save — no sessionId or db @ http://localhost:3000/_next/static/chunks/node_modules_next_dist_f3530cac._.js:2297
[23213684ms] [LOG] [cache-update] sid= null poleTags= 41 shapes= 0 @ http://localhost:3000/_next/static/chunks/node_modules_next_dist_f3530cac._.js:2297
[23213684ms] [WARNING] [cache-update] skipping save — no sessionId or db @ http://localhost:3000/_next/static/chunks/node_modules_next_dist_f3530cac._.js:2297
[23215883ms] [LOG] [cache-update] sid= null poleTags= 42 shapes= 0 @ http://localhost:3000/_next/static/chunks/node_modules_next_dist_f3530cac._.js:2297
[23215883ms] [WARNING] [cache-update] skipping save — no sessionId or db @ http://localhost:3000/_next/static/chunks/node_modules_next_dist_f3530cac._.js:2297
[23217978ms] [LOG] [cache-update] sid= null poleTags= 42 shapes= 0 @ http://localhost:3000/_next/static/chunks/node_modules_next_dist_f3530cac._.js:2297
[23217979ms] [WARNING] [cache-update] skipping save — no sessionId or db @ http://localhost:3000/_next/static/chunks/node_modules_next_dist_f3530cac._.js:2297
[23220257ms] [LOG] [cache-update] sid= null poleTags= 42 shapes= 0 @ http://localhost:3000/_next/static/chunks/node_modules_next_dist_f3530cac._.js:2297
[23220257ms] [WARNING] [cache-update] skipping save — no sessionId or db @ http://localhost:3000/_next/static/chunks/node_modules_next_dist_f3530cac._.js:2297
[23222404ms] [LOG] [cache-update] sid= null poleTags= 42 shapes= 0 @ http://localhost:3000/_next/static/chunks/node_modules_next_dist_f3530cac._.js:2297
[23222405ms] [WARNING] [cache-update] skipping save — no sessionId or db @ http://localhost:3000/_next/static/chunks/node_modules_next_dist_f3530cac._.js:2297
[23224506ms] [LOG] [cache-update] sid= null poleTags= 42 shapes= 0 @ http://localhost:3000/_next/static/chunks/node_modules_next_dist_f3530cac._.js:2297
[23224506ms] [WARNING] [cache-update] skipping save — no sessionId or db @ http://localhost:3000/_next/static/chunks/node_modules_next_dist_f3530cac._.js:2297
[23226655ms] [LOG] [cache-update] sid= null poleTags= 42 shapes= 0 @ http://localhost:3000/_next/static/chunks/node_modules_next_dist_f3530cac._.js:2297
[23226655ms] [WARNING] [cache-update] skipping save — no sessionId or db @ http://localhost:3000/_next/static/chunks/node_modules_next_dist_f3530cac._.js:2297
[23228804ms] [LOG] [cache-update] sid= null poleTags= 42 shapes= 0 @ http://localhost:3000/_next/static/chunks/node_modules_next_dist_f3530cac._.js:2297
[23228804ms] [WARNING] [cache-update] skipping save — no sessionId or db @ http://localhost:3000/_next/static/chunks/node_modules_next_dist_f3530cac._.js:2297
[23230944ms] [LOG] [cache-update] sid= null poleTags= 42 shapes= 0 @ http://localhost:3000/_next/static/chunks/node_modules_next_dist_f3530cac._.js:2297
[23230945ms] [WARNING] [cache-update] skipping save — no sessionId or db @ http://localhost:3000/_next/static/chunks/node_modules_next_dist_f3530cac._.js:2297
[23233043ms] [LOG] [cache-update] sid= null poleTags= 42 shapes= 0 @ http://localhost:3000/_next/static/chunks/node_modules_next_dist_f3530cac._.js:2297
[23233044ms] [WARNING] [cache-update] skipping save — no sessionId or db @ http://localhost:3000/_next/static/chunks/node_modules_next_dist_f3530cac._.js:2297
[23235293ms] [LOG] [cache-update] sid= null poleTags= 42 shapes= 0 @ http://localhost:3000/_next/static/chunks/node_modules_next_dist_f3530cac._.js:2297
[23235293ms] [WARNING] [cache-update] skipping save — no sessionId or db @ http://localhost:3000/_next/static/chunks/node_modules_next_dist_f3530cac._.js:2297
[23237465ms] [LOG] [cache-update] sid= null poleTags= 42 shapes= 0 @ http://localhost:3000/_next/static/chunks/node_modules_next_dist_f3530cac._.js:2297
[23237465ms] [WARNING] [cache-update] skipping save — no sessionId or db @ http://localhost:3000/_next/static/chunks/node_modules_next_dist_f3530cac._.js:2297
[23241885ms] [LOG] [cache-update] sid= null poleTags= 42 shapes= 0 @ http://localhost:3000/_next/static/chunks/node_modules_next_dist_f3530cac._.js:2297
[23241885ms] [WARNING] [cache-update] skipping save — no sessionId or db @ http://localhost:3000/_next/static/chunks/node_modules_next_dist_f3530cac._.js:2297
[23244505ms] [LOG] [cache-update] sid= null poleTags= 50 shapes= 0 @ http://localhost:3000/_next/static/chunks/node_modules_next_dist_f3530cac._.js:2297
[23244506ms] [WARNING] [cache-update] skipping save — no sessionId or db @ http://localhost:3000/_next/static/chunks/node_modules_next_dist_f3530cac._.js:2297
[23246711ms] [LOG] [cache-update] sid= null poleTags= 50 shapes= 0 @ http://localhost:3000/_next/static/chunks/node_modules_next_dist_f3530cac._.js:2297
[23246712ms] [WARNING] [cache-update] skipping save — no sessionId or db @ http://localhost:3000/_next/static/chunks/node_modules_next_dist_f3530cac._.js:2297
[23248828ms] [LOG] [cache-update] sid= null poleTags= 50 shapes= 0 @ http://localhost:3000/_next/static/chunks/node_modules_next_dist_f3530cac._.js:2297
[23248829ms] [WARNING] [cache-update] skipping save — no sessionId or db @ http://localhost:3000/_next/static/chunks/node_modules_next_dist_f3530cac._.js:2297
[23251004ms] [LOG] [cache-update] sid= null poleTags= 50 shapes= 0 @ http://localhost:3000/_next/static/chunks/node_modules_next_dist_f3530cac._.js:2297
[23251004ms] [WARNING] [cache-update] skipping save — no sessionId or db @ http://localhost:3000/_next/static/chunks/node_modules_next_dist_f3530cac._.js:2297
[23253155ms] [LOG] [cache-update] sid= null poleTags= 50 shapes= 0 @ http://localhost:3000/_next/static/chunks/node_modules_next_dist_f3530cac._.js:2297
[23253155ms] [WARNING] [cache-update] skipping save — no sessionId or db @ http://localhost:3000/_next/static/chunks/node_modules_next_dist_f3530cac._.js:2297
[23255312ms] [LOG] [cache-update] sid= null poleTags= 50 shapes= 0 @ http://localhost:3000/_next/static/chunks/node_modules_next_dist_f3530cac._.js:2297
[23255313ms] [WARNING] [cache-update] skipping save — no sessionId or db @ http://localhost:3000/_next/static/chunks/node_modules_next_dist_f3530cac._.js:2297
[23257395ms] [LOG] [cache-update] sid= null poleTags= 50 shapes= 0 @ http://localhost:3000/_next/static/chunks/node_modules_next_dist_f3530cac._.js:2297
[23257397ms] [WARNING] [cache-update] skipping save — no sessionId or db @ http://localhost:3000/_next/static/chunks/node_modules_next_dist_f3530cac._.js:2297
[23261445ms] [LOG] [cache-update] sid= null poleTags= 56 shapes= 0 @ http://localhost:3000/_next/static/chunks/node_modules_next_dist_f3530cac._.js:2297
[23261445ms] [WARNING] [cache-update] skipping save — no sessionId or db @ http://localhost:3000/_next/static/chunks/node_modules_next_dist_f3530cac._.js:2297
[23263629ms] [LOG] [cache-update] sid= null poleTags= 56 shapes= 0 @ http://localhost:3000/_next/static/chunks/node_modules_next_dist_f3530cac._.js:2297
[23263630ms] [WARNING] [cache-update] skipping save — no sessionId or db @ http://localhost:3000/_next/static/chunks/node_modules_next_dist_f3530cac._.js:2297
[23265754ms] [LOG] [cache-update] sid= null poleTags= 56 shapes= 0 @ http://localhost:3000/_next/static/chunks/node_modules_next_dist_f3530cac._.js:2297
[23265755ms] [WARNING] [cache-update] skipping save — no sessionId or db @ http://localhost:3000/_next/static/chunks/node_modules_next_dist_f3530cac._.js:2297
[23267976ms] [LOG] [cache-update] sid= null poleTags= 56 shapes= 0 @ http://localhost:3000/_next/static/chunks/node_modules_next_dist_f3530cac._.js:2297
[23267976ms] [WARNING] [cache-update] skipping save — no sessionId or db @ http://localhost:3000/_next/static/chunks/node_modules_next_dist_f3530cac._.js:2297
[23270068ms] [LOG] [cache-update] sid= null poleTags= 56 shapes= 0 @ http://localhost:3000/_next/static/chunks/node_modules_next_dist_f3530cac._.js:2297
[23270068ms] [WARNING] [cache-update] skipping save — no sessionId or db @ http://localhost:3000/_next/static/chunks/node_modules_next_dist_f3530cac._.js:2297
[23272183ms] [LOG] [cache-update] sid= null poleTags= 56 shapes= 0 @ http://localhost:3000/_next/static/chunks/node_modules_next_dist_f3530cac._.js:2297
[23272184ms] [WARNING] [cache-update] skipping save — no sessionId or db @ http://localhost:3000/_next/static/chunks/node_modules_next_dist_f3530cac._.js:2297
[23274290ms] [LOG] [cache-update] sid= null poleTags= 56 shapes= 0 @ http://localhost:3000/_next/static/chunks/node_modules_next_dist_f3530cac._.js:2297
[23274290ms] [WARNING] [cache-update] skipping save — no sessionId or db @ http://localhost:3000/_next/static/chunks/node_modules_next_dist_f3530cac._.js:2297
[23277037ms] [LOG] [cache-update] sid= null poleTags= 61 shapes= 0 @ http://localhost:3000/_next/static/chunks/node_modules_next_dist_f3530cac._.js:2297
[23277038ms] [WARNING] [cache-update] skipping save — no sessionId or db @ http://localhost:3000/_next/static/chunks/node_modules_next_dist_f3530cac._.js:2297
[23279214ms] [LOG] [cache-update] sid= null poleTags= 61 shapes= 0 @ http://localhost:3000/_next/static/chunks/node_modules_next_dist_f3530cac._.js:2297
[23279214ms] [WARNING] [cache-update] skipping save — no sessionId or db @ http://localhost:3000/_next/static/chunks/node_modules_next_dist_f3530cac._.js:2297
[23281332ms] [LOG] [cache-update] sid= null poleTags= 61 shapes= 0 @ http://localhost:3000/_next/static/chunks/node_modules_next_dist_f3530cac._.js:2297
[23281332ms] [WARNING] [cache-update] skipping save — no sessionId or db @ http://localhost:3000/_next/static/chunks/node_modules_next_dist_f3530cac._.js:2297
[23283420ms] [LOG] [cache-update] sid= null poleTags= 61 shapes= 0 @ http://localhost:3000/_next/static/chunks/node_modules_next_dist_f3530cac._.js:2297
[23283420ms] [WARNING] [cache-update] skipping save — no sessionId or db @ http://localhost:3000/_next/static/chunks/node_modules_next_dist_f3530cac._.js:2297
[23285523ms] [LOG] [cache-update] sid= null poleTags= 61 shapes= 0 @ http://localhost:3000/_next/static/chunks/node_modules_next_dist_f3530cac._.js:2297
[23285523ms] [WARNING] [cache-update] skipping save — no sessionId or db @ http://localhost:3000/_next/static/chunks/node_modules_next_dist_f3530cac._.js:2297
[23287675ms] [LOG] [cache-update] sid= null poleTags= 61 shapes= 0 @ http://localhost:3000/_next/static/chunks/node_modules_next_dist_f3530cac._.js:2297
[23287676ms] [WARNING] [cache-update] skipping save — no sessionId or db @ http://localhost:3000/_next/static/chunks/node_modules_next_dist_f3530cac._.js:2297
[23289792ms] [LOG] [cache-update] sid= null poleTags= 62 shapes= 0 @ http://localhost:3000/_next/static/chunks/node_modules_next_dist_f3530cac._.js:2297
[23289792ms] [WARNING] [cache-update] skipping save — no sessionId or db @ http://localhost:3000/_next/static/chunks/node_modules_next_dist_f3530cac._.js:2297
[23291898ms] [LOG] [cache-update] sid= null poleTags= 62 shapes= 0 @ http://localhost:3000/_next/static/chunks/node_modules_next_dist_f3530cac._.js:2297
[23291898ms] [WARNING] [cache-update] skipping save — no sessionId or db @ http://localhost:3000/_next/static/chunks/node_modules_next_dist_f3530cac._.js:2297
[23294061ms] [LOG] [cache-update] sid= null poleTags= 62 shapes= 0 @ http://localhost:3000/_next/static/chunks/node_modules_next_dist_f3530cac._.js:2297
[23294061ms] [WARNING] [cache-update] skipping save — no sessionId or db @ http://localhost:3000/_next/static/chunks/node_modules_next_dist_f3530cac._.js:2297
[23297514ms] [LOG] [cache-update] sid= null poleTags= 62 shapes= 0 @ http://localhost:3000/_next/static/chunks/node_modules_next_dist_f3530cac._.js:2297
[23297514ms] [WARNING] [cache-update] skipping save — no sessionId or db @ http://localhost:3000/_next/static/chunks/node_modules_next_dist_f3530cac._.js:2297
[23299611ms] [LOG] [cache-update] sid= null poleTags= 62 shapes= 0 @ http://localhost:3000/_next/static/chunks/node_modules_next_dist_f3530cac._.js:2297
[23299611ms] [WARNING] [cache-update] skipping save — no sessionId or db @ http://localhost:3000/_next/static/chunks/node_modules_next_dist_f3530cac._.js:2297
[23301703ms] [LOG] [cache-update] sid= null poleTags= 62 shapes= 0 @ http://localhost:3000/_next/static/chunks/node_modules_next_dist_f3530cac._.js:2297
[23301703ms] [WARNING] [cache-update] skipping save — no sessionId or db @ http://localhost:3000/_next/static/chunks/node_modules_next_dist_f3530cac._.js:2297
[23303805ms] [LOG] [cache-update] sid= null poleTags= 62 shapes= 0 @ http://localhost:3000/_next/static/chunks/node_modules_next_dist_f3530cac._.js:2297
[23303805ms] [WARNING] [cache-update] skipping save — no sessionId or db @ http://localhost:3000/_next/static/chunks/node_modules_next_dist_f3530cac._.js:2297
[23305949ms] [LOG] [cache-update] sid= null poleTags= 63 shapes= 0 @ http://localhost:3000/_next/static/chunks/node_modules_next_dist_f3530cac._.js:2297
[23305949ms] [WARNING] [cache-update] skipping save — no sessionId or db @ http://localhost:3000/_next/static/chunks/node_modules_next_dist_f3530cac._.js:2297
[23309005ms] [LOG] [cache-update] sid= null poleTags= 65 shapes= 0 @ http://localhost:3000/_next/static/chunks/node_modules_next_dist_f3530cac._.js:2297
[23309006ms] [WARNING] [cache-update] skipping save — no sessionId or db @ http://localhost:3000/_next/static/chunks/node_modules_next_dist_f3530cac._.js:2297
[23311232ms] [LOG] [cache-update] sid= null poleTags= 65 shapes= 0 @ http://localhost:3000/_next/static/chunks/node_modules_next_dist_f3530cac._.js:2297
[23311232ms] [WARNING] [cache-update] skipping save — no sessionId or db @ http://localhost:3000/_next/static/chunks/node_modules_next_dist_f3530cac._.js:2297
[23313400ms] [LOG] [cache-update] sid= null poleTags= 65 shapes= 0 @ http://localhost:3000/_next/static/chunks/node_modules_next_dist_f3530cac._.js:2297
[23313400ms] [WARNING] [cache-update] skipping save — no sessionId or db @ http://localhost:3000/_next/static/chunks/node_modules_next_dist_f3530cac._.js:2297
[23315879ms] [LOG] [cache-update] sid= null poleTags= 65 shapes= 0 @ http://localhost:3000/_next/static/chunks/node_modules_next_dist_f3530cac._.js:2297
[23315879ms] [WARNING] [cache-update] skipping save — no sessionId or db @ http://localhost:3000/_next/static/chunks/node_modules_next_dist_f3530cac._.js:2297
[23318116ms] [LOG] [cache-update] sid= null poleTags= 65 shapes= 0 @ http://localhost:3000/_next/static/chunks/node_modules_next_dist_f3530cac._.js:2297
[23318116ms] [WARNING] [cache-update] skipping save — no sessionId or db @ http://localhost:3000/_next/static/chunks/node_modules_next_dist_f3530cac._.js:2297
[23320277ms] [LOG] [cache-update] sid= null poleTags= 65 shapes= 0 @ http://localhost:3000/_next/static/chunks/node_modules_next_dist_f3530cac._.js:2297
[23320277ms] [WARNING] [cache-update] skipping save — no sessionId or db @ http://localhost:3000/_next/static/chunks/node_modules_next_dist_f3530cac._.js:2297
[23322421ms] [LOG] [cache-update] sid= null poleTags= 65 shapes= 0 @ http://localhost:3000/_next/static/chunks/node_modules_next_dist_f3530cac._.js:2297
[23322421ms] [WARNING] [cache-update] skipping save — no sessionId or db @ http://localhost:3000/_next/static/chunks/node_modules_next_dist_f3530cac._.js:2297
[23324578ms] [LOG] [cache-update] sid= null poleTags= 65 shapes= 0 @ http://localhost:3000/_next/static/chunks/node_modules_next_dist_f3530cac._.js:2297
[23324578ms] [WARNING] [cache-update] skipping save — no sessionId or db @ http://localhost:3000/_next/static/chunks/node_modules_next_dist_f3530cac._.js:2297
[23326689ms] [LOG] [cache-update] sid= null poleTags= 65 shapes= 0 @ http://localhost:3000/_next/static/chunks/node_modules_next_dist_f3530cac._.js:2297
[23326689ms] [WARNING] [cache-update] skipping save — no sessionId or db @ http://localhost:3000/_next/static/chunks/node_modules_next_dist_f3530cac._.js:2297
[23328893ms] [LOG] [cache-update] sid= null poleTags= 66 shapes= 0 @ http://localhost:3000/_next/static/chunks/node_modules_next_dist_f3530cac._.js:2297
[23328894ms] [WARNING] [cache-update] skipping save — no sessionId or db @ http://localhost:3000/_next/static/chunks/node_modules_next_dist_f3530cac._.js:2297
[23333450ms] [LOG] [cache-update] sid= null poleTags= 66 shapes= 0 @ http://localhost:3000/_next/static/chunks/node_modules_next_dist_f3530cac._.js:2297
[23333451ms] [WARNING] [cache-update] skipping save — no sessionId or db @ http://localhost:3000/_next/static/chunks/node_modules_next_dist_f3530cac._.js:2297
[23335607ms] [LOG] [cache-update] sid= null poleTags= 66 shapes= 0 @ http://localhost:3000/_next/static/chunks/node_modules_next_dist_f3530cac._.js:2297
[23335607ms] [WARNING] [cache-update] skipping save — no sessionId or db @ http://localhost:3000/_next/static/chunks/node_modules_next_dist_f3530cac._.js:2297
[23339414ms] [LOG] [cache-update] sid= null poleTags= 66 shapes= 0 @ http://localhost:3000/_next/static/chunks/node_modules_next_dist_f3530cac._.js:2297
[23339414ms] [WARNING] [cache-update] skipping save — no sessionId or db @ http://localhost:3000/_next/static/chunks/node_modules_next_dist_f3530cac._.js:2297
[23341590ms] [LOG] [cache-update] sid= null poleTags= 66 shapes= 0 @ http://localhost:3000/_next/static/chunks/node_modules_next_dist_f3530cac._.js:2297
[23341590ms] [WARNING] [cache-update] skipping save — no sessionId or db @ http://localhost:3000/_next/static/chunks/node_modules_next_dist_f3530cac._.js:2297
[23343718ms] [LOG] [cache-update] sid= null poleTags= 66 shapes= 0 @ http://localhost:3000/_next/static/chunks/node_modules_next_dist_f3530cac._.js:2297
[23343718ms] [WARNING] [cache-update] skipping save — no sessionId or db @ http://localhost:3000/_next/static/chunks/node_modules_next_dist_f3530cac._.js:2297
[23345908ms] [LOG] [cache-update] sid= null poleTags= 66 shapes= 0 @ http://localhost:3000/_next/static/chunks/node_modules_next_dist_f3530cac._.js:2297
[23345908ms] [WARNING] [cache-update] skipping save — no sessionId or db @ http://localhost:3000/_next/static/chunks/node_modules_next_dist_f3530cac._.js:2297
[23348049ms] [LOG] [cache-update] sid= null poleTags= 66 shapes= 0 @ http://localhost:3000/_next/static/chunks/node_modules_next_dist_f3530cac._.js:2297
[23348049ms] [WARNING] [cache-update] skipping save — no sessionId or db @ http://localhost:3000/_next/static/chunks/node_modules_next_dist_f3530cac._.js:2297
[23350816ms] [LOG] [cache-update] sid= null poleTags= 70 shapes= 0 @ http://localhost:3000/_next/static/chunks/node_modules_next_dist_f3530cac._.js:2297
[23350817ms] [WARNING] [cache-update] skipping save — no sessionId or db @ http://localhost:3000/_next/static/chunks/node_modules_next_dist_f3530cac._.js:2297
[23353018ms] [LOG] [cache-update] sid= null poleTags= 70 shapes= 0 @ http://localhost:3000/_next/static/chunks/node_modules_next_dist_f3530cac._.js:2297
[23353019ms] [WARNING] [cache-update] skipping save — no sessionId or db @ http://localhost:3000/_next/static/chunks/node_modules_next_dist_f3530cac._.js:2297
[23355114ms] [LOG] [cache-update] sid= null poleTags= 70 shapes= 0 @ http://localhost:3000/_next/static/chunks/node_modules_next_dist_f3530cac._.js:2297
[23355114ms] [WARNING] [cache-update] skipping save — no sessionId or db @ http://localhost:3000/_next/static/chunks/node_modules_next_dist_f3530cac._.js:2297
[23357245ms] [LOG] [cache-update] sid= null poleTags= 70 shapes= 0 @ http://localhost:3000/_next/static/chunks/node_modules_next_dist_f3530cac._.js:2297
[23357245ms] [WARNING] [cache-update] skipping save — no sessionId or db @ http://localhost:3000/_next/static/chunks/node_modules_next_dist_f3530cac._.js:2297
[23359380ms] [LOG] [cache-update] sid= null poleTags= 70 shapes= 0 @ http://localhost:3000/_next/static/chunks/node_modules_next_dist_f3530cac._.js:2297
[23359380ms] [WARNING] [cache-update] skipping save — no sessionId or db @ http://localhost:3000/_next/static/chunks/node_modules_next_dist_f3530cac._.js:2297
[23361530ms] [LOG] [cache-update] sid= null poleTags= 70 shapes= 0 @ http://localhost:3000/_next/static/chunks/node_modules_next_dist_f3530cac._.js:2297
[23361530ms] [WARNING] [cache-update] skipping save — no sessionId or db @ http://localhost:3000/_next/static/chunks/node_modules_next_dist_f3530cac._.js:2297
[23363629ms] [LOG] [cache-update] sid= null poleTags= 70 shapes= 0 @ http://localhost:3000/_next/static/chunks/node_modules_next_dist_f3530cac._.js:2297
[23363629ms] [WARNING] [cache-update] skipping save — no sessionId or db @ http://localhost:3000/_next/static/chunks/node_modules_next_dist_f3530cac._.js:2297
[23367476ms] [LOG] [cache-update] sid= null poleTags= 75 shapes= 0 @ http://localhost:3000/_next/static/chunks/node_modules_next_dist_f3530cac._.js:2297
[23367476ms] [WARNING] [cache-update] skipping save — no sessionId or db @ http://localhost:3000/_next/static/chunks/node_modules_next_dist_f3530cac._.js:2297
[23369684ms] [LOG] [cache-update] sid= null poleTags= 75 shapes= 0 @ http://localhost:3000/_next/static/chunks/node_modules_next_dist_f3530cac._.js:2297
[23369684ms] [WARNING] [cache-update] skipping save — no sessionId or db @ http://localhost:3000/_next/static/chunks/node_modules_next_dist_f3530cac._.js:2297
[23371830ms] [LOG] [cache-update] sid= null poleTags= 75 shapes= 0 @ http://localhost:3000/_next/static/chunks/node_modules_next_dist_f3530cac._.js:2297
[23371830ms] [WARNING] [cache-update] skipping save — no sessionId or db @ http://localhost:3000/_next/static/chunks/node_modules_next_dist_f3530cac._.js:2297
[23374369ms] [LOG] [cache-update] sid= null poleTags= 75 shapes= 0 @ http://localhost:3000/_next/static/chunks/node_modules_next_dist_f3530cac._.js:2297
[23374369ms] [WARNING] [cache-update] skipping save — no sessionId or db @ http://localhost:3000/_next/static/chunks/node_modules_next_dist_f3530cac._.js:2297
[23376496ms] [LOG] [cache-update] sid= null poleTags= 76 shapes= 0 @ http://localhost:3000/_next/static/chunks/node_modules_next_dist_f3530cac._.js:2297
[23376496ms] [WARNING] [cache-update] skipping save — no sessionId or db @ http://localhost:3000/_next/static/chunks/node_modules_next_dist_f3530cac._.js:2297
[23379256ms] [LOG] [cache-update] sid= null poleTags= 76 shapes= 0 @ http://localhost:3000/_next/static/chunks/node_modules_next_dist_f3530cac._.js:2297
[23379256ms] [WARNING] [cache-update] skipping save — no sessionId or db @ http://localhost:3000/_next/static/chunks/node_modules_next_dist_f3530cac._.js:2297
[23381589ms] [LOG] [cache-update] sid= null poleTags= 77 shapes= 0 @ http://localhost:3000/_next/static/chunks/node_modules_next_dist_f3530cac._.js:2297
[23381589ms] [WARNING] [cache-update] skipping save — no sessionId or db @ http://localhost:3000/_next/static/chunks/node_modules_next_dist_f3530cac._.js:2297
[23383787ms] [LOG] [cache-update] sid= null poleTags= 77 shapes= 0 @ http://localhost:3000/_next/static/chunks/node_modules_next_dist_f3530cac._.js:2297
[23383787ms] [WARNING] [cache-update] skipping save — no sessionId or db @ http://localhost:3000/_next/static/chunks/node_modules_next_dist_f3530cac._.js:2297
[23385899ms] [LOG] [cache-update] sid= null poleTags= 77 shapes= 0 @ http://localhost:3000/_next/static/chunks/node_modules_next_dist_f3530cac._.js:2297
[23385899ms] [WARNING] [cache-update] skipping save — no sessionId or db @ http://localhost:3000/_next/static/chunks/node_modules_next_dist_f3530cac._.js:2297
[23388056ms] [LOG] [cache-update] sid= null poleTags= 77 shapes= 0 @ http://localhost:3000/_next/static/chunks/node_modules_next_dist_f3530cac._.js:2297
[23388056ms] [WARNING] [cache-update] skipping save — no sessionId or db @ http://localhost:3000/_next/static/chunks/node_modules_next_dist_f3530cac._.js:2297
[23390240ms] [LOG] [cache-update] sid= null poleTags= 77 shapes= 0 @ http://localhost:3000/_next/static/chunks/node_modules_next_dist_f3530cac._.js:2297
[23390240ms] [WARNING] [cache-update] skipping save — no sessionId or db @ http://localhost:3000/_next/static/chunks/node_modules_next_dist_f3530cac._.js:2297
[23392436ms] [LOG] [cache-update] sid= null poleTags= 77 shapes= 0 @ http://localhost:3000/_next/static/chunks/node_modules_next_dist_f3530cac._.js:2297
[23392437ms] [WARNING] [cache-update] skipping save — no sessionId or db @ http://localhost:3000/_next/static/chunks/node_modules_next_dist_f3530cac._.js:2297
[23396066ms] [LOG] [cache-update] sid= null poleTags= 77 shapes= 0 @ http://localhost:3000/_next/static/chunks/node_modules_next_dist_f3530cac._.js:2297
[23396066ms] [WARNING] [cache-update] skipping save — no sessionId or db @ http://localhost:3000/_next/static/chunks/node_modules_next_dist_f3530cac._.js:2297
[23398198ms] [LOG] [cache-update] sid= null poleTags= 77 shapes= 0 @ http://localhost:3000/_next/static/chunks/node_modules_next_dist_f3530cac._.js:2297
[23398198ms] [WARNING] [cache-update] skipping save — no sessionId or db @ http://localhost:3000/_next/static/chunks/node_modules_next_dist_f3530cac._.js:2297
[23400428ms] [LOG] [cache-update] sid= null poleTags= 78 shapes= 0 @ http://localhost:3000/_next/static/chunks/node_modules_next_dist_f3530cac._.js:2297
[23400428ms] [WARNING] [cache-update] skipping save — no sessionId or db @ http://localhost:3000/_next/static/chunks/node_modules_next_dist_f3530cac._.js:2297
[23402645ms] [LOG] [cache-update] sid= null poleTags= 78 shapes= 0 @ http://localhost:3000/_next/static/chunks/node_modules_next_dist_f3530cac._.js:2297
[23402645ms] [WARNING] [cache-update] skipping save — no sessionId or db @ http://localhost:3000/_next/static/chunks/node_modules_next_dist_f3530cac._.js:2297
[23404870ms] [LOG] [cache-update] sid= null poleTags= 78 shapes= 0 @ http://localhost:3000/_next/static/chunks/node_modules_next_dist_f3530cac._.js:2297
[23404870ms] [WARNING] [cache-update] skipping save — no sessionId or db @ http://localhost:3000/_next/static/chunks/node_modules_next_dist_f3530cac._.js:2297
[23406587ms] [ERROR] Failed to load resource: the server responded with a status of 500 (Internal Server Error) @ http://localhost:3000/api/v1/cable_spans/derive:0
[23408740ms] [LOG] [cache-update] sid= null poleTags= 78 shapes= 0 @ http://localhost:3000/_next/static/chunks/node_modules_next_dist_f3530cac._.js:2297
[23408740ms] [WARNING] [cache-update] skipping save — no sessionId or db @ http://localhost:3000/_next/static/chunks/node_modules_next_dist_f3530cac._.js:2297
[23411040ms] [LOG] [cache-update] sid= null poleTags= 78 shapes= 0 @ http://localhost:3000/_next/static/chunks/node_modules_next_dist_f3530cac._.js:2297
[23411040ms] [WARNING] [cache-update] skipping save — no sessionId or db @ http://localhost:3000/_next/static/chunks/node_modules_next_dist_f3530cac._.js:2297
[23411677ms] [ERROR] Failed to load resource: the server responded with a status of 500 (Internal Server Error) @ http://localhost:3000/api/v1/cable_spans/derive:0
[23413882ms] [LOG] [cache-update] sid= null poleTags= 78 shapes= 0 @ http://localhost:3000/_next/static/chunks/node_modules_next_dist_f3530cac._.js:2297
[23413883ms] [WARNING] [cache-update] skipping save — no sessionId or db @ http://localhost:3000/_next/static/chunks/node_modules_next_dist_f3530cac._.js:2297
[23416502ms] [LOG] [cache-update] sid= null poleTags= 78 shapes= 0 @ http://localhost:3000/_next/static/chunks/node_modules_next_dist_f3530cac._.js:2297
[23416503ms] [WARNING] [cache-update] skipping save — no sessionId or db @ http://localhost:3000/_next/static/chunks/node_modules_next_dist_f3530cac._.js:2297
[23418699ms] [LOG] [cache-update] sid= null poleTags= 78 shapes= 0 @ http://localhost:3000/_next/static/chunks/node_modules_next_dist_f3530cac._.js:2297
[23418699ms] [WARNING] [cache-update] skipping save — no sessionId or db @ http://localhost:3000/_next/static/chunks/node_modules_next_dist_f3530cac._.js:2297
[23420839ms] [LOG] [cache-update] sid= null poleTags= 78 shapes= 0 @ http://localhost:3000/_next/static/chunks/node_modules_next_dist_f3530cac._.js:2297
[23420839ms] [WARNING] [cache-update] skipping save — no sessionId or db @ http://localhost:3000/_next/static/chunks/node_modules_next_dist_f3530cac._.js:2297
[23422996ms] [LOG] [cache-update] sid= null poleTags= 78 shapes= 0 @ http://localhost:3000/_next/static/chunks/node_modules_next_dist_f3530cac._.js:2297
[23422996ms] [WARNING] [cache-update] skipping save — no sessionId or db @ http://localhost:3000/_next/static/chunks/node_modules_next_dist_f3530cac._.js:2297
[23425091ms] [LOG] [cache-update] sid= null poleTags= 78 shapes= 0 @ http://localhost:3000/_next/static/chunks/node_modules_next_dist_f3530cac._.js:2297
[23425091ms] [WARNING] [cache-update] skipping save — no sessionId or db @ http://localhost:3000/_next/static/chunks/node_modules_next_dist_f3530cac._.js:2297
[23427228ms] [LOG] [cache-update] sid= null poleTags= 78 shapes= 0 @ http://localhost:3000/_next/static/chunks/node_modules_next_dist_f3530cac._.js:2297
[23427228ms] [WARNING] [cache-update] skipping save — no sessionId or db @ http://localhost:3000/_next/static/chunks/node_modules_next_dist_f3530cac._.js:2297
[23430404ms] [LOG] [cache-update] sid= null poleTags= 82 shapes= 0 @ http://localhost:3000/_next/static/chunks/node_modules_next_dist_f3530cac._.js:2297
[23430404ms] [WARNING] [cache-update] skipping save — no sessionId or db @ http://localhost:3000/_next/static/chunks/node_modules_next_dist_f3530cac._.js:2297
[23432605ms] [LOG] [cache-update] sid= null poleTags= 82 shapes= 0 @ http://localhost:3000/_next/static/chunks/node_modules_next_dist_f3530cac._.js:2297
[23432605ms] [WARNING] [cache-update] skipping save — no sessionId or db @ http://localhost:3000/_next/static/chunks/node_modules_next_dist_f3530cac._.js:2297
[23586388ms] [LOG] [Fast Refresh] rebuilding @ http://localhost:3000/_next/static/chunks/node_modules_next_dist_f3530cac._.js:2297
[23586457ms] [LOG] [Fast Refresh] done in 171ms @ http://localhost:3000/_next/static/chunks/node_modules_next_dist_f3530cac._.js:2297
[23599522ms] [LOG] [Fast Refresh] rebuilding @ http://localhost:3000/_next/static/chunks/node_modules_next_dist_f3530cac._.js:2297
[23599578ms] [LOG] [Fast Refresh] done in 156ms @ http://localhost:3000/_next/static/chunks/node_modules_next_dist_f3530cac._.js:2297
[24028448ms] [ERROR] Failed to load resource: the server responded with a status of 502 (Bad Gateway) @ http://localhost:3000/api/pole_tags:0
[24030440ms] [ERROR] Failed to load resource: the server responded with a status of 502 (Bad Gateway) @ http://localhost:3000/api/pole_tags:0
[25759754ms] [LOG] [Fast Refresh] rebuilding @ http://localhost:3000/_next/static/chunks/node_modules_next_dist_f3530cac._.js:2297
[25759950ms] [LOG] [Fast Refresh] done in 296ms @ http://localhost:3000/_next/static/chunks/node_modules_next_dist_f3530cac._.js:2297
[26461973ms] [LOG] [Fast Refresh] rebuilding @ http://localhost:3000/_next/static/chunks/node_modules_next_dist_f3530cac._.js:2297
[26461974ms] [LOG] [Fast Refresh] done in 102ms @ http://localhost:3000/_next/static/chunks/node_modules_next_dist_f3530cac._.js:2297
[26526535ms] [LOG] [cache-update] sid= null poleTags= 0 shapes= 0 @ http://localhost:3000/_next/static/chunks/node_modules_next_dist_f3530cac._.js:2297
[26526535ms] [WARNING] [cache-update] skipping save — no sessionId or db @ http://localhost:3000/_next/static/chunks/node_modules_next_dist_f3530cac._.js:2297
[26528640ms] [LOG] [cache-update] sid= null poleTags= 0 shapes= 0 @ http://localhost:3000/_next/static/chunks/node_modules_next_dist_f3530cac._.js:2297
[26528640ms] [WARNING] [cache-update] skipping save — no sessionId or db @ http://localhost:3000/_next/static/chunks/node_modules_next_dist_f3530cac._.js:2297
[26530917ms] [LOG] [cache-update] sid= null poleTags= 0 shapes= 0 @ http://localhost:3000/_next/static/chunks/node_modules_next_dist_f3530cac._.js:2297
[26530917ms] [WARNING] [cache-update] skipping save — no sessionId or db @ http://localhost:3000/_next/static/chunks/node_modules_next_dist_f3530cac._.js:2297
[26533921ms] [LOG] [cache-update] sid= null poleTags= 0 shapes= 0 @ http://localhost:3000/_next/static/chunks/node_modules_next_dist_f3530cac._.js:2297
[26533921ms] [WARNING] [cache-update] skipping save — no sessionId or db @ http://localhost:3000/_next/static/chunks/node_modules_next_dist_f3530cac._.js:2297
[26536660ms] [LOG] [cache-update] sid= null poleTags= 0 shapes= 0 @ http://localhost:3000/_next/static/chunks/node_modules_next_dist_f3530cac._.js:2297
[26536660ms] [WARNING] [cache-update] skipping save — no sessionId or db @ http://localhost:3000/_next/static/chunks/node_modules_next_dist_f3530cac._.js:2297
[26537519ms] [LOG] [Fast Refresh] rebuilding @ http://localhost:3000/_next/static/chunks/node_modules_next_dist_f3530cac._.js:2297
[26537669ms] [LOG] [Fast Refresh] done in 253ms @ http://localhost:3000/_next/static/chunks/node_modules_next_dist_f3530cac._.js:2297
[26538757ms] [LOG] [cache-update] sid= null poleTags= 0 shapes= 0 @ http://localhost:3000/_next/static/chunks/node_modules_next_dist_f3530cac._.js:2297
[26538757ms] [WARNING] [cache-update] skipping save — no sessionId or db @ http://localhost:3000/_next/static/chunks/node_modules_next_dist_f3530cac._.js:2297
[26540950ms] [LOG] [cache-update] sid= null poleTags= 0 shapes= 0 @ http://localhost:3000/_next/static/chunks/node_modules_next_dist_f3530cac._.js:2297
[26540950ms] [WARNING] [cache-update] skipping save — no sessionId or db @ http://localhost:3000/_next/static/chunks/node_modules_next_dist_f3530cac._.js:2297
[26543110ms] [LOG] [cache-update] sid= null poleTags= 0 shapes= 0 @ http://localhost:3000/_next/static/chunks/node_modules_next_dist_f3530cac._.js:2297
[26543110ms] [WARNING] [cache-update] skipping save — no sessionId or db @ http://localhost:3000/_next/static/chunks/node_modules_next_dist_f3530cac._.js:2297
[26545270ms] [LOG] [cache-update] sid= null poleTags= 0 shapes= 0 @ http://localhost:3000/_next/static/chunks/node_modules_next_dist_f3530cac._.js:2297
[26545270ms] [WARNING] [cache-update] skipping save — no sessionId or db @ http://localhost:3000/_next/static/chunks/node_modules_next_dist_f3530cac._.js:2297
[26547337ms] [LOG] [cache-update] sid= null poleTags= 0 shapes= 0 @ http://localhost:3000/_next/static/chunks/node_modules_next_dist_f3530cac._.js:2297
[26547337ms] [WARNING] [cache-update] skipping save — no sessionId or db @ http://localhost:3000/_next/static/chunks/node_modules_next_dist_f3530cac._.js:2297
[26549404ms] [LOG] [cache-update] sid= null poleTags= 0 shapes= 0 @ http://localhost:3000/_next/static/chunks/node_modules_next_dist_f3530cac._.js:2297
[26549404ms] [WARNING] [cache-update] skipping save — no sessionId or db @ http://localhost:3000/_next/static/chunks/node_modules_next_dist_f3530cac._.js:2297
[26551506ms] [LOG] [cache-update] sid= null poleTags= 0 shapes= 0 @ http://localhost:3000/_next/static/chunks/node_modules_next_dist_f3530cac._.js:2297
[26551506ms] [WARNING] [cache-update] skipping save — no sessionId or db @ http://localhost:3000/_next/static/chunks/node_modules_next_dist_f3530cac._.js:2297
[26553562ms] [LOG] [cache-update] sid= null poleTags= 1 shapes= 0 @ http://localhost:3000/_next/static/chunks/node_modules_next_dist_f3530cac._.js:2297
[26553562ms] [WARNING] [cache-update] skipping save — no sessionId or db @ http://localhost:3000/_next/static/chunks/node_modules_next_dist_f3530cac._.js:2297
[26555720ms] [LOG] [cache-update] sid= null poleTags= 1 shapes= 0 @ http://localhost:3000/_next/static/chunks/node_modules_next_dist_f3530cac._.js:2297
[26555720ms] [WARNING] [cache-update] skipping save — no sessionId or db @ http://localhost:3000/_next/static/chunks/node_modules_next_dist_f3530cac._.js:2297
[26557912ms] [LOG] [cache-update] sid= null poleTags= 1 shapes= 0 @ http://localhost:3000/_next/static/chunks/node_modules_next_dist_f3530cac._.js:2297
[26557912ms] [WARNING] [cache-update] skipping save — no sessionId or db @ http://localhost:3000/_next/static/chunks/node_modules_next_dist_f3530cac._.js:2297
[26559972ms] [LOG] [cache-update] sid= null poleTags= 1 shapes= 0 @ http://localhost:3000/_next/static/chunks/node_modules_next_dist_f3530cac._.js:2297
[26559972ms] [WARNING] [cache-update] skipping save — no sessionId or db @ http://localhost:3000/_next/static/chunks/node_modules_next_dist_f3530cac._.js:2297
[26562104ms] [LOG] [cache-update] sid= null poleTags= 1 shapes= 0 @ http://localhost:3000/_next/static/chunks/node_modules_next_dist_f3530cac._.js:2297
[26562104ms] [WARNING] [cache-update] skipping save — no sessionId or db @ http://localhost:3000/_next/static/chunks/node_modules_next_dist_f3530cac._.js:2297
[26564255ms] [LOG] [cache-update] sid= null poleTags= 1 shapes= 0 @ http://localhost:3000/_next/static/chunks/node_modules_next_dist_f3530cac._.js:2297
[26564255ms] [WARNING] [cache-update] skipping save — no sessionId or db @ http://localhost:3000/_next/static/chunks/node_modules_next_dist_f3530cac._.js:2297
[26566374ms] [LOG] [cache-update] sid= null poleTags= 1 shapes= 0 @ http://localhost:3000/_next/static/chunks/node_modules_next_dist_f3530cac._.js:2297
[26566374ms] [WARNING] [cache-update] skipping save — no sessionId or db @ http://localhost:3000/_next/static/chunks/node_modules_next_dist_f3530cac._.js:2297
[26568475ms] [LOG] [cache-update] sid= null poleTags= 1 shapes= 0 @ http://localhost:3000/_next/static/chunks/node_modules_next_dist_f3530cac._.js:2297
[26568476ms] [WARNING] [cache-update] skipping save — no sessionId or db @ http://localhost:3000/_next/static/chunks/node_modules_next_dist_f3530cac._.js:2297
[26572658ms] [LOG] [cache-update] sid= null poleTags= 7 shapes= 0 @ http://localhost:3000/_next/static/chunks/node_modules_next_dist_f3530cac._.js:2297
[26572658ms] [WARNING] [cache-update] skipping save — no sessionId or db @ http://localhost:3000/_next/static/chunks/node_modules_next_dist_f3530cac._.js:2297
[26574841ms] [LOG] [cache-update] sid= null poleTags= 8 shapes= 0 @ http://localhost:3000/_next/static/chunks/node_modules_next_dist_f3530cac._.js:2297
[26574841ms] [WARNING] [cache-update] skipping save — no sessionId or db @ http://localhost:3000/_next/static/chunks/node_modules_next_dist_f3530cac._.js:2297
[26576908ms] [LOG] [cache-update] sid= null poleTags= 8 shapes= 0 @ http://localhost:3000/_next/static/chunks/node_modules_next_dist_f3530cac._.js:2297
[26576908ms] [WARNING] [cache-update] skipping save — no sessionId or db @ http://localhost:3000/_next/static/chunks/node_modules_next_dist_f3530cac._.js:2297
[26579050ms] [LOG] [cache-update] sid= null poleTags= 8 shapes= 0 @ http://localhost:3000/_next/static/chunks/node_modules_next_dist_f3530cac._.js:2297
[26579051ms] [WARNING] [cache-update] skipping save — no sessionId or db @ http://localhost:3000/_next/static/chunks/node_modules_next_dist_f3530cac._.js:2297
[26581138ms] [LOG] [cache-update] sid= null poleTags= 8 shapes= 0 @ http://localhost:3000/_next/static/chunks/node_modules_next_dist_f3530cac._.js:2297
[26581139ms] [WARNING] [cache-update] skipping save — no sessionId or db @ http://localhost:3000/_next/static/chunks/node_modules_next_dist_f3530cac._.js:2297
[26583243ms] [LOG] [cache-update] sid= null poleTags= 8 shapes= 0 @ http://localhost:3000/_next/static/chunks/node_modules_next_dist_f3530cac._.js:2297
[26583243ms] [WARNING] [cache-update] skipping save — no sessionId or db @ http://localhost:3000/_next/static/chunks/node_modules_next_dist_f3530cac._.js:2297
[26585345ms] [LOG] [cache-update] sid= null poleTags= 8 shapes= 0 @ http://localhost:3000/_next/static/chunks/node_modules_next_dist_f3530cac._.js:2297
[26585345ms] [WARNING] [cache-update] skipping save — no sessionId or db @ http://localhost:3000/_next/static/chunks/node_modules_next_dist_f3530cac._.js:2297
[26587444ms] [LOG] [cache-update] sid= null poleTags= 8 shapes= 0 @ http://localhost:3000/_next/static/chunks/node_modules_next_dist_f3530cac._.js:2297
[26587444ms] [WARNING] [cache-update] skipping save — no sessionId or db @ http://localhost:3000/_next/static/chunks/node_modules_next_dist_f3530cac._.js:2297
[26589591ms] [LOG] [cache-update] sid= null poleTags= 8 shapes= 0 @ http://localhost:3000/_next/static/chunks/node_modules_next_dist_f3530cac._.js:2297
[26589591ms] [WARNING] [cache-update] skipping save — no sessionId or db @ http://localhost:3000/_next/static/chunks/node_modules_next_dist_f3530cac._.js:2297
[26591672ms] [LOG] [cache-update] sid= null poleTags= 8 shapes= 0 @ http://localhost:3000/_next/static/chunks/node_modules_next_dist_f3530cac._.js:2297
[26591673ms] [WARNING] [cache-update] skipping save — no sessionId or db @ http://localhost:3000/_next/static/chunks/node_modules_next_dist_f3530cac._.js:2297
[26593822ms] [LOG] [cache-update] sid= null poleTags= 8 shapes= 0 @ http://localhost:3000/_next/static/chunks/node_modules_next_dist_f3530cac._.js:2297
[26593822ms] [WARNING] [cache-update] skipping save — no sessionId or db @ http://localhost:3000/_next/static/chunks/node_modules_next_dist_f3530cac._.js:2297
[26596930ms] [LOG] [cache-update] sid= null poleTags= 9 shapes= 0 @ http://localhost:3000/_next/static/chunks/node_modules_next_dist_f3530cac._.js:2297
[26596930ms] [WARNING] [cache-update] skipping save — no sessionId or db @ http://localhost:3000/_next/static/chunks/node_modules_next_dist_f3530cac._.js:2297
[26600676ms] [LOG] [cache-update] sid= null poleTags= 9 shapes= 0 @ http://localhost:3000/_next/static/chunks/node_modules_next_dist_f3530cac._.js:2297
[26600676ms] [WARNING] [cache-update] skipping save — no sessionId or db @ http://localhost:3000/_next/static/chunks/node_modules_next_dist_f3530cac._.js:2297
[26602832ms] [LOG] [cache-update] sid= null poleTags= 9 shapes= 0 @ http://localhost:3000/_next/static/chunks/node_modules_next_dist_f3530cac._.js:2297
[26602832ms] [WARNING] [cache-update] skipping save — no sessionId or db @ http://localhost:3000/_next/static/chunks/node_modules_next_dist_f3530cac._.js:2297
[26604981ms] [LOG] [cache-update] sid= null poleTags= 9 shapes= 0 @ http://localhost:3000/_next/static/chunks/node_modules_next_dist_f3530cac._.js:2297
[26604981ms] [WARNING] [cache-update] skipping save — no sessionId or db @ http://localhost:3000/_next/static/chunks/node_modules_next_dist_f3530cac._.js:2297
[26607072ms] [LOG] [cache-update] sid= null poleTags= 9 shapes= 0 @ http://localhost:3000/_next/static/chunks/node_modules_next_dist_f3530cac._.js:2297
[26607072ms] [WARNING] [cache-update] skipping save — no sessionId or db @ http://localhost:3000/_next/static/chunks/node_modules_next_dist_f3530cac._.js:2297
[26609152ms] [LOG] [cache-update] sid= null poleTags= 10 shapes= 0 @ http://localhost:3000/_next/static/chunks/node_modules_next_dist_f3530cac._.js:2297
[26609152ms] [WARNING] [cache-update] skipping save — no sessionId or db @ http://localhost:3000/_next/static/chunks/node_modules_next_dist_f3530cac._.js:2297
[26613463ms] [LOG] [cache-update] sid= null poleTags= 10 shapes= 0 @ http://localhost:3000/_next/static/chunks/node_modules_next_dist_f3530cac._.js:2297
[26613464ms] [WARNING] [cache-update] skipping save — no sessionId or db @ http://localhost:3000/_next/static/chunks/node_modules_next_dist_f3530cac._.js:2297
[26615548ms] [LOG] [cache-update] sid= null poleTags= 11 shapes= 0 @ http://localhost:3000/_next/static/chunks/node_modules_next_dist_f3530cac._.js:2297
[26615549ms] [WARNING] [cache-update] skipping save — no sessionId or db @ http://localhost:3000/_next/static/chunks/node_modules_next_dist_f3530cac._.js:2297
[26617687ms] [LOG] [cache-update] sid= null poleTags= 11 shapes= 0 @ http://localhost:3000/_next/static/chunks/node_modules_next_dist_f3530cac._.js:2297
[26617687ms] [WARNING] [cache-update] skipping save — no sessionId or db @ http://localhost:3000/_next/static/chunks/node_modules_next_dist_f3530cac._.js:2297
[26619834ms] [LOG] [cache-update] sid= null poleTags= 11 shapes= 0 @ http://localhost:3000/_next/static/chunks/node_modules_next_dist_f3530cac._.js:2297
[26619835ms] [WARNING] [cache-update] skipping save — no sessionId or db @ http://localhost:3000/_next/static/chunks/node_modules_next_dist_f3530cac._.js:2297
[26621947ms] [LOG] [cache-update] sid= null poleTags= 11 shapes= 0 @ http://localhost:3000/_next/static/chunks/node_modules_next_dist_f3530cac._.js:2297
[26621948ms] [WARNING] [cache-update] skipping save — no sessionId or db @ http://localhost:3000/_next/static/chunks/node_modules_next_dist_f3530cac._.js:2297
[26624070ms] [LOG] [cache-update] sid= null poleTags= 11 shapes= 0 @ http://localhost:3000/_next/static/chunks/node_modules_next_dist_f3530cac._.js:2297
[26624071ms] [WARNING] [cache-update] skipping save — no sessionId or db @ http://localhost:3000/_next/static/chunks/node_modules_next_dist_f3530cac._.js:2297
[26626238ms] [LOG] [cache-update] sid= null poleTags= 11 shapes= 0 @ http://localhost:3000/_next/static/chunks/node_modules_next_dist_f3530cac._.js:2297
[26626239ms] [WARNING] [cache-update] skipping save — no sessionId or db @ http://localhost:3000/_next/static/chunks/node_modules_next_dist_f3530cac._.js:2297
[26629289ms] [LOG] [Fast Refresh] rebuilding @ http://localhost:3000/_next/static/chunks/node_modules_next_dist_f3530cac._.js:2297
[26629447ms] [LOG] [Fast Refresh] done in 260ms @ http://localhost:3000/_next/static/chunks/node_modules_next_dist_f3530cac._.js:2297
[26630362ms] [LOG] [cache-update] sid= null poleTags= 11 shapes= 0 @ http://localhost:3000/_next/static/chunks/node_modules_next_dist_f3530cac._.js:2297
[26630363ms] [WARNING] [cache-update] skipping save — no sessionId or db @ http://localhost:3000/_next/static/chunks/node_modules_next_dist_f3530cac._.js:2297
[26632491ms] [LOG] [cache-update] sid= null poleTags= 11 shapes= 0 @ http://localhost:3000/_next/static/chunks/node_modules_next_dist_f3530cac._.js:2297
[26632492ms] [WARNING] [cache-update] skipping save — no sessionId or db @ http://localhost:3000/_next/static/chunks/node_modules_next_dist_f3530cac._.js:2297
[26634593ms] [LOG] [cache-update] sid= null poleTags= 11 shapes= 0 @ http://localhost:3000/_next/static/chunks/node_modules_next_dist_f3530cac._.js:2297
[26634593ms] [WARNING] [cache-update] skipping save — no sessionId or db @ http://localhost:3000/_next/static/chunks/node_modules_next_dist_f3530cac._.js:2297
[26637238ms] [LOG] [cache-update] sid= null poleTags= 13 shapes= 0 @ http://localhost:3000/_next/static/chunks/node_modules_next_dist_f3530cac._.js:2297
[26637238ms] [WARNING] [cache-update] skipping save — no sessionId or db @ http://localhost:3000/_next/static/chunks/node_modules_next_dist_f3530cac._.js:2297
[26638671ms] [LOG] [Fast Refresh] rebuilding @ http://localhost:3000/_next/static/chunks/node_modules_next_dist_f3530cac._.js:2297
[26638716ms] [LOG] [Fast Refresh] done in 146ms @ http://localhost:3000/_next/static/chunks/node_modules_next_dist_f3530cac._.js:2297
[26639393ms] [LOG] [cache-update] sid= null poleTags= 13 shapes= 0 @ http://localhost:3000/_next/static/chunks/node_modules_next_dist_f3530cac._.js:2297
[26639393ms] [WARNING] [cache-update] skipping save — no sessionId or db @ http://localhost:3000/_next/static/chunks/node_modules_next_dist_f3530cac._.js:2297
[26641500ms] [LOG] [cache-update] sid= null poleTags= 13 shapes= 0 @ http://localhost:3000/_next/static/chunks/node_modules_next_dist_f3530cac._.js:2297
[26641500ms] [WARNING] [cache-update] skipping save — no sessionId or db @ http://localhost:3000/_next/static/chunks/node_modules_next_dist_f3530cac._.js:2297
[26643616ms] [LOG] [cache-update] sid= null poleTags= 15 shapes= 0 @ http://localhost:3000/_next/static/chunks/node_modules_next_dist_f3530cac._.js:2297
[26643616ms] [WARNING] [cache-update] skipping save — no sessionId or db @ http://localhost:3000/_next/static/chunks/node_modules_next_dist_f3530cac._.js:2297
[26645733ms] [LOG] [cache-update] sid= null poleTags= 15 shapes= 0 @ http://localhost:3000/_next/static/chunks/node_modules_next_dist_f3530cac._.js:2297
[26645733ms] [WARNING] [cache-update] skipping save — no sessionId or db @ http://localhost:3000/_next/static/chunks/node_modules_next_dist_f3530cac._.js:2297
[26647855ms] [LOG] [cache-update] sid= null poleTags= 15 shapes= 0 @ http://localhost:3000/_next/static/chunks/node_modules_next_dist_f3530cac._.js:2297
[26647855ms] [WARNING] [cache-update] skipping save — no sessionId or db @ http://localhost:3000/_next/static/chunks/node_modules_next_dist_f3530cac._.js:2297
[26649978ms] [LOG] [cache-update] sid= null poleTags= 16 shapes= 0 @ http://localhost:3000/_next/static/chunks/node_modules_next_dist_f3530cac._.js:2297
[26649978ms] [WARNING] [cache-update] skipping save — no sessionId or db @ http://localhost:3000/_next/static/chunks/node_modules_next_dist_f3530cac._.js:2297
[26652130ms] [LOG] [cache-update] sid= null poleTags= 16 shapes= 0 @ http://localhost:3000/_next/static/chunks/node_modules_next_dist_f3530cac._.js:2297
[26652130ms] [WARNING] [cache-update] skipping save — no sessionId or db @ http://localhost:3000/_next/static/chunks/node_modules_next_dist_f3530cac._.js:2297
[26654274ms] [LOG] [cache-update] sid= null poleTags= 16 shapes= 0 @ http://localhost:3000/_next/static/chunks/node_modules_next_dist_f3530cac._.js:2297
[26654274ms] [WARNING] [cache-update] skipping save — no sessionId or db @ http://localhost:3000/_next/static/chunks/node_modules_next_dist_f3530cac._.js:2297
[26656476ms] [LOG] [cache-update] sid= null poleTags= 17 shapes= 0 @ http://localhost:3000/_next/static/chunks/node_modules_next_dist_f3530cac._.js:2297
[26656476ms] [WARNING] [cache-update] skipping save — no sessionId or db @ http://localhost:3000/_next/static/chunks/node_modules_next_dist_f3530cac._.js:2297
[26658579ms] [LOG] [cache-update] sid= null poleTags= 17 shapes= 0 @ http://localhost:3000/_next/static/chunks/node_modules_next_dist_f3530cac._.js:2297
[26658579ms] [WARNING] [cache-update] skipping save — no sessionId or db @ http://localhost:3000/_next/static/chunks/node_modules_next_dist_f3530cac._.js:2297
[26660722ms] [LOG] [cache-update] sid= null poleTags= 17 shapes= 0 @ http://localhost:3000/_next/static/chunks/node_modules_next_dist_f3530cac._.js:2297
[26660722ms] [WARNING] [cache-update] skipping save — no sessionId or db @ http://localhost:3000/_next/static/chunks/node_modules_next_dist_f3530cac._.js:2297
[26663255ms] [LOG] [cache-update] sid= null poleTags= 17 shapes= 0 @ http://localhost:3000/_next/static/chunks/node_modules_next_dist_f3530cac._.js:2297
[26663255ms] [WARNING] [cache-update] skipping save — no sessionId or db @ http://localhost:3000/_next/static/chunks/node_modules_next_dist_f3530cac._.js:2297
[26665401ms] [LOG] [cache-update] sid= null poleTags= 17 shapes= 0 @ http://localhost:3000/_next/static/chunks/node_modules_next_dist_f3530cac._.js:2297
[26665401ms] [WARNING] [cache-update] skipping save — no sessionId or db @ http://localhost:3000/_next/static/chunks/node_modules_next_dist_f3530cac._.js:2297
[26667602ms] [LOG] [cache-update] sid= null poleTags= 17 shapes= 0 @ http://localhost:3000/_next/static/chunks/node_modules_next_dist_f3530cac._.js:2297
[26667603ms] [WARNING] [cache-update] skipping save — no sessionId or db @ http://localhost:3000/_next/static/chunks/node_modules_next_dist_f3530cac._.js:2297
[26669712ms] [LOG] [cache-update] sid= null poleTags= 17 shapes= 0 @ http://localhost:3000/_next/static/chunks/node_modules_next_dist_f3530cac._.js:2297
[26669712ms] [WARNING] [cache-update] skipping save — no sessionId or db @ http://localhost:3000/_next/static/chunks/node_modules_next_dist_f3530cac._.js:2297
[26671893ms] [LOG] [cache-update] sid= null poleTags= 17 shapes= 0 @ http://localhost:3000/_next/static/chunks/node_modules_next_dist_f3530cac._.js:2297
[26671893ms] [WARNING] [cache-update] skipping save — no sessionId or db @ http://localhost:3000/_next/static/chunks/node_modules_next_dist_f3530cac._.js:2297
[26673699ms] [ERROR] Failed to load resource: the server responded with a status of 500 (Internal Server Error) @ http://localhost:3000/api/v1/cable_spans/derive:0
[26675811ms] [LOG] [cache-update] sid= null poleTags= 17 shapes= 0 @ http://localhost:3000/_next/static/chunks/node_modules_next_dist_f3530cac._.js:2297
[26675811ms] [WARNING] [cache-update] skipping save — no sessionId or db @ http://localhost:3000/_next/static/chunks/node_modules_next_dist_f3530cac._.js:2297
[26677956ms] [LOG] [cache-update] sid= null poleTags= 17 shapes= 0 @ http://localhost:3000/_next/static/chunks/node_modules_next_dist_f3530cac._.js:2297
[26677956ms] [WARNING] [cache-update] skipping save — no sessionId or db @ http://localhost:3000/_next/static/chunks/node_modules_next_dist_f3530cac._.js:2297
[26680069ms] [LOG] [cache-update] sid= null poleTags= 17 shapes= 0 @ http://localhost:3000/_next/static/chunks/node_modules_next_dist_f3530cac._.js:2297
[26680069ms] [WARNING] [cache-update] skipping save — no sessionId or db @ http://localhost:3000/_next/static/chunks/node_modules_next_dist_f3530cac._.js:2297
[26680077ms] [ERROR] Failed to load resource: the server responded with a status of 500 (Internal Server Error) @ http://localhost:3000/api/v1/cable_spans/derive:0
[26682206ms] [LOG] [cache-update] sid= null poleTags= 17 shapes= 0 @ http://localhost:3000/_next/static/chunks/node_modules_next_dist_f3530cac._.js:2297
[26682206ms] [WARNING] [cache-update] skipping save — no sessionId or db @ http://localhost:3000/_next/static/chunks/node_modules_next_dist_f3530cac._.js:2297
[26684328ms] [LOG] [cache-update] sid= null poleTags= 17 shapes= 0 @ http://localhost:3000/_next/static/chunks/node_modules_next_dist_f3530cac._.js:2297
[26684329ms] [WARNING] [cache-update] skipping save — no sessionId or db @ http://localhost:3000/_next/static/chunks/node_modules_next_dist_f3530cac._.js:2297
[26686455ms] [LOG] [cache-update] sid= null poleTags= 18 shapes= 0 @ http://localhost:3000/_next/static/chunks/node_modules_next_dist_f3530cac._.js:2297
[26686455ms] [WARNING] [cache-update] skipping save — no sessionId or db @ http://localhost:3000/_next/static/chunks/node_modules_next_dist_f3530cac._.js:2297
[26686565ms] [ERROR] Failed to load resource: the server responded with a status of 500 (Internal Server Error) @ http://localhost:3000/api/v1/cable_spans/derive:0
[26688785ms] [LOG] [cache-update] sid= null poleTags= 18 shapes= 0 @ http://localhost:3000/_next/static/chunks/node_modules_next_dist_f3530cac._.js:2297
[26688785ms] [WARNING] [cache-update] skipping save — no sessionId or db @ http://localhost:3000/_next/static/chunks/node_modules_next_dist_f3530cac._.js:2297
[26690963ms] [LOG] [cache-update] sid= null poleTags= 18 shapes= 0 @ http://localhost:3000/_next/static/chunks/node_modules_next_dist_f3530cac._.js:2297
[26690964ms] [WARNING] [cache-update] skipping save — no sessionId or db @ http://localhost:3000/_next/static/chunks/node_modules_next_dist_f3530cac._.js:2297
[26693124ms] [LOG] [cache-update] sid= null poleTags= 18 shapes= 0 @ http://localhost:3000/_next/static/chunks/node_modules_next_dist_f3530cac._.js:2297
[26693124ms] [WARNING] [cache-update] skipping save — no sessionId or db @ http://localhost:3000/_next/static/chunks/node_modules_next_dist_f3530cac._.js:2297
[26695268ms] [LOG] [cache-update] sid= null poleTags= 18 shapes= 0 @ http://localhost:3000/_next/static/chunks/node_modules_next_dist_f3530cac._.js:2297
[26695269ms] [WARNING] [cache-update] skipping save — no sessionId or db @ http://localhost:3000/_next/static/chunks/node_modules_next_dist_f3530cac._.js:2297
[26697409ms] [LOG] [cache-update] sid= null poleTags= 18 shapes= 0 @ http://localhost:3000/_next/static/chunks/node_modules_next_dist_f3530cac._.js:2297
[26697409ms] [WARNING] [cache-update] skipping save — no sessionId or db @ http://localhost:3000/_next/static/chunks/node_modules_next_dist_f3530cac._.js:2297
[26699511ms] [LOG] [cache-update] sid= null poleTags= 18 shapes= 0 @ http://localhost:3000/_next/static/chunks/node_modules_next_dist_f3530cac._.js:2297
[26699511ms] [WARNING] [cache-update] skipping save — no sessionId or db @ http://localhost:3000/_next/static/chunks/node_modules_next_dist_f3530cac._.js:2297
[26701582ms] [LOG] [cache-update] sid= null poleTags= 18 shapes= 0 @ http://localhost:3000/_next/static/chunks/node_modules_next_dist_f3530cac._.js:2297
[26701582ms] [WARNING] [cache-update] skipping save — no sessionId or db @ http://localhost:3000/_next/static/chunks/node_modules_next_dist_f3530cac._.js:2297
[26705431ms] [LOG] [cache-update] sid= null poleTags= 21 shapes= 0 @ http://localhost:3000/_next/static/chunks/node_modules_next_dist_f3530cac._.js:2297
[26705431ms] [WARNING] [cache-update] skipping save — no sessionId or db @ http://localhost:3000/_next/static/chunks/node_modules_next_dist_f3530cac._.js:2297
[26707583ms] [LOG] [cache-update] sid= null poleTags= 22 shapes= 0 @ http://localhost:3000/_next/static/chunks/node_modules_next_dist_f3530cac._.js:2297
[26707583ms] [WARNING] [cache-update] skipping save — no sessionId or db @ http://localhost:3000/_next/static/chunks/node_modules_next_dist_f3530cac._.js:2297
[26709679ms] [LOG] [cache-update] sid= null poleTags= 22 shapes= 0 @ http://localhost:3000/_next/static/chunks/node_modules_next_dist_f3530cac._.js:2297
[26709680ms] [WARNING] [cache-update] skipping save — no sessionId or db @ http://localhost:3000/_next/static/chunks/node_modules_next_dist_f3530cac._.js:2297
[26711826ms] [LOG] [cache-update] sid= null poleTags= 22 shapes= 0 @ http://localhost:3000/_next/static/chunks/node_modules_next_dist_f3530cac._.js:2297
[26711827ms] [WARNING] [cache-update] skipping save — no sessionId or db @ http://localhost:3000/_next/static/chunks/node_modules_next_dist_f3530cac._.js:2297
[26713932ms] [LOG] [cache-update] sid= null poleTags= 22 shapes= 0 @ http://localhost:3000/_next/static/chunks/node_modules_next_dist_f3530cac._.js:2297
[26713932ms] [WARNING] [cache-update] skipping save — no sessionId or db @ http://localhost:3000/_next/static/chunks/node_modules_next_dist_f3530cac._.js:2297
[26716053ms] [LOG] [cache-update] sid= null poleTags= 22 shapes= 0 @ http://localhost:3000/_next/static/chunks/node_modules_next_dist_f3530cac._.js:2297
[26716053ms] [WARNING] [cache-update] skipping save — no sessionId or db @ http://localhost:3000/_next/static/chunks/node_modules_next_dist_f3530cac._.js:2297
[26718187ms] [LOG] [cache-update] sid= null poleTags= 22 shapes= 0 @ http://localhost:3000/_next/static/chunks/node_modules_next_dist_f3530cac._.js:2297
[26718187ms] [WARNING] [cache-update] skipping save — no sessionId or db @ http://localhost:3000/_next/static/chunks/node_modules_next_dist_f3530cac._.js:2297
[26720290ms] [LOG] [cache-update] sid= null poleTags= 22 shapes= 0 @ http://localhost:3000/_next/static/chunks/node_modules_next_dist_f3530cac._.js:2297
[26720291ms] [WARNING] [cache-update] skipping save — no sessionId or db @ http://localhost:3000/_next/static/chunks/node_modules_next_dist_f3530cac._.js:2297
[26722412ms] [LOG] [cache-update] sid= null poleTags= 22 shapes= 0 @ http://localhost:3000/_next/static/chunks/node_modules_next_dist_f3530cac._.js:2297
[26722412ms] [WARNING] [cache-update] skipping save — no sessionId or db @ http://localhost:3000/_next/static/chunks/node_modules_next_dist_f3530cac._.js:2297
[26724549ms] [LOG] [cache-update] sid= null poleTags= 22 shapes= 0 @ http://localhost:3000/_next/static/chunks/node_modules_next_dist_f3530cac._.js:2297
[26724549ms] [WARNING] [cache-update] skipping save — no sessionId or db @ http://localhost:3000/_next/static/chunks/node_modules_next_dist_f3530cac._.js:2297
[26726703ms] [LOG] [cache-update] sid= null poleTags= 22 shapes= 0 @ http://localhost:3000/_next/static/chunks/node_modules_next_dist_f3530cac._.js:2297
[26726703ms] [WARNING] [cache-update] skipping save — no sessionId or db @ http://localhost:3000/_next/static/chunks/node_modules_next_dist_f3530cac._.js:2297
[26733180ms] [LOG] [cache-update] sid= null poleTags= 28 shapes= 0 @ http://localhost:3000/_next/static/chunks/node_modules_next_dist_f3530cac._.js:2297
[26733181ms] [WARNING] [cache-update] skipping save — no sessionId or db @ http://localhost:3000/_next/static/chunks/node_modules_next_dist_f3530cac._.js:2297
[26735349ms] [LOG] [cache-update] sid= null poleTags= 28 shapes= 0 @ http://localhost:3000/_next/static/chunks/node_modules_next_dist_f3530cac._.js:2297
[26735350ms] [WARNING] [cache-update] skipping save — no sessionId or db @ http://localhost:3000/_next/static/chunks/node_modules_next_dist_f3530cac._.js:2297
[26737448ms] [LOG] [cache-update] sid= null poleTags= 28 shapes= 0 @ http://localhost:3000/_next/static/chunks/node_modules_next_dist_f3530cac._.js:2297
[26737448ms] [WARNING] [cache-update] skipping save — no sessionId or db @ http://localhost:3000/_next/static/chunks/node_modules_next_dist_f3530cac._.js:2297
[26739531ms] [LOG] [cache-update] sid= null poleTags= 28 shapes= 0 @ http://localhost:3000/_next/static/chunks/node_modules_next_dist_f3530cac._.js:2297
[26739532ms] [WARNING] [cache-update] skipping save — no sessionId or db @ http://localhost:3000/_next/static/chunks/node_modules_next_dist_f3530cac._.js:2297
[26741673ms] [LOG] [cache-update] sid= null poleTags= 28 shapes= 0 @ http://localhost:3000/_next/static/chunks/node_modules_next_dist_f3530cac._.js:2297
[26741674ms] [WARNING] [cache-update] skipping save — no sessionId or db @ http://localhost:3000/_next/static/chunks/node_modules_next_dist_f3530cac._.js:2297
[26743779ms] [LOG] [cache-update] sid= null poleTags= 28 shapes= 0 @ http://localhost:3000/_next/static/chunks/node_modules_next_dist_f3530cac._.js:2297
[26743780ms] [WARNING] [cache-update] skipping save — no sessionId or db @ http://localhost:3000/_next/static/chunks/node_modules_next_dist_f3530cac._.js:2297
[26745854ms] [LOG] [cache-update] sid= null poleTags= 30 shapes= 0 @ http://localhost:3000/_next/static/chunks/node_modules_next_dist_f3530cac._.js:2297
[26745854ms] [WARNING] [cache-update] skipping save — no sessionId or db @ http://localhost:3000/_next/static/chunks/node_modules_next_dist_f3530cac._.js:2297
[26747949ms] [LOG] [cache-update] sid= null poleTags= 30 shapes= 0 @ http://localhost:3000/_next/static/chunks/node_modules_next_dist_f3530cac._.js:2297
[26747949ms] [WARNING] [cache-update] skipping save — no sessionId or db @ http://localhost:3000/_next/static/chunks/node_modules_next_dist_f3530cac._.js:2297
[26750516ms] [LOG] [cache-update] sid= null poleTags= 31 shapes= 0 @ http://localhost:3000/_next/static/chunks/node_modules_next_dist_f3530cac._.js:2297
[26750517ms] [WARNING] [cache-update] skipping save — no sessionId or db @ http://localhost:3000/_next/static/chunks/node_modules_next_dist_f3530cac._.js:2297
[26752687ms] [LOG] [cache-update] sid= null poleTags= 31 shapes= 0 @ http://localhost:3000/_next/static/chunks/node_modules_next_dist_f3530cac._.js:2297
[26752687ms] [WARNING] [cache-update] skipping save — no sessionId or db @ http://localhost:3000/_next/static/chunks/node_modules_next_dist_f3530cac._.js:2297
[26754795ms] [LOG] [cache-update] sid= null poleTags= 32 shapes= 0 @ http://localhost:3000/_next/static/chunks/node_modules_next_dist_f3530cac._.js:2297
[26754795ms] [WARNING] [cache-update] skipping save — no sessionId or db @ http://localhost:3000/_next/static/chunks/node_modules_next_dist_f3530cac._.js:2297
[26756962ms] [LOG] [cache-update] sid= null poleTags= 32 shapes= 0 @ http://localhost:3000/_next/static/chunks/node_modules_next_dist_f3530cac._.js:2297
[26756962ms] [WARNING] [cache-update] skipping save — no sessionId or db @ http://localhost:3000/_next/static/chunks/node_modules_next_dist_f3530cac._.js:2297
[26759147ms] [LOG] [cache-update] sid= null poleTags= 32 shapes= 0 @ http://localhost:3000/_next/static/chunks/node_modules_next_dist_f3530cac._.js:2297
[26759147ms] [WARNING] [cache-update] skipping save — no sessionId or db @ http://localhost:3000/_next/static/chunks/node_modules_next_dist_f3530cac._.js:2297
[26761312ms] [LOG] [cache-update] sid= null poleTags= 32 shapes= 0 @ http://localhost:3000/_next/static/chunks/node_modules_next_dist_f3530cac._.js:2297
[26761312ms] [WARNING] [cache-update] skipping save — no sessionId or db @ http://localhost:3000/_next/static/chunks/node_modules_next_dist_f3530cac._.js:2297
[26763535ms] [LOG] [cache-update] sid= null poleTags= 32 shapes= 0 @ http://localhost:3000/_next/static/chunks/node_modules_next_dist_f3530cac._.js:2297
[26763536ms] [WARNING] [cache-update] skipping save — no sessionId or db @ http://localhost:3000/_next/static/chunks/node_modules_next_dist_f3530cac._.js:2297
[26765725ms] [LOG] [cache-update] sid= null poleTags= 32 shapes= 0 @ http://localhost:3000/_next/static/chunks/node_modules_next_dist_f3530cac._.js:2297
[26765725ms] [WARNING] [cache-update] skipping save — no sessionId or db @ http://localhost:3000/_next/static/chunks/node_modules_next_dist_f3530cac._.js:2297
[26767840ms] [LOG] [cache-update] sid= null poleTags= 32 shapes= 0 @ http://localhost:3000/_next/static/chunks/node_modules_next_dist_f3530cac._.js:2297
[26767840ms] [WARNING] [cache-update] skipping save — no sessionId or db @ http://localhost:3000/_next/static/chunks/node_modules_next_dist_f3530cac._.js:2297
[26770014ms] [LOG] [cache-update] sid= null poleTags= 32 shapes= 0 @ http://localhost:3000/_next/static/chunks/node_modules_next_dist_f3530cac._.js:2297
[26770014ms] [WARNING] [cache-update] skipping save — no sessionId or db @ http://localhost:3000/_next/static/chunks/node_modules_next_dist_f3530cac._.js:2297
[26772188ms] [LOG] [cache-update] sid= null poleTags= 32 shapes= 0 @ http://localhost:3000/_next/static/chunks/node_modules_next_dist_f3530cac._.js:2297
[26772188ms] [WARNING] [cache-update] skipping save — no sessionId or db @ http://localhost:3000/_next/static/chunks/node_modules_next_dist_f3530cac._.js:2297
[26774319ms] [LOG] [cache-update] sid= null poleTags= 32 shapes= 0 @ http://localhost:3000/_next/static/chunks/node_modules_next_dist_f3530cac._.js:2297
[26774319ms] [WARNING] [cache-update] skipping save — no sessionId or db @ http://localhost:3000/_next/static/chunks/node_modules_next_dist_f3530cac._.js:2297
[26775947ms] [ERROR] Failed to load resource: the server responded with a status of 500 (Internal Server Error) @ http://localhost:3000/api/v1/cable_spans/derive:0
[26778150ms] [LOG] [cache-update] sid= null poleTags= 33 shapes= 0 @ http://localhost:3000/_next/static/chunks/node_modules_next_dist_f3530cac._.js:2297
[26778150ms] [WARNING] [cache-update] skipping save — no sessionId or db @ http://localhost:3000/_next/static/chunks/node_modules_next_dist_f3530cac._.js:2297
[26780406ms] [LOG] [cache-update] sid= null poleTags= 33 shapes= 0 @ http://localhost:3000/_next/static/chunks/node_modules_next_dist_f3530cac._.js:2297
[26780406ms] [WARNING] [cache-update] skipping save — no sessionId or db @ http://localhost:3000/_next/static/chunks/node_modules_next_dist_f3530cac._.js:2297
[26780611ms] [ERROR] Failed to load resource: the server responded with a status of 500 (Internal Server Error) @ http://localhost:3000/api/v1/cable_spans/derive:0
[26782821ms] [LOG] [cache-update] sid= null poleTags= 33 shapes= 0 @ http://localhost:3000/_next/static/chunks/node_modules_next_dist_f3530cac._.js:2297
[26782821ms] [WARNING] [cache-update] skipping save — no sessionId or db @ http://localhost:3000/_next/static/chunks/node_modules_next_dist_f3530cac._.js:2297
[26784876ms] [ERROR] Failed to load resource: the server responded with a status of 500 (Internal Server Error) @ http://localhost:3000/api/v1/cable_spans/derive:0
[26784967ms] [LOG] [cache-update] sid= null poleTags= 33 shapes= 0 @ http://localhost:3000/_next/static/chunks/node_modules_next_dist_f3530cac._.js:2297
[26784967ms] [WARNING] [cache-update] skipping save — no sessionId or db @ http://localhost:3000/_next/static/chunks/node_modules_next_dist_f3530cac._.js:2297
[26787167ms] [LOG] [cache-update] sid= null poleTags= 33 shapes= 0 @ http://localhost:3000/_next/static/chunks/node_modules_next_dist_f3530cac._.js:2297
[26787167ms] [WARNING] [cache-update] skipping save — no sessionId or db @ http://localhost:3000/_next/static/chunks/node_modules_next_dist_f3530cac._.js:2297
[26789301ms] [LOG] [cache-update] sid= null poleTags= 33 shapes= 0 @ http://localhost:3000/_next/static/chunks/node_modules_next_dist_f3530cac._.js:2297
[26789302ms] [WARNING] [cache-update] skipping save — no sessionId or db @ http://localhost:3000/_next/static/chunks/node_modules_next_dist_f3530cac._.js:2297
[26791427ms] [LOG] [cache-update] sid= null poleTags= 33 shapes= 0 @ http://localhost:3000/_next/static/chunks/node_modules_next_dist_f3530cac._.js:2297
[26791427ms] [WARNING] [cache-update] skipping save — no sessionId or db @ http://localhost:3000/_next/static/chunks/node_modules_next_dist_f3530cac._.js:2297
[26793540ms] [LOG] [cache-update] sid= null poleTags= 33 shapes= 0 @ http://localhost:3000/_next/static/chunks/node_modules_next_dist_f3530cac._.js:2297
[26793540ms] [WARNING] [cache-update] skipping save — no sessionId or db @ http://localhost:3000/_next/static/chunks/node_modules_next_dist_f3530cac._.js:2297
[26795609ms] [LOG] [cache-update] sid= null poleTags= 33 shapes= 0 @ http://localhost:3000/_next/static/chunks/node_modules_next_dist_f3530cac._.js:2297
[26795609ms] [WARNING] [cache-update] skipping save — no sessionId or db @ http://localhost:3000/_next/static/chunks/node_modules_next_dist_f3530cac._.js:2297
[26797714ms] [LOG] [cache-update] sid= null poleTags= 33 shapes= 0 @ http://localhost:3000/_next/static/chunks/node_modules_next_dist_f3530cac._.js:2297
[26797714ms] [WARNING] [cache-update] skipping save — no sessionId or db @ http://localhost:3000/_next/static/chunks/node_modules_next_dist_f3530cac._.js:2297
[26799826ms] [LOG] [cache-update] sid= null poleTags= 33 shapes= 0 @ http://localhost:3000/_next/static/chunks/node_modules_next_dist_f3530cac._.js:2297
[26799826ms] [WARNING] [cache-update] skipping save — no sessionId or db @ http://localhost:3000/_next/static/chunks/node_modules_next_dist_f3530cac._.js:2297
[26801903ms] [LOG] [cache-update] sid= null poleTags= 33 shapes= 0 @ http://localhost:3000/_next/static/chunks/node_modules_next_dist_f3530cac._.js:2297
[26801903ms] [WARNING] [cache-update] skipping save — no sessionId or db @ http://localhost:3000/_next/static/chunks/node_modules_next_dist_f3530cac._.js:2297
[26805416ms] [LOG] [cache-update] sid= null poleTags= 41 shapes= 0 @ http://localhost:3000/_next/static/chunks/node_modules_next_dist_f3530cac._.js:2297
[26805416ms] [WARNING] [cache-update] skipping save — no sessionId or db @ http://localhost:3000/_next/static/chunks/node_modules_next_dist_f3530cac._.js:2297
[26807574ms] [LOG] [cache-update] sid= null poleTags= 41 shapes= 0 @ http://localhost:3000/_next/static/chunks/node_modules_next_dist_f3530cac._.js:2297
[26807574ms] [WARNING] [cache-update] skipping save — no sessionId or db @ http://localhost:3000/_next/static/chunks/node_modules_next_dist_f3530cac._.js:2297
[26809690ms] [LOG] [cache-update] sid= null poleTags= 41 shapes= 0 @ http://localhost:3000/_next/static/chunks/node_modules_next_dist_f3530cac._.js:2297
[26809690ms] [WARNING] [cache-update] skipping save — no sessionId or db @ http://localhost:3000/_next/static/chunks/node_modules_next_dist_f3530cac._.js:2297
[26811805ms] [LOG] [cache-update] sid= null poleTags= 41 shapes= 0 @ http://localhost:3000/_next/static/chunks/node_modules_next_dist_f3530cac._.js:2297
[26811805ms] [WARNING] [cache-update] skipping save — no sessionId or db @ http://localhost:3000/_next/static/chunks/node_modules_next_dist_f3530cac._.js:2297
[26813927ms] [LOG] [cache-update] sid= null poleTags= 41 shapes= 0 @ http://localhost:3000/_next/static/chunks/node_modules_next_dist_f3530cac._.js:2297
[26813927ms] [WARNING] [cache-update] skipping save — no sessionId or db @ http://localhost:3000/_next/static/chunks/node_modules_next_dist_f3530cac._.js:2297
[26816047ms] [LOG] [cache-update] sid= null poleTags= 42 shapes= 0 @ http://localhost:3000/_next/static/chunks/node_modules_next_dist_f3530cac._.js:2297
[26816047ms] [WARNING] [cache-update] skipping save — no sessionId or db @ http://localhost:3000/_next/static/chunks/node_modules_next_dist_f3530cac._.js:2297
[26818328ms] [LOG] [cache-update] sid= null poleTags= 42 shapes= 0 @ http://localhost:3000/_next/static/chunks/node_modules_next_dist_f3530cac._.js:2297
[26818328ms] [WARNING] [cache-update] skipping save — no sessionId or db @ http://localhost:3000/_next/static/chunks/node_modules_next_dist_f3530cac._.js:2297
[26820467ms] [LOG] [cache-update] sid= null poleTags= 42 shapes= 0 @ http://localhost:3000/_next/static/chunks/node_modules_next_dist_f3530cac._.js:2297
[26820467ms] [WARNING] [cache-update] skipping save — no sessionId or db @ http://localhost:3000/_next/static/chunks/node_modules_next_dist_f3530cac._.js:2297
[26823975ms] [LOG] [cache-update] sid= null poleTags= 44 shapes= 0 @ http://localhost:3000/_next/static/chunks/node_modules_next_dist_f3530cac._.js:2297
[26823976ms] [WARNING] [cache-update] skipping save — no sessionId or db @ http://localhost:3000/_next/static/chunks/node_modules_next_dist_f3530cac._.js:2297
[26826138ms] [LOG] [cache-update] sid= null poleTags= 45 shapes= 0 @ http://localhost:3000/_next/static/chunks/node_modules_next_dist_f3530cac._.js:2297
[26826138ms] [WARNING] [cache-update] skipping save — no sessionId or db @ http://localhost:3000/_next/static/chunks/node_modules_next_dist_f3530cac._.js:2297
[26828309ms] [LOG] [cache-update] sid= null poleTags= 45 shapes= 0 @ http://localhost:3000/_next/static/chunks/node_modules_next_dist_f3530cac._.js:2297
[26828309ms] [WARNING] [cache-update] skipping save — no sessionId or db @ http://localhost:3000/_next/static/chunks/node_modules_next_dist_f3530cac._.js:2297
[26830435ms] [LOG] [cache-update] sid= null poleTags= 45 shapes= 0 @ http://localhost:3000/_next/static/chunks/node_modules_next_dist_f3530cac._.js:2297
[26830435ms] [WARNING] [cache-update] skipping save — no sessionId or db @ http://localhost:3000/_next/static/chunks/node_modules_next_dist_f3530cac._.js:2297
[26832609ms] [LOG] [cache-update] sid= null poleTags= 45 shapes= 0 @ http://localhost:3000/_next/static/chunks/node_modules_next_dist_f3530cac._.js:2297
[26832609ms] [WARNING] [cache-update] skipping save — no sessionId or db @ http://localhost:3000/_next/static/chunks/node_modules_next_dist_f3530cac._.js:2297
[26834739ms] [LOG] [cache-update] sid= null poleTags= 45 shapes= 0 @ http://localhost:3000/_next/static/chunks/node_modules_next_dist_f3530cac._.js:2297
[26834739ms] [WARNING] [cache-update] skipping save — no sessionId or db @ http://localhost:3000/_next/static/chunks/node_modules_next_dist_f3530cac._.js:2297
[26836898ms] [LOG] [cache-update] sid= null poleTags= 45 shapes= 0 @ http://localhost:3000/_next/static/chunks/node_modules_next_dist_f3530cac._.js:2297
[26836898ms] [WARNING] [cache-update] skipping save — no sessionId or db @ http://localhost:3000/_next/static/chunks/node_modules_next_dist_f3530cac._.js:2297
[26839000ms] [LOG] [cache-update] sid= null poleTags= 45 shapes= 0 @ http://localhost:3000/_next/static/chunks/node_modules_next_dist_f3530cac._.js:2297
[26839000ms] [WARNING] [cache-update] skipping save — no sessionId or db @ http://localhost:3000/_next/static/chunks/node_modules_next_dist_f3530cac._.js:2297
[26843297ms] [LOG] [cache-update] sid= null poleTags= 45 shapes= 0 @ http://localhost:3000/_next/static/chunks/node_modules_next_dist_f3530cac._.js:2297
[26843297ms] [WARNING] [cache-update] skipping save — no sessionId or db @ http://localhost:3000/_next/static/chunks/node_modules_next_dist_f3530cac._.js:2297
[26845413ms] [LOG] [cache-update] sid= null poleTags= 45 shapes= 0 @ http://localhost:3000/_next/static/chunks/node_modules_next_dist_f3530cac._.js:2297
[26845413ms] [WARNING] [cache-update] skipping save — no sessionId or db @ http://localhost:3000/_next/static/chunks/node_modules_next_dist_f3530cac._.js:2297
[26847528ms] [LOG] [cache-update] sid= null poleTags= 45 shapes= 0 @ http://localhost:3000/_next/static/chunks/node_modules_next_dist_f3530cac._.js:2297
[26847528ms] [WARNING] [cache-update] skipping save — no sessionId or db @ http://localhost:3000/_next/static/chunks/node_modules_next_dist_f3530cac._.js:2297
[26849675ms] [LOG] [cache-update] sid= null poleTags= 45 shapes= 0 @ http://localhost:3000/_next/static/chunks/node_modules_next_dist_f3530cac._.js:2297
[26849676ms] [WARNING] [cache-update] skipping save — no sessionId or db @ http://localhost:3000/_next/static/chunks/node_modules_next_dist_f3530cac._.js:2297
[26851802ms] [LOG] [cache-update] sid= null poleTags= 45 shapes= 0 @ http://localhost:3000/_next/static/chunks/node_modules_next_dist_f3530cac._.js:2297
[26851803ms] [WARNING] [cache-update] skipping save — no sessionId or db @ http://localhost:3000/_next/static/chunks/node_modules_next_dist_f3530cac._.js:2297
[26853930ms] [LOG] [cache-update] sid= null poleTags= 45 shapes= 0 @ http://localhost:3000/_next/static/chunks/node_modules_next_dist_f3530cac._.js:2297
[26853930ms] [WARNING] [cache-update] skipping save — no sessionId or db @ http://localhost:3000/_next/static/chunks/node_modules_next_dist_f3530cac._.js:2297
[26858508ms] [LOG] [cache-update] sid= null poleTags= 51 shapes= 0 @ http://localhost:3000/_next/static/chunks/node_modules_next_dist_f3530cac._.js:2297
[26858508ms] [WARNING] [cache-update] skipping save — no sessionId or db @ http://localhost:3000/_next/static/chunks/node_modules_next_dist_f3530cac._.js:2297
[26860687ms] [LOG] [cache-update] sid= null poleTags= 52 shapes= 0 @ http://localhost:3000/_next/static/chunks/node_modules_next_dist_f3530cac._.js:2297
[26860687ms] [WARNING] [cache-update] skipping save — no sessionId or db @ http://localhost:3000/_next/static/chunks/node_modules_next_dist_f3530cac._.js:2297
[26862780ms] [LOG] [cache-update] sid= null poleTags= 52 shapes= 0 @ http://localhost:3000/_next/static/chunks/node_modules_next_dist_f3530cac._.js:2297
[26862780ms] [WARNING] [cache-update] skipping save — no sessionId or db @ http://localhost:3000/_next/static/chunks/node_modules_next_dist_f3530cac._.js:2297
[26864870ms] [LOG] [cache-update] sid= null poleTags= 52 shapes= 0 @ http://localhost:3000/_next/static/chunks/node_modules_next_dist_f3530cac._.js:2297
[26864870ms] [WARNING] [cache-update] skipping save — no sessionId or db @ http://localhost:3000/_next/static/chunks/node_modules_next_dist_f3530cac._.js:2297
[26866974ms] [LOG] [cache-update] sid= null poleTags= 52 shapes= 0 @ http://localhost:3000/_next/static/chunks/node_modules_next_dist_f3530cac._.js:2297
[26866975ms] [WARNING] [cache-update] skipping save — no sessionId or db @ http://localhost:3000/_next/static/chunks/node_modules_next_dist_f3530cac._.js:2297
[26869164ms] [LOG] [cache-update] sid= null poleTags= 53 shapes= 0 @ http://localhost:3000/_next/static/chunks/node_modules_next_dist_f3530cac._.js:2297
[26869164ms] [WARNING] [cache-update] skipping save — no sessionId or db @ http://localhost:3000/_next/static/chunks/node_modules_next_dist_f3530cac._.js:2297
[26871317ms] [LOG] [cache-update] sid= null poleTags= 53 shapes= 0 @ http://localhost:3000/_next/static/chunks/node_modules_next_dist_f3530cac._.js:2297
[26871318ms] [WARNING] [cache-update] skipping save — no sessionId or db @ http://localhost:3000/_next/static/chunks/node_modules_next_dist_f3530cac._.js:2297
[26873560ms] [LOG] [cache-update] sid= null poleTags= 53 shapes= 0 @ http://localhost:3000/_next/static/chunks/node_modules_next_dist_f3530cac._.js:2297
[26873560ms] [WARNING] [cache-update] skipping save — no sessionId or db @ http://localhost:3000/_next/static/chunks/node_modules_next_dist_f3530cac._.js:2297
[26875701ms] [LOG] [cache-update] sid= null poleTags= 53 shapes= 0 @ http://localhost:3000/_next/static/chunks/node_modules_next_dist_f3530cac._.js:2297
[26875701ms] [WARNING] [cache-update] skipping save — no sessionId or db @ http://localhost:3000/_next/static/chunks/node_modules_next_dist_f3530cac._.js:2297
[26877778ms] [LOG] [cache-update] sid= null poleTags= 53 shapes= 0 @ http://localhost:3000/_next/static/chunks/node_modules_next_dist_f3530cac._.js:2297
[26877778ms] [WARNING] [cache-update] skipping save — no sessionId or db @ http://localhost:3000/_next/static/chunks/node_modules_next_dist_f3530cac._.js:2297
[26879898ms] [LOG] [cache-update] sid= null poleTags= 53 shapes= 0 @ http://localhost:3000/_next/static/chunks/node_modules_next_dist_f3530cac._.js:2297
[26879898ms] [WARNING] [cache-update] skipping save — no sessionId or db @ http://localhost:3000/_next/static/chunks/node_modules_next_dist_f3530cac._.js:2297
[26882068ms] [LOG] [cache-update] sid= null poleTags= 53 shapes= 0 @ http://localhost:3000/_next/static/chunks/node_modules_next_dist_f3530cac._.js:2297
[26882068ms] [WARNING] [cache-update] skipping save — no sessionId or db @ http://localhost:3000/_next/static/chunks/node_modules_next_dist_f3530cac._.js:2297
[26885685ms] [LOG] [cache-update] sid= null poleTags= 53 shapes= 0 @ http://localhost:3000/_next/static/chunks/node_modules_next_dist_f3530cac._.js:2297
[26885685ms] [WARNING] [cache-update] skipping save — no sessionId or db @ http://localhost:3000/_next/static/chunks/node_modules_next_dist_f3530cac._.js:2297
[26889751ms] [LOG] [cache-update] sid= null poleTags= 53 shapes= 0 @ http://localhost:3000/_next/static/chunks/node_modules_next_dist_f3530cac._.js:2297
[26889751ms] [WARNING] [cache-update] skipping save — no sessionId or db @ http://localhost:3000/_next/static/chunks/node_modules_next_dist_f3530cac._.js:2297
[26891861ms] [LOG] [cache-update] sid= null poleTags= 53 shapes= 0 @ http://localhost:3000/_next/static/chunks/node_modules_next_dist_f3530cac._.js:2297
[26891861ms] [WARNING] [cache-update] skipping save — no sessionId or db @ http://localhost:3000/_next/static/chunks/node_modules_next_dist_f3530cac._.js:2297
[26893983ms] [LOG] [cache-update] sid= null poleTags= 53 shapes= 0 @ http://localhost:3000/_next/static/chunks/node_modules_next_dist_f3530cac._.js:2297
[26893983ms] [WARNING] [cache-update] skipping save — no sessionId or db @ http://localhost:3000/_next/static/chunks/node_modules_next_dist_f3530cac._.js:2297
[26897291ms] [LOG] [cache-update] sid= null poleTags= 57 shapes= 0 @ http://localhost:3000/_next/static/chunks/node_modules_next_dist_f3530cac._.js:2297
[26897291ms] [WARNING] [cache-update] skipping save — no sessionId or db @ http://localhost:3000/_next/static/chunks/node_modules_next_dist_f3530cac._.js:2297
[26899463ms] [LOG] [cache-update] sid= null poleTags= 57 shapes= 0 @ http://localhost:3000/_next/static/chunks/node_modules_next_dist_f3530cac._.js:2297
[26899463ms] [WARNING] [cache-update] skipping save — no sessionId or db @ http://localhost:3000/_next/static/chunks/node_modules_next_dist_f3530cac._.js:2297
[26901589ms] [LOG] [cache-update] sid= null poleTags= 57 shapes= 0 @ http://localhost:3000/_next/static/chunks/node_modules_next_dist_f3530cac._.js:2297
[26901589ms] [WARNING] [cache-update] skipping save — no sessionId or db @ http://localhost:3000/_next/static/chunks/node_modules_next_dist_f3530cac._.js:2297
[26903711ms] [LOG] [cache-update] sid= null poleTags= 57 shapes= 0 @ http://localhost:3000/_next/static/chunks/node_modules_next_dist_f3530cac._.js:2297
[26903712ms] [WARNING] [cache-update] skipping save — no sessionId or db @ http://localhost:3000/_next/static/chunks/node_modules_next_dist_f3530cac._.js:2297
[26905832ms] [LOG] [cache-update] sid= null poleTags= 57 shapes= 0 @ http://localhost:3000/_next/static/chunks/node_modules_next_dist_f3530cac._.js:2297
[26905833ms] [WARNING] [cache-update] skipping save — no sessionId or db @ http://localhost:3000/_next/static/chunks/node_modules_next_dist_f3530cac._.js:2297
[26907982ms] [LOG] [cache-update] sid= null poleTags= 58 shapes= 0 @ http://localhost:3000/_next/static/chunks/node_modules_next_dist_f3530cac._.js:2297
[26907982ms] [WARNING] [cache-update] skipping save — no sessionId or db @ http://localhost:3000/_next/static/chunks/node_modules_next_dist_f3530cac._.js:2297
[26910473ms] [LOG] [cache-update] sid= null poleTags= 58 shapes= 0 @ http://localhost:3000/_next/static/chunks/node_modules_next_dist_f3530cac._.js:2297
[26910473ms] [WARNING] [cache-update] skipping save — no sessionId or db @ http://localhost:3000/_next/static/chunks/node_modules_next_dist_f3530cac._.js:2297
[26912662ms] [LOG] [cache-update] sid= null poleTags= 58 shapes= 0 @ http://localhost:3000/_next/static/chunks/node_modules_next_dist_f3530cac._.js:2297
[26912662ms] [WARNING] [cache-update] skipping save — no sessionId or db @ http://localhost:3000/_next/static/chunks/node_modules_next_dist_f3530cac._.js:2297
[26916055ms] [LOG] [cache-update] sid= null poleTags= 59 shapes= 0 @ http://localhost:3000/_next/static/chunks/node_modules_next_dist_f3530cac._.js:2297
[26916055ms] [WARNING] [cache-update] skipping save — no sessionId or db @ http://localhost:3000/_next/static/chunks/node_modules_next_dist_f3530cac._.js:2297
[26918278ms] [LOG] [cache-update] sid= null poleTags= 60 shapes= 0 @ http://localhost:3000/_next/static/chunks/node_modules_next_dist_f3530cac._.js:2297
[26918278ms] [WARNING] [cache-update] skipping save — no sessionId or db @ http://localhost:3000/_next/static/chunks/node_modules_next_dist_f3530cac._.js:2297
[26920474ms] [LOG] [cache-update] sid= null poleTags= 60 shapes= 0 @ http://localhost:3000/_next/static/chunks/node_modules_next_dist_f3530cac._.js:2297
[26920474ms] [WARNING] [cache-update] skipping save — no sessionId or db @ http://localhost:3000/_next/static/chunks/node_modules_next_dist_f3530cac._.js:2297
[26922639ms] [LOG] [cache-update] sid= null poleTags= 60 shapes= 0 @ http://localhost:3000/_next/static/chunks/node_modules_next_dist_f3530cac._.js:2297
[26922639ms] [WARNING] [cache-update] skipping save — no sessionId or db @ http://localhost:3000/_next/static/chunks/node_modules_next_dist_f3530cac._.js:2297
[26924798ms] [LOG] [cache-update] sid= null poleTags= 60 shapes= 0 @ http://localhost:3000/_next/static/chunks/node_modules_next_dist_f3530cac._.js:2297
[26924798ms] [WARNING] [cache-update] skipping save — no sessionId or db @ http://localhost:3000/_next/static/chunks/node_modules_next_dist_f3530cac._.js:2297
[26927016ms] [LOG] [cache-update] sid= null poleTags= 60 shapes= 0 @ http://localhost:3000/_next/static/chunks/node_modules_next_dist_f3530cac._.js:2297
[26927016ms] [WARNING] [cache-update] skipping save — no sessionId or db @ http://localhost:3000/_next/static/chunks/node_modules_next_dist_f3530cac._.js:2297
[26929188ms] [LOG] [cache-update] sid= null poleTags= 60 shapes= 0 @ http://localhost:3000/_next/static/chunks/node_modules_next_dist_f3530cac._.js:2297
[26929188ms] [WARNING] [cache-update] skipping save — no sessionId or db @ http://localhost:3000/_next/static/chunks/node_modules_next_dist_f3530cac._.js:2297
[26931299ms] [LOG] [cache-update] sid= null poleTags= 60 shapes= 0 @ http://localhost:3000/_next/static/chunks/node_modules_next_dist_f3530cac._.js:2297
[26931299ms] [WARNING] [cache-update] skipping save — no sessionId or db @ http://localhost:3000/_next/static/chunks/node_modules_next_dist_f3530cac._.js:2297
[26933604ms] [LOG] [cache-update] sid= null poleTags= 60 shapes= 0 @ http://localhost:3000/_next/static/chunks/node_modules_next_dist_f3530cac._.js:2297
[26933605ms] [WARNING] [cache-update] skipping save — no sessionId or db @ http://localhost:3000/_next/static/chunks/node_modules_next_dist_f3530cac._.js:2297
[26935841ms] [LOG] [cache-update] sid= null poleTags= 60 shapes= 0 @ http://localhost:3000/_next/static/chunks/node_modules_next_dist_f3530cac._.js:2297
[26935842ms] [WARNING] [cache-update] skipping save — no sessionId or db @ http://localhost:3000/_next/static/chunks/node_modules_next_dist_f3530cac._.js:2297
[26939012ms] [LOG] [cache-update] sid= null poleTags= 60 shapes= 0 @ http://localhost:3000/_next/static/chunks/node_modules_next_dist_f3530cac._.js:2297
[26939012ms] [WARNING] [cache-update] skipping save — no sessionId or db @ http://localhost:3000/_next/static/chunks/node_modules_next_dist_f3530cac._.js:2297
[26941198ms] [LOG] [cache-update] sid= null poleTags= 60 shapes= 0 @ http://localhost:3000/_next/static/chunks/node_modules_next_dist_f3530cac._.js:2297
[26941198ms] [WARNING] [cache-update] skipping save — no sessionId or db @ http://localhost:3000/_next/static/chunks/node_modules_next_dist_f3530cac._.js:2297
[26943382ms] [LOG] [cache-update] sid= null poleTags= 60 shapes= 0 @ http://localhost:3000/_next/static/chunks/node_modules_next_dist_f3530cac._.js:2297
[26943383ms] [WARNING] [cache-update] skipping save — no sessionId or db @ http://localhost:3000/_next/static/chunks/node_modules_next_dist_f3530cac._.js:2297
[26945495ms] [LOG] [cache-update] sid= null poleTags= 60 shapes= 0 @ http://localhost:3000/_next/static/chunks/node_modules_next_dist_f3530cac._.js:2297
[26945496ms] [WARNING] [cache-update] skipping save — no sessionId or db @ http://localhost:3000/_next/static/chunks/node_modules_next_dist_f3530cac._.js:2297
[26946140ms] [ERROR] Failed to load resource: the server responded with a status of 500 (Internal Server Error) @ http://localhost:3000/api/v1/cable_spans/derive:0
[26948363ms] [ERROR] Failed to load resource: the server responded with a status of 500 (Internal Server Error) @ http://localhost:3000/api/v1/cable_spans/derive:0
[26948693ms] [LOG] [cache-update] sid= null poleTags= 60 shapes= 0 @ http://localhost:3000/_next/static/chunks/node_modules_next_dist_f3530cac._.js:2297
[26948693ms] [WARNING] [cache-update] skipping save — no sessionId or db @ http://localhost:3000/_next/static/chunks/node_modules_next_dist_f3530cac._.js:2297
[26950779ms] [LOG] [cache-update] sid= null poleTags= 61 shapes= 0 @ http://localhost:3000/_next/static/chunks/node_modules_next_dist_f3530cac._.js:2297
[26950779ms] [WARNING] [cache-update] skipping save — no sessionId or db @ http://localhost:3000/_next/static/chunks/node_modules_next_dist_f3530cac._.js:2297
[26952951ms] [LOG] [cache-update] sid= null poleTags= 61 shapes= 0 @ http://localhost:3000/_next/static/chunks/node_modules_next_dist_f3530cac._.js:2297
[26952951ms] [WARNING] [cache-update] skipping save — no sessionId or db @ http://localhost:3000/_next/static/chunks/node_modules_next_dist_f3530cac._.js:2297
[26955055ms] [LOG] [cache-update] sid= null poleTags= 61 shapes= 0 @ http://localhost:3000/_next/static/chunks/node_modules_next_dist_f3530cac._.js:2297
[26955055ms] [WARNING] [cache-update] skipping save — no sessionId or db @ http://localhost:3000/_next/static/chunks/node_modules_next_dist_f3530cac._.js:2297
[26957208ms] [LOG] [cache-update] sid= null poleTags= 61 shapes= 0 @ http://localhost:3000/_next/static/chunks/node_modules_next_dist_f3530cac._.js:2297
[26957208ms] [WARNING] [cache-update] skipping save — no sessionId or db @ http://localhost:3000/_next/static/chunks/node_modules_next_dist_f3530cac._.js:2297
[26959312ms] [LOG] [cache-update] sid= null poleTags= 61 shapes= 0 @ http://localhost:3000/_next/static/chunks/node_modules_next_dist_f3530cac._.js:2297
[26959312ms] [WARNING] [cache-update] skipping save — no sessionId or db @ http://localhost:3000/_next/static/chunks/node_modules_next_dist_f3530cac._.js:2297
[26961412ms] [LOG] [cache-update] sid= null poleTags= 61 shapes= 0 @ http://localhost:3000/_next/static/chunks/node_modules_next_dist_f3530cac._.js:2297
[26961413ms] [WARNING] [cache-update] skipping save — no sessionId or db @ http://localhost:3000/_next/static/chunks/node_modules_next_dist_f3530cac._.js:2297
[26963823ms] [LOG] [cache-update] sid= null poleTags= 61 shapes= 0 @ http://localhost:3000/_next/static/chunks/node_modules_next_dist_f3530cac._.js:2297
[26963824ms] [WARNING] [cache-update] skipping save — no sessionId or db @ http://localhost:3000/_next/static/chunks/node_modules_next_dist_f3530cac._.js:2297
[26968153ms] [ERROR] Failed to load resource: net::ERR_CONNECTION_REFUSED @ http://localhost:3000/api/pole_tags:0
[26968401ms] [ERROR] Failed to load resource: net::ERR_CONNECTION_REFUSED @ http://localhost:3000/api/pole_tags:0
[26968647ms] [ERROR] WebSocket connection to 'ws://localhost:3000/_next/webpack-hmr?id=S7LdPG0v0avPXulsNXl2v' failed: Error in connection establishment: net::ERR_CONNECTION_REFUSED @ http://localhost:3000/_next/static/chunks/node_modules_next_dist_client_17643121._.js:10878
[26970456ms] [ERROR] Failed to load resource: net::ERR_CONNECTION_REFUSED @ http://localhost:3000/api/pole_tags:0
[26971956ms] [ERROR] WebSocket connection to 'ws://localhost:3000/_next/webpack-hmr?id=S7LdPG0v0avPXulsNXl2v' failed: Error in connection establishment: net::ERR_CONNECTION_REFUSED @ http://localhost:3000/_next/static/chunks/node_modules_next_dist_client_17643121._.js:10878
[26972150ms] [ERROR] Failed to load resource: net::ERR_CONNECTION_REFUSED @ http://localhost:3000/api/pole_tags:0
[26974150ms] [ERROR] Failed to load resource: net::ERR_CONNECTION_REFUSED @ http://localhost:3000/api/pole_tags:0
[26975261ms] [ERROR] WebSocket connection to 'ws://localhost:3000/_next/webpack-hmr?id=S7LdPG0v0avPXulsNXl2v' failed: Error in connection establishment: net::ERR_CONNECTION_REFUSED @ http://localhost:3000/_next/static/chunks/node_modules_next_dist_client_17643121._.js:10878
[26976157ms] [ERROR] Failed to load resource: net::ERR_CONNECTION_REFUSED @ http://localhost:3000/api/pole_tags:0
[26978150ms] [ERROR] Failed to load resource: net::ERR_CONNECTION_REFUSED @ http://localhost:3000/api/pole_tags:0
[26978569ms] [ERROR] WebSocket connection to 'ws://localhost:3000/_next/webpack-hmr?id=S7LdPG0v0avPXulsNXl2v' failed: Error in connection establishment: net::ERR_CONNECTION_REFUSED @ http://localhost:3000/_next/static/chunks/node_modules_next_dist_client_17643121._.js:10878
[26980149ms] [ERROR] Failed to load resource: net::ERR_CONNECTION_REFUSED @ http://localhost:3000/api/pole_tags:0
[26981876ms] [ERROR] WebSocket connection to 'ws://localhost:3000/_next/webpack-hmr?id=S7LdPG0v0avPXulsNXl2v' failed: Error in connection establishment: net::ERR_CONNECTION_REFUSED @ http://localhost:3000/_next/static/chunks/node_modules_next_dist_client_17643121._.js:10878
[26982150ms] [ERROR] Failed to load resource: net::ERR_CONNECTION_REFUSED @ http://localhost:3000/api/pole_tags:0
[26984152ms] [ERROR] Failed to load resource: net::ERR_CONNECTION_REFUSED @ http://localhost:3000/api/pole_tags:0
[26986151ms] [ERROR] Failed to load resource: net::ERR_CONNECTION_REFUSED @ http://localhost:3000/api/pole_tags:0
[26988150ms] [ERROR] Failed to load resource: net::ERR_CONNECTION_REFUSED @ http://localhost:3000/api/pole_tags:0
[26989182ms] [ERROR] WebSocket connection to 'ws://localhost:3000/_next/webpack-hmr?id=S7LdPG0v0avPXulsNXl2v' failed: Error in connection establishment: net::ERR_CONNECTION_REFUSED @ http://localhost:3000/_next/static/chunks/node_modules_next_dist_client_17643121._.js:10878
[26990149ms] [ERROR] Failed to load resource: net::ERR_CONNECTION_REFUSED @ http://localhost:3000/api/pole_tags:0
[26992151ms] [ERROR] Failed to load resource: net::ERR_CONNECTION_REFUSED @ http://localhost:3000/api/pole_tags:0
[26994150ms] [ERROR] Failed to load resource: net::ERR_CONNECTION_REFUSED @ http://localhost:3000/api/pole_tags:0
[26996150ms] [ERROR] Failed to load resource: net::ERR_CONNECTION_REFUSED @ http://localhost:3000/api/pole_tags:0
[26996490ms] [ERROR] WebSocket connection to 'ws://localhost:3000/_next/webpack-hmr?id=S7LdPG0v0avPXulsNXl2v' failed: Error in connection establishment: net::ERR_CONNECTION_REFUSED @ http://localhost:3000/_next/static/chunks/node_modules_next_dist_client_17643121._.js:10878
[26998151ms] [ERROR] Failed to load resource: net::ERR_CONNECTION_REFUSED @ http://localhost:3000/api/pole_tags:0
[27003163ms] [LOG] [HMR] connected @ http://localhost:3000/_next/static/chunks/node_modules_next_dist_f3530cac._.js:2297
[27004231ms] [ERROR] Failed to load resource: the server responded with a status of 502 (Bad Gateway) @ http://localhost:3000/api/pole_tags:0
[27004269ms] [ERROR] Failed to load resource: the server responded with a status of 502 (Bad Gateway) @ http://localhost:3000/api/pole_tags:0
[27004301ms] [ERROR] Failed to load resource: the server responded with a status of 502 (Bad Gateway) @ http://localhost:3000/api/pole_tags:0
[27006309ms] [INFO] %cDownload the React DevTools for a better development experience: https://react.dev/link/react-devtools font-weight:bold @ http://localhost:3000/_next/static/chunks/node_modules_next_dist_f3530cac._.js:2297
[27006415ms] [LOG] [HMR] connected @ http://localhost:3000/_next/static/chunks/node_modules_next_dist_f3530cac._.js:2297
[27006688ms] [ERROR] Failed to load resource: the server responded with a status of 500 (Internal Server Error) @ http://localhost:3000/api/files/list:0
[27006979ms] [LOG] [Fast Refresh] rebuilding @ http://localhost:3000/_next/static/chunks/node_modules_next_dist_f3530cac._.js:2297
[27007148ms] [LOG] [Fast Refresh] done in 270ms @ http://localhost:3000/_next/static/chunks/node_modules_next_dist_f3530cac._.js:2297
[27560460ms] [LOG] [Fast Refresh] rebuilding @ http://localhost:3000/_next/static/chunks/node_modules_next_dist_f3530cac._.js:2297
[27560539ms] [LOG] [Fast Refresh] done in 181ms @ http://localhost:3000/_next/static/chunks/node_modules_next_dist_f3530cac._.js:2297
[28796459ms] [LOG] [Fast Refresh] rebuilding @ http://localhost:3000/_next/static/chunks/node_modules_next_dist_f3530cac._.js:2297
[28798375ms] [LOG] [Fast Refresh] done in 2027ms @ http://localhost:3000/_next/static/chunks/node_modules_next_dist_f3530cac._.js:2297
[28820236ms] [LOG] [Fast Refresh] rebuilding @ http://localhost:3000/_next/static/chunks/node_modules_next_dist_f3530cac._.js:2297
[28820549ms] [LOG] [Fast Refresh] done in 413ms @ http://localhost:3000/_next/static/chunks/node_modules_next_dist_f3530cac._.js:2297
[28827268ms] [INFO] %cDownload the React DevTools for a better development experience: https://react.dev/link/react-devtools font-weight:bold @ http://localhost:3000/_next/static/chunks/node_modules_next_dist_f3530cac._.js:2297
[28827420ms] [LOG] [HMR] connected @ http://localhost:3000/_next/static/chunks/node_modules_next_dist_f3530cac._.js:2297
[28835450ms] [WARNING] [session] could not resolve session: Error: Supabase not configured. Add NEXT_PUBLIC_SUPABASE_URL and NEXT_PUBLIC_SUPABASE_ANON_KEY to .env
    at throwNotConfigured (http://localhost:3000/_next/static/chunks/app_72cdfce5._.js:189:11)
    at useDatabase.useCallback[getSb] (http://localhost:3000/_next/static/chunks/app_72cdfce5._.js:195:153)
    at useDatabase.useCallback[checkForExistingSession] [as checkForExistingSession] (http://localhost:3000/_next/static/chunks/app_72cdfce5._.js:350:24)
    at Home.useCallback[resolveSessionId] (http://localhost:3000/_next/static/chunks/app_72cdfce5._.js:1495:43)
    at Home.useCallback[handleStartProcessing] (http://localhost:3000/_next/static/chunks/app_72cdfce5._.js:1615:13)
    at onClick (http://localhost:3000/_next/static/chunks/app_components_LoadScreen_tsx_13da77f7._.js:2153:46)
    at executeDispatch (http://localhost:3000/_next/static/chunks/node_modules_next_dist_compiled_react-dom_1e674e59._.js:10314:13)
    at runWithFiberInDEV (http://localhost:3000/_next/static/chunks/node_modules_next_dist_compiled_react-dom_1e674e59._.js:965:74)
    at processDispatchQueue (http://localhost:3000/_next/static/chunks/node_modules_next_dist_compiled_react-dom_1e674e59._.js:10340:41)
    at http://localhost:3000/_next/static/chunks/node_modules_next_dist_compiled_react-dom_1e674e59._.js:10615:13
    at batchedUpdates$1 (http://localhost:3000/_next/static/chunks/node_modules_next_dist_compiled_react-dom_1e674e59._.js:2253:44)
    at dispatchEventForPluginEventSystem (http://localhost:3000/_next/static/chunks/node_modules_next_dist_compiled_react-dom_1e674e59._.js:10416:9)
    at dispatchEvent (http://localhost:3000/_next/static/chunks/node_modules_next_dist_compiled_react-dom_1e674e59._.js:12935:37)
    at dispatchDiscreteEvent (http://localhost:3000/_next/static/chunks/node_modules_next_dist_compiled_react-dom_1e674e59._.js:12917:64) @ http://localhost:3000/_next/static/chunks/node_modules_next_dist_f3530cac._.js:2297
[28872285ms] [LOG] [PoleLayout mount] cachedData: poleDone=false tags=0 @ http://localhost:3000/_next/static/chunks/node_modules_next_dist_f3530cac._.js:2297
[28872301ms] [LOG] [PoleLayout mount] cachedData: poleDone=false tags=0 @ http://localhost:3000/_next/static/chunks/node_modules_next_dist_f3530cac._.js:2297
[28876040ms] [LOG] [cache-update] sid= null poleTags= 123 shapes= 0 @ http://localhost:3000/_next/static/chunks/node_modules_next_dist_f3530cac._.js:2297
[28876041ms] [WARNING] [cache-update] skipping save — no sessionId or db @ http://localhost:3000/_next/static/chunks/node_modules_next_dist_f3530cac._.js:2297
[28882246ms] [LOG] [cache-update] sid= null poleTags= 0 shapes= 151 @ http://localhost:3000/_next/static/chunks/node_modules_next_dist_f3530cac._.js:2297
[28882247ms] [WARNING] [cache-update] skipping save — no sessionId or db @ http://localhost:3000/_next/static/chunks/node_modules_next_dist_f3530cac._.js:2297
[28902644ms] [ERROR] Unable to preventDefault inside passive event listener invocation. @ http://localhost:3000/_next/static/chunks/node_modules_next_dist_compiled_react-dom_1e674e59._.js:2325
[28902676ms] [ERROR] Unable to preventDefault inside passive event listener invocation. @ http://localhost:3000/_next/static/chunks/node_modules_next_dist_compiled_react-dom_1e674e59._.js:2325
[28902680ms] [ERROR] Unable to preventDefault inside passive event listener invocation. @ http://localhost:3000/_next/static/chunks/node_modules_next_dist_compiled_react-dom_1e674e59._.js:2325
[28902927ms] [ERROR] Unable to preventDefault inside passive event listener invocation. @ http://localhost:3000/_next/static/chunks/node_modules_next_dist_compiled_react-dom_1e674e59._.js:2325
[28902952ms] [ERROR] Unable to preventDefault inside passive event listener invocation. @ http://localhost:3000/_next/static/chunks/node_modules_next_dist_compiled_react-dom_1e674e59._.js:2325
[28902967ms] [ERROR] Unable to preventDefault inside passive event listener invocation. @ http://localhost:3000/_next/static/chunks/node_modules_next_dist_compiled_react-dom_1e674e59._.js:2325
[28902992ms] [ERROR] Unable to preventDefault inside passive event listener invocation. @ http://localhost:3000/_next/static/chunks/node_modules_next_dist_compiled_react-dom_1e674e59._.js:2325
[28903213ms] [ERROR] Unable to preventDefault inside passive event listener invocation. @ http://localhost:3000/_next/static/chunks/node_modules_next_dist_compiled_react-dom_1e674e59._.js:2325
[28903241ms] [ERROR] Unable to preventDefault inside passive event listener invocation. @ http://localhost:3000/_next/static/chunks/node_modules_next_dist_compiled_react-dom_1e674e59._.js:2325
[28903274ms] [ERROR] Unable to preventDefault inside passive event listener invocation. @ http://localhost:3000/_next/static/chunks/node_modules_next_dist_compiled_react-dom_1e674e59._.js:2325
[28903462ms] [ERROR] Unable to preventDefault inside passive event listener invocation. @ http://localhost:3000/_next/static/chunks/node_modules_next_dist_compiled_react-dom_1e674e59._.js:2325
[28903491ms] [ERROR] Unable to preventDefault inside passive event listener invocation. @ http://localhost:3000/_next/static/chunks/node_modules_next_dist_compiled_react-dom_1e674e59._.js:2325
[28903497ms] [ERROR] Unable to preventDefault inside passive event listener invocation. @ http://localhost:3000/_next/static/chunks/node_modules_next_dist_compiled_react-dom_1e674e59._.js:2325
[28903508ms] [ERROR] Unable to preventDefault inside passive event listener invocation. @ http://localhost:3000/_next/static/chunks/node_modules_next_dist_compiled_react-dom_1e674e59._.js:2325
[28903724ms] [ERROR] Unable to preventDefault inside passive event listener invocation. @ http://localhost:3000/_next/static/chunks/node_modules_next_dist_compiled_react-dom_1e674e59._.js:2325
[28903740ms] [ERROR] Unable to preventDefault inside passive event listener invocation. @ http://localhost:3000/_next/static/chunks/node_modules_next_dist_compiled_react-dom_1e674e59._.js:2325
[28903758ms] [ERROR] Unable to preventDefault inside passive event listener invocation. @ http://localhost:3000/_next/static/chunks/node_modules_next_dist_compiled_react-dom_1e674e59._.js:2325
[28905621ms] [ERROR] Unable to preventDefault inside passive event listener invocation. @ http://localhost:3000/_next/static/chunks/node_modules_next_dist_compiled_react-dom_1e674e59._.js:2325
[28905643ms] [ERROR] Unable to preventDefault inside passive event listener invocation. @ http://localhost:3000/_next/static/chunks/node_modules_next_dist_compiled_react-dom_1e674e59._.js:2325
[28905676ms] [ERROR] Unable to preventDefault inside passive event listener invocation. @ http://localhost:3000/_next/static/chunks/node_modules_next_dist_compiled_react-dom_1e674e59._.js:2325
[28905845ms] [ERROR] Unable to preventDefault inside passive event listener invocation. @ http://localhost:3000/_next/static/chunks/node_modules_next_dist_compiled_react-dom_1e674e59._.js:2325
[28905876ms] [ERROR] Unable to preventDefault inside passive event listener invocation. @ http://localhost:3000/_next/static/chunks/node_modules_next_dist_compiled_react-dom_1e674e59._.js:2325
[28905886ms] [ERROR] Unable to preventDefault inside passive event listener invocation. @ http://localhost:3000/_next/static/chunks/node_modules_next_dist_compiled_react-dom_1e674e59._.js:2325
[28905898ms] [ERROR] Unable to preventDefault inside passive event listener invocation. @ http://localhost:3000/_next/static/chunks/node_modules_next_dist_compiled_react-dom_1e674e59._.js:2325
[28906067ms] [ERROR] Unable to preventDefault inside passive event listener invocation. @ http://localhost:3000/_next/static/chunks/node_modules_next_dist_compiled_react-dom_1e674e59._.js:2325
[28906084ms] [ERROR] Unable to preventDefault inside passive event listener invocation. @ http://localhost:3000/_next/static/chunks/node_modules_next_dist_compiled_react-dom_1e674e59._.js:2325
[28906109ms] [ERROR] Unable to preventDefault inside passive event listener invocation. @ http://localhost:3000/_next/static/chunks/node_modules_next_dist_compiled_react-dom_1e674e59._.js:2325
[28906119ms] [ERROR] Unable to preventDefault inside passive event listener invocation. @ http://localhost:3000/_next/static/chunks/node_modules_next_dist_compiled_react-dom_1e674e59._.js:2325
[28906286ms] [ERROR] Unable to preventDefault inside passive event listener invocation. @ http://localhost:3000/_next/static/chunks/node_modules_next_dist_compiled_react-dom_1e674e59._.js:2325
[28906309ms] [ERROR] Unable to preventDefault inside passive event listener invocation. @ http://localhost:3000/_next/static/chunks/node_modules_next_dist_compiled_react-dom_1e674e59._.js:2325
[28906326ms] [ERROR] Unable to preventDefault inside passive event listener invocation. @ http://localhost:3000/_next/static/chunks/node_modules_next_dist_compiled_react-dom_1e674e59._.js:2325
[28906342ms] [ERROR] Unable to preventDefault inside passive event listener invocation. @ http://localhost:3000/_next/static/chunks/node_modules_next_dist_compiled_react-dom_1e674e59._.js:2325
[28911771ms] [LOG] [cache-update] sid= null poleTags= 0 shapes= 0 @ http://localhost:3000/_next/static/chunks/node_modules_next_dist_f3530cac._.js:2297
[28911772ms] [WARNING] [cache-update] skipping save — no sessionId or db @ http://localhost:3000/_next/static/chunks/node_modules_next_dist_f3530cac._.js:2297
[28912613ms] [ERROR] Unable to preventDefault inside passive event listener invocation. @ http://localhost:3000/_next/static/chunks/node_modules_next_dist_compiled_react-dom_1e674e59._.js:2325
[28912629ms] [ERROR] Unable to preventDefault inside passive event listener invocation. @ http://localhost:3000/_next/static/chunks/node_modules_next_dist_compiled_react-dom_1e674e59._.js:2325
[28912646ms] [ERROR] Unable to preventDefault inside passive event listener invocation. @ http://localhost:3000/_next/static/chunks/node_modules_next_dist_compiled_react-dom_1e674e59._.js:2325
[28912668ms] [ERROR] Unable to preventDefault inside passive event listener invocation. @ http://localhost:3000/_next/static/chunks/node_modules_next_dist_compiled_react-dom_1e674e59._.js:2325
[28912912ms] [LOG] [cache-update] sid= null poleTags= 0 shapes= 0 @ http://localhost:3000/_next/static/chunks/node_modules_next_dist_f3530cac._.js:2297
[28912912ms] [WARNING] [cache-update] skipping save — no sessionId or db @ http://localhost:3000/_next/static/chunks/node_modules_next_dist_f3530cac._.js:2297
[28912968ms] [ERROR] Unable to preventDefault inside passive event listener invocation. @ http://localhost:3000/_next/static/chunks/node_modules_next_dist_compiled_react-dom_1e674e59._.js:2325
[28913869ms] [ERROR] Unable to preventDefault inside passive event listener invocation. @ http://localhost:3000/_next/static/chunks/node_modules_next_dist_compiled_react-dom_1e674e59._.js:2325
[28913880ms] [ERROR] Unable to preventDefault inside passive event listener invocation. @ http://localhost:3000/_next/static/chunks/node_modules_next_dist_compiled_react-dom_1e674e59._.js:2325
[28913896ms] [ERROR] Unable to preventDefault inside passive event listener invocation. @ http://localhost:3000/_next/static/chunks/node_modules_next_dist_compiled_react-dom_1e674e59._.js:2325
[28913930ms] [ERROR] Unable to preventDefault inside passive event listener invocation. @ http://localhost:3000/_next/static/chunks/node_modules_next_dist_compiled_react-dom_1e674e59._.js:2325
[28914197ms] [ERROR] Unable to preventDefault inside passive event listener invocation. @ http://localhost:3000/_next/static/chunks/node_modules_next_dist_compiled_react-dom_1e674e59._.js:2325
[28914213ms] [ERROR] Unable to preventDefault inside passive event listener invocation. @ http://localhost:3000/_next/static/chunks/node_modules_next_dist_compiled_react-dom_1e674e59._.js:2325
[28914234ms] [ERROR] Unable to preventDefault inside passive event listener invocation. @ http://localhost:3000/_next/static/chunks/node_modules_next_dist_compiled_react-dom_1e674e59._.js:2325
[28915023ms] [LOG] [cache-update] sid= null poleTags= 0 shapes= 0 @ http://localhost:3000/_next/static/chunks/node_modules_next_dist_f3530cac._.js:2297
[28915023ms] [WARNING] [cache-update] skipping save — no sessionId or db @ http://localhost:3000/_next/static/chunks/node_modules_next_dist_f3530cac._.js:2297
[28916654ms] [ERROR] Unable to preventDefault inside passive event listener invocation. @ http://localhost:3000/_next/static/chunks/node_modules_next_dist_compiled_react-dom_1e674e59._.js:2325
[28916674ms] [ERROR] Unable to preventDefault inside passive event listener invocation. @ http://localhost:3000/_next/static/chunks/node_modules_next_dist_compiled_react-dom_1e674e59._.js:2325
[28916705ms] [ERROR] Unable to preventDefault inside passive event listener invocation. @ http://localhost:3000/_next/static/chunks/node_modules_next_dist_compiled_react-dom_1e674e59._.js:2325
[28916954ms] [ERROR] Unable to preventDefault inside passive event listener invocation. @ http://localhost:3000/_next/static/chunks/node_modules_next_dist_compiled_react-dom_1e674e59._.js:2325
[28916987ms] [ERROR] Unable to preventDefault inside passive event listener invocation. @ http://localhost:3000/_next/static/chunks/node_modules_next_dist_compiled_react-dom_1e674e59._.js:2325
[28917079ms] [LOG] [cache-update] sid= null poleTags= 1 shapes= 0 @ http://localhost:3000/_next/static/chunks/node_modules_next_dist_f3530cac._.js:2297
[28917079ms] [WARNING] [cache-update] skipping save — no sessionId or db @ http://localhost:3000/_next/static/chunks/node_modules_next_dist_f3530cac._.js:2297
[28917203ms] [ERROR] Unable to preventDefault inside passive event listener invocation. @ http://localhost:3000/_next/static/chunks/node_modules_next_dist_compiled_react-dom_1e674e59._.js:2325
[28917228ms] [ERROR] Unable to preventDefault inside passive event listener invocation. @ http://localhost:3000/_next/static/chunks/node_modules_next_dist_compiled_react-dom_1e674e59._.js:2325
[28917248ms] [ERROR] Unable to preventDefault inside passive event listener invocation. @ http://localhost:3000/_next/static/chunks/node_modules_next_dist_compiled_react-dom_1e674e59._.js:2325
[28917422ms] [ERROR] Unable to preventDefault inside passive event listener invocation. @ http://localhost:3000/_next/static/chunks/node_modules_next_dist_compiled_react-dom_1e674e59._.js:2325
[28917449ms] [ERROR] Unable to preventDefault inside passive event listener invocation. @ http://localhost:3000/_next/static/chunks/node_modules_next_dist_compiled_react-dom_1e674e59._.js:2325
[28917466ms] [ERROR] Unable to preventDefault inside passive event listener invocation. @ http://localhost:3000/_next/static/chunks/node_modules_next_dist_compiled_react-dom_1e674e59._.js:2325
[28917492ms] [ERROR] Unable to preventDefault inside passive event listener invocation. @ http://localhost:3000/_next/static/chunks/node_modules_next_dist_compiled_react-dom_1e674e59._.js:2325
[28917899ms] [ERROR] Unable to preventDefault inside passive event listener invocation. @ http://localhost:3000/_next/static/chunks/node_modules_next_dist_compiled_react-dom_1e674e59._.js:2325
[28917932ms] [ERROR] Unable to preventDefault inside passive event listener invocation. @ http://localhost:3000/_next/static/chunks/node_modules_next_dist_compiled_react-dom_1e674e59._.js:2325
[28917954ms] [ERROR] Unable to preventDefault inside passive event listener invocation. @ http://localhost:3000/_next/static/chunks/node_modules_next_dist_compiled_react-dom_1e674e59._.js:2325
[28918003ms] [ERROR] Unable to preventDefault inside passive event listener invocation. @ http://localhost:3000/_next/static/chunks/node_modules_next_dist_compiled_react-dom_1e674e59._.js:2325
[28919143ms] [LOG] [cache-update] sid= null poleTags= 5 shapes= 0 @ http://localhost:3000/_next/static/chunks/node_modules_next_dist_f3530cac._.js:2297
[28919143ms] [WARNING] [cache-update] skipping save — no sessionId or db @ http://localhost:3000/_next/static/chunks/node_modules_next_dist_f3530cac._.js:2297
[28919438ms] [ERROR] Unable to preventDefault inside passive event listener invocation. @ http://localhost:3000/_next/static/chunks/node_modules_next_dist_compiled_react-dom_1e674e59._.js:2325
[28919556ms] [ERROR] Unable to preventDefault inside passive event listener invocation. @ http://localhost:3000/_next/static/chunks/node_modules_next_dist_compiled_react-dom_1e674e59._.js:2325
[28920623ms] [ERROR] Unable to preventDefault inside passive event listener invocation. @ http://localhost:3000/_next/static/chunks/node_modules_next_dist_compiled_react-dom_1e674e59._.js:2325
[28920655ms] [ERROR] Unable to preventDefault inside passive event listener invocation. @ http://localhost:3000/_next/static/chunks/node_modules_next_dist_compiled_react-dom_1e674e59._.js:2325
[28920693ms] [ERROR] Unable to preventDefault inside passive event listener invocation. @ http://localhost:3000/_next/static/chunks/node_modules_next_dist_compiled_react-dom_1e674e59._.js:2325
[28920722ms] [ERROR] Unable to preventDefault inside passive event listener invocation. @ http://localhost:3000/_next/static/chunks/node_modules_next_dist_compiled_react-dom_1e674e59._.js:2325
[28921024ms] [ERROR] Unable to preventDefault inside passive event listener invocation. @ http://localhost:3000/_next/static/chunks/node_modules_next_dist_compiled_react-dom_1e674e59._.js:2325
[28921039ms] [ERROR] Unable to preventDefault inside passive event listener invocation. @ http://localhost:3000/_next/static/chunks/node_modules_next_dist_compiled_react-dom_1e674e59._.js:2325
[28921190ms] [LOG] [cache-update] sid= null poleTags= 7 shapes= 0 @ http://localhost:3000/_next/static/chunks/node_modules_next_dist_f3530cac._.js:2297
[28921191ms] [WARNING] [cache-update] skipping save — no sessionId or db @ http://localhost:3000/_next/static/chunks/node_modules_next_dist_f3530cac._.js:2297
[28923249ms] [LOG] [cache-update] sid= null poleTags= 12 shapes= 0 @ http://localhost:3000/_next/static/chunks/node_modules_next_dist_f3530cac._.js:2297
[28923249ms] [WARNING] [cache-update] skipping save — no sessionId or db @ http://localhost:3000/_next/static/chunks/node_modules_next_dist_f3530cac._.js:2297
[28925376ms] [LOG] [cache-update] sid= null poleTags= 16 shapes= 0 @ http://localhost:3000/_next/static/chunks/node_modules_next_dist_f3530cac._.js:2297
[28925377ms] [WARNING] [cache-update] skipping save — no sessionId or db @ http://localhost:3000/_next/static/chunks/node_modules_next_dist_f3530cac._.js:2297
[28927475ms] [LOG] [cache-update] sid= null poleTags= 19 shapes= 0 @ http://localhost:3000/_next/static/chunks/node_modules_next_dist_f3530cac._.js:2297
[28927475ms] [WARNING] [cache-update] skipping save — no sessionId or db @ http://localhost:3000/_next/static/chunks/node_modules_next_dist_f3530cac._.js:2297
[28929610ms] [LOG] [cache-update] sid= null poleTags= 22 shapes= 0 @ http://localhost:3000/_next/static/chunks/node_modules_next_dist_f3530cac._.js:2297
[28929610ms] [WARNING] [cache-update] skipping save — no sessionId or db @ http://localhost:3000/_next/static/chunks/node_modules_next_dist_f3530cac._.js:2297
[28931671ms] [LOG] [cache-update] sid= null poleTags= 22 shapes= 0 @ http://localhost:3000/_next/static/chunks/node_modules_next_dist_f3530cac._.js:2297
[28931672ms] [WARNING] [cache-update] skipping save — no sessionId or db @ http://localhost:3000/_next/static/chunks/node_modules_next_dist_f3530cac._.js:2297
[28933813ms] [LOG] [cache-update] sid= null poleTags= 22 shapes= 0 @ http://localhost:3000/_next/static/chunks/node_modules_next_dist_f3530cac._.js:2297
[28933814ms] [WARNING] [cache-update] skipping save — no sessionId or db @ http://localhost:3000/_next/static/chunks/node_modules_next_dist_f3530cac._.js:2297
[28935969ms] [LOG] [cache-update] sid= null poleTags= 22 shapes= 0 @ http://localhost:3000/_next/static/chunks/node_modules_next_dist_f3530cac._.js:2297
[28935969ms] [WARNING] [cache-update] skipping save — no sessionId or db @ http://localhost:3000/_next/static/chunks/node_modules_next_dist_f3530cac._.js:2297
[28938116ms] [LOG] [cache-update] sid= null poleTags= 22 shapes= 0 @ http://localhost:3000/_next/static/chunks/node_modules_next_dist_f3530cac._.js:2297
[28938117ms] [WARNING] [cache-update] skipping save — no sessionId or db @ http://localhost:3000/_next/static/chunks/node_modules_next_dist_f3530cac._.js:2297
[28940208ms] [LOG] [cache-update] sid= null poleTags= 22 shapes= 0 @ http://localhost:3000/_next/static/chunks/node_modules_next_dist_f3530cac._.js:2297
[28940208ms] [WARNING] [cache-update] skipping save — no sessionId or db @ http://localhost:3000/_next/static/chunks/node_modules_next_dist_f3530cac._.js:2297
[28942358ms] [LOG] [cache-update] sid= null poleTags= 22 shapes= 0 @ http://localhost:3000/_next/static/chunks/node_modules_next_dist_f3530cac._.js:2297
[28942359ms] [WARNING] [cache-update] skipping save — no sessionId or db @ http://localhost:3000/_next/static/chunks/node_modules_next_dist_f3530cac._.js:2297
[28944563ms] [LOG] [cache-update] sid= null poleTags= 24 shapes= 0 @ http://localhost:3000/_next/static/chunks/node_modules_next_dist_f3530cac._.js:2297
[28944563ms] [WARNING] [cache-update] skipping save — no sessionId or db @ http://localhost:3000/_next/static/chunks/node_modules_next_dist_f3530cac._.js:2297
[28946663ms] [LOG] [cache-update] sid= null poleTags= 27 shapes= 0 @ http://localhost:3000/_next/static/chunks/node_modules_next_dist_f3530cac._.js:2297
[28946664ms] [WARNING] [cache-update] skipping save — no sessionId or db @ http://localhost:3000/_next/static/chunks/node_modules_next_dist_f3530cac._.js:2297
[28948776ms] [LOG] [cache-update] sid= null poleTags= 28 shapes= 0 @ http://localhost:3000/_next/static/chunks/node_modules_next_dist_f3530cac._.js:2297
[28948776ms] [WARNING] [cache-update] skipping save — no sessionId or db @ http://localhost:3000/_next/static/chunks/node_modules_next_dist_f3530cac._.js:2297
[28950901ms] [LOG] [cache-update] sid= null poleTags= 28 shapes= 0 @ http://localhost:3000/_next/static/chunks/node_modules_next_dist_f3530cac._.js:2297
[28950901ms] [WARNING] [cache-update] skipping save — no sessionId or db @ http://localhost:3000/_next/static/chunks/node_modules_next_dist_f3530cac._.js:2297
[28953057ms] [LOG] [cache-update] sid= null poleTags= 28 shapes= 0 @ http://localhost:3000/_next/static/chunks/node_modules_next_dist_f3530cac._.js:2297
[28953057ms] [WARNING] [cache-update] skipping save — no sessionId or db @ http://localhost:3000/_next/static/chunks/node_modules_next_dist_f3530cac._.js:2297
[28955212ms] [LOG] [cache-update] sid= null poleTags= 28 shapes= 0 @ http://localhost:3000/_next/static/chunks/node_modules_next_dist_f3530cac._.js:2297
[28955212ms] [WARNING] [cache-update] skipping save — no sessionId or db @ http://localhost:3000/_next/static/chunks/node_modules_next_dist_f3530cac._.js:2297
[28957365ms] [LOG] [cache-update] sid= null poleTags= 28 shapes= 0 @ http://localhost:3000/_next/static/chunks/node_modules_next_dist_f3530cac._.js:2297
[28957365ms] [WARNING] [cache-update] skipping save — no sessionId or db @ http://localhost:3000/_next/static/chunks/node_modules_next_dist_f3530cac._.js:2297
[28959592ms] [LOG] [Fast Refresh] rebuilding @ http://localhost:3000/_next/static/chunks/node_modules_next_dist_f3530cac._.js:2297
[28959697ms] [LOG] [Fast Refresh] done in 205ms @ http://localhost:3000/_next/static/chunks/node_modules_next_dist_f3530cac._.js:2297
[28959859ms] [LOG] [cache-update] sid= null poleTags= 28 shapes= 0 @ http://localhost:3000/_next/static/chunks/node_modules_next_dist_f3530cac._.js:2297
[28959859ms] [WARNING] [cache-update] skipping save — no sessionId or db @ http://localhost:3000/_next/static/chunks/node_modules_next_dist_f3530cac._.js:2297
[28962017ms] [LOG] [cache-update] sid= null poleTags= 28 shapes= 0 @ http://localhost:3000/_next/static/chunks/node_modules_next_dist_f3530cac._.js:2297
[28962017ms] [WARNING] [cache-update] skipping save — no sessionId or db @ http://localhost:3000/_next/static/chunks/node_modules_next_dist_f3530cac._.js:2297
[28964204ms] [LOG] [cache-update] sid= null poleTags= 28 shapes= 0 @ http://localhost:3000/_next/static/chunks/node_modules_next_dist_f3530cac._.js:2297
[28964204ms] [WARNING] [cache-update] skipping save — no sessionId or db @ http://localhost:3000/_next/static/chunks/node_modules_next_dist_f3530cac._.js:2297
[28965593ms] [ERROR] Unable to preventDefault inside passive event listener invocation. @ http://localhost:3000/_next/static/chunks/node_modules_next_dist_compiled_react-dom_1e674e59._.js:2325
[28966316ms] [LOG] [cache-update] sid= null poleTags= 28 shapes= 0 @ http://localhost:3000/_next/static/chunks/node_modules_next_dist_f3530cac._.js:2297
[28966316ms] [WARNING] [cache-update] skipping save — no sessionId or db @ http://localhost:3000/_next/static/chunks/node_modules_next_dist_f3530cac._.js:2297
[28969022ms] [LOG] [cache-update] sid= null poleTags= 28 shapes= 0 @ http://localhost:3000/_next/static/chunks/node_modules_next_dist_f3530cac._.js:2297
[28969023ms] [WARNING] [cache-update] skipping save — no sessionId or db @ http://localhost:3000/_next/static/chunks/node_modules_next_dist_f3530cac._.js:2297
[28970054ms] [LOG] [Fast Refresh] rebuilding @ http://localhost:3000/_next/static/chunks/node_modules_next_dist_f3530cac._.js:2297
[28970935ms] [LOG] [Fast Refresh] done in 982ms @ http://localhost:3000/_next/static/chunks/node_modules_next_dist_f3530cac._.js:2297
[28971061ms] [LOG] [Fast Refresh] rebuilding @ http://localhost:3000/_next/static/chunks/node_modules_next_dist_f3530cac._.js:2297
[28971651ms] [LOG] [Fast Refresh] done in 690ms @ http://localhost:3000/_next/static/chunks/node_modules_next_dist_f3530cac._.js:2297
[28973255ms] [LOG] [Fast Refresh] rebuilding @ http://localhost:3000/_next/static/chunks/node_modules_next_dist_f3530cac._.js:2297
[28976833ms] [LOG] [Fast Refresh] done in 3679ms @ http://localhost:3000/_next/static/chunks/node_modules_next_dist_f3530cac._.js:2297
[28977001ms] [LOG] [Fast Refresh] rebuilding @ http://localhost:3000/_next/static/chunks/node_modules_next_dist_f3530cac._.js:2297
[28977622ms] [LOG] [Fast Refresh] done in 722ms @ http://localhost:3000/_next/static/chunks/node_modules_next_dist_f3530cac._.js:2297
[28977983ms] [LOG] [cache-update] sid= null poleTags= 28 shapes= 0 @ http://localhost:3000/_next/static/chunks/node_modules_next_dist_f3530cac._.js:2297
[28977984ms] [WARNING] [cache-update] skipping save — no sessionId or db @ http://localhost:3000/_next/static/chunks/node_modules_next_dist_f3530cac._.js:2297
[28979399ms] [LOG] [Fast Refresh] rebuilding @ http://localhost:3000/_next/static/chunks/node_modules_next_dist_f3530cac._.js:2297
[28979547ms] [LOG] [cache-update] sid= null poleTags= 28 shapes= 0 @ http://localhost:3000/_next/static/chunks/node_modules_next_dist_f3530cac._.js:2297
[28979548ms] [WARNING] [cache-update] skipping save — no sessionId or db @ http://localhost:3000/_next/static/chunks/node_modules_next_dist_f3530cac._.js:2297
[28979815ms] [LOG] [Fast Refresh] done in 518ms @ http://localhost:3000/_next/static/chunks/node_modules_next_dist_f3530cac._.js:2297
[28979926ms] [LOG] [Fast Refresh] rebuilding @ http://localhost:3000/_next/static/chunks/node_modules_next_dist_f3530cac._.js:2297
[28979942ms] [LOG] [Fast Refresh] done in 117ms @ http://localhost:3000/_next/static/chunks/node_modules_next_dist_f3530cac._.js:2297
[28980049ms] [LOG] [Fast Refresh] rebuilding @ http://localhost:3000/_next/static/chunks/node_modules_next_dist_f3530cac._.js:2297
[28980099ms] [LOG] [Fast Refresh] done in 150ms @ http://localhost:3000/_next/static/chunks/node_modules_next_dist_f3530cac._.js:2297
[28980224ms] [LOG] [Fast Refresh] rebuilding @ http://localhost:3000/_next/static/chunks/node_modules_next_dist_f3530cac._.js:2297
[28980287ms] [LOG] [Fast Refresh] done in 163ms @ http://localhost:3000/_next/static/chunks/node_modules_next_dist_f3530cac._.js:2297
[28980930ms] [LOG] [Fast Refresh] rebuilding @ http://localhost:3000/_next/static/chunks/node_modules_next_dist_f3530cac._.js:2297
[28980936ms] [LOG] [Fast Refresh] done in 107ms @ http://localhost:3000/_next/static/chunks/node_modules_next_dist_f3530cac._.js:2297
[28981006ms] [LOG] [cache-update] sid= null poleTags= 28 shapes= 0 @ http://localhost:3000/_next/static/chunks/node_modules_next_dist_f3530cac._.js:2297
[28981006ms] [WARNING] [cache-update] skipping save — no sessionId or db @ http://localhost:3000/_next/static/chunks/node_modules_next_dist_f3530cac._.js:2297
[28981543ms] [LOG] [Fast Refresh] rebuilding @ http://localhost:3000/_next/static/chunks/node_modules_next_dist_f3530cac._.js:2297
[28981562ms] [LOG] [Fast Refresh] done in 120ms @ http://localhost:3000/_next/static/chunks/node_modules_next_dist_f3530cac._.js:2297
[28981721ms] [LOG] [cache-update] sid= null poleTags= 28 shapes= 0 @ http://localhost:3000/_next/static/chunks/node_modules_next_dist_f3530cac._.js:2297
[28981722ms] [WARNING] [cache-update] skipping save — no sessionId or db @ http://localhost:3000/_next/static/chunks/node_modules_next_dist_f3530cac._.js:2297
[28983579ms] [LOG] [Fast Refresh] rebuilding @ http://localhost:3000/_next/static/chunks/node_modules_next_dist_f3530cac._.js:2297
[28983666ms] [LOG] [Fast Refresh] done in 188ms @ http://localhost:3000/_next/static/chunks/node_modules_next_dist_f3530cac._.js:2297
[28984053ms] [LOG] [cache-update] sid= null poleTags= 29 shapes= 0 @ http://localhost:3000/_next/static/chunks/node_modules_next_dist_f3530cac._.js:2297
[28984053ms] [WARNING] [cache-update] skipping save — no sessionId or db @ http://localhost:3000/_next/static/chunks/node_modules_next_dist_f3530cac._.js:2297
[28985436ms] [ERROR] Unable to preventDefault inside passive event listener invocation. @ http://localhost:3000/_next/static/chunks/node_modules_next_dist_compiled_react-dom_1e674e59._.js:2325
[28985821ms] [ERROR] Unable to preventDefault inside passive event listener invocation. @ http://localhost:3000/_next/static/chunks/node_modules_next_dist_compiled_react-dom_1e674e59._.js:2325
[28985886ms] [ERROR] Unable to preventDefault inside passive event listener invocation. @ http://localhost:3000/_next/static/chunks/node_modules_next_dist_compiled_react-dom_1e674e59._.js:2325
[28986157ms] [LOG] [cache-update] sid= null poleTags= 29 shapes= 0 @ http://localhost:3000/_next/static/chunks/node_modules_next_dist_f3530cac._.js:2297
[28986157ms] [WARNING] [cache-update] skipping save — no sessionId or db @ http://localhost:3000/_next/static/chunks/node_modules_next_dist_f3530cac._.js:2297
[28986173ms] [ERROR] Unable to preventDefault inside passive event listener invocation. @ http://localhost:3000/_next/static/chunks/node_modules_next_dist_compiled_react-dom_1e674e59._.js:2325
[28986197ms] [ERROR] Unable to preventDefault inside passive event listener invocation. @ http://localhost:3000/_next/static/chunks/node_modules_next_dist_compiled_react-dom_1e674e59._.js:2325
[28986536ms] [ERROR] Unable to preventDefault inside passive event listener invocation. @ http://localhost:3000/_next/static/chunks/node_modules_next_dist_compiled_react-dom_1e674e59._.js:2325
[28986619ms] [ERROR] Unable to preventDefault inside passive event listener invocation. @ http://localhost:3000/_next/static/chunks/node_modules_next_dist_compiled_react-dom_1e674e59._.js:2325
[28988324ms] [LOG] [cache-update] sid= null poleTags= 35 shapes= 0 @ http://localhost:3000/_next/static/chunks/node_modules_next_dist_f3530cac._.js:2297
[28988324ms] [WARNING] [cache-update] skipping save — no sessionId or db @ http://localhost:3000/_next/static/chunks/node_modules_next_dist_f3530cac._.js:2297
[28990508ms] [LOG] [cache-update] sid= null poleTags= 42 shapes= 0 @ http://localhost:3000/_next/static/chunks/node_modules_next_dist_f3530cac._.js:2297
[28990508ms] [WARNING] [cache-update] skipping save — no sessionId or db @ http://localhost:3000/_next/static/chunks/node_modules_next_dist_f3530cac._.js:2297
[28993039ms] [LOG] [cache-update] sid= null poleTags= 46 shapes= 0 @ http://localhost:3000/_next/static/chunks/node_modules_next_dist_f3530cac._.js:2297
[28993039ms] [WARNING] [cache-update] skipping save — no sessionId or db @ http://localhost:3000/_next/static/chunks/node_modules_next_dist_f3530cac._.js:2297
[28995590ms] [LOG] [cache-update] sid= null poleTags= 52 shapes= 0 @ http://localhost:3000/_next/static/chunks/node_modules_next_dist_f3530cac._.js:2297
[28995590ms] [WARNING] [cache-update] skipping save — no sessionId or db @ http://localhost:3000/_next/static/chunks/node_modules_next_dist_f3530cac._.js:2297
[28995841ms] [ERROR] Unable to preventDefault inside passive event listener invocation. @ http://localhost:3000/_next/static/chunks/node_modules_next_dist_compiled_react-dom_1e674e59._.js:2325
[28995875ms] [ERROR] Unable to preventDefault inside passive event listener invocation. @ http://localhost:3000/_next/static/chunks/node_modules_next_dist_compiled_react-dom_1e674e59._.js:2325
[28995917ms] [ERROR] Unable to preventDefault inside passive event listener invocation. @ http://localhost:3000/_next/static/chunks/node_modules_next_dist_compiled_react-dom_1e674e59._.js:2325
[28996074ms] [ERROR] Unable to preventDefault inside passive event listener invocation. @ http://localhost:3000/_next/static/chunks/node_modules_next_dist_compiled_react-dom_1e674e59._.js:2325
[28997211ms] [LOG] [Fast Refresh] rebuilding @ http://localhost:3000/_next/static/chunks/node_modules_next_dist_f3530cac._.js:2297
[28998112ms] [LOG] [Fast Refresh] done in 1003ms @ http://localhost:3000/_next/static/chunks/node_modules_next_dist_f3530cac._.js:2297
[28999032ms] [LOG] [cache-update] sid= null poleTags= 56 shapes= 0 @ http://localhost:3000/_next/static/chunks/node_modules_next_dist_f3530cac._.js:2297
[28999033ms] [WARNING] [cache-update] skipping save — no sessionId or db @ http://localhost:3000/_next/static/chunks/node_modules_next_dist_f3530cac._.js:2297
[29001170ms] [LOG] [Fast Refresh] rebuilding @ http://localhost:3000/_next/static/chunks/node_modules_next_dist_f3530cac._.js:2297
[29001190ms] [LOG] [Fast Refresh] done in 121ms @ http://localhost:3000/_next/static/chunks/node_modules_next_dist_f3530cac._.js:2297
[29001468ms] [LOG] [cache-update] sid= null poleTags= 61 shapes= 0 @ http://localhost:3000/_next/static/chunks/node_modules_next_dist_f3530cac._.js:2297
[29001468ms] [WARNING] [cache-update] skipping save — no sessionId or db @ http://localhost:3000/_next/static/chunks/node_modules_next_dist_f3530cac._.js:2297
[29003600ms] [LOG] [Fast Refresh] rebuilding @ http://localhost:3000/_next/static/chunks/node_modules_next_dist_f3530cac._.js:2297
[29003644ms] [LOG] [Fast Refresh] done in 145ms @ http://localhost:3000/_next/static/chunks/node_modules_next_dist_f3530cac._.js:2297
[29003803ms] [LOG] [Fast Refresh] rebuilding @ http://localhost:3000/_next/static/chunks/node_modules_next_dist_f3530cac._.js:2297
[29003815ms] [LOG] [Fast Refresh] done in 113ms @ http://localhost:3000/_next/static/chunks/node_modules_next_dist_f3530cac._.js:2297
[29003917ms] [LOG] [Fast Refresh] rebuilding @ http://localhost:3000/_next/static/chunks/node_modules_next_dist_f3530cac._.js:2297
[29003934ms] [LOG] [Fast Refresh] done in 117ms @ http://localhost:3000/_next/static/chunks/node_modules_next_dist_f3530cac._.js:2297
[29004441ms] [LOG] [cache-update] sid= null poleTags= 65 shapes= 0 @ http://localhost:3000/_next/static/chunks/node_modules_next_dist_f3530cac._.js:2297
[29004441ms] [WARNING] [cache-update] skipping save — no sessionId or db @ http://localhost:3000/_next/static/chunks/node_modules_next_dist_f3530cac._.js:2297
[29005286ms] [ERROR] Unable to preventDefault inside passive event listener invocation. @ http://localhost:3000/_next/static/chunks/node_modules_next_dist_compiled_react-dom_1e674e59._.js:2325
[29005324ms] [ERROR] Unable to preventDefault inside passive event listener invocation. @ http://localhost:3000/_next/static/chunks/node_modules_next_dist_compiled_react-dom_1e674e59._.js:2325
[29007065ms] [LOG] [Fast Refresh] rebuilding @ http://localhost:3000/_next/static/chunks/node_modules_next_dist_f3530cac._.js:2297
[29007072ms] [LOG] [cache-update] sid= null poleTags= 71 shapes= 0 @ http://localhost:3000/_next/static/chunks/node_modules_next_dist_f3530cac._.js:2297
[29007073ms] [WARNING] [cache-update] skipping save — no sessionId or db @ http://localhost:3000/_next/static/chunks/node_modules_next_dist_f3530cac._.js:2297
[29007131ms] [LOG] [Fast Refresh] done in 191ms @ http://localhost:3000/_next/static/chunks/node_modules_next_dist_f3530cac._.js:2297
[29009190ms] [LOG] [cache-update] sid= null poleTags= 71 shapes= 0 @ http://localhost:3000/_next/static/chunks/node_modules_next_dist_f3530cac._.js:2297
[29009190ms] [WARNING] [cache-update] skipping save — no sessionId or db @ http://localhost:3000/_next/static/chunks/node_modules_next_dist_f3530cac._.js:2297
[29011455ms] [LOG] [cache-update] sid= null poleTags= 76 shapes= 0 @ http://localhost:3000/_next/static/chunks/node_modules_next_dist_f3530cac._.js:2297
[29011455ms] [WARNING] [cache-update] skipping save — no sessionId or db @ http://localhost:3000/_next/static/chunks/node_modules_next_dist_f3530cac._.js:2297
[29013586ms] [LOG] [cache-update] sid= null poleTags= 80 shapes= 0 @ http://localhost:3000/_next/static/chunks/node_modules_next_dist_f3530cac._.js:2297
[29013586ms] [WARNING] [cache-update] skipping save — no sessionId or db @ http://localhost:3000/_next/static/chunks/node_modules_next_dist_f3530cac._.js:2297
[29015726ms] [LOG] [cache-update] sid= null poleTags= 123 shapes= 0 @ http://localhost:3000/_next/static/chunks/node_modules_next_dist_f3530cac._.js:2297
[29015726ms] [WARNING] [cache-update] skipping save — no sessionId or db @ http://localhost:3000/_next/static/chunks/node_modules_next_dist_f3530cac._.js:2297
[29015910ms] [LOG] [cache-update] sid= null poleTags= 123 shapes= 0 @ http://localhost:3000/_next/static/chunks/node_modules_next_dist_f3530cac._.js:2297
[29015910ms] [WARNING] [cache-update] skipping save — no sessionId or db @ http://localhost:3000/_next/static/chunks/node_modules_next_dist_f3530cac._.js:2297
[29027282ms] [ERROR] Unable to preventDefault inside passive event listener invocation. @ http://localhost:3000/_next/static/chunks/node_modules_next_dist_compiled_react-dom_1e674e59._.js:2325
[29027293ms] [ERROR] Unable to preventDefault inside passive event listener invocation. @ http://localhost:3000/_next/static/chunks/node_modules_next_dist_compiled_react-dom_1e674e59._.js:2325
[29027315ms] [ERROR] Unable to preventDefault inside passive event listener invocation. @ http://localhost:3000/_next/static/chunks/node_modules_next_dist_compiled_react-dom_1e674e59._.js:2325
[29027512ms] [ERROR] Unable to preventDefault inside passive event listener invocation. @ http://localhost:3000/_next/static/chunks/node_modules_next_dist_compiled_react-dom_1e674e59._.js:2325
[29027548ms] [ERROR] Unable to preventDefault inside passive event listener invocation. @ http://localhost:3000/_next/static/chunks/node_modules_next_dist_compiled_react-dom_1e674e59._.js:2325
[29027582ms] [ERROR] Unable to preventDefault inside passive event listener invocation. @ http://localhost:3000/_next/static/chunks/node_modules_next_dist_compiled_react-dom_1e674e59._.js:2325
[29034248ms] [ERROR] Unable to preventDefault inside passive event listener invocation. @ http://localhost:3000/_next/static/chunks/node_modules_next_dist_compiled_react-dom_1e674e59._.js:2325
[29034301ms] [ERROR] Unable to preventDefault inside passive event listener invocation. @ http://localhost:3000/_next/static/chunks/node_modules_next_dist_compiled_react-dom_1e674e59._.js:2325
[29034336ms] [ERROR] Unable to preventDefault inside passive event listener invocation. @ http://localhost:3000/_next/static/chunks/node_modules_next_dist_compiled_react-dom_1e674e59._.js:2325
[29034536ms] [ERROR] Unable to preventDefault inside passive event listener invocation. @ http://localhost:3000/_next/static/chunks/node_modules_next_dist_compiled_react-dom_1e674e59._.js:2325
[29034572ms] [ERROR] Unable to preventDefault inside passive event listener invocation. @ http://localhost:3000/_next/static/chunks/node_modules_next_dist_compiled_react-dom_1e674e59._.js:2325
[29034752ms] [ERROR] Unable to preventDefault inside passive event listener invocation. @ http://localhost:3000/_next/static/chunks/node_modules_next_dist_compiled_react-dom_1e674e59._.js:2325
[29034785ms] [ERROR] Unable to preventDefault inside passive event listener invocation. @ http://localhost:3000/_next/static/chunks/node_modules_next_dist_compiled_react-dom_1e674e59._.js:2325
[29034819ms] [ERROR] Unable to preventDefault inside passive event listener invocation. @ http://localhost:3000/_next/static/chunks/node_modules_next_dist_compiled_react-dom_1e674e59._.js:2325
[29039663ms] [ERROR] Unable to preventDefault inside passive event listener invocation. @ http://localhost:3000/_next/static/chunks/node_modules_next_dist_compiled_react-dom_1e674e59._.js:2325
[29039687ms] [ERROR] Unable to preventDefault inside passive event listener invocation. @ http://localhost:3000/_next/static/chunks/node_modules_next_dist_compiled_react-dom_1e674e59._.js:2325
[29039737ms] [ERROR] Unable to preventDefault inside passive event listener invocation. @ http://localhost:3000/_next/static/chunks/node_modules_next_dist_compiled_react-dom_1e674e59._.js:2325
[29039998ms] [ERROR] Unable to preventDefault inside passive event listener invocation. @ http://localhost:3000/_next/static/chunks/node_modules_next_dist_compiled_react-dom_1e674e59._.js:2325
[29040028ms] [ERROR] Unable to preventDefault inside passive event listener invocation. @ http://localhost:3000/_next/static/chunks/node_modules_next_dist_compiled_react-dom_1e674e59._.js:2325
[29045642ms] [ERROR] Unable to preventDefault inside passive event listener invocation. @ http://localhost:3000/_next/static/chunks/node_modules_next_dist_compiled_react-dom_1e674e59._.js:2325
[29045649ms] [ERROR] Unable to preventDefault inside passive event listener invocation. @ http://localhost:3000/_next/static/chunks/node_modules_next_dist_compiled_react-dom_1e674e59._.js:2325
[29045794ms] [ERROR] Unable to preventDefault inside passive event listener invocation. @ http://localhost:3000/_next/static/chunks/node_modules_next_dist_compiled_react-dom_1e674e59._.js:2325
[29045827ms] [ERROR] Unable to preventDefault inside passive event listener invocation. @ http://localhost:3000/_next/static/chunks/node_modules_next_dist_compiled_react-dom_1e674e59._.js:2325
[29046055ms] [ERROR] Unable to preventDefault inside passive event listener invocation. @ http://localhost:3000/_next/static/chunks/node_modules_next_dist_compiled_react-dom_1e674e59._.js:2325
[29046090ms] [ERROR] Unable to preventDefault inside passive event listener invocation. @ http://localhost:3000/_next/static/chunks/node_modules_next_dist_compiled_react-dom_1e674e59._.js:2325
[29046579ms] [ERROR] Unable to preventDefault inside passive event listener invocation. @ http://localhost:3000/_next/static/chunks/node_modules_next_dist_compiled_react-dom_1e674e59._.js:2325
[29046608ms] [ERROR] Unable to preventDefault inside passive event listener invocation. @ http://localhost:3000/_next/static/chunks/node_modules_next_dist_compiled_react-dom_1e674e59._.js:2325
[29046973ms] [ERROR] Unable to preventDefault inside passive event listener invocation. @ http://localhost:3000/_next/static/chunks/node_modules_next_dist_compiled_react-dom_1e674e59._.js:2325
[29047037ms] [ERROR] Unable to preventDefault inside passive event listener invocation. @ http://localhost:3000/_next/static/chunks/node_modules_next_dist_compiled_react-dom_1e674e59._.js:2325
[29047045ms] [ERROR] Unable to preventDefault inside passive event listener invocation. @ http://localhost:3000/_next/static/chunks/node_modules_next_dist_compiled_react-dom_1e674e59._.js:2325
[29047513ms] [ERROR] Unable to preventDefault inside passive event listener invocation. @ http://localhost:3000/_next/static/chunks/node_modules_next_dist_compiled_react-dom_1e674e59._.js:2325
[29047708ms] [ERROR] Unable to preventDefault inside passive event listener invocation. @ http://localhost:3000/_next/static/chunks/node_modules_next_dist_compiled_react-dom_1e674e59._.js:2325
[29065448ms] [ERROR] Unable to preventDefault inside passive event listener invocation. @ http://localhost:3000/_next/static/chunks/node_modules_next_dist_compiled_react-dom_1e674e59._.js:2325
[29065466ms] [ERROR] Unable to preventDefault inside passive event listener invocation. @ http://localhost:3000/_next/static/chunks/node_modules_next_dist_compiled_react-dom_1e674e59._.js:2325
[29065515ms] [ERROR] Unable to preventDefault inside passive event listener invocation. @ http://localhost:3000/_next/static/chunks/node_modules_next_dist_compiled_react-dom_1e674e59._.js:2325
[29065749ms] [ERROR] Unable to preventDefault inside passive event listener invocation. @ http://localhost:3000/_next/static/chunks/node_modules_next_dist_compiled_react-dom_1e674e59._.js:2325
[29065771ms] [ERROR] Unable to preventDefault inside passive event listener invocation. @ http://localhost:3000/_next/static/chunks/node_modules_next_dist_compiled_react-dom_1e674e59._.js:2325
[29065799ms] [ERROR] Unable to preventDefault inside passive event listener invocation. @ http://localhost:3000/_next/static/chunks/node_modules_next_dist_compiled_react-dom_1e674e59._.js:2325
[29065848ms] [ERROR] Unable to preventDefault inside passive event listener invocation. @ http://localhost:3000/_next/static/chunks/node_modules_next_dist_compiled_react-dom_1e674e59._.js:2325
[29066049ms] [ERROR] Unable to preventDefault inside passive event listener invocation. @ http://localhost:3000/_next/static/chunks/node_modules_next_dist_compiled_react-dom_1e674e59._.js:2325
[29066072ms] [ERROR] Unable to preventDefault inside passive event listener invocation. @ http://localhost:3000/_next/static/chunks/node_modules_next_dist_compiled_react-dom_1e674e59._.js:2325
[29066330ms] [ERROR] Unable to preventDefault inside passive event listener invocation. @ http://localhost:3000/_next/static/chunks/node_modules_next_dist_compiled_react-dom_1e674e59._.js:2325
[29066365ms] [ERROR] Unable to preventDefault inside passive event listener invocation. @ http://localhost:3000/_next/static/chunks/node_modules_next_dist_compiled_react-dom_1e674e59._.js:2325
[29066416ms] [ERROR] Unable to preventDefault inside passive event listener invocation. @ http://localhost:3000/_next/static/chunks/node_modules_next_dist_compiled_react-dom_1e674e59._.js:2325
[29096369ms] [LOG] [Fast Refresh] rebuilding @ http://localhost:3000/_next/static/chunks/node_modules_next_dist_f3530cac._.js:2297
[29096389ms] [LOG] [Fast Refresh] done in 121ms @ http://localhost:3000/_next/static/chunks/node_modules_next_dist_f3530cac._.js:2297
[29136042ms] [ERROR] Failed to load resource: the server responded with a status of 502 (Bad Gateway) @ http://localhost:3000/api/pole_tags:0
[29136971ms] [LOG] [Fast Refresh] rebuilding @ http://localhost:3000/_next/static/chunks/node_modules_next_dist_f3530cac._.js:2297
[29136997ms] [LOG] [Fast Refresh] done in 127ms @ http://localhost:3000/_next/static/chunks/node_modules_next_dist_f3530cac._.js:2297
[29138043ms] [ERROR] Failed to load resource: the server responded with a status of 502 (Bad Gateway) @ http://localhost:3000/api/pole_tags:0
[29203706ms] [LOG] [Fast Refresh] rebuilding @ http://localhost:3000/_next/static/chunks/node_modules_next_dist_f3530cac._.js:2297
[29203765ms] [LOG] [Fast Refresh] done in 159ms @ http://localhost:3000/_next/static/chunks/node_modules_next_dist_f3530cac._.js:2297
[29209798ms] [ERROR] Unable to preventDefault inside passive event listener invocation. @ http://localhost:3000/_next/static/chunks/node_modules_next_dist_compiled_react-dom_1e674e59._.js:2325
[29209808ms] [ERROR] Unable to preventDefault inside passive event listener invocation. @ http://localhost:3000/_next/static/chunks/node_modules_next_dist_compiled_react-dom_1e674e59._.js:2325
[29209841ms] [ERROR] Unable to preventDefault inside passive event listener invocation. @ http://localhost:3000/_next/static/chunks/node_modules_next_dist_compiled_react-dom_1e674e59._.js:2325
[29210092ms] [ERROR] Unable to preventDefault inside passive event listener invocation. @ http://localhost:3000/_next/static/chunks/node_modules_next_dist_compiled_react-dom_1e674e59._.js:2325
[29210120ms] [ERROR] Unable to preventDefault inside passive event listener invocation. @ http://localhost:3000/_next/static/chunks/node_modules_next_dist_compiled_react-dom_1e674e59._.js:2325
[29210365ms] [ERROR] Unable to preventDefault inside passive event listener invocation. @ http://localhost:3000/_next/static/chunks/node_modules_next_dist_compiled_react-dom_1e674e59._.js:2325
[29210375ms] [ERROR] Unable to preventDefault inside passive event listener invocation. @ http://localhost:3000/_next/static/chunks/node_modules_next_dist_compiled_react-dom_1e674e59._.js:2325
[29210387ms] [ERROR] Unable to preventDefault inside passive event listener invocation. @ http://localhost:3000/_next/static/chunks/node_modules_next_dist_compiled_react-dom_1e674e59._.js:2325
[29210606ms] [ERROR] Unable to preventDefault inside passive event listener invocation. @ http://localhost:3000/_next/static/chunks/node_modules_next_dist_compiled_react-dom_1e674e59._.js:2325
[29210631ms] [ERROR] Unable to preventDefault inside passive event listener invocation. @ http://localhost:3000/_next/static/chunks/node_modules_next_dist_compiled_react-dom_1e674e59._.js:2325
[29210665ms] [ERROR] Unable to preventDefault inside passive event listener invocation. @ http://localhost:3000/_next/static/chunks/node_modules_next_dist_compiled_react-dom_1e674e59._.js:2325
[29225621ms] [ERROR] Unable to preventDefault inside passive event listener invocation. @ http://localhost:3000/_next/static/chunks/node_modules_next_dist_compiled_react-dom_1e674e59._.js:2325
[29225628ms] [ERROR] Unable to preventDefault inside passive event listener invocation. @ http://localhost:3000/_next/static/chunks/node_modules_next_dist_compiled_react-dom_1e674e59._.js:2325
[29225671ms] [ERROR] Unable to preventDefault inside passive event listener invocation. @ http://localhost:3000/_next/static/chunks/node_modules_next_dist_compiled_react-dom_1e674e59._.js:2325
[29227423ms] [ERROR] Unable to preventDefault inside passive event listener invocation. @ http://localhost:3000/_next/static/chunks/node_modules_next_dist_compiled_react-dom_1e674e59._.js:2325
[29248328ms] [ERROR] Unable to preventDefault inside passive event listener invocation. @ http://localhost:3000/_next/static/chunks/node_modules_next_dist_compiled_react-dom_1e674e59._.js:2325
[29248366ms] [ERROR] Unable to preventDefault inside passive event listener invocation. @ http://localhost:3000/_next/static/chunks/node_modules_next_dist_compiled_react-dom_1e674e59._.js:2325
[29248416ms] [ERROR] Unable to preventDefault inside passive event listener invocation. @ http://localhost:3000/_next/static/chunks/node_modules_next_dist_compiled_react-dom_1e674e59._.js:2325
[29259904ms] [ERROR] Unable to preventDefault inside passive event listener invocation. @ http://localhost:3000/_next/static/chunks/node_modules_next_dist_compiled_react-dom_1e674e59._.js:2325
[29259909ms] [ERROR] Unable to preventDefault inside passive event listener invocation. @ http://localhost:3000/_next/static/chunks/node_modules_next_dist_compiled_react-dom_1e674e59._.js:2325
[29260192ms] [ERROR] Unable to preventDefault inside passive event listener invocation. @ http://localhost:3000/_next/static/chunks/node_modules_next_dist_compiled_react-dom_1e674e59._.js:2325
[29260238ms] [ERROR] Unable to preventDefault inside passive event listener invocation. @ http://localhost:3000/_next/static/chunks/node_modules_next_dist_compiled_react-dom_1e674e59._.js:2325
[29260321ms] [ERROR] Unable to preventDefault inside passive event listener invocation. @ http://localhost:3000/_next/static/chunks/node_modules_next_dist_compiled_react-dom_1e674e59._.js:2325
[29327654ms] [ERROR] Unable to preventDefault inside passive event listener invocation. @ http://localhost:3000/_next/static/chunks/node_modules_next_dist_compiled_react-dom_1e674e59._.js:2325
[29327958ms] [ERROR] Unable to preventDefault inside passive event listener invocation. @ http://localhost:3000/_next/static/chunks/node_modules_next_dist_compiled_react-dom_1e674e59._.js:2325
[29327965ms] [ERROR] Unable to preventDefault inside passive event listener invocation. @ http://localhost:3000/_next/static/chunks/node_modules_next_dist_compiled_react-dom_1e674e59._.js:2325
[29327994ms] [ERROR] Unable to preventDefault inside passive event listener invocation. @ http://localhost:3000/_next/static/chunks/node_modules_next_dist_compiled_react-dom_1e674e59._.js:2325
[29328018ms] [ERROR] Unable to preventDefault inside passive event listener invocation. @ http://localhost:3000/_next/static/chunks/node_modules_next_dist_compiled_react-dom_1e674e59._.js:2325
[29328205ms] [ERROR] Unable to preventDefault inside passive event listener invocation. @ http://localhost:3000/_next/static/chunks/node_modules_next_dist_compiled_react-dom_1e674e59._.js:2325
[29328235ms] [ERROR] Unable to preventDefault inside passive event listener invocation. @ http://localhost:3000/_next/static/chunks/node_modules_next_dist_compiled_react-dom_1e674e59._.js:2325
[29328252ms] [ERROR] Unable to preventDefault inside passive event listener invocation. @ http://localhost:3000/_next/static/chunks/node_modules_next_dist_compiled_react-dom_1e674e59._.js:2325
[29328459ms] [ERROR] Unable to preventDefault inside passive event listener invocation. @ http://localhost:3000/_next/static/chunks/node_modules_next_dist_compiled_react-dom_1e674e59._.js:2325
[29328485ms] [ERROR] Unable to preventDefault inside passive event listener invocation. @ http://localhost:3000/_next/static/chunks/node_modules_next_dist_compiled_react-dom_1e674e59._.js:2325
[29328708ms] [ERROR] Unable to preventDefault inside passive event listener invocation. @ http://localhost:3000/_next/static/chunks/node_modules_next_dist_compiled_react-dom_1e674e59._.js:2325
[29328735ms] [ERROR] Unable to preventDefault inside passive event listener invocation. @ http://localhost:3000/_next/static/chunks/node_modules_next_dist_compiled_react-dom_1e674e59._.js:2325
[29328752ms] [ERROR] Unable to preventDefault inside passive event listener invocation. @ http://localhost:3000/_next/static/chunks/node_modules_next_dist_compiled_react-dom_1e674e59._.js:2325
[29344393ms] [ERROR] Unable to preventDefault inside passive event listener invocation. @ http://localhost:3000/_next/static/chunks/node_modules_next_dist_compiled_react-dom_1e674e59._.js:2325
[29344402ms] [ERROR] Unable to preventDefault inside passive event listener invocation. @ http://localhost:3000/_next/static/chunks/node_modules_next_dist_compiled_react-dom_1e674e59._.js:2325
[29344426ms] [ERROR] Unable to preventDefault inside passive event listener invocation. @ http://localhost:3000/_next/static/chunks/node_modules_next_dist_compiled_react-dom_1e674e59._.js:2325
[29345097ms] [ERROR] Unable to preventDefault inside passive event listener invocation. @ http://localhost:3000/_next/static/chunks/node_modules_next_dist_compiled_react-dom_1e674e59._.js:2325
[29345117ms] [ERROR] Unable to preventDefault inside passive event listener invocation. @ http://localhost:3000/_next/static/chunks/node_modules_next_dist_compiled_react-dom_1e674e59._.js:2325
[29345159ms] [ERROR] Unable to preventDefault inside passive event listener invocation. @ http://localhost:3000/_next/static/chunks/node_modules_next_dist_compiled_react-dom_1e674e59._.js:2325
[29345366ms] [ERROR] Unable to preventDefault inside passive event listener invocation. @ http://localhost:3000/_next/static/chunks/node_modules_next_dist_compiled_react-dom_1e674e59._.js:2325
[29345394ms] [ERROR] Unable to preventDefault inside passive event listener invocation. @ http://localhost:3000/_next/static/chunks/node_modules_next_dist_compiled_react-dom_1e674e59._.js:2325
[29345409ms] [ERROR] Unable to preventDefault inside passive event listener invocation. @ http://localhost:3000/_next/static/chunks/node_modules_next_dist_compiled_react-dom_1e674e59._.js:2325
[29345615ms] [ERROR] Unable to preventDefault inside passive event listener invocation. @ http://localhost:3000/_next/static/chunks/node_modules_next_dist_compiled_react-dom_1e674e59._.js:2325
[29345632ms] [ERROR] Unable to preventDefault inside passive event listener invocation. @ http://localhost:3000/_next/static/chunks/node_modules_next_dist_compiled_react-dom_1e674e59._.js:2325
[29345643ms] [ERROR] Unable to preventDefault inside passive event listener invocation. @ http://localhost:3000/_next/static/chunks/node_modules_next_dist_compiled_react-dom_1e674e59._.js:2325
[29345666ms] [ERROR] Unable to preventDefault inside passive event listener invocation. @ http://localhost:3000/_next/static/chunks/node_modules_next_dist_compiled_react-dom_1e674e59._.js:2325
[29345673ms] [ERROR] Unable to preventDefault inside passive event listener invocation. @ http://localhost:3000/_next/static/chunks/node_modules_next_dist_compiled_react-dom_1e674e59._.js:2325
[29443946ms] [LOG] [Fast Refresh] rebuilding @ http://localhost:3000/_next/static/chunks/node_modules_next_dist_f3530cac._.js:2297
[29444121ms] [LOG] [Fast Refresh] done in 278ms @ http://localhost:3000/_next/static/chunks/node_modules_next_dist_f3530cac._.js:2297
[29504409ms] [LOG] [Fast Refresh] rebuilding @ http://localhost:3000/_next/static/chunks/node_modules_next_dist_f3530cac._.js:2297
[29506246ms] [LOG] [Fast Refresh] done in 1977ms @ http://localhost:3000/_next/static/chunks/node_modules_next_dist_f3530cac._.js:2297
[29541953ms] [LOG] [Fast Refresh] rebuilding @ http://localhost:3000/_next/static/chunks/node_modules_next_dist_f3530cac._.js:2297
[29541955ms] [LOG] [Fast Refresh] done in 108ms @ http://localhost:3000/_next/static/chunks/node_modules_next_dist_f3530cac._.js:2297
[29558169ms] [ERROR] Failed to load resource: net::ERR_CONNECTION_REFUSED @ http://localhost:3000/api/pole_tags:0
[29558363ms] [ERROR] WebSocket connection to 'ws://localhost:3000/_next/webpack-hmr?id=k-tKd-qjo1llFeSfZHflc' failed: Error in connection establishment: net::ERR_CONNECTION_REFUSED @ http://localhost:3000/_next/static/chunks/node_modules_next_dist_client_17643121._.js:10878
[29558414ms] [ERROR] Failed to load resource: net::ERR_CONNECTION_REFUSED @ http://localhost:3000/api/pole_tags:0
[29560493ms] [ERROR] Failed to load resource: net::ERR_CONNECTION_REFUSED @ http://localhost:3000/api/pole_tags:0
[29561680ms] [ERROR] WebSocket connection to 'ws://localhost:3000/_next/webpack-hmr?id=k-tKd-qjo1llFeSfZHflc' failed: Error in connection establishment: net::ERR_CONNECTION_REFUSED @ http://localhost:3000/_next/static/chunks/node_modules_next_dist_client_17643121._.js:10878
[29562150ms] [ERROR] Failed to load resource: net::ERR_CONNECTION_REFUSED @ http://localhost:3000/api/pole_tags:0
[29564150ms] [ERROR] Failed to load resource: net::ERR_CONNECTION_REFUSED @ http://localhost:3000/api/pole_tags:0
[29564989ms] [ERROR] WebSocket connection to 'ws://localhost:3000/_next/webpack-hmr?id=k-tKd-qjo1llFeSfZHflc' failed: Error in connection establishment: net::ERR_CONNECTION_REFUSED @ http://localhost:3000/_next/static/chunks/node_modules_next_dist_client_17643121._.js:10878
[29566139ms] [ERROR] Failed to load resource: net::ERR_CONNECTION_REFUSED @ http://localhost:3000/api/pole_tags:0
[29568142ms] [ERROR] Failed to load resource: net::ERR_CONNECTION_REFUSED @ http://localhost:3000/api/pole_tags:0
[29568300ms] [ERROR] WebSocket connection to 'ws://localhost:3000/_next/webpack-hmr?id=k-tKd-qjo1llFeSfZHflc' failed: Error in connection establishment: net::ERR_CONNECTION_REFUSED @ http://localhost:3000/_next/static/chunks/node_modules_next_dist_client_17643121._.js:10878
[29570150ms] [ERROR] Failed to load resource: net::ERR_CONNECTION_REFUSED @ http://localhost:3000/api/pole_tags:0
[29571609ms] [ERROR] WebSocket connection to 'ws://localhost:3000/_next/webpack-hmr?id=k-tKd-qjo1llFeSfZHflc' failed: Error in connection establishment: net::ERR_CONNECTION_REFUSED @ http://localhost:3000/_next/static/chunks/node_modules_next_dist_client_17643121._.js:10878
[29572141ms] [ERROR] Failed to load resource: net::ERR_CONNECTION_REFUSED @ http://localhost:3000/api/pole_tags:0
[29574139ms] [ERROR] Failed to load resource: net::ERR_CONNECTION_REFUSED @ http://localhost:3000/api/pole_tags:0
[29576147ms] [ERROR] Failed to load resource: net::ERR_CONNECTION_REFUSED @ http://localhost:3000/api/pole_tags:0
[29578143ms] [ERROR] Failed to load resource: net::ERR_CONNECTION_REFUSED @ http://localhost:3000/api/pole_tags:0
[29578925ms] [ERROR] WebSocket connection to 'ws://localhost:3000/_next/webpack-hmr?id=k-tKd-qjo1llFeSfZHflc' failed: Error in connection establishment: net::ERR_CONNECTION_REFUSED @ http://localhost:3000/_next/static/chunks/node_modules_next_dist_client_17643121._.js:10878
[29580145ms] [ERROR] Failed to load resource: net::ERR_CONNECTION_REFUSED @ http://localhost:3000/api/pole_tags:0
[29582137ms] [ERROR] Failed to load resource: net::ERR_CONNECTION_REFUSED @ http://localhost:3000/api/pole_tags:0
[29584146ms] [ERROR] Failed to load resource: net::ERR_CONNECTION_REFUSED @ http://localhost:3000/api/pole_tags:0
[29586139ms] [ERROR] Failed to load resource: net::ERR_CONNECTION_REFUSED @ http://localhost:3000/api/pole_tags:0
[29586235ms] [ERROR] WebSocket connection to 'ws://localhost:3000/_next/webpack-hmr?id=k-tKd-qjo1llFeSfZHflc' failed: Error in connection establishment: net::ERR_CONNECTION_REFUSED @ http://localhost:3000/_next/static/chunks/node_modules_next_dist_client_17643121._.js:10878
[29588146ms] [ERROR] Failed to load resource: net::ERR_CONNECTION_REFUSED @ http://localhost:3000/api/pole_tags:0
[29590165ms] [ERROR] Failed to load resource: net::ERR_CONNECTION_REFUSED @ http://localhost:3000/api/pole_tags:0
[29592139ms] [ERROR] Failed to load resource: net::ERR_CONNECTION_REFUSED @ http://localhost:3000/api/pole_tags:0
[29593551ms] [ERROR] WebSocket connection to 'ws://localhost:3000/_next/webpack-hmr?id=k-tKd-qjo1llFeSfZHflc' failed: Error in connection establishment: net::ERR_CONNECTION_REFUSED @ http://localhost:3000/_next/static/chunks/node_modules_next_dist_client_17643121._.js:10878
[29594140ms] [ERROR] Failed to load resource: net::ERR_CONNECTION_REFUSED @ http://localhost:3000/api/pole_tags:0
[29596147ms] [ERROR] Failed to load resource: net::ERR_CONNECTION_REFUSED @ http://localhost:3000/api/pole_tags:0
[29598141ms] [ERROR] Failed to load resource: net::ERR_CONNECTION_REFUSED @ http://localhost:3000/api/pole_tags:0
[29600143ms] [ERROR] Failed to load resource: net::ERR_CONNECTION_REFUSED @ http://localhost:3000/api/pole_tags:0
[29600868ms] [ERROR] WebSocket connection to 'ws://localhost:3000/_next/webpack-hmr?id=k-tKd-qjo1llFeSfZHflc' failed: Error in connection establishment: net::ERR_CONNECTION_REFUSED @ http://localhost:3000/_next/static/chunks/node_modules_next_dist_client_17643121._.js:10878
[29602141ms] [ERROR] Failed to load resource: net::ERR_CONNECTION_REFUSED @ http://localhost:3000/api/pole_tags:0
[29604139ms] [ERROR] Failed to load resource: net::ERR_CONNECTION_REFUSED @ http://localhost:3000/api/pole_tags:0
[29606141ms] [ERROR] Failed to load resource: net::ERR_CONNECTION_REFUSED @ http://localhost:3000/api/pole_tags:0
[29608140ms] [ERROR] Failed to load resource: net::ERR_CONNECTION_REFUSED @ http://localhost:3000/api/pole_tags:0
[29608210ms] [ERROR] WebSocket connection to 'ws://localhost:3000/_next/webpack-hmr?id=k-tKd-qjo1llFeSfZHflc' failed: Error in connection establishment: net::ERR_CONNECTION_REFUSED @ http://localhost:3000/_next/static/chunks/node_modules_next_dist_client_17643121._.js:10878
[29610145ms] [ERROR] Failed to load resource: net::ERR_CONNECTION_REFUSED @ http://localhost:3000/api/pole_tags:0
[29612146ms] [ERROR] Failed to load resource: net::ERR_CONNECTION_REFUSED @ http://localhost:3000/api/pole_tags:0
[29614150ms] [ERROR] Failed to load resource: net::ERR_CONNECTION_REFUSED @ http://localhost:3000/api/pole_tags:0
[29615548ms] [ERROR] WebSocket connection to 'ws://localhost:3000/_next/webpack-hmr?id=k-tKd-qjo1llFeSfZHflc' failed: Error in connection establishment: net::ERR_CONNECTION_REFUSED @ http://localhost:3000/_next/static/chunks/node_modules_next_dist_client_17643121._.js:10878
[29616146ms] [ERROR] Failed to load resource: net::ERR_CONNECTION_REFUSED @ http://localhost:3000/api/pole_tags:0
[29618150ms] [ERROR] Failed to load resource: net::ERR_CONNECTION_REFUSED @ http://localhost:3000/api/pole_tags:0
[29620146ms] [ERROR] Failed to load resource: net::ERR_CONNECTION_REFUSED @ http://localhost:3000/api/pole_tags:0
[29622146ms] [ERROR] Failed to load resource: net::ERR_CONNECTION_REFUSED @ http://localhost:3000/api/pole_tags:0
[29622984ms] [ERROR] WebSocket connection to 'ws://localhost:3000/_next/webpack-hmr?id=k-tKd-qjo1llFeSfZHflc' failed: Error in connection establishment: net::ERR_CONNECTION_REFUSED @ http://localhost:3000/_next/static/chunks/node_modules_next_dist_client_17643121._.js:10878
[32433263ms] [INFO] %cDownload the React DevTools for a better development experience: https://react.dev/link/react-devtools font-weight:bold @ http://localhost:3000/_next/static/chunks/node_modules_next_dist_f3530cac._.js:2297
[32433607ms] [LOG] [HMR] connected @ http://localhost:3000/_next/static/chunks/node_modules_next_dist_f3530cac._.js:2297
[32433785ms] [LOG] [Fast Refresh] rebuilding @ http://localhost:3000/_next/static/chunks/node_modules_next_dist_f3530cac._.js:2297
[32433787ms] [LOG] [Fast Refresh] done in 124ms @ http://localhost:3000/_next/static/chunks/node_modules_next_dist_f3530cac._.js:2297
[32528583ms] [LOG] [Fast Refresh] rebuilding @ http://localhost:3000/_next/static/chunks/node_modules_next_dist_f3530cac._.js:2297
[32528652ms] [LOG] [Fast Refresh] done in 169ms @ http://localhost:3000/_next/static/chunks/node_modules_next_dist_f3530cac._.js:2297
[32655479ms] [LOG] [Fast Refresh] rebuilding @ http://localhost:3000/_next/static/chunks/node_modules_next_dist_f3530cac._.js:2297
[32655528ms] [LOG] [Fast Refresh] done in 149ms @ http://localhost:3000/_next/static/chunks/node_modules_next_dist_f3530cac._.js:2297
[32760593ms] [LOG] [Fast Refresh] rebuilding @ http://localhost:3000/_next/static/chunks/node_modules_next_dist_f3530cac._.js:2297
[32760704ms] [LOG] [Fast Refresh] done in 213ms @ http://localhost:3000/_next/static/chunks/node_modules_next_dist_f3530cac._.js:2297
[32907759ms] [LOG] [Fast Refresh] rebuilding @ http://localhost:3000/_next/static/chunks/node_modules_next_dist_f3530cac._.js:2297
[32908006ms] [LOG] [Fast Refresh] done in 351ms @ http://localhost:3000/_next/static/chunks/node_modules_next_dist_f3530cac._.js:2297
[32958027ms] [LOG] [Fast Refresh] rebuilding @ http://localhost:3000/_next/static/chunks/node_modules_next_dist_f3530cac._.js:2297
[32958137ms] [LOG] [Fast Refresh] done in 212ms @ http://localhost:3000/_next/static/chunks/node_modules_next_dist_f3530cac._.js:2297
[33260987ms] [ERROR] WebSocket connection to 'ws://localhost:3000/_next/webpack-hmr?id=HpDHJNFiA1y_lAOORf6hd' failed: Error in connection establishment: net::ERR_CONNECTION_REFUSED @ http://localhost:3000/_next/static/chunks/node_modules_next_dist_client_17643121._.js:10878
[33264300ms] [ERROR] WebSocket connection to 'ws://localhost:3000/_next/webpack-hmr?id=HpDHJNFiA1y_lAOORf6hd' failed: Error in connection establishment: net::ERR_CONNECTION_REFUSED @ http://localhost:3000/_next/static/chunks/node_modules_next_dist_client_17643121._.js:10878
[33267606ms] [ERROR] WebSocket connection to 'ws://localhost:3000/_next/webpack-hmr?id=HpDHJNFiA1y_lAOORf6hd' failed: Error in connection establishment: net::ERR_CONNECTION_REFUSED @ http://localhost:3000/_next/static/chunks/node_modules_next_dist_client_17643121._.js:10878
[33270911ms] [ERROR] WebSocket connection to 'ws://localhost:3000/_next/webpack-hmr?id=HpDHJNFiA1y_lAOORf6hd' failed: Error in connection establishment: net::ERR_CONNECTION_REFUSED @ http://localhost:3000/_next/static/chunks/node_modules_next_dist_client_17643121._.js:10878
[33274216ms] [ERROR] WebSocket connection to 'ws://localhost:3000/_next/webpack-hmr?id=HpDHJNFiA1y_lAOORf6hd' failed: Error in connection establishment: net::ERR_CONNECTION_REFUSED @ http://localhost:3000/_next/static/chunks/node_modules_next_dist_client_17643121._.js:10878
[33285930ms] [LOG] [HMR] connected @ http://localhost:3000/_next/static/chunks/node_modules_next_dist_f3530cac._.js:2297
[33288374ms] [INFO] %cDownload the React DevTools for a better development experience: https://react.dev/link/react-devtools font-weight:bold @ http://localhost:3000/_next/static/chunks/node_modules_next_dist_f3530cac._.js:2297
[33288463ms] [LOG] [HMR] connected @ http://localhost:3000/_next/static/chunks/node_modules_next_dist_f3530cac._.js:2297
[33460280ms] [LOG] [Fast Refresh] rebuilding @ http://localhost:3000/_next/static/chunks/node_modules_next_dist_f3530cac._.js:2297
[33460355ms] [LOG] [Fast Refresh] done in 177ms @ http://localhost:3000/_next/static/chunks/node_modules_next_dist_f3530cac._.js:2297
[34718910ms] [LOG] [Fast Refresh] rebuilding @ http://localhost:3000/_next/static/chunks/node_modules_next_dist_f3530cac._.js:2297
[34718957ms] [LOG] [Fast Refresh] done in 149ms @ http://localhost:3000/_next/static/chunks/node_modules_next_dist_f3530cac._.js:2297
[34987773ms] [LOG] [Fast Refresh] rebuilding @ http://localhost:3000/_next/static/chunks/node_modules_next_dist_f3530cac._.js:2297
[34990166ms] [LOG] [Fast Refresh] done in 2494ms @ http://localhost:3000/_next/static/chunks/node_modules_next_dist_f3530cac._.js:2297
[35066150ms] [LOG] [Fast Refresh] rebuilding @ http://localhost:3000/_next/static/chunks/node_modules_next_dist_f3530cac._.js:2297
[35066333ms] [LOG] [Fast Refresh] done in 283ms @ http://localhost:3000/_next/static/chunks/node_modules_next_dist_f3530cac._.js:2297
[35884363ms] [ERROR] WebSocket connection to 'ws://localhost:3000/_next/webpack-hmr?id=h42evaVyS35ptwhk7LJvu' failed: Error in connection establishment: net::ERR_CONNECTION_REFUSED @ http://localhost:3000/_next/static/chunks/node_modules_next_dist_client_17643121._.js:10878
[35887670ms] [ERROR] WebSocket connection to 'ws://localhost:3000/_next/webpack-hmr?id=h42evaVyS35ptwhk7LJvu' failed: Error in connection establishment: net::ERR_CONNECTION_REFUSED @ http://localhost:3000/_next/static/chunks/node_modules_next_dist_client_17643121._.js:10878
[35890978ms] [ERROR] WebSocket connection to 'ws://localhost:3000/_next/webpack-hmr?id=h42evaVyS35ptwhk7LJvu' failed: Error in connection establishment: net::ERR_CONNECTION_REFUSED @ http://localhost:3000/_next/static/chunks/node_modules_next_dist_client_17643121._.js:10878
[35894288ms] [ERROR] WebSocket connection to 'ws://localhost:3000/_next/webpack-hmr?id=h42evaVyS35ptwhk7LJvu' failed: Error in connection establishment: net::ERR_CONNECTION_REFUSED @ http://localhost:3000/_next/static/chunks/node_modules_next_dist_client_17643121._.js:10878
[35897597ms] [ERROR] WebSocket connection to 'ws://localhost:3000/_next/webpack-hmr?id=h42evaVyS35ptwhk7LJvu' failed: Error in connection establishment: net::ERR_CONNECTION_REFUSED @ http://localhost:3000/_next/static/chunks/node_modules_next_dist_client_17643121._.js:10878
[35904908ms] [ERROR] WebSocket connection to 'ws://localhost:3000/_next/webpack-hmr?id=h42evaVyS35ptwhk7LJvu' failed: Error in connection establishment: net::ERR_CONNECTION_REFUSED @ http://localhost:3000/_next/static/chunks/node_modules_next_dist_client_17643121._.js:10878
[35912215ms] [ERROR] WebSocket connection to 'ws://localhost:3000/_next/webpack-hmr?id=h42evaVyS35ptwhk7LJvu' failed: Error in connection establishment: net::ERR_CONNECTION_REFUSED @ http://localhost:3000/_next/static/chunks/node_modules_next_dist_client_17643121._.js:10878
[35919530ms] [ERROR] WebSocket connection to 'ws://localhost:3000/_next/webpack-hmr?id=h42evaVyS35ptwhk7LJvu' failed: Error in connection establishment: net::ERR_CONNECTION_REFUSED @ http://localhost:3000/_next/static/chunks/node_modules_next_dist_client_17643121._.js:10878
[35926859ms] [ERROR] WebSocket connection to 'ws://localhost:3000/_next/webpack-hmr?id=h42evaVyS35ptwhk7LJvu' failed: Error in connection establishment: net::ERR_CONNECTION_REFUSED @ http://localhost:3000/_next/static/chunks/node_modules_next_dist_client_17643121._.js:10878
[35934195ms] [ERROR] WebSocket connection to 'ws://localhost:3000/_next/webpack-hmr?id=h42evaVyS35ptwhk7LJvu' failed: Error in connection establishment: net::ERR_CONNECTION_REFUSED @ http://localhost:3000/_next/static/chunks/node_modules_next_dist_client_17643121._.js:10878
[35941552ms] [ERROR] WebSocket connection to 'ws://localhost:3000/_next/webpack-hmr?id=h42evaVyS35ptwhk7LJvu' failed: Error in connection establishment: net::ERR_CONNECTION_REFUSED @ http://localhost:3000/_next/static/chunks/node_modules_next_dist_client_17643121._.js:10878
[35948905ms] [ERROR] WebSocket connection to 'ws://localhost:3000/_next/webpack-hmr?id=h42evaVyS35ptwhk7LJvu' failed: Error in connection establishment: net::ERR_CONNECTION_REFUSED @ http://localhost:3000/_next/static/chunks/node_modules_next_dist_client_17643121._.js:10878
[35995943ms] [INFO] %cDownload the React DevTools for a better development experience: https://react.dev/link/react-devtools font-weight:bold @ http://localhost:3000/_next/static/chunks/node_modules_next_dist_f3530cac._.js:2297
[35996217ms] [LOG] [HMR] connected @ http://localhost:3000/_next/static/chunks/node_modules_next_dist_f3530cac._.js:2297
[36173136ms] [LOG] [Fast Refresh] rebuilding @ http://localhost:3000/_next/static/chunks/node_modules_next_dist_f3530cac._.js:2297
[36173277ms] [LOG] [Fast Refresh] done in 240ms @ http://localhost:3000/_next/static/chunks/node_modules_next_dist_f3530cac._.js:2297
[36205219ms] [LOG] [Fast Refresh] rebuilding @ http://localhost:3000/_next/static/chunks/node_modules_next_dist_f3530cac._.js:2297
[36205235ms] [LOG] [Fast Refresh] done in 116ms @ http://localhost:3000/_next/static/chunks/node_modules_next_dist_f3530cac._.js:2297
[54031033ms] [LOG] [Fast Refresh] rebuilding @ http://localhost:3000/_next/static/chunks/node_modules_next_dist_f3530cac._.js:2297
[54031626ms] [LOG] [Fast Refresh] done in 701ms @ http://localhost:3000/_next/static/chunks/node_modules_next_dist_f3530cac._.js:2297
[54033273ms] [LOG] [Fast Refresh] rebuilding @ http://localhost:3000/_next/static/chunks/node_modules_next_dist_f3530cac._.js:2297
[54033337ms] [LOG] [Fast Refresh] done in 224ms @ http://localhost:3000/_next/static/chunks/node_modules_next_dist_f3530cac._.js:2297
[54143901ms] [LOG] [Fast Refresh] rebuilding @ http://localhost:3000/_next/static/chunks/node_modules_next_dist_f3530cac._.js:2297
[54144193ms] [LOG] [Fast Refresh] done in 393ms @ http://localhost:3000/_next/static/chunks/node_modules_next_dist_f3530cac._.js:2297
[54206938ms] [LOG] [Fast Refresh] rebuilding @ http://localhost:3000/_next/static/chunks/node_modules_next_dist_f3530cac._.js:2297
[54207087ms] [LOG] [Fast Refresh] done in 599ms @ http://localhost:3000/_next/static/chunks/node_modules_next_dist_f3530cac._.js:2297
[54212218ms] [LOG] [Fast Refresh] rebuilding @ http://localhost:3000/_next/static/chunks/node_modules_next_dist_f3530cac._.js:2297
[54218586ms] [LOG] [Fast Refresh] done in 8894ms @ http://localhost:3000/_next/static/chunks/node_modules_next_dist_f3530cac._.js:2297
[54246327ms] [LOG] [Fast Refresh] rebuilding @ http://localhost:3000/_next/static/chunks/node_modules_next_dist_f3530cac._.js:2297
[54247327ms] [LOG] [Fast Refresh] done in 1529ms @ http://localhost:3000/_next/static/chunks/node_modules_next_dist_f3530cac._.js:2297
[54249456ms] [LOG] [Fast Refresh] rebuilding @ http://localhost:3000/_next/static/chunks/node_modules_next_dist_f3530cac._.js:2297
[54250345ms] [LOG] [Fast Refresh] done in 997ms @ http://localhost:3000/_next/static/chunks/node_modules_next_dist_f3530cac._.js:2297
[54250828ms] [LOG] [Fast Refresh] rebuilding @ http://localhost:3000/_next/static/chunks/node_modules_next_dist_f3530cac._.js:2297
[54251162ms] [LOG] [Fast Refresh] done in 449ms @ http://localhost:3000/_next/static/chunks/node_modules_next_dist_f3530cac._.js:2297
[54251430ms] [LOG] [Fast Refresh] rebuilding @ http://localhost:3000/_next/static/chunks/node_modules_next_dist_f3530cac._.js:2297
[54251430ms] [LOG] [Fast Refresh] done in 206ms @ http://localhost:3000/_next/static/chunks/node_modules_next_dist_f3530cac._.js:2297
[54254692ms] [LOG] [Fast Refresh] rebuilding @ http://localhost:3000/_next/static/chunks/node_modules_next_dist_f3530cac._.js:2297
[54254859ms] [LOG] [Fast Refresh] done in 296ms @ http://localhost:3000/_next/static/chunks/node_modules_next_dist_f3530cac._.js:2297
[54255524ms] [LOG] [Fast Refresh] rebuilding @ http://localhost:3000/_next/static/chunks/node_modules_next_dist_f3530cac._.js:2297
[54255535ms] [LOG] [Fast Refresh] done in 124ms @ http://localhost:3000/_next/static/chunks/node_modules_next_dist_f3530cac._.js:2297
[54255675ms] [LOG] [Fast Refresh] rebuilding @ http://localhost:3000/_next/static/chunks/node_modules_next_dist_f3530cac._.js:2297
[54255708ms] [LOG] [Fast Refresh] done in 149ms @ http://localhost:3000/_next/static/chunks/node_modules_next_dist_f3530cac._.js:2297
[54260904ms] [LOG] [Fast Refresh] rebuilding @ http://localhost:3000/_next/static/chunks/node_modules_next_dist_f3530cac._.js:2297
[54260977ms] [LOG] [Fast Refresh] done in 212ms @ http://localhost:3000/_next/static/chunks/node_modules_next_dist_f3530cac._.js:2297
[54616783ms] [LOG] [Fast Refresh] rebuilding @ http://localhost:3000/_next/static/chunks/node_modules_next_dist_f3530cac._.js:2297
[54628410ms] [LOG] [Fast Refresh] done in 11745ms @ http://localhost:3000/_next/static/chunks/node_modules_next_dist_f3530cac._.js:2297
[54751652ms] [LOG] [Fast Refresh] rebuilding @ http://localhost:3000/_next/static/chunks/node_modules_next_dist_f3530cac._.js:2297
[54751652ms] [LOG] [Fast Refresh] done in 101ms @ http://localhost:3000/_next/static/chunks/node_modules_next_dist_f3530cac._.js:2297
[54807773ms] [LOG] [Fast Refresh] rebuilding @ http://localhost:3000/_next/static/chunks/node_modules_next_dist_f3530cac._.js:2297
[54807796ms] [LOG] [Fast Refresh] done in 127ms @ http://localhost:3000/_next/static/chunks/node_modules_next_dist_f3530cac._.js:2297
[54813646ms] [LOG] [Fast Refresh] rebuilding @ http://localhost:3000/_next/static/chunks/node_modules_next_dist_f3530cac._.js:2297
[54813708ms] [LOG] [Fast Refresh] done in 165ms @ http://localhost:3000/_next/static/chunks/node_modules_next_dist_f3530cac._.js:2297
[54813813ms] [LOG] [Fast Refresh] rebuilding @ http://localhost:3000/_next/static/chunks/node_modules_next_dist_f3530cac._.js:2297
[54813878ms] [LOG] [Fast Refresh] done in 170ms @ http://localhost:3000/_next/static/chunks/node_modules_next_dist_f3530cac._.js:2297
[54841666ms] [LOG] [Fast Refresh] rebuilding @ http://localhost:3000/_next/static/chunks/node_modules_next_dist_f3530cac._.js:2297
[54841728ms] [LOG] [Fast Refresh] done in 164ms @ http://localhost:3000/_next/static/chunks/node_modules_next_dist_f3530cac._.js:2297
[54877647ms] [LOG] [Fast Refresh] rebuilding @ http://localhost:3000/_next/static/chunks/node_modules_next_dist_f3530cac._.js:2297
[54877765ms] [LOG] [Fast Refresh] done in 221ms @ http://localhost:3000/_next/static/chunks/node_modules_next_dist_f3530cac._.js:2297
[55050361ms] [LOG] [Fast Refresh] rebuilding @ http://localhost:3000/_next/static/chunks/node_modules_next_dist_f3530cac._.js:2297
[55051165ms] [LOG] [Fast Refresh] done in 905ms @ http://localhost:3000/_next/static/chunks/node_modules_next_dist_f3530cac._.js:2297
[55052701ms] [LOG] [Fast Refresh] rebuilding @ http://localhost:3000/_next/static/chunks/node_modules_next_dist_f3530cac._.js:2297
[55052717ms] [LOG] [Fast Refresh] done in 121ms @ http://localhost:3000/_next/static/chunks/node_modules_next_dist_f3530cac._.js:2297
[55052838ms] [LOG] [Fast Refresh] rebuilding @ http://localhost:3000/_next/static/chunks/node_modules_next_dist_f3530cac._.js:2297
[55052862ms] [LOG] [Fast Refresh] done in 139ms @ http://localhost:3000/_next/static/chunks/node_modules_next_dist_f3530cac._.js:2297
