[     133ms] [LOG] [Fast Refresh] rebuilding @ http://localhost:3000/_next/static/chunks/node_modules_next_dist_f3530cac._.js:2297
[     316ms] [LOG] [DB] Saved 52 digit results @ http://localhost:3000/_next/static/chunks/node_modules_next_dist_f3530cac._.js:2297
[     316ms] [LOG] [AutoSave] Save completed successfully @ http://localhost:3000/_next/static/chunks/node_modules_next_dist_f3530cac._.js:2297
[     574ms] [LOG] [Fast Refresh] done in 549ms @ http://localhost:3000/_next/static/chunks/node_modules_next_dist_f3530cac._.js:2297
[     947ms] [INFO] %cDownload the React DevTools for a better development experience: https://react.dev/link/react-devtools font-weight:bold @ http://localhost:3000/_next/static/chunks/node_modules_next_dist_f3530cac._.js:2297
[    1028ms] [LOG] [HMR] connected @ http://localhost:3000/_next/static/chunks/node_modules_next_dist_f3530cac._.js:2297
[    1451ms] [LOG] [Fast Refresh] rebuilding @ http://localhost:3000/_next/static/chunks/node_modules_next_dist_f3530cac._.js:2297
[    1547ms] [LOG] [Fast Refresh] done in 205ms @ http://localhost:3000/_next/static/chunks/node_modules_next_dist_f3530cac._.js:2297
[    2713ms] [ERROR] Failed to load resource: the server responded with a status of 406 () @ https://epjfulzqbvpvnxakgany.supabase.co/rest/v1/session_config?select=*&session_id=eq.7166062a-496e-4294-99e5-9c4eee65dd26:0
[    2715ms] [ERROR] Failed to load resource: the server responded with a status of 406 () @ https://epjfulzqbvpvnxakgany.supabase.co/rest/v1/boundaries?select=id&session_id=eq.7166062a-496e-4294-99e5-9c4eee65dd26:0
[    9701ms] [LOG] [Fast Refresh] rebuilding @ http://localhost:3000/_next/static/chunks/node_modules_next_dist_f3530cac._.js:2297
[    9719ms] [LOG] [Fast Refresh] done in 127ms @ http://localhost:3000/_next/static/chunks/node_modules_next_dist_f3530cac._.js:2297
[    9989ms] [INFO] %cDownload the React DevTools for a better development experience: https://react.dev/link/react-devtools font-weight:bold @ http://localhost:3000/_next/static/chunks/node_modules_next_dist_f3530cac._.js:2297
[   10039ms] [LOG] [HMR] connected @ http://localhost:3000/_next/static/chunks/node_modules_next_dist_f3530cac._.js:2297
[   12269ms] [ERROR] Failed to load resource: the server responded with a status of 406 () @ https://epjfulzqbvpvnxakgany.supabase.co/rest/v1/boundaries?select=id&session_id=eq.7166062a-496e-4294-99e5-9c4eee65dd26:0
[   12275ms] [ERROR] Failed to load resource: the server responded with a status of 406 () @ https://epjfulzqbvpvnxakgany.supabase.co/rest/v1/session_config?select=*&session_id=eq.7166062a-496e-4294-99e5-9c4eee65dd26:0
[   20573ms] [ERROR] Failed to load resource: the server responded with a status of 406 () @ https://epjfulzqbvpvnxakgany.supabase.co/rest/v1/session_config?select=*&session_id=eq.7166062a-496e-4294-99e5-9c4eee65dd26:0
[   20612ms] [ERROR] Failed to load resource: the server responded with a status of 406 () @ https://epjfulzqbvpvnxakgany.supabase.co/rest/v1/boundaries?select=*&session_id=eq.7166062a-496e-4294-99e5-9c4eee65dd26:0
[   20617ms] [LOG] [restore] session: 7166062a-496e-4294-99e5-9c4eee65dd26 poles: 34 equipment: 18 digits: 52 @ http://localhost:3000/_next/static/chunks/node_modules_next_dist_f3530cac._.js:2297
[   20618ms] [LOG] [restore] cache written — poleDone: true path: C:\zander\Telcovantage-Site-Map-Reader\uploads\LPA120.dxf dxfPath state: C:\zander\Telcovantage-Site-Map-Reader\uploads\LPA120.dxf @ http://localhost:3000/_next/static/chunks/node_modules_next_dist_f3530cac._.js:2297
[   20682ms] [LOG] [PoleLayout mount] cachedData: poleDone=true tags=34 @ http://localhost:3000/_next/static/chunks/node_modules_next_dist_f3530cac._.js:2297
[   20692ms] [LOG] [PoleLayout mount] cachedData: poleDone=true tags=34 @ http://localhost:3000/_next/static/chunks/node_modules_next_dist_f3530cac._.js:2297
[   21422ms] [WARNING] [sync] matched 0 spans, unmatched 30 {unmatchedKeys: Array(30), unmatchedPoles: Array(32), localSpanKeys: Array(0), localPoleIndices: Array(0)} @ http://localhost:3000/_next/static/chunks/node_modules_next_dist_f3530cac._.js:2297
[   21991ms] [WARNING] [sync] matched 0 spans, unmatched 30 {unmatchedKeys: Array(30), unmatchedPoles: Array(32), localSpanKeys: Array(0), localPoleIndices: Array(0)} @ http://localhost:3000/_next/static/chunks/node_modules_next_dist_f3530cac._.js:2297
[   23856ms] [LOG] [DB] Saved 52 digit results @ http://localhost:3000/_next/static/chunks/node_modules_next_dist_f3530cac._.js:2297
[   23856ms] [LOG] [AutoSave] Save completed successfully @ http://localhost:3000/_next/static/chunks/node_modules_next_dist_f3530cac._.js:2297
[   25986ms] [LOG] [cache-update] sid= 7166062a-496e-4294-99e5-9c4eee65dd26 poleTags= 34 shapes= 0 @ http://localhost:3000/_next/static/chunks/node_modules_next_dist_f3530cac._.js:2297
[   26521ms] [LOG] [DB] Saved 52 digit results @ http://localhost:3000/_next/static/chunks/node_modules_next_dist_f3530cac._.js:2297
[   26521ms] [LOG] [AutoSave] Save completed successfully @ http://localhost:3000/_next/static/chunks/node_modules_next_dist_f3530cac._.js:2297
[   26665ms] [LOG] [DB] Saved 34 poles @ http://localhost:3000/_next/static/chunks/node_modules_next_dist_f3530cac._.js:2297
[   29333ms] [LOG] [DB] Saved 52 digit results @ http://localhost:3000/_next/static/chunks/node_modules_next_dist_f3530cac._.js:2297
[   29334ms] [LOG] [AutoSave] Save completed successfully @ http://localhost:3000/_next/static/chunks/node_modules_next_dist_f3530cac._.js:2297
[   33656ms] [LOG] [DB] Saved 52 digit results @ http://localhost:3000/_next/static/chunks/node_modules_next_dist_f3530cac._.js:2297
[   33657ms] [LOG] [AutoSave] Save completed successfully @ http://localhost:3000/_next/static/chunks/node_modules_next_dist_f3530cac._.js:2297
[   36303ms] [LOG] [DB] Saved 52 digit results @ http://localhost:3000/_next/static/chunks/node_modules_next_dist_f3530cac._.js:2297
[   36303ms] [LOG] [AutoSave] Save completed successfully @ http://localhost:3000/_next/static/chunks/node_modules_next_dist_f3530cac._.js:2297
[   38917ms] [LOG] [DB] Saved 52 digit results @ http://localhost:3000/_next/static/chunks/node_modules_next_dist_f3530cac._.js:2297
[   38918ms] [LOG] [AutoSave] Save completed successfully @ http://localhost:3000/_next/static/chunks/node_modules_next_dist_f3530cac._.js:2297
[   40498ms] [LOG] [cache-update] sid= 7166062a-496e-4294-99e5-9c4eee65dd26 poleTags= 34 shapes= 0 @ http://localhost:3000/_next/static/chunks/node_modules_next_dist_f3530cac._.js:2297
[   41149ms] [WARNING] [sync] matched 28 spans, unmatched 2 {unmatchedKeys: Array(2), unmatchedPoles: Array(0), localSpanKeys: Array(34), localPoleIndices: Array(34)} @ http://localhost:3000/_next/static/chunks/node_modules_next_dist_f3530cac._.js:2297
[   41178ms] [LOG] [DB] Saved 34 poles @ http://localhost:3000/_next/static/chunks/node_modules_next_dist_f3530cac._.js:2297
[   43918ms] [LOG] [DB] Saved 52 digit results @ http://localhost:3000/_next/static/chunks/node_modules_next_dist_f3530cac._.js:2297
[   43918ms] [LOG] [AutoSave] Save completed successfully @ http://localhost:3000/_next/static/chunks/node_modules_next_dist_f3530cac._.js:2297
[   45551ms] [ERROR] Unable to preventDefault inside passive event listener invocation. @ http://localhost:3000/_next/static/chunks/node_modules_next_dist_compiled_react-dom_1e674e59._.js:2325
[   45574ms] [ERROR] Unable to preventDefault inside passive event listener invocation. @ http://localhost:3000/_next/static/chunks/node_modules_next_dist_compiled_react-dom_1e674e59._.js:2325
[   45598ms] [ERROR] Unable to preventDefault inside passive event listener invocation. @ http://localhost:3000/_next/static/chunks/node_modules_next_dist_compiled_react-dom_1e674e59._.js:2325
[   45627ms] [ERROR] Unable to preventDefault inside passive event listener invocation. @ http://localhost:3000/_next/static/chunks/node_modules_next_dist_compiled_react-dom_1e674e59._.js:2325
[   45670ms] [LOG] [Fast Refresh] rebuilding @ http://localhost:3000/_next/static/chunks/node_modules_next_dist_f3530cac._.js:2297
[   45688ms] [LOG] [Fast Refresh] done in 121ms @ http://localhost:3000/_next/static/chunks/node_modules_next_dist_f3530cac._.js:2297
[   45823ms] [ERROR] Unable to preventDefault inside passive event listener invocation. @ http://localhost:3000/_next/static/chunks/node_modules_next_dist_compiled_react-dom_1e674e59._.js:2325
[   45843ms] [ERROR] Unable to preventDefault inside passive event listener invocation. @ http://localhost:3000/_next/static/chunks/node_modules_next_dist_compiled_react-dom_1e674e59._.js:2325
[   45864ms] [ERROR] Unable to preventDefault inside passive event listener invocation. @ http://localhost:3000/_next/static/chunks/node_modules_next_dist_compiled_react-dom_1e674e59._.js:2325
[   45878ms] [ERROR] Unable to preventDefault inside passive event listener invocation. @ http://localhost:3000/_next/static/chunks/node_modules_next_dist_compiled_react-dom_1e674e59._.js:2325
[   45919ms] [ERROR] Unable to preventDefault inside passive event listener invocation. @ http://localhost:3000/_next/static/chunks/node_modules_next_dist_compiled_react-dom_1e674e59._.js:2325
[   46066ms] [ERROR] Unable to preventDefault inside passive event listener invocation. @ http://localhost:3000/_next/static/chunks/node_modules_next_dist_compiled_react-dom_1e674e59._.js:2325
[   46084ms] [ERROR] Unable to preventDefault inside passive event listener invocation. @ http://localhost:3000/_next/static/chunks/node_modules_next_dist_compiled_react-dom_1e674e59._.js:2325
[   46103ms] [ERROR] Unable to preventDefault inside passive event listener invocation. @ http://localhost:3000/_next/static/chunks/node_modules_next_dist_compiled_react-dom_1e674e59._.js:2325
[   46120ms] [ERROR] Unable to preventDefault inside passive event listener invocation. @ http://localhost:3000/_next/static/chunks/node_modules_next_dist_compiled_react-dom_1e674e59._.js:2325
[   46565ms] [LOG] [DB] Saved 52 digit results @ http://localhost:3000/_next/static/chunks/node_modules_next_dist_f3530cac._.js:2297
[   46565ms] [LOG] [AutoSave] Save completed successfully @ http://localhost:3000/_next/static/chunks/node_modules_next_dist_f3530cac._.js:2297
[   46600ms] [ERROR] Unable to preventDefault inside passive event listener invocation. @ http://localhost:3000/_next/static/chunks/node_modules_next_dist_compiled_react-dom_1e674e59._.js:2325
[   46601ms] [ERROR] Unable to preventDefault inside passive event listener invocation. @ http://localhost:3000/_next/static/chunks/node_modules_next_dist_compiled_react-dom_1e674e59._.js:2325
[   46612ms] [ERROR] Unable to preventDefault inside passive event listener invocation. @ http://localhost:3000/_next/static/chunks/node_modules_next_dist_compiled_react-dom_1e674e59._.js:2325
[   46832ms] [ERROR] Unable to preventDefault inside passive event listener invocation. @ http://localhost:3000/_next/static/chunks/node_modules_next_dist_compiled_react-dom_1e674e59._.js:2325
[   46850ms] [ERROR] Unable to preventDefault inside passive event listener invocation. @ http://localhost:3000/_next/static/chunks/node_modules_next_dist_compiled_react-dom_1e674e59._.js:2325
[   46879ms] [ERROR] Unable to preventDefault inside passive event listener invocation. @ http://localhost:3000/_next/static/chunks/node_modules_next_dist_compiled_react-dom_1e674e59._.js:2325
[   46900ms] [ERROR] Unable to preventDefault inside passive event listener invocation. @ http://localhost:3000/_next/static/chunks/node_modules_next_dist_compiled_react-dom_1e674e59._.js:2325
[   46947ms] [LOG] [Fast Refresh] rebuilding @ http://localhost:3000/_next/static/chunks/node_modules_next_dist_f3530cac._.js:2297
[   46963ms] [LOG] [Fast Refresh] done in 124ms @ http://localhost:3000/_next/static/chunks/node_modules_next_dist_f3530cac._.js:2297
[   49167ms] [LOG] [DB] Saved 52 digit results @ http://localhost:3000/_next/static/chunks/node_modules_next_dist_f3530cac._.js:2297
[   49168ms] [LOG] [AutoSave] Save completed successfully @ http://localhost:3000/_next/static/chunks/node_modules_next_dist_f3530cac._.js:2297
[   51808ms] [LOG] [DB] Saved 52 digit results @ http://localhost:3000/_next/static/chunks/node_modules_next_dist_f3530cac._.js:2297
[   51808ms] [LOG] [AutoSave] Save completed successfully @ http://localhost:3000/_next/static/chunks/node_modules_next_dist_f3530cac._.js:2297
[   54460ms] [LOG] [DB] Saved 52 digit results @ http://localhost:3000/_next/static/chunks/node_modules_next_dist_f3530cac._.js:2297
[   54461ms] [LOG] [AutoSave] Save completed successfully @ http://localhost:3000/_next/static/chunks/node_modules_next_dist_f3530cac._.js:2297
[   57116ms] [LOG] [DB] Saved 52 digit results @ http://localhost:3000/_next/static/chunks/node_modules_next_dist_f3530cac._.js:2297
[   57117ms] [LOG] [AutoSave] Save completed successfully @ http://localhost:3000/_next/static/chunks/node_modules_next_dist_f3530cac._.js:2297
[   59773ms] [LOG] [DB] Saved 52 digit results @ http://localhost:3000/_next/static/chunks/node_modules_next_dist_f3530cac._.js:2297
[   59774ms] [LOG] [AutoSave] Save completed successfully @ http://localhost:3000/_next/static/chunks/node_modules_next_dist_f3530cac._.js:2297
[   62403ms] [LOG] [DB] Saved 52 digit results @ http://localhost:3000/_next/static/chunks/node_modules_next_dist_f3530cac._.js:2297
[   62403ms] [LOG] [AutoSave] Save completed successfully @ http://localhost:3000/_next/static/chunks/node_modules_next_dist_f3530cac._.js:2297
[   65061ms] [LOG] [DB] Saved 52 digit results @ http://localhost:3000/_next/static/chunks/node_modules_next_dist_f3530cac._.js:2297
[   65061ms] [LOG] [AutoSave] Save completed successfully @ http://localhost:3000/_next/static/chunks/node_modules_next_dist_f3530cac._.js:2297
[   67705ms] [LOG] [DB] Saved 52 digit results @ http://localhost:3000/_next/static/chunks/node_modules_next_dist_f3530cac._.js:2297
[   67705ms] [LOG] [AutoSave] Save completed successfully @ http://localhost:3000/_next/static/chunks/node_modules_next_dist_f3530cac._.js:2297
[   70346ms] [LOG] [DB] Saved 52 digit results @ http://localhost:3000/_next/static/chunks/node_modules_next_dist_f3530cac._.js:2297
[   70346ms] [LOG] [AutoSave] Save completed successfully @ http://localhost:3000/_next/static/chunks/node_modules_next_dist_f3530cac._.js:2297
[   72950ms] [LOG] [DB] Saved 52 digit results @ http://localhost:3000/_next/static/chunks/node_modules_next_dist_f3530cac._.js:2297
[   72951ms] [LOG] [AutoSave] Save completed successfully @ http://localhost:3000/_next/static/chunks/node_modules_next_dist_f3530cac._.js:2297
[   75564ms] [LOG] [DB] Saved 52 digit results @ http://localhost:3000/_next/static/chunks/node_modules_next_dist_f3530cac._.js:2297
[   75564ms] [LOG] [AutoSave] Save completed successfully @ http://localhost:3000/_next/static/chunks/node_modules_next_dist_f3530cac._.js:2297
[   78211ms] [LOG] [DB] Saved 52 digit results @ http://localhost:3000/_next/static/chunks/node_modules_next_dist_f3530cac._.js:2297
[   78212ms] [LOG] [AutoSave] Save completed successfully @ http://localhost:3000/_next/static/chunks/node_modules_next_dist_f3530cac._.js:2297
[   80820ms] [LOG] [DB] Saved 52 digit results @ http://localhost:3000/_next/static/chunks/node_modules_next_dist_f3530cac._.js:2297
[   80820ms] [LOG] [AutoSave] Save completed successfully @ http://localhost:3000/_next/static/chunks/node_modules_next_dist_f3530cac._.js:2297
[   83443ms] [LOG] [DB] Saved 52 digit results @ http://localhost:3000/_next/static/chunks/node_modules_next_dist_f3530cac._.js:2297
[   83443ms] [LOG] [AutoSave] Save completed successfully @ http://localhost:3000/_next/static/chunks/node_modules_next_dist_f3530cac._.js:2297
[   86087ms] [LOG] [DB] Saved 52 digit results @ http://localhost:3000/_next/static/chunks/node_modules_next_dist_f3530cac._.js:2297
[   86087ms] [LOG] [AutoSave] Save completed successfully @ http://localhost:3000/_next/static/chunks/node_modules_next_dist_f3530cac._.js:2297
[   88716ms] [LOG] [DB] Saved 52 digit results @ http://localhost:3000/_next/static/chunks/node_modules_next_dist_f3530cac._.js:2297
[   88716ms] [LOG] [AutoSave] Save completed successfully @ http://localhost:3000/_next/static/chunks/node_modules_next_dist_f3530cac._.js:2297
[   91341ms] [LOG] [DB] Saved 52 digit results @ http://localhost:3000/_next/static/chunks/node_modules_next_dist_f3530cac._.js:2297
[   91341ms] [LOG] [AutoSave] Save completed successfully @ http://localhost:3000/_next/static/chunks/node_modules_next_dist_f3530cac._.js:2297
[   93953ms] [LOG] [DB] Saved 52 digit results @ http://localhost:3000/_next/static/chunks/node_modules_next_dist_f3530cac._.js:2297
[   93953ms] [LOG] [AutoSave] Save completed successfully @ http://localhost:3000/_next/static/chunks/node_modules_next_dist_f3530cac._.js:2297
[   96604ms] [LOG] [DB] Saved 52 digit results @ http://localhost:3000/_next/static/chunks/node_modules_next_dist_f3530cac._.js:2297
[   96604ms] [LOG] [AutoSave] Save completed successfully @ http://localhost:3000/_next/static/chunks/node_modules_next_dist_f3530cac._.js:2297
[   99241ms] [LOG] [DB] Saved 52 digit results @ http://localhost:3000/_next/static/chunks/node_modules_next_dist_f3530cac._.js:2297
[   99241ms] [LOG] [AutoSave] Save completed successfully @ http://localhost:3000/_next/static/chunks/node_modules_next_dist_f3530cac._.js:2297
[  101911ms] [LOG] [DB] Saved 52 digit results @ http://localhost:3000/_next/static/chunks/node_modules_next_dist_f3530cac._.js:2297
[  101911ms] [LOG] [AutoSave] Save completed successfully @ http://localhost:3000/_next/static/chunks/node_modules_next_dist_f3530cac._.js:2297
[  104553ms] [LOG] [DB] Saved 52 digit results @ http://localhost:3000/_next/static/chunks/node_modules_next_dist_f3530cac._.js:2297
[  104554ms] [LOG] [AutoSave] Save completed successfully @ http://localhost:3000/_next/static/chunks/node_modules_next_dist_f3530cac._.js:2297
[  107198ms] [LOG] [DB] Saved 52 digit results @ http://localhost:3000/_next/static/chunks/node_modules_next_dist_f3530cac._.js:2297
[  107198ms] [LOG] [AutoSave] Save completed successfully @ http://localhost:3000/_next/static/chunks/node_modules_next_dist_f3530cac._.js:2297
[  109843ms] [LOG] [DB] Saved 52 digit results @ http://localhost:3000/_next/static/chunks/node_modules_next_dist_f3530cac._.js:2297
[  109843ms] [LOG] [AutoSave] Save completed successfully @ http://localhost:3000/_next/static/chunks/node_modules_next_dist_f3530cac._.js:2297
[  112477ms] [LOG] [DB] Saved 52 digit results @ http://localhost:3000/_next/static/chunks/node_modules_next_dist_f3530cac._.js:2297
[  112477ms] [LOG] [AutoSave] Save completed successfully @ http://localhost:3000/_next/static/chunks/node_modules_next_dist_f3530cac._.js:2297
[  115118ms] [LOG] [DB] Saved 52 digit results @ http://localhost:3000/_next/static/chunks/node_modules_next_dist_f3530cac._.js:2297
[  115118ms] [LOG] [AutoSave] Save completed successfully @ http://localhost:3000/_next/static/chunks/node_modules_next_dist_f3530cac._.js:2297
[  117751ms] [LOG] [DB] Saved 52 digit results @ http://localhost:3000/_next/static/chunks/node_modules_next_dist_f3530cac._.js:2297
[  117751ms] [LOG] [AutoSave] Save completed successfully @ http://localhost:3000/_next/static/chunks/node_modules_next_dist_f3530cac._.js:2297
[  120373ms] [LOG] [DB] Saved 52 digit results @ http://localhost:3000/_next/static/chunks/node_modules_next_dist_f3530cac._.js:2297
[  120373ms] [LOG] [AutoSave] Save completed successfully @ http://localhost:3000/_next/static/chunks/node_modules_next_dist_f3530cac._.js:2297
[  123150ms] [LOG] [DB] Saved 52 digit results @ http://localhost:3000/_next/static/chunks/node_modules_next_dist_f3530cac._.js:2297
[  123150ms] [LOG] [AutoSave] Save completed successfully @ http://localhost:3000/_next/static/chunks/node_modules_next_dist_f3530cac._.js:2297
[  125796ms] [LOG] [DB] Saved 52 digit results @ http://localhost:3000/_next/static/chunks/node_modules_next_dist_f3530cac._.js:2297
[  125796ms] [LOG] [AutoSave] Save completed successfully @ http://localhost:3000/_next/static/chunks/node_modules_next_dist_f3530cac._.js:2297
[  128413ms] [LOG] [DB] Saved 52 digit results @ http://localhost:3000/_next/static/chunks/node_modules_next_dist_f3530cac._.js:2297
[  128413ms] [LOG] [AutoSave] Save completed successfully @ http://localhost:3000/_next/static/chunks/node_modules_next_dist_f3530cac._.js:2297
[  131052ms] [LOG] [DB] Saved 52 digit results @ http://localhost:3000/_next/static/chunks/node_modules_next_dist_f3530cac._.js:2297
[  131052ms] [LOG] [AutoSave] Save completed successfully @ http://localhost:3000/_next/static/chunks/node_modules_next_dist_f3530cac._.js:2297
[  133815ms] [LOG] [DB] Saved 52 digit results @ http://localhost:3000/_next/static/chunks/node_modules_next_dist_f3530cac._.js:2297
[  133815ms] [LOG] [AutoSave] Save completed successfully @ http://localhost:3000/_next/static/chunks/node_modules_next_dist_f3530cac._.js:2297
[  136745ms] [LOG] [DB] Saved 52 digit results @ http://localhost:3000/_next/static/chunks/node_modules_next_dist_f3530cac._.js:2297
[  136745ms] [LOG] [AutoSave] Save completed successfully @ http://localhost:3000/_next/static/chunks/node_modules_next_dist_f3530cac._.js:2297
[  137992ms] [ERROR] Unable to preventDefault inside passive event listener invocation. @ http://localhost:3000/_next/static/chunks/node_modules_next_dist_compiled_react-dom_1e674e59._.js:2325
[  138005ms] [ERROR] Unable to preventDefault inside passive event listener invocation. @ http://localhost:3000/_next/static/chunks/node_modules_next_dist_compiled_react-dom_1e674e59._.js:2325
[  138036ms] [ERROR] Unable to preventDefault inside passive event listener invocation. @ http://localhost:3000/_next/static/chunks/node_modules_next_dist_compiled_react-dom_1e674e59._.js:2325
[  138068ms] [ERROR] Unable to preventDefault inside passive event listener invocation. @ http://localhost:3000/_next/static/chunks/node_modules_next_dist_compiled_react-dom_1e674e59._.js:2325
[  138164ms] [ERROR] Unable to preventDefault inside passive event listener invocation. @ http://localhost:3000/_next/static/chunks/node_modules_next_dist_compiled_react-dom_1e674e59._.js:2325
[  138185ms] [ERROR] Unable to preventDefault inside passive event listener invocation. @ http://localhost:3000/_next/static/chunks/node_modules_next_dist_compiled_react-dom_1e674e59._.js:2325
[  138199ms] [ERROR] Unable to preventDefault inside passive event listener invocation. @ http://localhost:3000/_next/static/chunks/node_modules_next_dist_compiled_react-dom_1e674e59._.js:2325
[  138213ms] [ERROR] Unable to preventDefault inside passive event listener invocation. @ http://localhost:3000/_next/static/chunks/node_modules_next_dist_compiled_react-dom_1e674e59._.js:2325
[  138227ms] [ERROR] Unable to preventDefault inside passive event listener invocation. @ http://localhost:3000/_next/static/chunks/node_modules_next_dist_compiled_react-dom_1e674e59._.js:2325
[  138285ms] [LOG] [Fast Refresh] rebuilding @ http://localhost:3000/_next/static/chunks/node_modules_next_dist_f3530cac._.js:2297
[  138287ms] [LOG] [Fast Refresh] done in 108ms @ http://localhost:3000/_next/static/chunks/node_modules_next_dist_f3530cac._.js:2297
[  138482ms] [ERROR] Unable to preventDefault inside passive event listener invocation. @ http://localhost:3000/_next/static/chunks/node_modules_next_dist_compiled_react-dom_1e674e59._.js:2325
[  138504ms] [ERROR] Unable to preventDefault inside passive event listener invocation. @ http://localhost:3000/_next/static/chunks/node_modules_next_dist_compiled_react-dom_1e674e59._.js:2325
[  138526ms] [ERROR] Unable to preventDefault inside passive event listener invocation. @ http://localhost:3000/_next/static/chunks/node_modules_next_dist_compiled_react-dom_1e674e59._.js:2325
[  138543ms] [ERROR] Unable to preventDefault inside passive event listener invocation. @ http://localhost:3000/_next/static/chunks/node_modules_next_dist_compiled_react-dom_1e674e59._.js:2325
[  138589ms] [LOG] [Fast Refresh] rebuilding @ http://localhost:3000/_next/static/chunks/node_modules_next_dist_f3530cac._.js:2297
[  138599ms] [LOG] [Fast Refresh] done in 110ms @ http://localhost:3000/_next/static/chunks/node_modules_next_dist_f3530cac._.js:2297
[  138819ms] [ERROR] Unable to preventDefault inside passive event listener invocation. @ http://localhost:3000/_next/static/chunks/node_modules_next_dist_compiled_react-dom_1e674e59._.js:2325
[  138838ms] [ERROR] Unable to preventDefault inside passive event listener invocation. @ http://localhost:3000/_next/static/chunks/node_modules_next_dist_compiled_react-dom_1e674e59._.js:2325
[  138859ms] [ERROR] Unable to preventDefault inside passive event listener invocation. @ http://localhost:3000/_next/static/chunks/node_modules_next_dist_compiled_react-dom_1e674e59._.js:2325
[  139422ms] [LOG] [DB] Saved 52 digit results @ http://localhost:3000/_next/static/chunks/node_modules_next_dist_f3530cac._.js:2297
[  139422ms] [LOG] [AutoSave] Save completed successfully @ http://localhost:3000/_next/static/chunks/node_modules_next_dist_f3530cac._.js:2297
[  142062ms] [LOG] [DB] Saved 52 digit results @ http://localhost:3000/_next/static/chunks/node_modules_next_dist_f3530cac._.js:2297
[  142062ms] [LOG] [AutoSave] Save completed successfully @ http://localhost:3000/_next/static/chunks/node_modules_next_dist_f3530cac._.js:2297
[  142565ms] [WARNING] [sync] matched 28 spans, unmatched 2 {unmatchedKeys: Array(2), unmatchedPoles: Array(0), localSpanKeys: Array(34), localPoleIndices: Array(34)} @ http://localhost:3000/_next/static/chunks/node_modules_next_dist_f3530cac._.js:2297
[  144767ms] [LOG] [DB] Saved 52 digit results @ http://localhost:3000/_next/static/chunks/node_modules_next_dist_f3530cac._.js:2297
[  144767ms] [LOG] [AutoSave] Save completed successfully @ http://localhost:3000/_next/static/chunks/node_modules_next_dist_f3530cac._.js:2297
[  146533ms] [ERROR] Unable to preventDefault inside passive event listener invocation. @ http://localhost:3000/_next/static/chunks/node_modules_next_dist_compiled_react-dom_1e674e59._.js:2325
[  146561ms] [ERROR] Unable to preventDefault inside passive event listener invocation. @ http://localhost:3000/_next/static/chunks/node_modules_next_dist_compiled_react-dom_1e674e59._.js:2325
[  146644ms] [ERROR] Unable to preventDefault inside passive event listener invocation. @ http://localhost:3000/_next/static/chunks/node_modules_next_dist_compiled_react-dom_1e674e59._.js:2325
[  146845ms] [ERROR] Unable to preventDefault inside passive event listener invocation. @ http://localhost:3000/_next/static/chunks/node_modules_next_dist_compiled_react-dom_1e674e59._.js:2325
[  146870ms] [ERROR] Unable to preventDefault inside passive event listener invocation. @ http://localhost:3000/_next/static/chunks/node_modules_next_dist_compiled_react-dom_1e674e59._.js:2325
[  146921ms] [ERROR] Unable to preventDefault inside passive event listener invocation. @ http://localhost:3000/_next/static/chunks/node_modules_next_dist_compiled_react-dom_1e674e59._.js:2325
[  147116ms] [ERROR] Unable to preventDefault inside passive event listener invocation. @ http://localhost:3000/_next/static/chunks/node_modules_next_dist_compiled_react-dom_1e674e59._.js:2325
[  147130ms] [ERROR] Unable to preventDefault inside passive event listener invocation. @ http://localhost:3000/_next/static/chunks/node_modules_next_dist_compiled_react-dom_1e674e59._.js:2325
[  147157ms] [ERROR] Unable to preventDefault inside passive event listener invocation. @ http://localhost:3000/_next/static/chunks/node_modules_next_dist_compiled_react-dom_1e674e59._.js:2325
[  147355ms] [ERROR] Unable to preventDefault inside passive event listener invocation. @ http://localhost:3000/_next/static/chunks/node_modules_next_dist_compiled_react-dom_1e674e59._.js:2325
[  147373ms] [ERROR] Unable to preventDefault inside passive event listener invocation. @ http://localhost:3000/_next/static/chunks/node_modules_next_dist_compiled_react-dom_1e674e59._.js:2325
[  147394ms] [ERROR] Unable to preventDefault inside passive event listener invocation. @ http://localhost:3000/_next/static/chunks/node_modules_next_dist_compiled_react-dom_1e674e59._.js:2325
[  147425ms] [LOG] [DB] Saved 52 digit results @ http://localhost:3000/_next/static/chunks/node_modules_next_dist_f3530cac._.js:2297
[  147425ms] [LOG] [AutoSave] Save completed successfully @ http://localhost:3000/_next/static/chunks/node_modules_next_dist_f3530cac._.js:2297
[  147457ms] [ERROR] Unable to preventDefault inside passive event listener invocation. @ http://localhost:3000/_next/static/chunks/node_modules_next_dist_compiled_react-dom_1e674e59._.js:2325
[  147483ms] [LOG] [Fast Refresh] rebuilding @ http://localhost:3000/_next/static/chunks/node_modules_next_dist_f3530cac._.js:2297
[  147547ms] [LOG] [Fast Refresh] done in 171ms @ http://localhost:3000/_next/static/chunks/node_modules_next_dist_f3530cac._.js:2297
[  147595ms] [ERROR] Unable to preventDefault inside passive event listener invocation. @ http://localhost:3000/_next/static/chunks/node_modules_next_dist_compiled_react-dom_1e674e59._.js:2325
[  147623ms] [ERROR] Unable to preventDefault inside passive event listener invocation. @ http://localhost:3000/_next/static/chunks/node_modules_next_dist_compiled_react-dom_1e674e59._.js:2325
[  147637ms] [ERROR] Unable to preventDefault inside passive event listener invocation. @ http://localhost:3000/_next/static/chunks/node_modules_next_dist_compiled_react-dom_1e674e59._.js:2325
[  147864ms] [ERROR] Unable to preventDefault inside passive event listener invocation. @ http://localhost:3000/_next/static/chunks/node_modules_next_dist_compiled_react-dom_1e674e59._.js:2325
[  147887ms] [ERROR] Unable to preventDefault inside passive event listener invocation. @ http://localhost:3000/_next/static/chunks/node_modules_next_dist_compiled_react-dom_1e674e59._.js:2325
[  147907ms] [ERROR] Unable to preventDefault inside passive event listener invocation. @ http://localhost:3000/_next/static/chunks/node_modules_next_dist_compiled_react-dom_1e674e59._.js:2325
[  147942ms] [ERROR] Unable to preventDefault inside passive event listener invocation. @ http://localhost:3000/_next/static/chunks/node_modules_next_dist_compiled_react-dom_1e674e59._.js:2325
[  148241ms] [ERROR] Unable to preventDefault inside passive event listener invocation. @ http://localhost:3000/_next/static/chunks/node_modules_next_dist_compiled_react-dom_1e674e59._.js:2325
[  148262ms] [ERROR] Unable to preventDefault inside passive event listener invocation. @ http://localhost:3000/_next/static/chunks/node_modules_next_dist_compiled_react-dom_1e674e59._.js:2325
[  148266ms] [ERROR] Unable to preventDefault inside passive event listener invocation. @ http://localhost:3000/_next/static/chunks/node_modules_next_dist_compiled_react-dom_1e674e59._.js:2325
[  148276ms] [ERROR] Unable to preventDefault inside passive event listener invocation. @ http://localhost:3000/_next/static/chunks/node_modules_next_dist_compiled_react-dom_1e674e59._.js:2325
[  148283ms] [ERROR] Unable to preventDefault inside passive event listener invocation. @ http://localhost:3000/_next/static/chunks/node_modules_next_dist_compiled_react-dom_1e674e59._.js:2325
[  148529ms] [ERROR] Unable to preventDefault inside passive event listener invocation. @ http://localhost:3000/_next/static/chunks/node_modules_next_dist_compiled_react-dom_1e674e59._.js:2325
[  148547ms] [ERROR] Unable to preventDefault inside passive event listener invocation. @ http://localhost:3000/_next/static/chunks/node_modules_next_dist_compiled_react-dom_1e674e59._.js:2325
[  148561ms] [ERROR] Unable to preventDefault inside passive event listener invocation. @ http://localhost:3000/_next/static/chunks/node_modules_next_dist_compiled_react-dom_1e674e59._.js:2325
[  148576ms] [ERROR] Unable to preventDefault inside passive event listener invocation. @ http://localhost:3000/_next/static/chunks/node_modules_next_dist_compiled_react-dom_1e674e59._.js:2325
[  149023ms] [ERROR] Unable to preventDefault inside passive event listener invocation. @ http://localhost:3000/_next/static/chunks/node_modules_next_dist_compiled_react-dom_1e674e59._.js:2325
[  149055ms] [ERROR] Unable to preventDefault inside passive event listener invocation. @ http://localhost:3000/_next/static/chunks/node_modules_next_dist_compiled_react-dom_1e674e59._.js:2325
[  149088ms] [ERROR] Unable to preventDefault inside passive event listener invocation. @ http://localhost:3000/_next/static/chunks/node_modules_next_dist_compiled_react-dom_1e674e59._.js:2325
[  149991ms] [ERROR] Unable to preventDefault inside passive event listener invocation. @ http://localhost:3000/_next/static/chunks/node_modules_next_dist_compiled_react-dom_1e674e59._.js:2325
[  150012ms] [ERROR] Unable to preventDefault inside passive event listener invocation. @ http://localhost:3000/_next/static/chunks/node_modules_next_dist_compiled_react-dom_1e674e59._.js:2325
[  150029ms] [ERROR] Unable to preventDefault inside passive event listener invocation. @ http://localhost:3000/_next/static/chunks/node_modules_next_dist_compiled_react-dom_1e674e59._.js:2325
[  150047ms] [LOG] [DB] Saved 52 digit results @ http://localhost:3000/_next/static/chunks/node_modules_next_dist_f3530cac._.js:2297
[  150047ms] [LOG] [AutoSave] Save completed successfully @ http://localhost:3000/_next/static/chunks/node_modules_next_dist_f3530cac._.js:2297
[  150080ms] [ERROR] Unable to preventDefault inside passive event listener invocation. @ http://localhost:3000/_next/static/chunks/node_modules_next_dist_compiled_react-dom_1e674e59._.js:2325
[  150241ms] [ERROR] Unable to preventDefault inside passive event listener invocation. @ http://localhost:3000/_next/static/chunks/node_modules_next_dist_compiled_react-dom_1e674e59._.js:2325
[  150262ms] [ERROR] Unable to preventDefault inside passive event listener invocation. @ http://localhost:3000/_next/static/chunks/node_modules_next_dist_compiled_react-dom_1e674e59._.js:2325
[  150275ms] [ERROR] Unable to preventDefault inside passive event listener invocation. @ http://localhost:3000/_next/static/chunks/node_modules_next_dist_compiled_react-dom_1e674e59._.js:2325
[  150289ms] [ERROR] Unable to preventDefault inside passive event listener invocation. @ http://localhost:3000/_next/static/chunks/node_modules_next_dist_compiled_react-dom_1e674e59._.js:2325
[  150333ms] [ERROR] Unable to preventDefault inside passive event listener invocation. @ http://localhost:3000/_next/static/chunks/node_modules_next_dist_compiled_react-dom_1e674e59._.js:2325
[  150469ms] [ERROR] Unable to preventDefault inside passive event listener invocation. @ http://localhost:3000/_next/static/chunks/node_modules_next_dist_compiled_react-dom_1e674e59._.js:2325
[  150491ms] [ERROR] Unable to preventDefault inside passive event listener invocation. @ http://localhost:3000/_next/static/chunks/node_modules_next_dist_compiled_react-dom_1e674e59._.js:2325
[  150505ms] [ERROR] Unable to preventDefault inside passive event listener invocation. @ http://localhost:3000/_next/static/chunks/node_modules_next_dist_compiled_react-dom_1e674e59._.js:2325
[  150526ms] [ERROR] Unable to preventDefault inside passive event listener invocation. @ http://localhost:3000/_next/static/chunks/node_modules_next_dist_compiled_react-dom_1e674e59._.js:2325
[  150590ms] [LOG] [Fast Refresh] rebuilding @ http://localhost:3000/_next/static/chunks/node_modules_next_dist_f3530cac._.js:2297
[  150590ms] [LOG] [Fast Refresh] done in 109ms @ http://localhost:3000/_next/static/chunks/node_modules_next_dist_f3530cac._.js:2297
[  152644ms] [LOG] [DB] Saved 52 digit results @ http://localhost:3000/_next/static/chunks/node_modules_next_dist_f3530cac._.js:2297
[  152644ms] [LOG] [AutoSave] Save completed successfully @ http://localhost:3000/_next/static/chunks/node_modules_next_dist_f3530cac._.js:2297
[  155248ms] [LOG] [DB] Saved 52 digit results @ http://localhost:3000/_next/static/chunks/node_modules_next_dist_f3530cac._.js:2297
[  155248ms] [LOG] [AutoSave] Save completed successfully @ http://localhost:3000/_next/static/chunks/node_modules_next_dist_f3530cac._.js:2297
[  157864ms] [LOG] [DB] Saved 52 digit results @ http://localhost:3000/_next/static/chunks/node_modules_next_dist_f3530cac._.js:2297
[  157864ms] [LOG] [AutoSave] Save completed successfully @ http://localhost:3000/_next/static/chunks/node_modules_next_dist_f3530cac._.js:2297
[  160448ms] [LOG] [DB] Saved 52 digit results @ http://localhost:3000/_next/static/chunks/node_modules_next_dist_f3530cac._.js:2297
[  160448ms] [LOG] [AutoSave] Save completed successfully @ http://localhost:3000/_next/static/chunks/node_modules_next_dist_f3530cac._.js:2297
[  163072ms] [LOG] [DB] Saved 52 digit results @ http://localhost:3000/_next/static/chunks/node_modules_next_dist_f3530cac._.js:2297
[  163072ms] [LOG] [AutoSave] Save completed successfully @ http://localhost:3000/_next/static/chunks/node_modules_next_dist_f3530cac._.js:2297
[  165678ms] [LOG] [DB] Saved 52 digit results @ http://localhost:3000/_next/static/chunks/node_modules_next_dist_f3530cac._.js:2297
[  165678ms] [LOG] [AutoSave] Save completed successfully @ http://localhost:3000/_next/static/chunks/node_modules_next_dist_f3530cac._.js:2297
[  168285ms] [LOG] [DB] Saved 52 digit results @ http://localhost:3000/_next/static/chunks/node_modules_next_dist_f3530cac._.js:2297
[  168285ms] [LOG] [AutoSave] Save completed successfully @ http://localhost:3000/_next/static/chunks/node_modules_next_dist_f3530cac._.js:2297
[  171047ms] [LOG] [DB] Saved 52 digit results @ http://localhost:3000/_next/static/chunks/node_modules_next_dist_f3530cac._.js:2297
[  171047ms] [LOG] [AutoSave] Save completed successfully @ http://localhost:3000/_next/static/chunks/node_modules_next_dist_f3530cac._.js:2297
[  173693ms] [LOG] [DB] Saved 52 digit results @ http://localhost:3000/_next/static/chunks/node_modules_next_dist_f3530cac._.js:2297
[  173693ms] [LOG] [AutoSave] Save completed successfully @ http://localhost:3000/_next/static/chunks/node_modules_next_dist_f3530cac._.js:2297
[  176386ms] [LOG] [DB] Saved 52 digit results @ http://localhost:3000/_next/static/chunks/node_modules_next_dist_f3530cac._.js:2297
[  176386ms] [LOG] [AutoSave] Save completed successfully @ http://localhost:3000/_next/static/chunks/node_modules_next_dist_f3530cac._.js:2297
[  179160ms] [LOG] [DB] Saved 52 digit results @ http://localhost:3000/_next/static/chunks/node_modules_next_dist_f3530cac._.js:2297
[  179160ms] [LOG] [AutoSave] Save completed successfully @ http://localhost:3000/_next/static/chunks/node_modules_next_dist_f3530cac._.js:2297
[  181894ms] [LOG] [DB] Saved 52 digit results @ http://localhost:3000/_next/static/chunks/node_modules_next_dist_f3530cac._.js:2297
[  181894ms] [LOG] [AutoSave] Save completed successfully @ http://localhost:3000/_next/static/chunks/node_modules_next_dist_f3530cac._.js:2297
[  184500ms] [LOG] [DB] Saved 52 digit results @ http://localhost:3000/_next/static/chunks/node_modules_next_dist_f3530cac._.js:2297
[  184500ms] [LOG] [AutoSave] Save completed successfully @ http://localhost:3000/_next/static/chunks/node_modules_next_dist_f3530cac._.js:2297
[  187193ms] [LOG] [DB] Saved 52 digit results @ http://localhost:3000/_next/static/chunks/node_modules_next_dist_f3530cac._.js:2297
[  187194ms] [LOG] [AutoSave] Save completed successfully @ http://localhost:3000/_next/static/chunks/node_modules_next_dist_f3530cac._.js:2297
[  189809ms] [LOG] [DB] Saved 52 digit results @ http://localhost:3000/_next/static/chunks/node_modules_next_dist_f3530cac._.js:2297
[  189809ms] [LOG] [AutoSave] Save completed successfully @ http://localhost:3000/_next/static/chunks/node_modules_next_dist_f3530cac._.js:2297
[  192433ms] [LOG] [DB] Saved 52 digit results @ http://localhost:3000/_next/static/chunks/node_modules_next_dist_f3530cac._.js:2297
[  192433ms] [LOG] [AutoSave] Save completed successfully @ http://localhost:3000/_next/static/chunks/node_modules_next_dist_f3530cac._.js:2297
[  195049ms] [LOG] [DB] Saved 52 digit results @ http://localhost:3000/_next/static/chunks/node_modules_next_dist_f3530cac._.js:2297
[  195049ms] [LOG] [AutoSave] Save completed successfully @ http://localhost:3000/_next/static/chunks/node_modules_next_dist_f3530cac._.js:2297
[  197664ms] [LOG] [DB] Saved 52 digit results @ http://localhost:3000/_next/static/chunks/node_modules_next_dist_f3530cac._.js:2297
[  197664ms] [LOG] [AutoSave] Save completed successfully @ http://localhost:3000/_next/static/chunks/node_modules_next_dist_f3530cac._.js:2297
[  200331ms] [LOG] [DB] Saved 52 digit results @ http://localhost:3000/_next/static/chunks/node_modules_next_dist_f3530cac._.js:2297
[  200331ms] [LOG] [AutoSave] Save completed successfully @ http://localhost:3000/_next/static/chunks/node_modules_next_dist_f3530cac._.js:2297
[  202950ms] [LOG] [DB] Saved 52 digit results @ http://localhost:3000/_next/static/chunks/node_modules_next_dist_f3530cac._.js:2297
[  202950ms] [LOG] [AutoSave] Save completed successfully @ http://localhost:3000/_next/static/chunks/node_modules_next_dist_f3530cac._.js:2297
[  205547ms] [LOG] [DB] Saved 52 digit results @ http://localhost:3000/_next/static/chunks/node_modules_next_dist_f3530cac._.js:2297
[  205547ms] [LOG] [AutoSave] Save completed successfully @ http://localhost:3000/_next/static/chunks/node_modules_next_dist_f3530cac._.js:2297
[  208160ms] [LOG] [DB] Saved 52 digit results @ http://localhost:3000/_next/static/chunks/node_modules_next_dist_f3530cac._.js:2297
[  208160ms] [LOG] [AutoSave] Save completed successfully @ http://localhost:3000/_next/static/chunks/node_modules_next_dist_f3530cac._.js:2297
[  210771ms] [LOG] [DB] Saved 52 digit results @ http://localhost:3000/_next/static/chunks/node_modules_next_dist_f3530cac._.js:2297
[  210771ms] [LOG] [AutoSave] Save completed successfully @ http://localhost:3000/_next/static/chunks/node_modules_next_dist_f3530cac._.js:2297
[  213416ms] [LOG] [DB] Saved 52 digit results @ http://localhost:3000/_next/static/chunks/node_modules_next_dist_f3530cac._.js:2297
[  213416ms] [LOG] [AutoSave] Save completed successfully @ http://localhost:3000/_next/static/chunks/node_modules_next_dist_f3530cac._.js:2297
[  216004ms] [LOG] [DB] Saved 52 digit results @ http://localhost:3000/_next/static/chunks/node_modules_next_dist_f3530cac._.js:2297
[  216004ms] [LOG] [AutoSave] Save completed successfully @ http://localhost:3000/_next/static/chunks/node_modules_next_dist_f3530cac._.js:2297
[  218675ms] [LOG] [DB] Saved 52 digit results @ http://localhost:3000/_next/static/chunks/node_modules_next_dist_f3530cac._.js:2297
[  218675ms] [LOG] [AutoSave] Save completed successfully @ http://localhost:3000/_next/static/chunks/node_modules_next_dist_f3530cac._.js:2297
[  221320ms] [LOG] [DB] Saved 52 digit results @ http://localhost:3000/_next/static/chunks/node_modules_next_dist_f3530cac._.js:2297
[  221320ms] [LOG] [AutoSave] Save completed successfully @ http://localhost:3000/_next/static/chunks/node_modules_next_dist_f3530cac._.js:2297
[  223987ms] [LOG] [DB] Saved 52 digit results @ http://localhost:3000/_next/static/chunks/node_modules_next_dist_f3530cac._.js:2297
[  223987ms] [LOG] [AutoSave] Save completed successfully @ http://localhost:3000/_next/static/chunks/node_modules_next_dist_f3530cac._.js:2297
[  226630ms] [LOG] [DB] Saved 52 digit results @ http://localhost:3000/_next/static/chunks/node_modules_next_dist_f3530cac._.js:2297
[  226630ms] [LOG] [AutoSave] Save completed successfully @ http://localhost:3000/_next/static/chunks/node_modules_next_dist_f3530cac._.js:2297
[  229289ms] [LOG] [DB] Saved 52 digit results @ http://localhost:3000/_next/static/chunks/node_modules_next_dist_f3530cac._.js:2297
[  229289ms] [LOG] [AutoSave] Save completed successfully @ http://localhost:3000/_next/static/chunks/node_modules_next_dist_f3530cac._.js:2297
[  231944ms] [LOG] [DB] Saved 52 digit results @ http://localhost:3000/_next/static/chunks/node_modules_next_dist_f3530cac._.js:2297
[  231944ms] [LOG] [AutoSave] Save completed successfully @ http://localhost:3000/_next/static/chunks/node_modules_next_dist_f3530cac._.js:2297
[  234594ms] [LOG] [DB] Saved 52 digit results @ http://localhost:3000/_next/static/chunks/node_modules_next_dist_f3530cac._.js:2297
[  234594ms] [LOG] [AutoSave] Save completed successfully @ http://localhost:3000/_next/static/chunks/node_modules_next_dist_f3530cac._.js:2297
[  237281ms] [LOG] [DB] Saved 52 digit results @ http://localhost:3000/_next/static/chunks/node_modules_next_dist_f3530cac._.js:2297
[  237281ms] [LOG] [AutoSave] Save completed successfully @ http://localhost:3000/_next/static/chunks/node_modules_next_dist_f3530cac._.js:2297
[  239950ms] [LOG] [DB] Saved 52 digit results @ http://localhost:3000/_next/static/chunks/node_modules_next_dist_f3530cac._.js:2297
[  239950ms] [LOG] [AutoSave] Save completed successfully @ http://localhost:3000/_next/static/chunks/node_modules_next_dist_f3530cac._.js:2297
[  242661ms] [LOG] [DB] Saved 52 digit results @ http://localhost:3000/_next/static/chunks/node_modules_next_dist_f3530cac._.js:2297
[  242661ms] [LOG] [AutoSave] Save completed successfully @ http://localhost:3000/_next/static/chunks/node_modules_next_dist_f3530cac._.js:2297
[  245288ms] [LOG] [DB] Saved 52 digit results @ http://localhost:3000/_next/static/chunks/node_modules_next_dist_f3530cac._.js:2297
[  245288ms] [LOG] [AutoSave] Save completed successfully @ http://localhost:3000/_next/static/chunks/node_modules_next_dist_f3530cac._.js:2297
[  247921ms] [LOG] [DB] Saved 52 digit results @ http://localhost:3000/_next/static/chunks/node_modules_next_dist_f3530cac._.js:2297
[  247921ms] [LOG] [AutoSave] Save completed successfully @ http://localhost:3000/_next/static/chunks/node_modules_next_dist_f3530cac._.js:2297
[  250571ms] [LOG] [DB] Saved 52 digit results @ http://localhost:3000/_next/static/chunks/node_modules_next_dist_f3530cac._.js:2297
[  250571ms] [LOG] [AutoSave] Save completed successfully @ http://localhost:3000/_next/static/chunks/node_modules_next_dist_f3530cac._.js:2297
[  253226ms] [LOG] [DB] Saved 52 digit results @ http://localhost:3000/_next/static/chunks/node_modules_next_dist_f3530cac._.js:2297
[  253227ms] [LOG] [AutoSave] Save completed successfully @ http://localhost:3000/_next/static/chunks/node_modules_next_dist_f3530cac._.js:2297
[  255864ms] [LOG] [DB] Saved 52 digit results @ http://localhost:3000/_next/static/chunks/node_modules_next_dist_f3530cac._.js:2297
[  255864ms] [LOG] [AutoSave] Save completed successfully @ http://localhost:3000/_next/static/chunks/node_modules_next_dist_f3530cac._.js:2297
[  258490ms] [LOG] [DB] Saved 52 digit results @ http://localhost:3000/_next/static/chunks/node_modules_next_dist_f3530cac._.js:2297
[  258490ms] [LOG] [AutoSave] Save completed successfully @ http://localhost:3000/_next/static/chunks/node_modules_next_dist_f3530cac._.js:2297
[  260500ms] [LOG] [Fast Refresh] rebuilding @ http://localhost:3000/_next/static/chunks/node_modules_next_dist_f3530cac._.js:2297
[  260997ms] [LOG] [Fast Refresh] done in 432ms @ http://localhost:3000/_next/static/chunks/node_modules_next_dist_f3530cac._.js:2297
[  261126ms] [LOG] [Fast Refresh] rebuilding @ http://localhost:3000/_next/static/chunks/node_modules_next_dist_f3530cac._.js:2297
[  261194ms] [LOG] [Fast Refresh] done in 173ms @ http://localhost:3000/_next/static/chunks/node_modules_next_dist_f3530cac._.js:2297
[  261287ms] [LOG] [DB] Saved 52 digit results @ http://localhost:3000/_next/static/chunks/node_modules_next_dist_f3530cac._.js:2297
[  261288ms] [LOG] [AutoSave] Save completed successfully @ http://localhost:3000/_next/static/chunks/node_modules_next_dist_f3530cac._.js:2297
[  261987ms] [INFO] [sync] matched 24 spans @ http://localhost:3000/_next/static/chunks/node_modules_next_dist_f3530cac._.js:2297
[  263957ms] [WARNING] [sync] matched 29 spans, unmatched 1 {unmatchedKeys: Array(1), unmatchedPoles: Array(0), localSpanKeys: Array(34), localPoleIndices: Array(34)} @ http://localhost:3000/_next/static/chunks/node_modules_next_dist_f3530cac._.js:2297
[  265968ms] [LOG] [DB] Saved 52 digit results @ http://localhost:3000/_next/static/chunks/node_modules_next_dist_f3530cac._.js:2297
[  265968ms] [LOG] [AutoSave] Save completed successfully @ http://localhost:3000/_next/static/chunks/node_modules_next_dist_f3530cac._.js:2297
[  268387ms] [WARNING] [sync] matched 29 spans, unmatched 1 {unmatchedKeys: Array(1), unmatchedPoles: Array(0), localSpanKeys: Array(34), localPoleIndices: Array(34)} @ http://localhost:3000/_next/static/chunks/node_modules_next_dist_f3530cac._.js:2297
[  268597ms] [LOG] [DB] Saved 52 digit results @ http://localhost:3000/_next/static/chunks/node_modules_next_dist_f3530cac._.js:2297
[  268597ms] [LOG] [AutoSave] Save completed successfully @ http://localhost:3000/_next/static/chunks/node_modules_next_dist_f3530cac._.js:2297
[  270892ms] [ERROR] Unable to preventDefault inside passive event listener invocation. @ http://localhost:3000/_next/static/chunks/node_modules_next_dist_compiled_react-dom_1e674e59._.js:2325
[  270912ms] [ERROR] Unable to preventDefault inside passive event listener invocation. @ http://localhost:3000/_next/static/chunks/node_modules_next_dist_compiled_react-dom_1e674e59._.js:2325
[  270926ms] [ERROR] Unable to preventDefault inside passive event listener invocation. @ http://localhost:3000/_next/static/chunks/node_modules_next_dist_compiled_react-dom_1e674e59._.js:2325
[  270947ms] [ERROR] Unable to preventDefault inside passive event listener invocation. @ http://localhost:3000/_next/static/chunks/node_modules_next_dist_compiled_react-dom_1e674e59._.js:2325
[  270976ms] [ERROR] Unable to preventDefault inside passive event listener invocation. @ http://localhost:3000/_next/static/chunks/node_modules_next_dist_compiled_react-dom_1e674e59._.js:2325
[  271007ms] [LOG] [Fast Refresh] rebuilding @ http://localhost:3000/_next/static/chunks/node_modules_next_dist_f3530cac._.js:2297
[  271057ms] [LOG] [Fast Refresh] done in 150ms @ http://localhost:3000/_next/static/chunks/node_modules_next_dist_f3530cac._.js:2297
[  271176ms] [ERROR] Unable to preventDefault inside passive event listener invocation. @ http://localhost:3000/_next/static/chunks/node_modules_next_dist_compiled_react-dom_1e674e59._.js:2325
[  271203ms] [ERROR] Unable to preventDefault inside passive event listener invocation. @ http://localhost:3000/_next/static/chunks/node_modules_next_dist_compiled_react-dom_1e674e59._.js:2325
[  271223ms] [ERROR] Unable to preventDefault inside passive event listener invocation. @ http://localhost:3000/_next/static/chunks/node_modules_next_dist_compiled_react-dom_1e674e59._.js:2325
[  271252ms] [LOG] [DB] Saved 52 digit results @ http://localhost:3000/_next/static/chunks/node_modules_next_dist_f3530cac._.js:2297
[  271253ms] [LOG] [AutoSave] Save completed successfully @ http://localhost:3000/_next/static/chunks/node_modules_next_dist_f3530cac._.js:2297
[  271423ms] [ERROR] Unable to preventDefault inside passive event listener invocation. @ http://localhost:3000/_next/static/chunks/node_modules_next_dist_compiled_react-dom_1e674e59._.js:2325
[  271453ms] [ERROR] Unable to preventDefault inside passive event listener invocation. @ http://localhost:3000/_next/static/chunks/node_modules_next_dist_compiled_react-dom_1e674e59._.js:2325
[  271475ms] [ERROR] Unable to preventDefault inside passive event listener invocation. @ http://localhost:3000/_next/static/chunks/node_modules_next_dist_compiled_react-dom_1e674e59._.js:2325
[  271516ms] [ERROR] Unable to preventDefault inside passive event listener invocation. @ http://localhost:3000/_next/static/chunks/node_modules_next_dist_compiled_react-dom_1e674e59._.js:2325
[  272023ms] [ERROR] Unable to preventDefault inside passive event listener invocation. @ http://localhost:3000/_next/static/chunks/node_modules_next_dist_compiled_react-dom_1e674e59._.js:2325
[  272043ms] [ERROR] Unable to preventDefault inside passive event listener invocation. @ http://localhost:3000/_next/static/chunks/node_modules_next_dist_compiled_react-dom_1e674e59._.js:2325
[  272058ms] [ERROR] Unable to preventDefault inside passive event listener invocation. @ http://localhost:3000/_next/static/chunks/node_modules_next_dist_compiled_react-dom_1e674e59._.js:2325
[  272062ms] [ERROR] Unable to preventDefault inside passive event listener invocation. @ http://localhost:3000/_next/static/chunks/node_modules_next_dist_compiled_react-dom_1e674e59._.js:2325
[  272078ms] [ERROR] Unable to preventDefault inside passive event listener invocation. @ http://localhost:3000/_next/static/chunks/node_modules_next_dist_compiled_react-dom_1e674e59._.js:2325
[  272083ms] [ERROR] Unable to preventDefault inside passive event listener invocation. @ http://localhost:3000/_next/static/chunks/node_modules_next_dist_compiled_react-dom_1e674e59._.js:2325
[  272142ms] [LOG] [Fast Refresh] rebuilding @ http://localhost:3000/_next/static/chunks/node_modules_next_dist_f3530cac._.js:2297
[  272143ms] [LOG] [Fast Refresh] done in 107ms @ http://localhost:3000/_next/static/chunks/node_modules_next_dist_f3530cac._.js:2297
[  273904ms] [LOG] [DB] Saved 52 digit results @ http://localhost:3000/_next/static/chunks/node_modules_next_dist_f3530cac._.js:2297
[  273904ms] [LOG] [AutoSave] Save completed successfully @ http://localhost:3000/_next/static/chunks/node_modules_next_dist_f3530cac._.js:2297
[  274155ms] [ERROR] Unable to preventDefault inside passive event listener invocation. @ http://localhost:3000/_next/static/chunks/node_modules_next_dist_compiled_react-dom_1e674e59._.js:2325
[  274173ms] [ERROR] Unable to preventDefault inside passive event listener invocation. @ http://localhost:3000/_next/static/chunks/node_modules_next_dist_compiled_react-dom_1e674e59._.js:2325
[  274190ms] [ERROR] Unable to preventDefault inside passive event listener invocation. @ http://localhost:3000/_next/static/chunks/node_modules_next_dist_compiled_react-dom_1e674e59._.js:2325
[  274210ms] [ERROR] Unable to preventDefault inside passive event listener invocation. @ http://localhost:3000/_next/static/chunks/node_modules_next_dist_compiled_react-dom_1e674e59._.js:2325
[  274422ms] [ERROR] Unable to preventDefault inside passive event listener invocation. @ http://localhost:3000/_next/static/chunks/node_modules_next_dist_compiled_react-dom_1e674e59._.js:2325
[  274441ms] [ERROR] Unable to preventDefault inside passive event listener invocation. @ http://localhost:3000/_next/static/chunks/node_modules_next_dist_compiled_react-dom_1e674e59._.js:2325
[  274468ms] [ERROR] Unable to preventDefault inside passive event listener invocation. @ http://localhost:3000/_next/static/chunks/node_modules_next_dist_compiled_react-dom_1e674e59._.js:2325
[  274499ms] [ERROR] Unable to preventDefault inside passive event listener invocation. @ http://localhost:3000/_next/static/chunks/node_modules_next_dist_compiled_react-dom_1e674e59._.js:2325
[  275289ms] [ERROR] Unable to preventDefault inside passive event listener invocation. @ http://localhost:3000/_next/static/chunks/node_modules_next_dist_compiled_react-dom_1e674e59._.js:2325
[  275308ms] [ERROR] Unable to preventDefault inside passive event listener invocation. @ http://localhost:3000/_next/static/chunks/node_modules_next_dist_compiled_react-dom_1e674e59._.js:2325
[  275322ms] [ERROR] Unable to preventDefault inside passive event listener invocation. @ http://localhost:3000/_next/static/chunks/node_modules_next_dist_compiled_react-dom_1e674e59._.js:2325
[  275328ms] [ERROR] Unable to preventDefault inside passive event listener invocation. @ http://localhost:3000/_next/static/chunks/node_modules_next_dist_compiled_react-dom_1e674e59._.js:2325
[  275527ms] [ERROR] Unable to preventDefault inside passive event listener invocation. @ http://localhost:3000/_next/static/chunks/node_modules_next_dist_compiled_react-dom_1e674e59._.js:2325
[  275544ms] [ERROR] Unable to preventDefault inside passive event listener invocation. @ http://localhost:3000/_next/static/chunks/node_modules_next_dist_compiled_react-dom_1e674e59._.js:2325
[  275558ms] [ERROR] Unable to preventDefault inside passive event listener invocation. @ http://localhost:3000/_next/static/chunks/node_modules_next_dist_compiled_react-dom_1e674e59._.js:2325
[  275564ms] [ERROR] Unable to preventDefault inside passive event listener invocation. @ http://localhost:3000/_next/static/chunks/node_modules_next_dist_compiled_react-dom_1e674e59._.js:2325
[  275578ms] [ERROR] Unable to preventDefault inside passive event listener invocation. @ http://localhost:3000/_next/static/chunks/node_modules_next_dist_compiled_react-dom_1e674e59._.js:2325
[  275585ms] [ERROR] Unable to preventDefault inside passive event listener invocation. @ http://localhost:3000/_next/static/chunks/node_modules_next_dist_compiled_react-dom_1e674e59._.js:2325
[  275648ms] [LOG] [Fast Refresh] rebuilding @ http://localhost:3000/_next/static/chunks/node_modules_next_dist_f3530cac._.js:2297
[  275648ms] [LOG] [Fast Refresh] done in 107ms @ http://localhost:3000/_next/static/chunks/node_modules_next_dist_f3530cac._.js:2297
[  276561ms] [LOG] [DB] Saved 52 digit results @ http://localhost:3000/_next/static/chunks/node_modules_next_dist_f3530cac._.js:2297
[  276561ms] [LOG] [AutoSave] Save completed successfully @ http://localhost:3000/_next/static/chunks/node_modules_next_dist_f3530cac._.js:2297
[  276993ms] [ERROR] Unable to preventDefault inside passive event listener invocation. @ http://localhost:3000/_next/static/chunks/node_modules_next_dist_compiled_react-dom_1e674e59._.js:2325
[  277009ms] [ERROR] Unable to preventDefault inside passive event listener invocation. @ http://localhost:3000/_next/static/chunks/node_modules_next_dist_compiled_react-dom_1e674e59._.js:2325
[  277023ms] [ERROR] Unable to preventDefault inside passive event listener invocation. @ http://localhost:3000/_next/static/chunks/node_modules_next_dist_compiled_react-dom_1e674e59._.js:2325
[  277043ms] [ERROR] Unable to preventDefault inside passive event listener invocation. @ http://localhost:3000/_next/static/chunks/node_modules_next_dist_compiled_react-dom_1e674e59._.js:2325
[  277101ms] [LOG] [Fast Refresh] rebuilding @ http://localhost:3000/_next/static/chunks/node_modules_next_dist_f3530cac._.js:2297
[  277109ms] [LOG] [Fast Refresh] done in 108ms @ http://localhost:3000/_next/static/chunks/node_modules_next_dist_f3530cac._.js:2297
[  277192ms] [ERROR] Unable to preventDefault inside passive event listener invocation. @ http://localhost:3000/_next/static/chunks/node_modules_next_dist_compiled_react-dom_1e674e59._.js:2325
[  277225ms] [ERROR] Unable to preventDefault inside passive event listener invocation. @ http://localhost:3000/_next/static/chunks/node_modules_next_dist_compiled_react-dom_1e674e59._.js:2325
[  277243ms] [ERROR] Unable to preventDefault inside passive event listener invocation. @ http://localhost:3000/_next/static/chunks/node_modules_next_dist_compiled_react-dom_1e674e59._.js:2325
[  277261ms] [ERROR] Unable to preventDefault inside passive event listener invocation. @ http://localhost:3000/_next/static/chunks/node_modules_next_dist_compiled_react-dom_1e674e59._.js:2325
[  277295ms] [ERROR] Unable to preventDefault inside passive event listener invocation. @ http://localhost:3000/_next/static/chunks/node_modules_next_dist_compiled_react-dom_1e674e59._.js:2325
[  277307ms] [LOG] [Fast Refresh] rebuilding @ http://localhost:3000/_next/static/chunks/node_modules_next_dist_f3530cac._.js:2297
[  277326ms] [LOG] [Fast Refresh] done in 123ms @ http://localhost:3000/_next/static/chunks/node_modules_next_dist_f3530cac._.js:2297
[  277448ms] [ERROR] Unable to preventDefault inside passive event listener invocation. @ http://localhost:3000/_next/static/chunks/node_modules_next_dist_compiled_react-dom_1e674e59._.js:2325
[  277467ms] [ERROR] Unable to preventDefault inside passive event listener invocation. @ http://localhost:3000/_next/static/chunks/node_modules_next_dist_compiled_react-dom_1e674e59._.js:2325
[  277474ms] [ERROR] Unable to preventDefault inside passive event listener invocation. @ http://localhost:3000/_next/static/chunks/node_modules_next_dist_compiled_react-dom_1e674e59._.js:2325
[  277489ms] [ERROR] Unable to preventDefault inside passive event listener invocation. @ http://localhost:3000/_next/static/chunks/node_modules_next_dist_compiled_react-dom_1e674e59._.js:2325
[  277515ms] [ERROR] Unable to preventDefault inside passive event listener invocation. @ http://localhost:3000/_next/static/chunks/node_modules_next_dist_compiled_react-dom_1e674e59._.js:2325
[  277558ms] [LOG] [Fast Refresh] rebuilding @ http://localhost:3000/_next/static/chunks/node_modules_next_dist_f3530cac._.js:2297
[  277574ms] [LOG] [Fast Refresh] done in 123ms @ http://localhost:3000/_next/static/chunks/node_modules_next_dist_f3530cac._.js:2297
[  277672ms] [ERROR] Unable to preventDefault inside passive event listener invocation. @ http://localhost:3000/_next/static/chunks/node_modules_next_dist_compiled_react-dom_1e674e59._.js:2325
[  277690ms] [ERROR] Unable to preventDefault inside passive event listener invocation. @ http://localhost:3000/_next/static/chunks/node_modules_next_dist_compiled_react-dom_1e674e59._.js:2325
[  277710ms] [ERROR] Unable to preventDefault inside passive event listener invocation. @ http://localhost:3000/_next/static/chunks/node_modules_next_dist_compiled_react-dom_1e674e59._.js:2325
[  277731ms] [ERROR] Unable to preventDefault inside passive event listener invocation. @ http://localhost:3000/_next/static/chunks/node_modules_next_dist_compiled_react-dom_1e674e59._.js:2325
[  277790ms] [LOG] [Fast Refresh] rebuilding @ http://localhost:3000/_next/static/chunks/node_modules_next_dist_f3530cac._.js:2297
[  277790ms] [LOG] [Fast Refresh] done in 106ms @ http://localhost:3000/_next/static/chunks/node_modules_next_dist_f3530cac._.js:2297
[  278132ms] [ERROR] Unable to preventDefault inside passive event listener invocation. @ http://localhost:3000/_next/static/chunks/node_modules_next_dist_compiled_react-dom_1e674e59._.js:2325
[  278148ms] [ERROR] Unable to preventDefault inside passive event listener invocation. @ http://localhost:3000/_next/static/chunks/node_modules_next_dist_compiled_react-dom_1e674e59._.js:2325
[  278150ms] [ERROR] Unable to preventDefault inside passive event listener invocation. @ http://localhost:3000/_next/static/chunks/node_modules_next_dist_compiled_react-dom_1e674e59._.js:2325
[  278161ms] [ERROR] Unable to preventDefault inside passive event listener invocation. @ http://localhost:3000/_next/static/chunks/node_modules_next_dist_compiled_react-dom_1e674e59._.js:2325
[  278169ms] [ERROR] Unable to preventDefault inside passive event listener invocation. @ http://localhost:3000/_next/static/chunks/node_modules_next_dist_compiled_react-dom_1e674e59._.js:2325
[  278183ms] [ERROR] Unable to preventDefault inside passive event listener invocation. @ http://localhost:3000/_next/static/chunks/node_modules_next_dist_compiled_react-dom_1e674e59._.js:2325
[  279173ms] [LOG] [DB] Saved 52 digit results @ http://localhost:3000/_next/static/chunks/node_modules_next_dist_f3530cac._.js:2297
[  279173ms] [LOG] [AutoSave] Save completed successfully @ http://localhost:3000/_next/static/chunks/node_modules_next_dist_f3530cac._.js:2297
[  281815ms] [LOG] [DB] Saved 52 digit results @ http://localhost:3000/_next/static/chunks/node_modules_next_dist_f3530cac._.js:2297
[  281815ms] [LOG] [AutoSave] Save completed successfully @ http://localhost:3000/_next/static/chunks/node_modules_next_dist_f3530cac._.js:2297
[  282773ms] [ERROR] Unable to preventDefault inside passive event listener invocation. @ http://localhost:3000/_next/static/chunks/node_modules_next_dist_compiled_react-dom_1e674e59._.js:2325
[  282787ms] [ERROR] Unable to preventDefault inside passive event listener invocation. @ http://localhost:3000/_next/static/chunks/node_modules_next_dist_compiled_react-dom_1e674e59._.js:2325
[  282800ms] [ERROR] Unable to preventDefault inside passive event listener invocation. @ http://localhost:3000/_next/static/chunks/node_modules_next_dist_compiled_react-dom_1e674e59._.js:2325
[  283488ms] [ERROR] Unable to preventDefault inside passive event listener invocation. @ http://localhost:3000/_next/static/chunks/node_modules_next_dist_compiled_react-dom_1e674e59._.js:2325
[  283512ms] [ERROR] Unable to preventDefault inside passive event listener invocation. @ http://localhost:3000/_next/static/chunks/node_modules_next_dist_compiled_react-dom_1e674e59._.js:2325
[  283550ms] [ERROR] Unable to preventDefault inside passive event listener invocation. @ http://localhost:3000/_next/static/chunks/node_modules_next_dist_compiled_react-dom_1e674e59._.js:2325
[  283606ms] [LOG] [Fast Refresh] rebuilding @ http://localhost:3000/_next/static/chunks/node_modules_next_dist_f3530cac._.js:2297
[  283607ms] [LOG] [Fast Refresh] done in 106ms @ http://localhost:3000/_next/static/chunks/node_modules_next_dist_f3530cac._.js:2297
[  283726ms] [ERROR] Unable to preventDefault inside passive event listener invocation. @ http://localhost:3000/_next/static/chunks/node_modules_next_dist_compiled_react-dom_1e674e59._.js:2325
[  283783ms] [ERROR] Unable to preventDefault inside passive event listener invocation. @ http://localhost:3000/_next/static/chunks/node_modules_next_dist_compiled_react-dom_1e674e59._.js:2325
[  284404ms] [LOG] [DB] Saved 52 digit results @ http://localhost:3000/_next/static/chunks/node_modules_next_dist_f3530cac._.js:2297
[  284404ms] [LOG] [AutoSave] Save completed successfully @ http://localhost:3000/_next/static/chunks/node_modules_next_dist_f3530cac._.js:2297
[  285057ms] [ERROR] Unable to preventDefault inside passive event listener invocation. @ http://localhost:3000/_next/static/chunks/node_modules_next_dist_compiled_react-dom_1e674e59._.js:2325
[  285078ms] [ERROR] Unable to preventDefault inside passive event listener invocation. @ http://localhost:3000/_next/static/chunks/node_modules_next_dist_compiled_react-dom_1e674e59._.js:2325
[  285095ms] [ERROR] Unable to preventDefault inside passive event listener invocation. @ http://localhost:3000/_next/static/chunks/node_modules_next_dist_compiled_react-dom_1e674e59._.js:2325
[  286064ms] [ERROR] Unable to preventDefault inside passive event listener invocation. @ http://localhost:3000/_next/static/chunks/node_modules_next_dist_compiled_react-dom_1e674e59._.js:2325
[  286085ms] [ERROR] Unable to preventDefault inside passive event listener invocation. @ http://localhost:3000/_next/static/chunks/node_modules_next_dist_compiled_react-dom_1e674e59._.js:2325
[  286106ms] [ERROR] Unable to preventDefault inside passive event listener invocation. @ http://localhost:3000/_next/static/chunks/node_modules_next_dist_compiled_react-dom_1e674e59._.js:2325
[  286120ms] [ERROR] Unable to preventDefault inside passive event listener invocation. @ http://localhost:3000/_next/static/chunks/node_modules_next_dist_compiled_react-dom_1e674e59._.js:2325
[  287015ms] [LOG] [DB] Saved 52 digit results @ http://localhost:3000/_next/static/chunks/node_modules_next_dist_f3530cac._.js:2297
[  287015ms] [LOG] [AutoSave] Save completed successfully @ http://localhost:3000/_next/static/chunks/node_modules_next_dist_f3530cac._.js:2297
[  289120ms] [ERROR] Unable to preventDefault inside passive event listener invocation. @ http://localhost:3000/_next/static/chunks/node_modules_next_dist_compiled_react-dom_1e674e59._.js:2325
[  289148ms] [ERROR] Unable to preventDefault inside passive event listener invocation. @ http://localhost:3000/_next/static/chunks/node_modules_next_dist_compiled_react-dom_1e674e59._.js:2325
[  289172ms] [ERROR] Unable to preventDefault inside passive event listener invocation. @ http://localhost:3000/_next/static/chunks/node_modules_next_dist_compiled_react-dom_1e674e59._.js:2325
[  289346ms] [ERROR] Unable to preventDefault inside passive event listener invocation. @ http://localhost:3000/_next/static/chunks/node_modules_next_dist_compiled_react-dom_1e674e59._.js:2325
[  289366ms] [ERROR] Unable to preventDefault inside passive event listener invocation. @ http://localhost:3000/_next/static/chunks/node_modules_next_dist_compiled_react-dom_1e674e59._.js:2325
[  289390ms] [ERROR] Unable to preventDefault inside passive event listener invocation. @ http://localhost:3000/_next/static/chunks/node_modules_next_dist_compiled_react-dom_1e674e59._.js:2325
[  289622ms] [LOG] [DB] Saved 52 digit results @ http://localhost:3000/_next/static/chunks/node_modules_next_dist_f3530cac._.js:2297
[  289622ms] [LOG] [AutoSave] Save completed successfully @ http://localhost:3000/_next/static/chunks/node_modules_next_dist_f3530cac._.js:2297
[  289655ms] [ERROR] Unable to preventDefault inside passive event listener invocation. @ http://localhost:3000/_next/static/chunks/node_modules_next_dist_compiled_react-dom_1e674e59._.js:2325
[  289676ms] [ERROR] Unable to preventDefault inside passive event listener invocation. @ http://localhost:3000/_next/static/chunks/node_modules_next_dist_compiled_react-dom_1e674e59._.js:2325
[  289935ms] [ERROR] Unable to preventDefault inside passive event listener invocation. @ http://localhost:3000/_next/static/chunks/node_modules_next_dist_compiled_react-dom_1e674e59._.js:2325
[  289964ms] [ERROR] Unable to preventDefault inside passive event listener invocation. @ http://localhost:3000/_next/static/chunks/node_modules_next_dist_compiled_react-dom_1e674e59._.js:2325
[  289998ms] [ERROR] Unable to preventDefault inside passive event listener invocation. @ http://localhost:3000/_next/static/chunks/node_modules_next_dist_compiled_react-dom_1e674e59._.js:2325
[  290360ms] [ERROR] Unable to preventDefault inside passive event listener invocation. @ http://localhost:3000/_next/static/chunks/node_modules_next_dist_compiled_react-dom_1e674e59._.js:2325
[  290384ms] [ERROR] Unable to preventDefault inside passive event listener invocation. @ http://localhost:3000/_next/static/chunks/node_modules_next_dist_compiled_react-dom_1e674e59._.js:2325
[  290404ms] [ERROR] Unable to preventDefault inside passive event listener invocation. @ http://localhost:3000/_next/static/chunks/node_modules_next_dist_compiled_react-dom_1e674e59._.js:2325
[  290658ms] [ERROR] Unable to preventDefault inside passive event listener invocation. @ http://localhost:3000/_next/static/chunks/node_modules_next_dist_compiled_react-dom_1e674e59._.js:2325
[  290682ms] [ERROR] Unable to preventDefault inside passive event listener invocation. @ http://localhost:3000/_next/static/chunks/node_modules_next_dist_compiled_react-dom_1e674e59._.js:2325
[  292226ms] [LOG] [DB] Saved 52 digit results @ http://localhost:3000/_next/static/chunks/node_modules_next_dist_f3530cac._.js:2297
[  292226ms] [LOG] [AutoSave] Save completed successfully @ http://localhost:3000/_next/static/chunks/node_modules_next_dist_f3530cac._.js:2297
[  292272ms] [ERROR] Unable to preventDefault inside passive event listener invocation. @ http://localhost:3000/_next/static/chunks/node_modules_next_dist_compiled_react-dom_1e674e59._.js:2325
[  292333ms] [ERROR] Unable to preventDefault inside passive event listener invocation. @ http://localhost:3000/_next/static/chunks/node_modules_next_dist_compiled_react-dom_1e674e59._.js:2325
[  294826ms] [LOG] [DB] Saved 52 digit results @ http://localhost:3000/_next/static/chunks/node_modules_next_dist_f3530cac._.js:2297
[  294826ms] [LOG] [AutoSave] Save completed successfully @ http://localhost:3000/_next/static/chunks/node_modules_next_dist_f3530cac._.js:2297
[  297423ms] [LOG] [DB] Saved 52 digit results @ http://localhost:3000/_next/static/chunks/node_modules_next_dist_f3530cac._.js:2297
[  297423ms] [LOG] [AutoSave] Save completed successfully @ http://localhost:3000/_next/static/chunks/node_modules_next_dist_f3530cac._.js:2297
[  300030ms] [LOG] [DB] Saved 52 digit results @ http://localhost:3000/_next/static/chunks/node_modules_next_dist_f3530cac._.js:2297
[  300030ms] [LOG] [AutoSave] Save completed successfully @ http://localhost:3000/_next/static/chunks/node_modules_next_dist_f3530cac._.js:2297
[  300696ms] [ERROR] Unable to preventDefault inside passive event listener invocation. @ http://localhost:3000/_next/static/chunks/node_modules_next_dist_compiled_react-dom_1e674e59._.js:2325
[  300710ms] [ERROR] Unable to preventDefault inside passive event listener invocation. @ http://localhost:3000/_next/static/chunks/node_modules_next_dist_compiled_react-dom_1e674e59._.js:2325
[  300730ms] [ERROR] Unable to preventDefault inside passive event listener invocation. @ http://localhost:3000/_next/static/chunks/node_modules_next_dist_compiled_react-dom_1e674e59._.js:2325
[  300955ms] [ERROR] Unable to preventDefault inside passive event listener invocation. @ http://localhost:3000/_next/static/chunks/node_modules_next_dist_compiled_react-dom_1e674e59._.js:2325
[  300982ms] [ERROR] Unable to preventDefault inside passive event listener invocation. @ http://localhost:3000/_next/static/chunks/node_modules_next_dist_compiled_react-dom_1e674e59._.js:2325
[  301008ms] [ERROR] Unable to preventDefault inside passive event listener invocation. @ http://localhost:3000/_next/static/chunks/node_modules_next_dist_compiled_react-dom_1e674e59._.js:2325
[  302543ms] [ERROR] Unable to preventDefault inside passive event listener invocation. @ http://localhost:3000/_next/static/chunks/node_modules_next_dist_compiled_react-dom_1e674e59._.js:2325
[  302558ms] [ERROR] Unable to preventDefault inside passive event listener invocation. @ http://localhost:3000/_next/static/chunks/node_modules_next_dist_compiled_react-dom_1e674e59._.js:2325
[  302608ms] [ERROR] Unable to preventDefault inside passive event listener invocation. @ http://localhost:3000/_next/static/chunks/node_modules_next_dist_compiled_react-dom_1e674e59._.js:2325
[  302678ms] [LOG] [DB] Saved 52 digit results @ http://localhost:3000/_next/static/chunks/node_modules_next_dist_f3530cac._.js:2297
[  302678ms] [LOG] [AutoSave] Save completed successfully @ http://localhost:3000/_next/static/chunks/node_modules_next_dist_f3530cac._.js:2297
[  303946ms] [ERROR] Unable to preventDefault inside passive event listener invocation. @ http://localhost:3000/_next/static/chunks/node_modules_next_dist_compiled_react-dom_1e674e59._.js:2325
[  303958ms] [ERROR] Unable to preventDefault inside passive event listener invocation. @ http://localhost:3000/_next/static/chunks/node_modules_next_dist_compiled_react-dom_1e674e59._.js:2325
[  303985ms] [ERROR] Unable to preventDefault inside passive event listener invocation. @ http://localhost:3000/_next/static/chunks/node_modules_next_dist_compiled_react-dom_1e674e59._.js:2325
[  304163ms] [ERROR] Unable to preventDefault inside passive event listener invocation. @ http://localhost:3000/_next/static/chunks/node_modules_next_dist_compiled_react-dom_1e674e59._.js:2325
[  304189ms] [ERROR] Unable to preventDefault inside passive event listener invocation. @ http://localhost:3000/_next/static/chunks/node_modules_next_dist_compiled_react-dom_1e674e59._.js:2325
[  304200ms] [ERROR] Unable to preventDefault inside passive event listener invocation. @ http://localhost:3000/_next/static/chunks/node_modules_next_dist_compiled_react-dom_1e674e59._.js:2325
[  304423ms] [ERROR] Unable to preventDefault inside passive event listener invocation. @ http://localhost:3000/_next/static/chunks/node_modules_next_dist_compiled_react-dom_1e674e59._.js:2325
[  304476ms] [ERROR] Unable to preventDefault inside passive event listener invocation. @ http://localhost:3000/_next/static/chunks/node_modules_next_dist_compiled_react-dom_1e674e59._.js:2325
[  304544ms] [ERROR] Unable to preventDefault inside passive event listener invocation. @ http://localhost:3000/_next/static/chunks/node_modules_next_dist_compiled_react-dom_1e674e59._.js:2325
[  305527ms] [LOG] [DB] Saved 52 digit results @ http://localhost:3000/_next/static/chunks/node_modules_next_dist_f3530cac._.js:2297
[  305527ms] [LOG] [AutoSave] Save completed successfully @ http://localhost:3000/_next/static/chunks/node_modules_next_dist_f3530cac._.js:2297
[  305647ms] [ERROR] Unable to preventDefault inside passive event listener invocation. @ http://localhost:3000/_next/static/chunks/node_modules_next_dist_compiled_react-dom_1e674e59._.js:2325
[  305668ms] [ERROR] Unable to preventDefault inside passive event listener invocation. @ http://localhost:3000/_next/static/chunks/node_modules_next_dist_compiled_react-dom_1e674e59._.js:2325
[  305706ms] [ERROR] Unable to preventDefault inside passive event listener invocation. @ http://localhost:3000/_next/static/chunks/node_modules_next_dist_compiled_react-dom_1e674e59._.js:2325
[  308128ms] [LOG] [DB] Saved 52 digit results @ http://localhost:3000/_next/static/chunks/node_modules_next_dist_f3530cac._.js:2297
[  308128ms] [LOG] [AutoSave] Save completed successfully @ http://localhost:3000/_next/static/chunks/node_modules_next_dist_f3530cac._.js:2297
[  310793ms] [LOG] [DB] Saved 52 digit results @ http://localhost:3000/_next/static/chunks/node_modules_next_dist_f3530cac._.js:2297
[  310793ms] [LOG] [AutoSave] Save completed successfully @ http://localhost:3000/_next/static/chunks/node_modules_next_dist_f3530cac._.js:2297
[  313417ms] [LOG] [DB] Saved 52 digit results @ http://localhost:3000/_next/static/chunks/node_modules_next_dist_f3530cac._.js:2297
[  313417ms] [LOG] [AutoSave] Save completed successfully @ http://localhost:3000/_next/static/chunks/node_modules_next_dist_f3530cac._.js:2297
[  316037ms] [LOG] [DB] Saved 52 digit results @ http://localhost:3000/_next/static/chunks/node_modules_next_dist_f3530cac._.js:2297
[  316038ms] [LOG] [AutoSave] Save completed successfully @ http://localhost:3000/_next/static/chunks/node_modules_next_dist_f3530cac._.js:2297
[  318677ms] [LOG] [DB] Saved 52 digit results @ http://localhost:3000/_next/static/chunks/node_modules_next_dist_f3530cac._.js:2297
[  318677ms] [LOG] [AutoSave] Save completed successfully @ http://localhost:3000/_next/static/chunks/node_modules_next_dist_f3530cac._.js:2297
[  321335ms] [LOG] [DB] Saved 52 digit results @ http://localhost:3000/_next/static/chunks/node_modules_next_dist_f3530cac._.js:2297
[  321335ms] [LOG] [AutoSave] Save completed successfully @ http://localhost:3000/_next/static/chunks/node_modules_next_dist_f3530cac._.js:2297
[  323998ms] [LOG] [DB] Saved 52 digit results @ http://localhost:3000/_next/static/chunks/node_modules_next_dist_f3530cac._.js:2297
[  323998ms] [LOG] [AutoSave] Save completed successfully @ http://localhost:3000/_next/static/chunks/node_modules_next_dist_f3530cac._.js:2297
[  326632ms] [LOG] [DB] Saved 52 digit results @ http://localhost:3000/_next/static/chunks/node_modules_next_dist_f3530cac._.js:2297
[  326632ms] [LOG] [AutoSave] Save completed successfully @ http://localhost:3000/_next/static/chunks/node_modules_next_dist_f3530cac._.js:2297
[  329306ms] [LOG] [DB] Saved 52 digit results @ http://localhost:3000/_next/static/chunks/node_modules_next_dist_f3530cac._.js:2297
[  329306ms] [LOG] [AutoSave] Save completed successfully @ http://localhost:3000/_next/static/chunks/node_modules_next_dist_f3530cac._.js:2297
[  331914ms] [LOG] [DB] Saved 52 digit results @ http://localhost:3000/_next/static/chunks/node_modules_next_dist_f3530cac._.js:2297
[  331914ms] [LOG] [AutoSave] Save completed successfully @ http://localhost:3000/_next/static/chunks/node_modules_next_dist_f3530cac._.js:2297
[  333869ms] [ERROR] Unable to preventDefault inside passive event listener invocation. @ http://localhost:3000/_next/static/chunks/node_modules_next_dist_compiled_react-dom_1e674e59._.js:2325
[  333905ms] [ERROR] Unable to preventDefault inside passive event listener invocation. @ http://localhost:3000/_next/static/chunks/node_modules_next_dist_compiled_react-dom_1e674e59._.js:2325
[  334176ms] [ERROR] Unable to preventDefault inside passive event listener invocation. @ http://localhost:3000/_next/static/chunks/node_modules_next_dist_compiled_react-dom_1e674e59._.js:2325
[  334205ms] [ERROR] Unable to preventDefault inside passive event listener invocation. @ http://localhost:3000/_next/static/chunks/node_modules_next_dist_compiled_react-dom_1e674e59._.js:2325
[  334564ms] [LOG] [DB] Saved 52 digit results @ http://localhost:3000/_next/static/chunks/node_modules_next_dist_f3530cac._.js:2297
[  334564ms] [LOG] [AutoSave] Save completed successfully @ http://localhost:3000/_next/static/chunks/node_modules_next_dist_f3530cac._.js:2297
[  337180ms] [LOG] [DB] Saved 52 digit results @ http://localhost:3000/_next/static/chunks/node_modules_next_dist_f3530cac._.js:2297
[  337180ms] [LOG] [AutoSave] Save completed successfully @ http://localhost:3000/_next/static/chunks/node_modules_next_dist_f3530cac._.js:2297
[  339927ms] [LOG] [DB] Saved 52 digit results @ http://localhost:3000/_next/static/chunks/node_modules_next_dist_f3530cac._.js:2297
[  339927ms] [LOG] [AutoSave] Save completed successfully @ http://localhost:3000/_next/static/chunks/node_modules_next_dist_f3530cac._.js:2297
[  342528ms] [LOG] [DB] Saved 52 digit results @ http://localhost:3000/_next/static/chunks/node_modules_next_dist_f3530cac._.js:2297
[  342528ms] [LOG] [AutoSave] Save completed successfully @ http://localhost:3000/_next/static/chunks/node_modules_next_dist_f3530cac._.js:2297
[  345159ms] [LOG] [DB] Saved 52 digit results @ http://localhost:3000/_next/static/chunks/node_modules_next_dist_f3530cac._.js:2297
[  345159ms] [LOG] [AutoSave] Save completed successfully @ http://localhost:3000/_next/static/chunks/node_modules_next_dist_f3530cac._.js:2297
[  347790ms] [LOG] [DB] Saved 52 digit results @ http://localhost:3000/_next/static/chunks/node_modules_next_dist_f3530cac._.js:2297
[  347790ms] [LOG] [AutoSave] Save completed successfully @ http://localhost:3000/_next/static/chunks/node_modules_next_dist_f3530cac._.js:2297
[  350399ms] [LOG] [DB] Saved 52 digit results @ http://localhost:3000/_next/static/chunks/node_modules_next_dist_f3530cac._.js:2297
[  350399ms] [LOG] [AutoSave] Save completed successfully @ http://localhost:3000/_next/static/chunks/node_modules_next_dist_f3530cac._.js:2297
[  353003ms] [LOG] [DB] Saved 52 digit results @ http://localhost:3000/_next/static/chunks/node_modules_next_dist_f3530cac._.js:2297
[  353003ms] [LOG] [AutoSave] Save completed successfully @ http://localhost:3000/_next/static/chunks/node_modules_next_dist_f3530cac._.js:2297
[  355578ms] [LOG] [DB] Saved 52 digit results @ http://localhost:3000/_next/static/chunks/node_modules_next_dist_f3530cac._.js:2297
[  355578ms] [LOG] [AutoSave] Save completed successfully @ http://localhost:3000/_next/static/chunks/node_modules_next_dist_f3530cac._.js:2297
[  356097ms] [ERROR] Unable to preventDefault inside passive event listener invocation. @ http://localhost:3000/_next/static/chunks/node_modules_next_dist_compiled_react-dom_1e674e59._.js:2325
[  356112ms] [ERROR] Unable to preventDefault inside passive event listener invocation. @ http://localhost:3000/_next/static/chunks/node_modules_next_dist_compiled_react-dom_1e674e59._.js:2325
[  356118ms] [ERROR] Unable to preventDefault inside passive event listener invocation. @ http://localhost:3000/_next/static/chunks/node_modules_next_dist_compiled_react-dom_1e674e59._.js:2325
[  356132ms] [ERROR] Unable to preventDefault inside passive event listener invocation. @ http://localhost:3000/_next/static/chunks/node_modules_next_dist_compiled_react-dom_1e674e59._.js:2325
[  356139ms] [ERROR] Unable to preventDefault inside passive event listener invocation. @ http://localhost:3000/_next/static/chunks/node_modules_next_dist_compiled_react-dom_1e674e59._.js:2325
[  356336ms] [ERROR] Unable to preventDefault inside passive event listener invocation. @ http://localhost:3000/_next/static/chunks/node_modules_next_dist_compiled_react-dom_1e674e59._.js:2325
[  356357ms] [ERROR] Unable to preventDefault inside passive event listener invocation. @ http://localhost:3000/_next/static/chunks/node_modules_next_dist_compiled_react-dom_1e674e59._.js:2325
[  356375ms] [ERROR] Unable to preventDefault inside passive event listener invocation. @ http://localhost:3000/_next/static/chunks/node_modules_next_dist_compiled_react-dom_1e674e59._.js:2325
[  356389ms] [ERROR] Unable to preventDefault inside passive event listener invocation. @ http://localhost:3000/_next/static/chunks/node_modules_next_dist_compiled_react-dom_1e674e59._.js:2325
[  356403ms] [ERROR] Unable to preventDefault inside passive event listener invocation. @ http://localhost:3000/_next/static/chunks/node_modules_next_dist_compiled_react-dom_1e674e59._.js:2325
[  356417ms] [ERROR] Unable to preventDefault inside passive event listener invocation. @ http://localhost:3000/_next/static/chunks/node_modules_next_dist_compiled_react-dom_1e674e59._.js:2325
[  356457ms] [LOG] [Fast Refresh] rebuilding @ http://localhost:3000/_next/static/chunks/node_modules_next_dist_f3530cac._.js:2297
[  356519ms] [LOG] [Fast Refresh] done in 168ms @ http://localhost:3000/_next/static/chunks/node_modules_next_dist_f3530cac._.js:2297
[  357097ms] [ERROR] Unable to preventDefault inside passive event listener invocation. @ http://localhost:3000/_next/static/chunks/node_modules_next_dist_compiled_react-dom_1e674e59._.js:2325
[  357112ms] [ERROR] Unable to preventDefault inside passive event listener invocation. @ http://localhost:3000/_next/static/chunks/node_modules_next_dist_compiled_react-dom_1e674e59._.js:2325
[  357139ms] [ERROR] Unable to preventDefault inside passive event listener invocation. @ http://localhost:3000/_next/static/chunks/node_modules_next_dist_compiled_react-dom_1e674e59._.js:2325
[  357318ms] [ERROR] Unable to preventDefault inside passive event listener invocation. @ http://localhost:3000/_next/static/chunks/node_modules_next_dist_compiled_react-dom_1e674e59._.js:2325
[  357335ms] [ERROR] Unable to preventDefault inside passive event listener invocation. @ http://localhost:3000/_next/static/chunks/node_modules_next_dist_compiled_react-dom_1e674e59._.js:2325
[  357348ms] [ERROR] Unable to preventDefault inside passive event listener invocation. @ http://localhost:3000/_next/static/chunks/node_modules_next_dist_compiled_react-dom_1e674e59._.js:2325
[  357363ms] [ERROR] Unable to preventDefault inside passive event listener invocation. @ http://localhost:3000/_next/static/chunks/node_modules_next_dist_compiled_react-dom_1e674e59._.js:2325
[  357386ms] [ERROR] Unable to preventDefault inside passive event listener invocation. @ http://localhost:3000/_next/static/chunks/node_modules_next_dist_compiled_react-dom_1e674e59._.js:2325
[  357431ms] [LOG] [Fast Refresh] rebuilding @ http://localhost:3000/_next/static/chunks/node_modules_next_dist_f3530cac._.js:2297
[  357437ms] [LOG] [Fast Refresh] done in 109ms @ http://localhost:3000/_next/static/chunks/node_modules_next_dist_f3530cac._.js:2297
[  357566ms] [ERROR] Unable to preventDefault inside passive event listener invocation. @ http://localhost:3000/_next/static/chunks/node_modules_next_dist_compiled_react-dom_1e674e59._.js:2325
[  357583ms] [ERROR] Unable to preventDefault inside passive event listener invocation. @ http://localhost:3000/_next/static/chunks/node_modules_next_dist_compiled_react-dom_1e674e59._.js:2325
[  357598ms] [ERROR] Unable to preventDefault inside passive event listener invocation. @ http://localhost:3000/_next/static/chunks/node_modules_next_dist_compiled_react-dom_1e674e59._.js:2325
[  357633ms] [ERROR] Unable to preventDefault inside passive event listener invocation. @ http://localhost:3000/_next/static/chunks/node_modules_next_dist_compiled_react-dom_1e674e59._.js:2325
[  357679ms] [LOG] [Fast Refresh] rebuilding @ http://localhost:3000/_next/static/chunks/node_modules_next_dist_f3530cac._.js:2297
[  357685ms] [LOG] [Fast Refresh] done in 107ms @ http://localhost:3000/_next/static/chunks/node_modules_next_dist_f3530cac._.js:2297
[  357903ms] [ERROR] Unable to preventDefault inside passive event listener invocation. @ http://localhost:3000/_next/static/chunks/node_modules_next_dist_compiled_react-dom_1e674e59._.js:2325
[  357917ms] [ERROR] Unable to preventDefault inside passive event listener invocation. @ http://localhost:3000/_next/static/chunks/node_modules_next_dist_compiled_react-dom_1e674e59._.js:2325
[  357949ms] [ERROR] Unable to preventDefault inside passive event listener invocation. @ http://localhost:3000/_next/static/chunks/node_modules_next_dist_compiled_react-dom_1e674e59._.js:2325
[  358180ms] [LOG] [DB] Saved 52 digit results @ http://localhost:3000/_next/static/chunks/node_modules_next_dist_f3530cac._.js:2297
[  358180ms] [LOG] [AutoSave] Save completed successfully @ http://localhost:3000/_next/static/chunks/node_modules_next_dist_f3530cac._.js:2297
[  360763ms] [LOG] [DB] Saved 52 digit results @ http://localhost:3000/_next/static/chunks/node_modules_next_dist_f3530cac._.js:2297
[  360763ms] [LOG] [AutoSave] Save completed successfully @ http://localhost:3000/_next/static/chunks/node_modules_next_dist_f3530cac._.js:2297
[  363338ms] [LOG] [DB] Saved 52 digit results @ http://localhost:3000/_next/static/chunks/node_modules_next_dist_f3530cac._.js:2297
[  363338ms] [LOG] [AutoSave] Save completed successfully @ http://localhost:3000/_next/static/chunks/node_modules_next_dist_f3530cac._.js:2297
[  365932ms] [LOG] [DB] Saved 52 digit results @ http://localhost:3000/_next/static/chunks/node_modules_next_dist_f3530cac._.js:2297
[  365932ms] [LOG] [AutoSave] Save completed successfully @ http://localhost:3000/_next/static/chunks/node_modules_next_dist_f3530cac._.js:2297
[  368547ms] [LOG] [DB] Saved 52 digit results @ http://localhost:3000/_next/static/chunks/node_modules_next_dist_f3530cac._.js:2297
[  368548ms] [LOG] [AutoSave] Save completed successfully @ http://localhost:3000/_next/static/chunks/node_modules_next_dist_f3530cac._.js:2297
[  369153ms] [LOG] [Fast Refresh] rebuilding @ http://localhost:3000/_next/static/chunks/node_modules_next_dist_f3530cac._.js:2297
[  369445ms] [LOG] [Fast Refresh] done in 336ms @ http://localhost:3000/_next/static/chunks/node_modules_next_dist_f3530cac._.js:2297
[  369677ms] [LOG] [Fast Refresh] rebuilding @ http://localhost:3000/_next/static/chunks/node_modules_next_dist_f3530cac._.js:2297
[  369729ms] [LOG] [Fast Refresh] done in 155ms @ http://localhost:3000/_next/static/chunks/node_modules_next_dist_f3530cac._.js:2297
[  369885ms] [LOG] [Fast Refresh] rebuilding @ http://localhost:3000/_next/static/chunks/node_modules_next_dist_f3530cac._.js:2297
[  369948ms] [LOG] [Fast Refresh] done in 192ms @ http://localhost:3000/_next/static/chunks/node_modules_next_dist_f3530cac._.js:2297
[  370486ms] [INFO] [sync] matched 25 spans @ http://localhost:3000/_next/static/chunks/node_modules_next_dist_f3530cac._.js:2297
[  372643ms] [LOG] [DB] Saved 52 digit results @ http://localhost:3000/_next/static/chunks/node_modules_next_dist_f3530cac._.js:2297
[  372644ms] [LOG] [AutoSave] Save completed successfully @ http://localhost:3000/_next/static/chunks/node_modules_next_dist_f3530cac._.js:2297
[  372986ms] [WARNING] [sync] matched 29 spans, unmatched 1 {unmatchedKeys: Array(1), unmatchedPoles: Array(0), localSpanKeys: Array(34), localPoleIndices: Array(34)} @ http://localhost:3000/_next/static/chunks/node_modules_next_dist_f3530cac._.js:2297
[  375275ms] [LOG] [DB] Saved 52 digit results @ http://localhost:3000/_next/static/chunks/node_modules_next_dist_f3530cac._.js:2297
[  375275ms] [LOG] [AutoSave] Save completed successfully @ http://localhost:3000/_next/static/chunks/node_modules_next_dist_f3530cac._.js:2297
[  377888ms] [LOG] [DB] Saved 52 digit results @ http://localhost:3000/_next/static/chunks/node_modules_next_dist_f3530cac._.js:2297
[  377888ms] [LOG] [AutoSave] Save completed successfully @ http://localhost:3000/_next/static/chunks/node_modules_next_dist_f3530cac._.js:2297
[  380506ms] [LOG] [DB] Saved 52 digit results @ http://localhost:3000/_next/static/chunks/node_modules_next_dist_f3530cac._.js:2297
[  380506ms] [LOG] [AutoSave] Save completed successfully @ http://localhost:3000/_next/static/chunks/node_modules_next_dist_f3530cac._.js:2297
[  383130ms] [LOG] [DB] Saved 52 digit results @ http://localhost:3000/_next/static/chunks/node_modules_next_dist_f3530cac._.js:2297
[  383130ms] [LOG] [AutoSave] Save completed successfully @ http://localhost:3000/_next/static/chunks/node_modules_next_dist_f3530cac._.js:2297
[  383364ms] [WARNING] [sync] matched 29 spans, unmatched 1 {unmatchedKeys: Array(1), unmatchedPoles: Array(0), localSpanKeys: Array(34), localPoleIndices: Array(34)} @ http://localhost:3000/_next/static/chunks/node_modules_next_dist_f3530cac._.js:2297
[  385739ms] [LOG] [DB] Saved 52 digit results @ http://localhost:3000/_next/static/chunks/node_modules_next_dist_f3530cac._.js:2297
[  385740ms] [LOG] [AutoSave] Save completed successfully @ http://localhost:3000/_next/static/chunks/node_modules_next_dist_f3530cac._.js:2297
[  388373ms] [LOG] [DB] Saved 52 digit results @ http://localhost:3000/_next/static/chunks/node_modules_next_dist_f3530cac._.js:2297
[  388374ms] [LOG] [AutoSave] Save completed successfully @ http://localhost:3000/_next/static/chunks/node_modules_next_dist_f3530cac._.js:2297
[  390999ms] [LOG] [DB] Saved 52 digit results @ http://localhost:3000/_next/static/chunks/node_modules_next_dist_f3530cac._.js:2297
[  390999ms] [LOG] [AutoSave] Save completed successfully @ http://localhost:3000/_next/static/chunks/node_modules_next_dist_f3530cac._.js:2297
[  392548ms] [ERROR] Unable to preventDefault inside passive event listener invocation. @ http://localhost:3000/_next/static/chunks/node_modules_next_dist_compiled_react-dom_1e674e59._.js:2325
[  392575ms] [ERROR] Unable to preventDefault inside passive event listener invocation. @ http://localhost:3000/_next/static/chunks/node_modules_next_dist_compiled_react-dom_1e674e59._.js:2325
[  392592ms] [ERROR] Unable to preventDefault inside passive event listener invocation. @ http://localhost:3000/_next/static/chunks/node_modules_next_dist_compiled_react-dom_1e674e59._.js:2325
[  392602ms] [ERROR] Unable to preventDefault inside passive event listener invocation. @ http://localhost:3000/_next/static/chunks/node_modules_next_dist_compiled_react-dom_1e674e59._.js:2325
[  392666ms] [LOG] [Fast Refresh] rebuilding @ http://localhost:3000/_next/static/chunks/node_modules_next_dist_f3530cac._.js:2297
[  392667ms] [LOG] [Fast Refresh] done in 106ms @ http://localhost:3000/_next/static/chunks/node_modules_next_dist_f3530cac._.js:2297
[  392848ms] [ERROR] Unable to preventDefault inside passive event listener invocation. @ http://localhost:3000/_next/static/chunks/node_modules_next_dist_compiled_react-dom_1e674e59._.js:2325
[  392867ms] [ERROR] Unable to preventDefault inside passive event listener invocation. @ http://localhost:3000/_next/static/chunks/node_modules_next_dist_compiled_react-dom_1e674e59._.js:2325
[  392882ms] [ERROR] Unable to preventDefault inside passive event listener invocation. @ http://localhost:3000/_next/static/chunks/node_modules_next_dist_compiled_react-dom_1e674e59._.js:2325
[  392895ms] [ERROR] Unable to preventDefault inside passive event listener invocation. @ http://localhost:3000/_next/static/chunks/node_modules_next_dist_compiled_react-dom_1e674e59._.js:2325
[  392930ms] [ERROR] Unable to preventDefault inside passive event listener invocation. @ http://localhost:3000/_next/static/chunks/node_modules_next_dist_compiled_react-dom_1e674e59._.js:2325
[  393094ms] [ERROR] Unable to preventDefault inside passive event listener invocation. @ http://localhost:3000/_next/static/chunks/node_modules_next_dist_compiled_react-dom_1e674e59._.js:2325
[  393114ms] [ERROR] Unable to preventDefault inside passive event listener invocation. @ http://localhost:3000/_next/static/chunks/node_modules_next_dist_compiled_react-dom_1e674e59._.js:2325
[  393131ms] [ERROR] Unable to preventDefault inside passive event listener invocation. @ http://localhost:3000/_next/static/chunks/node_modules_next_dist_compiled_react-dom_1e674e59._.js:2325
[  393151ms] [ERROR] Unable to preventDefault inside passive event listener invocation. @ http://localhost:3000/_next/static/chunks/node_modules_next_dist_compiled_react-dom_1e674e59._.js:2325
[  393338ms] [ERROR] Unable to preventDefault inside passive event listener invocation. @ http://localhost:3000/_next/static/chunks/node_modules_next_dist_compiled_react-dom_1e674e59._.js:2325
[  393361ms] [ERROR] Unable to preventDefault inside passive event listener invocation. @ http://localhost:3000/_next/static/chunks/node_modules_next_dist_compiled_react-dom_1e674e59._.js:2325
[  393375ms] [ERROR] Unable to preventDefault inside passive event listener invocation. @ http://localhost:3000/_next/static/chunks/node_modules_next_dist_compiled_react-dom_1e674e59._.js:2325
[  393409ms] [ERROR] Unable to preventDefault inside passive event listener invocation. @ http://localhost:3000/_next/static/chunks/node_modules_next_dist_compiled_react-dom_1e674e59._.js:2325
[  393602ms] [LOG] [DB] Saved 52 digit results @ http://localhost:3000/_next/static/chunks/node_modules_next_dist_f3530cac._.js:2297
[  393602ms] [LOG] [AutoSave] Save completed successfully @ http://localhost:3000/_next/static/chunks/node_modules_next_dist_f3530cac._.js:2297
[  396166ms] [LOG] [DB] Saved 52 digit results @ http://localhost:3000/_next/static/chunks/node_modules_next_dist_f3530cac._.js:2297
[  396166ms] [LOG] [AutoSave] Save completed successfully @ http://localhost:3000/_next/static/chunks/node_modules_next_dist_f3530cac._.js:2297
[  398629ms] [ERROR] Unable to preventDefault inside passive event listener invocation. @ http://localhost:3000/_next/static/chunks/node_modules_next_dist_compiled_react-dom_1e674e59._.js:2325
[  398676ms] [ERROR] Unable to preventDefault inside passive event listener invocation. @ http://localhost:3000/_next/static/chunks/node_modules_next_dist_compiled_react-dom_1e674e59._.js:2325
[  398751ms] [LOG] [DB] Saved 52 digit results @ http://localhost:3000/_next/static/chunks/node_modules_next_dist_f3530cac._.js:2297
[  398751ms] [LOG] [AutoSave] Save completed successfully @ http://localhost:3000/_next/static/chunks/node_modules_next_dist_f3530cac._.js:2297
[  399732ms] [ERROR] Unable to preventDefault inside passive event listener invocation. @ http://localhost:3000/_next/static/chunks/node_modules_next_dist_compiled_react-dom_1e674e59._.js:2325
[  399739ms] [ERROR] Unable to preventDefault inside passive event listener invocation. @ http://localhost:3000/_next/static/chunks/node_modules_next_dist_compiled_react-dom_1e674e59._.js:2325
[  399756ms] [ERROR] Unable to preventDefault inside passive event listener invocation. @ http://localhost:3000/_next/static/chunks/node_modules_next_dist_compiled_react-dom_1e674e59._.js:2325
[  399777ms] [ERROR] Unable to preventDefault inside passive event listener invocation. @ http://localhost:3000/_next/static/chunks/node_modules_next_dist_compiled_react-dom_1e674e59._.js:2325
[  399817ms] [ERROR] Unable to preventDefault inside passive event listener invocation. @ http://localhost:3000/_next/static/chunks/node_modules_next_dist_compiled_react-dom_1e674e59._.js:2325
[  401360ms] [LOG] [DB] Saved 52 digit results @ http://localhost:3000/_next/static/chunks/node_modules_next_dist_f3530cac._.js:2297
[  401360ms] [LOG] [AutoSave] Save completed successfully @ http://localhost:3000/_next/static/chunks/node_modules_next_dist_f3530cac._.js:2297
[  403971ms] [LOG] [DB] Saved 52 digit results @ http://localhost:3000/_next/static/chunks/node_modules_next_dist_f3530cac._.js:2297
[  403971ms] [LOG] [AutoSave] Save completed successfully @ http://localhost:3000/_next/static/chunks/node_modules_next_dist_f3530cac._.js:2297
[  406545ms] [LOG] [DB] Saved 52 digit results @ http://localhost:3000/_next/static/chunks/node_modules_next_dist_f3530cac._.js:2297
[  406545ms] [LOG] [AutoSave] Save completed successfully @ http://localhost:3000/_next/static/chunks/node_modules_next_dist_f3530cac._.js:2297
[  409158ms] [LOG] [DB] Saved 52 digit results @ http://localhost:3000/_next/static/chunks/node_modules_next_dist_f3530cac._.js:2297
[  409158ms] [LOG] [AutoSave] Save completed successfully @ http://localhost:3000/_next/static/chunks/node_modules_next_dist_f3530cac._.js:2297
[  411758ms] [LOG] [DB] Saved 52 digit results @ http://localhost:3000/_next/static/chunks/node_modules_next_dist_f3530cac._.js:2297
[  411758ms] [LOG] [AutoSave] Save completed successfully @ http://localhost:3000/_next/static/chunks/node_modules_next_dist_f3530cac._.js:2297
[  414348ms] [LOG] [DB] Saved 52 digit results @ http://localhost:3000/_next/static/chunks/node_modules_next_dist_f3530cac._.js:2297
[  414348ms] [LOG] [AutoSave] Save completed successfully @ http://localhost:3000/_next/static/chunks/node_modules_next_dist_f3530cac._.js:2297
[  415389ms] [LOG] [Fast Refresh] rebuilding @ http://localhost:3000/_next/static/chunks/node_modules_next_dist_f3530cac._.js:2297
[  415535ms] [LOG] [Fast Refresh] done in 213ms @ http://localhost:3000/_next/static/chunks/node_modules_next_dist_f3530cac._.js:2297
[  416705ms] [INFO] [sync] matched 25 spans @ http://localhost:3000/_next/static/chunks/node_modules_next_dist_f3530cac._.js:2297
[  417343ms] [INFO] [sync] matched 30 spans @ http://localhost:3000/_next/static/chunks/node_modules_next_dist_f3530cac._.js:2297
[  419500ms] [LOG] [DB] Saved 52 digit results @ http://localhost:3000/_next/static/chunks/node_modules_next_dist_f3530cac._.js:2297
[  419500ms] [LOG] [AutoSave] Save completed successfully @ http://localhost:3000/_next/static/chunks/node_modules_next_dist_f3530cac._.js:2297
[  422106ms] [LOG] [DB] Saved 52 digit results @ http://localhost:3000/_next/static/chunks/node_modules_next_dist_f3530cac._.js:2297
[  422107ms] [LOG] [AutoSave] Save completed successfully @ http://localhost:3000/_next/static/chunks/node_modules_next_dist_f3530cac._.js:2297
[  424704ms] [LOG] [DB] Saved 52 digit results @ http://localhost:3000/_next/static/chunks/node_modules_next_dist_f3530cac._.js:2297
[  424704ms] [LOG] [AutoSave] Save completed successfully @ http://localhost:3000/_next/static/chunks/node_modules_next_dist_f3530cac._.js:2297
[  424922ms] [ERROR] Unable to preventDefault inside passive event listener invocation. @ http://localhost:3000/_next/static/chunks/node_modules_next_dist_compiled_react-dom_1e674e59._.js:2325
[  424937ms] [ERROR] Unable to preventDefault inside passive event listener invocation. @ http://localhost:3000/_next/static/chunks/node_modules_next_dist_compiled_react-dom_1e674e59._.js:2325
[  424951ms] [ERROR] Unable to preventDefault inside passive event listener invocation. @ http://localhost:3000/_next/static/chunks/node_modules_next_dist_compiled_react-dom_1e674e59._.js:2325
[  424992ms] [ERROR] Unable to preventDefault inside passive event listener invocation. @ http://localhost:3000/_next/static/chunks/node_modules_next_dist_compiled_react-dom_1e674e59._.js:2325
[  425040ms] [LOG] [Fast Refresh] rebuilding @ http://localhost:3000/_next/static/chunks/node_modules_next_dist_f3530cac._.js:2297
[  425043ms] [LOG] [Fast Refresh] done in 103ms @ http://localhost:3000/_next/static/chunks/node_modules_next_dist_f3530cac._.js:2297
[  425154ms] [ERROR] Unable to preventDefault inside passive event listener invocation. @ http://localhost:3000/_next/static/chunks/node_modules_next_dist_compiled_react-dom_1e674e59._.js:2325
[  425168ms] [ERROR] Unable to preventDefault inside passive event listener invocation. @ http://localhost:3000/_next/static/chunks/node_modules_next_dist_compiled_react-dom_1e674e59._.js:2325
[  425189ms] [ERROR] Unable to preventDefault inside passive event listener invocation. @ http://localhost:3000/_next/static/chunks/node_modules_next_dist_compiled_react-dom_1e674e59._.js:2325
[  425207ms] [ERROR] Unable to preventDefault inside passive event listener invocation. @ http://localhost:3000/_next/static/chunks/node_modules_next_dist_compiled_react-dom_1e674e59._.js:2325
[  425372ms] [ERROR] Unable to preventDefault inside passive event listener invocation. @ http://localhost:3000/_next/static/chunks/node_modules_next_dist_compiled_react-dom_1e674e59._.js:2325
[  425388ms] [ERROR] Unable to preventDefault inside passive event listener invocation. @ http://localhost:3000/_next/static/chunks/node_modules_next_dist_compiled_react-dom_1e674e59._.js:2325
[  425402ms] [ERROR] Unable to preventDefault inside passive event listener invocation. @ http://localhost:3000/_next/static/chunks/node_modules_next_dist_compiled_react-dom_1e674e59._.js:2325
[  425422ms] [ERROR] Unable to preventDefault inside passive event listener invocation. @ http://localhost:3000/_next/static/chunks/node_modules_next_dist_compiled_react-dom_1e674e59._.js:2325
[  425818ms] [ERROR] Unable to preventDefault inside passive event listener invocation. @ http://localhost:3000/_next/static/chunks/node_modules_next_dist_compiled_react-dom_1e674e59._.js:2325
[  425832ms] [ERROR] Unable to preventDefault inside passive event listener invocation. @ http://localhost:3000/_next/static/chunks/node_modules_next_dist_compiled_react-dom_1e674e59._.js:2325
[  425856ms] [ERROR] Unable to preventDefault inside passive event listener invocation. @ http://localhost:3000/_next/static/chunks/node_modules_next_dist_compiled_react-dom_1e674e59._.js:2325
[  425888ms] [ERROR] Unable to preventDefault inside passive event listener invocation. @ http://localhost:3000/_next/static/chunks/node_modules_next_dist_compiled_react-dom_1e674e59._.js:2325
[  425932ms] [LOG] [Fast Refresh] rebuilding @ http://localhost:3000/_next/static/chunks/node_modules_next_dist_f3530cac._.js:2297
[  425941ms] [LOG] [Fast Refresh] done in 109ms @ http://localhost:3000/_next/static/chunks/node_modules_next_dist_f3530cac._.js:2297
[  426113ms] [ERROR] Unable to preventDefault inside passive event listener invocation. @ http://localhost:3000/_next/static/chunks/node_modules_next_dist_compiled_react-dom_1e674e59._.js:2325
[  426125ms] [ERROR] Unable to preventDefault inside passive event listener invocation. @ http://localhost:3000/_next/static/chunks/node_modules_next_dist_compiled_react-dom_1e674e59._.js:2325
[  426148ms] [ERROR] Unable to preventDefault inside passive event listener invocation. @ http://localhost:3000/_next/static/chunks/node_modules_next_dist_compiled_react-dom_1e674e59._.js:2325
[  426160ms] [INFO] [sync] matched 30 spans @ http://localhost:3000/_next/static/chunks/node_modules_next_dist_f3530cac._.js:2297
[  426881ms] [ERROR] Unable to preventDefault inside passive event listener invocation. @ http://localhost:3000/_next/static/chunks/node_modules_next_dist_compiled_react-dom_1e674e59._.js:2325
[  426902ms] [ERROR] Unable to preventDefault inside passive event listener invocation. @ http://localhost:3000/_next/static/chunks/node_modules_next_dist_compiled_react-dom_1e674e59._.js:2325
[  426909ms] [ERROR] Unable to preventDefault inside passive event listener invocation. @ http://localhost:3000/_next/static/chunks/node_modules_next_dist_compiled_react-dom_1e674e59._.js:2325
[  426929ms] [ERROR] Unable to preventDefault inside passive event listener invocation. @ http://localhost:3000/_next/static/chunks/node_modules_next_dist_compiled_react-dom_1e674e59._.js:2325
[  427257ms] [ERROR] Unable to preventDefault inside passive event listener invocation. @ http://localhost:3000/_next/static/chunks/node_modules_next_dist_compiled_react-dom_1e674e59._.js:2325
[  427305ms] [ERROR] Unable to preventDefault inside passive event listener invocation. @ http://localhost:3000/_next/static/chunks/node_modules_next_dist_compiled_react-dom_1e674e59._.js:2325
[  427328ms] [LOG] [DB] Saved 52 digit results @ http://localhost:3000/_next/static/chunks/node_modules_next_dist_f3530cac._.js:2297
[  427328ms] [LOG] [AutoSave] Save completed successfully @ http://localhost:3000/_next/static/chunks/node_modules_next_dist_f3530cac._.js:2297
[  427350ms] [ERROR] Unable to preventDefault inside passive event listener invocation. @ http://localhost:3000/_next/static/chunks/node_modules_next_dist_compiled_react-dom_1e674e59._.js:2325
[  428305ms] [ERROR] Unable to preventDefault inside passive event listener invocation. @ http://localhost:3000/_next/static/chunks/node_modules_next_dist_compiled_react-dom_1e674e59._.js:2325
[  428332ms] [ERROR] Unable to preventDefault inside passive event listener invocation. @ http://localhost:3000/_next/static/chunks/node_modules_next_dist_compiled_react-dom_1e674e59._.js:2325
[  428353ms] [ERROR] Unable to preventDefault inside passive event listener invocation. @ http://localhost:3000/_next/static/chunks/node_modules_next_dist_compiled_react-dom_1e674e59._.js:2325
[  428385ms] [ERROR] Unable to preventDefault inside passive event listener invocation. @ http://localhost:3000/_next/static/chunks/node_modules_next_dist_compiled_react-dom_1e674e59._.js:2325
[  428943ms] [ERROR] Unable to preventDefault inside passive event listener invocation. @ http://localhost:3000/_next/static/chunks/node_modules_next_dist_compiled_react-dom_1e674e59._.js:2325
[  428964ms] [ERROR] Unable to preventDefault inside passive event listener invocation. @ http://localhost:3000/_next/static/chunks/node_modules_next_dist_compiled_react-dom_1e674e59._.js:2325
[  428977ms] [ERROR] Unable to preventDefault inside passive event listener invocation. @ http://localhost:3000/_next/static/chunks/node_modules_next_dist_compiled_react-dom_1e674e59._.js:2325
[  428991ms] [ERROR] Unable to preventDefault inside passive event listener invocation. @ http://localhost:3000/_next/static/chunks/node_modules_next_dist_compiled_react-dom_1e674e59._.js:2325
[  429410ms] [ERROR] Unable to preventDefault inside passive event listener invocation. @ http://localhost:3000/_next/static/chunks/node_modules_next_dist_compiled_react-dom_1e674e59._.js:2325
[  429429ms] [ERROR] Unable to preventDefault inside passive event listener invocation. @ http://localhost:3000/_next/static/chunks/node_modules_next_dist_compiled_react-dom_1e674e59._.js:2325
[  429469ms] [ERROR] Unable to preventDefault inside passive event listener invocation. @ http://localhost:3000/_next/static/chunks/node_modules_next_dist_compiled_react-dom_1e674e59._.js:2325
[  429930ms] [LOG] [DB] Saved 52 digit results @ http://localhost:3000/_next/static/chunks/node_modules_next_dist_f3530cac._.js:2297
[  429930ms] [LOG] [AutoSave] Save completed successfully @ http://localhost:3000/_next/static/chunks/node_modules_next_dist_f3530cac._.js:2297
[  430255ms] [ERROR] Unable to preventDefault inside passive event listener invocation. @ http://localhost:3000/_next/static/chunks/node_modules_next_dist_compiled_react-dom_1e674e59._.js:2325
[  430270ms] [ERROR] Unable to preventDefault inside passive event listener invocation. @ http://localhost:3000/_next/static/chunks/node_modules_next_dist_compiled_react-dom_1e674e59._.js:2325
[  430290ms] [ERROR] Unable to preventDefault inside passive event listener invocation. @ http://localhost:3000/_next/static/chunks/node_modules_next_dist_compiled_react-dom_1e674e59._.js:2325
[  430331ms] [ERROR] Unable to preventDefault inside passive event listener invocation. @ http://localhost:3000/_next/static/chunks/node_modules_next_dist_compiled_react-dom_1e674e59._.js:2325
[  430368ms] [LOG] [Fast Refresh] rebuilding @ http://localhost:3000/_next/static/chunks/node_modules_next_dist_f3530cac._.js:2297
[  430385ms] [LOG] [Fast Refresh] done in 123ms @ http://localhost:3000/_next/static/chunks/node_modules_next_dist_f3530cac._.js:2297
[  430489ms] [ERROR] Unable to preventDefault inside passive event listener invocation. @ http://localhost:3000/_next/static/chunks/node_modules_next_dist_compiled_react-dom_1e674e59._.js:2325
[  430517ms] [ERROR] Unable to preventDefault inside passive event listener invocation. @ http://localhost:3000/_next/static/chunks/node_modules_next_dist_compiled_react-dom_1e674e59._.js:2325
[  430529ms] [ERROR] Unable to preventDefault inside passive event listener invocation. @ http://localhost:3000/_next/static/chunks/node_modules_next_dist_compiled_react-dom_1e674e59._.js:2325
[  430555ms] [ERROR] Unable to preventDefault inside passive event listener invocation. @ http://localhost:3000/_next/static/chunks/node_modules_next_dist_compiled_react-dom_1e674e59._.js:2325
[  430776ms] [ERROR] Unable to preventDefault inside passive event listener invocation. @ http://localhost:3000/_next/static/chunks/node_modules_next_dist_compiled_react-dom_1e674e59._.js:2325
[  430799ms] [ERROR] Unable to preventDefault inside passive event listener invocation. @ http://localhost:3000/_next/static/chunks/node_modules_next_dist_compiled_react-dom_1e674e59._.js:2325
[  430818ms] [ERROR] Unable to preventDefault inside passive event listener invocation. @ http://localhost:3000/_next/static/chunks/node_modules_next_dist_compiled_react-dom_1e674e59._.js:2325
[  430846ms] [ERROR] Unable to preventDefault inside passive event listener invocation. @ http://localhost:3000/_next/static/chunks/node_modules_next_dist_compiled_react-dom_1e674e59._.js:2325
[  430897ms] [LOG] [Fast Refresh] rebuilding @ http://localhost:3000/_next/static/chunks/node_modules_next_dist_f3530cac._.js:2297
[  430898ms] [LOG] [Fast Refresh] done in 109ms @ http://localhost:3000/_next/static/chunks/node_modules_next_dist_f3530cac._.js:2297
[  432514ms] [LOG] [DB] Saved 52 digit results @ http://localhost:3000/_next/static/chunks/node_modules_next_dist_f3530cac._.js:2297
[  432514ms] [LOG] [AutoSave] Save completed successfully @ http://localhost:3000/_next/static/chunks/node_modules_next_dist_f3530cac._.js:2297
[  432851ms] [ERROR] Unable to preventDefault inside passive event listener invocation. @ http://localhost:3000/_next/static/chunks/node_modules_next_dist_compiled_react-dom_1e674e59._.js:2325
[  432873ms] [ERROR] Unable to preventDefault inside passive event listener invocation. @ http://localhost:3000/_next/static/chunks/node_modules_next_dist_compiled_react-dom_1e674e59._.js:2325
[  432894ms] [ERROR] Unable to preventDefault inside passive event listener invocation. @ http://localhost:3000/_next/static/chunks/node_modules_next_dist_compiled_react-dom_1e674e59._.js:2325
[  432929ms] [ERROR] Unable to preventDefault inside passive event listener invocation. @ http://localhost:3000/_next/static/chunks/node_modules_next_dist_compiled_react-dom_1e674e59._.js:2325
[  433134ms] [ERROR] Unable to preventDefault inside passive event listener invocation. @ http://localhost:3000/_next/static/chunks/node_modules_next_dist_compiled_react-dom_1e674e59._.js:2325
[  433153ms] [ERROR] Unable to preventDefault inside passive event listener invocation. @ http://localhost:3000/_next/static/chunks/node_modules_next_dist_compiled_react-dom_1e674e59._.js:2325
[  433186ms] [ERROR] Unable to preventDefault inside passive event listener invocation. @ http://localhost:3000/_next/static/chunks/node_modules_next_dist_compiled_react-dom_1e674e59._.js:2325
[  433538ms] [ERROR] Unable to preventDefault inside passive event listener invocation. @ http://localhost:3000/_next/static/chunks/node_modules_next_dist_compiled_react-dom_1e674e59._.js:2325
[  433556ms] [ERROR] Unable to preventDefault inside passive event listener invocation. @ http://localhost:3000/_next/static/chunks/node_modules_next_dist_compiled_react-dom_1e674e59._.js:2325
[  433576ms] [ERROR] Unable to preventDefault inside passive event listener invocation. @ http://localhost:3000/_next/static/chunks/node_modules_next_dist_compiled_react-dom_1e674e59._.js:2325
[  433602ms] [ERROR] Unable to preventDefault inside passive event listener invocation. @ http://localhost:3000/_next/static/chunks/node_modules_next_dist_compiled_react-dom_1e674e59._.js:2325
[  433655ms] [LOG] [Fast Refresh] rebuilding @ http://localhost:3000/_next/static/chunks/node_modules_next_dist_f3530cac._.js:2297
[  433660ms] [LOG] [Fast Refresh] done in 107ms @ http://localhost:3000/_next/static/chunks/node_modules_next_dist_f3530cac._.js:2297
[  433852ms] [ERROR] Unable to preventDefault inside passive event listener invocation. @ http://localhost:3000/_next/static/chunks/node_modules_next_dist_compiled_react-dom_1e674e59._.js:2325
[  433867ms] [ERROR] Unable to preventDefault inside passive event listener invocation. @ http://localhost:3000/_next/static/chunks/node_modules_next_dist_compiled_react-dom_1e674e59._.js:2325
[  433889ms] [ERROR] Unable to preventDefault inside passive event listener invocation. @ http://localhost:3000/_next/static/chunks/node_modules_next_dist_compiled_react-dom_1e674e59._.js:2325
[  435070ms] [ERROR] Unable to preventDefault inside passive event listener invocation. @ http://localhost:3000/_next/static/chunks/node_modules_next_dist_compiled_react-dom_1e674e59._.js:2325
[  435097ms] [ERROR] Unable to preventDefault inside passive event listener invocation. @ http://localhost:3000/_next/static/chunks/node_modules_next_dist_compiled_react-dom_1e674e59._.js:2325
[  435121ms] [LOG] [DB] Saved 52 digit results @ http://localhost:3000/_next/static/chunks/node_modules_next_dist_f3530cac._.js:2297
[  435121ms] [LOG] [AutoSave] Save completed successfully @ http://localhost:3000/_next/static/chunks/node_modules_next_dist_f3530cac._.js:2297
[  435142ms] [ERROR] Unable to preventDefault inside passive event listener invocation. @ http://localhost:3000/_next/static/chunks/node_modules_next_dist_compiled_react-dom_1e674e59._.js:2325
[  435194ms] [LOG] [Fast Refresh] rebuilding @ http://localhost:3000/_next/static/chunks/node_modules_next_dist_f3530cac._.js:2297
[  435195ms] [LOG] [Fast Refresh] done in 108ms @ http://localhost:3000/_next/static/chunks/node_modules_next_dist_f3530cac._.js:2297
[  436860ms] [ERROR] Unable to preventDefault inside passive event listener invocation. @ http://localhost:3000/_next/static/chunks/node_modules_next_dist_compiled_react-dom_1e674e59._.js:2325
[  436880ms] [ERROR] Unable to preventDefault inside passive event listener invocation. @ http://localhost:3000/_next/static/chunks/node_modules_next_dist_compiled_react-dom_1e674e59._.js:2325
[  436916ms] [ERROR] Unable to preventDefault inside passive event listener invocation. @ http://localhost:3000/_next/static/chunks/node_modules_next_dist_compiled_react-dom_1e674e59._.js:2325
[  437568ms] [ERROR] Unable to preventDefault inside passive event listener invocation. @ http://localhost:3000/_next/static/chunks/node_modules_next_dist_compiled_react-dom_1e674e59._.js:2325
[  437588ms] [ERROR] Unable to preventDefault inside passive event listener invocation. @ http://localhost:3000/_next/static/chunks/node_modules_next_dist_compiled_react-dom_1e674e59._.js:2325
[  437602ms] [ERROR] Unable to preventDefault inside passive event listener invocation. @ http://localhost:3000/_next/static/chunks/node_modules_next_dist_compiled_react-dom_1e674e59._.js:2325
[  437660ms] [ERROR] Unable to preventDefault inside passive event listener invocation. @ http://localhost:3000/_next/static/chunks/node_modules_next_dist_compiled_react-dom_1e674e59._.js:2325
[  437718ms] [LOG] [DB] Saved 52 digit results @ http://localhost:3000/_next/static/chunks/node_modules_next_dist_f3530cac._.js:2297
[  437718ms] [LOG] [AutoSave] Save completed successfully @ http://localhost:3000/_next/static/chunks/node_modules_next_dist_f3530cac._.js:2297
[  438673ms] [ERROR] Unable to preventDefault inside passive event listener invocation. @ http://localhost:3000/_next/static/chunks/node_modules_next_dist_compiled_react-dom_1e674e59._.js:2325
[  438699ms] [ERROR] Unable to preventDefault inside passive event listener invocation. @ http://localhost:3000/_next/static/chunks/node_modules_next_dist_compiled_react-dom_1e674e59._.js:2325
[  438720ms] [ERROR] Unable to preventDefault inside passive event listener invocation. @ http://localhost:3000/_next/static/chunks/node_modules_next_dist_compiled_react-dom_1e674e59._.js:2325
[  440357ms] [LOG] [DB] Saved 52 digit results @ http://localhost:3000/_next/static/chunks/node_modules_next_dist_f3530cac._.js:2297
[  440357ms] [LOG] [AutoSave] Save completed successfully @ http://localhost:3000/_next/static/chunks/node_modules_next_dist_f3530cac._.js:2297
[  442846ms] [ERROR] Unable to preventDefault inside passive event listener invocation. @ http://localhost:3000/_next/static/chunks/node_modules_next_dist_compiled_react-dom_1e674e59._.js:2325
[  442855ms] [ERROR] Unable to preventDefault inside passive event listener invocation. @ http://localhost:3000/_next/static/chunks/node_modules_next_dist_compiled_react-dom_1e674e59._.js:2325
[  442884ms] [ERROR] Unable to preventDefault inside passive event listener invocation. @ http://localhost:3000/_next/static/chunks/node_modules_next_dist_compiled_react-dom_1e674e59._.js:2325
[  442925ms] [ERROR] Unable to preventDefault inside passive event listener invocation. @ http://localhost:3000/_next/static/chunks/node_modules_next_dist_compiled_react-dom_1e674e59._.js:2325
[  442976ms] [LOG] [DB] Saved 52 digit results @ http://localhost:3000/_next/static/chunks/node_modules_next_dist_f3530cac._.js:2297
[  442977ms] [LOG] [AutoSave] Save completed successfully @ http://localhost:3000/_next/static/chunks/node_modules_next_dist_f3530cac._.js:2297
[  443083ms] [ERROR] Unable to preventDefault inside passive event listener invocation. @ http://localhost:3000/_next/static/chunks/node_modules_next_dist_compiled_react-dom_1e674e59._.js:2325
[  443102ms] [ERROR] Unable to preventDefault inside passive event listener invocation. @ http://localhost:3000/_next/static/chunks/node_modules_next_dist_compiled_react-dom_1e674e59._.js:2325
[  443123ms] [ERROR] Unable to preventDefault inside passive event listener invocation. @ http://localhost:3000/_next/static/chunks/node_modules_next_dist_compiled_react-dom_1e674e59._.js:2325
[  443144ms] [ERROR] Unable to preventDefault inside passive event listener invocation. @ http://localhost:3000/_next/static/chunks/node_modules_next_dist_compiled_react-dom_1e674e59._.js:2325
[  443198ms] [LOG] [Fast Refresh] rebuilding @ http://localhost:3000/_next/static/chunks/node_modules_next_dist_f3530cac._.js:2297
[  443206ms] [LOG] [Fast Refresh] done in 107ms @ http://localhost:3000/_next/static/chunks/node_modules_next_dist_f3530cac._.js:2297
[  445575ms] [LOG] [DB] Saved 52 digit results @ http://localhost:3000/_next/static/chunks/node_modules_next_dist_f3530cac._.js:2297
[  445575ms] [LOG] [AutoSave] Save completed successfully @ http://localhost:3000/_next/static/chunks/node_modules_next_dist_f3530cac._.js:2297
[  448186ms] [LOG] [DB] Saved 52 digit results @ http://localhost:3000/_next/static/chunks/node_modules_next_dist_f3530cac._.js:2297
[  448186ms] [LOG] [AutoSave] Save completed successfully @ http://localhost:3000/_next/static/chunks/node_modules_next_dist_f3530cac._.js:2297
[  450806ms] [LOG] [DB] Saved 52 digit results @ http://localhost:3000/_next/static/chunks/node_modules_next_dist_f3530cac._.js:2297
[  450807ms] [LOG] [AutoSave] Save completed successfully @ http://localhost:3000/_next/static/chunks/node_modules_next_dist_f3530cac._.js:2297
[  453410ms] [LOG] [DB] Saved 52 digit results @ http://localhost:3000/_next/static/chunks/node_modules_next_dist_f3530cac._.js:2297
[  453410ms] [LOG] [AutoSave] Save completed successfully @ http://localhost:3000/_next/static/chunks/node_modules_next_dist_f3530cac._.js:2297
[  455803ms] [LOG] [Fast Refresh] rebuilding @ http://localhost:3000/_next/static/chunks/node_modules_next_dist_f3530cac._.js:2297
[  456084ms] [LOG] [DB] Saved 52 digit results @ http://localhost:3000/_next/static/chunks/node_modules_next_dist_f3530cac._.js:2297
[  456084ms] [LOG] [AutoSave] Save completed successfully @ http://localhost:3000/_next/static/chunks/node_modules_next_dist_f3530cac._.js:2297
[  456168ms] [LOG] [Fast Refresh] done in 477ms @ http://localhost:3000/_next/static/chunks/node_modules_next_dist_f3530cac._.js:2297
[  456548ms] [INFO] %cDownload the React DevTools for a better development experience: https://react.dev/link/react-devtools font-weight:bold @ http://localhost:3000/_next/static/chunks/node_modules_next_dist_f3530cac._.js:2297
[  456624ms] [LOG] [HMR] connected @ http://localhost:3000/_next/static/chunks/node_modules_next_dist_f3530cac._.js:2297
[  458291ms] [ERROR] Failed to load resource: the server responded with a status of 406 () @ https://epjfulzqbvpvnxakgany.supabase.co/rest/v1/boundaries?select=id&session_id=eq.7166062a-496e-4294-99e5-9c4eee65dd26:0
[  458397ms] [ERROR] Failed to load resource: the server responded with a status of 406 () @ https://epjfulzqbvpvnxakgany.supabase.co/rest/v1/session_config?select=*&session_id=eq.7166062a-496e-4294-99e5-9c4eee65dd26:0
[  474687ms] [ERROR] Failed to load resource: the server responded with a status of 406 () @ https://epjfulzqbvpvnxakgany.supabase.co/rest/v1/session_config?select=*&session_id=eq.7166062a-496e-4294-99e5-9c4eee65dd26:0
[  474688ms] [ERROR] Failed to load resource: the server responded with a status of 406 () @ https://epjfulzqbvpvnxakgany.supabase.co/rest/v1/boundaries?select=*&session_id=eq.7166062a-496e-4294-99e5-9c4eee65dd26:0
[  474804ms] [LOG] [restore] session: 7166062a-496e-4294-99e5-9c4eee65dd26 poles: 34 equipment: 18 digits: 52 @ http://localhost:3000/_next/static/chunks/node_modules_next_dist_f3530cac._.js:2297
[  474804ms] [LOG] [restore] cache written — poleDone: true path: C:\zander\Telcovantage-Site-Map-Reader\uploads\LPA120.dxf dxfPath state: C:\zander\Telcovantage-Site-Map-Reader\uploads\LPA120.dxf @ http://localhost:3000/_next/static/chunks/node_modules_next_dist_f3530cac._.js:2297
[  474863ms] [LOG] [PoleLayout mount] cachedData: poleDone=true tags=34 @ http://localhost:3000/_next/static/chunks/node_modules_next_dist_f3530cac._.js:2297
[  474873ms] [LOG] [PoleLayout mount] cachedData: poleDone=true tags=34 @ http://localhost:3000/_next/static/chunks/node_modules_next_dist_f3530cac._.js:2297
[  475564ms] [WARNING] [sync] matched 0 spans, unmatched 30 {unmatchedKeys: Array(30), unmatchedPoles: Array(32), localSpanKeys: Array(0), localPoleIndices: Array(0)} @ http://localhost:3000/_next/static/chunks/node_modules_next_dist_f3530cac._.js:2297
[  475972ms] [WARNING] [sync] matched 0 spans, unmatched 30 {unmatchedKeys: Array(30), unmatchedPoles: Array(32), localSpanKeys: Array(0), localPoleIndices: Array(0)} @ http://localhost:3000/_next/static/chunks/node_modules_next_dist_f3530cac._.js:2297
[  478092ms] [LOG] [DB] Saved 52 digit results @ http://localhost:3000/_next/static/chunks/node_modules_next_dist_f3530cac._.js:2297
[  478092ms] [LOG] [AutoSave] Save completed successfully @ http://localhost:3000/_next/static/chunks/node_modules_next_dist_f3530cac._.js:2297
[  480200ms] [LOG] [cache-update] sid= 7166062a-496e-4294-99e5-9c4eee65dd26 poleTags= 34 shapes= 0 @ http://localhost:3000/_next/static/chunks/node_modules_next_dist_f3530cac._.js:2297
[  480725ms] [LOG] [DB] Saved 52 digit results @ http://localhost:3000/_next/static/chunks/node_modules_next_dist_f3530cac._.js:2297
[  480725ms] [LOG] [AutoSave] Save completed successfully @ http://localhost:3000/_next/static/chunks/node_modules_next_dist_f3530cac._.js:2297
[  480794ms] [LOG] [DB] Saved 34 poles @ http://localhost:3000/_next/static/chunks/node_modules_next_dist_f3530cac._.js:2297
[  483458ms] [LOG] [DB] Saved 52 digit results @ http://localhost:3000/_next/static/chunks/node_modules_next_dist_f3530cac._.js:2297
[  483459ms] [LOG] [AutoSave] Save completed successfully @ http://localhost:3000/_next/static/chunks/node_modules_next_dist_f3530cac._.js:2297
[  486161ms] [LOG] [DB] Saved 52 digit results @ http://localhost:3000/_next/static/chunks/node_modules_next_dist_f3530cac._.js:2297
[  486161ms] [LOG] [AutoSave] Save completed successfully @ http://localhost:3000/_next/static/chunks/node_modules_next_dist_f3530cac._.js:2297
[  488784ms] [LOG] [DB] Saved 52 digit results @ http://localhost:3000/_next/static/chunks/node_modules_next_dist_f3530cac._.js:2297
[  488785ms] [LOG] [AutoSave] Save completed successfully @ http://localhost:3000/_next/static/chunks/node_modules_next_dist_f3530cac._.js:2297
[  490097ms] [ERROR] Unable to preventDefault inside passive event listener invocation. @ http://localhost:3000/_next/static/chunks/node_modules_next_dist_compiled_react-dom_1e674e59._.js:2325
[  491385ms] [LOG] [DB] Saved 52 digit results @ http://localhost:3000/_next/static/chunks/node_modules_next_dist_f3530cac._.js:2297
[  491386ms] [LOG] [AutoSave] Save completed successfully @ http://localhost:3000/_next/static/chunks/node_modules_next_dist_f3530cac._.js:2297
[  492050ms] [ERROR] Unable to preventDefault inside passive event listener invocation. @ http://localhost:3000/_next/static/chunks/node_modules_next_dist_compiled_react-dom_1e674e59._.js:2325
[  492073ms] [ERROR] Unable to preventDefault inside passive event listener invocation. @ http://localhost:3000/_next/static/chunks/node_modules_next_dist_compiled_react-dom_1e674e59._.js:2325
[  492101ms] [ERROR] Unable to preventDefault inside passive event listener invocation. @ http://localhost:3000/_next/static/chunks/node_modules_next_dist_compiled_react-dom_1e674e59._.js:2325
[  492164ms] [LOG] [Fast Refresh] rebuilding @ http://localhost:3000/_next/static/chunks/node_modules_next_dist_f3530cac._.js:2297
[  492166ms] [LOG] [Fast Refresh] done in 109ms @ http://localhost:3000/_next/static/chunks/node_modules_next_dist_f3530cac._.js:2297
[  492365ms] [ERROR] Unable to preventDefault inside passive event listener invocation. @ http://localhost:3000/_next/static/chunks/node_modules_next_dist_compiled_react-dom_1e674e59._.js:2325
[  492414ms] [ERROR] Unable to preventDefault inside passive event listener invocation. @ http://localhost:3000/_next/static/chunks/node_modules_next_dist_compiled_react-dom_1e674e59._.js:2325
[  492467ms] [ERROR] Unable to preventDefault inside passive event listener invocation. @ http://localhost:3000/_next/static/chunks/node_modules_next_dist_compiled_react-dom_1e674e59._.js:2325
[  493991ms] [LOG] [DB] Saved 52 digit results @ http://localhost:3000/_next/static/chunks/node_modules_next_dist_f3530cac._.js:2297
[  493992ms] [LOG] [AutoSave] Save completed successfully @ http://localhost:3000/_next/static/chunks/node_modules_next_dist_f3530cac._.js:2297
[  494032ms] [ERROR] Unable to preventDefault inside passive event listener invocation. @ http://localhost:3000/_next/static/chunks/node_modules_next_dist_compiled_react-dom_1e674e59._.js:2325
[  494067ms] [ERROR] Unable to preventDefault inside passive event listener invocation. @ http://localhost:3000/_next/static/chunks/node_modules_next_dist_compiled_react-dom_1e674e59._.js:2325
[  494087ms] [ERROR] Unable to preventDefault inside passive event listener invocation. @ http://localhost:3000/_next/static/chunks/node_modules_next_dist_compiled_react-dom_1e674e59._.js:2325
[  494121ms] [ERROR] Unable to preventDefault inside passive event listener invocation. @ http://localhost:3000/_next/static/chunks/node_modules_next_dist_compiled_react-dom_1e674e59._.js:2325
[  494146ms] [LOG] [Fast Refresh] rebuilding @ http://localhost:3000/_next/static/chunks/node_modules_next_dist_f3530cac._.js:2297
[  494199ms] [LOG] [Fast Refresh] done in 154ms @ http://localhost:3000/_next/static/chunks/node_modules_next_dist_f3530cac._.js:2297
[  494365ms] [ERROR] Unable to preventDefault inside passive event listener invocation. @ http://localhost:3000/_next/static/chunks/node_modules_next_dist_compiled_react-dom_1e674e59._.js:2325
[  494380ms] [ERROR] Unable to preventDefault inside passive event listener invocation. @ http://localhost:3000/_next/static/chunks/node_modules_next_dist_compiled_react-dom_1e674e59._.js:2325
[  494404ms] [ERROR] Unable to preventDefault inside passive event listener invocation. @ http://localhost:3000/_next/static/chunks/node_modules_next_dist_compiled_react-dom_1e674e59._.js:2325
[  494638ms] [ERROR] Unable to preventDefault inside passive event listener invocation. @ http://localhost:3000/_next/static/chunks/node_modules_next_dist_compiled_react-dom_1e674e59._.js:2325
[  494663ms] [ERROR] Unable to preventDefault inside passive event listener invocation. @ http://localhost:3000/_next/static/chunks/node_modules_next_dist_compiled_react-dom_1e674e59._.js:2325
[  494702ms] [ERROR] Unable to preventDefault inside passive event listener invocation. @ http://localhost:3000/_next/static/chunks/node_modules_next_dist_compiled_react-dom_1e674e59._.js:2325
[  494752ms] [LOG] [Fast Refresh] rebuilding @ http://localhost:3000/_next/static/chunks/node_modules_next_dist_f3530cac._.js:2297
[  494759ms] [LOG] [Fast Refresh] done in 107ms @ http://localhost:3000/_next/static/chunks/node_modules_next_dist_f3530cac._.js:2297
[  494934ms] [LOG] [cache-update] sid= 7166062a-496e-4294-99e5-9c4eee65dd26 poleTags= 34 shapes= 0 @ http://localhost:3000/_next/static/chunks/node_modules_next_dist_f3530cac._.js:2297
[  495363ms] [ERROR] Unable to preventDefault inside passive event listener invocation. @ http://localhost:3000/_next/static/chunks/node_modules_next_dist_compiled_react-dom_1e674e59._.js:2325
[  495368ms] [INFO] [sync] matched 30 spans @ http://localhost:3000/_next/static/chunks/node_modules_next_dist_f3530cac._.js:2297
[  495407ms] [ERROR] Unable to preventDefault inside passive event listener invocation. @ http://localhost:3000/_next/static/chunks/node_modules_next_dist_compiled_react-dom_1e674e59._.js:2325
[  495536ms] [LOG] [DB] Saved 34 poles @ http://localhost:3000/_next/static/chunks/node_modules_next_dist_f3530cac._.js:2297
[  496522ms] [ERROR] Unable to preventDefault inside passive event listener invocation. @ http://localhost:3000/_next/static/chunks/node_modules_next_dist_compiled_react-dom_1e674e59._.js:2325
[  496556ms] [ERROR] Unable to preventDefault inside passive event listener invocation. @ http://localhost:3000/_next/static/chunks/node_modules_next_dist_compiled_react-dom_1e674e59._.js:2325
[  496604ms] [ERROR] Unable to preventDefault inside passive event listener invocation. @ http://localhost:3000/_next/static/chunks/node_modules_next_dist_compiled_react-dom_1e674e59._.js:2325
[  498202ms] [LOG] [DB] Saved 52 digit results @ http://localhost:3000/_next/static/chunks/node_modules_next_dist_f3530cac._.js:2297
[  498202ms] [LOG] [AutoSave] Save completed successfully @ http://localhost:3000/_next/static/chunks/node_modules_next_dist_f3530cac._.js:2297
[  498955ms] [ERROR] Unable to preventDefault inside passive event listener invocation. @ http://localhost:3000/_next/static/chunks/node_modules_next_dist_compiled_react-dom_1e674e59._.js:2325
[  498969ms] [ERROR] Unable to preventDefault inside passive event listener invocation. @ http://localhost:3000/_next/static/chunks/node_modules_next_dist_compiled_react-dom_1e674e59._.js:2325
[  498983ms] [ERROR] Unable to preventDefault inside passive event listener invocation. @ http://localhost:3000/_next/static/chunks/node_modules_next_dist_compiled_react-dom_1e674e59._.js:2325
[  498997ms] [ERROR] Unable to preventDefault inside passive event listener invocation. @ http://localhost:3000/_next/static/chunks/node_modules_next_dist_compiled_react-dom_1e674e59._.js:2325
[  499025ms] [ERROR] Unable to preventDefault inside passive event listener invocation. @ http://localhost:3000/_next/static/chunks/node_modules_next_dist_compiled_react-dom_1e674e59._.js:2325
[  500803ms] [LOG] [DB] Saved 52 digit results @ http://localhost:3000/_next/static/chunks/node_modules_next_dist_f3530cac._.js:2297
[  500803ms] [LOG] [AutoSave] Save completed successfully @ http://localhost:3000/_next/static/chunks/node_modules_next_dist_f3530cac._.js:2297
[  503439ms] [LOG] [DB] Saved 52 digit results @ http://localhost:3000/_next/static/chunks/node_modules_next_dist_f3530cac._.js:2297
[  503439ms] [LOG] [AutoSave] Save completed successfully @ http://localhost:3000/_next/static/chunks/node_modules_next_dist_f3530cac._.js:2297
[  505303ms] [ERROR] Unable to preventDefault inside passive event listener invocation. @ http://localhost:3000/_next/static/chunks/node_modules_next_dist_compiled_react-dom_1e674e59._.js:2325
[  505323ms] [ERROR] Unable to preventDefault inside passive event listener invocation. @ http://localhost:3000/_next/static/chunks/node_modules_next_dist_compiled_react-dom_1e674e59._.js:2325
[  505376ms] [ERROR] Unable to preventDefault inside passive event listener invocation. @ http://localhost:3000/_next/static/chunks/node_modules_next_dist_compiled_react-dom_1e674e59._.js:2325
[  505662ms] [ERROR] Unable to preventDefault inside passive event listener invocation. @ http://localhost:3000/_next/static/chunks/node_modules_next_dist_compiled_react-dom_1e674e59._.js:2325
[  505691ms] [ERROR] Unable to preventDefault inside passive event listener invocation. @ http://localhost:3000/_next/static/chunks/node_modules_next_dist_compiled_react-dom_1e674e59._.js:2325
[  505944ms] [ERROR] Unable to preventDefault inside passive event listener invocation. @ http://localhost:3000/_next/static/chunks/node_modules_next_dist_compiled_react-dom_1e674e59._.js:2325
[  505977ms] [ERROR] Unable to preventDefault inside passive event listener invocation. @ http://localhost:3000/_next/static/chunks/node_modules_next_dist_compiled_react-dom_1e674e59._.js:2325
[  506044ms] [LOG] [DB] Saved 52 digit results @ http://localhost:3000/_next/static/chunks/node_modules_next_dist_f3530cac._.js:2297
[  506044ms] [LOG] [AutoSave] Save completed successfully @ http://localhost:3000/_next/static/chunks/node_modules_next_dist_f3530cac._.js:2297
[  508240ms] [ERROR] Unable to preventDefault inside passive event listener invocation. @ http://localhost:3000/_next/static/chunks/node_modules_next_dist_compiled_react-dom_1e674e59._.js:2325
[  508254ms] [ERROR] Unable to preventDefault inside passive event listener invocation. @ http://localhost:3000/_next/static/chunks/node_modules_next_dist_compiled_react-dom_1e674e59._.js:2325
[  508271ms] [ERROR] Unable to preventDefault inside passive event listener invocation. @ http://localhost:3000/_next/static/chunks/node_modules_next_dist_compiled_react-dom_1e674e59._.js:2325
[  508284ms] [ERROR] Unable to preventDefault inside passive event listener invocation. @ http://localhost:3000/_next/static/chunks/node_modules_next_dist_compiled_react-dom_1e674e59._.js:2325
[  508525ms] [ERROR] Unable to preventDefault inside passive event listener invocation. @ http://localhost:3000/_next/static/chunks/node_modules_next_dist_compiled_react-dom_1e674e59._.js:2325
[  508531ms] [ERROR] Unable to preventDefault inside passive event listener invocation. @ http://localhost:3000/_next/static/chunks/node_modules_next_dist_compiled_react-dom_1e674e59._.js:2325
[  508545ms] [ERROR] Unable to preventDefault inside passive event listener invocation. @ http://localhost:3000/_next/static/chunks/node_modules_next_dist_compiled_react-dom_1e674e59._.js:2325
[  508566ms] [ERROR] Unable to preventDefault inside passive event listener invocation. @ http://localhost:3000/_next/static/chunks/node_modules_next_dist_compiled_react-dom_1e674e59._.js:2325
[  508660ms] [LOG] [DB] Saved 52 digit results @ http://localhost:3000/_next/static/chunks/node_modules_next_dist_f3530cac._.js:2297
[  508660ms] [LOG] [AutoSave] Save completed successfully @ http://localhost:3000/_next/static/chunks/node_modules_next_dist_f3530cac._.js:2297
[  508881ms] [ERROR] Unable to preventDefault inside passive event listener invocation. @ http://localhost:3000/_next/static/chunks/node_modules_next_dist_compiled_react-dom_1e674e59._.js:2325
[  508899ms] [ERROR] Unable to preventDefault inside passive event listener invocation. @ http://localhost:3000/_next/static/chunks/node_modules_next_dist_compiled_react-dom_1e674e59._.js:2325
[  508913ms] [ERROR] Unable to preventDefault inside passive event listener invocation. @ http://localhost:3000/_next/static/chunks/node_modules_next_dist_compiled_react-dom_1e674e59._.js:2325
[  508927ms] [ERROR] Unable to preventDefault inside passive event listener invocation. @ http://localhost:3000/_next/static/chunks/node_modules_next_dist_compiled_react-dom_1e674e59._.js:2325
[  508948ms] [ERROR] Unable to preventDefault inside passive event listener invocation. @ http://localhost:3000/_next/static/chunks/node_modules_next_dist_compiled_react-dom_1e674e59._.js:2325
[  509002ms] [LOG] [Fast Refresh] rebuilding @ http://localhost:3000/_next/static/chunks/node_modules_next_dist_f3530cac._.js:2297
[  509003ms] [LOG] [Fast Refresh] done in 107ms @ http://localhost:3000/_next/static/chunks/node_modules_next_dist_f3530cac._.js:2297
[  509217ms] [ERROR] Unable to preventDefault inside passive event listener invocation. @ http://localhost:3000/_next/static/chunks/node_modules_next_dist_compiled_react-dom_1e674e59._.js:2325
[  509237ms] [ERROR] Unable to preventDefault inside passive event listener invocation. @ http://localhost:3000/_next/static/chunks/node_modules_next_dist_compiled_react-dom_1e674e59._.js:2325
[  509254ms] [ERROR] Unable to preventDefault inside passive event listener invocation. @ http://localhost:3000/_next/static/chunks/node_modules_next_dist_compiled_react-dom_1e674e59._.js:2325
[  509277ms] [ERROR] Unable to preventDefault inside passive event listener invocation. @ http://localhost:3000/_next/static/chunks/node_modules_next_dist_compiled_react-dom_1e674e59._.js:2325
[  509331ms] [LOG] [Fast Refresh] rebuilding @ http://localhost:3000/_next/static/chunks/node_modules_next_dist_f3530cac._.js:2297
[  509332ms] [LOG] [Fast Refresh] done in 109ms @ http://localhost:3000/_next/static/chunks/node_modules_next_dist_f3530cac._.js:2297
[  509509ms] [ERROR] Unable to preventDefault inside passive event listener invocation. @ http://localhost:3000/_next/static/chunks/node_modules_next_dist_compiled_react-dom_1e674e59._.js:2325
[  509531ms] [ERROR] Unable to preventDefault inside passive event listener invocation. @ http://localhost:3000/_next/static/chunks/node_modules_next_dist_compiled_react-dom_1e674e59._.js:2325
[  509552ms] [ERROR] Unable to preventDefault inside passive event listener invocation. @ http://localhost:3000/_next/static/chunks/node_modules_next_dist_compiled_react-dom_1e674e59._.js:2325
[  511255ms] [LOG] [DB] Saved 52 digit results @ http://localhost:3000/_next/static/chunks/node_modules_next_dist_f3530cac._.js:2297
[  511255ms] [LOG] [AutoSave] Save completed successfully @ http://localhost:3000/_next/static/chunks/node_modules_next_dist_f3530cac._.js:2297
[  511291ms] [ERROR] Unable to preventDefault inside passive event listener invocation. @ http://localhost:3000/_next/static/chunks/node_modules_next_dist_compiled_react-dom_1e674e59._.js:2325
[  511292ms] [ERROR] Unable to preventDefault inside passive event listener invocation. @ http://localhost:3000/_next/static/chunks/node_modules_next_dist_compiled_react-dom_1e674e59._.js:2325
[  511302ms] [ERROR] Unable to preventDefault inside passive event listener invocation. @ http://localhost:3000/_next/static/chunks/node_modules_next_dist_compiled_react-dom_1e674e59._.js:2325
[  511493ms] [ERROR] Unable to preventDefault inside passive event listener invocation. @ http://localhost:3000/_next/static/chunks/node_modules_next_dist_compiled_react-dom_1e674e59._.js:2325
[  511518ms] [ERROR] Unable to preventDefault inside passive event listener invocation. @ http://localhost:3000/_next/static/chunks/node_modules_next_dist_compiled_react-dom_1e674e59._.js:2325
[  511532ms] [ERROR] Unable to preventDefault inside passive event listener invocation. @ http://localhost:3000/_next/static/chunks/node_modules_next_dist_compiled_react-dom_1e674e59._.js:2325
[  511553ms] [ERROR] Unable to preventDefault inside passive event listener invocation. @ http://localhost:3000/_next/static/chunks/node_modules_next_dist_compiled_react-dom_1e674e59._.js:2325
[  511610ms] [LOG] [Fast Refresh] rebuilding @ http://localhost:3000/_next/static/chunks/node_modules_next_dist_f3530cac._.js:2297
[  511611ms] [LOG] [Fast Refresh] done in 109ms @ http://localhost:3000/_next/static/chunks/node_modules_next_dist_f3530cac._.js:2297
[  511726ms] [ERROR] Unable to preventDefault inside passive event listener invocation. @ http://localhost:3000/_next/static/chunks/node_modules_next_dist_compiled_react-dom_1e674e59._.js:2325
[  511746ms] [ERROR] Unable to preventDefault inside passive event listener invocation. @ http://localhost:3000/_next/static/chunks/node_modules_next_dist_compiled_react-dom_1e674e59._.js:2325
[  511760ms] [ERROR] Unable to preventDefault inside passive event listener invocation. @ http://localhost:3000/_next/static/chunks/node_modules_next_dist_compiled_react-dom_1e674e59._.js:2325
[  511777ms] [ERROR] Unable to preventDefault inside passive event listener invocation. @ http://localhost:3000/_next/static/chunks/node_modules_next_dist_compiled_react-dom_1e674e59._.js:2325
[  513871ms] [LOG] [DB] Saved 52 digit results @ http://localhost:3000/_next/static/chunks/node_modules_next_dist_f3530cac._.js:2297
[  513871ms] [LOG] [AutoSave] Save completed successfully @ http://localhost:3000/_next/static/chunks/node_modules_next_dist_f3530cac._.js:2297
[  516496ms] [LOG] [DB] Saved 52 digit results @ http://localhost:3000/_next/static/chunks/node_modules_next_dist_f3530cac._.js:2297
[  516496ms] [LOG] [AutoSave] Save completed successfully @ http://localhost:3000/_next/static/chunks/node_modules_next_dist_f3530cac._.js:2297
[  519142ms] [LOG] [DB] Saved 52 digit results @ http://localhost:3000/_next/static/chunks/node_modules_next_dist_f3530cac._.js:2297
[  519143ms] [LOG] [AutoSave] Save completed successfully @ http://localhost:3000/_next/static/chunks/node_modules_next_dist_f3530cac._.js:2297
[  521754ms] [LOG] [DB] Saved 52 digit results @ http://localhost:3000/_next/static/chunks/node_modules_next_dist_f3530cac._.js:2297
[  521754ms] [LOG] [AutoSave] Save completed successfully @ http://localhost:3000/_next/static/chunks/node_modules_next_dist_f3530cac._.js:2297
[  524386ms] [LOG] [DB] Saved 52 digit results @ http://localhost:3000/_next/static/chunks/node_modules_next_dist_f3530cac._.js:2297
[  524386ms] [LOG] [AutoSave] Save completed successfully @ http://localhost:3000/_next/static/chunks/node_modules_next_dist_f3530cac._.js:2297
[  527031ms] [LOG] [DB] Saved 52 digit results @ http://localhost:3000/_next/static/chunks/node_modules_next_dist_f3530cac._.js:2297
[  527031ms] [LOG] [AutoSave] Save completed successfully @ http://localhost:3000/_next/static/chunks/node_modules_next_dist_f3530cac._.js:2297
[  529689ms] [LOG] [DB] Saved 52 digit results @ http://localhost:3000/_next/static/chunks/node_modules_next_dist_f3530cac._.js:2297
[  529689ms] [LOG] [AutoSave] Save completed successfully @ http://localhost:3000/_next/static/chunks/node_modules_next_dist_f3530cac._.js:2297
[  532342ms] [LOG] [DB] Saved 52 digit results @ http://localhost:3000/_next/static/chunks/node_modules_next_dist_f3530cac._.js:2297
[  532342ms] [LOG] [AutoSave] Save completed successfully @ http://localhost:3000/_next/static/chunks/node_modules_next_dist_f3530cac._.js:2297
[  534965ms] [LOG] [DB] Saved 52 digit results @ http://localhost:3000/_next/static/chunks/node_modules_next_dist_f3530cac._.js:2297
[  534965ms] [LOG] [AutoSave] Save completed successfully @ http://localhost:3000/_next/static/chunks/node_modules_next_dist_f3530cac._.js:2297
[  537597ms] [LOG] [DB] Saved 52 digit results @ http://localhost:3000/_next/static/chunks/node_modules_next_dist_f3530cac._.js:2297
[  537597ms] [LOG] [AutoSave] Save completed successfully @ http://localhost:3000/_next/static/chunks/node_modules_next_dist_f3530cac._.js:2297
[  540228ms] [LOG] [DB] Saved 52 digit results @ http://localhost:3000/_next/static/chunks/node_modules_next_dist_f3530cac._.js:2297
[  540228ms] [LOG] [AutoSave] Save completed successfully @ http://localhost:3000/_next/static/chunks/node_modules_next_dist_f3530cac._.js:2297
[  542864ms] [LOG] [DB] Saved 52 digit results @ http://localhost:3000/_next/static/chunks/node_modules_next_dist_f3530cac._.js:2297
[  542864ms] [LOG] [AutoSave] Save completed successfully @ http://localhost:3000/_next/static/chunks/node_modules_next_dist_f3530cac._.js:2297
[  545505ms] [LOG] [DB] Saved 52 digit results @ http://localhost:3000/_next/static/chunks/node_modules_next_dist_f3530cac._.js:2297
[  545505ms] [LOG] [AutoSave] Save completed successfully @ http://localhost:3000/_next/static/chunks/node_modules_next_dist_f3530cac._.js:2297
[  548182ms] [LOG] [DB] Saved 52 digit results @ http://localhost:3000/_next/static/chunks/node_modules_next_dist_f3530cac._.js:2297
[  548182ms] [LOG] [AutoSave] Save completed successfully @ http://localhost:3000/_next/static/chunks/node_modules_next_dist_f3530cac._.js:2297
[  550850ms] [LOG] [DB] Saved 52 digit results @ http://localhost:3000/_next/static/chunks/node_modules_next_dist_f3530cac._.js:2297
[  550851ms] [LOG] [AutoSave] Save completed successfully @ http://localhost:3000/_next/static/chunks/node_modules_next_dist_f3530cac._.js:2297
[  553487ms] [LOG] [DB] Saved 52 digit results @ http://localhost:3000/_next/static/chunks/node_modules_next_dist_f3530cac._.js:2297
[  553487ms] [LOG] [AutoSave] Save completed successfully @ http://localhost:3000/_next/static/chunks/node_modules_next_dist_f3530cac._.js:2297
[  556154ms] [LOG] [DB] Saved 52 digit results @ http://localhost:3000/_next/static/chunks/node_modules_next_dist_f3530cac._.js:2297
[  556154ms] [LOG] [AutoSave] Save completed successfully @ http://localhost:3000/_next/static/chunks/node_modules_next_dist_f3530cac._.js:2297
[  558770ms] [LOG] [DB] Saved 52 digit results @ http://localhost:3000/_next/static/chunks/node_modules_next_dist_f3530cac._.js:2297
[  558770ms] [LOG] [AutoSave] Save completed successfully @ http://localhost:3000/_next/static/chunks/node_modules_next_dist_f3530cac._.js:2297
[  561386ms] [LOG] [DB] Saved 52 digit results @ http://localhost:3000/_next/static/chunks/node_modules_next_dist_f3530cac._.js:2297
[  561386ms] [LOG] [AutoSave] Save completed successfully @ http://localhost:3000/_next/static/chunks/node_modules_next_dist_f3530cac._.js:2297
[  564000ms] [LOG] [DB] Saved 52 digit results @ http://localhost:3000/_next/static/chunks/node_modules_next_dist_f3530cac._.js:2297
[  564000ms] [LOG] [AutoSave] Save completed successfully @ http://localhost:3000/_next/static/chunks/node_modules_next_dist_f3530cac._.js:2297
[  566627ms] [LOG] [DB] Saved 52 digit results @ http://localhost:3000/_next/static/chunks/node_modules_next_dist_f3530cac._.js:2297
[  566628ms] [LOG] [AutoSave] Save completed successfully @ http://localhost:3000/_next/static/chunks/node_modules_next_dist_f3530cac._.js:2297
[  569239ms] [LOG] [DB] Saved 52 digit results @ http://localhost:3000/_next/static/chunks/node_modules_next_dist_f3530cac._.js:2297
[  569240ms] [LOG] [AutoSave] Save completed successfully @ http://localhost:3000/_next/static/chunks/node_modules_next_dist_f3530cac._.js:2297
[  570266ms] [ERROR] Unable to preventDefault inside passive event listener invocation. @ http://localhost:3000/_next/static/chunks/node_modules_next_dist_compiled_react-dom_1e674e59._.js:2325
[  570288ms] [ERROR] Unable to preventDefault inside passive event listener invocation. @ http://localhost:3000/_next/static/chunks/node_modules_next_dist_compiled_react-dom_1e674e59._.js:2325
[  570308ms] [ERROR] Unable to preventDefault inside passive event listener invocation. @ http://localhost:3000/_next/static/chunks/node_modules_next_dist_compiled_react-dom_1e674e59._.js:2325
[  570335ms] [ERROR] Unable to preventDefault inside passive event listener invocation. @ http://localhost:3000/_next/static/chunks/node_modules_next_dist_compiled_react-dom_1e674e59._.js:2325
[  570547ms] [ERROR] Unable to preventDefault inside passive event listener invocation. @ http://localhost:3000/_next/static/chunks/node_modules_next_dist_compiled_react-dom_1e674e59._.js:2325
[  570583ms] [ERROR] Unable to preventDefault inside passive event listener invocation. @ http://localhost:3000/_next/static/chunks/node_modules_next_dist_compiled_react-dom_1e674e59._.js:2325
[  570838ms] [ERROR] Unable to preventDefault inside passive event listener invocation. @ http://localhost:3000/_next/static/chunks/node_modules_next_dist_compiled_react-dom_1e674e59._.js:2325
[  570859ms] [ERROR] Unable to preventDefault inside passive event listener invocation. @ http://localhost:3000/_next/static/chunks/node_modules_next_dist_compiled_react-dom_1e674e59._.js:2325
[  570877ms] [ERROR] Unable to preventDefault inside passive event listener invocation. @ http://localhost:3000/_next/static/chunks/node_modules_next_dist_compiled_react-dom_1e674e59._.js:2325
[  571869ms] [LOG] [DB] Saved 52 digit results @ http://localhost:3000/_next/static/chunks/node_modules_next_dist_f3530cac._.js:2297
[  571869ms] [LOG] [AutoSave] Save completed successfully @ http://localhost:3000/_next/static/chunks/node_modules_next_dist_f3530cac._.js:2297
[  572440ms] [ERROR] Unable to preventDefault inside passive event listener invocation. @ http://localhost:3000/_next/static/chunks/node_modules_next_dist_compiled_react-dom_1e674e59._.js:2325
[  572467ms] [ERROR] Unable to preventDefault inside passive event listener invocation. @ http://localhost:3000/_next/static/chunks/node_modules_next_dist_compiled_react-dom_1e674e59._.js:2325
[  572488ms] [ERROR] Unable to preventDefault inside passive event listener invocation. @ http://localhost:3000/_next/static/chunks/node_modules_next_dist_compiled_react-dom_1e674e59._.js:2325
[  572700ms] [ERROR] Unable to preventDefault inside passive event listener invocation. @ http://localhost:3000/_next/static/chunks/node_modules_next_dist_compiled_react-dom_1e674e59._.js:2325
[  572724ms] [ERROR] Unable to preventDefault inside passive event listener invocation. @ http://localhost:3000/_next/static/chunks/node_modules_next_dist_compiled_react-dom_1e674e59._.js:2325
[  572739ms] [ERROR] Unable to preventDefault inside passive event listener invocation. @ http://localhost:3000/_next/static/chunks/node_modules_next_dist_compiled_react-dom_1e674e59._.js:2325
[  572779ms] [ERROR] Unable to preventDefault inside passive event listener invocation. @ http://localhost:3000/_next/static/chunks/node_modules_next_dist_compiled_react-dom_1e674e59._.js:2325
[  573509ms] [ERROR] Unable to preventDefault inside passive event listener invocation. @ http://localhost:3000/_next/static/chunks/node_modules_next_dist_compiled_react-dom_1e674e59._.js:2325
[  573530ms] [ERROR] Unable to preventDefault inside passive event listener invocation. @ http://localhost:3000/_next/static/chunks/node_modules_next_dist_compiled_react-dom_1e674e59._.js:2325
[  573537ms] [ERROR] Unable to preventDefault inside passive event listener invocation. @ http://localhost:3000/_next/static/chunks/node_modules_next_dist_compiled_react-dom_1e674e59._.js:2325
[  573566ms] [ERROR] Unable to preventDefault inside passive event listener invocation. @ http://localhost:3000/_next/static/chunks/node_modules_next_dist_compiled_react-dom_1e674e59._.js:2325
[  573625ms] [LOG] [Fast Refresh] rebuilding @ http://localhost:3000/_next/static/chunks/node_modules_next_dist_f3530cac._.js:2297
[  573626ms] [LOG] [Fast Refresh] done in 108ms @ http://localhost:3000/_next/static/chunks/node_modules_next_dist_f3530cac._.js:2297
[  573745ms] [ERROR] Unable to preventDefault inside passive event listener invocation. @ http://localhost:3000/_next/static/chunks/node_modules_next_dist_compiled_react-dom_1e674e59._.js:2325
[  573766ms] [ERROR] Unable to preventDefault inside passive event listener invocation. @ http://localhost:3000/_next/static/chunks/node_modules_next_dist_compiled_react-dom_1e674e59._.js:2325
[  573780ms] [ERROR] Unable to preventDefault inside passive event listener invocation. @ http://localhost:3000/_next/static/chunks/node_modules_next_dist_compiled_react-dom_1e674e59._.js:2325
[  573794ms] [ERROR] Unable to preventDefault inside passive event listener invocation. @ http://localhost:3000/_next/static/chunks/node_modules_next_dist_compiled_react-dom_1e674e59._.js:2325
[  574515ms] [LOG] [DB] Saved 52 digit results @ http://localhost:3000/_next/static/chunks/node_modules_next_dist_f3530cac._.js:2297
[  574515ms] [LOG] [AutoSave] Save completed successfully @ http://localhost:3000/_next/static/chunks/node_modules_next_dist_f3530cac._.js:2297
[  575121ms] [INFO] %cDownload the React DevTools for a better development experience: https://react.dev/link/react-devtools font-weight:bold @ http://localhost:3000/_next/static/chunks/node_modules_next_dist_f3530cac._.js:2297
[  575153ms] [LOG] [HMR] connected @ http://localhost:3000/_next/static/chunks/node_modules_next_dist_f3530cac._.js:2297
[  576259ms] [ERROR] Failed to load resource: the server responded with a status of 406 () @ https://epjfulzqbvpvnxakgany.supabase.co/rest/v1/session_config?select=*&session_id=eq.7166062a-496e-4294-99e5-9c4eee65dd26:0
[  576263ms] [ERROR] Failed to load resource: the server responded with a status of 406 () @ https://epjfulzqbvpvnxakgany.supabase.co/rest/v1/boundaries?select=id&session_id=eq.7166062a-496e-4294-99e5-9c4eee65dd26:0
[  589161ms] [LOG] [PoleLayout mount] cachedData: poleDone=false tags=0 @ http://localhost:3000/_next/static/chunks/node_modules_next_dist_f3530cac._.js:2297
[  589186ms] [LOG] [PoleLayout mount] cachedData: poleDone=false tags=0 @ http://localhost:3000/_next/static/chunks/node_modules_next_dist_f3530cac._.js:2297
[  589637ms] [WARNING] [sync] matched 0 spans, unmatched 30 {unmatchedKeys: Array(30), unmatchedPoles: Array(32), localSpanKeys: Array(0), localPoleIndices: Array(0)} @ http://localhost:3000/_next/static/chunks/node_modules_next_dist_f3530cac._.js:2297
[  589960ms] [ERROR] Unable to preventDefault inside passive event listener invocation. @ http://localhost:3000/_next/static/chunks/node_modules_next_dist_compiled_react-dom_1e674e59._.js:2325
[  589988ms] [ERROR] Unable to preventDefault inside passive event listener invocation. @ http://localhost:3000/_next/static/chunks/node_modules_next_dist_compiled_react-dom_1e674e59._.js:2325
[  590021ms] [WARNING] [sync] matched 0 spans, unmatched 30 {unmatchedKeys: Array(30), unmatchedPoles: Array(32), localSpanKeys: Array(0), localPoleIndices: Array(0)} @ http://localhost:3000/_next/static/chunks/node_modules_next_dist_f3530cac._.js:2297
[  590031ms] [ERROR] Unable to preventDefault inside passive event listener invocation. @ http://localhost:3000/_next/static/chunks/node_modules_next_dist_compiled_react-dom_1e674e59._.js:2325
[  590078ms] [LOG] [Fast Refresh] rebuilding @ http://localhost:3000/_next/static/chunks/node_modules_next_dist_f3530cac._.js:2297
[  590082ms] [LOG] [Fast Refresh] done in 108ms @ http://localhost:3000/_next/static/chunks/node_modules_next_dist_f3530cac._.js:2297
[  591397ms] [ERROR] Unable to preventDefault inside passive event listener invocation. @ http://localhost:3000/_next/static/chunks/node_modules_next_dist_compiled_react-dom_1e674e59._.js:2325
[  591425ms] [ERROR] Unable to preventDefault inside passive event listener invocation. @ http://localhost:3000/_next/static/chunks/node_modules_next_dist_compiled_react-dom_1e674e59._.js:2325
[  591460ms] [ERROR] Unable to preventDefault inside passive event listener invocation. @ http://localhost:3000/_next/static/chunks/node_modules_next_dist_compiled_react-dom_1e674e59._.js:2325
[  591687ms] [ERROR] Unable to preventDefault inside passive event listener invocation. @ http://localhost:3000/_next/static/chunks/node_modules_next_dist_compiled_react-dom_1e674e59._.js:2325
[  591714ms] [ERROR] Unable to preventDefault inside passive event listener invocation. @ http://localhost:3000/_next/static/chunks/node_modules_next_dist_compiled_react-dom_1e674e59._.js:2325
[  591737ms] [ERROR] Unable to preventDefault inside passive event listener invocation. @ http://localhost:3000/_next/static/chunks/node_modules_next_dist_compiled_react-dom_1e674e59._.js:2325
[  591918ms] [ERROR] Unable to preventDefault inside passive event listener invocation. @ http://localhost:3000/_next/static/chunks/node_modules_next_dist_compiled_react-dom_1e674e59._.js:2325
[  591946ms] [ERROR] Unable to preventDefault inside passive event listener invocation. @ http://localhost:3000/_next/static/chunks/node_modules_next_dist_compiled_react-dom_1e674e59._.js:2325
[  591960ms] [ERROR] Unable to preventDefault inside passive event listener invocation. @ http://localhost:3000/_next/static/chunks/node_modules_next_dist_compiled_react-dom_1e674e59._.js:2325
[  591981ms] [ERROR] Unable to preventDefault inside passive event listener invocation. @ http://localhost:3000/_next/static/chunks/node_modules_next_dist_compiled_react-dom_1e674e59._.js:2325
[  591989ms] [LOG] [DB] Saved 52 digit results @ http://localhost:3000/_next/static/chunks/node_modules_next_dist_f3530cac._.js:2297
[  591989ms] [LOG] [AutoSave] Save completed successfully @ http://localhost:3000/_next/static/chunks/node_modules_next_dist_f3530cac._.js:2297
[  592169ms] [ERROR] Unable to preventDefault inside passive event listener invocation. @ http://localhost:3000/_next/static/chunks/node_modules_next_dist_compiled_react-dom_1e674e59._.js:2325
[  592190ms] [ERROR] Unable to preventDefault inside passive event listener invocation. @ http://localhost:3000/_next/static/chunks/node_modules_next_dist_compiled_react-dom_1e674e59._.js:2325
[  592210ms] [ERROR] Unable to preventDefault inside passive event listener invocation. @ http://localhost:3000/_next/static/chunks/node_modules_next_dist_compiled_react-dom_1e674e59._.js:2325
[  592251ms] [ERROR] Unable to preventDefault inside passive event listener invocation. @ http://localhost:3000/_next/static/chunks/node_modules_next_dist_compiled_react-dom_1e674e59._.js:2325
[  592288ms] [LOG] [Fast Refresh] rebuilding @ http://localhost:3000/_next/static/chunks/node_modules_next_dist_f3530cac._.js:2297
[  592304ms] [LOG] [Fast Refresh] done in 123ms @ http://localhost:3000/_next/static/chunks/node_modules_next_dist_f3530cac._.js:2297
[  592436ms] [ERROR] Unable to preventDefault inside passive event listener invocation. @ http://localhost:3000/_next/static/chunks/node_modules_next_dist_compiled_react-dom_1e674e59._.js:2325
[  592453ms] [ERROR] Unable to preventDefault inside passive event listener invocation. @ http://localhost:3000/_next/static/chunks/node_modules_next_dist_compiled_react-dom_1e674e59._.js:2325
[  592474ms] [ERROR] Unable to preventDefault inside passive event listener invocation. @ http://localhost:3000/_next/static/chunks/node_modules_next_dist_compiled_react-dom_1e674e59._.js:2325
[  592517ms] [ERROR] Unable to preventDefault inside passive event listener invocation. @ http://localhost:3000/_next/static/chunks/node_modules_next_dist_compiled_react-dom_1e674e59._.js:2325
[  592551ms] [LOG] [Fast Refresh] rebuilding @ http://localhost:3000/_next/static/chunks/node_modules_next_dist_f3530cac._.js:2297
[  592567ms] [LOG] [Fast Refresh] done in 122ms @ http://localhost:3000/_next/static/chunks/node_modules_next_dist_f3530cac._.js:2297
[  593190ms] [ERROR] Unable to preventDefault inside passive event listener invocation. @ http://localhost:3000/_next/static/chunks/node_modules_next_dist_compiled_react-dom_1e674e59._.js:2325
[  593210ms] [ERROR] Unable to preventDefault inside passive event listener invocation. @ http://localhost:3000/_next/static/chunks/node_modules_next_dist_compiled_react-dom_1e674e59._.js:2325
[  593224ms] [ERROR] Unable to preventDefault inside passive event listener invocation. @ http://localhost:3000/_next/static/chunks/node_modules_next_dist_compiled_react-dom_1e674e59._.js:2325
[  593244ms] [ERROR] Unable to preventDefault inside passive event listener invocation. @ http://localhost:3000/_next/static/chunks/node_modules_next_dist_compiled_react-dom_1e674e59._.js:2325
[  593520ms] [ERROR] Unable to preventDefault inside passive event listener invocation. @ http://localhost:3000/_next/static/chunks/node_modules_next_dist_compiled_react-dom_1e674e59._.js:2325
[  593536ms] [ERROR] Unable to preventDefault inside passive event listener invocation. @ http://localhost:3000/_next/static/chunks/node_modules_next_dist_compiled_react-dom_1e674e59._.js:2325
[  593550ms] [ERROR] Unable to preventDefault inside passive event listener invocation. @ http://localhost:3000/_next/static/chunks/node_modules_next_dist_compiled_react-dom_1e674e59._.js:2325
[  593564ms] [ERROR] Unable to preventDefault inside passive event listener invocation. @ http://localhost:3000/_next/static/chunks/node_modules_next_dist_compiled_react-dom_1e674e59._.js:2325
[  594041ms] [LOG] [cache-update] sid= 7166062a-496e-4294-99e5-9c4eee65dd26 poleTags= 34 shapes= 0 @ http://localhost:3000/_next/static/chunks/node_modules_next_dist_f3530cac._.js:2297
[  594572ms] [LOG] [DB] Saved 52 digit results @ http://localhost:3000/_next/static/chunks/node_modules_next_dist_f3530cac._.js:2297
[  594572ms] [LOG] [AutoSave] Save completed successfully @ http://localhost:3000/_next/static/chunks/node_modules_next_dist_f3530cac._.js:2297
[  594594ms] [LOG] [DB] Saved 34 poles @ http://localhost:3000/_next/static/chunks/node_modules_next_dist_f3530cac._.js:2297
[  597704ms] [LOG] [DB] Saved 52 digit results @ http://localhost:3000/_next/static/chunks/node_modules_next_dist_f3530cac._.js:2297
[  597704ms] [LOG] [AutoSave] Save completed successfully @ http://localhost:3000/_next/static/chunks/node_modules_next_dist_f3530cac._.js:2297
[  597876ms] [LOG] [cache-update] sid= 7166062a-496e-4294-99e5-9c4eee65dd26 poleTags= 34 shapes= 0 @ http://localhost:3000/_next/static/chunks/node_modules_next_dist_f3530cac._.js:2297
[  598301ms] [INFO] [sync] matched 30 spans @ http://localhost:3000/_next/static/chunks/node_modules_next_dist_f3530cac._.js:2297
[  598465ms] [LOG] [DB] Saved 34 poles @ http://localhost:3000/_next/static/chunks/node_modules_next_dist_f3530cac._.js:2297
[  599029ms] [ERROR] Unable to preventDefault inside passive event listener invocation. @ http://localhost:3000/_next/static/chunks/node_modules_next_dist_compiled_react-dom_1e674e59._.js:2325
[  599057ms] [ERROR] Unable to preventDefault inside passive event listener invocation. @ http://localhost:3000/_next/static/chunks/node_modules_next_dist_compiled_react-dom_1e674e59._.js:2325
[  599085ms] [ERROR] Unable to preventDefault inside passive event listener invocation. @ http://localhost:3000/_next/static/chunks/node_modules_next_dist_compiled_react-dom_1e674e59._.js:2325
[  599141ms] [LOG] [Fast Refresh] rebuilding @ http://localhost:3000/_next/static/chunks/node_modules_next_dist_f3530cac._.js:2297
[  599147ms] [LOG] [Fast Refresh] done in 106ms @ http://localhost:3000/_next/static/chunks/node_modules_next_dist_f3530cac._.js:2297
[  601125ms] [LOG] [DB] Saved 52 digit results @ http://localhost:3000/_next/static/chunks/node_modules_next_dist_f3530cac._.js:2297
[  601126ms] [LOG] [AutoSave] Save completed successfully @ http://localhost:3000/_next/static/chunks/node_modules_next_dist_f3530cac._.js:2297
[  601509ms] [ERROR] Unable to preventDefault inside passive event listener invocation. @ http://localhost:3000/_next/static/chunks/node_modules_next_dist_compiled_react-dom_1e674e59._.js:2325
[  601521ms] [ERROR] Unable to preventDefault inside passive event listener invocation. @ http://localhost:3000/_next/static/chunks/node_modules_next_dist_compiled_react-dom_1e674e59._.js:2325
[  601551ms] [ERROR] Unable to preventDefault inside passive event listener invocation. @ http://localhost:3000/_next/static/chunks/node_modules_next_dist_compiled_react-dom_1e674e59._.js:2325
[  601728ms] [ERROR] Unable to preventDefault inside passive event listener invocation. @ http://localhost:3000/_next/static/chunks/node_modules_next_dist_compiled_react-dom_1e674e59._.js:2325
[  601758ms] [ERROR] Unable to preventDefault inside passive event listener invocation. @ http://localhost:3000/_next/static/chunks/node_modules_next_dist_compiled_react-dom_1e674e59._.js:2325
[  601786ms] [ERROR] Unable to preventDefault inside passive event listener invocation. @ http://localhost:3000/_next/static/chunks/node_modules_next_dist_compiled_react-dom_1e674e59._.js:2325
[  603754ms] [LOG] [DB] Saved 52 digit results @ http://localhost:3000/_next/static/chunks/node_modules_next_dist_f3530cac._.js:2297
[  603754ms] [LOG] [AutoSave] Save completed successfully @ http://localhost:3000/_next/static/chunks/node_modules_next_dist_f3530cac._.js:2297
[  606390ms] [LOG] [DB] Saved 52 digit results @ http://localhost:3000/_next/static/chunks/node_modules_next_dist_f3530cac._.js:2297
[  606390ms] [LOG] [AutoSave] Save completed successfully @ http://localhost:3000/_next/static/chunks/node_modules_next_dist_f3530cac._.js:2297
[  608965ms] [LOG] [DB] Saved 52 digit results @ http://localhost:3000/_next/static/chunks/node_modules_next_dist_f3530cac._.js:2297
[  608965ms] [LOG] [AutoSave] Save completed successfully @ http://localhost:3000/_next/static/chunks/node_modules_next_dist_f3530cac._.js:2297
[  611554ms] [LOG] [DB] Saved 52 digit results @ http://localhost:3000/_next/static/chunks/node_modules_next_dist_f3530cac._.js:2297
[  611554ms] [LOG] [AutoSave] Save completed successfully @ http://localhost:3000/_next/static/chunks/node_modules_next_dist_f3530cac._.js:2297
[  614162ms] [LOG] [DB] Saved 52 digit results @ http://localhost:3000/_next/static/chunks/node_modules_next_dist_f3530cac._.js:2297
[  614162ms] [LOG] [AutoSave] Save completed successfully @ http://localhost:3000/_next/static/chunks/node_modules_next_dist_f3530cac._.js:2297
[  616770ms] [LOG] [DB] Saved 52 digit results @ http://localhost:3000/_next/static/chunks/node_modules_next_dist_f3530cac._.js:2297
[  616770ms] [LOG] [AutoSave] Save completed successfully @ http://localhost:3000/_next/static/chunks/node_modules_next_dist_f3530cac._.js:2297
[  619383ms] [LOG] [DB] Saved 52 digit results @ http://localhost:3000/_next/static/chunks/node_modules_next_dist_f3530cac._.js:2297
[  619383ms] [LOG] [AutoSave] Save completed successfully @ http://localhost:3000/_next/static/chunks/node_modules_next_dist_f3530cac._.js:2297
[  621979ms] [LOG] [DB] Saved 52 digit results @ http://localhost:3000/_next/static/chunks/node_modules_next_dist_f3530cac._.js:2297
[  621979ms] [LOG] [AutoSave] Save completed successfully @ http://localhost:3000/_next/static/chunks/node_modules_next_dist_f3530cac._.js:2297
[  624588ms] [LOG] [DB] Saved 52 digit results @ http://localhost:3000/_next/static/chunks/node_modules_next_dist_f3530cac._.js:2297
[  624588ms] [LOG] [AutoSave] Save completed successfully @ http://localhost:3000/_next/static/chunks/node_modules_next_dist_f3530cac._.js:2297
[  627188ms] [LOG] [DB] Saved 52 digit results @ http://localhost:3000/_next/static/chunks/node_modules_next_dist_f3530cac._.js:2297
[  627188ms] [LOG] [AutoSave] Save completed successfully @ http://localhost:3000/_next/static/chunks/node_modules_next_dist_f3530cac._.js:2297
[  629839ms] [LOG] [DB] Saved 52 digit results @ http://localhost:3000/_next/static/chunks/node_modules_next_dist_f3530cac._.js:2297
[  629839ms] [LOG] [AutoSave] Save completed successfully @ http://localhost:3000/_next/static/chunks/node_modules_next_dist_f3530cac._.js:2297
[  632425ms] [LOG] [DB] Saved 52 digit results @ http://localhost:3000/_next/static/chunks/node_modules_next_dist_f3530cac._.js:2297
[  632425ms] [LOG] [AutoSave] Save completed successfully @ http://localhost:3000/_next/static/chunks/node_modules_next_dist_f3530cac._.js:2297
[  635104ms] [LOG] [DB] Saved 52 digit results @ http://localhost:3000/_next/static/chunks/node_modules_next_dist_f3530cac._.js:2297
[  635104ms] [LOG] [AutoSave] Save completed successfully @ http://localhost:3000/_next/static/chunks/node_modules_next_dist_f3530cac._.js:2297
[  637762ms] [LOG] [DB] Saved 52 digit results @ http://localhost:3000/_next/static/chunks/node_modules_next_dist_f3530cac._.js:2297
[  637762ms] [LOG] [AutoSave] Save completed successfully @ http://localhost:3000/_next/static/chunks/node_modules_next_dist_f3530cac._.js:2297
[  640448ms] [LOG] [DB] Saved 52 digit results @ http://localhost:3000/_next/static/chunks/node_modules_next_dist_f3530cac._.js:2297
[  640448ms] [LOG] [AutoSave] Save completed successfully @ http://localhost:3000/_next/static/chunks/node_modules_next_dist_f3530cac._.js:2297
[  643136ms] [LOG] [DB] Saved 52 digit results @ http://localhost:3000/_next/static/chunks/node_modules_next_dist_f3530cac._.js:2297
[  643136ms] [LOG] [AutoSave] Save completed successfully @ http://localhost:3000/_next/static/chunks/node_modules_next_dist_f3530cac._.js:2297
[  645776ms] [LOG] [DB] Saved 52 digit results @ http://localhost:3000/_next/static/chunks/node_modules_next_dist_f3530cac._.js:2297
[  645776ms] [LOG] [AutoSave] Save completed successfully @ http://localhost:3000/_next/static/chunks/node_modules_next_dist_f3530cac._.js:2297
[  648364ms] [LOG] [DB] Saved 52 digit results @ http://localhost:3000/_next/static/chunks/node_modules_next_dist_f3530cac._.js:2297
[  648364ms] [LOG] [AutoSave] Save completed successfully @ http://localhost:3000/_next/static/chunks/node_modules_next_dist_f3530cac._.js:2297
[  650180ms] [LOG] [Fast Refresh] rebuilding @ http://localhost:3000/_next/static/chunks/node_modules_next_dist_f3530cac._.js:2297
[  650533ms] [LOG] [Fast Refresh] done in 347ms @ http://localhost:3000/_next/static/chunks/node_modules_next_dist_f3530cac._.js:2297
[  650717ms] [LOG] [Fast Refresh] rebuilding @ http://localhost:3000/_next/static/chunks/node_modules_next_dist_f3530cac._.js:2297
[  650808ms] [LOG] [Fast Refresh] done in 194ms @ http://localhost:3000/_next/static/chunks/node_modules_next_dist_f3530cac._.js:2297
[  650932ms] [LOG] [Fast Refresh] rebuilding @ http://localhost:3000/_next/static/chunks/node_modules_next_dist_f3530cac._.js:2297
[  650971ms] [LOG] [Fast Refresh] done in 140ms @ http://localhost:3000/_next/static/chunks/node_modules_next_dist_f3530cac._.js:2297
[  651186ms] [LOG] [DB] Saved 52 digit results @ http://localhost:3000/_next/static/chunks/node_modules_next_dist_f3530cac._.js:2297
[  651186ms] [LOG] [AutoSave] Save completed successfully @ http://localhost:3000/_next/static/chunks/node_modules_next_dist_f3530cac._.js:2297
[  651498ms] [INFO] [sync] matched 25 spans @ http://localhost:3000/_next/static/chunks/node_modules_next_dist_f3530cac._.js:2297
[  653818ms] [LOG] [DB] Saved 52 digit results @ http://localhost:3000/_next/static/chunks/node_modules_next_dist_f3530cac._.js:2297
[  653818ms] [LOG] [AutoSave] Save completed successfully @ http://localhost:3000/_next/static/chunks/node_modules_next_dist_f3530cac._.js:2297
[  656485ms] [LOG] [DB] Saved 52 digit results @ http://localhost:3000/_next/static/chunks/node_modules_next_dist_f3530cac._.js:2297
[  656486ms] [LOG] [AutoSave] Save completed successfully @ http://localhost:3000/_next/static/chunks/node_modules_next_dist_f3530cac._.js:2297
[  659195ms] [LOG] [DB] Saved 52 digit results @ http://localhost:3000/_next/static/chunks/node_modules_next_dist_f3530cac._.js:2297
[  659196ms] [LOG] [AutoSave] Save completed successfully @ http://localhost:3000/_next/static/chunks/node_modules_next_dist_f3530cac._.js:2297
[  661839ms] [LOG] [DB] Saved 52 digit results @ http://localhost:3000/_next/static/chunks/node_modules_next_dist_f3530cac._.js:2297
[  661840ms] [LOG] [AutoSave] Save completed successfully @ http://localhost:3000/_next/static/chunks/node_modules_next_dist_f3530cac._.js:2297
[  664439ms] [LOG] [DB] Saved 52 digit results @ http://localhost:3000/_next/static/chunks/node_modules_next_dist_f3530cac._.js:2297
[  664440ms] [LOG] [AutoSave] Save completed successfully @ http://localhost:3000/_next/static/chunks/node_modules_next_dist_f3530cac._.js:2297
[  667049ms] [LOG] [DB] Saved 52 digit results @ http://localhost:3000/_next/static/chunks/node_modules_next_dist_f3530cac._.js:2297
[  667049ms] [LOG] [AutoSave] Save completed successfully @ http://localhost:3000/_next/static/chunks/node_modules_next_dist_f3530cac._.js:2297
[  669690ms] [LOG] [DB] Saved 52 digit results @ http://localhost:3000/_next/static/chunks/node_modules_next_dist_f3530cac._.js:2297
[  669690ms] [LOG] [AutoSave] Save completed successfully @ http://localhost:3000/_next/static/chunks/node_modules_next_dist_f3530cac._.js:2297
[  672309ms] [LOG] [DB] Saved 52 digit results @ http://localhost:3000/_next/static/chunks/node_modules_next_dist_f3530cac._.js:2297
[  672309ms] [LOG] [AutoSave] Save completed successfully @ http://localhost:3000/_next/static/chunks/node_modules_next_dist_f3530cac._.js:2297
[  674929ms] [LOG] [DB] Saved 52 digit results @ http://localhost:3000/_next/static/chunks/node_modules_next_dist_f3530cac._.js:2297
[  674929ms] [LOG] [AutoSave] Save completed successfully @ http://localhost:3000/_next/static/chunks/node_modules_next_dist_f3530cac._.js:2297
[  675946ms] [LOG] [Fast Refresh] rebuilding @ http://localhost:3000/_next/static/chunks/node_modules_next_dist_f3530cac._.js:2297
[  676225ms] [LOG] [Fast Refresh] done in 388ms @ http://localhost:3000/_next/static/chunks/node_modules_next_dist_f3530cac._.js:2297
[  676526ms] [INFO] %cDownload the React DevTools for a better development experience: https://react.dev/link/react-devtools font-weight:bold @ http://localhost:3000/_next/static/chunks/node_modules_next_dist_f3530cac._.js:2297
[  676571ms] [LOG] [HMR] connected @ http://localhost:3000/_next/static/chunks/node_modules_next_dist_f3530cac._.js:2297
[  678680ms] [ERROR] Failed to load resource: the server responded with a status of 406 () @ https://epjfulzqbvpvnxakgany.supabase.co/rest/v1/session_config?select=*&session_id=eq.7166062a-496e-4294-99e5-9c4eee65dd26:0
[  678691ms] [ERROR] Failed to load resource: the server responded with a status of 406 () @ https://epjfulzqbvpvnxakgany.supabase.co/rest/v1/boundaries?select=id&session_id=eq.7166062a-496e-4294-99e5-9c4eee65dd26:0
[  702394ms] [ERROR] Failed to load resource: the server responded with a status of 406 () @ https://epjfulzqbvpvnxakgany.supabase.co/rest/v1/boundaries?select=*&session_id=eq.7166062a-496e-4294-99e5-9c4eee65dd26:0
[  702398ms] [ERROR] Failed to load resource: the server responded with a status of 406 () @ https://epjfulzqbvpvnxakgany.supabase.co/rest/v1/session_config?select=*&session_id=eq.7166062a-496e-4294-99e5-9c4eee65dd26:0
[  702399ms] [LOG] [restore] session: 7166062a-496e-4294-99e5-9c4eee65dd26 poles: 34 equipment: 18 digits: 52 @ http://localhost:3000/_next/static/chunks/node_modules_next_dist_f3530cac._.js:2297
[  702399ms] [LOG] [restore] cache written — poleDone: true path: C:\zander\Telcovantage-Site-Map-Reader\uploads\LPA120.dxf dxfPath state: C:\zander\Telcovantage-Site-Map-Reader\uploads\LPA120.dxf @ http://localhost:3000/_next/static/chunks/node_modules_next_dist_f3530cac._.js:2297
[  702444ms] [LOG] [PoleLayout mount] cachedData: poleDone=true tags=34 @ http://localhost:3000/_next/static/chunks/node_modules_next_dist_f3530cac._.js:2297
[  702449ms] [LOG] [PoleLayout mount] cachedData: poleDone=true tags=34 @ http://localhost:3000/_next/static/chunks/node_modules_next_dist_f3530cac._.js:2297
[  702929ms] [WARNING] [sync] matched 0 spans, unmatched 30 {unmatchedKeys: Array(30), unmatchedPoles: Array(32), localSpanKeys: Array(0), localPoleIndices: Array(0)} @ http://localhost:3000/_next/static/chunks/node_modules_next_dist_f3530cac._.js:2297
[  703331ms] [WARNING] [sync] matched 0 spans, unmatched 30 {unmatchedKeys: Array(30), unmatchedPoles: Array(32), localSpanKeys: Array(0), localPoleIndices: Array(0)} @ http://localhost:3000/_next/static/chunks/node_modules_next_dist_f3530cac._.js:2297
[  705357ms] [LOG] [DB] Saved 52 digit results @ http://localhost:3000/_next/static/chunks/node_modules_next_dist_f3530cac._.js:2297
[  705357ms] [LOG] [AutoSave] Save completed successfully @ http://localhost:3000/_next/static/chunks/node_modules_next_dist_f3530cac._.js:2297
[  707458ms] [LOG] [cache-update] sid= 7166062a-496e-4294-99e5-9c4eee65dd26 poleTags= 34 shapes= 0 @ http://localhost:3000/_next/static/chunks/node_modules_next_dist_f3530cac._.js:2297
[  707995ms] [LOG] [DB] Saved 52 digit results @ http://localhost:3000/_next/static/chunks/node_modules_next_dist_f3530cac._.js:2297
[  707995ms] [LOG] [AutoSave] Save completed successfully @ http://localhost:3000/_next/static/chunks/node_modules_next_dist_f3530cac._.js:2297
[  708035ms] [LOG] [DB] Saved 34 poles @ http://localhost:3000/_next/static/chunks/node_modules_next_dist_f3530cac._.js:2297
[  710685ms] [LOG] [DB] Saved 52 digit results @ http://localhost:3000/_next/static/chunks/node_modules_next_dist_f3530cac._.js:2297
[  710685ms] [LOG] [AutoSave] Save completed successfully @ http://localhost:3000/_next/static/chunks/node_modules_next_dist_f3530cac._.js:2297
[  713333ms] [LOG] [DB] Saved 52 digit results @ http://localhost:3000/_next/static/chunks/node_modules_next_dist_f3530cac._.js:2297
[  713333ms] [LOG] [AutoSave] Save completed successfully @ http://localhost:3000/_next/static/chunks/node_modules_next_dist_f3530cac._.js:2297
[  716381ms] [LOG] [DB] Saved 52 digit results @ http://localhost:3000/_next/static/chunks/node_modules_next_dist_f3530cac._.js:2297
[  716381ms] [LOG] [AutoSave] Save completed successfully @ http://localhost:3000/_next/static/chunks/node_modules_next_dist_f3530cac._.js:2297
[  719002ms] [LOG] [DB] Saved 52 digit results @ http://localhost:3000/_next/static/chunks/node_modules_next_dist_f3530cac._.js:2297
[  719002ms] [LOG] [AutoSave] Save completed successfully @ http://localhost:3000/_next/static/chunks/node_modules_next_dist_f3530cac._.js:2297
[  721606ms] [LOG] [DB] Saved 52 digit results @ http://localhost:3000/_next/static/chunks/node_modules_next_dist_f3530cac._.js:2297
[  721606ms] [LOG] [AutoSave] Save completed successfully @ http://localhost:3000/_next/static/chunks/node_modules_next_dist_f3530cac._.js:2297
[  724227ms] [LOG] [DB] Saved 52 digit results @ http://localhost:3000/_next/static/chunks/node_modules_next_dist_f3530cac._.js:2297
[  724227ms] [LOG] [AutoSave] Save completed successfully @ http://localhost:3000/_next/static/chunks/node_modules_next_dist_f3530cac._.js:2297
[  726839ms] [LOG] [DB] Saved 52 digit results @ http://localhost:3000/_next/static/chunks/node_modules_next_dist_f3530cac._.js:2297
[  726839ms] [LOG] [AutoSave] Save completed successfully @ http://localhost:3000/_next/static/chunks/node_modules_next_dist_f3530cac._.js:2297
[  730705ms] [LOG] [DB] Saved 52 digit results @ http://localhost:3000/_next/static/chunks/node_modules_next_dist_f3530cac._.js:2297
[  730705ms] [LOG] [AutoSave] Save completed successfully @ http://localhost:3000/_next/static/chunks/node_modules_next_dist_f3530cac._.js:2297
[  730861ms] [LOG] [cache-update] sid= 7166062a-496e-4294-99e5-9c4eee65dd26 poleTags= 34 shapes= 0 @ http://localhost:3000/_next/static/chunks/node_modules_next_dist_f3530cac._.js:2297
[  731475ms] [LOG] [DB] Saved 34 poles @ http://localhost:3000/_next/static/chunks/node_modules_next_dist_f3530cac._.js:2297
[  731628ms] [INFO] [sync] matched 30 spans @ http://localhost:3000/_next/static/chunks/node_modules_next_dist_f3530cac._.js:2297
[  732458ms] [ERROR] Unable to preventDefault inside passive event listener invocation. @ http://localhost:3000/_next/static/chunks/node_modules_next_dist_compiled_react-dom_1e674e59._.js:2325
[  732471ms] [ERROR] Unable to preventDefault inside passive event listener invocation. @ http://localhost:3000/_next/static/chunks/node_modules_next_dist_compiled_react-dom_1e674e59._.js:2325
[  732499ms] [ERROR] Unable to preventDefault inside passive event listener invocation. @ http://localhost:3000/_next/static/chunks/node_modules_next_dist_compiled_react-dom_1e674e59._.js:2325
[  732537ms] [ERROR] Unable to preventDefault inside passive event listener invocation. @ http://localhost:3000/_next/static/chunks/node_modules_next_dist_compiled_react-dom_1e674e59._.js:2325
[  732762ms] [ERROR] Unable to preventDefault inside passive event listener invocation. @ http://localhost:3000/_next/static/chunks/node_modules_next_dist_compiled_react-dom_1e674e59._.js:2325
[  732783ms] [ERROR] Unable to preventDefault inside passive event listener invocation. @ http://localhost:3000/_next/static/chunks/node_modules_next_dist_compiled_react-dom_1e674e59._.js:2325
[  734105ms] [LOG] [DB] Saved 52 digit results @ http://localhost:3000/_next/static/chunks/node_modules_next_dist_f3530cac._.js:2297
[  734106ms] [LOG] [AutoSave] Save completed successfully @ http://localhost:3000/_next/static/chunks/node_modules_next_dist_f3530cac._.js:2297
[  734596ms] [ERROR] Unable to preventDefault inside passive event listener invocation. @ http://localhost:3000/_next/static/chunks/node_modules_next_dist_compiled_react-dom_1e674e59._.js:2325
[  734617ms] [ERROR] Unable to preventDefault inside passive event listener invocation. @ http://localhost:3000/_next/static/chunks/node_modules_next_dist_compiled_react-dom_1e674e59._.js:2325
[  734630ms] [ERROR] Unable to preventDefault inside passive event listener invocation. @ http://localhost:3000/_next/static/chunks/node_modules_next_dist_compiled_react-dom_1e674e59._.js:2325
[  734651ms] [ERROR] Unable to preventDefault inside passive event listener invocation. @ http://localhost:3000/_next/static/chunks/node_modules_next_dist_compiled_react-dom_1e674e59._.js:2325
[  734836ms] [ERROR] Unable to preventDefault inside passive event listener invocation. @ http://localhost:3000/_next/static/chunks/node_modules_next_dist_compiled_react-dom_1e674e59._.js:2325
[  734853ms] [ERROR] Unable to preventDefault inside passive event listener invocation. @ http://localhost:3000/_next/static/chunks/node_modules_next_dist_compiled_react-dom_1e674e59._.js:2325
[  734873ms] [ERROR] Unable to preventDefault inside passive event listener invocation. @ http://localhost:3000/_next/static/chunks/node_modules_next_dist_compiled_react-dom_1e674e59._.js:2325
[  734899ms] [ERROR] Unable to preventDefault inside passive event listener invocation. @ http://localhost:3000/_next/static/chunks/node_modules_next_dist_compiled_react-dom_1e674e59._.js:2325
[  734956ms] [LOG] [Fast Refresh] rebuilding @ http://localhost:3000/_next/static/chunks/node_modules_next_dist_f3530cac._.js:2297
[  734956ms] [LOG] [Fast Refresh] done in 108ms @ http://localhost:3000/_next/static/chunks/node_modules_next_dist_f3530cac._.js:2297
[  735873ms] [ERROR] Unable to preventDefault inside passive event listener invocation. @ http://localhost:3000/_next/static/chunks/node_modules_next_dist_compiled_react-dom_1e674e59._.js:2325
[  735908ms] [ERROR] Unable to preventDefault inside passive event listener invocation. @ http://localhost:3000/_next/static/chunks/node_modules_next_dist_compiled_react-dom_1e674e59._.js:2325
[  736363ms] [ERROR] Unable to preventDefault inside passive event listener invocation. @ http://localhost:3000/_next/static/chunks/node_modules_next_dist_compiled_react-dom_1e674e59._.js:2325
[  736378ms] [ERROR] Unable to preventDefault inside passive event listener invocation. @ http://localhost:3000/_next/static/chunks/node_modules_next_dist_compiled_react-dom_1e674e59._.js:2325
[  736399ms] [ERROR] Unable to preventDefault inside passive event listener invocation. @ http://localhost:3000/_next/static/chunks/node_modules_next_dist_compiled_react-dom_1e674e59._.js:2325
[  736722ms] [LOG] [DB] Saved 52 digit results @ http://localhost:3000/_next/static/chunks/node_modules_next_dist_f3530cac._.js:2297
[  736723ms] [LOG] [AutoSave] Save completed successfully @ http://localhost:3000/_next/static/chunks/node_modules_next_dist_f3530cac._.js:2297
[  739315ms] [LOG] [DB] Saved 52 digit results @ http://localhost:3000/_next/static/chunks/node_modules_next_dist_f3530cac._.js:2297
[  739315ms] [LOG] [AutoSave] Save completed successfully @ http://localhost:3000/_next/static/chunks/node_modules_next_dist_f3530cac._.js:2297
[  741952ms] [LOG] [DB] Saved 52 digit results @ http://localhost:3000/_next/static/chunks/node_modules_next_dist_f3530cac._.js:2297
[  741952ms] [LOG] [AutoSave] Save completed successfully @ http://localhost:3000/_next/static/chunks/node_modules_next_dist_f3530cac._.js:2297
[  744557ms] [LOG] [DB] Saved 52 digit results @ http://localhost:3000/_next/static/chunks/node_modules_next_dist_f3530cac._.js:2297
[  744558ms] [LOG] [AutoSave] Save completed successfully @ http://localhost:3000/_next/static/chunks/node_modules_next_dist_f3530cac._.js:2297
[  747172ms] [LOG] [DB] Saved 52 digit results @ http://localhost:3000/_next/static/chunks/node_modules_next_dist_f3530cac._.js:2297
[  747172ms] [LOG] [AutoSave] Save completed successfully @ http://localhost:3000/_next/static/chunks/node_modules_next_dist_f3530cac._.js:2297
[  749769ms] [LOG] [DB] Saved 52 digit results @ http://localhost:3000/_next/static/chunks/node_modules_next_dist_f3530cac._.js:2297
[  749769ms] [LOG] [AutoSave] Save completed successfully @ http://localhost:3000/_next/static/chunks/node_modules_next_dist_f3530cac._.js:2297
[  752423ms] [LOG] [DB] Saved 52 digit results @ http://localhost:3000/_next/static/chunks/node_modules_next_dist_f3530cac._.js:2297
[  752423ms] [LOG] [AutoSave] Save completed successfully @ http://localhost:3000/_next/static/chunks/node_modules_next_dist_f3530cac._.js:2297
[  755024ms] [LOG] [DB] Saved 52 digit results @ http://localhost:3000/_next/static/chunks/node_modules_next_dist_f3530cac._.js:2297
[  755024ms] [LOG] [AutoSave] Save completed successfully @ http://localhost:3000/_next/static/chunks/node_modules_next_dist_f3530cac._.js:2297
[  757669ms] [LOG] [DB] Saved 52 digit results @ http://localhost:3000/_next/static/chunks/node_modules_next_dist_f3530cac._.js:2297
[  757669ms] [LOG] [AutoSave] Save completed successfully @ http://localhost:3000/_next/static/chunks/node_modules_next_dist_f3530cac._.js:2297
