[     858ms] [INFO] %cDownload the React DevTools for a better development experience: https://react.dev/link/react-devtools font-weight:bold @ http://localhost:3000/_next/static/chunks/node_modules_next_dist_f3530cac._.js:2297
[    1015ms] [LOG] [HMR] connected @ http://localhost:3000/_next/static/chunks/node_modules_next_dist_f3530cac._.js:2297
[    6212ms] [WARNING] [session] could not resolve session: Error: Supabase not configured. Add NEXT_PUBLIC_SUPABASE_URL and NEXT_PUBLIC_SUPABASE_ANON_KEY to .env
    at throwNotConfigured (http://localhost:3000/_next/static/chunks/app_72cdfce5._.js:189:11)
    at useDatabase.useCallback[getSb] (http://localhost:3000/_next/static/chunks/app_72cdfce5._.js:195:153)
    at useDatabase.useCallback[checkForExistingSession] [as checkForExistingSession] (http://localhost:3000/_next/static/chunks/app_72cdfce5._.js:350:24)
    at Home.useCallback[resolveSessionId] (http://localhost:3000/_next/static/chunks/app_72cdfce5._.js:1495:43)
    at Home.useCallback[handleStartProcessing] (http://localhost:3000/_next/static/chunks/app_72cdfce5._.js:1615:13)
    at onClick (http://localhost:3000/_next/static/chunks/app_components_LoadScreen_tsx_13da77f7._.js:2153:46)
    at executeDispatch (http://localhost:3000/_next/static/chunks/node_modules_next_dist_compiled_react-dom_1e674e59._.js:10314:13)
    at runWithFiberInDEV (http://localhost:3000/_next/static/chunks/node_modules_next_dist_compiled_react-dom_1e674e59._.js:965:74)
    at processDispatchQueue (http://localhost:3000/_next/static/chunks/node_modules_next_dist_compiled_react-dom_1e674e59._.js:10340:41)
    at http://localhost:3000/_next/static/chunks/node_modules_next_dist_compiled_react-dom_1e674e59._.js:10615:13
    at batchedUpdates$1 (http://localhost:3000/_next/static/chunks/node_modules_next_dist_compiled_react-dom_1e674e59._.js:2253:44)
    at dispatchEventForPluginEventSystem (http://localhost:3000/_next/static/chunks/node_modules_next_dist_compiled_react-dom_1e674e59._.js:10416:9)
    at dispatchEvent (http://localhost:3000/_next/static/chunks/node_modules_next_dist_compiled_react-dom_1e674e59._.js:12935:37)
    at dispatchDiscreteEvent (http://localhost:3000/_next/static/chunks/node_modules_next_dist_compiled_react-dom_1e674e59._.js:12917:64) @ http://localhost:3000/_next/static/chunks/node_modules_next_dist_f3530cac._.js:2297
[   15301ms] [LOG] [PoleLayout mount] cachedData: poleDone=false tags=0 @ http://localhost:3000/_next/static/chunks/node_modules_next_dist_f3530cac._.js:2297
[   15311ms] [LOG] [PoleLayout mount] cachedData: poleDone=false tags=0 @ http://localhost:3000/_next/static/chunks/node_modules_next_dist_f3530cac._.js:2297
[   17212ms] [LOG] [cache-update] sid= null poleTags= 0 shapes= 0 @ http://localhost:3000/_next/static/chunks/node_modules_next_dist_f3530cac._.js:2297
[   17212ms] [WARNING] [cache-update] skipping save — no sessionId or db @ http://localhost:3000/_next/static/chunks/node_modules_next_dist_f3530cac._.js:2297
[   18751ms] [LOG] [Fast Refresh] rebuilding @ http://localhost:3000/_next/static/chunks/node_modules_next_dist_f3530cac._.js:2297
[   18797ms] [LOG] [Fast Refresh] done in 155ms @ http://localhost:3000/_next/static/chunks/node_modules_next_dist_f3530cac._.js:2297
[   19523ms] [LOG] [Fast Refresh] rebuilding @ http://localhost:3000/_next/static/chunks/node_modules_next_dist_f3530cac._.js:2297
[   19664ms] [LOG] [Fast Refresh] done in 242ms @ http://localhost:3000/_next/static/chunks/node_modules_next_dist_f3530cac._.js:2297
[   19704ms] [LOG] [cache-update] sid= null poleTags= 0 shapes= 11 @ http://localhost:3000/_next/static/chunks/node_modules_next_dist_f3530cac._.js:2297
[   19704ms] [WARNING] [cache-update] skipping save — no sessionId or db @ http://localhost:3000/_next/static/chunks/node_modules_next_dist_f3530cac._.js:2297
[   21335ms] [LOG] [cache-update] sid= null poleTags= 15 shapes= 0 @ http://localhost:3000/_next/static/chunks/node_modules_next_dist_f3530cac._.js:2297
[   21335ms] [WARNING] [cache-update] skipping save — no sessionId or db @ http://localhost:3000/_next/static/chunks/node_modules_next_dist_f3530cac._.js:2297
[   23385ms] [LOG] [cache-update] sid= null poleTags= 27 shapes= 0 @ http://localhost:3000/_next/static/chunks/node_modules_next_dist_f3530cac._.js:2297
[   23385ms] [WARNING] [cache-update] skipping save — no sessionId or db @ http://localhost:3000/_next/static/chunks/node_modules_next_dist_f3530cac._.js:2297
[   25498ms] [ERROR] Unable to preventDefault inside passive event listener invocation. @ http://localhost:3000/_next/static/chunks/node_modules_next_dist_compiled_react-dom_1e674e59._.js:2325
[   25500ms] [ERROR] Unable to preventDefault inside passive event listener invocation. @ http://localhost:3000/_next/static/chunks/node_modules_next_dist_compiled_react-dom_1e674e59._.js:2325
[   25524ms] [ERROR] Unable to preventDefault inside passive event listener invocation. @ http://localhost:3000/_next/static/chunks/node_modules_next_dist_compiled_react-dom_1e674e59._.js:2325
[   25557ms] [ERROR] Unable to preventDefault inside passive event listener invocation. @ http://localhost:3000/_next/static/chunks/node_modules_next_dist_compiled_react-dom_1e674e59._.js:2325
[   25721ms] [ERROR] Unable to preventDefault inside passive event listener invocation. @ http://localhost:3000/_next/static/chunks/node_modules_next_dist_compiled_react-dom_1e674e59._.js:2325
[   25740ms] [ERROR] Unable to preventDefault inside passive event listener invocation. @ http://localhost:3000/_next/static/chunks/node_modules_next_dist_compiled_react-dom_1e674e59._.js:2325
[   25777ms] [ERROR] Unable to preventDefault inside passive event listener invocation. @ http://localhost:3000/_next/static/chunks/node_modules_next_dist_compiled_react-dom_1e674e59._.js:2325
[   25801ms] [ERROR] Unable to preventDefault inside passive event listener invocation. @ http://localhost:3000/_next/static/chunks/node_modules_next_dist_compiled_react-dom_1e674e59._.js:2325
[   25841ms] [LOG] [Fast Refresh] rebuilding @ http://localhost:3000/_next/static/chunks/node_modules_next_dist_f3530cac._.js:2297
[   25897ms] [LOG] [Fast Refresh] done in 158ms @ http://localhost:3000/_next/static/chunks/node_modules_next_dist_f3530cac._.js:2297
[   25964ms] [ERROR] Unable to preventDefault inside passive event listener invocation. @ http://localhost:3000/_next/static/chunks/node_modules_next_dist_compiled_react-dom_1e674e59._.js:2325
[   25966ms] [ERROR] Unable to preventDefault inside passive event listener invocation. @ http://localhost:3000/_next/static/chunks/node_modules_next_dist_compiled_react-dom_1e674e59._.js:2325
[   25980ms] [ERROR] Unable to preventDefault inside passive event listener invocation. @ http://localhost:3000/_next/static/chunks/node_modules_next_dist_compiled_react-dom_1e674e59._.js:2325
[   26016ms] [ERROR] Unable to preventDefault inside passive event listener invocation. @ http://localhost:3000/_next/static/chunks/node_modules_next_dist_compiled_react-dom_1e674e59._.js:2325
[   26197ms] [ERROR] Unable to preventDefault inside passive event listener invocation. @ http://localhost:3000/_next/static/chunks/node_modules_next_dist_compiled_react-dom_1e674e59._.js:2325
[   26207ms] [ERROR] Unable to preventDefault inside passive event listener invocation. @ http://localhost:3000/_next/static/chunks/node_modules_next_dist_compiled_react-dom_1e674e59._.js:2325
[   26226ms] [ERROR] Unable to preventDefault inside passive event listener invocation. @ http://localhost:3000/_next/static/chunks/node_modules_next_dist_compiled_react-dom_1e674e59._.js:2325
[   26260ms] [ERROR] Unable to preventDefault inside passive event listener invocation. @ http://localhost:3000/_next/static/chunks/node_modules_next_dist_compiled_react-dom_1e674e59._.js:2325
[   26440ms] [ERROR] Unable to preventDefault inside passive event listener invocation. @ http://localhost:3000/_next/static/chunks/node_modules_next_dist_compiled_react-dom_1e674e59._.js:2325
[   26457ms] [ERROR] Unable to preventDefault inside passive event listener invocation. @ http://localhost:3000/_next/static/chunks/node_modules_next_dist_compiled_react-dom_1e674e59._.js:2325
[   26475ms] [ERROR] Unable to preventDefault inside passive event listener invocation. @ http://localhost:3000/_next/static/chunks/node_modules_next_dist_compiled_react-dom_1e674e59._.js:2325
[   26517ms] [ERROR] Unable to preventDefault inside passive event listener invocation. @ http://localhost:3000/_next/static/chunks/node_modules_next_dist_compiled_react-dom_1e674e59._.js:2325
[   26680ms] [ERROR] Unable to preventDefault inside passive event listener invocation. @ http://localhost:3000/_next/static/chunks/node_modules_next_dist_compiled_react-dom_1e674e59._.js:2325
[   26691ms] [ERROR] Unable to preventDefault inside passive event listener invocation. @ http://localhost:3000/_next/static/chunks/node_modules_next_dist_compiled_react-dom_1e674e59._.js:2325
[   26708ms] [ERROR] Unable to preventDefault inside passive event listener invocation. @ http://localhost:3000/_next/static/chunks/node_modules_next_dist_compiled_react-dom_1e674e59._.js:2325
[   26731ms] [ERROR] Unable to preventDefault inside passive event listener invocation. @ http://localhost:3000/_next/static/chunks/node_modules_next_dist_compiled_react-dom_1e674e59._.js:2325
[   26897ms] [ERROR] Unable to preventDefault inside passive event listener invocation. @ http://localhost:3000/_next/static/chunks/node_modules_next_dist_compiled_react-dom_1e674e59._.js:2325
[   26907ms] [ERROR] Unable to preventDefault inside passive event listener invocation. @ http://localhost:3000/_next/static/chunks/node_modules_next_dist_compiled_react-dom_1e674e59._.js:2325
[   26931ms] [ERROR] Unable to preventDefault inside passive event listener invocation. @ http://localhost:3000/_next/static/chunks/node_modules_next_dist_compiled_react-dom_1e674e59._.js:2325
[   26948ms] [ERROR] Unable to preventDefault inside passive event listener invocation. @ http://localhost:3000/_next/static/chunks/node_modules_next_dist_compiled_react-dom_1e674e59._.js:2325
[   27281ms] [ERROR] Unable to preventDefault inside passive event listener invocation. @ http://localhost:3000/_next/static/chunks/node_modules_next_dist_compiled_react-dom_1e674e59._.js:2325
[   27309ms] [ERROR] Unable to preventDefault inside passive event listener invocation. @ http://localhost:3000/_next/static/chunks/node_modules_next_dist_compiled_react-dom_1e674e59._.js:2325
[   27377ms] [ERROR] Unable to preventDefault inside passive event listener invocation. @ http://localhost:3000/_next/static/chunks/node_modules_next_dist_compiled_react-dom_1e674e59._.js:2325
[   30029ms] [LOG] [cache-update] sid= null poleTags= 60 shapes= 0 @ http://localhost:3000/_next/static/chunks/node_modules_next_dist_f3530cac._.js:2297
[   30029ms] [WARNING] [cache-update] skipping save — no sessionId or db @ http://localhost:3000/_next/static/chunks/node_modules_next_dist_f3530cac._.js:2297
[   33688ms] [LOG] [Fast Refresh] rebuilding @ http://localhost:3000/_next/static/chunks/node_modules_next_dist_f3530cac._.js:2297
[   33829ms] [LOG] [Fast Refresh] done in 246ms @ http://localhost:3000/_next/static/chunks/node_modules_next_dist_f3530cac._.js:2297
[   33834ms] [LOG] [cache-update] sid= null poleTags= 72 shapes= 0 @ http://localhost:3000/_next/static/chunks/node_modules_next_dist_f3530cac._.js:2297
[   33834ms] [WARNING] [cache-update] skipping save — no sessionId or db @ http://localhost:3000/_next/static/chunks/node_modules_next_dist_f3530cac._.js:2297
[   35468ms] [ERROR] Unable to preventDefault inside passive event listener invocation. @ http://localhost:3000/_next/static/chunks/node_modules_next_dist_compiled_react-dom_1e674e59._.js:2325
[   35495ms] [ERROR] Unable to preventDefault inside passive event listener invocation. @ http://localhost:3000/_next/static/chunks/node_modules_next_dist_compiled_react-dom_1e674e59._.js:2325
[   35516ms] [ERROR] Unable to preventDefault inside passive event listener invocation. @ http://localhost:3000/_next/static/chunks/node_modules_next_dist_compiled_react-dom_1e674e59._.js:2325
[   35751ms] [ERROR] Unable to preventDefault inside passive event listener invocation. @ http://localhost:3000/_next/static/chunks/node_modules_next_dist_compiled_react-dom_1e674e59._.js:2325
[   35766ms] [ERROR] Unable to preventDefault inside passive event listener invocation. @ http://localhost:3000/_next/static/chunks/node_modules_next_dist_compiled_react-dom_1e674e59._.js:2325
[   35785ms] [ERROR] Unable to preventDefault inside passive event listener invocation. @ http://localhost:3000/_next/static/chunks/node_modules_next_dist_compiled_react-dom_1e674e59._.js:2325
[   35795ms] [ERROR] Unable to preventDefault inside passive event listener invocation. @ http://localhost:3000/_next/static/chunks/node_modules_next_dist_compiled_react-dom_1e674e59._.js:2325
[   36001ms] [ERROR] Unable to preventDefault inside passive event listener invocation. @ http://localhost:3000/_next/static/chunks/node_modules_next_dist_compiled_react-dom_1e674e59._.js:2325
[   36011ms] [ERROR] Unable to preventDefault inside passive event listener invocation. @ http://localhost:3000/_next/static/chunks/node_modules_next_dist_compiled_react-dom_1e674e59._.js:2325
[   36029ms] [ERROR] Unable to preventDefault inside passive event listener invocation. @ http://localhost:3000/_next/static/chunks/node_modules_next_dist_compiled_react-dom_1e674e59._.js:2325
[   36045ms] [ERROR] Unable to preventDefault inside passive event listener invocation. @ http://localhost:3000/_next/static/chunks/node_modules_next_dist_compiled_react-dom_1e674e59._.js:2325
[   36336ms] [ERROR] Unable to preventDefault inside passive event listener invocation. @ http://localhost:3000/_next/static/chunks/node_modules_next_dist_compiled_react-dom_1e674e59._.js:2325
[   36339ms] [ERROR] Unable to preventDefault inside passive event listener invocation. @ http://localhost:3000/_next/static/chunks/node_modules_next_dist_compiled_react-dom_1e674e59._.js:2325
[   36353ms] [ERROR] Unable to preventDefault inside passive event listener invocation. @ http://localhost:3000/_next/static/chunks/node_modules_next_dist_compiled_react-dom_1e674e59._.js:2325
[   36362ms] [ERROR] Unable to preventDefault inside passive event listener invocation. @ http://localhost:3000/_next/static/chunks/node_modules_next_dist_compiled_react-dom_1e674e59._.js:2325
[   36382ms] [LOG] [cache-update] sid= null poleTags= 101 shapes= 0 @ http://localhost:3000/_next/static/chunks/node_modules_next_dist_f3530cac._.js:2297
[   36383ms] [WARNING] [cache-update] skipping save — no sessionId or db @ http://localhost:3000/_next/static/chunks/node_modules_next_dist_f3530cac._.js:2297
[   36601ms] [ERROR] Unable to preventDefault inside passive event listener invocation. @ http://localhost:3000/_next/static/chunks/node_modules_next_dist_compiled_react-dom_1e674e59._.js:2325
[   36602ms] [ERROR] Unable to preventDefault inside passive event listener invocation. @ http://localhost:3000/_next/static/chunks/node_modules_next_dist_compiled_react-dom_1e674e59._.js:2325
[   36628ms] [ERROR] Unable to preventDefault inside passive event listener invocation. @ http://localhost:3000/_next/static/chunks/node_modules_next_dist_compiled_react-dom_1e674e59._.js:2325
[   36862ms] [ERROR] Unable to preventDefault inside passive event listener invocation. @ http://localhost:3000/_next/static/chunks/node_modules_next_dist_compiled_react-dom_1e674e59._.js:2325
[   36878ms] [ERROR] Unable to preventDefault inside passive event listener invocation. @ http://localhost:3000/_next/static/chunks/node_modules_next_dist_compiled_react-dom_1e674e59._.js:2325
[   36895ms] [ERROR] Unable to preventDefault inside passive event listener invocation. @ http://localhost:3000/_next/static/chunks/node_modules_next_dist_compiled_react-dom_1e674e59._.js:2325
[   36912ms] [ERROR] Unable to preventDefault inside passive event listener invocation. @ http://localhost:3000/_next/static/chunks/node_modules_next_dist_compiled_react-dom_1e674e59._.js:2325
[   41570ms] [ERROR] Unable to preventDefault inside passive event listener invocation. @ http://localhost:3000/_next/static/chunks/node_modules_next_dist_compiled_react-dom_1e674e59._.js:2325
[   41620ms] [ERROR] Unable to preventDefault inside passive event listener invocation. @ http://localhost:3000/_next/static/chunks/node_modules_next_dist_compiled_react-dom_1e674e59._.js:2325
[   41703ms] [ERROR] Unable to preventDefault inside passive event listener invocation. @ http://localhost:3000/_next/static/chunks/node_modules_next_dist_compiled_react-dom_1e674e59._.js:2325
[   41917ms] [ERROR] Unable to preventDefault inside passive event listener invocation. @ http://localhost:3000/_next/static/chunks/node_modules_next_dist_compiled_react-dom_1e674e59._.js:2325
[   41948ms] [ERROR] Unable to preventDefault inside passive event listener invocation. @ http://localhost:3000/_next/static/chunks/node_modules_next_dist_compiled_react-dom_1e674e59._.js:2325
[   41980ms] [ERROR] Unable to preventDefault inside passive event listener invocation. @ http://localhost:3000/_next/static/chunks/node_modules_next_dist_compiled_react-dom_1e674e59._.js:2325
[   42152ms] [ERROR] Unable to preventDefault inside passive event listener invocation. @ http://localhost:3000/_next/static/chunks/node_modules_next_dist_compiled_react-dom_1e674e59._.js:2325
[   42181ms] [ERROR] Unable to preventDefault inside passive event listener invocation. @ http://localhost:3000/_next/static/chunks/node_modules_next_dist_compiled_react-dom_1e674e59._.js:2325
[   42198ms] [ERROR] Unable to preventDefault inside passive event listener invocation. @ http://localhost:3000/_next/static/chunks/node_modules_next_dist_compiled_react-dom_1e674e59._.js:2325
[   42371ms] [ERROR] Unable to preventDefault inside passive event listener invocation. @ http://localhost:3000/_next/static/chunks/node_modules_next_dist_compiled_react-dom_1e674e59._.js:2325
[   42399ms] [ERROR] Unable to preventDefault inside passive event listener invocation. @ http://localhost:3000/_next/static/chunks/node_modules_next_dist_compiled_react-dom_1e674e59._.js:2325
[   42422ms] [ERROR] Unable to preventDefault inside passive event listener invocation. @ http://localhost:3000/_next/static/chunks/node_modules_next_dist_compiled_react-dom_1e674e59._.js:2325
[   42448ms] [ERROR] Unable to preventDefault inside passive event listener invocation. @ http://localhost:3000/_next/static/chunks/node_modules_next_dist_compiled_react-dom_1e674e59._.js:2325
[   42489ms] [LOG] [Fast Refresh] rebuilding @ http://localhost:3000/_next/static/chunks/node_modules_next_dist_f3530cac._.js:2297
[   42505ms] [LOG] [Fast Refresh] done in 124ms @ http://localhost:3000/_next/static/chunks/node_modules_next_dist_f3530cac._.js:2297
[   42602ms] [ERROR] Unable to preventDefault inside passive event listener invocation. @ http://localhost:3000/_next/static/chunks/node_modules_next_dist_compiled_react-dom_1e674e59._.js:2325
[   42632ms] [ERROR] Unable to preventDefault inside passive event listener invocation. @ http://localhost:3000/_next/static/chunks/node_modules_next_dist_compiled_react-dom_1e674e59._.js:2325
[   42648ms] [ERROR] Unable to preventDefault inside passive event listener invocation. @ http://localhost:3000/_next/static/chunks/node_modules_next_dist_compiled_react-dom_1e674e59._.js:2325
[   46950ms] [LOG] [cache-update] sid= null poleTags= 101 shapes= 0 @ http://localhost:3000/_next/static/chunks/node_modules_next_dist_f3530cac._.js:2297
[   46951ms] [WARNING] [cache-update] skipping save — no sessionId or db @ http://localhost:3000/_next/static/chunks/node_modules_next_dist_f3530cac._.js:2297
[   61988ms] [LOG] [Fast Refresh] rebuilding @ http://localhost:3000/_next/static/chunks/node_modules_next_dist_f3530cac._.js:2297
[   62052ms] [LOG] [Fast Refresh] done in 167ms @ http://localhost:3000/_next/static/chunks/node_modules_next_dist_f3530cac._.js:2297
[   64028ms] [LOG] [Fast Refresh] rebuilding @ http://localhost:3000/_next/static/chunks/node_modules_next_dist_f3530cac._.js:2297
[   64035ms] [LOG] [Fast Refresh] done in 129ms @ http://localhost:3000/_next/static/chunks/node_modules_next_dist_f3530cac._.js:2297
[   64148ms] [LOG] [Fast Refresh] rebuilding @ http://localhost:3000/_next/static/chunks/node_modules_next_dist_f3530cac._.js:2297
[   64152ms] [LOG] [Fast Refresh] done in 109ms @ http://localhost:3000/_next/static/chunks/node_modules_next_dist_f3530cac._.js:2297
[   72051ms] [ERROR] Unable to preventDefault inside passive event listener invocation. @ http://localhost:3000/_next/static/chunks/node_modules_next_dist_compiled_react-dom_1e674e59._.js:2325
[   72102ms] [ERROR] Unable to preventDefault inside passive event listener invocation. @ http://localhost:3000/_next/static/chunks/node_modules_next_dist_compiled_react-dom_1e674e59._.js:2325
[   72499ms] [ERROR] Unable to preventDefault inside passive event listener invocation. @ http://localhost:3000/_next/static/chunks/node_modules_next_dist_compiled_react-dom_1e674e59._.js:2325
[   72517ms] [ERROR] Unable to preventDefault inside passive event listener invocation. @ http://localhost:3000/_next/static/chunks/node_modules_next_dist_compiled_react-dom_1e674e59._.js:2325
[   72537ms] [ERROR] Unable to preventDefault inside passive event listener invocation. @ http://localhost:3000/_next/static/chunks/node_modules_next_dist_compiled_react-dom_1e674e59._.js:2325
[   72556ms] [ERROR] Unable to preventDefault inside passive event listener invocation. @ http://localhost:3000/_next/static/chunks/node_modules_next_dist_compiled_react-dom_1e674e59._.js:2325
[   72595ms] [ERROR] Unable to preventDefault inside passive event listener invocation. @ http://localhost:3000/_next/static/chunks/node_modules_next_dist_compiled_react-dom_1e674e59._.js:2325
[   72738ms] [ERROR] Unable to preventDefault inside passive event listener invocation. @ http://localhost:3000/_next/static/chunks/node_modules_next_dist_compiled_react-dom_1e674e59._.js:2325
[   72758ms] [ERROR] Unable to preventDefault inside passive event listener invocation. @ http://localhost:3000/_next/static/chunks/node_modules_next_dist_compiled_react-dom_1e674e59._.js:2325
[   72771ms] [ERROR] Unable to preventDefault inside passive event listener invocation. @ http://localhost:3000/_next/static/chunks/node_modules_next_dist_compiled_react-dom_1e674e59._.js:2325
[   72788ms] [ERROR] Unable to preventDefault inside passive event listener invocation. @ http://localhost:3000/_next/static/chunks/node_modules_next_dist_compiled_react-dom_1e674e59._.js:2325
[   72835ms] [ERROR] Unable to preventDefault inside passive event listener invocation. @ http://localhost:3000/_next/static/chunks/node_modules_next_dist_compiled_react-dom_1e674e59._.js:2325
[   72976ms] [ERROR] Unable to preventDefault inside passive event listener invocation. @ http://localhost:3000/_next/static/chunks/node_modules_next_dist_compiled_react-dom_1e674e59._.js:2325
[   72992ms] [ERROR] Unable to preventDefault inside passive event listener invocation. @ http://localhost:3000/_next/static/chunks/node_modules_next_dist_compiled_react-dom_1e674e59._.js:2325
[   73009ms] [ERROR] Unable to preventDefault inside passive event listener invocation. @ http://localhost:3000/_next/static/chunks/node_modules_next_dist_compiled_react-dom_1e674e59._.js:2325
[   73035ms] [ERROR] Unable to preventDefault inside passive event listener invocation. @ http://localhost:3000/_next/static/chunks/node_modules_next_dist_compiled_react-dom_1e674e59._.js:2325
[   73097ms] [LOG] [Fast Refresh] rebuilding @ http://localhost:3000/_next/static/chunks/node_modules_next_dist_f3530cac._.js:2297
[   73098ms] [LOG] [Fast Refresh] done in 108ms @ http://localhost:3000/_next/static/chunks/node_modules_next_dist_f3530cac._.js:2297
[  145556ms] [LOG] [Fast Refresh] rebuilding @ http://localhost:3000/_next/static/chunks/node_modules_next_dist_f3530cac._.js:2297
[  145635ms] [LOG] [Fast Refresh] done in 186ms @ http://localhost:3000/_next/static/chunks/node_modules_next_dist_f3530cac._.js:2297
[  158264ms] [LOG] [Fast Refresh] rebuilding @ http://localhost:3000/_next/static/chunks/node_modules_next_dist_f3530cac._.js:2297
[  158280ms] [LOG] [Fast Refresh] done in 123ms @ http://localhost:3000/_next/static/chunks/node_modules_next_dist_f3530cac._.js:2297
[  178101ms] [LOG] [Fast Refresh] rebuilding @ http://localhost:3000/_next/static/chunks/node_modules_next_dist_f3530cac._.js:2297
[  178163ms] [LOG] [Fast Refresh] done in 167ms @ http://localhost:3000/_next/static/chunks/node_modules_next_dist_f3530cac._.js:2297
[  199798ms] [LOG] [Fast Refresh] rebuilding @ http://localhost:3000/_next/static/chunks/node_modules_next_dist_f3530cac._.js:2297
[  199942ms] [LOG] [Fast Refresh] done in 268ms @ http://localhost:3000/_next/static/chunks/node_modules_next_dist_f3530cac._.js:2297
[  212077ms] [LOG] [Fast Refresh] rebuilding @ http://localhost:3000/_next/static/chunks/node_modules_next_dist_f3530cac._.js:2297
[  212094ms] [LOG] [Fast Refresh] done in 121ms @ http://localhost:3000/_next/static/chunks/node_modules_next_dist_f3530cac._.js:2297
[  228831ms] [LOG] [Fast Refresh] rebuilding @ http://localhost:3000/_next/static/chunks/node_modules_next_dist_f3530cac._.js:2297
[  228893ms] [LOG] [Fast Refresh] done in 169ms @ http://localhost:3000/_next/static/chunks/node_modules_next_dist_f3530cac._.js:2297
[  392361ms] [ERROR] Failed to load resource: net::ERR_CONNECTION_REFUSED @ http://localhost:3000/api/pole_tags:0
[  393384ms] [ERROR] WebSocket connection to 'ws://localhost:3000/_next/webpack-hmr?id=Dl4MMUryODhsEAamVvndz' failed: Error in connection establishment: net::ERR_CONNECTION_REFUSED @ http://localhost:3000/_next/static/chunks/node_modules_next_dist_client_17643121._.js:10878
[  394224ms] [ERROR] Failed to load resource: net::ERR_CONNECTION_REFUSED @ http://localhost:3000/api/pole_tags:0
[  394393ms] [ERROR] WebSocket connection to 'ws://localhost:3000/_next/webpack-hmr?id=Dl4MMUryODhsEAamVvndz' failed: Error in connection establishment: net::ERR_CONNECTION_REFUSED @ http://localhost:3000/_next/static/chunks/node_modules_next_dist_client_17643121._.js:10878
[  395401ms] [ERROR] WebSocket connection to 'ws://localhost:3000/_next/webpack-hmr?id=Dl4MMUryODhsEAamVvndz' failed: Error in connection establishment: net::ERR_CONNECTION_REFUSED @ http://localhost:3000/_next/static/chunks/node_modules_next_dist_client_17643121._.js:10878
[  396221ms] [ERROR] Failed to load resource: net::ERR_CONNECTION_REFUSED @ http://localhost:3000/api/pole_tags:0
[  396411ms] [ERROR] WebSocket connection to 'ws://localhost:3000/_next/webpack-hmr?id=Dl4MMUryODhsEAamVvndz' failed: Error in connection establishment: net::ERR_CONNECTION_REFUSED @ http://localhost:3000/_next/static/chunks/node_modules_next_dist_client_17643121._.js:10878
[  397441ms] [ERROR] WebSocket connection to 'ws://localhost:3000/_next/webpack-hmr?id=Dl4MMUryODhsEAamVvndz' failed: Error in connection establishment: net::ERR_CONNECTION_REFUSED @ http://localhost:3000/_next/static/chunks/node_modules_next_dist_client_17643121._.js:10878
[  398232ms] [ERROR] Failed to load resource: net::ERR_CONNECTION_REFUSED @ http://localhost:3000/api/pole_tags:0
[  400225ms] [ERROR] Failed to load resource: net::ERR_CONNECTION_REFUSED @ http://localhost:3000/api/pole_tags:0
[  402227ms] [ERROR] Failed to load resource: net::ERR_CONNECTION_REFUSED @ http://localhost:3000/api/pole_tags:0
[  402462ms] [ERROR] WebSocket connection to 'ws://localhost:3000/_next/webpack-hmr?id=Dl4MMUryODhsEAamVvndz' failed: Error in connection establishment: net::ERR_CONNECTION_REFUSED @ http://localhost:3000/_next/static/chunks/node_modules_next_dist_client_17643121._.js:10878
[  404232ms] [ERROR] Failed to load resource: net::ERR_CONNECTION_REFUSED @ http://localhost:3000/api/pole_tags:0
[  406226ms] [ERROR] Failed to load resource: net::ERR_CONNECTION_REFUSED @ http://localhost:3000/api/pole_tags:0
[  407493ms] [ERROR] WebSocket connection to 'ws://localhost:3000/_next/webpack-hmr?id=Dl4MMUryODhsEAamVvndz' failed: Error in connection establishment: net::ERR_CONNECTION_REFUSED @ http://localhost:3000/_next/static/chunks/node_modules_next_dist_client_17643121._.js:10878
[  408229ms] [ERROR] Failed to load resource: net::ERR_CONNECTION_REFUSED @ http://localhost:3000/api/pole_tags:0
[  410222ms] [ERROR] Failed to load resource: net::ERR_CONNECTION_REFUSED @ http://localhost:3000/api/pole_tags:0
[  412223ms] [ERROR] Failed to load resource: net::ERR_CONNECTION_REFUSED @ http://localhost:3000/api/pole_tags:0
[  412515ms] [ERROR] WebSocket connection to 'ws://localhost:3000/_next/webpack-hmr?id=Dl4MMUryODhsEAamVvndz' failed: Error in connection establishment: net::ERR_CONNECTION_REFUSED @ http://localhost:3000/_next/static/chunks/node_modules_next_dist_client_17643121._.js:10878
[  414238ms] [ERROR] Failed to load resource: net::ERR_CONNECTION_REFUSED @ http://localhost:3000/api/pole_tags:0
[  416228ms] [ERROR] Failed to load resource: net::ERR_CONNECTION_REFUSED @ http://localhost:3000/api/pole_tags:0
[  426974ms] [LOG] [HMR] connected @ http://localhost:3000/_next/static/chunks/node_modules_next_dist_f3530cac._.js:2297
[  430394ms] [INFO] %cDownload the React DevTools for a better development experience: https://react.dev/link/react-devtools font-weight:bold @ http://localhost:3000/_next/static/chunks/node_modules_next_dist_f3530cac._.js:2297
[  430478ms] [LOG] [HMR] connected @ http://localhost:3000/_next/static/chunks/node_modules_next_dist_f3530cac._.js:2297
[  476093ms] [INFO] %cDownload the React DevTools for a better development experience: https://react.dev/link/react-devtools font-weight:bold @ http://localhost:3000/_next/static/chunks/node_modules_next_dist_f3530cac._.js:2297
[  476280ms] [LOG] [HMR] connected @ http://localhost:3000/_next/static/chunks/node_modules_next_dist_f3530cac._.js:2297
[  482110ms] [WARNING] [session] could not resolve session: Error: Supabase not configured. Add NEXT_PUBLIC_SUPABASE_URL and NEXT_PUBLIC_SUPABASE_ANON_KEY to .env
    at throwNotConfigured (http://localhost:3000/_next/static/chunks/app_72cdfce5._.js:189:11)
    at useDatabase.useCallback[getSb] (http://localhost:3000/_next/static/chunks/app_72cdfce5._.js:195:153)
    at useDatabase.useCallback[checkForExistingSession] [as checkForExistingSession] (http://localhost:3000/_next/static/chunks/app_72cdfce5._.js:350:24)
    at Home.useCallback[resolveSessionId] (http://localhost:3000/_next/static/chunks/app_72cdfce5._.js:1495:43)
    at Home.useCallback[handleStartProcessing] (http://localhost:3000/_next/static/chunks/app_72cdfce5._.js:1615:13)
    at onClick (http://localhost:3000/_next/static/chunks/app_components_LoadScreen_tsx_13da77f7._.js:2153:46)
    at executeDispatch (http://localhost:3000/_next/static/chunks/node_modules_next_dist_compiled_react-dom_1e674e59._.js:10314:13)
    at runWithFiberInDEV (http://localhost:3000/_next/static/chunks/node_modules_next_dist_compiled_react-dom_1e674e59._.js:965:74)
    at processDispatchQueue (http://localhost:3000/_next/static/chunks/node_modules_next_dist_compiled_react-dom_1e674e59._.js:10340:41)
    at http://localhost:3000/_next/static/chunks/node_modules_next_dist_compiled_react-dom_1e674e59._.js:10615:13
    at batchedUpdates$1 (http://localhost:3000/_next/static/chunks/node_modules_next_dist_compiled_react-dom_1e674e59._.js:2253:44)
    at dispatchEventForPluginEventSystem (http://localhost:3000/_next/static/chunks/node_modules_next_dist_compiled_react-dom_1e674e59._.js:10416:9)
    at dispatchEvent (http://localhost:3000/_next/static/chunks/node_modules_next_dist_compiled_react-dom_1e674e59._.js:12935:37)
    at dispatchDiscreteEvent (http://localhost:3000/_next/static/chunks/node_modules_next_dist_compiled_react-dom_1e674e59._.js:12917:64) @ http://localhost:3000/_next/static/chunks/node_modules_next_dist_f3530cac._.js:2297
[  493068ms] [LOG] [PoleLayout mount] cachedData: poleDone=false tags=0 @ http://localhost:3000/_next/static/chunks/node_modules_next_dist_f3530cac._.js:2297
[  493081ms] [LOG] [PoleLayout mount] cachedData: poleDone=false tags=0 @ http://localhost:3000/_next/static/chunks/node_modules_next_dist_f3530cac._.js:2297
[  493198ms] [LOG] [Fast Refresh] rebuilding @ http://localhost:3000/_next/static/chunks/node_modules_next_dist_f3530cac._.js:2297
[  493345ms] [LOG] [Fast Refresh] done in 251ms @ http://localhost:3000/_next/static/chunks/node_modules_next_dist_f3530cac._.js:2297
[  494382ms] [ERROR] Unable to preventDefault inside passive event listener invocation. @ http://localhost:3000/_next/static/chunks/node_modules_next_dist_compiled_react-dom_1e674e59._.js:2325
[  494417ms] [ERROR] Unable to preventDefault inside passive event listener invocation. @ http://localhost:3000/_next/static/chunks/node_modules_next_dist_compiled_react-dom_1e674e59._.js:2325
[  494462ms] [ERROR] Unable to preventDefault inside passive event listener invocation. @ http://localhost:3000/_next/static/chunks/node_modules_next_dist_compiled_react-dom_1e674e59._.js:2325
[  497783ms] [LOG] [cache-update] sid= null poleTags= 0 shapes= 0 @ http://localhost:3000/_next/static/chunks/node_modules_next_dist_f3530cac._.js:2297
[  497783ms] [WARNING] [cache-update] skipping save — no sessionId or db @ http://localhost:3000/_next/static/chunks/node_modules_next_dist_f3530cac._.js:2297
[  497901ms] [LOG] [Fast Refresh] rebuilding @ http://localhost:3000/_next/static/chunks/node_modules_next_dist_f3530cac._.js:2297
[  497984ms] [LOG] [Fast Refresh] done in 187ms @ http://localhost:3000/_next/static/chunks/node_modules_next_dist_f3530cac._.js:2297
[  499882ms] [LOG] [cache-update] sid= null poleTags= 4 shapes= 0 @ http://localhost:3000/_next/static/chunks/node_modules_next_dist_f3530cac._.js:2297
[  499882ms] [WARNING] [cache-update] skipping save — no sessionId or db @ http://localhost:3000/_next/static/chunks/node_modules_next_dist_f3530cac._.js:2297
[  500329ms] [ERROR] Unable to preventDefault inside passive event listener invocation. @ http://localhost:3000/_next/static/chunks/node_modules_next_dist_compiled_react-dom_1e674e59._.js:2325
[  500356ms] [ERROR] Unable to preventDefault inside passive event listener invocation. @ http://localhost:3000/_next/static/chunks/node_modules_next_dist_compiled_react-dom_1e674e59._.js:2325
[  500376ms] [ERROR] Unable to preventDefault inside passive event listener invocation. @ http://localhost:3000/_next/static/chunks/node_modules_next_dist_compiled_react-dom_1e674e59._.js:2325
[  500565ms] [ERROR] Unable to preventDefault inside passive event listener invocation. @ http://localhost:3000/_next/static/chunks/node_modules_next_dist_compiled_react-dom_1e674e59._.js:2325
[  500593ms] [ERROR] Unable to preventDefault inside passive event listener invocation. @ http://localhost:3000/_next/static/chunks/node_modules_next_dist_compiled_react-dom_1e674e59._.js:2325
[  500613ms] [ERROR] Unable to preventDefault inside passive event listener invocation. @ http://localhost:3000/_next/static/chunks/node_modules_next_dist_compiled_react-dom_1e674e59._.js:2325
[  500636ms] [ERROR] Unable to preventDefault inside passive event listener invocation. @ http://localhost:3000/_next/static/chunks/node_modules_next_dist_compiled_react-dom_1e674e59._.js:2325
[  500824ms] [ERROR] Unable to preventDefault inside passive event listener invocation. @ http://localhost:3000/_next/static/chunks/node_modules_next_dist_compiled_react-dom_1e674e59._.js:2325
[  500849ms] [ERROR] Unable to preventDefault inside passive event listener invocation. @ http://localhost:3000/_next/static/chunks/node_modules_next_dist_compiled_react-dom_1e674e59._.js:2325
[  500915ms] [ERROR] Unable to preventDefault inside passive event listener invocation. @ http://localhost:3000/_next/static/chunks/node_modules_next_dist_compiled_react-dom_1e674e59._.js:2325
[  501087ms] [ERROR] Unable to preventDefault inside passive event listener invocation. @ http://localhost:3000/_next/static/chunks/node_modules_next_dist_compiled_react-dom_1e674e59._.js:2325
[  501109ms] [ERROR] Unable to preventDefault inside passive event listener invocation. @ http://localhost:3000/_next/static/chunks/node_modules_next_dist_compiled_react-dom_1e674e59._.js:2325
[  501141ms] [ERROR] Unable to preventDefault inside passive event listener invocation. @ http://localhost:3000/_next/static/chunks/node_modules_next_dist_compiled_react-dom_1e674e59._.js:2325
[  501196ms] [LOG] [Fast Refresh] rebuilding @ http://localhost:3000/_next/static/chunks/node_modules_next_dist_f3530cac._.js:2297
[  501202ms] [LOG] [Fast Refresh] done in 110ms @ http://localhost:3000/_next/static/chunks/node_modules_next_dist_f3530cac._.js:2297
[  501913ms] [ERROR] Unable to preventDefault inside passive event listener invocation. @ http://localhost:3000/_next/static/chunks/node_modules_next_dist_compiled_react-dom_1e674e59._.js:2325
[  501961ms] [LOG] [cache-update] sid= null poleTags= 14 shapes= 0 @ http://localhost:3000/_next/static/chunks/node_modules_next_dist_f3530cac._.js:2297
[  501961ms] [WARNING] [cache-update] skipping save — no sessionId or db @ http://localhost:3000/_next/static/chunks/node_modules_next_dist_f3530cac._.js:2297
[  501989ms] [ERROR] Unable to preventDefault inside passive event listener invocation. @ http://localhost:3000/_next/static/chunks/node_modules_next_dist_compiled_react-dom_1e674e59._.js:2325
[  502216ms] [ERROR] Unable to preventDefault inside passive event listener invocation. @ http://localhost:3000/_next/static/chunks/node_modules_next_dist_compiled_react-dom_1e674e59._.js:2325
[  502247ms] [ERROR] Unable to preventDefault inside passive event listener invocation. @ http://localhost:3000/_next/static/chunks/node_modules_next_dist_compiled_react-dom_1e674e59._.js:2325
[  502300ms] [ERROR] Unable to preventDefault inside passive event listener invocation. @ http://localhost:3000/_next/static/chunks/node_modules_next_dist_compiled_react-dom_1e674e59._.js:2325
[  502499ms] [ERROR] Unable to preventDefault inside passive event listener invocation. @ http://localhost:3000/_next/static/chunks/node_modules_next_dist_compiled_react-dom_1e674e59._.js:2325
[  502524ms] [ERROR] Unable to preventDefault inside passive event listener invocation. @ http://localhost:3000/_next/static/chunks/node_modules_next_dist_compiled_react-dom_1e674e59._.js:2325
[  502566ms] [ERROR] Unable to preventDefault inside passive event listener invocation. @ http://localhost:3000/_next/static/chunks/node_modules_next_dist_compiled_react-dom_1e674e59._.js:2325
[  503159ms] [ERROR] Unable to preventDefault inside passive event listener invocation. @ http://localhost:3000/_next/static/chunks/node_modules_next_dist_compiled_react-dom_1e674e59._.js:2325
[  503186ms] [ERROR] Unable to preventDefault inside passive event listener invocation. @ http://localhost:3000/_next/static/chunks/node_modules_next_dist_compiled_react-dom_1e674e59._.js:2325
[  503210ms] [ERROR] Unable to preventDefault inside passive event listener invocation. @ http://localhost:3000/_next/static/chunks/node_modules_next_dist_compiled_react-dom_1e674e59._.js:2325
[  503240ms] [ERROR] Unable to preventDefault inside passive event listener invocation. @ http://localhost:3000/_next/static/chunks/node_modules_next_dist_compiled_react-dom_1e674e59._.js:2325
[  504035ms] [LOG] [cache-update] sid= null poleTags= 28 shapes= 0 @ http://localhost:3000/_next/static/chunks/node_modules_next_dist_f3530cac._.js:2297
[  504035ms] [WARNING] [cache-update] skipping save — no sessionId or db @ http://localhost:3000/_next/static/chunks/node_modules_next_dist_f3530cac._.js:2297
[  506103ms] [LOG] [cache-update] sid= null poleTags= 39 shapes= 0 @ http://localhost:3000/_next/static/chunks/node_modules_next_dist_f3530cac._.js:2297
[  506103ms] [WARNING] [cache-update] skipping save — no sessionId or db @ http://localhost:3000/_next/static/chunks/node_modules_next_dist_f3530cac._.js:2297
[  508190ms] [LOG] [cache-update] sid= null poleTags= 49 shapes= 0 @ http://localhost:3000/_next/static/chunks/node_modules_next_dist_f3530cac._.js:2297
[  508191ms] [WARNING] [cache-update] skipping save — no sessionId or db @ http://localhost:3000/_next/static/chunks/node_modules_next_dist_f3530cac._.js:2297
[  510269ms] [LOG] [cache-update] sid= null poleTags= 57 shapes= 0 @ http://localhost:3000/_next/static/chunks/node_modules_next_dist_f3530cac._.js:2297
[  510269ms] [WARNING] [cache-update] skipping save — no sessionId or db @ http://localhost:3000/_next/static/chunks/node_modules_next_dist_f3530cac._.js:2297
[  512474ms] [LOG] [cache-update] sid= null poleTags= 68 shapes= 0 @ http://localhost:3000/_next/static/chunks/node_modules_next_dist_f3530cac._.js:2297
[  512474ms] [WARNING] [cache-update] skipping save — no sessionId or db @ http://localhost:3000/_next/static/chunks/node_modules_next_dist_f3530cac._.js:2297
[  514560ms] [LOG] [cache-update] sid= null poleTags= 72 shapes= 0 @ http://localhost:3000/_next/static/chunks/node_modules_next_dist_f3530cac._.js:2297
[  514561ms] [WARNING] [cache-update] skipping save — no sessionId or db @ http://localhost:3000/_next/static/chunks/node_modules_next_dist_f3530cac._.js:2297
[  516632ms] [LOG] [cache-update] sid= null poleTags= 97 shapes= 0 @ http://localhost:3000/_next/static/chunks/node_modules_next_dist_f3530cac._.js:2297
[  516633ms] [WARNING] [cache-update] skipping save — no sessionId or db @ http://localhost:3000/_next/static/chunks/node_modules_next_dist_f3530cac._.js:2297
[  516849ms] [LOG] [cache-update] sid= null poleTags= 97 shapes= 0 @ http://localhost:3000/_next/static/chunks/node_modules_next_dist_f3530cac._.js:2297
[  516849ms] [WARNING] [cache-update] skipping save — no sessionId or db @ http://localhost:3000/_next/static/chunks/node_modules_next_dist_f3530cac._.js:2297
[  536570ms] [ERROR] Unable to preventDefault inside passive event listener invocation. @ http://localhost:3000/_next/static/chunks/node_modules_next_dist_compiled_react-dom_1e674e59._.js:2325
[  536614ms] [ERROR] Unable to preventDefault inside passive event listener invocation. @ http://localhost:3000/_next/static/chunks/node_modules_next_dist_compiled_react-dom_1e674e59._.js:2325
[  536662ms] [ERROR] Unable to preventDefault inside passive event listener invocation. @ http://localhost:3000/_next/static/chunks/node_modules_next_dist_compiled_react-dom_1e674e59._.js:2325
[  536874ms] [ERROR] Unable to preventDefault inside passive event listener invocation. @ http://localhost:3000/_next/static/chunks/node_modules_next_dist_compiled_react-dom_1e674e59._.js:2325
[  536913ms] [ERROR] Unable to preventDefault inside passive event listener invocation. @ http://localhost:3000/_next/static/chunks/node_modules_next_dist_compiled_react-dom_1e674e59._.js:2325
[  536959ms] [ERROR] Unable to preventDefault inside passive event listener invocation. @ http://localhost:3000/_next/static/chunks/node_modules_next_dist_compiled_react-dom_1e674e59._.js:2325
[  537157ms] [ERROR] Unable to preventDefault inside passive event listener invocation. @ http://localhost:3000/_next/static/chunks/node_modules_next_dist_compiled_react-dom_1e674e59._.js:2325
[  537174ms] [ERROR] Unable to preventDefault inside passive event listener invocation. @ http://localhost:3000/_next/static/chunks/node_modules_next_dist_compiled_react-dom_1e674e59._.js:2325
[  537197ms] [ERROR] Unable to preventDefault inside passive event listener invocation. @ http://localhost:3000/_next/static/chunks/node_modules_next_dist_compiled_react-dom_1e674e59._.js:2325
[  537249ms] [ERROR] Unable to preventDefault inside passive event listener invocation. @ http://localhost:3000/_next/static/chunks/node_modules_next_dist_compiled_react-dom_1e674e59._.js:2325
[  537387ms] [ERROR] Unable to preventDefault inside passive event listener invocation. @ http://localhost:3000/_next/static/chunks/node_modules_next_dist_compiled_react-dom_1e674e59._.js:2325
[  537408ms] [ERROR] Unable to preventDefault inside passive event listener invocation. @ http://localhost:3000/_next/static/chunks/node_modules_next_dist_compiled_react-dom_1e674e59._.js:2325
[  537429ms] [ERROR] Unable to preventDefault inside passive event listener invocation. @ http://localhost:3000/_next/static/chunks/node_modules_next_dist_compiled_react-dom_1e674e59._.js:2325
[  537470ms] [ERROR] Unable to preventDefault inside passive event listener invocation. @ http://localhost:3000/_next/static/chunks/node_modules_next_dist_compiled_react-dom_1e674e59._.js:2325
[  537647ms] [ERROR] Unable to preventDefault inside passive event listener invocation. @ http://localhost:3000/_next/static/chunks/node_modules_next_dist_compiled_react-dom_1e674e59._.js:2325
[  537670ms] [ERROR] Unable to preventDefault inside passive event listener invocation. @ http://localhost:3000/_next/static/chunks/node_modules_next_dist_compiled_react-dom_1e674e59._.js:2325
[  537697ms] [ERROR] Unable to preventDefault inside passive event listener invocation. @ http://localhost:3000/_next/static/chunks/node_modules_next_dist_compiled_react-dom_1e674e59._.js:2325
[  558224ms] [LOG] [cache-update] sid= null poleTags= 0 shapes= 0 @ http://localhost:3000/_next/static/chunks/node_modules_next_dist_f3530cac._.js:2297
[  558224ms] [WARNING] [cache-update] skipping save — no sessionId or db @ http://localhost:3000/_next/static/chunks/node_modules_next_dist_f3530cac._.js:2297
[  558706ms] [LOG] [cache-update] sid= null poleTags= 0 shapes= 0 @ http://localhost:3000/_next/static/chunks/node_modules_next_dist_f3530cac._.js:2297
[  558706ms] [WARNING] [cache-update] skipping save — no sessionId or db @ http://localhost:3000/_next/static/chunks/node_modules_next_dist_f3530cac._.js:2297
[  558882ms] [ERROR] Unable to preventDefault inside passive event listener invocation. @ http://localhost:3000/_next/static/chunks/node_modules_next_dist_compiled_react-dom_1e674e59._.js:2325
[  558911ms] [ERROR] Unable to preventDefault inside passive event listener invocation. @ http://localhost:3000/_next/static/chunks/node_modules_next_dist_compiled_react-dom_1e674e59._.js:2325
[  559107ms] [ERROR] Unable to preventDefault inside passive event listener invocation. @ http://localhost:3000/_next/static/chunks/node_modules_next_dist_compiled_react-dom_1e674e59._.js:2325
[  559127ms] [ERROR] Unable to preventDefault inside passive event listener invocation. @ http://localhost:3000/_next/static/chunks/node_modules_next_dist_compiled_react-dom_1e674e59._.js:2325
[  559150ms] [ERROR] Unable to preventDefault inside passive event listener invocation. @ http://localhost:3000/_next/static/chunks/node_modules_next_dist_compiled_react-dom_1e674e59._.js:2325
[  559174ms] [ERROR] Unable to preventDefault inside passive event listener invocation. @ http://localhost:3000/_next/static/chunks/node_modules_next_dist_compiled_react-dom_1e674e59._.js:2325
[  559361ms] [ERROR] Unable to preventDefault inside passive event listener invocation. @ http://localhost:3000/_next/static/chunks/node_modules_next_dist_compiled_react-dom_1e674e59._.js:2325
[  559378ms] [ERROR] Unable to preventDefault inside passive event listener invocation. @ http://localhost:3000/_next/static/chunks/node_modules_next_dist_compiled_react-dom_1e674e59._.js:2325
[  559399ms] [ERROR] Unable to preventDefault inside passive event listener invocation. @ http://localhost:3000/_next/static/chunks/node_modules_next_dist_compiled_react-dom_1e674e59._.js:2325
[  559428ms] [ERROR] Unable to preventDefault inside passive event listener invocation. @ http://localhost:3000/_next/static/chunks/node_modules_next_dist_compiled_react-dom_1e674e59._.js:2325
[  560500ms] [ERROR] Unable to preventDefault inside passive event listener invocation. @ http://localhost:3000/_next/static/chunks/node_modules_next_dist_compiled_react-dom_1e674e59._.js:2325
[  560560ms] [ERROR] Unable to preventDefault inside passive event listener invocation. @ http://localhost:3000/_next/static/chunks/node_modules_next_dist_compiled_react-dom_1e674e59._.js:2325
[  560791ms] [LOG] [cache-update] sid= null poleTags= 4 shapes= 0 @ http://localhost:3000/_next/static/chunks/node_modules_next_dist_f3530cac._.js:2297
[  560792ms] [WARNING] [cache-update] skipping save — no sessionId or db @ http://localhost:3000/_next/static/chunks/node_modules_next_dist_f3530cac._.js:2297
[  561023ms] [ERROR] Unable to preventDefault inside passive event listener invocation. @ http://localhost:3000/_next/static/chunks/node_modules_next_dist_compiled_react-dom_1e674e59._.js:2325
[  561045ms] [ERROR] Unable to preventDefault inside passive event listener invocation. @ http://localhost:3000/_next/static/chunks/node_modules_next_dist_compiled_react-dom_1e674e59._.js:2325
[  561076ms] [ERROR] Unable to preventDefault inside passive event listener invocation. @ http://localhost:3000/_next/static/chunks/node_modules_next_dist_compiled_react-dom_1e674e59._.js:2325
[  561303ms] [ERROR] Unable to preventDefault inside passive event listener invocation. @ http://localhost:3000/_next/static/chunks/node_modules_next_dist_compiled_react-dom_1e674e59._.js:2325
[  561378ms] [ERROR] Unable to preventDefault inside passive event listener invocation. @ http://localhost:3000/_next/static/chunks/node_modules_next_dist_compiled_react-dom_1e674e59._.js:2325
[  561572ms] [ERROR] Unable to preventDefault inside passive event listener invocation. @ http://localhost:3000/_next/static/chunks/node_modules_next_dist_compiled_react-dom_1e674e59._.js:2325
[  561621ms] [ERROR] Unable to preventDefault inside passive event listener invocation. @ http://localhost:3000/_next/static/chunks/node_modules_next_dist_compiled_react-dom_1e674e59._.js:2325
[  562843ms] [LOG] [cache-update] sid= null poleTags= 10 shapes= 0 @ http://localhost:3000/_next/static/chunks/node_modules_next_dist_f3530cac._.js:2297
[  562843ms] [WARNING] [cache-update] skipping save — no sessionId or db @ http://localhost:3000/_next/static/chunks/node_modules_next_dist_f3530cac._.js:2297
[  564005ms] [ERROR] Unable to preventDefault inside passive event listener invocation. @ http://localhost:3000/_next/static/chunks/node_modules_next_dist_compiled_react-dom_1e674e59._.js:2325
[  564049ms] [ERROR] Unable to preventDefault inside passive event listener invocation. @ http://localhost:3000/_next/static/chunks/node_modules_next_dist_compiled_react-dom_1e674e59._.js:2325
[  564813ms] [ERROR] Unable to preventDefault inside passive event listener invocation. @ http://localhost:3000/_next/static/chunks/node_modules_next_dist_compiled_react-dom_1e674e59._.js:2325
[  564833ms] [ERROR] Unable to preventDefault inside passive event listener invocation. @ http://localhost:3000/_next/static/chunks/node_modules_next_dist_compiled_react-dom_1e674e59._.js:2325
[  564848ms] [ERROR] Unable to preventDefault inside passive event listener invocation. @ http://localhost:3000/_next/static/chunks/node_modules_next_dist_compiled_react-dom_1e674e59._.js:2325
[  564859ms] [ERROR] Unable to preventDefault inside passive event listener invocation. @ http://localhost:3000/_next/static/chunks/node_modules_next_dist_compiled_react-dom_1e674e59._.js:2325
[  564909ms] [LOG] [cache-update] sid= null poleTags= 16 shapes= 0 @ http://localhost:3000/_next/static/chunks/node_modules_next_dist_f3530cac._.js:2297
[  564909ms] [WARNING] [cache-update] skipping save — no sessionId or db @ http://localhost:3000/_next/static/chunks/node_modules_next_dist_f3530cac._.js:2297
[  565745ms] [ERROR] Unable to preventDefault inside passive event listener invocation. @ http://localhost:3000/_next/static/chunks/node_modules_next_dist_compiled_react-dom_1e674e59._.js:2325
[  565780ms] [ERROR] Unable to preventDefault inside passive event listener invocation. @ http://localhost:3000/_next/static/chunks/node_modules_next_dist_compiled_react-dom_1e674e59._.js:2325
[  566172ms] [ERROR] Unable to preventDefault inside passive event listener invocation. @ http://localhost:3000/_next/static/chunks/node_modules_next_dist_compiled_react-dom_1e674e59._.js:2325
[  566194ms] [ERROR] Unable to preventDefault inside passive event listener invocation. @ http://localhost:3000/_next/static/chunks/node_modules_next_dist_compiled_react-dom_1e674e59._.js:2325
[  566220ms] [ERROR] Unable to preventDefault inside passive event listener invocation. @ http://localhost:3000/_next/static/chunks/node_modules_next_dist_compiled_react-dom_1e674e59._.js:2325
[  566267ms] [ERROR] Unable to preventDefault inside passive event listener invocation. @ http://localhost:3000/_next/static/chunks/node_modules_next_dist_compiled_react-dom_1e674e59._.js:2325
[  566432ms] [ERROR] Unable to preventDefault inside passive event listener invocation. @ http://localhost:3000/_next/static/chunks/node_modules_next_dist_compiled_react-dom_1e674e59._.js:2325
[  566458ms] [ERROR] Unable to preventDefault inside passive event listener invocation. @ http://localhost:3000/_next/static/chunks/node_modules_next_dist_compiled_react-dom_1e674e59._.js:2325
[  566481ms] [ERROR] Unable to preventDefault inside passive event listener invocation. @ http://localhost:3000/_next/static/chunks/node_modules_next_dist_compiled_react-dom_1e674e59._.js:2325
[  566969ms] [LOG] [cache-update] sid= null poleTags= 24 shapes= 0 @ http://localhost:3000/_next/static/chunks/node_modules_next_dist_f3530cac._.js:2297
[  566969ms] [WARNING] [cache-update] skipping save — no sessionId or db @ http://localhost:3000/_next/static/chunks/node_modules_next_dist_f3530cac._.js:2297
[  568861ms] [ERROR] Unable to preventDefault inside passive event listener invocation. @ http://localhost:3000/_next/static/chunks/node_modules_next_dist_compiled_react-dom_1e674e59._.js:2325
[  568893ms] [ERROR] Unable to preventDefault inside passive event listener invocation. @ http://localhost:3000/_next/static/chunks/node_modules_next_dist_compiled_react-dom_1e674e59._.js:2325
[  568915ms] [ERROR] Unable to preventDefault inside passive event listener invocation. @ http://localhost:3000/_next/static/chunks/node_modules_next_dist_compiled_react-dom_1e674e59._.js:2325
[  568966ms] [ERROR] Unable to preventDefault inside passive event listener invocation. @ http://localhost:3000/_next/static/chunks/node_modules_next_dist_compiled_react-dom_1e674e59._.js:2325
[  569041ms] [LOG] [cache-update] sid= null poleTags= 30 shapes= 0 @ http://localhost:3000/_next/static/chunks/node_modules_next_dist_f3530cac._.js:2297
[  569041ms] [WARNING] [cache-update] skipping save — no sessionId or db @ http://localhost:3000/_next/static/chunks/node_modules_next_dist_f3530cac._.js:2297
[  569156ms] [ERROR] Unable to preventDefault inside passive event listener invocation. @ http://localhost:3000/_next/static/chunks/node_modules_next_dist_compiled_react-dom_1e674e59._.js:2325
[  569179ms] [ERROR] Unable to preventDefault inside passive event listener invocation. @ http://localhost:3000/_next/static/chunks/node_modules_next_dist_compiled_react-dom_1e674e59._.js:2325
[  569215ms] [ERROR] Unable to preventDefault inside passive event listener invocation. @ http://localhost:3000/_next/static/chunks/node_modules_next_dist_compiled_react-dom_1e674e59._.js:2325
[  569752ms] [ERROR] Unable to preventDefault inside passive event listener invocation. @ http://localhost:3000/_next/static/chunks/node_modules_next_dist_compiled_react-dom_1e674e59._.js:2325
[  569780ms] [ERROR] Unable to preventDefault inside passive event listener invocation. @ http://localhost:3000/_next/static/chunks/node_modules_next_dist_compiled_react-dom_1e674e59._.js:2325
[  569829ms] [ERROR] Unable to preventDefault inside passive event listener invocation. @ http://localhost:3000/_next/static/chunks/node_modules_next_dist_compiled_react-dom_1e674e59._.js:2325
[  570102ms] [ERROR] Unable to preventDefault inside passive event listener invocation. @ http://localhost:3000/_next/static/chunks/node_modules_next_dist_compiled_react-dom_1e674e59._.js:2325
[  570127ms] [ERROR] Unable to preventDefault inside passive event listener invocation. @ http://localhost:3000/_next/static/chunks/node_modules_next_dist_compiled_react-dom_1e674e59._.js:2325
[  570384ms] [ERROR] Unable to preventDefault inside passive event listener invocation. @ http://localhost:3000/_next/static/chunks/node_modules_next_dist_compiled_react-dom_1e674e59._.js:2325
[  570409ms] [ERROR] Unable to preventDefault inside passive event listener invocation. @ http://localhost:3000/_next/static/chunks/node_modules_next_dist_compiled_react-dom_1e674e59._.js:2325
[  570436ms] [ERROR] Unable to preventDefault inside passive event listener invocation. @ http://localhost:3000/_next/static/chunks/node_modules_next_dist_compiled_react-dom_1e674e59._.js:2325
[  570847ms] [ERROR] Unable to preventDefault inside passive event listener invocation. @ http://localhost:3000/_next/static/chunks/node_modules_next_dist_compiled_react-dom_1e674e59._.js:2325
[  571127ms] [LOG] [cache-update] sid= null poleTags= 35 shapes= 0 @ http://localhost:3000/_next/static/chunks/node_modules_next_dist_f3530cac._.js:2297
[  571127ms] [WARNING] [cache-update] skipping save — no sessionId or db @ http://localhost:3000/_next/static/chunks/node_modules_next_dist_f3530cac._.js:2297
[  572303ms] [LOG] [cache-update] sid= null poleTags= 40 shapes= 0 @ http://localhost:3000/_next/static/chunks/node_modules_next_dist_f3530cac._.js:2297
[  572303ms] [WARNING] [cache-update] skipping save — no sessionId or db @ http://localhost:3000/_next/static/chunks/node_modules_next_dist_f3530cac._.js:2297
[  573201ms] [LOG] [cache-update] sid= null poleTags= 40 shapes= 0 @ http://localhost:3000/_next/static/chunks/node_modules_next_dist_f3530cac._.js:2297
[  573201ms] [WARNING] [cache-update] skipping save — no sessionId or db @ http://localhost:3000/_next/static/chunks/node_modules_next_dist_f3530cac._.js:2297
[  575799ms] [ERROR] Unable to preventDefault inside passive event listener invocation. @ http://localhost:3000/_next/static/chunks/node_modules_next_dist_compiled_react-dom_1e674e59._.js:2325
[  575832ms] [ERROR] Unable to preventDefault inside passive event listener invocation. @ http://localhost:3000/_next/static/chunks/node_modules_next_dist_compiled_react-dom_1e674e59._.js:2325
[  575855ms] [ERROR] Unable to preventDefault inside passive event listener invocation. @ http://localhost:3000/_next/static/chunks/node_modules_next_dist_compiled_react-dom_1e674e59._.js:2325
[  576039ms] [ERROR] Unable to preventDefault inside passive event listener invocation. @ http://localhost:3000/_next/static/chunks/node_modules_next_dist_compiled_react-dom_1e674e59._.js:2325
[  576058ms] [ERROR] Unable to preventDefault inside passive event listener invocation. @ http://localhost:3000/_next/static/chunks/node_modules_next_dist_compiled_react-dom_1e674e59._.js:2325
[  576080ms] [ERROR] Unable to preventDefault inside passive event listener invocation. @ http://localhost:3000/_next/static/chunks/node_modules_next_dist_compiled_react-dom_1e674e59._.js:2325
[  576115ms] [ERROR] Unable to preventDefault inside passive event listener invocation. @ http://localhost:3000/_next/static/chunks/node_modules_next_dist_compiled_react-dom_1e674e59._.js:2325
[  576289ms] [ERROR] Unable to preventDefault inside passive event listener invocation. @ http://localhost:3000/_next/static/chunks/node_modules_next_dist_compiled_react-dom_1e674e59._.js:2325
[  576309ms] [ERROR] Unable to preventDefault inside passive event listener invocation. @ http://localhost:3000/_next/static/chunks/node_modules_next_dist_compiled_react-dom_1e674e59._.js:2325
[  576333ms] [ERROR] Unable to preventDefault inside passive event listener invocation. @ http://localhost:3000/_next/static/chunks/node_modules_next_dist_compiled_react-dom_1e674e59._.js:2325
[  576376ms] [ERROR] Unable to preventDefault inside passive event listener invocation. @ http://localhost:3000/_next/static/chunks/node_modules_next_dist_compiled_react-dom_1e674e59._.js:2325
[  576668ms] [ERROR] Unable to preventDefault inside passive event listener invocation. @ http://localhost:3000/_next/static/chunks/node_modules_next_dist_compiled_react-dom_1e674e59._.js:2325
[  576692ms] [ERROR] Unable to preventDefault inside passive event listener invocation. @ http://localhost:3000/_next/static/chunks/node_modules_next_dist_compiled_react-dom_1e674e59._.js:2325
[  577068ms] [ERROR] Unable to preventDefault inside passive event listener invocation. @ http://localhost:3000/_next/static/chunks/node_modules_next_dist_compiled_react-dom_1e674e59._.js:2325
[  577082ms] [ERROR] Unable to preventDefault inside passive event listener invocation. @ http://localhost:3000/_next/static/chunks/node_modules_next_dist_compiled_react-dom_1e674e59._.js:2325
[  577098ms] [ERROR] Unable to preventDefault inside passive event listener invocation. @ http://localhost:3000/_next/static/chunks/node_modules_next_dist_compiled_react-dom_1e674e59._.js:2325
[  577116ms] [ERROR] Unable to preventDefault inside passive event listener invocation. @ http://localhost:3000/_next/static/chunks/node_modules_next_dist_compiled_react-dom_1e674e59._.js:2325
[  577141ms] [ERROR] Unable to preventDefault inside passive event listener invocation. @ http://localhost:3000/_next/static/chunks/node_modules_next_dist_compiled_react-dom_1e674e59._.js:2325
[  577185ms] [LOG] [Fast Refresh] rebuilding @ http://localhost:3000/_next/static/chunks/node_modules_next_dist_f3530cac._.js:2297
[  577193ms] [LOG] [Fast Refresh] done in 108ms @ http://localhost:3000/_next/static/chunks/node_modules_next_dist_f3530cac._.js:2297
[  577324ms] [ERROR] Unable to preventDefault inside passive event listener invocation. @ http://localhost:3000/_next/static/chunks/node_modules_next_dist_compiled_react-dom_1e674e59._.js:2325
[  577345ms] [ERROR] Unable to preventDefault inside passive event listener invocation. @ http://localhost:3000/_next/static/chunks/node_modules_next_dist_compiled_react-dom_1e674e59._.js:2325
[  577363ms] [ERROR] Unable to preventDefault inside passive event listener invocation. @ http://localhost:3000/_next/static/chunks/node_modules_next_dist_compiled_react-dom_1e674e59._.js:2325
[  577384ms] [ERROR] Unable to preventDefault inside passive event listener invocation. @ http://localhost:3000/_next/static/chunks/node_modules_next_dist_compiled_react-dom_1e674e59._.js:2325
[  577431ms] [LOG] [Fast Refresh] rebuilding @ http://localhost:3000/_next/static/chunks/node_modules_next_dist_f3530cac._.js:2297
[  577438ms] [LOG] [Fast Refresh] done in 108ms @ http://localhost:3000/_next/static/chunks/node_modules_next_dist_f3530cac._.js:2297
[  580579ms] [ERROR] Unable to preventDefault inside passive event listener invocation. @ http://localhost:3000/_next/static/chunks/node_modules_next_dist_compiled_react-dom_1e674e59._.js:2325
[  580611ms] [ERROR] Unable to preventDefault inside passive event listener invocation. @ http://localhost:3000/_next/static/chunks/node_modules_next_dist_compiled_react-dom_1e674e59._.js:2325
[  580628ms] [ERROR] Unable to preventDefault inside passive event listener invocation. @ http://localhost:3000/_next/static/chunks/node_modules_next_dist_compiled_react-dom_1e674e59._.js:2325
[  580855ms] [ERROR] Unable to preventDefault inside passive event listener invocation. @ http://localhost:3000/_next/static/chunks/node_modules_next_dist_compiled_react-dom_1e674e59._.js:2325
[  580882ms] [ERROR] Unable to preventDefault inside passive event listener invocation. @ http://localhost:3000/_next/static/chunks/node_modules_next_dist_compiled_react-dom_1e674e59._.js:2325
[  580908ms] [ERROR] Unable to preventDefault inside passive event listener invocation. @ http://localhost:3000/_next/static/chunks/node_modules_next_dist_compiled_react-dom_1e674e59._.js:2325
[  580942ms] [ERROR] Unable to preventDefault inside passive event listener invocation. @ http://localhost:3000/_next/static/chunks/node_modules_next_dist_compiled_react-dom_1e674e59._.js:2325
[  580970ms] [LOG] [Fast Refresh] rebuilding @ http://localhost:3000/_next/static/chunks/node_modules_next_dist_f3530cac._.js:2297
[  581032ms] [LOG] [Fast Refresh] done in 169ms @ http://localhost:3000/_next/static/chunks/node_modules_next_dist_f3530cac._.js:2297
[  581916ms] [ERROR] Unable to preventDefault inside passive event listener invocation. @ http://localhost:3000/_next/static/chunks/node_modules_next_dist_compiled_react-dom_1e674e59._.js:2325
[  581932ms] [ERROR] Unable to preventDefault inside passive event listener invocation. @ http://localhost:3000/_next/static/chunks/node_modules_next_dist_compiled_react-dom_1e674e59._.js:2325
[  581946ms] [ERROR] Unable to preventDefault inside passive event listener invocation. @ http://localhost:3000/_next/static/chunks/node_modules_next_dist_compiled_react-dom_1e674e59._.js:2325
[  581958ms] [ERROR] Unable to preventDefault inside passive event listener invocation. @ http://localhost:3000/_next/static/chunks/node_modules_next_dist_compiled_react-dom_1e674e59._.js:2325
[  581983ms] [ERROR] Unable to preventDefault inside passive event listener invocation. @ http://localhost:3000/_next/static/chunks/node_modules_next_dist_compiled_react-dom_1e674e59._.js:2325
[  582150ms] [ERROR] Unable to preventDefault inside passive event listener invocation. @ http://localhost:3000/_next/static/chunks/node_modules_next_dist_compiled_react-dom_1e674e59._.js:2325
[  582175ms] [ERROR] Unable to preventDefault inside passive event listener invocation. @ http://localhost:3000/_next/static/chunks/node_modules_next_dist_compiled_react-dom_1e674e59._.js:2325
[  582196ms] [ERROR] Unable to preventDefault inside passive event listener invocation. @ http://localhost:3000/_next/static/chunks/node_modules_next_dist_compiled_react-dom_1e674e59._.js:2325
[  582358ms] [ERROR] Unable to preventDefault inside passive event listener invocation. @ http://localhost:3000/_next/static/chunks/node_modules_next_dist_compiled_react-dom_1e674e59._.js:2325
[  582384ms] [ERROR] Unable to preventDefault inside passive event listener invocation. @ http://localhost:3000/_next/static/chunks/node_modules_next_dist_compiled_react-dom_1e674e59._.js:2325
[  582404ms] [ERROR] Unable to preventDefault inside passive event listener invocation. @ http://localhost:3000/_next/static/chunks/node_modules_next_dist_compiled_react-dom_1e674e59._.js:2325
[  582423ms] [ERROR] Unable to preventDefault inside passive event listener invocation. @ http://localhost:3000/_next/static/chunks/node_modules_next_dist_compiled_react-dom_1e674e59._.js:2325
[  582595ms] [ERROR] Unable to preventDefault inside passive event listener invocation. @ http://localhost:3000/_next/static/chunks/node_modules_next_dist_compiled_react-dom_1e674e59._.js:2325
[  582628ms] [ERROR] Unable to preventDefault inside passive event listener invocation. @ http://localhost:3000/_next/static/chunks/node_modules_next_dist_compiled_react-dom_1e674e59._.js:2325
[  582652ms] [ERROR] Unable to preventDefault inside passive event listener invocation. @ http://localhost:3000/_next/static/chunks/node_modules_next_dist_compiled_react-dom_1e674e59._.js:2325
[  582695ms] [ERROR] Unable to preventDefault inside passive event listener invocation. @ http://localhost:3000/_next/static/chunks/node_modules_next_dist_compiled_react-dom_1e674e59._.js:2325
[  582858ms] [ERROR] Unable to preventDefault inside passive event listener invocation. @ http://localhost:3000/_next/static/chunks/node_modules_next_dist_compiled_react-dom_1e674e59._.js:2325
[  582880ms] [ERROR] Unable to preventDefault inside passive event listener invocation. @ http://localhost:3000/_next/static/chunks/node_modules_next_dist_compiled_react-dom_1e674e59._.js:2325
[  582903ms] [ERROR] Unable to preventDefault inside passive event listener invocation. @ http://localhost:3000/_next/static/chunks/node_modules_next_dist_compiled_react-dom_1e674e59._.js:2325
[  582965ms] [LOG] [Fast Refresh] rebuilding @ http://localhost:3000/_next/static/chunks/node_modules_next_dist_f3530cac._.js:2297
[  582973ms] [LOG] [Fast Refresh] done in 108ms @ http://localhost:3000/_next/static/chunks/node_modules_next_dist_f3530cac._.js:2297
[  585647ms] [ERROR] Unable to preventDefault inside passive event listener invocation. @ http://localhost:3000/_next/static/chunks/node_modules_next_dist_compiled_react-dom_1e674e59._.js:2325
[  585798ms] [ERROR] Unable to preventDefault inside passive event listener invocation. @ http://localhost:3000/_next/static/chunks/node_modules_next_dist_compiled_react-dom_1e674e59._.js:2325
[  586531ms] [ERROR] Unable to preventDefault inside passive event listener invocation. @ http://localhost:3000/_next/static/chunks/node_modules_next_dist_compiled_react-dom_1e674e59._.js:2325
[  586574ms] [ERROR] Unable to preventDefault inside passive event listener invocation. @ http://localhost:3000/_next/static/chunks/node_modules_next_dist_compiled_react-dom_1e674e59._.js:2325
[  587474ms] [ERROR] Unable to preventDefault inside passive event listener invocation. @ http://localhost:3000/_next/static/chunks/node_modules_next_dist_compiled_react-dom_1e674e59._.js:2325
[  587526ms] [ERROR] Unable to preventDefault inside passive event listener invocation. @ http://localhost:3000/_next/static/chunks/node_modules_next_dist_compiled_react-dom_1e674e59._.js:2325
[  587548ms] [ERROR] Unable to preventDefault inside passive event listener invocation. @ http://localhost:3000/_next/static/chunks/node_modules_next_dist_compiled_react-dom_1e674e59._.js:2325
[  587577ms] [ERROR] Unable to preventDefault inside passive event listener invocation. @ http://localhost:3000/_next/static/chunks/node_modules_next_dist_compiled_react-dom_1e674e59._.js:2325
[  588513ms] [ERROR] Unable to preventDefault inside passive event listener invocation. @ http://localhost:3000/_next/static/chunks/node_modules_next_dist_compiled_react-dom_1e674e59._.js:2325
[  588532ms] [ERROR] Unable to preventDefault inside passive event listener invocation. @ http://localhost:3000/_next/static/chunks/node_modules_next_dist_compiled_react-dom_1e674e59._.js:2325
[  588553ms] [ERROR] Unable to preventDefault inside passive event listener invocation. @ http://localhost:3000/_next/static/chunks/node_modules_next_dist_compiled_react-dom_1e674e59._.js:2325
[  588568ms] [ERROR] Unable to preventDefault inside passive event listener invocation. @ http://localhost:3000/_next/static/chunks/node_modules_next_dist_compiled_react-dom_1e674e59._.js:2325
[  588581ms] [ERROR] Unable to preventDefault inside passive event listener invocation. @ http://localhost:3000/_next/static/chunks/node_modules_next_dist_compiled_react-dom_1e674e59._.js:2325
[  588627ms] [LOG] [Fast Refresh] rebuilding @ http://localhost:3000/_next/static/chunks/node_modules_next_dist_f3530cac._.js:2297
[  588645ms] [LOG] [Fast Refresh] done in 124ms @ http://localhost:3000/_next/static/chunks/node_modules_next_dist_f3530cac._.js:2297
[  589367ms] [ERROR] Unable to preventDefault inside passive event listener invocation. @ http://localhost:3000/_next/static/chunks/node_modules_next_dist_compiled_react-dom_1e674e59._.js:2325
[  589389ms] [ERROR] Unable to preventDefault inside passive event listener invocation. @ http://localhost:3000/_next/static/chunks/node_modules_next_dist_compiled_react-dom_1e674e59._.js:2325
[  589421ms] [ERROR] Unable to preventDefault inside passive event listener invocation. @ http://localhost:3000/_next/static/chunks/node_modules_next_dist_compiled_react-dom_1e674e59._.js:2325
[  589622ms] [ERROR] Unable to preventDefault inside passive event listener invocation. @ http://localhost:3000/_next/static/chunks/node_modules_next_dist_compiled_react-dom_1e674e59._.js:2325
[  589650ms] [ERROR] Unable to preventDefault inside passive event listener invocation. @ http://localhost:3000/_next/static/chunks/node_modules_next_dist_compiled_react-dom_1e674e59._.js:2325
[  595820ms] [ERROR] Unable to preventDefault inside passive event listener invocation. @ http://localhost:3000/_next/static/chunks/node_modules_next_dist_compiled_react-dom_1e674e59._.js:2325
[  595968ms] [ERROR] Unable to preventDefault inside passive event listener invocation. @ http://localhost:3000/_next/static/chunks/node_modules_next_dist_compiled_react-dom_1e674e59._.js:2325
[  596008ms] [ERROR] Unable to preventDefault inside passive event listener invocation. @ http://localhost:3000/_next/static/chunks/node_modules_next_dist_compiled_react-dom_1e674e59._.js:2325
[  596200ms] [ERROR] Unable to preventDefault inside passive event listener invocation. @ http://localhost:3000/_next/static/chunks/node_modules_next_dist_compiled_react-dom_1e674e59._.js:2325
[  596222ms] [ERROR] Unable to preventDefault inside passive event listener invocation. @ http://localhost:3000/_next/static/chunks/node_modules_next_dist_compiled_react-dom_1e674e59._.js:2325
[  596249ms] [ERROR] Unable to preventDefault inside passive event listener invocation. @ http://localhost:3000/_next/static/chunks/node_modules_next_dist_compiled_react-dom_1e674e59._.js:2325
[  596284ms] [ERROR] Unable to preventDefault inside passive event listener invocation. @ http://localhost:3000/_next/static/chunks/node_modules_next_dist_compiled_react-dom_1e674e59._.js:2325
[  596435ms] [ERROR] Unable to preventDefault inside passive event listener invocation. @ http://localhost:3000/_next/static/chunks/node_modules_next_dist_compiled_react-dom_1e674e59._.js:2325
[  596458ms] [ERROR] Unable to preventDefault inside passive event listener invocation. @ http://localhost:3000/_next/static/chunks/node_modules_next_dist_compiled_react-dom_1e674e59._.js:2325
[  596481ms] [ERROR] Unable to preventDefault inside passive event listener invocation. @ http://localhost:3000/_next/static/chunks/node_modules_next_dist_compiled_react-dom_1e674e59._.js:2325
[  603206ms] [LOG] [cache-update] sid= null poleTags= 0 shapes= 0 @ http://localhost:3000/_next/static/chunks/node_modules_next_dist_f3530cac._.js:2297
[  603207ms] [WARNING] [cache-update] skipping save — no sessionId or db @ http://localhost:3000/_next/static/chunks/node_modules_next_dist_f3530cac._.js:2297
[  603293ms] [LOG] [cache-update] sid= null poleTags= 0 shapes= 0 @ http://localhost:3000/_next/static/chunks/node_modules_next_dist_f3530cac._.js:2297
[  603293ms] [WARNING] [cache-update] skipping save — no sessionId or db @ http://localhost:3000/_next/static/chunks/node_modules_next_dist_f3530cac._.js:2297
[  603900ms] [ERROR] Unable to preventDefault inside passive event listener invocation. @ http://localhost:3000/_next/static/chunks/node_modules_next_dist_compiled_react-dom_1e674e59._.js:2325
[  603943ms] [ERROR] Unable to preventDefault inside passive event listener invocation. @ http://localhost:3000/_next/static/chunks/node_modules_next_dist_compiled_react-dom_1e674e59._.js:2325
[  605054ms] [ERROR] Unable to preventDefault inside passive event listener invocation. @ http://localhost:3000/_next/static/chunks/node_modules_next_dist_compiled_react-dom_1e674e59._.js:2325
[  605092ms] [ERROR] Unable to preventDefault inside passive event listener invocation. @ http://localhost:3000/_next/static/chunks/node_modules_next_dist_compiled_react-dom_1e674e59._.js:2325
[  605125ms] [ERROR] Unable to preventDefault inside passive event listener invocation. @ http://localhost:3000/_next/static/chunks/node_modules_next_dist_compiled_react-dom_1e674e59._.js:2325
[  605347ms] [LOG] [cache-update] sid= null poleTags= 0 shapes= 0 @ http://localhost:3000/_next/static/chunks/node_modules_next_dist_f3530cac._.js:2297
[  605347ms] [WARNING] [cache-update] skipping save — no sessionId or db @ http://localhost:3000/_next/static/chunks/node_modules_next_dist_f3530cac._.js:2297
[  605367ms] [ERROR] Unable to preventDefault inside passive event listener invocation. @ http://localhost:3000/_next/static/chunks/node_modules_next_dist_compiled_react-dom_1e674e59._.js:2325
[  605383ms] [ERROR] Unable to preventDefault inside passive event listener invocation. @ http://localhost:3000/_next/static/chunks/node_modules_next_dist_compiled_react-dom_1e674e59._.js:2325
[  605412ms] [ERROR] Unable to preventDefault inside passive event listener invocation. @ http://localhost:3000/_next/static/chunks/node_modules_next_dist_compiled_react-dom_1e674e59._.js:2325
[  605625ms] [ERROR] Unable to preventDefault inside passive event listener invocation. @ http://localhost:3000/_next/static/chunks/node_modules_next_dist_compiled_react-dom_1e674e59._.js:2325
[  605648ms] [ERROR] Unable to preventDefault inside passive event listener invocation. @ http://localhost:3000/_next/static/chunks/node_modules_next_dist_compiled_react-dom_1e674e59._.js:2325
[  606351ms] [ERROR] Unable to preventDefault inside passive event listener invocation. @ http://localhost:3000/_next/static/chunks/node_modules_next_dist_compiled_react-dom_1e674e59._.js:2325
[  606385ms] [ERROR] Unable to preventDefault inside passive event listener invocation. @ http://localhost:3000/_next/static/chunks/node_modules_next_dist_compiled_react-dom_1e674e59._.js:2325
[  606413ms] [ERROR] Unable to preventDefault inside passive event listener invocation. @ http://localhost:3000/_next/static/chunks/node_modules_next_dist_compiled_react-dom_1e674e59._.js:2325
[  606633ms] [ERROR] Unable to preventDefault inside passive event listener invocation. @ http://localhost:3000/_next/static/chunks/node_modules_next_dist_compiled_react-dom_1e674e59._.js:2325
[  606734ms] [ERROR] Unable to preventDefault inside passive event listener invocation. @ http://localhost:3000/_next/static/chunks/node_modules_next_dist_compiled_react-dom_1e674e59._.js:2325
[  606786ms] [ERROR] Unable to preventDefault inside passive event listener invocation. @ http://localhost:3000/_next/static/chunks/node_modules_next_dist_compiled_react-dom_1e674e59._.js:2325
[  607099ms] [ERROR] Unable to preventDefault inside passive event listener invocation. @ http://localhost:3000/_next/static/chunks/node_modules_next_dist_compiled_react-dom_1e674e59._.js:2325
[  607127ms] [ERROR] Unable to preventDefault inside passive event listener invocation. @ http://localhost:3000/_next/static/chunks/node_modules_next_dist_compiled_react-dom_1e674e59._.js:2325
[  607160ms] [ERROR] Unable to preventDefault inside passive event listener invocation. @ http://localhost:3000/_next/static/chunks/node_modules_next_dist_compiled_react-dom_1e674e59._.js:2325
[  607416ms] [ERROR] Unable to preventDefault inside passive event listener invocation. @ http://localhost:3000/_next/static/chunks/node_modules_next_dist_compiled_react-dom_1e674e59._.js:2325
[  607436ms] [LOG] [cache-update] sid= null poleTags= 7 shapes= 0 @ http://localhost:3000/_next/static/chunks/node_modules_next_dist_f3530cac._.js:2297
[  607436ms] [WARNING] [cache-update] skipping save — no sessionId or db @ http://localhost:3000/_next/static/chunks/node_modules_next_dist_f3530cac._.js:2297
[  607458ms] [ERROR] Unable to preventDefault inside passive event listener invocation. @ http://localhost:3000/_next/static/chunks/node_modules_next_dist_compiled_react-dom_1e674e59._.js:2325
[  607477ms] [ERROR] Unable to preventDefault inside passive event listener invocation. @ http://localhost:3000/_next/static/chunks/node_modules_next_dist_compiled_react-dom_1e674e59._.js:2325
[  607833ms] [ERROR] Unable to preventDefault inside passive event listener invocation. @ http://localhost:3000/_next/static/chunks/node_modules_next_dist_compiled_react-dom_1e674e59._.js:2325
[  607849ms] [ERROR] Unable to preventDefault inside passive event listener invocation. @ http://localhost:3000/_next/static/chunks/node_modules_next_dist_compiled_react-dom_1e674e59._.js:2325
[  607859ms] [ERROR] Unable to preventDefault inside passive event listener invocation. @ http://localhost:3000/_next/static/chunks/node_modules_next_dist_compiled_react-dom_1e674e59._.js:2325
[  607872ms] [ERROR] Unable to preventDefault inside passive event listener invocation. @ http://localhost:3000/_next/static/chunks/node_modules_next_dist_compiled_react-dom_1e674e59._.js:2325
[  607883ms] [ERROR] Unable to preventDefault inside passive event listener invocation. @ http://localhost:3000/_next/static/chunks/node_modules_next_dist_compiled_react-dom_1e674e59._.js:2325
[  607940ms] [LOG] [Fast Refresh] rebuilding @ http://localhost:3000/_next/static/chunks/node_modules_next_dist_f3530cac._.js:2297
[  607946ms] [LOG] [Fast Refresh] done in 108ms @ http://localhost:3000/_next/static/chunks/node_modules_next_dist_f3530cac._.js:2297
[  608063ms] [ERROR] Unable to preventDefault inside passive event listener invocation. @ http://localhost:3000/_next/static/chunks/node_modules_next_dist_compiled_react-dom_1e674e59._.js:2325
[  608077ms] [ERROR] Unable to preventDefault inside passive event listener invocation. @ http://localhost:3000/_next/static/chunks/node_modules_next_dist_compiled_react-dom_1e674e59._.js:2325
[  608088ms] [ERROR] Unable to preventDefault inside passive event listener invocation. @ http://localhost:3000/_next/static/chunks/node_modules_next_dist_compiled_react-dom_1e674e59._.js:2325
[  608098ms] [ERROR] Unable to preventDefault inside passive event listener invocation. @ http://localhost:3000/_next/static/chunks/node_modules_next_dist_compiled_react-dom_1e674e59._.js:2325
[  608107ms] [ERROR] Unable to preventDefault inside passive event listener invocation. @ http://localhost:3000/_next/static/chunks/node_modules_next_dist_compiled_react-dom_1e674e59._.js:2325
[  608115ms] [ERROR] Unable to preventDefault inside passive event listener invocation. @ http://localhost:3000/_next/static/chunks/node_modules_next_dist_compiled_react-dom_1e674e59._.js:2325
[  608194ms] [ERROR] Unable to preventDefault inside passive event listener invocation. @ http://localhost:3000/_next/static/chunks/node_modules_next_dist_compiled_react-dom_1e674e59._.js:2325
[  608810ms] [ERROR] Unable to preventDefault inside passive event listener invocation. @ http://localhost:3000/_next/static/chunks/node_modules_next_dist_compiled_react-dom_1e674e59._.js:2325
[  608813ms] [ERROR] Unable to preventDefault inside passive event listener invocation. @ http://localhost:3000/_next/static/chunks/node_modules_next_dist_compiled_react-dom_1e674e59._.js:2325
[  608823ms] [ERROR] Unable to preventDefault inside passive event listener invocation. @ http://localhost:3000/_next/static/chunks/node_modules_next_dist_compiled_react-dom_1e674e59._.js:2325
[  608836ms] [ERROR] Unable to preventDefault inside passive event listener invocation. @ http://localhost:3000/_next/static/chunks/node_modules_next_dist_compiled_react-dom_1e674e59._.js:2325
[  608850ms] [ERROR] Unable to preventDefault inside passive event listener invocation. @ http://localhost:3000/_next/static/chunks/node_modules_next_dist_compiled_react-dom_1e674e59._.js:2325
[  609116ms] [ERROR] Unable to preventDefault inside passive event listener invocation. @ http://localhost:3000/_next/static/chunks/node_modules_next_dist_compiled_react-dom_1e674e59._.js:2325
[  609132ms] [ERROR] Unable to preventDefault inside passive event listener invocation. @ http://localhost:3000/_next/static/chunks/node_modules_next_dist_compiled_react-dom_1e674e59._.js:2325
[  609151ms] [ERROR] Unable to preventDefault inside passive event listener invocation. @ http://localhost:3000/_next/static/chunks/node_modules_next_dist_compiled_react-dom_1e674e59._.js:2325
[  609167ms] [ERROR] Unable to preventDefault inside passive event listener invocation. @ http://localhost:3000/_next/static/chunks/node_modules_next_dist_compiled_react-dom_1e674e59._.js:2325
[  609229ms] [LOG] [Fast Refresh] rebuilding @ http://localhost:3000/_next/static/chunks/node_modules_next_dist_f3530cac._.js:2297
[  609234ms] [LOG] [Fast Refresh] done in 109ms @ http://localhost:3000/_next/static/chunks/node_modules_next_dist_f3530cac._.js:2297
[  609653ms] [LOG] [cache-update] sid= null poleTags= 12 shapes= 0 @ http://localhost:3000/_next/static/chunks/node_modules_next_dist_f3530cac._.js:2297
[  609653ms] [WARNING] [cache-update] skipping save — no sessionId or db @ http://localhost:3000/_next/static/chunks/node_modules_next_dist_f3530cac._.js:2297
[  611727ms] [LOG] [cache-update] sid= null poleTags= 18 shapes= 0 @ http://localhost:3000/_next/static/chunks/node_modules_next_dist_f3530cac._.js:2297
[  611728ms] [WARNING] [cache-update] skipping save — no sessionId or db @ http://localhost:3000/_next/static/chunks/node_modules_next_dist_f3530cac._.js:2297
[  611799ms] [ERROR] Unable to preventDefault inside passive event listener invocation. @ http://localhost:3000/_next/static/chunks/node_modules_next_dist_compiled_react-dom_1e674e59._.js:2325
[  611857ms] [ERROR] Unable to preventDefault inside passive event listener invocation. @ http://localhost:3000/_next/static/chunks/node_modules_next_dist_compiled_react-dom_1e674e59._.js:2325
[  613479ms] [ERROR] Unable to preventDefault inside passive event listener invocation. @ http://localhost:3000/_next/static/chunks/node_modules_next_dist_compiled_react-dom_1e674e59._.js:2325
[  613512ms] [ERROR] Unable to preventDefault inside passive event listener invocation. @ http://localhost:3000/_next/static/chunks/node_modules_next_dist_compiled_react-dom_1e674e59._.js:2325
[  613968ms] [LOG] [cache-update] sid= null poleTags= 26 shapes= 0 @ http://localhost:3000/_next/static/chunks/node_modules_next_dist_f3530cac._.js:2297
[  613968ms] [WARNING] [cache-update] skipping save — no sessionId or db @ http://localhost:3000/_next/static/chunks/node_modules_next_dist_f3530cac._.js:2297
[  614279ms] [ERROR] Unable to preventDefault inside passive event listener invocation. @ http://localhost:3000/_next/static/chunks/node_modules_next_dist_compiled_react-dom_1e674e59._.js:2325
[  614359ms] [ERROR] Unable to preventDefault inside passive event listener invocation. @ http://localhost:3000/_next/static/chunks/node_modules_next_dist_compiled_react-dom_1e674e59._.js:2325
[  614391ms] [ERROR] Unable to preventDefault inside passive event listener invocation. @ http://localhost:3000/_next/static/chunks/node_modules_next_dist_compiled_react-dom_1e674e59._.js:2325
[  614437ms] [ERROR] Unable to preventDefault inside passive event listener invocation. @ http://localhost:3000/_next/static/chunks/node_modules_next_dist_compiled_react-dom_1e674e59._.js:2325
[  614642ms] [ERROR] Unable to preventDefault inside passive event listener invocation. @ http://localhost:3000/_next/static/chunks/node_modules_next_dist_compiled_react-dom_1e674e59._.js:2325
[  614661ms] [ERROR] Unable to preventDefault inside passive event listener invocation. @ http://localhost:3000/_next/static/chunks/node_modules_next_dist_compiled_react-dom_1e674e59._.js:2325
[  614679ms] [ERROR] Unable to preventDefault inside passive event listener invocation. @ http://localhost:3000/_next/static/chunks/node_modules_next_dist_compiled_react-dom_1e674e59._.js:2325
[  614712ms] [ERROR] Unable to preventDefault inside passive event listener invocation. @ http://localhost:3000/_next/static/chunks/node_modules_next_dist_compiled_react-dom_1e674e59._.js:2325
[  614943ms] [ERROR] Unable to preventDefault inside passive event listener invocation. @ http://localhost:3000/_next/static/chunks/node_modules_next_dist_compiled_react-dom_1e674e59._.js:2325
[  614976ms] [ERROR] Unable to preventDefault inside passive event listener invocation. @ http://localhost:3000/_next/static/chunks/node_modules_next_dist_compiled_react-dom_1e674e59._.js:2325
[  614995ms] [ERROR] Unable to preventDefault inside passive event listener invocation. @ http://localhost:3000/_next/static/chunks/node_modules_next_dist_compiled_react-dom_1e674e59._.js:2325
[  615029ms] [ERROR] Unable to preventDefault inside passive event listener invocation. @ http://localhost:3000/_next/static/chunks/node_modules_next_dist_compiled_react-dom_1e674e59._.js:2325
[  615066ms] [LOG] [Fast Refresh] rebuilding @ http://localhost:3000/_next/static/chunks/node_modules_next_dist_f3530cac._.js:2297
[  615092ms] [LOG] [Fast Refresh] done in 129ms @ http://localhost:3000/_next/static/chunks/node_modules_next_dist_f3530cac._.js:2297
[  615281ms] [ERROR] Unable to preventDefault inside passive event listener invocation. @ http://localhost:3000/_next/static/chunks/node_modules_next_dist_compiled_react-dom_1e674e59._.js:2325
[  615366ms] [ERROR] Unable to preventDefault inside passive event listener invocation. @ http://localhost:3000/_next/static/chunks/node_modules_next_dist_compiled_react-dom_1e674e59._.js:2325
[  616081ms] [LOG] [cache-update] sid= null poleTags= 32 shapes= 0 @ http://localhost:3000/_next/static/chunks/node_modules_next_dist_f3530cac._.js:2297
[  616081ms] [WARNING] [cache-update] skipping save — no sessionId or db @ http://localhost:3000/_next/static/chunks/node_modules_next_dist_f3530cac._.js:2297
[  618171ms] [LOG] [cache-update] sid= null poleTags= 37 shapes= 0 @ http://localhost:3000/_next/static/chunks/node_modules_next_dist_f3530cac._.js:2297
[  618171ms] [WARNING] [cache-update] skipping save — no sessionId or db @ http://localhost:3000/_next/static/chunks/node_modules_next_dist_f3530cac._.js:2297
[  618244ms] [ERROR] Unable to preventDefault inside passive event listener invocation. @ http://localhost:3000/_next/static/chunks/node_modules_next_dist_compiled_react-dom_1e674e59._.js:2325
[  618271ms] [ERROR] Unable to preventDefault inside passive event listener invocation. @ http://localhost:3000/_next/static/chunks/node_modules_next_dist_compiled_react-dom_1e674e59._.js:2325
[  618362ms] [ERROR] Unable to preventDefault inside passive event listener invocation. @ http://localhost:3000/_next/static/chunks/node_modules_next_dist_compiled_react-dom_1e674e59._.js:2325
[  618513ms] [ERROR] Unable to preventDefault inside passive event listener invocation. @ http://localhost:3000/_next/static/chunks/node_modules_next_dist_compiled_react-dom_1e674e59._.js:2325
[  618538ms] [ERROR] Unable to preventDefault inside passive event listener invocation. @ http://localhost:3000/_next/static/chunks/node_modules_next_dist_compiled_react-dom_1e674e59._.js:2325
[  618586ms] [ERROR] Unable to preventDefault inside passive event listener invocation. @ http://localhost:3000/_next/static/chunks/node_modules_next_dist_compiled_react-dom_1e674e59._.js:2325
[  618736ms] [ERROR] Unable to preventDefault inside passive event listener invocation. @ http://localhost:3000/_next/static/chunks/node_modules_next_dist_compiled_react-dom_1e674e59._.js:2325
[  618760ms] [ERROR] Unable to preventDefault inside passive event listener invocation. @ http://localhost:3000/_next/static/chunks/node_modules_next_dist_compiled_react-dom_1e674e59._.js:2325
[  618831ms] [ERROR] Unable to preventDefault inside passive event listener invocation. @ http://localhost:3000/_next/static/chunks/node_modules_next_dist_compiled_react-dom_1e674e59._.js:2325
[  619065ms] [ERROR] Unable to preventDefault inside passive event listener invocation. @ http://localhost:3000/_next/static/chunks/node_modules_next_dist_compiled_react-dom_1e674e59._.js:2325
[  619087ms] [ERROR] Unable to preventDefault inside passive event listener invocation. @ http://localhost:3000/_next/static/chunks/node_modules_next_dist_compiled_react-dom_1e674e59._.js:2325
[  619120ms] [ERROR] Unable to preventDefault inside passive event listener invocation. @ http://localhost:3000/_next/static/chunks/node_modules_next_dist_compiled_react-dom_1e674e59._.js:2325
[  619182ms] [LOG] [Fast Refresh] rebuilding @ http://localhost:3000/_next/static/chunks/node_modules_next_dist_f3530cac._.js:2297
[  619188ms] [LOG] [Fast Refresh] done in 111ms @ http://localhost:3000/_next/static/chunks/node_modules_next_dist_f3530cac._.js:2297
[  619486ms] [ERROR] Unable to preventDefault inside passive event listener invocation. @ http://localhost:3000/_next/static/chunks/node_modules_next_dist_compiled_react-dom_1e674e59._.js:2325
[  619637ms] [ERROR] Unable to preventDefault inside passive event listener invocation. @ http://localhost:3000/_next/static/chunks/node_modules_next_dist_compiled_react-dom_1e674e59._.js:2325
[  619711ms] [ERROR] Unable to preventDefault inside passive event listener invocation. @ http://localhost:3000/_next/static/chunks/node_modules_next_dist_compiled_react-dom_1e674e59._.js:2325
[  620241ms] [LOG] [cache-update] sid= null poleTags= 45 shapes= 0 @ http://localhost:3000/_next/static/chunks/node_modules_next_dist_f3530cac._.js:2297
[  620241ms] [WARNING] [cache-update] skipping save — no sessionId or db @ http://localhost:3000/_next/static/chunks/node_modules_next_dist_f3530cac._.js:2297
[  620269ms] [ERROR] Unable to preventDefault inside passive event listener invocation. @ http://localhost:3000/_next/static/chunks/node_modules_next_dist_compiled_react-dom_1e674e59._.js:2325
[  620297ms] [ERROR] Unable to preventDefault inside passive event listener invocation. @ http://localhost:3000/_next/static/chunks/node_modules_next_dist_compiled_react-dom_1e674e59._.js:2325
[  620398ms] [ERROR] Unable to preventDefault inside passive event listener invocation. @ http://localhost:3000/_next/static/chunks/node_modules_next_dist_compiled_react-dom_1e674e59._.js:2325
[  620598ms] [ERROR] Unable to preventDefault inside passive event listener invocation. @ http://localhost:3000/_next/static/chunks/node_modules_next_dist_compiled_react-dom_1e674e59._.js:2325
[  620627ms] [ERROR] Unable to preventDefault inside passive event listener invocation. @ http://localhost:3000/_next/static/chunks/node_modules_next_dist_compiled_react-dom_1e674e59._.js:2325
[  621261ms] [ERROR] Unable to preventDefault inside passive event listener invocation. @ http://localhost:3000/_next/static/chunks/node_modules_next_dist_compiled_react-dom_1e674e59._.js:2325
[  621360ms] [ERROR] Unable to preventDefault inside passive event listener invocation. @ http://localhost:3000/_next/static/chunks/node_modules_next_dist_compiled_react-dom_1e674e59._.js:2325
[  621611ms] [ERROR] Unable to preventDefault inside passive event listener invocation. @ http://localhost:3000/_next/static/chunks/node_modules_next_dist_compiled_react-dom_1e674e59._.js:2325
[  621640ms] [ERROR] Unable to preventDefault inside passive event listener invocation. @ http://localhost:3000/_next/static/chunks/node_modules_next_dist_compiled_react-dom_1e674e59._.js:2325
[  622266ms] [LOG] [cache-update] sid= null poleTags= 51 shapes= 0 @ http://localhost:3000/_next/static/chunks/node_modules_next_dist_f3530cac._.js:2297
[  622266ms] [WARNING] [cache-update] skipping save — no sessionId or db @ http://localhost:3000/_next/static/chunks/node_modules_next_dist_f3530cac._.js:2297
[  622394ms] [LOG] [cache-update] sid= null poleTags= 51 shapes= 0 @ http://localhost:3000/_next/static/chunks/node_modules_next_dist_f3530cac._.js:2297
[  622395ms] [WARNING] [cache-update] skipping save — no sessionId or db @ http://localhost:3000/_next/static/chunks/node_modules_next_dist_f3530cac._.js:2297
[  622851ms] [ERROR] Unable to preventDefault inside passive event listener invocation. @ http://localhost:3000/_next/static/chunks/node_modules_next_dist_compiled_react-dom_1e674e59._.js:2325
[  622877ms] [ERROR] Unable to preventDefault inside passive event listener invocation. @ http://localhost:3000/_next/static/chunks/node_modules_next_dist_compiled_react-dom_1e674e59._.js:2325
[  622910ms] [ERROR] Unable to preventDefault inside passive event listener invocation. @ http://localhost:3000/_next/static/chunks/node_modules_next_dist_compiled_react-dom_1e674e59._.js:2325
[  623106ms] [ERROR] Unable to preventDefault inside passive event listener invocation. @ http://localhost:3000/_next/static/chunks/node_modules_next_dist_compiled_react-dom_1e674e59._.js:2325
[  623129ms] [ERROR] Unable to preventDefault inside passive event listener invocation. @ http://localhost:3000/_next/static/chunks/node_modules_next_dist_compiled_react-dom_1e674e59._.js:2325
[  623158ms] [ERROR] Unable to preventDefault inside passive event listener invocation. @ http://localhost:3000/_next/static/chunks/node_modules_next_dist_compiled_react-dom_1e674e59._.js:2325
[  623356ms] [ERROR] Unable to preventDefault inside passive event listener invocation. @ http://localhost:3000/_next/static/chunks/node_modules_next_dist_compiled_react-dom_1e674e59._.js:2325
[  623381ms] [ERROR] Unable to preventDefault inside passive event listener invocation. @ http://localhost:3000/_next/static/chunks/node_modules_next_dist_compiled_react-dom_1e674e59._.js:2325
[  623410ms] [ERROR] Unable to preventDefault inside passive event listener invocation. @ http://localhost:3000/_next/static/chunks/node_modules_next_dist_compiled_react-dom_1e674e59._.js:2325
[  625048ms] [ERROR] Unable to preventDefault inside passive event listener invocation. @ http://localhost:3000/_next/static/chunks/node_modules_next_dist_compiled_react-dom_1e674e59._.js:2325
[  625060ms] [ERROR] Unable to preventDefault inside passive event listener invocation. @ http://localhost:3000/_next/static/chunks/node_modules_next_dist_compiled_react-dom_1e674e59._.js:2325
[  625071ms] [ERROR] Unable to preventDefault inside passive event listener invocation. @ http://localhost:3000/_next/static/chunks/node_modules_next_dist_compiled_react-dom_1e674e59._.js:2325
[  625084ms] [ERROR] Unable to preventDefault inside passive event listener invocation. @ http://localhost:3000/_next/static/chunks/node_modules_next_dist_compiled_react-dom_1e674e59._.js:2325
[  625099ms] [ERROR] Unable to preventDefault inside passive event listener invocation. @ http://localhost:3000/_next/static/chunks/node_modules_next_dist_compiled_react-dom_1e674e59._.js:2325
[  625163ms] [LOG] [Fast Refresh] rebuilding @ http://localhost:3000/_next/static/chunks/node_modules_next_dist_f3530cac._.js:2297
[  625165ms] [LOG] [Fast Refresh] done in 110ms @ http://localhost:3000/_next/static/chunks/node_modules_next_dist_f3530cac._.js:2297
[  625293ms] [ERROR] Unable to preventDefault inside passive event listener invocation. @ http://localhost:3000/_next/static/chunks/node_modules_next_dist_compiled_react-dom_1e674e59._.js:2325
[  625309ms] [ERROR] Unable to preventDefault inside passive event listener invocation. @ http://localhost:3000/_next/static/chunks/node_modules_next_dist_compiled_react-dom_1e674e59._.js:2325
[  625321ms] [ERROR] Unable to preventDefault inside passive event listener invocation. @ http://localhost:3000/_next/static/chunks/node_modules_next_dist_compiled_react-dom_1e674e59._.js:2325
[  625334ms] [ERROR] Unable to preventDefault inside passive event listener invocation. @ http://localhost:3000/_next/static/chunks/node_modules_next_dist_compiled_react-dom_1e674e59._.js:2325
[  625341ms] [ERROR] Unable to preventDefault inside passive event listener invocation. @ http://localhost:3000/_next/static/chunks/node_modules_next_dist_compiled_react-dom_1e674e59._.js:2325
[  625529ms] [ERROR] Unable to preventDefault inside passive event listener invocation. @ http://localhost:3000/_next/static/chunks/node_modules_next_dist_compiled_react-dom_1e674e59._.js:2325
[  625543ms] [ERROR] Unable to preventDefault inside passive event listener invocation. @ http://localhost:3000/_next/static/chunks/node_modules_next_dist_compiled_react-dom_1e674e59._.js:2325
[  625559ms] [ERROR] Unable to preventDefault inside passive event listener invocation. @ http://localhost:3000/_next/static/chunks/node_modules_next_dist_compiled_react-dom_1e674e59._.js:2325
[  625569ms] [ERROR] Unable to preventDefault inside passive event listener invocation. @ http://localhost:3000/_next/static/chunks/node_modules_next_dist_compiled_react-dom_1e674e59._.js:2325
[  625579ms] [ERROR] Unable to preventDefault inside passive event listener invocation. @ http://localhost:3000/_next/static/chunks/node_modules_next_dist_compiled_react-dom_1e674e59._.js:2325
[  625642ms] [LOG] [Fast Refresh] rebuilding @ http://localhost:3000/_next/static/chunks/node_modules_next_dist_f3530cac._.js:2297
[  625643ms] [LOG] [Fast Refresh] done in 107ms @ http://localhost:3000/_next/static/chunks/node_modules_next_dist_f3530cac._.js:2297
[  625831ms] [ERROR] Unable to preventDefault inside passive event listener invocation. @ http://localhost:3000/_next/static/chunks/node_modules_next_dist_compiled_react-dom_1e674e59._.js:2325
[  625850ms] [ERROR] Unable to preventDefault inside passive event listener invocation. @ http://localhost:3000/_next/static/chunks/node_modules_next_dist_compiled_react-dom_1e674e59._.js:2325
[  626519ms] [ERROR] Unable to preventDefault inside passive event listener invocation. @ http://localhost:3000/_next/static/chunks/node_modules_next_dist_compiled_react-dom_1e674e59._.js:2325
[  626543ms] [ERROR] Unable to preventDefault inside passive event listener invocation. @ http://localhost:3000/_next/static/chunks/node_modules_next_dist_compiled_react-dom_1e674e59._.js:2325
[  626556ms] [ERROR] Unable to preventDefault inside passive event listener invocation. @ http://localhost:3000/_next/static/chunks/node_modules_next_dist_compiled_react-dom_1e674e59._.js:2325
[  626762ms] [ERROR] Unable to preventDefault inside passive event listener invocation. @ http://localhost:3000/_next/static/chunks/node_modules_next_dist_compiled_react-dom_1e674e59._.js:2325
[  626783ms] [ERROR] Unable to preventDefault inside passive event listener invocation. @ http://localhost:3000/_next/static/chunks/node_modules_next_dist_compiled_react-dom_1e674e59._.js:2325
[  626808ms] [ERROR] Unable to preventDefault inside passive event listener invocation. @ http://localhost:3000/_next/static/chunks/node_modules_next_dist_compiled_react-dom_1e674e59._.js:2325
[  626828ms] [ERROR] Unable to preventDefault inside passive event listener invocation. @ http://localhost:3000/_next/static/chunks/node_modules_next_dist_compiled_react-dom_1e674e59._.js:2325
[  627011ms] [ERROR] Unable to preventDefault inside passive event listener invocation. @ http://localhost:3000/_next/static/chunks/node_modules_next_dist_compiled_react-dom_1e674e59._.js:2325
[  627032ms] [ERROR] Unable to preventDefault inside passive event listener invocation. @ http://localhost:3000/_next/static/chunks/node_modules_next_dist_compiled_react-dom_1e674e59._.js:2325
[  627052ms] [ERROR] Unable to preventDefault inside passive event listener invocation. @ http://localhost:3000/_next/static/chunks/node_modules_next_dist_compiled_react-dom_1e674e59._.js:2325
[  627073ms] [ERROR] Unable to preventDefault inside passive event listener invocation. @ http://localhost:3000/_next/static/chunks/node_modules_next_dist_compiled_react-dom_1e674e59._.js:2325
[  627130ms] [LOG] [Fast Refresh] rebuilding @ http://localhost:3000/_next/static/chunks/node_modules_next_dist_f3530cac._.js:2297
[  627131ms] [LOG] [Fast Refresh] done in 108ms @ http://localhost:3000/_next/static/chunks/node_modules_next_dist_f3530cac._.js:2297
[  627262ms] [ERROR] Unable to preventDefault inside passive event listener invocation. @ http://localhost:3000/_next/static/chunks/node_modules_next_dist_compiled_react-dom_1e674e59._.js:2325
[  627286ms] [ERROR] Unable to preventDefault inside passive event listener invocation. @ http://localhost:3000/_next/static/chunks/node_modules_next_dist_compiled_react-dom_1e674e59._.js:2325
[  627309ms] [ERROR] Unable to preventDefault inside passive event listener invocation. @ http://localhost:3000/_next/static/chunks/node_modules_next_dist_compiled_react-dom_1e674e59._.js:2325
[  627355ms] [ERROR] Unable to preventDefault inside passive event listener invocation. @ http://localhost:3000/_next/static/chunks/node_modules_next_dist_compiled_react-dom_1e674e59._.js:2325
[  631362ms] [LOG] [cache-update] sid= null poleTags= 50 shapes= 0 @ http://localhost:3000/_next/static/chunks/node_modules_next_dist_f3530cac._.js:2297
[  631363ms] [WARNING] [cache-update] skipping save — no sessionId or db @ http://localhost:3000/_next/static/chunks/node_modules_next_dist_f3530cac._.js:2297
[  631364ms] [LOG] [cache-update] sid= null poleTags= 50 shapes= 0 @ http://localhost:3000/_next/static/chunks/node_modules_next_dist_f3530cac._.js:2297
[  631364ms] [WARNING] [cache-update] skipping save — no sessionId or db @ http://localhost:3000/_next/static/chunks/node_modules_next_dist_f3530cac._.js:2297
[  631434ms] [LOG] [cache-update] sid= null poleTags= 50 shapes= 0 @ http://localhost:3000/_next/static/chunks/node_modules_next_dist_f3530cac._.js:2297
[  631434ms] [WARNING] [cache-update] skipping save — no sessionId or db @ http://localhost:3000/_next/static/chunks/node_modules_next_dist_f3530cac._.js:2297
[  631437ms] [LOG] [cache-update] sid= null poleTags= 50 shapes= 0 @ http://localhost:3000/_next/static/chunks/node_modules_next_dist_f3530cac._.js:2297
[  631438ms] [WARNING] [cache-update] skipping save — no sessionId or db @ http://localhost:3000/_next/static/chunks/node_modules_next_dist_f3530cac._.js:2297
[  633025ms] [LOG] [cache-update] sid= null poleTags= 49 shapes= 0 @ http://localhost:3000/_next/static/chunks/node_modules_next_dist_f3530cac._.js:2297
[  633025ms] [WARNING] [cache-update] skipping save — no sessionId or db @ http://localhost:3000/_next/static/chunks/node_modules_next_dist_f3530cac._.js:2297
[  633026ms] [LOG] [cache-update] sid= null poleTags= 49 shapes= 0 @ http://localhost:3000/_next/static/chunks/node_modules_next_dist_f3530cac._.js:2297
[  633026ms] [WARNING] [cache-update] skipping save — no sessionId or db @ http://localhost:3000/_next/static/chunks/node_modules_next_dist_f3530cac._.js:2297
[  633086ms] [LOG] [cache-update] sid= null poleTags= 49 shapes= 0 @ http://localhost:3000/_next/static/chunks/node_modules_next_dist_f3530cac._.js:2297
[  633086ms] [WARNING] [cache-update] skipping save — no sessionId or db @ http://localhost:3000/_next/static/chunks/node_modules_next_dist_f3530cac._.js:2297
[  633089ms] [LOG] [cache-update] sid= null poleTags= 49 shapes= 0 @ http://localhost:3000/_next/static/chunks/node_modules_next_dist_f3530cac._.js:2297
[  633090ms] [WARNING] [cache-update] skipping save — no sessionId or db @ http://localhost:3000/_next/static/chunks/node_modules_next_dist_f3530cac._.js:2297
[  634230ms] [ERROR] Unable to preventDefault inside passive event listener invocation. @ http://localhost:3000/_next/static/chunks/node_modules_next_dist_compiled_react-dom_1e674e59._.js:2325
[  634257ms] [ERROR] Unable to preventDefault inside passive event listener invocation. @ http://localhost:3000/_next/static/chunks/node_modules_next_dist_compiled_react-dom_1e674e59._.js:2325
[  634269ms] [ERROR] Unable to preventDefault inside passive event listener invocation. @ http://localhost:3000/_next/static/chunks/node_modules_next_dist_compiled_react-dom_1e674e59._.js:2325
[  634326ms] [ERROR] Unable to preventDefault inside passive event listener invocation. @ http://localhost:3000/_next/static/chunks/node_modules_next_dist_compiled_react-dom_1e674e59._.js:2325
[  634515ms] [ERROR] Unable to preventDefault inside passive event listener invocation. @ http://localhost:3000/_next/static/chunks/node_modules_next_dist_compiled_react-dom_1e674e59._.js:2325
[  634541ms] [ERROR] Unable to preventDefault inside passive event listener invocation. @ http://localhost:3000/_next/static/chunks/node_modules_next_dist_compiled_react-dom_1e674e59._.js:2325
[  636752ms] [ERROR] Unable to preventDefault inside passive event listener invocation. @ http://localhost:3000/_next/static/chunks/node_modules_next_dist_compiled_react-dom_1e674e59._.js:2325
[  636771ms] [ERROR] Unable to preventDefault inside passive event listener invocation. @ http://localhost:3000/_next/static/chunks/node_modules_next_dist_compiled_react-dom_1e674e59._.js:2325
[  636788ms] [ERROR] Unable to preventDefault inside passive event listener invocation. @ http://localhost:3000/_next/static/chunks/node_modules_next_dist_compiled_react-dom_1e674e59._.js:2325
[  636808ms] [ERROR] Unable to preventDefault inside passive event listener invocation. @ http://localhost:3000/_next/static/chunks/node_modules_next_dist_compiled_react-dom_1e674e59._.js:2325
[  636838ms] [ERROR] Unable to preventDefault inside passive event listener invocation. @ http://localhost:3000/_next/static/chunks/node_modules_next_dist_compiled_react-dom_1e674e59._.js:2325
[  637267ms] [ERROR] Unable to preventDefault inside passive event listener invocation. @ http://localhost:3000/_next/static/chunks/node_modules_next_dist_compiled_react-dom_1e674e59._.js:2325
[  637279ms] [ERROR] Unable to preventDefault inside passive event listener invocation. @ http://localhost:3000/_next/static/chunks/node_modules_next_dist_compiled_react-dom_1e674e59._.js:2325
[  637289ms] [ERROR] Unable to preventDefault inside passive event listener invocation. @ http://localhost:3000/_next/static/chunks/node_modules_next_dist_compiled_react-dom_1e674e59._.js:2325
[  637303ms] [ERROR] Unable to preventDefault inside passive event listener invocation. @ http://localhost:3000/_next/static/chunks/node_modules_next_dist_compiled_react-dom_1e674e59._.js:2325
[  637313ms] [ERROR] Unable to preventDefault inside passive event listener invocation. @ http://localhost:3000/_next/static/chunks/node_modules_next_dist_compiled_react-dom_1e674e59._.js:2325
[  637527ms] [ERROR] Unable to preventDefault inside passive event listener invocation. @ http://localhost:3000/_next/static/chunks/node_modules_next_dist_compiled_react-dom_1e674e59._.js:2325
[  637543ms] [ERROR] Unable to preventDefault inside passive event listener invocation. @ http://localhost:3000/_next/static/chunks/node_modules_next_dist_compiled_react-dom_1e674e59._.js:2325
[  637556ms] [ERROR] Unable to preventDefault inside passive event listener invocation. @ http://localhost:3000/_next/static/chunks/node_modules_next_dist_compiled_react-dom_1e674e59._.js:2325
[  637569ms] [ERROR] Unable to preventDefault inside passive event listener invocation. @ http://localhost:3000/_next/static/chunks/node_modules_next_dist_compiled_react-dom_1e674e59._.js:2325
[  637580ms] [ERROR] Unable to preventDefault inside passive event listener invocation. @ http://localhost:3000/_next/static/chunks/node_modules_next_dist_compiled_react-dom_1e674e59._.js:2325
[  637984ms] [ERROR] Unable to preventDefault inside passive event listener invocation. @ http://localhost:3000/_next/static/chunks/node_modules_next_dist_compiled_react-dom_1e674e59._.js:2325
[  638004ms] [ERROR] Unable to preventDefault inside passive event listener invocation. @ http://localhost:3000/_next/static/chunks/node_modules_next_dist_compiled_react-dom_1e674e59._.js:2325
[  638021ms] [ERROR] Unable to preventDefault inside passive event listener invocation. @ http://localhost:3000/_next/static/chunks/node_modules_next_dist_compiled_react-dom_1e674e59._.js:2325
[  638041ms] [ERROR] Unable to preventDefault inside passive event listener invocation. @ http://localhost:3000/_next/static/chunks/node_modules_next_dist_compiled_react-dom_1e674e59._.js:2325
[  638073ms] [ERROR] Unable to preventDefault inside passive event listener invocation. @ http://localhost:3000/_next/static/chunks/node_modules_next_dist_compiled_react-dom_1e674e59._.js:2325
[  638237ms] [ERROR] Unable to preventDefault inside passive event listener invocation. @ http://localhost:3000/_next/static/chunks/node_modules_next_dist_compiled_react-dom_1e674e59._.js:2325
[  638255ms] [ERROR] Unable to preventDefault inside passive event listener invocation. @ http://localhost:3000/_next/static/chunks/node_modules_next_dist_compiled_react-dom_1e674e59._.js:2325
[  638275ms] [ERROR] Unable to preventDefault inside passive event listener invocation. @ http://localhost:3000/_next/static/chunks/node_modules_next_dist_compiled_react-dom_1e674e59._.js:2325
[  638290ms] [ERROR] Unable to preventDefault inside passive event listener invocation. @ http://localhost:3000/_next/static/chunks/node_modules_next_dist_compiled_react-dom_1e674e59._.js:2325
[  638347ms] [LOG] [Fast Refresh] rebuilding @ http://localhost:3000/_next/static/chunks/node_modules_next_dist_f3530cac._.js:2297
[  638353ms] [LOG] [Fast Refresh] done in 107ms @ http://localhost:3000/_next/static/chunks/node_modules_next_dist_f3530cac._.js:2297
[  638461ms] [ERROR] Unable to preventDefault inside passive event listener invocation. @ http://localhost:3000/_next/static/chunks/node_modules_next_dist_compiled_react-dom_1e674e59._.js:2325
[  638478ms] [ERROR] Unable to preventDefault inside passive event listener invocation. @ http://localhost:3000/_next/static/chunks/node_modules_next_dist_compiled_react-dom_1e674e59._.js:2325
[  638498ms] [ERROR] Unable to preventDefault inside passive event listener invocation. @ http://localhost:3000/_next/static/chunks/node_modules_next_dist_compiled_react-dom_1e674e59._.js:2325
[  638514ms] [ERROR] Unable to preventDefault inside passive event listener invocation. @ http://localhost:3000/_next/static/chunks/node_modules_next_dist_compiled_react-dom_1e674e59._.js:2325
[  638558ms] [ERROR] Unable to preventDefault inside passive event listener invocation. @ http://localhost:3000/_next/static/chunks/node_modules_next_dist_compiled_react-dom_1e674e59._.js:2325
[  638702ms] [ERROR] Unable to preventDefault inside passive event listener invocation. @ http://localhost:3000/_next/static/chunks/node_modules_next_dist_compiled_react-dom_1e674e59._.js:2325
[  638725ms] [ERROR] Unable to preventDefault inside passive event listener invocation. @ http://localhost:3000/_next/static/chunks/node_modules_next_dist_compiled_react-dom_1e674e59._.js:2325
[  638745ms] [ERROR] Unable to preventDefault inside passive event listener invocation. @ http://localhost:3000/_next/static/chunks/node_modules_next_dist_compiled_react-dom_1e674e59._.js:2325
[  638942ms] [ERROR] Unable to preventDefault inside passive event listener invocation. @ http://localhost:3000/_next/static/chunks/node_modules_next_dist_compiled_react-dom_1e674e59._.js:2325
[  638977ms] [ERROR] Unable to preventDefault inside passive event listener invocation. @ http://localhost:3000/_next/static/chunks/node_modules_next_dist_compiled_react-dom_1e674e59._.js:2325
[  640922ms] [LOG] [cache-update] sid= null poleTags= 48 shapes= 0 @ http://localhost:3000/_next/static/chunks/node_modules_next_dist_f3530cac._.js:2297
[  640922ms] [WARNING] [cache-update] skipping save — no sessionId or db @ http://localhost:3000/_next/static/chunks/node_modules_next_dist_f3530cac._.js:2297
[  640922ms] [LOG] [cache-update] sid= null poleTags= 48 shapes= 0 @ http://localhost:3000/_next/static/chunks/node_modules_next_dist_f3530cac._.js:2297
[  640923ms] [WARNING] [cache-update] skipping save — no sessionId or db @ http://localhost:3000/_next/static/chunks/node_modules_next_dist_f3530cac._.js:2297
[  640982ms] [LOG] [cache-update] sid= null poleTags= 48 shapes= 0 @ http://localhost:3000/_next/static/chunks/node_modules_next_dist_f3530cac._.js:2297
[  640983ms] [WARNING] [cache-update] skipping save — no sessionId or db @ http://localhost:3000/_next/static/chunks/node_modules_next_dist_f3530cac._.js:2297
[  640985ms] [LOG] [cache-update] sid= null poleTags= 48 shapes= 0 @ http://localhost:3000/_next/static/chunks/node_modules_next_dist_f3530cac._.js:2297
[  640985ms] [WARNING] [cache-update] skipping save — no sessionId or db @ http://localhost:3000/_next/static/chunks/node_modules_next_dist_f3530cac._.js:2297
[  642388ms] [LOG] [cache-update] sid= null poleTags= 47 shapes= 0 @ http://localhost:3000/_next/static/chunks/node_modules_next_dist_f3530cac._.js:2297
[  642389ms] [WARNING] [cache-update] skipping save — no sessionId or db @ http://localhost:3000/_next/static/chunks/node_modules_next_dist_f3530cac._.js:2297
[  642389ms] [LOG] [cache-update] sid= null poleTags= 47 shapes= 0 @ http://localhost:3000/_next/static/chunks/node_modules_next_dist_f3530cac._.js:2297
[  642389ms] [WARNING] [cache-update] skipping save — no sessionId or db @ http://localhost:3000/_next/static/chunks/node_modules_next_dist_f3530cac._.js:2297
[  642455ms] [LOG] [cache-update] sid= null poleTags= 47 shapes= 0 @ http://localhost:3000/_next/static/chunks/node_modules_next_dist_f3530cac._.js:2297
[  642455ms] [WARNING] [cache-update] skipping save — no sessionId or db @ http://localhost:3000/_next/static/chunks/node_modules_next_dist_f3530cac._.js:2297
[  642458ms] [LOG] [cache-update] sid= null poleTags= 47 shapes= 0 @ http://localhost:3000/_next/static/chunks/node_modules_next_dist_f3530cac._.js:2297
[  642459ms] [WARNING] [cache-update] skipping save — no sessionId or db @ http://localhost:3000/_next/static/chunks/node_modules_next_dist_f3530cac._.js:2297
[  642671ms] [ERROR] Unable to preventDefault inside passive event listener invocation. @ http://localhost:3000/_next/static/chunks/node_modules_next_dist_compiled_react-dom_1e674e59._.js:2325
[  642690ms] [ERROR] Unable to preventDefault inside passive event listener invocation. @ http://localhost:3000/_next/static/chunks/node_modules_next_dist_compiled_react-dom_1e674e59._.js:2325
[  642734ms] [ERROR] Unable to preventDefault inside passive event listener invocation. @ http://localhost:3000/_next/static/chunks/node_modules_next_dist_compiled_react-dom_1e674e59._.js:2325
[  642751ms] [ERROR] Unable to preventDefault inside passive event listener invocation. @ http://localhost:3000/_next/static/chunks/node_modules_next_dist_compiled_react-dom_1e674e59._.js:2325
[  642779ms] [ERROR] Unable to preventDefault inside passive event listener invocation. @ http://localhost:3000/_next/static/chunks/node_modules_next_dist_compiled_react-dom_1e674e59._.js:2325
[  642997ms] [ERROR] Unable to preventDefault inside passive event listener invocation. @ http://localhost:3000/_next/static/chunks/node_modules_next_dist_compiled_react-dom_1e674e59._.js:2325
[  643014ms] [ERROR] Unable to preventDefault inside passive event listener invocation. @ http://localhost:3000/_next/static/chunks/node_modules_next_dist_compiled_react-dom_1e674e59._.js:2325
[  643025ms] [ERROR] Unable to preventDefault inside passive event listener invocation. @ http://localhost:3000/_next/static/chunks/node_modules_next_dist_compiled_react-dom_1e674e59._.js:2325
[  643041ms] [ERROR] Unable to preventDefault inside passive event listener invocation. @ http://localhost:3000/_next/static/chunks/node_modules_next_dist_compiled_react-dom_1e674e59._.js:2325
[  643052ms] [ERROR] Unable to preventDefault inside passive event listener invocation. @ http://localhost:3000/_next/static/chunks/node_modules_next_dist_compiled_react-dom_1e674e59._.js:2325
[  644292ms] [ERROR] Unable to preventDefault inside passive event listener invocation. @ http://localhost:3000/_next/static/chunks/node_modules_next_dist_compiled_react-dom_1e674e59._.js:2325
[  644310ms] [ERROR] Unable to preventDefault inside passive event listener invocation. @ http://localhost:3000/_next/static/chunks/node_modules_next_dist_compiled_react-dom_1e674e59._.js:2325
[  644326ms] [ERROR] Unable to preventDefault inside passive event listener invocation. @ http://localhost:3000/_next/static/chunks/node_modules_next_dist_compiled_react-dom_1e674e59._.js:2325
[  644346ms] [ERROR] Unable to preventDefault inside passive event listener invocation. @ http://localhost:3000/_next/static/chunks/node_modules_next_dist_compiled_react-dom_1e674e59._.js:2325
[  644385ms] [ERROR] Unable to preventDefault inside passive event listener invocation. @ http://localhost:3000/_next/static/chunks/node_modules_next_dist_compiled_react-dom_1e674e59._.js:2325
[  644530ms] [ERROR] Unable to preventDefault inside passive event listener invocation. @ http://localhost:3000/_next/static/chunks/node_modules_next_dist_compiled_react-dom_1e674e59._.js:2325
[  644556ms] [ERROR] Unable to preventDefault inside passive event listener invocation. @ http://localhost:3000/_next/static/chunks/node_modules_next_dist_compiled_react-dom_1e674e59._.js:2325
[  644578ms] [ERROR] Unable to preventDefault inside passive event listener invocation. @ http://localhost:3000/_next/static/chunks/node_modules_next_dist_compiled_react-dom_1e674e59._.js:2325
[  644634ms] [ERROR] Unable to preventDefault inside passive event listener invocation. @ http://localhost:3000/_next/static/chunks/node_modules_next_dist_compiled_react-dom_1e674e59._.js:2325
[  644764ms] [ERROR] Unable to preventDefault inside passive event listener invocation. @ http://localhost:3000/_next/static/chunks/node_modules_next_dist_compiled_react-dom_1e674e59._.js:2325
[  644786ms] [ERROR] Unable to preventDefault inside passive event listener invocation. @ http://localhost:3000/_next/static/chunks/node_modules_next_dist_compiled_react-dom_1e674e59._.js:2325
[  644813ms] [ERROR] Unable to preventDefault inside passive event listener invocation. @ http://localhost:3000/_next/static/chunks/node_modules_next_dist_compiled_react-dom_1e674e59._.js:2325
[  646362ms] [LOG] [cache-update] sid= null poleTags= 46 shapes= 0 @ http://localhost:3000/_next/static/chunks/node_modules_next_dist_f3530cac._.js:2297
[  646362ms] [WARNING] [cache-update] skipping save — no sessionId or db @ http://localhost:3000/_next/static/chunks/node_modules_next_dist_f3530cac._.js:2297
[  646362ms] [LOG] [cache-update] sid= null poleTags= 46 shapes= 0 @ http://localhost:3000/_next/static/chunks/node_modules_next_dist_f3530cac._.js:2297
[  646363ms] [WARNING] [cache-update] skipping save — no sessionId or db @ http://localhost:3000/_next/static/chunks/node_modules_next_dist_f3530cac._.js:2297
[  646446ms] [LOG] [cache-update] sid= null poleTags= 46 shapes= 0 @ http://localhost:3000/_next/static/chunks/node_modules_next_dist_f3530cac._.js:2297
[  646447ms] [WARNING] [cache-update] skipping save — no sessionId or db @ http://localhost:3000/_next/static/chunks/node_modules_next_dist_f3530cac._.js:2297
[  646451ms] [LOG] [cache-update] sid= null poleTags= 46 shapes= 0 @ http://localhost:3000/_next/static/chunks/node_modules_next_dist_f3530cac._.js:2297
[  646452ms] [WARNING] [cache-update] skipping save — no sessionId or db @ http://localhost:3000/_next/static/chunks/node_modules_next_dist_f3530cac._.js:2297
[  648078ms] [LOG] [cache-update] sid= null poleTags= 45 shapes= 0 @ http://localhost:3000/_next/static/chunks/node_modules_next_dist_f3530cac._.js:2297
[  648078ms] [WARNING] [cache-update] skipping save — no sessionId or db @ http://localhost:3000/_next/static/chunks/node_modules_next_dist_f3530cac._.js:2297
[  648078ms] [LOG] [cache-update] sid= null poleTags= 45 shapes= 0 @ http://localhost:3000/_next/static/chunks/node_modules_next_dist_f3530cac._.js:2297
[  648078ms] [WARNING] [cache-update] skipping save — no sessionId or db @ http://localhost:3000/_next/static/chunks/node_modules_next_dist_f3530cac._.js:2297
[  648139ms] [LOG] [cache-update] sid= null poleTags= 45 shapes= 0 @ http://localhost:3000/_next/static/chunks/node_modules_next_dist_f3530cac._.js:2297
[  648140ms] [WARNING] [cache-update] skipping save — no sessionId or db @ http://localhost:3000/_next/static/chunks/node_modules_next_dist_f3530cac._.js:2297
[  648143ms] [LOG] [cache-update] sid= null poleTags= 45 shapes= 0 @ http://localhost:3000/_next/static/chunks/node_modules_next_dist_f3530cac._.js:2297
[  648143ms] [WARNING] [cache-update] skipping save — no sessionId or db @ http://localhost:3000/_next/static/chunks/node_modules_next_dist_f3530cac._.js:2297
[  649461ms] [ERROR] Unable to preventDefault inside passive event listener invocation. @ http://localhost:3000/_next/static/chunks/node_modules_next_dist_compiled_react-dom_1e674e59._.js:2325
[  649481ms] [ERROR] Unable to preventDefault inside passive event listener invocation. @ http://localhost:3000/_next/static/chunks/node_modules_next_dist_compiled_react-dom_1e674e59._.js:2325
[  649503ms] [ERROR] Unable to preventDefault inside passive event listener invocation. @ http://localhost:3000/_next/static/chunks/node_modules_next_dist_compiled_react-dom_1e674e59._.js:2325
[  649747ms] [ERROR] Unable to preventDefault inside passive event listener invocation. @ http://localhost:3000/_next/static/chunks/node_modules_next_dist_compiled_react-dom_1e674e59._.js:2325
[  649770ms] [ERROR] Unable to preventDefault inside passive event listener invocation. @ http://localhost:3000/_next/static/chunks/node_modules_next_dist_compiled_react-dom_1e674e59._.js:2325
[  652636ms] [ERROR] Unable to preventDefault inside passive event listener invocation. @ http://localhost:3000/_next/static/chunks/node_modules_next_dist_compiled_react-dom_1e674e59._.js:2325
[  652658ms] [ERROR] Unable to preventDefault inside passive event listener invocation. @ http://localhost:3000/_next/static/chunks/node_modules_next_dist_compiled_react-dom_1e674e59._.js:2325
[  652679ms] [ERROR] Unable to preventDefault inside passive event listener invocation. @ http://localhost:3000/_next/static/chunks/node_modules_next_dist_compiled_react-dom_1e674e59._.js:2325
[  652715ms] [ERROR] Unable to preventDefault inside passive event listener invocation. @ http://localhost:3000/_next/static/chunks/node_modules_next_dist_compiled_react-dom_1e674e59._.js:2325
[  652926ms] [ERROR] Unable to preventDefault inside passive event listener invocation. @ http://localhost:3000/_next/static/chunks/node_modules_next_dist_compiled_react-dom_1e674e59._.js:2325
[  654406ms] [LOG] [cache-update] sid= null poleTags= 44 shapes= 0 @ http://localhost:3000/_next/static/chunks/node_modules_next_dist_f3530cac._.js:2297
[  654407ms] [WARNING] [cache-update] skipping save — no sessionId or db @ http://localhost:3000/_next/static/chunks/node_modules_next_dist_f3530cac._.js:2297
[  654407ms] [LOG] [cache-update] sid= null poleTags= 44 shapes= 0 @ http://localhost:3000/_next/static/chunks/node_modules_next_dist_f3530cac._.js:2297
[  654407ms] [WARNING] [cache-update] skipping save — no sessionId or db @ http://localhost:3000/_next/static/chunks/node_modules_next_dist_f3530cac._.js:2297
[  654461ms] [LOG] [cache-update] sid= null poleTags= 44 shapes= 0 @ http://localhost:3000/_next/static/chunks/node_modules_next_dist_f3530cac._.js:2297
[  654461ms] [WARNING] [cache-update] skipping save — no sessionId or db @ http://localhost:3000/_next/static/chunks/node_modules_next_dist_f3530cac._.js:2297
[  654463ms] [LOG] [cache-update] sid= null poleTags= 44 shapes= 0 @ http://localhost:3000/_next/static/chunks/node_modules_next_dist_f3530cac._.js:2297
[  654463ms] [WARNING] [cache-update] skipping save — no sessionId or db @ http://localhost:3000/_next/static/chunks/node_modules_next_dist_f3530cac._.js:2297
[  656109ms] [LOG] [cache-update] sid= null poleTags= 43 shapes= 0 @ http://localhost:3000/_next/static/chunks/node_modules_next_dist_f3530cac._.js:2297
[  656110ms] [WARNING] [cache-update] skipping save — no sessionId or db @ http://localhost:3000/_next/static/chunks/node_modules_next_dist_f3530cac._.js:2297
[  656110ms] [LOG] [cache-update] sid= null poleTags= 43 shapes= 0 @ http://localhost:3000/_next/static/chunks/node_modules_next_dist_f3530cac._.js:2297
[  656110ms] [WARNING] [cache-update] skipping save — no sessionId or db @ http://localhost:3000/_next/static/chunks/node_modules_next_dist_f3530cac._.js:2297
[  656171ms] [LOG] [cache-update] sid= null poleTags= 43 shapes= 0 @ http://localhost:3000/_next/static/chunks/node_modules_next_dist_f3530cac._.js:2297
[  656171ms] [WARNING] [cache-update] skipping save — no sessionId or db @ http://localhost:3000/_next/static/chunks/node_modules_next_dist_f3530cac._.js:2297
[  656174ms] [LOG] [cache-update] sid= null poleTags= 43 shapes= 0 @ http://localhost:3000/_next/static/chunks/node_modules_next_dist_f3530cac._.js:2297
[  656175ms] [WARNING] [cache-update] skipping save — no sessionId or db @ http://localhost:3000/_next/static/chunks/node_modules_next_dist_f3530cac._.js:2297
[  657235ms] [ERROR] Unable to preventDefault inside passive event listener invocation. @ http://localhost:3000/_next/static/chunks/node_modules_next_dist_compiled_react-dom_1e674e59._.js:2325
[  657252ms] [ERROR] Unable to preventDefault inside passive event listener invocation. @ http://localhost:3000/_next/static/chunks/node_modules_next_dist_compiled_react-dom_1e674e59._.js:2325
[  657270ms] [ERROR] Unable to preventDefault inside passive event listener invocation. @ http://localhost:3000/_next/static/chunks/node_modules_next_dist_compiled_react-dom_1e674e59._.js:2325
[  657298ms] [ERROR] Unable to preventDefault inside passive event listener invocation. @ http://localhost:3000/_next/static/chunks/node_modules_next_dist_compiled_react-dom_1e674e59._.js:2325
[  658086ms] [ERROR] Unable to preventDefault inside passive event listener invocation. @ http://localhost:3000/_next/static/chunks/node_modules_next_dist_compiled_react-dom_1e674e59._.js:2325
[  658112ms] [ERROR] Unable to preventDefault inside passive event listener invocation. @ http://localhost:3000/_next/static/chunks/node_modules_next_dist_compiled_react-dom_1e674e59._.js:2325
[  658149ms] [ERROR] Unable to preventDefault inside passive event listener invocation. @ http://localhost:3000/_next/static/chunks/node_modules_next_dist_compiled_react-dom_1e674e59._.js:2325
[  658217ms] [ERROR] Unable to preventDefault inside passive event listener invocation. @ http://localhost:3000/_next/static/chunks/node_modules_next_dist_compiled_react-dom_1e674e59._.js:2325
[  658351ms] [ERROR] Unable to preventDefault inside passive event listener invocation. @ http://localhost:3000/_next/static/chunks/node_modules_next_dist_compiled_react-dom_1e674e59._.js:2325
[  658375ms] [ERROR] Unable to preventDefault inside passive event listener invocation. @ http://localhost:3000/_next/static/chunks/node_modules_next_dist_compiled_react-dom_1e674e59._.js:2325
[  658401ms] [ERROR] Unable to preventDefault inside passive event listener invocation. @ http://localhost:3000/_next/static/chunks/node_modules_next_dist_compiled_react-dom_1e674e59._.js:2325
[  658573ms] [ERROR] Unable to preventDefault inside passive event listener invocation. @ http://localhost:3000/_next/static/chunks/node_modules_next_dist_compiled_react-dom_1e674e59._.js:2325
[  658599ms] [ERROR] Unable to preventDefault inside passive event listener invocation. @ http://localhost:3000/_next/static/chunks/node_modules_next_dist_compiled_react-dom_1e674e59._.js:2325
[  658618ms] [ERROR] Unable to preventDefault inside passive event listener invocation. @ http://localhost:3000/_next/static/chunks/node_modules_next_dist_compiled_react-dom_1e674e59._.js:2325
[  658642ms] [ERROR] Unable to preventDefault inside passive event listener invocation. @ http://localhost:3000/_next/static/chunks/node_modules_next_dist_compiled_react-dom_1e674e59._.js:2325
[  658831ms] [ERROR] Unable to preventDefault inside passive event listener invocation. @ http://localhost:3000/_next/static/chunks/node_modules_next_dist_compiled_react-dom_1e674e59._.js:2325
[  658855ms] [ERROR] Unable to preventDefault inside passive event listener invocation. @ http://localhost:3000/_next/static/chunks/node_modules_next_dist_compiled_react-dom_1e674e59._.js:2325
[  658886ms] [ERROR] Unable to preventDefault inside passive event listener invocation. @ http://localhost:3000/_next/static/chunks/node_modules_next_dist_compiled_react-dom_1e674e59._.js:2325
[  659830ms] [ERROR] Unable to preventDefault inside passive event listener invocation. @ http://localhost:3000/_next/static/chunks/node_modules_next_dist_compiled_react-dom_1e674e59._.js:2325
[  659846ms] [ERROR] Unable to preventDefault inside passive event listener invocation. @ http://localhost:3000/_next/static/chunks/node_modules_next_dist_compiled_react-dom_1e674e59._.js:2325
[  659859ms] [ERROR] Unable to preventDefault inside passive event listener invocation. @ http://localhost:3000/_next/static/chunks/node_modules_next_dist_compiled_react-dom_1e674e59._.js:2325
[  659875ms] [ERROR] Unable to preventDefault inside passive event listener invocation. @ http://localhost:3000/_next/static/chunks/node_modules_next_dist_compiled_react-dom_1e674e59._.js:2325
[  659890ms] [ERROR] Unable to preventDefault inside passive event listener invocation. @ http://localhost:3000/_next/static/chunks/node_modules_next_dist_compiled_react-dom_1e674e59._.js:2325
[  659947ms] [LOG] [Fast Refresh] rebuilding @ http://localhost:3000/_next/static/chunks/node_modules_next_dist_f3530cac._.js:2297
[  659948ms] [LOG] [Fast Refresh] done in 107ms @ http://localhost:3000/_next/static/chunks/node_modules_next_dist_f3530cac._.js:2297
[  660104ms] [ERROR] Unable to preventDefault inside passive event listener invocation. @ http://localhost:3000/_next/static/chunks/node_modules_next_dist_compiled_react-dom_1e674e59._.js:2325
[  660130ms] [ERROR] Unable to preventDefault inside passive event listener invocation. @ http://localhost:3000/_next/static/chunks/node_modules_next_dist_compiled_react-dom_1e674e59._.js:2325
[  660143ms] [ERROR] Unable to preventDefault inside passive event listener invocation. @ http://localhost:3000/_next/static/chunks/node_modules_next_dist_compiled_react-dom_1e674e59._.js:2325
[  660156ms] [ERROR] Unable to preventDefault inside passive event listener invocation. @ http://localhost:3000/_next/static/chunks/node_modules_next_dist_compiled_react-dom_1e674e59._.js:2325
[  660165ms] [ERROR] Unable to preventDefault inside passive event listener invocation. @ http://localhost:3000/_next/static/chunks/node_modules_next_dist_compiled_react-dom_1e674e59._.js:2325
[  660224ms] [LOG] [Fast Refresh] rebuilding @ http://localhost:3000/_next/static/chunks/node_modules_next_dist_f3530cac._.js:2297
[  660227ms] [LOG] [Fast Refresh] done in 107ms @ http://localhost:3000/_next/static/chunks/node_modules_next_dist_f3530cac._.js:2297
[  660468ms] [ERROR] Unable to preventDefault inside passive event listener invocation. @ http://localhost:3000/_next/static/chunks/node_modules_next_dist_compiled_react-dom_1e674e59._.js:2325
[  660913ms] [ERROR] Unable to preventDefault inside passive event listener invocation. @ http://localhost:3000/_next/static/chunks/node_modules_next_dist_compiled_react-dom_1e674e59._.js:2325
[  660981ms] [ERROR] Unable to preventDefault inside passive event listener invocation. @ http://localhost:3000/_next/static/chunks/node_modules_next_dist_compiled_react-dom_1e674e59._.js:2325
[  661248ms] [ERROR] Unable to preventDefault inside passive event listener invocation. @ http://localhost:3000/_next/static/chunks/node_modules_next_dist_compiled_react-dom_1e674e59._.js:2325
[  661308ms] [ERROR] Unable to preventDefault inside passive event listener invocation. @ http://localhost:3000/_next/static/chunks/node_modules_next_dist_compiled_react-dom_1e674e59._.js:2325
[  661669ms] [ERROR] Unable to preventDefault inside passive event listener invocation. @ http://localhost:3000/_next/static/chunks/node_modules_next_dist_compiled_react-dom_1e674e59._.js:2325
[  661710ms] [ERROR] Unable to preventDefault inside passive event listener invocation. @ http://localhost:3000/_next/static/chunks/node_modules_next_dist_compiled_react-dom_1e674e59._.js:2325
[  662069ms] [ERROR] Unable to preventDefault inside passive event listener invocation. @ http://localhost:3000/_next/static/chunks/node_modules_next_dist_compiled_react-dom_1e674e59._.js:2325
[  665665ms] [ERROR] Unable to preventDefault inside passive event listener invocation. @ http://localhost:3000/_next/static/chunks/node_modules_next_dist_compiled_react-dom_1e674e59._.js:2325
[  665691ms] [ERROR] Unable to preventDefault inside passive event listener invocation. @ http://localhost:3000/_next/static/chunks/node_modules_next_dist_compiled_react-dom_1e674e59._.js:2325
[  665712ms] [ERROR] Unable to preventDefault inside passive event listener invocation. @ http://localhost:3000/_next/static/chunks/node_modules_next_dist_compiled_react-dom_1e674e59._.js:2325
[  665724ms] [ERROR] Unable to preventDefault inside passive event listener invocation. @ http://localhost:3000/_next/static/chunks/node_modules_next_dist_compiled_react-dom_1e674e59._.js:2325
[  666797ms] [ERROR] Unable to preventDefault inside passive event listener invocation. @ http://localhost:3000/_next/static/chunks/node_modules_next_dist_compiled_react-dom_1e674e59._.js:2325
[  666817ms] [ERROR] Unable to preventDefault inside passive event listener invocation. @ http://localhost:3000/_next/static/chunks/node_modules_next_dist_compiled_react-dom_1e674e59._.js:2325
[  666846ms] [ERROR] Unable to preventDefault inside passive event listener invocation. @ http://localhost:3000/_next/static/chunks/node_modules_next_dist_compiled_react-dom_1e674e59._.js:2325
[  667030ms] [ERROR] Unable to preventDefault inside passive event listener invocation. @ http://localhost:3000/_next/static/chunks/node_modules_next_dist_compiled_react-dom_1e674e59._.js:2325
[  667056ms] [ERROR] Unable to preventDefault inside passive event listener invocation. @ http://localhost:3000/_next/static/chunks/node_modules_next_dist_compiled_react-dom_1e674e59._.js:2325
[  667084ms] [ERROR] Unable to preventDefault inside passive event listener invocation. @ http://localhost:3000/_next/static/chunks/node_modules_next_dist_compiled_react-dom_1e674e59._.js:2325
[  667519ms] [ERROR] Unable to preventDefault inside passive event listener invocation. @ http://localhost:3000/_next/static/chunks/node_modules_next_dist_compiled_react-dom_1e674e59._.js:2325
[  667594ms] [ERROR] Unable to preventDefault inside passive event listener invocation. @ http://localhost:3000/_next/static/chunks/node_modules_next_dist_compiled_react-dom_1e674e59._.js:2325
[  667623ms] [ERROR] Unable to preventDefault inside passive event listener invocation. @ http://localhost:3000/_next/static/chunks/node_modules_next_dist_compiled_react-dom_1e674e59._.js:2325
[  667678ms] [ERROR] Unable to preventDefault inside passive event listener invocation. @ http://localhost:3000/_next/static/chunks/node_modules_next_dist_compiled_react-dom_1e674e59._.js:2325
[  669162ms] [ERROR] Unable to preventDefault inside passive event listener invocation. @ http://localhost:3000/_next/static/chunks/node_modules_next_dist_compiled_react-dom_1e674e59._.js:2325
[  669182ms] [ERROR] Unable to preventDefault inside passive event listener invocation. @ http://localhost:3000/_next/static/chunks/node_modules_next_dist_compiled_react-dom_1e674e59._.js:2325
[  669199ms] [ERROR] Unable to preventDefault inside passive event listener invocation. @ http://localhost:3000/_next/static/chunks/node_modules_next_dist_compiled_react-dom_1e674e59._.js:2325
[  669429ms] [ERROR] Unable to preventDefault inside passive event listener invocation. @ http://localhost:3000/_next/static/chunks/node_modules_next_dist_compiled_react-dom_1e674e59._.js:2325
[  669457ms] [ERROR] Unable to preventDefault inside passive event listener invocation. @ http://localhost:3000/_next/static/chunks/node_modules_next_dist_compiled_react-dom_1e674e59._.js:2325
[  669474ms] [ERROR] Unable to preventDefault inside passive event listener invocation. @ http://localhost:3000/_next/static/chunks/node_modules_next_dist_compiled_react-dom_1e674e59._.js:2325
[  670762ms] [ERROR] Unable to preventDefault inside passive event listener invocation. @ http://localhost:3000/_next/static/chunks/node_modules_next_dist_compiled_react-dom_1e674e59._.js:2325
[  670807ms] [ERROR] Unable to preventDefault inside passive event listener invocation. @ http://localhost:3000/_next/static/chunks/node_modules_next_dist_compiled_react-dom_1e674e59._.js:2325
[  670898ms] [ERROR] Unable to preventDefault inside passive event listener invocation. @ http://localhost:3000/_next/static/chunks/node_modules_next_dist_compiled_react-dom_1e674e59._.js:2325
[  671079ms] [ERROR] Unable to preventDefault inside passive event listener invocation. @ http://localhost:3000/_next/static/chunks/node_modules_next_dist_compiled_react-dom_1e674e59._.js:2325
[  671103ms] [ERROR] Unable to preventDefault inside passive event listener invocation. @ http://localhost:3000/_next/static/chunks/node_modules_next_dist_compiled_react-dom_1e674e59._.js:2325
[  671120ms] [ERROR] Unable to preventDefault inside passive event listener invocation. @ http://localhost:3000/_next/static/chunks/node_modules_next_dist_compiled_react-dom_1e674e59._.js:2325
[  671142ms] [ERROR] Unable to preventDefault inside passive event listener invocation. @ http://localhost:3000/_next/static/chunks/node_modules_next_dist_compiled_react-dom_1e674e59._.js:2325
[  671200ms] [ERROR] Unable to preventDefault inside passive event listener invocation. @ http://localhost:3000/_next/static/chunks/node_modules_next_dist_compiled_react-dom_1e674e59._.js:2325
[  671443ms] [ERROR] Unable to preventDefault inside passive event listener invocation. @ http://localhost:3000/_next/static/chunks/node_modules_next_dist_compiled_react-dom_1e674e59._.js:2325
[  671865ms] [ERROR] Unable to preventDefault inside passive event listener invocation. @ http://localhost:3000/_next/static/chunks/node_modules_next_dist_compiled_react-dom_1e674e59._.js:2325
[  671886ms] [ERROR] Unable to preventDefault inside passive event listener invocation. @ http://localhost:3000/_next/static/chunks/node_modules_next_dist_compiled_react-dom_1e674e59._.js:2325
[  671910ms] [ERROR] Unable to preventDefault inside passive event listener invocation. @ http://localhost:3000/_next/static/chunks/node_modules_next_dist_compiled_react-dom_1e674e59._.js:2325
[  672215ms] [ERROR] Unable to preventDefault inside passive event listener invocation. @ http://localhost:3000/_next/static/chunks/node_modules_next_dist_compiled_react-dom_1e674e59._.js:2325
[  672247ms] [ERROR] Unable to preventDefault inside passive event listener invocation. @ http://localhost:3000/_next/static/chunks/node_modules_next_dist_compiled_react-dom_1e674e59._.js:2325
[  672843ms] [ERROR] Unable to preventDefault inside passive event listener invocation. @ http://localhost:3000/_next/static/chunks/node_modules_next_dist_compiled_react-dom_1e674e59._.js:2325
[  672870ms] [ERROR] Unable to preventDefault inside passive event listener invocation. @ http://localhost:3000/_next/static/chunks/node_modules_next_dist_compiled_react-dom_1e674e59._.js:2325
[  681157ms] [ERROR] Unable to preventDefault inside passive event listener invocation. @ http://localhost:3000/_next/static/chunks/node_modules_next_dist_compiled_react-dom_1e674e59._.js:2325
[  681181ms] [ERROR] Unable to preventDefault inside passive event listener invocation. @ http://localhost:3000/_next/static/chunks/node_modules_next_dist_compiled_react-dom_1e674e59._.js:2325
[  681203ms] [ERROR] Unable to preventDefault inside passive event listener invocation. @ http://localhost:3000/_next/static/chunks/node_modules_next_dist_compiled_react-dom_1e674e59._.js:2325
[  681221ms] [ERROR] Unable to preventDefault inside passive event listener invocation. @ http://localhost:3000/_next/static/chunks/node_modules_next_dist_compiled_react-dom_1e674e59._.js:2325
[  681252ms] [ERROR] Unable to preventDefault inside passive event listener invocation. @ http://localhost:3000/_next/static/chunks/node_modules_next_dist_compiled_react-dom_1e674e59._.js:2325
[  681281ms] [LOG] [Fast Refresh] rebuilding @ http://localhost:3000/_next/static/chunks/node_modules_next_dist_f3530cac._.js:2297
[  681346ms] [LOG] [Fast Refresh] done in 171ms @ http://localhost:3000/_next/static/chunks/node_modules_next_dist_f3530cac._.js:2297
[  681563ms] [ERROR] Unable to preventDefault inside passive event listener invocation. @ http://localhost:3000/_next/static/chunks/node_modules_next_dist_compiled_react-dom_1e674e59._.js:2325
[  682288ms] [ERROR] Unable to preventDefault inside passive event listener invocation. @ http://localhost:3000/_next/static/chunks/node_modules_next_dist_compiled_react-dom_1e674e59._.js:2325
[  682304ms] [ERROR] Unable to preventDefault inside passive event listener invocation. @ http://localhost:3000/_next/static/chunks/node_modules_next_dist_compiled_react-dom_1e674e59._.js:2325
[  682331ms] [ERROR] Unable to preventDefault inside passive event listener invocation. @ http://localhost:3000/_next/static/chunks/node_modules_next_dist_compiled_react-dom_1e674e59._.js:2325
[  682724ms] [ERROR] Unable to preventDefault inside passive event listener invocation. @ http://localhost:3000/_next/static/chunks/node_modules_next_dist_compiled_react-dom_1e674e59._.js:2325
[  682749ms] [ERROR] Unable to preventDefault inside passive event listener invocation. @ http://localhost:3000/_next/static/chunks/node_modules_next_dist_compiled_react-dom_1e674e59._.js:2325
[  682765ms] [ERROR] Unable to preventDefault inside passive event listener invocation. @ http://localhost:3000/_next/static/chunks/node_modules_next_dist_compiled_react-dom_1e674e59._.js:2325
[  682791ms] [ERROR] Unable to preventDefault inside passive event listener invocation. @ http://localhost:3000/_next/static/chunks/node_modules_next_dist_compiled_react-dom_1e674e59._.js:2325
[  682961ms] [ERROR] Unable to preventDefault inside passive event listener invocation. @ http://localhost:3000/_next/static/chunks/node_modules_next_dist_compiled_react-dom_1e674e59._.js:2325
[  682987ms] [ERROR] Unable to preventDefault inside passive event listener invocation. @ http://localhost:3000/_next/static/chunks/node_modules_next_dist_compiled_react-dom_1e674e59._.js:2325
[  683009ms] [ERROR] Unable to preventDefault inside passive event listener invocation. @ http://localhost:3000/_next/static/chunks/node_modules_next_dist_compiled_react-dom_1e674e59._.js:2325
[  684389ms] [LOG] [cache-update] sid= null poleTags= 42 shapes= 0 @ http://localhost:3000/_next/static/chunks/node_modules_next_dist_f3530cac._.js:2297
[  684389ms] [WARNING] [cache-update] skipping save — no sessionId or db @ http://localhost:3000/_next/static/chunks/node_modules_next_dist_f3530cac._.js:2297
[  684390ms] [LOG] [cache-update] sid= null poleTags= 42 shapes= 0 @ http://localhost:3000/_next/static/chunks/node_modules_next_dist_f3530cac._.js:2297
[  684390ms] [WARNING] [cache-update] skipping save — no sessionId or db @ http://localhost:3000/_next/static/chunks/node_modules_next_dist_f3530cac._.js:2297
[  684449ms] [LOG] [cache-update] sid= null poleTags= 42 shapes= 0 @ http://localhost:3000/_next/static/chunks/node_modules_next_dist_f3530cac._.js:2297
[  684449ms] [WARNING] [cache-update] skipping save — no sessionId or db @ http://localhost:3000/_next/static/chunks/node_modules_next_dist_f3530cac._.js:2297
[  684452ms] [LOG] [cache-update] sid= null poleTags= 42 shapes= 0 @ http://localhost:3000/_next/static/chunks/node_modules_next_dist_f3530cac._.js:2297
[  684452ms] [WARNING] [cache-update] skipping save — no sessionId or db @ http://localhost:3000/_next/static/chunks/node_modules_next_dist_f3530cac._.js:2297
[  685042ms] [ERROR] Unable to preventDefault inside passive event listener invocation. @ http://localhost:3000/_next/static/chunks/node_modules_next_dist_compiled_react-dom_1e674e59._.js:2325
[  685054ms] [ERROR] Unable to preventDefault inside passive event listener invocation. @ http://localhost:3000/_next/static/chunks/node_modules_next_dist_compiled_react-dom_1e674e59._.js:2325
[  685065ms] [ERROR] Unable to preventDefault inside passive event listener invocation. @ http://localhost:3000/_next/static/chunks/node_modules_next_dist_compiled_react-dom_1e674e59._.js:2325
[  685074ms] [ERROR] Unable to preventDefault inside passive event listener invocation. @ http://localhost:3000/_next/static/chunks/node_modules_next_dist_compiled_react-dom_1e674e59._.js:2325
[  686643ms] [ERROR] Unable to preventDefault inside passive event listener invocation. @ http://localhost:3000/_next/static/chunks/node_modules_next_dist_compiled_react-dom_1e674e59._.js:2325
[  686657ms] [ERROR] Unable to preventDefault inside passive event listener invocation. @ http://localhost:3000/_next/static/chunks/node_modules_next_dist_compiled_react-dom_1e674e59._.js:2325
[  686679ms] [ERROR] Unable to preventDefault inside passive event listener invocation. @ http://localhost:3000/_next/static/chunks/node_modules_next_dist_compiled_react-dom_1e674e59._.js:2325
[  686731ms] [ERROR] Unable to preventDefault inside passive event listener invocation. @ http://localhost:3000/_next/static/chunks/node_modules_next_dist_compiled_react-dom_1e674e59._.js:2325
[  688185ms] [LOG] [cache-update] sid= null poleTags= 41 shapes= 0 @ http://localhost:3000/_next/static/chunks/node_modules_next_dist_f3530cac._.js:2297
[  688185ms] [WARNING] [cache-update] skipping save — no sessionId or db @ http://localhost:3000/_next/static/chunks/node_modules_next_dist_f3530cac._.js:2297
[  688186ms] [LOG] [cache-update] sid= null poleTags= 41 shapes= 0 @ http://localhost:3000/_next/static/chunks/node_modules_next_dist_f3530cac._.js:2297
[  688186ms] [WARNING] [cache-update] skipping save — no sessionId or db @ http://localhost:3000/_next/static/chunks/node_modules_next_dist_f3530cac._.js:2297
[  688242ms] [LOG] [cache-update] sid= null poleTags= 41 shapes= 0 @ http://localhost:3000/_next/static/chunks/node_modules_next_dist_f3530cac._.js:2297
[  688243ms] [WARNING] [cache-update] skipping save — no sessionId or db @ http://localhost:3000/_next/static/chunks/node_modules_next_dist_f3530cac._.js:2297
[  688244ms] [LOG] [cache-update] sid= null poleTags= 41 shapes= 0 @ http://localhost:3000/_next/static/chunks/node_modules_next_dist_f3530cac._.js:2297
[  688244ms] [WARNING] [cache-update] skipping save — no sessionId or db @ http://localhost:3000/_next/static/chunks/node_modules_next_dist_f3530cac._.js:2297
[  688560ms] [ERROR] Unable to preventDefault inside passive event listener invocation. @ http://localhost:3000/_next/static/chunks/node_modules_next_dist_compiled_react-dom_1e674e59._.js:2325
[  688581ms] [ERROR] Unable to preventDefault inside passive event listener invocation. @ http://localhost:3000/_next/static/chunks/node_modules_next_dist_compiled_react-dom_1e674e59._.js:2325
[  688594ms] [ERROR] Unable to preventDefault inside passive event listener invocation. @ http://localhost:3000/_next/static/chunks/node_modules_next_dist_compiled_react-dom_1e674e59._.js:2325
[  688617ms] [ERROR] Unable to preventDefault inside passive event listener invocation. @ http://localhost:3000/_next/static/chunks/node_modules_next_dist_compiled_react-dom_1e674e59._.js:2325
[  691219ms] [LOG] [cache-update] sid= null poleTags= 40 shapes= 0 @ http://localhost:3000/_next/static/chunks/node_modules_next_dist_f3530cac._.js:2297
[  691220ms] [WARNING] [cache-update] skipping save — no sessionId or db @ http://localhost:3000/_next/static/chunks/node_modules_next_dist_f3530cac._.js:2297
[  691220ms] [LOG] [cache-update] sid= null poleTags= 40 shapes= 0 @ http://localhost:3000/_next/static/chunks/node_modules_next_dist_f3530cac._.js:2297
[  691220ms] [WARNING] [cache-update] skipping save — no sessionId or db @ http://localhost:3000/_next/static/chunks/node_modules_next_dist_f3530cac._.js:2297
[  691296ms] [LOG] [cache-update] sid= null poleTags= 40 shapes= 0 @ http://localhost:3000/_next/static/chunks/node_modules_next_dist_f3530cac._.js:2297
[  691296ms] [WARNING] [cache-update] skipping save — no sessionId or db @ http://localhost:3000/_next/static/chunks/node_modules_next_dist_f3530cac._.js:2297
[  691300ms] [LOG] [cache-update] sid= null poleTags= 40 shapes= 0 @ http://localhost:3000/_next/static/chunks/node_modules_next_dist_f3530cac._.js:2297
[  691301ms] [WARNING] [cache-update] skipping save — no sessionId or db @ http://localhost:3000/_next/static/chunks/node_modules_next_dist_f3530cac._.js:2297
[  691521ms] [ERROR] Unable to preventDefault inside passive event listener invocation. @ http://localhost:3000/_next/static/chunks/node_modules_next_dist_compiled_react-dom_1e674e59._.js:2325
[  691543ms] [ERROR] Unable to preventDefault inside passive event listener invocation. @ http://localhost:3000/_next/static/chunks/node_modules_next_dist_compiled_react-dom_1e674e59._.js:2325
[  691556ms] [ERROR] Unable to preventDefault inside passive event listener invocation. @ http://localhost:3000/_next/static/chunks/node_modules_next_dist_compiled_react-dom_1e674e59._.js:2325
[  692201ms] [ERROR] Unable to preventDefault inside passive event listener invocation. @ http://localhost:3000/_next/static/chunks/node_modules_next_dist_compiled_react-dom_1e674e59._.js:2325
[  692220ms] [ERROR] Unable to preventDefault inside passive event listener invocation. @ http://localhost:3000/_next/static/chunks/node_modules_next_dist_compiled_react-dom_1e674e59._.js:2325
[  692237ms] [ERROR] Unable to preventDefault inside passive event listener invocation. @ http://localhost:3000/_next/static/chunks/node_modules_next_dist_compiled_react-dom_1e674e59._.js:2325
[  692262ms] [ERROR] Unable to preventDefault inside passive event listener invocation. @ http://localhost:3000/_next/static/chunks/node_modules_next_dist_compiled_react-dom_1e674e59._.js:2325
[  692413ms] [ERROR] Unable to preventDefault inside passive event listener invocation. @ http://localhost:3000/_next/static/chunks/node_modules_next_dist_compiled_react-dom_1e674e59._.js:2325
[  692434ms] [ERROR] Unable to preventDefault inside passive event listener invocation. @ http://localhost:3000/_next/static/chunks/node_modules_next_dist_compiled_react-dom_1e674e59._.js:2325
[  692451ms] [ERROR] Unable to preventDefault inside passive event listener invocation. @ http://localhost:3000/_next/static/chunks/node_modules_next_dist_compiled_react-dom_1e674e59._.js:2325
[  692478ms] [ERROR] Unable to preventDefault inside passive event listener invocation. @ http://localhost:3000/_next/static/chunks/node_modules_next_dist_compiled_react-dom_1e674e59._.js:2325
[  692534ms] [LOG] [Fast Refresh] rebuilding @ http://localhost:3000/_next/static/chunks/node_modules_next_dist_f3530cac._.js:2297
[  692535ms] [LOG] [Fast Refresh] done in 106ms @ http://localhost:3000/_next/static/chunks/node_modules_next_dist_f3530cac._.js:2297
[  694219ms] [LOG] [cache-update] sid= null poleTags= 39 shapes= 0 @ http://localhost:3000/_next/static/chunks/node_modules_next_dist_f3530cac._.js:2297
[  694219ms] [WARNING] [cache-update] skipping save — no sessionId or db @ http://localhost:3000/_next/static/chunks/node_modules_next_dist_f3530cac._.js:2297
[  694220ms] [LOG] [cache-update] sid= null poleTags= 39 shapes= 0 @ http://localhost:3000/_next/static/chunks/node_modules_next_dist_f3530cac._.js:2297
[  694221ms] [WARNING] [cache-update] skipping save — no sessionId or db @ http://localhost:3000/_next/static/chunks/node_modules_next_dist_f3530cac._.js:2297
[  694280ms] [LOG] [cache-update] sid= null poleTags= 39 shapes= 0 @ http://localhost:3000/_next/static/chunks/node_modules_next_dist_f3530cac._.js:2297
[  694280ms] [WARNING] [cache-update] skipping save — no sessionId or db @ http://localhost:3000/_next/static/chunks/node_modules_next_dist_f3530cac._.js:2297
[  694284ms] [LOG] [cache-update] sid= null poleTags= 39 shapes= 0 @ http://localhost:3000/_next/static/chunks/node_modules_next_dist_f3530cac._.js:2297
[  694285ms] [WARNING] [cache-update] skipping save — no sessionId or db @ http://localhost:3000/_next/static/chunks/node_modules_next_dist_f3530cac._.js:2297
[  694454ms] [ERROR] Unable to preventDefault inside passive event listener invocation. @ http://localhost:3000/_next/static/chunks/node_modules_next_dist_compiled_react-dom_1e674e59._.js:2325
[  694470ms] [ERROR] Unable to preventDefault inside passive event listener invocation. @ http://localhost:3000/_next/static/chunks/node_modules_next_dist_compiled_react-dom_1e674e59._.js:2325
[  694485ms] [ERROR] Unable to preventDefault inside passive event listener invocation. @ http://localhost:3000/_next/static/chunks/node_modules_next_dist_compiled_react-dom_1e674e59._.js:2325
[  694518ms] [ERROR] Unable to preventDefault inside passive event listener invocation. @ http://localhost:3000/_next/static/chunks/node_modules_next_dist_compiled_react-dom_1e674e59._.js:2325
[  694685ms] [ERROR] Unable to preventDefault inside passive event listener invocation. @ http://localhost:3000/_next/static/chunks/node_modules_next_dist_compiled_react-dom_1e674e59._.js:2325
[  694701ms] [ERROR] Unable to preventDefault inside passive event listener invocation. @ http://localhost:3000/_next/static/chunks/node_modules_next_dist_compiled_react-dom_1e674e59._.js:2325
[  694713ms] [ERROR] Unable to preventDefault inside passive event listener invocation. @ http://localhost:3000/_next/static/chunks/node_modules_next_dist_compiled_react-dom_1e674e59._.js:2325
[  694723ms] [ERROR] Unable to preventDefault inside passive event listener invocation. @ http://localhost:3000/_next/static/chunks/node_modules_next_dist_compiled_react-dom_1e674e59._.js:2325
[  694731ms] [ERROR] Unable to preventDefault inside passive event listener invocation. @ http://localhost:3000/_next/static/chunks/node_modules_next_dist_compiled_react-dom_1e674e59._.js:2325
[  694914ms] [ERROR] Unable to preventDefault inside passive event listener invocation. @ http://localhost:3000/_next/static/chunks/node_modules_next_dist_compiled_react-dom_1e674e59._.js:2325
[  694928ms] [ERROR] Unable to preventDefault inside passive event listener invocation. @ http://localhost:3000/_next/static/chunks/node_modules_next_dist_compiled_react-dom_1e674e59._.js:2325
[  694940ms] [ERROR] Unable to preventDefault inside passive event listener invocation. @ http://localhost:3000/_next/static/chunks/node_modules_next_dist_compiled_react-dom_1e674e59._.js:2325
[  694949ms] [ERROR] Unable to preventDefault inside passive event listener invocation. @ http://localhost:3000/_next/static/chunks/node_modules_next_dist_compiled_react-dom_1e674e59._.js:2325
[  694956ms] [ERROR] Unable to preventDefault inside passive event listener invocation. @ http://localhost:3000/_next/static/chunks/node_modules_next_dist_compiled_react-dom_1e674e59._.js:2325
[  696288ms] [ERROR] Unable to preventDefault inside passive event listener invocation. @ http://localhost:3000/_next/static/chunks/node_modules_next_dist_compiled_react-dom_1e674e59._.js:2325
[  696313ms] [ERROR] Unable to preventDefault inside passive event listener invocation. @ http://localhost:3000/_next/static/chunks/node_modules_next_dist_compiled_react-dom_1e674e59._.js:2325
[  696340ms] [ERROR] Unable to preventDefault inside passive event listener invocation. @ http://localhost:3000/_next/static/chunks/node_modules_next_dist_compiled_react-dom_1e674e59._.js:2325
[  696383ms] [ERROR] Unable to preventDefault inside passive event listener invocation. @ http://localhost:3000/_next/static/chunks/node_modules_next_dist_compiled_react-dom_1e674e59._.js:2325
[  696407ms] [LOG] [Fast Refresh] rebuilding @ http://localhost:3000/_next/static/chunks/node_modules_next_dist_f3530cac._.js:2297
[  696472ms] [LOG] [Fast Refresh] done in 170ms @ http://localhost:3000/_next/static/chunks/node_modules_next_dist_f3530cac._.js:2297
[  696529ms] [ERROR] Unable to preventDefault inside passive event listener invocation. @ http://localhost:3000/_next/static/chunks/node_modules_next_dist_compiled_react-dom_1e674e59._.js:2325
[  696548ms] [ERROR] Unable to preventDefault inside passive event listener invocation. @ http://localhost:3000/_next/static/chunks/node_modules_next_dist_compiled_react-dom_1e674e59._.js:2325
[  696572ms] [ERROR] Unable to preventDefault inside passive event listener invocation. @ http://localhost:3000/_next/static/chunks/node_modules_next_dist_compiled_react-dom_1e674e59._.js:2325
[  696760ms] [ERROR] Unable to preventDefault inside passive event listener invocation. @ http://localhost:3000/_next/static/chunks/node_modules_next_dist_compiled_react-dom_1e674e59._.js:2325
[  696780ms] [ERROR] Unable to preventDefault inside passive event listener invocation. @ http://localhost:3000/_next/static/chunks/node_modules_next_dist_compiled_react-dom_1e674e59._.js:2325
[  696795ms] [ERROR] Unable to preventDefault inside passive event listener invocation. @ http://localhost:3000/_next/static/chunks/node_modules_next_dist_compiled_react-dom_1e674e59._.js:2325
[  696816ms] [ERROR] Unable to preventDefault inside passive event listener invocation. @ http://localhost:3000/_next/static/chunks/node_modules_next_dist_compiled_react-dom_1e674e59._.js:2325
[  696873ms] [LOG] [Fast Refresh] rebuilding @ http://localhost:3000/_next/static/chunks/node_modules_next_dist_f3530cac._.js:2297
[  696882ms] [LOG] [Fast Refresh] done in 111ms @ http://localhost:3000/_next/static/chunks/node_modules_next_dist_f3530cac._.js:2297
[  696992ms] [ERROR] Unable to preventDefault inside passive event listener invocation. @ http://localhost:3000/_next/static/chunks/node_modules_next_dist_compiled_react-dom_1e674e59._.js:2325
[  697017ms] [ERROR] Unable to preventDefault inside passive event listener invocation. @ http://localhost:3000/_next/static/chunks/node_modules_next_dist_compiled_react-dom_1e674e59._.js:2325
[  697043ms] [ERROR] Unable to preventDefault inside passive event listener invocation. @ http://localhost:3000/_next/static/chunks/node_modules_next_dist_compiled_react-dom_1e674e59._.js:2325
[  697226ms] [ERROR] Unable to preventDefault inside passive event listener invocation. @ http://localhost:3000/_next/static/chunks/node_modules_next_dist_compiled_react-dom_1e674e59._.js:2325
[  697241ms] [ERROR] Unable to preventDefault inside passive event listener invocation. @ http://localhost:3000/_next/static/chunks/node_modules_next_dist_compiled_react-dom_1e674e59._.js:2325
[  697256ms] [ERROR] Unable to preventDefault inside passive event listener invocation. @ http://localhost:3000/_next/static/chunks/node_modules_next_dist_compiled_react-dom_1e674e59._.js:2325
[  697322ms] [ERROR] Unable to preventDefault inside passive event listener invocation. @ http://localhost:3000/_next/static/chunks/node_modules_next_dist_compiled_react-dom_1e674e59._.js:2325
[  699018ms] [LOG] [cache-update] sid= null poleTags= 38 shapes= 0 @ http://localhost:3000/_next/static/chunks/node_modules_next_dist_f3530cac._.js:2297
[  699019ms] [WARNING] [cache-update] skipping save — no sessionId or db @ http://localhost:3000/_next/static/chunks/node_modules_next_dist_f3530cac._.js:2297
[  699019ms] [LOG] [cache-update] sid= null poleTags= 38 shapes= 0 @ http://localhost:3000/_next/static/chunks/node_modules_next_dist_f3530cac._.js:2297
[  699019ms] [WARNING] [cache-update] skipping save — no sessionId or db @ http://localhost:3000/_next/static/chunks/node_modules_next_dist_f3530cac._.js:2297
[  699069ms] [LOG] [cache-update] sid= null poleTags= 38 shapes= 0 @ http://localhost:3000/_next/static/chunks/node_modules_next_dist_f3530cac._.js:2297
[  699069ms] [WARNING] [cache-update] skipping save — no sessionId or db @ http://localhost:3000/_next/static/chunks/node_modules_next_dist_f3530cac._.js:2297
[  699071ms] [LOG] [cache-update] sid= null poleTags= 38 shapes= 0 @ http://localhost:3000/_next/static/chunks/node_modules_next_dist_f3530cac._.js:2297
[  699071ms] [WARNING] [cache-update] skipping save — no sessionId or db @ http://localhost:3000/_next/static/chunks/node_modules_next_dist_f3530cac._.js:2297
[  699309ms] [ERROR] Unable to preventDefault inside passive event listener invocation. @ http://localhost:3000/_next/static/chunks/node_modules_next_dist_compiled_react-dom_1e674e59._.js:2325
[  699328ms] [ERROR] Unable to preventDefault inside passive event listener invocation. @ http://localhost:3000/_next/static/chunks/node_modules_next_dist_compiled_react-dom_1e674e59._.js:2325
[  699344ms] [ERROR] Unable to preventDefault inside passive event listener invocation. @ http://localhost:3000/_next/static/chunks/node_modules_next_dist_compiled_react-dom_1e674e59._.js:2325
[  699360ms] [ERROR] Unable to preventDefault inside passive event listener invocation. @ http://localhost:3000/_next/static/chunks/node_modules_next_dist_compiled_react-dom_1e674e59._.js:2325
[  699377ms] [ERROR] Unable to preventDefault inside passive event listener invocation. @ http://localhost:3000/_next/static/chunks/node_modules_next_dist_compiled_react-dom_1e674e59._.js:2325
[  699417ms] [LOG] [Fast Refresh] rebuilding @ http://localhost:3000/_next/static/chunks/node_modules_next_dist_f3530cac._.js:2297
[  699470ms] [LOG] [Fast Refresh] done in 154ms @ http://localhost:3000/_next/static/chunks/node_modules_next_dist_f3530cac._.js:2297
[  699552ms] [ERROR] Unable to preventDefault inside passive event listener invocation. @ http://localhost:3000/_next/static/chunks/node_modules_next_dist_compiled_react-dom_1e674e59._.js:2325
[  699569ms] [ERROR] Unable to preventDefault inside passive event listener invocation. @ http://localhost:3000/_next/static/chunks/node_modules_next_dist_compiled_react-dom_1e674e59._.js:2325
[  699581ms] [ERROR] Unable to preventDefault inside passive event listener invocation. @ http://localhost:3000/_next/static/chunks/node_modules_next_dist_compiled_react-dom_1e674e59._.js:2325
[  699589ms] [ERROR] Unable to preventDefault inside passive event listener invocation. @ http://localhost:3000/_next/static/chunks/node_modules_next_dist_compiled_react-dom_1e674e59._.js:2325
[  699594ms] [ERROR] Unable to preventDefault inside passive event listener invocation. @ http://localhost:3000/_next/static/chunks/node_modules_next_dist_compiled_react-dom_1e674e59._.js:2325
[  702306ms] [ERROR] Unable to preventDefault inside passive event listener invocation. @ http://localhost:3000/_next/static/chunks/node_modules_next_dist_compiled_react-dom_1e674e59._.js:2325
[  702328ms] [ERROR] Unable to preventDefault inside passive event listener invocation. @ http://localhost:3000/_next/static/chunks/node_modules_next_dist_compiled_react-dom_1e674e59._.js:2325
[  702343ms] [ERROR] Unable to preventDefault inside passive event listener invocation. @ http://localhost:3000/_next/static/chunks/node_modules_next_dist_compiled_react-dom_1e674e59._.js:2325
[  702364ms] [ERROR] Unable to preventDefault inside passive event listener invocation. @ http://localhost:3000/_next/static/chunks/node_modules_next_dist_compiled_react-dom_1e674e59._.js:2325
[  702428ms] [LOG] [Fast Refresh] rebuilding @ http://localhost:3000/_next/static/chunks/node_modules_next_dist_f3530cac._.js:2297
[  702431ms] [LOG] [Fast Refresh] done in 109ms @ http://localhost:3000/_next/static/chunks/node_modules_next_dist_f3530cac._.js:2297
[  702547ms] [ERROR] Unable to preventDefault inside passive event listener invocation. @ http://localhost:3000/_next/static/chunks/node_modules_next_dist_compiled_react-dom_1e674e59._.js:2325
[  702561ms] [ERROR] Unable to preventDefault inside passive event listener invocation. @ http://localhost:3000/_next/static/chunks/node_modules_next_dist_compiled_react-dom_1e674e59._.js:2325
[  702581ms] [ERROR] Unable to preventDefault inside passive event listener invocation. @ http://localhost:3000/_next/static/chunks/node_modules_next_dist_compiled_react-dom_1e674e59._.js:2325
[  702587ms] [ERROR] Unable to preventDefault inside passive event listener invocation. @ http://localhost:3000/_next/static/chunks/node_modules_next_dist_compiled_react-dom_1e674e59._.js:2325
[  704153ms] [ERROR] Unable to preventDefault inside passive event listener invocation. @ http://localhost:3000/_next/static/chunks/node_modules_next_dist_compiled_react-dom_1e674e59._.js:2325
[  704410ms] [ERROR] Unable to preventDefault inside passive event listener invocation. @ http://localhost:3000/_next/static/chunks/node_modules_next_dist_compiled_react-dom_1e674e59._.js:2325
[  704428ms] [ERROR] Unable to preventDefault inside passive event listener invocation. @ http://localhost:3000/_next/static/chunks/node_modules_next_dist_compiled_react-dom_1e674e59._.js:2325
[  704472ms] [ERROR] Unable to preventDefault inside passive event listener invocation. @ http://localhost:3000/_next/static/chunks/node_modules_next_dist_compiled_react-dom_1e674e59._.js:2325
[  704638ms] [ERROR] Unable to preventDefault inside passive event listener invocation. @ http://localhost:3000/_next/static/chunks/node_modules_next_dist_compiled_react-dom_1e674e59._.js:2325
[  704660ms] [ERROR] Unable to preventDefault inside passive event listener invocation. @ http://localhost:3000/_next/static/chunks/node_modules_next_dist_compiled_react-dom_1e674e59._.js:2325
[  704679ms] [ERROR] Unable to preventDefault inside passive event listener invocation. @ http://localhost:3000/_next/static/chunks/node_modules_next_dist_compiled_react-dom_1e674e59._.js:2325
[  704704ms] [ERROR] Unable to preventDefault inside passive event listener invocation. @ http://localhost:3000/_next/static/chunks/node_modules_next_dist_compiled_react-dom_1e674e59._.js:2325
[  704757ms] [LOG] [Fast Refresh] rebuilding @ http://localhost:3000/_next/static/chunks/node_modules_next_dist_f3530cac._.js:2297
[  704759ms] [LOG] [Fast Refresh] done in 108ms @ http://localhost:3000/_next/static/chunks/node_modules_next_dist_f3530cac._.js:2297
[  704897ms] [ERROR] Unable to preventDefault inside passive event listener invocation. @ http://localhost:3000/_next/static/chunks/node_modules_next_dist_compiled_react-dom_1e674e59._.js:2325
[  704915ms] [ERROR] Unable to preventDefault inside passive event listener invocation. @ http://localhost:3000/_next/static/chunks/node_modules_next_dist_compiled_react-dom_1e674e59._.js:2325
[  704935ms] [ERROR] Unable to preventDefault inside passive event listener invocation. @ http://localhost:3000/_next/static/chunks/node_modules_next_dist_compiled_react-dom_1e674e59._.js:2325
[  706325ms] [ERROR] Unable to preventDefault inside passive event listener invocation. @ http://localhost:3000/_next/static/chunks/node_modules_next_dist_compiled_react-dom_1e674e59._.js:2325
[  706344ms] [ERROR] Unable to preventDefault inside passive event listener invocation. @ http://localhost:3000/_next/static/chunks/node_modules_next_dist_compiled_react-dom_1e674e59._.js:2325
[  706374ms] [ERROR] Unable to preventDefault inside passive event listener invocation. @ http://localhost:3000/_next/static/chunks/node_modules_next_dist_compiled_react-dom_1e674e59._.js:2325
[  706476ms] [ERROR] Unable to preventDefault inside passive event listener invocation. @ http://localhost:3000/_next/static/chunks/node_modules_next_dist_compiled_react-dom_1e674e59._.js:2325
[  706668ms] [ERROR] Unable to preventDefault inside passive event listener invocation. @ http://localhost:3000/_next/static/chunks/node_modules_next_dist_compiled_react-dom_1e674e59._.js:2325
[  706691ms] [ERROR] Unable to preventDefault inside passive event listener invocation. @ http://localhost:3000/_next/static/chunks/node_modules_next_dist_compiled_react-dom_1e674e59._.js:2325
[  706717ms] [ERROR] Unable to preventDefault inside passive event listener invocation. @ http://localhost:3000/_next/static/chunks/node_modules_next_dist_compiled_react-dom_1e674e59._.js:2325
[  707113ms] [ERROR] Unable to preventDefault inside passive event listener invocation. @ http://localhost:3000/_next/static/chunks/node_modules_next_dist_compiled_react-dom_1e674e59._.js:2325
[  707136ms] [ERROR] Unable to preventDefault inside passive event listener invocation. @ http://localhost:3000/_next/static/chunks/node_modules_next_dist_compiled_react-dom_1e674e59._.js:2325
[  707156ms] [ERROR] Unable to preventDefault inside passive event listener invocation. @ http://localhost:3000/_next/static/chunks/node_modules_next_dist_compiled_react-dom_1e674e59._.js:2325
[  707176ms] [ERROR] Unable to preventDefault inside passive event listener invocation. @ http://localhost:3000/_next/static/chunks/node_modules_next_dist_compiled_react-dom_1e674e59._.js:2325
[  707235ms] [LOG] [Fast Refresh] rebuilding @ http://localhost:3000/_next/static/chunks/node_modules_next_dist_f3530cac._.js:2297
[  707236ms] [LOG] [Fast Refresh] done in 107ms @ http://localhost:3000/_next/static/chunks/node_modules_next_dist_f3530cac._.js:2297
[  708059ms] [ERROR] Unable to preventDefault inside passive event listener invocation. @ http://localhost:3000/_next/static/chunks/node_modules_next_dist_compiled_react-dom_1e674e59._.js:2325
[  708078ms] [ERROR] Unable to preventDefault inside passive event listener invocation. @ http://localhost:3000/_next/static/chunks/node_modules_next_dist_compiled_react-dom_1e674e59._.js:2325
[  708105ms] [ERROR] Unable to preventDefault inside passive event listener invocation. @ http://localhost:3000/_next/static/chunks/node_modules_next_dist_compiled_react-dom_1e674e59._.js:2325
[  708152ms] [ERROR] Unable to preventDefault inside passive event listener invocation. @ http://localhost:3000/_next/static/chunks/node_modules_next_dist_compiled_react-dom_1e674e59._.js:2325
[  708314ms] [ERROR] Unable to preventDefault inside passive event listener invocation. @ http://localhost:3000/_next/static/chunks/node_modules_next_dist_compiled_react-dom_1e674e59._.js:2325
[  708331ms] [ERROR] Unable to preventDefault inside passive event listener invocation. @ http://localhost:3000/_next/static/chunks/node_modules_next_dist_compiled_react-dom_1e674e59._.js:2325
[  708355ms] [ERROR] Unable to preventDefault inside passive event listener invocation. @ http://localhost:3000/_next/static/chunks/node_modules_next_dist_compiled_react-dom_1e674e59._.js:2325
[  709812ms] [LOG] [cache-update] sid= null poleTags= 37 shapes= 0 @ http://localhost:3000/_next/static/chunks/node_modules_next_dist_f3530cac._.js:2297
[  709812ms] [WARNING] [cache-update] skipping save — no sessionId or db @ http://localhost:3000/_next/static/chunks/node_modules_next_dist_f3530cac._.js:2297
[  709812ms] [LOG] [cache-update] sid= null poleTags= 37 shapes= 0 @ http://localhost:3000/_next/static/chunks/node_modules_next_dist_f3530cac._.js:2297
[  709813ms] [WARNING] [cache-update] skipping save — no sessionId or db @ http://localhost:3000/_next/static/chunks/node_modules_next_dist_f3530cac._.js:2297
[  709857ms] [LOG] [cache-update] sid= null poleTags= 37 shapes= 0 @ http://localhost:3000/_next/static/chunks/node_modules_next_dist_f3530cac._.js:2297
[  709857ms] [WARNING] [cache-update] skipping save — no sessionId or db @ http://localhost:3000/_next/static/chunks/node_modules_next_dist_f3530cac._.js:2297
[  709859ms] [LOG] [cache-update] sid= null poleTags= 37 shapes= 0 @ http://localhost:3000/_next/static/chunks/node_modules_next_dist_f3530cac._.js:2297
[  709859ms] [WARNING] [cache-update] skipping save — no sessionId or db @ http://localhost:3000/_next/static/chunks/node_modules_next_dist_f3530cac._.js:2297
[  709992ms] [ERROR] Unable to preventDefault inside passive event listener invocation. @ http://localhost:3000/_next/static/chunks/node_modules_next_dist_compiled_react-dom_1e674e59._.js:2325
[  710013ms] [ERROR] Unable to preventDefault inside passive event listener invocation. @ http://localhost:3000/_next/static/chunks/node_modules_next_dist_compiled_react-dom_1e674e59._.js:2325
[  710027ms] [ERROR] Unable to preventDefault inside passive event listener invocation. @ http://localhost:3000/_next/static/chunks/node_modules_next_dist_compiled_react-dom_1e674e59._.js:2325
[  710050ms] [ERROR] Unable to preventDefault inside passive event listener invocation. @ http://localhost:3000/_next/static/chunks/node_modules_next_dist_compiled_react-dom_1e674e59._.js:2325
[  710721ms] [ERROR] Unable to preventDefault inside passive event listener invocation. @ http://localhost:3000/_next/static/chunks/node_modules_next_dist_compiled_react-dom_1e674e59._.js:2325
[  710739ms] [ERROR] Unable to preventDefault inside passive event listener invocation. @ http://localhost:3000/_next/static/chunks/node_modules_next_dist_compiled_react-dom_1e674e59._.js:2325
[  710751ms] [ERROR] Unable to preventDefault inside passive event listener invocation. @ http://localhost:3000/_next/static/chunks/node_modules_next_dist_compiled_react-dom_1e674e59._.js:2325
[  710762ms] [ERROR] Unable to preventDefault inside passive event listener invocation. @ http://localhost:3000/_next/static/chunks/node_modules_next_dist_compiled_react-dom_1e674e59._.js:2325
[  710771ms] [ERROR] Unable to preventDefault inside passive event listener invocation. @ http://localhost:3000/_next/static/chunks/node_modules_next_dist_compiled_react-dom_1e674e59._.js:2325
[  711137ms] [ERROR] Unable to preventDefault inside passive event listener invocation. @ http://localhost:3000/_next/static/chunks/node_modules_next_dist_compiled_react-dom_1e674e59._.js:2325
[  711192ms] [ERROR] Unable to preventDefault inside passive event listener invocation. @ http://localhost:3000/_next/static/chunks/node_modules_next_dist_compiled_react-dom_1e674e59._.js:2325
[  712770ms] [ERROR] Unable to preventDefault inside passive event listener invocation. @ http://localhost:3000/_next/static/chunks/node_modules_next_dist_compiled_react-dom_1e674e59._.js:2325
[  712787ms] [ERROR] Unable to preventDefault inside passive event listener invocation. @ http://localhost:3000/_next/static/chunks/node_modules_next_dist_compiled_react-dom_1e674e59._.js:2325
[  712817ms] [ERROR] Unable to preventDefault inside passive event listener invocation. @ http://localhost:3000/_next/static/chunks/node_modules_next_dist_compiled_react-dom_1e674e59._.js:2325
[  713104ms] [ERROR] Unable to preventDefault inside passive event listener invocation. @ http://localhost:3000/_next/static/chunks/node_modules_next_dist_compiled_react-dom_1e674e59._.js:2325
[  713127ms] [ERROR] Unable to preventDefault inside passive event listener invocation. @ http://localhost:3000/_next/static/chunks/node_modules_next_dist_compiled_react-dom_1e674e59._.js:2325
[  713154ms] [ERROR] Unable to preventDefault inside passive event listener invocation. @ http://localhost:3000/_next/static/chunks/node_modules_next_dist_compiled_react-dom_1e674e59._.js:2325
[  715590ms] [LOG] [cache-update] sid= null poleTags= 36 shapes= 0 @ http://localhost:3000/_next/static/chunks/node_modules_next_dist_f3530cac._.js:2297
[  715590ms] [WARNING] [cache-update] skipping save — no sessionId or db @ http://localhost:3000/_next/static/chunks/node_modules_next_dist_f3530cac._.js:2297
[  715591ms] [LOG] [cache-update] sid= null poleTags= 36 shapes= 0 @ http://localhost:3000/_next/static/chunks/node_modules_next_dist_f3530cac._.js:2297
[  715591ms] [WARNING] [cache-update] skipping save — no sessionId or db @ http://localhost:3000/_next/static/chunks/node_modules_next_dist_f3530cac._.js:2297
[  715645ms] [LOG] [cache-update] sid= null poleTags= 36 shapes= 0 @ http://localhost:3000/_next/static/chunks/node_modules_next_dist_f3530cac._.js:2297
[  715646ms] [WARNING] [cache-update] skipping save — no sessionId or db @ http://localhost:3000/_next/static/chunks/node_modules_next_dist_f3530cac._.js:2297
[  715647ms] [LOG] [cache-update] sid= null poleTags= 36 shapes= 0 @ http://localhost:3000/_next/static/chunks/node_modules_next_dist_f3530cac._.js:2297
[  715648ms] [WARNING] [cache-update] skipping save — no sessionId or db @ http://localhost:3000/_next/static/chunks/node_modules_next_dist_f3530cac._.js:2297
[  716091ms] [ERROR] Unable to preventDefault inside passive event listener invocation. @ http://localhost:3000/_next/static/chunks/node_modules_next_dist_compiled_react-dom_1e674e59._.js:2325
[  716113ms] [ERROR] Unable to preventDefault inside passive event listener invocation. @ http://localhost:3000/_next/static/chunks/node_modules_next_dist_compiled_react-dom_1e674e59._.js:2325
[  716135ms] [ERROR] Unable to preventDefault inside passive event listener invocation. @ http://localhost:3000/_next/static/chunks/node_modules_next_dist_compiled_react-dom_1e674e59._.js:2325
[  716318ms] [ERROR] Unable to preventDefault inside passive event listener invocation. @ http://localhost:3000/_next/static/chunks/node_modules_next_dist_compiled_react-dom_1e674e59._.js:2325
[  716345ms] [ERROR] Unable to preventDefault inside passive event listener invocation. @ http://localhost:3000/_next/static/chunks/node_modules_next_dist_compiled_react-dom_1e674e59._.js:2325
[  716360ms] [ERROR] Unable to preventDefault inside passive event listener invocation. @ http://localhost:3000/_next/static/chunks/node_modules_next_dist_compiled_react-dom_1e674e59._.js:2325
[  716369ms] [ERROR] Unable to preventDefault inside passive event listener invocation. @ http://localhost:3000/_next/static/chunks/node_modules_next_dist_compiled_react-dom_1e674e59._.js:2325
[  717444ms] [ERROR] Unable to preventDefault inside passive event listener invocation. @ http://localhost:3000/_next/static/chunks/node_modules_next_dist_compiled_react-dom_1e674e59._.js:2325
[  717465ms] [ERROR] Unable to preventDefault inside passive event listener invocation. @ http://localhost:3000/_next/static/chunks/node_modules_next_dist_compiled_react-dom_1e674e59._.js:2325
[  717494ms] [ERROR] Unable to preventDefault inside passive event listener invocation. @ http://localhost:3000/_next/static/chunks/node_modules_next_dist_compiled_react-dom_1e674e59._.js:2325
[  717553ms] [ERROR] Unable to preventDefault inside passive event listener invocation. @ http://localhost:3000/_next/static/chunks/node_modules_next_dist_compiled_react-dom_1e674e59._.js:2325
[  718607ms] [ERROR] Unable to preventDefault inside passive event listener invocation. @ http://localhost:3000/_next/static/chunks/node_modules_next_dist_compiled_react-dom_1e674e59._.js:2325
[  718639ms] [ERROR] Unable to preventDefault inside passive event listener invocation. @ http://localhost:3000/_next/static/chunks/node_modules_next_dist_compiled_react-dom_1e674e59._.js:2325
[  718881ms] [ERROR] Unable to preventDefault inside passive event listener invocation. @ http://localhost:3000/_next/static/chunks/node_modules_next_dist_compiled_react-dom_1e674e59._.js:2325
[  718910ms] [ERROR] Unable to preventDefault inside passive event listener invocation. @ http://localhost:3000/_next/static/chunks/node_modules_next_dist_compiled_react-dom_1e674e59._.js:2325
[  718933ms] [ERROR] Unable to preventDefault inside passive event listener invocation. @ http://localhost:3000/_next/static/chunks/node_modules_next_dist_compiled_react-dom_1e674e59._.js:2325
[  718995ms] [LOG] [Fast Refresh] rebuilding @ http://localhost:3000/_next/static/chunks/node_modules_next_dist_f3530cac._.js:2297
[  718997ms] [LOG] [Fast Refresh] done in 106ms @ http://localhost:3000/_next/static/chunks/node_modules_next_dist_f3530cac._.js:2297
[  719767ms] [ERROR] Unable to preventDefault inside passive event listener invocation. @ http://localhost:3000/_next/static/chunks/node_modules_next_dist_compiled_react-dom_1e674e59._.js:2325
[  719788ms] [ERROR] Unable to preventDefault inside passive event listener invocation. @ http://localhost:3000/_next/static/chunks/node_modules_next_dist_compiled_react-dom_1e674e59._.js:2325
[  719814ms] [ERROR] Unable to preventDefault inside passive event listener invocation. @ http://localhost:3000/_next/static/chunks/node_modules_next_dist_compiled_react-dom_1e674e59._.js:2325
[  719854ms] [ERROR] Unable to preventDefault inside passive event listener invocation. @ http://localhost:3000/_next/static/chunks/node_modules_next_dist_compiled_react-dom_1e674e59._.js:2325
[  720025ms] [ERROR] Unable to preventDefault inside passive event listener invocation. @ http://localhost:3000/_next/static/chunks/node_modules_next_dist_compiled_react-dom_1e674e59._.js:2325
[  720043ms] [ERROR] Unable to preventDefault inside passive event listener invocation. @ http://localhost:3000/_next/static/chunks/node_modules_next_dist_compiled_react-dom_1e674e59._.js:2325
[  720061ms] [ERROR] Unable to preventDefault inside passive event listener invocation. @ http://localhost:3000/_next/static/chunks/node_modules_next_dist_compiled_react-dom_1e674e59._.js:2325
[  720082ms] [ERROR] Unable to preventDefault inside passive event listener invocation. @ http://localhost:3000/_next/static/chunks/node_modules_next_dist_compiled_react-dom_1e674e59._.js:2325
[  720272ms] [ERROR] Unable to preventDefault inside passive event listener invocation. @ http://localhost:3000/_next/static/chunks/node_modules_next_dist_compiled_react-dom_1e674e59._.js:2325
[  720293ms] [ERROR] Unable to preventDefault inside passive event listener invocation. @ http://localhost:3000/_next/static/chunks/node_modules_next_dist_compiled_react-dom_1e674e59._.js:2325
[  720317ms] [ERROR] Unable to preventDefault inside passive event listener invocation. @ http://localhost:3000/_next/static/chunks/node_modules_next_dist_compiled_react-dom_1e674e59._.js:2325
[  722345ms] [LOG] [cache-update] sid= null poleTags= 35 shapes= 0 @ http://localhost:3000/_next/static/chunks/node_modules_next_dist_f3530cac._.js:2297
[  722345ms] [WARNING] [cache-update] skipping save — no sessionId or db @ http://localhost:3000/_next/static/chunks/node_modules_next_dist_f3530cac._.js:2297
[  722345ms] [LOG] [cache-update] sid= null poleTags= 35 shapes= 0 @ http://localhost:3000/_next/static/chunks/node_modules_next_dist_f3530cac._.js:2297
[  722345ms] [WARNING] [cache-update] skipping save — no sessionId or db @ http://localhost:3000/_next/static/chunks/node_modules_next_dist_f3530cac._.js:2297
[  722398ms] [LOG] [cache-update] sid= null poleTags= 35 shapes= 0 @ http://localhost:3000/_next/static/chunks/node_modules_next_dist_f3530cac._.js:2297
[  722398ms] [WARNING] [cache-update] skipping save — no sessionId or db @ http://localhost:3000/_next/static/chunks/node_modules_next_dist_f3530cac._.js:2297
[  722401ms] [LOG] [cache-update] sid= null poleTags= 35 shapes= 0 @ http://localhost:3000/_next/static/chunks/node_modules_next_dist_f3530cac._.js:2297
[  722401ms] [WARNING] [cache-update] skipping save — no sessionId or db @ http://localhost:3000/_next/static/chunks/node_modules_next_dist_f3530cac._.js:2297
[  722541ms] [ERROR] Unable to preventDefault inside passive event listener invocation. @ http://localhost:3000/_next/static/chunks/node_modules_next_dist_compiled_react-dom_1e674e59._.js:2325
[  722558ms] [ERROR] Unable to preventDefault inside passive event listener invocation. @ http://localhost:3000/_next/static/chunks/node_modules_next_dist_compiled_react-dom_1e674e59._.js:2325
[  722571ms] [ERROR] Unable to preventDefault inside passive event listener invocation. @ http://localhost:3000/_next/static/chunks/node_modules_next_dist_compiled_react-dom_1e674e59._.js:2325
[  722585ms] [ERROR] Unable to preventDefault inside passive event listener invocation. @ http://localhost:3000/_next/static/chunks/node_modules_next_dist_compiled_react-dom_1e674e59._.js:2325
[  722596ms] [ERROR] Unable to preventDefault inside passive event listener invocation. @ http://localhost:3000/_next/static/chunks/node_modules_next_dist_compiled_react-dom_1e674e59._.js:2325
[  722784ms] [ERROR] Unable to preventDefault inside passive event listener invocation. @ http://localhost:3000/_next/static/chunks/node_modules_next_dist_compiled_react-dom_1e674e59._.js:2325
[  722797ms] [ERROR] Unable to preventDefault inside passive event listener invocation. @ http://localhost:3000/_next/static/chunks/node_modules_next_dist_compiled_react-dom_1e674e59._.js:2325
[  722811ms] [ERROR] Unable to preventDefault inside passive event listener invocation. @ http://localhost:3000/_next/static/chunks/node_modules_next_dist_compiled_react-dom_1e674e59._.js:2325
[  722821ms] [ERROR] Unable to preventDefault inside passive event listener invocation. @ http://localhost:3000/_next/static/chunks/node_modules_next_dist_compiled_react-dom_1e674e59._.js:2325
[  722833ms] [ERROR] Unable to preventDefault inside passive event listener invocation. @ http://localhost:3000/_next/static/chunks/node_modules_next_dist_compiled_react-dom_1e674e59._.js:2325
[  722840ms] [ERROR] Unable to preventDefault inside passive event listener invocation. @ http://localhost:3000/_next/static/chunks/node_modules_next_dist_compiled_react-dom_1e674e59._.js:2325
[  722900ms] [LOG] [Fast Refresh] rebuilding @ http://localhost:3000/_next/static/chunks/node_modules_next_dist_f3530cac._.js:2297
[  722901ms] [LOG] [Fast Refresh] done in 107ms @ http://localhost:3000/_next/static/chunks/node_modules_next_dist_f3530cac._.js:2297
[  724068ms] [ERROR] Unable to preventDefault inside passive event listener invocation. @ http://localhost:3000/_next/static/chunks/node_modules_next_dist_compiled_react-dom_1e674e59._.js:2325
[  724089ms] [ERROR] Unable to preventDefault inside passive event listener invocation. @ http://localhost:3000/_next/static/chunks/node_modules_next_dist_compiled_react-dom_1e674e59._.js:2325
[  724106ms] [ERROR] Unable to preventDefault inside passive event listener invocation. @ http://localhost:3000/_next/static/chunks/node_modules_next_dist_compiled_react-dom_1e674e59._.js:2325
[  724136ms] [ERROR] Unable to preventDefault inside passive event listener invocation. @ http://localhost:3000/_next/static/chunks/node_modules_next_dist_compiled_react-dom_1e674e59._.js:2325
[  724300ms] [ERROR] Unable to preventDefault inside passive event listener invocation. @ http://localhost:3000/_next/static/chunks/node_modules_next_dist_compiled_react-dom_1e674e59._.js:2325
[  724319ms] [ERROR] Unable to preventDefault inside passive event listener invocation. @ http://localhost:3000/_next/static/chunks/node_modules_next_dist_compiled_react-dom_1e674e59._.js:2325
[  724334ms] [ERROR] Unable to preventDefault inside passive event listener invocation. @ http://localhost:3000/_next/static/chunks/node_modules_next_dist_compiled_react-dom_1e674e59._.js:2325
[  724353ms] [ERROR] Unable to preventDefault inside passive event listener invocation. @ http://localhost:3000/_next/static/chunks/node_modules_next_dist_compiled_react-dom_1e674e59._.js:2325
[  724388ms] [ERROR] Unable to preventDefault inside passive event listener invocation. @ http://localhost:3000/_next/static/chunks/node_modules_next_dist_compiled_react-dom_1e674e59._.js:2325
[  724579ms] [ERROR] Unable to preventDefault inside passive event listener invocation. @ http://localhost:3000/_next/static/chunks/node_modules_next_dist_compiled_react-dom_1e674e59._.js:2325
[  725952ms] [LOG] [cache-update] sid= null poleTags= 34 shapes= 0 @ http://localhost:3000/_next/static/chunks/node_modules_next_dist_f3530cac._.js:2297
[  725952ms] [WARNING] [cache-update] skipping save — no sessionId or db @ http://localhost:3000/_next/static/chunks/node_modules_next_dist_f3530cac._.js:2297
[  725953ms] [LOG] [cache-update] sid= null poleTags= 34 shapes= 0 @ http://localhost:3000/_next/static/chunks/node_modules_next_dist_f3530cac._.js:2297
[  725953ms] [WARNING] [cache-update] skipping save — no sessionId or db @ http://localhost:3000/_next/static/chunks/node_modules_next_dist_f3530cac._.js:2297
[  726001ms] [LOG] [cache-update] sid= null poleTags= 34 shapes= 0 @ http://localhost:3000/_next/static/chunks/node_modules_next_dist_f3530cac._.js:2297
[  726001ms] [WARNING] [cache-update] skipping save — no sessionId or db @ http://localhost:3000/_next/static/chunks/node_modules_next_dist_f3530cac._.js:2297
[  726003ms] [LOG] [cache-update] sid= null poleTags= 34 shapes= 0 @ http://localhost:3000/_next/static/chunks/node_modules_next_dist_f3530cac._.js:2297
[  726004ms] [WARNING] [cache-update] skipping save — no sessionId or db @ http://localhost:3000/_next/static/chunks/node_modules_next_dist_f3530cac._.js:2297
[  726148ms] [ERROR] Unable to preventDefault inside passive event listener invocation. @ http://localhost:3000/_next/static/chunks/node_modules_next_dist_compiled_react-dom_1e674e59._.js:2325
[  726163ms] [ERROR] Unable to preventDefault inside passive event listener invocation. @ http://localhost:3000/_next/static/chunks/node_modules_next_dist_compiled_react-dom_1e674e59._.js:2325
[  726178ms] [ERROR] Unable to preventDefault inside passive event listener invocation. @ http://localhost:3000/_next/static/chunks/node_modules_next_dist_compiled_react-dom_1e674e59._.js:2325
[  726192ms] [ERROR] Unable to preventDefault inside passive event listener invocation. @ http://localhost:3000/_next/static/chunks/node_modules_next_dist_compiled_react-dom_1e674e59._.js:2325
[  726420ms] [ERROR] Unable to preventDefault inside passive event listener invocation. @ http://localhost:3000/_next/static/chunks/node_modules_next_dist_compiled_react-dom_1e674e59._.js:2325
[  726436ms] [ERROR] Unable to preventDefault inside passive event listener invocation. @ http://localhost:3000/_next/static/chunks/node_modules_next_dist_compiled_react-dom_1e674e59._.js:2325
[  726446ms] [ERROR] Unable to preventDefault inside passive event listener invocation. @ http://localhost:3000/_next/static/chunks/node_modules_next_dist_compiled_react-dom_1e674e59._.js:2325
[  726456ms] [ERROR] Unable to preventDefault inside passive event listener invocation. @ http://localhost:3000/_next/static/chunks/node_modules_next_dist_compiled_react-dom_1e674e59._.js:2325
[  729090ms] [ERROR] Unable to preventDefault inside passive event listener invocation. @ http://localhost:3000/_next/static/chunks/node_modules_next_dist_compiled_react-dom_1e674e59._.js:2325
[  729115ms] [ERROR] Unable to preventDefault inside passive event listener invocation. @ http://localhost:3000/_next/static/chunks/node_modules_next_dist_compiled_react-dom_1e674e59._.js:2325
[  729152ms] [ERROR] Unable to preventDefault inside passive event listener invocation. @ http://localhost:3000/_next/static/chunks/node_modules_next_dist_compiled_react-dom_1e674e59._.js:2325
[  730525ms] [ERROR] Unable to preventDefault inside passive event listener invocation. @ http://localhost:3000/_next/static/chunks/node_modules_next_dist_compiled_react-dom_1e674e59._.js:2325
[  730543ms] [ERROR] Unable to preventDefault inside passive event listener invocation. @ http://localhost:3000/_next/static/chunks/node_modules_next_dist_compiled_react-dom_1e674e59._.js:2325
[  730572ms] [ERROR] Unable to preventDefault inside passive event listener invocation. @ http://localhost:3000/_next/static/chunks/node_modules_next_dist_compiled_react-dom_1e674e59._.js:2325
[  730603ms] [ERROR] Unable to preventDefault inside passive event listener invocation. @ http://localhost:3000/_next/static/chunks/node_modules_next_dist_compiled_react-dom_1e674e59._.js:2325
[  731003ms] [ERROR] Unable to preventDefault inside passive event listener invocation. @ http://localhost:3000/_next/static/chunks/node_modules_next_dist_compiled_react-dom_1e674e59._.js:2325
[  731091ms] [ERROR] Unable to preventDefault inside passive event listener invocation. @ http://localhost:3000/_next/static/chunks/node_modules_next_dist_compiled_react-dom_1e674e59._.js:2325
[  731126ms] [ERROR] Unable to preventDefault inside passive event listener invocation. @ http://localhost:3000/_next/static/chunks/node_modules_next_dist_compiled_react-dom_1e674e59._.js:2325
[  731169ms] [ERROR] Unable to preventDefault inside passive event listener invocation. @ http://localhost:3000/_next/static/chunks/node_modules_next_dist_compiled_react-dom_1e674e59._.js:2325
[  731941ms] [ERROR] Unable to preventDefault inside passive event listener invocation. @ http://localhost:3000/_next/static/chunks/node_modules_next_dist_compiled_react-dom_1e674e59._.js:2325
[  731965ms] [ERROR] Unable to preventDefault inside passive event listener invocation. @ http://localhost:3000/_next/static/chunks/node_modules_next_dist_compiled_react-dom_1e674e59._.js:2325
[  732000ms] [ERROR] Unable to preventDefault inside passive event listener invocation. @ http://localhost:3000/_next/static/chunks/node_modules_next_dist_compiled_react-dom_1e674e59._.js:2325
[  734748ms] [ERROR] Unable to preventDefault inside passive event listener invocation. @ http://localhost:3000/_next/static/chunks/node_modules_next_dist_compiled_react-dom_1e674e59._.js:2325
[  734786ms] [ERROR] Unable to preventDefault inside passive event listener invocation. @ http://localhost:3000/_next/static/chunks/node_modules_next_dist_compiled_react-dom_1e674e59._.js:2325
[  734813ms] [ERROR] Unable to preventDefault inside passive event listener invocation. @ http://localhost:3000/_next/static/chunks/node_modules_next_dist_compiled_react-dom_1e674e59._.js:2325
[  734846ms] [ERROR] Unable to preventDefault inside passive event listener invocation. @ http://localhost:3000/_next/static/chunks/node_modules_next_dist_compiled_react-dom_1e674e59._.js:2325
[  735057ms] [ERROR] Unable to preventDefault inside passive event listener invocation. @ http://localhost:3000/_next/static/chunks/node_modules_next_dist_compiled_react-dom_1e674e59._.js:2325
[  735089ms] [ERROR] Unable to preventDefault inside passive event listener invocation. @ http://localhost:3000/_next/static/chunks/node_modules_next_dist_compiled_react-dom_1e674e59._.js:2325
[  735103ms] [ERROR] Unable to preventDefault inside passive event listener invocation. @ http://localhost:3000/_next/static/chunks/node_modules_next_dist_compiled_react-dom_1e674e59._.js:2325
[  735117ms] [ERROR] Unable to preventDefault inside passive event listener invocation. @ http://localhost:3000/_next/static/chunks/node_modules_next_dist_compiled_react-dom_1e674e59._.js:2325
[  735756ms] [ERROR] Unable to preventDefault inside passive event listener invocation. @ http://localhost:3000/_next/static/chunks/node_modules_next_dist_compiled_react-dom_1e674e59._.js:2325
[  735779ms] [ERROR] Unable to preventDefault inside passive event listener invocation. @ http://localhost:3000/_next/static/chunks/node_modules_next_dist_compiled_react-dom_1e674e59._.js:2325
[  735795ms] [ERROR] Unable to preventDefault inside passive event listener invocation. @ http://localhost:3000/_next/static/chunks/node_modules_next_dist_compiled_react-dom_1e674e59._.js:2325
[  735808ms] [ERROR] Unable to preventDefault inside passive event listener invocation. @ http://localhost:3000/_next/static/chunks/node_modules_next_dist_compiled_react-dom_1e674e59._.js:2325
[  736633ms] [ERROR] Unable to preventDefault inside passive event listener invocation. @ http://localhost:3000/_next/static/chunks/node_modules_next_dist_compiled_react-dom_1e674e59._.js:2325
[  736657ms] [ERROR] Unable to preventDefault inside passive event listener invocation. @ http://localhost:3000/_next/static/chunks/node_modules_next_dist_compiled_react-dom_1e674e59._.js:2325
[  736684ms] [ERROR] Unable to preventDefault inside passive event listener invocation. @ http://localhost:3000/_next/static/chunks/node_modules_next_dist_compiled_react-dom_1e674e59._.js:2325
[  736924ms] [ERROR] Unable to preventDefault inside passive event listener invocation. @ http://localhost:3000/_next/static/chunks/node_modules_next_dist_compiled_react-dom_1e674e59._.js:2325
[  736939ms] [ERROR] Unable to preventDefault inside passive event listener invocation. @ http://localhost:3000/_next/static/chunks/node_modules_next_dist_compiled_react-dom_1e674e59._.js:2325
[  736964ms] [ERROR] Unable to preventDefault inside passive event listener invocation. @ http://localhost:3000/_next/static/chunks/node_modules_next_dist_compiled_react-dom_1e674e59._.js:2325
[  737008ms] [ERROR] Unable to preventDefault inside passive event listener invocation. @ http://localhost:3000/_next/static/chunks/node_modules_next_dist_compiled_react-dom_1e674e59._.js:2325
[  737596ms] [ERROR] Unable to preventDefault inside passive event listener invocation. @ http://localhost:3000/_next/static/chunks/node_modules_next_dist_compiled_react-dom_1e674e59._.js:2325
[  738393ms] [ERROR] Unable to preventDefault inside passive event listener invocation. @ http://localhost:3000/_next/static/chunks/node_modules_next_dist_compiled_react-dom_1e674e59._.js:2325
[  738780ms] [ERROR] Unable to preventDefault inside passive event listener invocation. @ http://localhost:3000/_next/static/chunks/node_modules_next_dist_compiled_react-dom_1e674e59._.js:2325
[  741245ms] [ERROR] Unable to preventDefault inside passive event listener invocation. @ http://localhost:3000/_next/static/chunks/node_modules_next_dist_compiled_react-dom_1e674e59._.js:2325
[  741277ms] [ERROR] Unable to preventDefault inside passive event listener invocation. @ http://localhost:3000/_next/static/chunks/node_modules_next_dist_compiled_react-dom_1e674e59._.js:2325
[  741316ms] [ERROR] Unable to preventDefault inside passive event listener invocation. @ http://localhost:3000/_next/static/chunks/node_modules_next_dist_compiled_react-dom_1e674e59._.js:2325
[  741631ms] [ERROR] Unable to preventDefault inside passive event listener invocation. @ http://localhost:3000/_next/static/chunks/node_modules_next_dist_compiled_react-dom_1e674e59._.js:2325
[  741719ms] [ERROR] Unable to preventDefault inside passive event listener invocation. @ http://localhost:3000/_next/static/chunks/node_modules_next_dist_compiled_react-dom_1e674e59._.js:2325
[  741796ms] [ERROR] Unable to preventDefault inside passive event listener invocation. @ http://localhost:3000/_next/static/chunks/node_modules_next_dist_compiled_react-dom_1e674e59._.js:2325
[  742509ms] [ERROR] Unable to preventDefault inside passive event listener invocation. @ http://localhost:3000/_next/static/chunks/node_modules_next_dist_compiled_react-dom_1e674e59._.js:2325
[  742541ms] [ERROR] Unable to preventDefault inside passive event listener invocation. @ http://localhost:3000/_next/static/chunks/node_modules_next_dist_compiled_react-dom_1e674e59._.js:2325
[  742796ms] [ERROR] Unable to preventDefault inside passive event listener invocation. @ http://localhost:3000/_next/static/chunks/node_modules_next_dist_compiled_react-dom_1e674e59._.js:2325
[  742845ms] [ERROR] Unable to preventDefault inside passive event listener invocation. @ http://localhost:3000/_next/static/chunks/node_modules_next_dist_compiled_react-dom_1e674e59._.js:2325
[  744396ms] [ERROR] Unable to preventDefault inside passive event listener invocation. @ http://localhost:3000/_next/static/chunks/node_modules_next_dist_compiled_react-dom_1e674e59._.js:2325
[  744444ms] [ERROR] Unable to preventDefault inside passive event listener invocation. @ http://localhost:3000/_next/static/chunks/node_modules_next_dist_compiled_react-dom_1e674e59._.js:2325
[  744484ms] [ERROR] Unable to preventDefault inside passive event listener invocation. @ http://localhost:3000/_next/static/chunks/node_modules_next_dist_compiled_react-dom_1e674e59._.js:2325
[  744831ms] [ERROR] Unable to preventDefault inside passive event listener invocation. @ http://localhost:3000/_next/static/chunks/node_modules_next_dist_compiled_react-dom_1e674e59._.js:2325
[  744949ms] [ERROR] Unable to preventDefault inside passive event listener invocation. @ http://localhost:3000/_next/static/chunks/node_modules_next_dist_compiled_react-dom_1e674e59._.js:2325
[  745575ms] [ERROR] Unable to preventDefault inside passive event listener invocation. @ http://localhost:3000/_next/static/chunks/node_modules_next_dist_compiled_react-dom_1e674e59._.js:2325
[  745591ms] [ERROR] Unable to preventDefault inside passive event listener invocation. @ http://localhost:3000/_next/static/chunks/node_modules_next_dist_compiled_react-dom_1e674e59._.js:2325
[  745618ms] [ERROR] Unable to preventDefault inside passive event listener invocation. @ http://localhost:3000/_next/static/chunks/node_modules_next_dist_compiled_react-dom_1e674e59._.js:2325
[  745822ms] [ERROR] Unable to preventDefault inside passive event listener invocation. @ http://localhost:3000/_next/static/chunks/node_modules_next_dist_compiled_react-dom_1e674e59._.js:2325
[  745849ms] [ERROR] Unable to preventDefault inside passive event listener invocation. @ http://localhost:3000/_next/static/chunks/node_modules_next_dist_compiled_react-dom_1e674e59._.js:2325
[  745865ms] [ERROR] Unable to preventDefault inside passive event listener invocation. @ http://localhost:3000/_next/static/chunks/node_modules_next_dist_compiled_react-dom_1e674e59._.js:2325
[  745877ms] [ERROR] Unable to preventDefault inside passive event listener invocation. @ http://localhost:3000/_next/static/chunks/node_modules_next_dist_compiled_react-dom_1e674e59._.js:2325
[  745938ms] [LOG] [Fast Refresh] rebuilding @ http://localhost:3000/_next/static/chunks/node_modules_next_dist_f3530cac._.js:2297
[  745939ms] [LOG] [Fast Refresh] done in 107ms @ http://localhost:3000/_next/static/chunks/node_modules_next_dist_f3530cac._.js:2297
[  746056ms] [ERROR] Unable to preventDefault inside passive event listener invocation. @ http://localhost:3000/_next/static/chunks/node_modules_next_dist_compiled_react-dom_1e674e59._.js:2325
[  746077ms] [ERROR] Unable to preventDefault inside passive event listener invocation. @ http://localhost:3000/_next/static/chunks/node_modules_next_dist_compiled_react-dom_1e674e59._.js:2325
[  746091ms] [ERROR] Unable to preventDefault inside passive event listener invocation. @ http://localhost:3000/_next/static/chunks/node_modules_next_dist_compiled_react-dom_1e674e59._.js:2325
[  746106ms] [ERROR] Unable to preventDefault inside passive event listener invocation. @ http://localhost:3000/_next/static/chunks/node_modules_next_dist_compiled_react-dom_1e674e59._.js:2325
[  746169ms] [LOG] [Fast Refresh] rebuilding @ http://localhost:3000/_next/static/chunks/node_modules_next_dist_f3530cac._.js:2297
[  746170ms] [LOG] [Fast Refresh] done in 107ms @ http://localhost:3000/_next/static/chunks/node_modules_next_dist_f3530cac._.js:2297
[  747269ms] [ERROR] Unable to preventDefault inside passive event listener invocation. @ http://localhost:3000/_next/static/chunks/node_modules_next_dist_compiled_react-dom_1e674e59._.js:2325
[  747284ms] [ERROR] Unable to preventDefault inside passive event listener invocation. @ http://localhost:3000/_next/static/chunks/node_modules_next_dist_compiled_react-dom_1e674e59._.js:2325
[  747299ms] [ERROR] Unable to preventDefault inside passive event listener invocation. @ http://localhost:3000/_next/static/chunks/node_modules_next_dist_compiled_react-dom_1e674e59._.js:2325
[  747316ms] [ERROR] Unable to preventDefault inside passive event listener invocation. @ http://localhost:3000/_next/static/chunks/node_modules_next_dist_compiled_react-dom_1e674e59._.js:2325
[  747354ms] [ERROR] Unable to preventDefault inside passive event listener invocation. @ http://localhost:3000/_next/static/chunks/node_modules_next_dist_compiled_react-dom_1e674e59._.js:2325
[  747508ms] [ERROR] Unable to preventDefault inside passive event listener invocation. @ http://localhost:3000/_next/static/chunks/node_modules_next_dist_compiled_react-dom_1e674e59._.js:2325
[  747527ms] [ERROR] Unable to preventDefault inside passive event listener invocation. @ http://localhost:3000/_next/static/chunks/node_modules_next_dist_compiled_react-dom_1e674e59._.js:2325
[  747544ms] [ERROR] Unable to preventDefault inside passive event listener invocation. @ http://localhost:3000/_next/static/chunks/node_modules_next_dist_compiled_react-dom_1e674e59._.js:2325
[  747573ms] [ERROR] Unable to preventDefault inside passive event listener invocation. @ http://localhost:3000/_next/static/chunks/node_modules_next_dist_compiled_react-dom_1e674e59._.js:2325
[  747633ms] [LOG] [Fast Refresh] rebuilding @ http://localhost:3000/_next/static/chunks/node_modules_next_dist_f3530cac._.js:2297
[  747634ms] [LOG] [Fast Refresh] done in 110ms @ http://localhost:3000/_next/static/chunks/node_modules_next_dist_f3530cac._.js:2297
[  747772ms] [ERROR] Unable to preventDefault inside passive event listener invocation. @ http://localhost:3000/_next/static/chunks/node_modules_next_dist_compiled_react-dom_1e674e59._.js:2325
[  747791ms] [ERROR] Unable to preventDefault inside passive event listener invocation. @ http://localhost:3000/_next/static/chunks/node_modules_next_dist_compiled_react-dom_1e674e59._.js:2325
[  747813ms] [ERROR] Unable to preventDefault inside passive event listener invocation. @ http://localhost:3000/_next/static/chunks/node_modules_next_dist_compiled_react-dom_1e674e59._.js:2325
[  747853ms] [ERROR] Unable to preventDefault inside passive event listener invocation. @ http://localhost:3000/_next/static/chunks/node_modules_next_dist_compiled_react-dom_1e674e59._.js:2325
[  770027ms] [ERROR] Unable to preventDefault inside passive event listener invocation. @ http://localhost:3000/_next/static/chunks/node_modules_next_dist_compiled_react-dom_1e674e59._.js:2325
[  770059ms] [ERROR] Unable to preventDefault inside passive event listener invocation. @ http://localhost:3000/_next/static/chunks/node_modules_next_dist_compiled_react-dom_1e674e59._.js:2325
[  770080ms] [ERROR] Unable to preventDefault inside passive event listener invocation. @ http://localhost:3000/_next/static/chunks/node_modules_next_dist_compiled_react-dom_1e674e59._.js:2325
[  770109ms] [ERROR] Unable to preventDefault inside passive event listener invocation. @ http://localhost:3000/_next/static/chunks/node_modules_next_dist_compiled_react-dom_1e674e59._.js:2325
[  770141ms] [LOG] [Fast Refresh] rebuilding @ http://localhost:3000/_next/static/chunks/node_modules_next_dist_f3530cac._.js:2297
[  770192ms] [LOG] [Fast Refresh] done in 152ms @ http://localhost:3000/_next/static/chunks/node_modules_next_dist_f3530cac._.js:2297
[  770307ms] [ERROR] Unable to preventDefault inside passive event listener invocation. @ http://localhost:3000/_next/static/chunks/node_modules_next_dist_compiled_react-dom_1e674e59._.js:2325
[  770332ms] [ERROR] Unable to preventDefault inside passive event listener invocation. @ http://localhost:3000/_next/static/chunks/node_modules_next_dist_compiled_react-dom_1e674e59._.js:2325
[  770355ms] [ERROR] Unable to preventDefault inside passive event listener invocation. @ http://localhost:3000/_next/static/chunks/node_modules_next_dist_compiled_react-dom_1e674e59._.js:2325
[  770420ms] [ERROR] Unable to preventDefault inside passive event listener invocation. @ http://localhost:3000/_next/static/chunks/node_modules_next_dist_compiled_react-dom_1e674e59._.js:2325
[  771191ms] [ERROR] Unable to preventDefault inside passive event listener invocation. @ http://localhost:3000/_next/static/chunks/node_modules_next_dist_compiled_react-dom_1e674e59._.js:2325
[  771214ms] [ERROR] Unable to preventDefault inside passive event listener invocation. @ http://localhost:3000/_next/static/chunks/node_modules_next_dist_compiled_react-dom_1e674e59._.js:2325
[  771233ms] [ERROR] Unable to preventDefault inside passive event listener invocation. @ http://localhost:3000/_next/static/chunks/node_modules_next_dist_compiled_react-dom_1e674e59._.js:2325
[  771282ms] [ERROR] Unable to preventDefault inside passive event listener invocation. @ http://localhost:3000/_next/static/chunks/node_modules_next_dist_compiled_react-dom_1e674e59._.js:2325
[  771439ms] [ERROR] Unable to preventDefault inside passive event listener invocation. @ http://localhost:3000/_next/static/chunks/node_modules_next_dist_compiled_react-dom_1e674e59._.js:2325
[  771460ms] [ERROR] Unable to preventDefault inside passive event listener invocation. @ http://localhost:3000/_next/static/chunks/node_modules_next_dist_compiled_react-dom_1e674e59._.js:2325
[  771475ms] [ERROR] Unable to preventDefault inside passive event listener invocation. @ http://localhost:3000/_next/static/chunks/node_modules_next_dist_compiled_react-dom_1e674e59._.js:2325
[  771516ms] [ERROR] Unable to preventDefault inside passive event listener invocation. @ http://localhost:3000/_next/static/chunks/node_modules_next_dist_compiled_react-dom_1e674e59._.js:2325
[  771685ms] [ERROR] Unable to preventDefault inside passive event listener invocation. @ http://localhost:3000/_next/static/chunks/node_modules_next_dist_compiled_react-dom_1e674e59._.js:2325
[  771705ms] [ERROR] Unable to preventDefault inside passive event listener invocation. @ http://localhost:3000/_next/static/chunks/node_modules_next_dist_compiled_react-dom_1e674e59._.js:2325
[  771723ms] [ERROR] Unable to preventDefault inside passive event listener invocation. @ http://localhost:3000/_next/static/chunks/node_modules_next_dist_compiled_react-dom_1e674e59._.js:2325
[  771908ms] [ERROR] Unable to preventDefault inside passive event listener invocation. @ http://localhost:3000/_next/static/chunks/node_modules_next_dist_compiled_react-dom_1e674e59._.js:2325
[  771933ms] [ERROR] Unable to preventDefault inside passive event listener invocation. @ http://localhost:3000/_next/static/chunks/node_modules_next_dist_compiled_react-dom_1e674e59._.js:2325
[  771965ms] [ERROR] Unable to preventDefault inside passive event listener invocation. @ http://localhost:3000/_next/static/chunks/node_modules_next_dist_compiled_react-dom_1e674e59._.js:2325
[  773654ms] [LOG] [cache-update] sid= null poleTags= 33 shapes= 0 @ http://localhost:3000/_next/static/chunks/node_modules_next_dist_f3530cac._.js:2297
[  773655ms] [WARNING] [cache-update] skipping save — no sessionId or db @ http://localhost:3000/_next/static/chunks/node_modules_next_dist_f3530cac._.js:2297
[  773659ms] [LOG] [cache-update] sid= null poleTags= 33 shapes= 0 @ http://localhost:3000/_next/static/chunks/node_modules_next_dist_f3530cac._.js:2297
[  773659ms] [WARNING] [cache-update] skipping save — no sessionId or db @ http://localhost:3000/_next/static/chunks/node_modules_next_dist_f3530cac._.js:2297
[  773709ms] [LOG] [cache-update] sid= null poleTags= 33 shapes= 0 @ http://localhost:3000/_next/static/chunks/node_modules_next_dist_f3530cac._.js:2297
[  773710ms] [WARNING] [cache-update] skipping save — no sessionId or db @ http://localhost:3000/_next/static/chunks/node_modules_next_dist_f3530cac._.js:2297
[  773715ms] [LOG] [cache-update] sid= null poleTags= 33 shapes= 0 @ http://localhost:3000/_next/static/chunks/node_modules_next_dist_f3530cac._.js:2297
[  773715ms] [WARNING] [cache-update] skipping save — no sessionId or db @ http://localhost:3000/_next/static/chunks/node_modules_next_dist_f3530cac._.js:2297
[  773875ms] [ERROR] Unable to preventDefault inside passive event listener invocation. @ http://localhost:3000/_next/static/chunks/node_modules_next_dist_compiled_react-dom_1e674e59._.js:2325
[  773897ms] [ERROR] Unable to preventDefault inside passive event listener invocation. @ http://localhost:3000/_next/static/chunks/node_modules_next_dist_compiled_react-dom_1e674e59._.js:2325
[  773910ms] [ERROR] Unable to preventDefault inside passive event listener invocation. @ http://localhost:3000/_next/static/chunks/node_modules_next_dist_compiled_react-dom_1e674e59._.js:2325
[  773932ms] [ERROR] Unable to preventDefault inside passive event listener invocation. @ http://localhost:3000/_next/static/chunks/node_modules_next_dist_compiled_react-dom_1e674e59._.js:2325
[  773990ms] [LOG] [Fast Refresh] rebuilding @ http://localhost:3000/_next/static/chunks/node_modules_next_dist_f3530cac._.js:2297
[  773991ms] [LOG] [Fast Refresh] done in 107ms @ http://localhost:3000/_next/static/chunks/node_modules_next_dist_f3530cac._.js:2297
[  774137ms] [ERROR] Unable to preventDefault inside passive event listener invocation. @ http://localhost:3000/_next/static/chunks/node_modules_next_dist_compiled_react-dom_1e674e59._.js:2325
[  774164ms] [ERROR] Unable to preventDefault inside passive event listener invocation. @ http://localhost:3000/_next/static/chunks/node_modules_next_dist_compiled_react-dom_1e674e59._.js:2325
[  774181ms] [ERROR] Unable to preventDefault inside passive event listener invocation. @ http://localhost:3000/_next/static/chunks/node_modules_next_dist_compiled_react-dom_1e674e59._.js:2325
[  774205ms] [ERROR] Unable to preventDefault inside passive event listener invocation. @ http://localhost:3000/_next/static/chunks/node_modules_next_dist_compiled_react-dom_1e674e59._.js:2325
[  775953ms] [ERROR] Unable to preventDefault inside passive event listener invocation. @ http://localhost:3000/_next/static/chunks/node_modules_next_dist_compiled_react-dom_1e674e59._.js:2325
[  775977ms] [ERROR] Unable to preventDefault inside passive event listener invocation. @ http://localhost:3000/_next/static/chunks/node_modules_next_dist_compiled_react-dom_1e674e59._.js:2325
[  776028ms] [ERROR] Unable to preventDefault inside passive event listener invocation. @ http://localhost:3000/_next/static/chunks/node_modules_next_dist_compiled_react-dom_1e674e59._.js:2325
[  776231ms] [ERROR] Unable to preventDefault inside passive event listener invocation. @ http://localhost:3000/_next/static/chunks/node_modules_next_dist_compiled_react-dom_1e674e59._.js:2325
[  776251ms] [ERROR] Unable to preventDefault inside passive event listener invocation. @ http://localhost:3000/_next/static/chunks/node_modules_next_dist_compiled_react-dom_1e674e59._.js:2325
[  776273ms] [ERROR] Unable to preventDefault inside passive event listener invocation. @ http://localhost:3000/_next/static/chunks/node_modules_next_dist_compiled_react-dom_1e674e59._.js:2325
[  776479ms] [ERROR] Unable to preventDefault inside passive event listener invocation. @ http://localhost:3000/_next/static/chunks/node_modules_next_dist_compiled_react-dom_1e674e59._.js:2325
[  776506ms] [ERROR] Unable to preventDefault inside passive event listener invocation. @ http://localhost:3000/_next/static/chunks/node_modules_next_dist_compiled_react-dom_1e674e59._.js:2325
[  777648ms] [LOG] [cache-update] sid= null poleTags= 32 shapes= 0 @ http://localhost:3000/_next/static/chunks/node_modules_next_dist_f3530cac._.js:2297
[  777648ms] [WARNING] [cache-update] skipping save — no sessionId or db @ http://localhost:3000/_next/static/chunks/node_modules_next_dist_f3530cac._.js:2297
[  777648ms] [LOG] [cache-update] sid= null poleTags= 32 shapes= 0 @ http://localhost:3000/_next/static/chunks/node_modules_next_dist_f3530cac._.js:2297
[  777648ms] [WARNING] [cache-update] skipping save — no sessionId or db @ http://localhost:3000/_next/static/chunks/node_modules_next_dist_f3530cac._.js:2297
[  777699ms] [LOG] [cache-update] sid= null poleTags= 32 shapes= 0 @ http://localhost:3000/_next/static/chunks/node_modules_next_dist_f3530cac._.js:2297
[  777699ms] [WARNING] [cache-update] skipping save — no sessionId or db @ http://localhost:3000/_next/static/chunks/node_modules_next_dist_f3530cac._.js:2297
[  777701ms] [LOG] [cache-update] sid= null poleTags= 32 shapes= 0 @ http://localhost:3000/_next/static/chunks/node_modules_next_dist_f3530cac._.js:2297
[  777701ms] [WARNING] [cache-update] skipping save — no sessionId or db @ http://localhost:3000/_next/static/chunks/node_modules_next_dist_f3530cac._.js:2297
[  777858ms] [ERROR] Unable to preventDefault inside passive event listener invocation. @ http://localhost:3000/_next/static/chunks/node_modules_next_dist_compiled_react-dom_1e674e59._.js:2325
[  777874ms] [ERROR] Unable to preventDefault inside passive event listener invocation. @ http://localhost:3000/_next/static/chunks/node_modules_next_dist_compiled_react-dom_1e674e59._.js:2325
[  777887ms] [ERROR] Unable to preventDefault inside passive event listener invocation. @ http://localhost:3000/_next/static/chunks/node_modules_next_dist_compiled_react-dom_1e674e59._.js:2325
[  777905ms] [ERROR] Unable to preventDefault inside passive event listener invocation. @ http://localhost:3000/_next/static/chunks/node_modules_next_dist_compiled_react-dom_1e674e59._.js:2325
[  779607ms] [ERROR] Unable to preventDefault inside passive event listener invocation. @ http://localhost:3000/_next/static/chunks/node_modules_next_dist_compiled_react-dom_1e674e59._.js:2325
[  779628ms] [ERROR] Unable to preventDefault inside passive event listener invocation. @ http://localhost:3000/_next/static/chunks/node_modules_next_dist_compiled_react-dom_1e674e59._.js:2325
[  779637ms] [ERROR] Unable to preventDefault inside passive event listener invocation. @ http://localhost:3000/_next/static/chunks/node_modules_next_dist_compiled_react-dom_1e674e59._.js:2325
[  779652ms] [ERROR] Unable to preventDefault inside passive event listener invocation. @ http://localhost:3000/_next/static/chunks/node_modules_next_dist_compiled_react-dom_1e674e59._.js:2325
[  779663ms] [ERROR] Unable to preventDefault inside passive event listener invocation. @ http://localhost:3000/_next/static/chunks/node_modules_next_dist_compiled_react-dom_1e674e59._.js:2325
[  780991ms] [ERROR] Unable to preventDefault inside passive event listener invocation. @ http://localhost:3000/_next/static/chunks/node_modules_next_dist_compiled_react-dom_1e674e59._.js:2325
[  781007ms] [ERROR] Unable to preventDefault inside passive event listener invocation. @ http://localhost:3000/_next/static/chunks/node_modules_next_dist_compiled_react-dom_1e674e59._.js:2325
[  781020ms] [ERROR] Unable to preventDefault inside passive event listener invocation. @ http://localhost:3000/_next/static/chunks/node_modules_next_dist_compiled_react-dom_1e674e59._.js:2325
[  781028ms] [ERROR] Unable to preventDefault inside passive event listener invocation. @ http://localhost:3000/_next/static/chunks/node_modules_next_dist_compiled_react-dom_1e674e59._.js:2325
[  781037ms] [ERROR] Unable to preventDefault inside passive event listener invocation. @ http://localhost:3000/_next/static/chunks/node_modules_next_dist_compiled_react-dom_1e674e59._.js:2325
[  781047ms] [ERROR] Unable to preventDefault inside passive event listener invocation. @ http://localhost:3000/_next/static/chunks/node_modules_next_dist_compiled_react-dom_1e674e59._.js:2325
[  781105ms] [LOG] [Fast Refresh] rebuilding @ http://localhost:3000/_next/static/chunks/node_modules_next_dist_f3530cac._.js:2297
[  781112ms] [LOG] [Fast Refresh] done in 106ms @ http://localhost:3000/_next/static/chunks/node_modules_next_dist_f3530cac._.js:2297
[  783548ms] [ERROR] Unable to preventDefault inside passive event listener invocation. @ http://localhost:3000/_next/static/chunks/node_modules_next_dist_compiled_react-dom_1e674e59._.js:2325
[  783578ms] [ERROR] Unable to preventDefault inside passive event listener invocation. @ http://localhost:3000/_next/static/chunks/node_modules_next_dist_compiled_react-dom_1e674e59._.js:2325
[  783600ms] [ERROR] Unable to preventDefault inside passive event listener invocation. @ http://localhost:3000/_next/static/chunks/node_modules_next_dist_compiled_react-dom_1e674e59._.js:2325
[  783659ms] [LOG] [Fast Refresh] rebuilding @ http://localhost:3000/_next/static/chunks/node_modules_next_dist_f3530cac._.js:2297
[  783664ms] [LOG] [Fast Refresh] done in 106ms @ http://localhost:3000/_next/static/chunks/node_modules_next_dist_f3530cac._.js:2297
[  783906ms] [ERROR] Unable to preventDefault inside passive event listener invocation. @ http://localhost:3000/_next/static/chunks/node_modules_next_dist_compiled_react-dom_1e674e59._.js:2325
[  783936ms] [ERROR] Unable to preventDefault inside passive event listener invocation. @ http://localhost:3000/_next/static/chunks/node_modules_next_dist_compiled_react-dom_1e674e59._.js:2325
[  784333ms] [ERROR] Unable to preventDefault inside passive event listener invocation. @ http://localhost:3000/_next/static/chunks/node_modules_next_dist_compiled_react-dom_1e674e59._.js:2325
[  784354ms] [ERROR] Unable to preventDefault inside passive event listener invocation. @ http://localhost:3000/_next/static/chunks/node_modules_next_dist_compiled_react-dom_1e674e59._.js:2325
[  784390ms] [ERROR] Unable to preventDefault inside passive event listener invocation. @ http://localhost:3000/_next/static/chunks/node_modules_next_dist_compiled_react-dom_1e674e59._.js:2325
[  804819ms] [ERROR] Unable to preventDefault inside passive event listener invocation. @ http://localhost:3000/_next/static/chunks/node_modules_next_dist_compiled_react-dom_1e674e59._.js:2325
[  804884ms] [ERROR] Unable to preventDefault inside passive event listener invocation. @ http://localhost:3000/_next/static/chunks/node_modules_next_dist_compiled_react-dom_1e674e59._.js:2325
[  804906ms] [ERROR] Unable to preventDefault inside passive event listener invocation. @ http://localhost:3000/_next/static/chunks/node_modules_next_dist_compiled_react-dom_1e674e59._.js:2325
[  804948ms] [ERROR] Unable to preventDefault inside passive event listener invocation. @ http://localhost:3000/_next/static/chunks/node_modules_next_dist_compiled_react-dom_1e674e59._.js:2325
[  805151ms] [ERROR] Unable to preventDefault inside passive event listener invocation. @ http://localhost:3000/_next/static/chunks/node_modules_next_dist_compiled_react-dom_1e674e59._.js:2325
[  805165ms] [ERROR] Unable to preventDefault inside passive event listener invocation. @ http://localhost:3000/_next/static/chunks/node_modules_next_dist_compiled_react-dom_1e674e59._.js:2325
[  805179ms] [ERROR] Unable to preventDefault inside passive event listener invocation. @ http://localhost:3000/_next/static/chunks/node_modules_next_dist_compiled_react-dom_1e674e59._.js:2325
[  805199ms] [ERROR] Unable to preventDefault inside passive event listener invocation. @ http://localhost:3000/_next/static/chunks/node_modules_next_dist_compiled_react-dom_1e674e59._.js:2325
[  805366ms] [ERROR] Unable to preventDefault inside passive event listener invocation. @ http://localhost:3000/_next/static/chunks/node_modules_next_dist_compiled_react-dom_1e674e59._.js:2325
[  805383ms] [ERROR] Unable to preventDefault inside passive event listener invocation. @ http://localhost:3000/_next/static/chunks/node_modules_next_dist_compiled_react-dom_1e674e59._.js:2325
[  805400ms] [ERROR] Unable to preventDefault inside passive event listener invocation. @ http://localhost:3000/_next/static/chunks/node_modules_next_dist_compiled_react-dom_1e674e59._.js:2325
[  805415ms] [ERROR] Unable to preventDefault inside passive event listener invocation. @ http://localhost:3000/_next/static/chunks/node_modules_next_dist_compiled_react-dom_1e674e59._.js:2325
[  805433ms] [ERROR] Unable to preventDefault inside passive event listener invocation. @ http://localhost:3000/_next/static/chunks/node_modules_next_dist_compiled_react-dom_1e674e59._.js:2325
[  805484ms] [LOG] [Fast Refresh] rebuilding @ http://localhost:3000/_next/static/chunks/node_modules_next_dist_f3530cac._.js:2297
[  805486ms] [LOG] [Fast Refresh] done in 106ms @ http://localhost:3000/_next/static/chunks/node_modules_next_dist_f3530cac._.js:2297
[  805613ms] [ERROR] Unable to preventDefault inside passive event listener invocation. @ http://localhost:3000/_next/static/chunks/node_modules_next_dist_compiled_react-dom_1e674e59._.js:2325
[  805633ms] [ERROR] Unable to preventDefault inside passive event listener invocation. @ http://localhost:3000/_next/static/chunks/node_modules_next_dist_compiled_react-dom_1e674e59._.js:2325
[  805649ms] [ERROR] Unable to preventDefault inside passive event listener invocation. @ http://localhost:3000/_next/static/chunks/node_modules_next_dist_compiled_react-dom_1e674e59._.js:2325
[  805671ms] [ERROR] Unable to preventDefault inside passive event listener invocation. @ http://localhost:3000/_next/static/chunks/node_modules_next_dist_compiled_react-dom_1e674e59._.js:2325
[  811381ms] [LOG] [cache-update] sid= null poleTags= 32 shapes= 0 @ http://localhost:3000/_next/static/chunks/node_modules_next_dist_f3530cac._.js:2297
[  811382ms] [WARNING] [cache-update] skipping save — no sessionId or db @ http://localhost:3000/_next/static/chunks/node_modules_next_dist_f3530cac._.js:2297
[  811382ms] [LOG] [cache-update] sid= null poleTags= 32 shapes= 0 @ http://localhost:3000/_next/static/chunks/node_modules_next_dist_f3530cac._.js:2297
[  811382ms] [WARNING] [cache-update] skipping save — no sessionId or db @ http://localhost:3000/_next/static/chunks/node_modules_next_dist_f3530cac._.js:2297
[  811383ms] [LOG] [cache-update] sid= null poleTags= 32 shapes= 0 @ http://localhost:3000/_next/static/chunks/node_modules_next_dist_f3530cac._.js:2297
[  811383ms] [WARNING] [cache-update] skipping save — no sessionId or db @ http://localhost:3000/_next/static/chunks/node_modules_next_dist_f3530cac._.js:2297
[  811383ms] [LOG] [cache-update] sid= null poleTags= 32 shapes= 0 @ http://localhost:3000/_next/static/chunks/node_modules_next_dist_f3530cac._.js:2297
[  811383ms] [WARNING] [cache-update] skipping save — no sessionId or db @ http://localhost:3000/_next/static/chunks/node_modules_next_dist_f3530cac._.js:2297
[  811438ms] [LOG] [cache-update] sid= null poleTags= 32 shapes= 0 @ http://localhost:3000/_next/static/chunks/node_modules_next_dist_f3530cac._.js:2297
[  811439ms] [WARNING] [cache-update] skipping save — no sessionId or db @ http://localhost:3000/_next/static/chunks/node_modules_next_dist_f3530cac._.js:2297
[  811440ms] [LOG] [cache-update] sid= null poleTags= 32 shapes= 0 @ http://localhost:3000/_next/static/chunks/node_modules_next_dist_f3530cac._.js:2297
[  811441ms] [WARNING] [cache-update] skipping save — no sessionId or db @ http://localhost:3000/_next/static/chunks/node_modules_next_dist_f3530cac._.js:2297
[  811442ms] [LOG] [cache-update] sid= null poleTags= 32 shapes= 0 @ http://localhost:3000/_next/static/chunks/node_modules_next_dist_f3530cac._.js:2297
[  811442ms] [WARNING] [cache-update] skipping save — no sessionId or db @ http://localhost:3000/_next/static/chunks/node_modules_next_dist_f3530cac._.js:2297
[  811444ms] [LOG] [cache-update] sid= null poleTags= 32 shapes= 0 @ http://localhost:3000/_next/static/chunks/node_modules_next_dist_f3530cac._.js:2297
[  811444ms] [WARNING] [cache-update] skipping save — no sessionId or db @ http://localhost:3000/_next/static/chunks/node_modules_next_dist_f3530cac._.js:2297
[  813081ms] [ERROR] Unable to preventDefault inside passive event listener invocation. @ http://localhost:3000/_next/static/chunks/node_modules_next_dist_compiled_react-dom_1e674e59._.js:2325
[  813103ms] [ERROR] Unable to preventDefault inside passive event listener invocation. @ http://localhost:3000/_next/static/chunks/node_modules_next_dist_compiled_react-dom_1e674e59._.js:2325
[  813116ms] [ERROR] Unable to preventDefault inside passive event listener invocation. @ http://localhost:3000/_next/static/chunks/node_modules_next_dist_compiled_react-dom_1e674e59._.js:2325
[  813135ms] [ERROR] Unable to preventDefault inside passive event listener invocation. @ http://localhost:3000/_next/static/chunks/node_modules_next_dist_compiled_react-dom_1e674e59._.js:2325
[  813161ms] [ERROR] Unable to preventDefault inside passive event listener invocation. @ http://localhost:3000/_next/static/chunks/node_modules_next_dist_compiled_react-dom_1e674e59._.js:2325
[  813196ms] [LOG] [Fast Refresh] rebuilding @ http://localhost:3000/_next/static/chunks/node_modules_next_dist_f3530cac._.js:2297
[  813219ms] [LOG] [Fast Refresh] done in 124ms @ http://localhost:3000/_next/static/chunks/node_modules_next_dist_f3530cac._.js:2297
[  813320ms] [ERROR] Unable to preventDefault inside passive event listener invocation. @ http://localhost:3000/_next/static/chunks/node_modules_next_dist_compiled_react-dom_1e674e59._.js:2325
[  813339ms] [ERROR] Unable to preventDefault inside passive event listener invocation. @ http://localhost:3000/_next/static/chunks/node_modules_next_dist_compiled_react-dom_1e674e59._.js:2325
[  813358ms] [ERROR] Unable to preventDefault inside passive event listener invocation. @ http://localhost:3000/_next/static/chunks/node_modules_next_dist_compiled_react-dom_1e674e59._.js:2325
[  813376ms] [ERROR] Unable to preventDefault inside passive event listener invocation. @ http://localhost:3000/_next/static/chunks/node_modules_next_dist_compiled_react-dom_1e674e59._.js:2325
[  813581ms] [ERROR] Unable to preventDefault inside passive event listener invocation. @ http://localhost:3000/_next/static/chunks/node_modules_next_dist_compiled_react-dom_1e674e59._.js:2325
[  813593ms] [ERROR] Unable to preventDefault inside passive event listener invocation. @ http://localhost:3000/_next/static/chunks/node_modules_next_dist_compiled_react-dom_1e674e59._.js:2325
[  813611ms] [ERROR] Unable to preventDefault inside passive event listener invocation. @ http://localhost:3000/_next/static/chunks/node_modules_next_dist_compiled_react-dom_1e674e59._.js:2325
[  813648ms] [LOG] [Fast Refresh] rebuilding @ http://localhost:3000/_next/static/chunks/node_modules_next_dist_f3530cac._.js:2297
[  813649ms] [ERROR] Unable to preventDefault inside passive event listener invocation. @ http://localhost:3000/_next/static/chunks/node_modules_next_dist_compiled_react-dom_1e674e59._.js:2325
[  813669ms] [LOG] [Fast Refresh] done in 125ms @ http://localhost:3000/_next/static/chunks/node_modules_next_dist_f3530cac._.js:2297
[  814032ms] [ERROR] Unable to preventDefault inside passive event listener invocation. @ http://localhost:3000/_next/static/chunks/node_modules_next_dist_compiled_react-dom_1e674e59._.js:2325
[  814046ms] [ERROR] Unable to preventDefault inside passive event listener invocation. @ http://localhost:3000/_next/static/chunks/node_modules_next_dist_compiled_react-dom_1e674e59._.js:2325
[  814058ms] [ERROR] Unable to preventDefault inside passive event listener invocation. @ http://localhost:3000/_next/static/chunks/node_modules_next_dist_compiled_react-dom_1e674e59._.js:2325
[  814069ms] [ERROR] Unable to preventDefault inside passive event listener invocation. @ http://localhost:3000/_next/static/chunks/node_modules_next_dist_compiled_react-dom_1e674e59._.js:2325
[  814075ms] [ERROR] Unable to preventDefault inside passive event listener invocation. @ http://localhost:3000/_next/static/chunks/node_modules_next_dist_compiled_react-dom_1e674e59._.js:2325
[  814085ms] [ERROR] Unable to preventDefault inside passive event listener invocation. @ http://localhost:3000/_next/static/chunks/node_modules_next_dist_compiled_react-dom_1e674e59._.js:2325
[  814280ms] [ERROR] Unable to preventDefault inside passive event listener invocation. @ http://localhost:3000/_next/static/chunks/node_modules_next_dist_compiled_react-dom_1e674e59._.js:2325
[  814296ms] [ERROR] Unable to preventDefault inside passive event listener invocation. @ http://localhost:3000/_next/static/chunks/node_modules_next_dist_compiled_react-dom_1e674e59._.js:2325
[  814305ms] [ERROR] Unable to preventDefault inside passive event listener invocation. @ http://localhost:3000/_next/static/chunks/node_modules_next_dist_compiled_react-dom_1e674e59._.js:2325
[  814314ms] [ERROR] Unable to preventDefault inside passive event listener invocation. @ http://localhost:3000/_next/static/chunks/node_modules_next_dist_compiled_react-dom_1e674e59._.js:2325
[  814325ms] [ERROR] Unable to preventDefault inside passive event listener invocation. @ http://localhost:3000/_next/static/chunks/node_modules_next_dist_compiled_react-dom_1e674e59._.js:2325
[  814335ms] [ERROR] Unable to preventDefault inside passive event listener invocation. @ http://localhost:3000/_next/static/chunks/node_modules_next_dist_compiled_react-dom_1e674e59._.js:2325
[  814343ms] [ERROR] Unable to preventDefault inside passive event listener invocation. @ http://localhost:3000/_next/static/chunks/node_modules_next_dist_compiled_react-dom_1e674e59._.js:2325
[  814396ms] [LOG] [Fast Refresh] rebuilding @ http://localhost:3000/_next/static/chunks/node_modules_next_dist_f3530cac._.js:2297
[  814397ms] [LOG] [Fast Refresh] done in 108ms @ http://localhost:3000/_next/static/chunks/node_modules_next_dist_f3530cac._.js:2297
[  815062ms] [ERROR] Unable to preventDefault inside passive event listener invocation. @ http://localhost:3000/_next/static/chunks/node_modules_next_dist_compiled_react-dom_1e674e59._.js:2325
[  815082ms] [ERROR] Unable to preventDefault inside passive event listener invocation. @ http://localhost:3000/_next/static/chunks/node_modules_next_dist_compiled_react-dom_1e674e59._.js:2325
[  815112ms] [ERROR] Unable to preventDefault inside passive event listener invocation. @ http://localhost:3000/_next/static/chunks/node_modules_next_dist_compiled_react-dom_1e674e59._.js:2325
[  815390ms] [ERROR] Unable to preventDefault inside passive event listener invocation. @ http://localhost:3000/_next/static/chunks/node_modules_next_dist_compiled_react-dom_1e674e59._.js:2325
[  815420ms] [ERROR] Unable to preventDefault inside passive event listener invocation. @ http://localhost:3000/_next/static/chunks/node_modules_next_dist_compiled_react-dom_1e674e59._.js:2325
[  815443ms] [ERROR] Unable to preventDefault inside passive event listener invocation. @ http://localhost:3000/_next/static/chunks/node_modules_next_dist_compiled_react-dom_1e674e59._.js:2325
[  815497ms] [ERROR] Unable to preventDefault inside passive event listener invocation. @ http://localhost:3000/_next/static/chunks/node_modules_next_dist_compiled_react-dom_1e674e59._.js:2325
[  821120ms] [LOG] [cache-update] sid= null poleTags= 32 shapes= 0 @ http://localhost:3000/_next/static/chunks/node_modules_next_dist_f3530cac._.js:2297
[  821120ms] [WARNING] [cache-update] skipping save — no sessionId or db @ http://localhost:3000/_next/static/chunks/node_modules_next_dist_f3530cac._.js:2297
[  821121ms] [LOG] [cache-update] sid= null poleTags= 32 shapes= 0 @ http://localhost:3000/_next/static/chunks/node_modules_next_dist_f3530cac._.js:2297
[  821121ms] [WARNING] [cache-update] skipping save — no sessionId or db @ http://localhost:3000/_next/static/chunks/node_modules_next_dist_f3530cac._.js:2297
[  821121ms] [LOG] [cache-update] sid= null poleTags= 32 shapes= 0 @ http://localhost:3000/_next/static/chunks/node_modules_next_dist_f3530cac._.js:2297
[  821121ms] [WARNING] [cache-update] skipping save — no sessionId or db @ http://localhost:3000/_next/static/chunks/node_modules_next_dist_f3530cac._.js:2297
[  821122ms] [LOG] [cache-update] sid= null poleTags= 32 shapes= 0 @ http://localhost:3000/_next/static/chunks/node_modules_next_dist_f3530cac._.js:2297
[  821122ms] [WARNING] [cache-update] skipping save — no sessionId or db @ http://localhost:3000/_next/static/chunks/node_modules_next_dist_f3530cac._.js:2297
[  821188ms] [LOG] [cache-update] sid= null poleTags= 32 shapes= 0 @ http://localhost:3000/_next/static/chunks/node_modules_next_dist_f3530cac._.js:2297
[  821188ms] [WARNING] [cache-update] skipping save — no sessionId or db @ http://localhost:3000/_next/static/chunks/node_modules_next_dist_f3530cac._.js:2297
[  821190ms] [LOG] [cache-update] sid= null poleTags= 32 shapes= 0 @ http://localhost:3000/_next/static/chunks/node_modules_next_dist_f3530cac._.js:2297
[  821190ms] [WARNING] [cache-update] skipping save — no sessionId or db @ http://localhost:3000/_next/static/chunks/node_modules_next_dist_f3530cac._.js:2297
[  821192ms] [LOG] [cache-update] sid= null poleTags= 32 shapes= 0 @ http://localhost:3000/_next/static/chunks/node_modules_next_dist_f3530cac._.js:2297
[  821192ms] [WARNING] [cache-update] skipping save — no sessionId or db @ http://localhost:3000/_next/static/chunks/node_modules_next_dist_f3530cac._.js:2297
[  821194ms] [LOG] [cache-update] sid= null poleTags= 32 shapes= 0 @ http://localhost:3000/_next/static/chunks/node_modules_next_dist_f3530cac._.js:2297
[  821195ms] [WARNING] [cache-update] skipping save — no sessionId or db @ http://localhost:3000/_next/static/chunks/node_modules_next_dist_f3530cac._.js:2297
[  822147ms] [ERROR] Unable to preventDefault inside passive event listener invocation. @ http://localhost:3000/_next/static/chunks/node_modules_next_dist_compiled_react-dom_1e674e59._.js:2325
[  822170ms] [ERROR] Unable to preventDefault inside passive event listener invocation. @ http://localhost:3000/_next/static/chunks/node_modules_next_dist_compiled_react-dom_1e674e59._.js:2325
[  822198ms] [ERROR] Unable to preventDefault inside passive event listener invocation. @ http://localhost:3000/_next/static/chunks/node_modules_next_dist_compiled_react-dom_1e674e59._.js:2325
[  822388ms] [ERROR] Unable to preventDefault inside passive event listener invocation. @ http://localhost:3000/_next/static/chunks/node_modules_next_dist_compiled_react-dom_1e674e59._.js:2325
[  822410ms] [ERROR] Unable to preventDefault inside passive event listener invocation. @ http://localhost:3000/_next/static/chunks/node_modules_next_dist_compiled_react-dom_1e674e59._.js:2325
[  822448ms] [ERROR] Unable to preventDefault inside passive event listener invocation. @ http://localhost:3000/_next/static/chunks/node_modules_next_dist_compiled_react-dom_1e674e59._.js:2325
[  823174ms] [ERROR] Unable to preventDefault inside passive event listener invocation. @ http://localhost:3000/_next/static/chunks/node_modules_next_dist_compiled_react-dom_1e674e59._.js:2325
[  823192ms] [ERROR] Unable to preventDefault inside passive event listener invocation. @ http://localhost:3000/_next/static/chunks/node_modules_next_dist_compiled_react-dom_1e674e59._.js:2325
[  823212ms] [ERROR] Unable to preventDefault inside passive event listener invocation. @ http://localhost:3000/_next/static/chunks/node_modules_next_dist_compiled_react-dom_1e674e59._.js:2325
[  823235ms] [ERROR] Unable to preventDefault inside passive event listener invocation. @ http://localhost:3000/_next/static/chunks/node_modules_next_dist_compiled_react-dom_1e674e59._.js:2325
[  823289ms] [LOG] [Fast Refresh] rebuilding @ http://localhost:3000/_next/static/chunks/node_modules_next_dist_f3530cac._.js:2297
[  823289ms] [LOG] [Fast Refresh] done in 101ms @ http://localhost:3000/_next/static/chunks/node_modules_next_dist_f3530cac._.js:2297
[  823487ms] [ERROR] Unable to preventDefault inside passive event listener invocation. @ http://localhost:3000/_next/static/chunks/node_modules_next_dist_compiled_react-dom_1e674e59._.js:2325
[  823548ms] [ERROR] Unable to preventDefault inside passive event listener invocation. @ http://localhost:3000/_next/static/chunks/node_modules_next_dist_compiled_react-dom_1e674e59._.js:2325
[  827026ms] [LOG] [cache-update] sid= null poleTags= 32 shapes= 0 @ http://localhost:3000/_next/static/chunks/node_modules_next_dist_f3530cac._.js:2297
[  827026ms] [WARNING] [cache-update] skipping save — no sessionId or db @ http://localhost:3000/_next/static/chunks/node_modules_next_dist_f3530cac._.js:2297
[  827026ms] [LOG] [cache-update] sid= null poleTags= 32 shapes= 0 @ http://localhost:3000/_next/static/chunks/node_modules_next_dist_f3530cac._.js:2297
[  827026ms] [WARNING] [cache-update] skipping save — no sessionId or db @ http://localhost:3000/_next/static/chunks/node_modules_next_dist_f3530cac._.js:2297
[  827026ms] [LOG] [cache-update] sid= null poleTags= 32 shapes= 0 @ http://localhost:3000/_next/static/chunks/node_modules_next_dist_f3530cac._.js:2297
[  827027ms] [WARNING] [cache-update] skipping save — no sessionId or db @ http://localhost:3000/_next/static/chunks/node_modules_next_dist_f3530cac._.js:2297
[  827027ms] [LOG] [cache-update] sid= null poleTags= 32 shapes= 0 @ http://localhost:3000/_next/static/chunks/node_modules_next_dist_f3530cac._.js:2297
[  827027ms] [WARNING] [cache-update] skipping save — no sessionId or db @ http://localhost:3000/_next/static/chunks/node_modules_next_dist_f3530cac._.js:2297
[  827078ms] [LOG] [cache-update] sid= null poleTags= 32 shapes= 0 @ http://localhost:3000/_next/static/chunks/node_modules_next_dist_f3530cac._.js:2297
[  827079ms] [WARNING] [cache-update] skipping save — no sessionId or db @ http://localhost:3000/_next/static/chunks/node_modules_next_dist_f3530cac._.js:2297
[  827081ms] [LOG] [cache-update] sid= null poleTags= 32 shapes= 0 @ http://localhost:3000/_next/static/chunks/node_modules_next_dist_f3530cac._.js:2297
[  827081ms] [WARNING] [cache-update] skipping save — no sessionId or db @ http://localhost:3000/_next/static/chunks/node_modules_next_dist_f3530cac._.js:2297
[  827083ms] [LOG] [cache-update] sid= null poleTags= 32 shapes= 0 @ http://localhost:3000/_next/static/chunks/node_modules_next_dist_f3530cac._.js:2297
[  827083ms] [WARNING] [cache-update] skipping save — no sessionId or db @ http://localhost:3000/_next/static/chunks/node_modules_next_dist_f3530cac._.js:2297
[  827084ms] [LOG] [cache-update] sid= null poleTags= 32 shapes= 0 @ http://localhost:3000/_next/static/chunks/node_modules_next_dist_f3530cac._.js:2297
[  827084ms] [WARNING] [cache-update] skipping save — no sessionId or db @ http://localhost:3000/_next/static/chunks/node_modules_next_dist_f3530cac._.js:2297
[  827736ms] [ERROR] Unable to preventDefault inside passive event listener invocation. @ http://localhost:3000/_next/static/chunks/node_modules_next_dist_compiled_react-dom_1e674e59._.js:2325
[  827767ms] [ERROR] Unable to preventDefault inside passive event listener invocation. @ http://localhost:3000/_next/static/chunks/node_modules_next_dist_compiled_react-dom_1e674e59._.js:2325
[  834526ms] [LOG] [cache-update] sid= null poleTags= 32 shapes= 0 @ http://localhost:3000/_next/static/chunks/node_modules_next_dist_f3530cac._.js:2297
[  834526ms] [WARNING] [cache-update] skipping save — no sessionId or db @ http://localhost:3000/_next/static/chunks/node_modules_next_dist_f3530cac._.js:2297
[  834526ms] [LOG] [cache-update] sid= null poleTags= 32 shapes= 0 @ http://localhost:3000/_next/static/chunks/node_modules_next_dist_f3530cac._.js:2297
[  834526ms] [WARNING] [cache-update] skipping save — no sessionId or db @ http://localhost:3000/_next/static/chunks/node_modules_next_dist_f3530cac._.js:2297
[  834527ms] [LOG] [cache-update] sid= null poleTags= 32 shapes= 0 @ http://localhost:3000/_next/static/chunks/node_modules_next_dist_f3530cac._.js:2297
[  834527ms] [WARNING] [cache-update] skipping save — no sessionId or db @ http://localhost:3000/_next/static/chunks/node_modules_next_dist_f3530cac._.js:2297
[  834527ms] [LOG] [cache-update] sid= null poleTags= 32 shapes= 0 @ http://localhost:3000/_next/static/chunks/node_modules_next_dist_f3530cac._.js:2297
[  834527ms] [WARNING] [cache-update] skipping save — no sessionId or db @ http://localhost:3000/_next/static/chunks/node_modules_next_dist_f3530cac._.js:2297
[  834588ms] [LOG] [cache-update] sid= null poleTags= 32 shapes= 0 @ http://localhost:3000/_next/static/chunks/node_modules_next_dist_f3530cac._.js:2297
[  834591ms] [WARNING] [cache-update] skipping save — no sessionId or db @ http://localhost:3000/_next/static/chunks/node_modules_next_dist_f3530cac._.js:2297
[  834594ms] [LOG] [cache-update] sid= null poleTags= 32 shapes= 0 @ http://localhost:3000/_next/static/chunks/node_modules_next_dist_f3530cac._.js:2297
[  834594ms] [WARNING] [cache-update] skipping save — no sessionId or db @ http://localhost:3000/_next/static/chunks/node_modules_next_dist_f3530cac._.js:2297
[  834596ms] [LOG] [cache-update] sid= null poleTags= 32 shapes= 0 @ http://localhost:3000/_next/static/chunks/node_modules_next_dist_f3530cac._.js:2297
[  834597ms] [WARNING] [cache-update] skipping save — no sessionId or db @ http://localhost:3000/_next/static/chunks/node_modules_next_dist_f3530cac._.js:2297
[  834599ms] [LOG] [cache-update] sid= null poleTags= 32 shapes= 0 @ http://localhost:3000/_next/static/chunks/node_modules_next_dist_f3530cac._.js:2297
[  834599ms] [WARNING] [cache-update] skipping save — no sessionId or db @ http://localhost:3000/_next/static/chunks/node_modules_next_dist_f3530cac._.js:2297
[  838236ms] [ERROR] Unable to preventDefault inside passive event listener invocation. @ http://localhost:3000/_next/static/chunks/node_modules_next_dist_compiled_react-dom_1e674e59._.js:2325
[  838260ms] [ERROR] Unable to preventDefault inside passive event listener invocation. @ http://localhost:3000/_next/static/chunks/node_modules_next_dist_compiled_react-dom_1e674e59._.js:2325
[  838282ms] [ERROR] Unable to preventDefault inside passive event listener invocation. @ http://localhost:3000/_next/static/chunks/node_modules_next_dist_compiled_react-dom_1e674e59._.js:2325
[  838324ms] [ERROR] Unable to preventDefault inside passive event listener invocation. @ http://localhost:3000/_next/static/chunks/node_modules_next_dist_compiled_react-dom_1e674e59._.js:2325
[  838354ms] [LOG] [Fast Refresh] rebuilding @ http://localhost:3000/_next/static/chunks/node_modules_next_dist_f3530cac._.js:2297
[  838407ms] [LOG] [Fast Refresh] done in 154ms @ http://localhost:3000/_next/static/chunks/node_modules_next_dist_f3530cac._.js:2297
[  838543ms] [ERROR] Unable to preventDefault inside passive event listener invocation. @ http://localhost:3000/_next/static/chunks/node_modules_next_dist_compiled_react-dom_1e674e59._.js:2325
[  838615ms] [ERROR] Unable to preventDefault inside passive event listener invocation. @ http://localhost:3000/_next/static/chunks/node_modules_next_dist_compiled_react-dom_1e674e59._.js:2325
[  838644ms] [ERROR] Unable to preventDefault inside passive event listener invocation. @ http://localhost:3000/_next/static/chunks/node_modules_next_dist_compiled_react-dom_1e674e59._.js:2325
[  838708ms] [ERROR] Unable to preventDefault inside passive event listener invocation. @ http://localhost:3000/_next/static/chunks/node_modules_next_dist_compiled_react-dom_1e674e59._.js:2325
[  839063ms] [ERROR] Unable to preventDefault inside passive event listener invocation. @ http://localhost:3000/_next/static/chunks/node_modules_next_dist_compiled_react-dom_1e674e59._.js:2325
[  839073ms] [ERROR] Unable to preventDefault inside passive event listener invocation. @ http://localhost:3000/_next/static/chunks/node_modules_next_dist_compiled_react-dom_1e674e59._.js:2325
[  839084ms] [ERROR] Unable to preventDefault inside passive event listener invocation. @ http://localhost:3000/_next/static/chunks/node_modules_next_dist_compiled_react-dom_1e674e59._.js:2325
[  839093ms] [ERROR] Unable to preventDefault inside passive event listener invocation. @ http://localhost:3000/_next/static/chunks/node_modules_next_dist_compiled_react-dom_1e674e59._.js:2325
[  839102ms] [ERROR] Unable to preventDefault inside passive event listener invocation. @ http://localhost:3000/_next/static/chunks/node_modules_next_dist_compiled_react-dom_1e674e59._.js:2325
[  839106ms] [ERROR] Unable to preventDefault inside passive event listener invocation. @ http://localhost:3000/_next/static/chunks/node_modules_next_dist_compiled_react-dom_1e674e59._.js:2325
[  839327ms] [ERROR] Unable to preventDefault inside passive event listener invocation. @ http://localhost:3000/_next/static/chunks/node_modules_next_dist_compiled_react-dom_1e674e59._.js:2325
[  839345ms] [ERROR] Unable to preventDefault inside passive event listener invocation. @ http://localhost:3000/_next/static/chunks/node_modules_next_dist_compiled_react-dom_1e674e59._.js:2325
[  839369ms] [ERROR] Unable to preventDefault inside passive event listener invocation. @ http://localhost:3000/_next/static/chunks/node_modules_next_dist_compiled_react-dom_1e674e59._.js:2325
[  840592ms] [ERROR] Unable to preventDefault inside passive event listener invocation. @ http://localhost:3000/_next/static/chunks/node_modules_next_dist_compiled_react-dom_1e674e59._.js:2325
[  840636ms] [ERROR] Unable to preventDefault inside passive event listener invocation. @ http://localhost:3000/_next/static/chunks/node_modules_next_dist_compiled_react-dom_1e674e59._.js:2325
[  843646ms] [LOG] [cache-update] sid= null poleTags= 32 shapes= 0 @ http://localhost:3000/_next/static/chunks/node_modules_next_dist_f3530cac._.js:2297
[  843646ms] [WARNING] [cache-update] skipping save — no sessionId or db @ http://localhost:3000/_next/static/chunks/node_modules_next_dist_f3530cac._.js:2297
[  843646ms] [LOG] [cache-update] sid= null poleTags= 32 shapes= 0 @ http://localhost:3000/_next/static/chunks/node_modules_next_dist_f3530cac._.js:2297
[  843646ms] [WARNING] [cache-update] skipping save — no sessionId or db @ http://localhost:3000/_next/static/chunks/node_modules_next_dist_f3530cac._.js:2297
[  843646ms] [LOG] [cache-update] sid= null poleTags= 32 shapes= 0 @ http://localhost:3000/_next/static/chunks/node_modules_next_dist_f3530cac._.js:2297
[  843647ms] [WARNING] [cache-update] skipping save — no sessionId or db @ http://localhost:3000/_next/static/chunks/node_modules_next_dist_f3530cac._.js:2297
[  843647ms] [LOG] [cache-update] sid= null poleTags= 32 shapes= 0 @ http://localhost:3000/_next/static/chunks/node_modules_next_dist_f3530cac._.js:2297
[  843647ms] [WARNING] [cache-update] skipping save — no sessionId or db @ http://localhost:3000/_next/static/chunks/node_modules_next_dist_f3530cac._.js:2297
[  843699ms] [LOG] [cache-update] sid= null poleTags= 32 shapes= 0 @ http://localhost:3000/_next/static/chunks/node_modules_next_dist_f3530cac._.js:2297
[  843699ms] [WARNING] [cache-update] skipping save — no sessionId or db @ http://localhost:3000/_next/static/chunks/node_modules_next_dist_f3530cac._.js:2297
[  843701ms] [LOG] [cache-update] sid= null poleTags= 32 shapes= 0 @ http://localhost:3000/_next/static/chunks/node_modules_next_dist_f3530cac._.js:2297
[  843701ms] [WARNING] [cache-update] skipping save — no sessionId or db @ http://localhost:3000/_next/static/chunks/node_modules_next_dist_f3530cac._.js:2297
[  843703ms] [LOG] [cache-update] sid= null poleTags= 32 shapes= 0 @ http://localhost:3000/_next/static/chunks/node_modules_next_dist_f3530cac._.js:2297
[  843703ms] [WARNING] [cache-update] skipping save — no sessionId or db @ http://localhost:3000/_next/static/chunks/node_modules_next_dist_f3530cac._.js:2297
[  843704ms] [LOG] [cache-update] sid= null poleTags= 32 shapes= 0 @ http://localhost:3000/_next/static/chunks/node_modules_next_dist_f3530cac._.js:2297
[  843704ms] [WARNING] [cache-update] skipping save — no sessionId or db @ http://localhost:3000/_next/static/chunks/node_modules_next_dist_f3530cac._.js:2297
[  845075ms] [ERROR] Unable to preventDefault inside passive event listener invocation. @ http://localhost:3000/_next/static/chunks/node_modules_next_dist_compiled_react-dom_1e674e59._.js:2325
[  845091ms] [ERROR] Unable to preventDefault inside passive event listener invocation. @ http://localhost:3000/_next/static/chunks/node_modules_next_dist_compiled_react-dom_1e674e59._.js:2325
[  845111ms] [ERROR] Unable to preventDefault inside passive event listener invocation. @ http://localhost:3000/_next/static/chunks/node_modules_next_dist_compiled_react-dom_1e674e59._.js:2325
[  845139ms] [ERROR] Unable to preventDefault inside passive event listener invocation. @ http://localhost:3000/_next/static/chunks/node_modules_next_dist_compiled_react-dom_1e674e59._.js:2325
[  845342ms] [ERROR] Unable to preventDefault inside passive event listener invocation. @ http://localhost:3000/_next/static/chunks/node_modules_next_dist_compiled_react-dom_1e674e59._.js:2325
[  845369ms] [ERROR] Unable to preventDefault inside passive event listener invocation. @ http://localhost:3000/_next/static/chunks/node_modules_next_dist_compiled_react-dom_1e674e59._.js:2325
[  845417ms] [ERROR] Unable to preventDefault inside passive event listener invocation. @ http://localhost:3000/_next/static/chunks/node_modules_next_dist_compiled_react-dom_1e674e59._.js:2325
[  846794ms] [ERROR] Unable to preventDefault inside passive event listener invocation. @ http://localhost:3000/_next/static/chunks/node_modules_next_dist_compiled_react-dom_1e674e59._.js:2325
[  846826ms] [ERROR] Unable to preventDefault inside passive event listener invocation. @ http://localhost:3000/_next/static/chunks/node_modules_next_dist_compiled_react-dom_1e674e59._.js:2325
[  852369ms] [LOG] [cache-update] sid= null poleTags= 32 shapes= 0 @ http://localhost:3000/_next/static/chunks/node_modules_next_dist_f3530cac._.js:2297
[  852369ms] [WARNING] [cache-update] skipping save — no sessionId or db @ http://localhost:3000/_next/static/chunks/node_modules_next_dist_f3530cac._.js:2297
[  852369ms] [LOG] [cache-update] sid= null poleTags= 32 shapes= 0 @ http://localhost:3000/_next/static/chunks/node_modules_next_dist_f3530cac._.js:2297
[  852370ms] [WARNING] [cache-update] skipping save — no sessionId or db @ http://localhost:3000/_next/static/chunks/node_modules_next_dist_f3530cac._.js:2297
[  852370ms] [LOG] [cache-update] sid= null poleTags= 32 shapes= 0 @ http://localhost:3000/_next/static/chunks/node_modules_next_dist_f3530cac._.js:2297
[  852370ms] [WARNING] [cache-update] skipping save — no sessionId or db @ http://localhost:3000/_next/static/chunks/node_modules_next_dist_f3530cac._.js:2297
[  852370ms] [LOG] [cache-update] sid= null poleTags= 32 shapes= 0 @ http://localhost:3000/_next/static/chunks/node_modules_next_dist_f3530cac._.js:2297
[  852370ms] [WARNING] [cache-update] skipping save — no sessionId or db @ http://localhost:3000/_next/static/chunks/node_modules_next_dist_f3530cac._.js:2297
[  852418ms] [LOG] [cache-update] sid= null poleTags= 32 shapes= 0 @ http://localhost:3000/_next/static/chunks/node_modules_next_dist_f3530cac._.js:2297
[  852418ms] [WARNING] [cache-update] skipping save — no sessionId or db @ http://localhost:3000/_next/static/chunks/node_modules_next_dist_f3530cac._.js:2297
[  852420ms] [LOG] [cache-update] sid= null poleTags= 32 shapes= 0 @ http://localhost:3000/_next/static/chunks/node_modules_next_dist_f3530cac._.js:2297
[  852420ms] [WARNING] [cache-update] skipping save — no sessionId or db @ http://localhost:3000/_next/static/chunks/node_modules_next_dist_f3530cac._.js:2297
[  852422ms] [LOG] [cache-update] sid= null poleTags= 32 shapes= 0 @ http://localhost:3000/_next/static/chunks/node_modules_next_dist_f3530cac._.js:2297
[  852422ms] [WARNING] [cache-update] skipping save — no sessionId or db @ http://localhost:3000/_next/static/chunks/node_modules_next_dist_f3530cac._.js:2297
[  852424ms] [LOG] [cache-update] sid= null poleTags= 32 shapes= 0 @ http://localhost:3000/_next/static/chunks/node_modules_next_dist_f3530cac._.js:2297
[  852424ms] [WARNING] [cache-update] skipping save — no sessionId or db @ http://localhost:3000/_next/static/chunks/node_modules_next_dist_f3530cac._.js:2297
[  853373ms] [ERROR] Unable to preventDefault inside passive event listener invocation. @ http://localhost:3000/_next/static/chunks/node_modules_next_dist_compiled_react-dom_1e674e59._.js:2325
[  853425ms] [ERROR] Unable to preventDefault inside passive event listener invocation. @ http://localhost:3000/_next/static/chunks/node_modules_next_dist_compiled_react-dom_1e674e59._.js:2325
[  855145ms] [ERROR] Unable to preventDefault inside passive event listener invocation. @ http://localhost:3000/_next/static/chunks/node_modules_next_dist_compiled_react-dom_1e674e59._.js:2325
[  855171ms] [ERROR] Unable to preventDefault inside passive event listener invocation. @ http://localhost:3000/_next/static/chunks/node_modules_next_dist_compiled_react-dom_1e674e59._.js:2325
[  855196ms] [ERROR] Unable to preventDefault inside passive event listener invocation. @ http://localhost:3000/_next/static/chunks/node_modules_next_dist_compiled_react-dom_1e674e59._.js:2325
[  855219ms] [ERROR] Unable to preventDefault inside passive event listener invocation. @ http://localhost:3000/_next/static/chunks/node_modules_next_dist_compiled_react-dom_1e674e59._.js:2325
[  855429ms] [ERROR] Unable to preventDefault inside passive event listener invocation. @ http://localhost:3000/_next/static/chunks/node_modules_next_dist_compiled_react-dom_1e674e59._.js:2325
[  855467ms] [ERROR] Unable to preventDefault inside passive event listener invocation. @ http://localhost:3000/_next/static/chunks/node_modules_next_dist_compiled_react-dom_1e674e59._.js:2325
[  855514ms] [ERROR] Unable to preventDefault inside passive event listener invocation. @ http://localhost:3000/_next/static/chunks/node_modules_next_dist_compiled_react-dom_1e674e59._.js:2325
[  857142ms] [ERROR] Unable to preventDefault inside passive event listener invocation. @ http://localhost:3000/_next/static/chunks/node_modules_next_dist_compiled_react-dom_1e674e59._.js:2325
[  857169ms] [ERROR] Unable to preventDefault inside passive event listener invocation. @ http://localhost:3000/_next/static/chunks/node_modules_next_dist_compiled_react-dom_1e674e59._.js:2325
[  857456ms] [ERROR] Unable to preventDefault inside passive event listener invocation. @ http://localhost:3000/_next/static/chunks/node_modules_next_dist_compiled_react-dom_1e674e59._.js:2325
[  857485ms] [ERROR] Unable to preventDefault inside passive event listener invocation. @ http://localhost:3000/_next/static/chunks/node_modules_next_dist_compiled_react-dom_1e674e59._.js:2325
[  861055ms] [LOG] [cache-update] sid= null poleTags= 32 shapes= 0 @ http://localhost:3000/_next/static/chunks/node_modules_next_dist_f3530cac._.js:2297
[  861055ms] [WARNING] [cache-update] skipping save — no sessionId or db @ http://localhost:3000/_next/static/chunks/node_modules_next_dist_f3530cac._.js:2297
[  861056ms] [LOG] [cache-update] sid= null poleTags= 32 shapes= 0 @ http://localhost:3000/_next/static/chunks/node_modules_next_dist_f3530cac._.js:2297
[  861056ms] [WARNING] [cache-update] skipping save — no sessionId or db @ http://localhost:3000/_next/static/chunks/node_modules_next_dist_f3530cac._.js:2297
[  861056ms] [LOG] [cache-update] sid= null poleTags= 32 shapes= 0 @ http://localhost:3000/_next/static/chunks/node_modules_next_dist_f3530cac._.js:2297
[  861056ms] [WARNING] [cache-update] skipping save — no sessionId or db @ http://localhost:3000/_next/static/chunks/node_modules_next_dist_f3530cac._.js:2297
[  861056ms] [LOG] [cache-update] sid= null poleTags= 32 shapes= 0 @ http://localhost:3000/_next/static/chunks/node_modules_next_dist_f3530cac._.js:2297
[  861056ms] [WARNING] [cache-update] skipping save — no sessionId or db @ http://localhost:3000/_next/static/chunks/node_modules_next_dist_f3530cac._.js:2297
[  861106ms] [LOG] [cache-update] sid= null poleTags= 32 shapes= 0 @ http://localhost:3000/_next/static/chunks/node_modules_next_dist_f3530cac._.js:2297
[  861106ms] [WARNING] [cache-update] skipping save — no sessionId or db @ http://localhost:3000/_next/static/chunks/node_modules_next_dist_f3530cac._.js:2297
[  861108ms] [LOG] [cache-update] sid= null poleTags= 32 shapes= 0 @ http://localhost:3000/_next/static/chunks/node_modules_next_dist_f3530cac._.js:2297
[  861108ms] [WARNING] [cache-update] skipping save — no sessionId or db @ http://localhost:3000/_next/static/chunks/node_modules_next_dist_f3530cac._.js:2297
[  861110ms] [LOG] [cache-update] sid= null poleTags= 32 shapes= 0 @ http://localhost:3000/_next/static/chunks/node_modules_next_dist_f3530cac._.js:2297
[  861110ms] [WARNING] [cache-update] skipping save — no sessionId or db @ http://localhost:3000/_next/static/chunks/node_modules_next_dist_f3530cac._.js:2297
[  861112ms] [LOG] [cache-update] sid= null poleTags= 32 shapes= 0 @ http://localhost:3000/_next/static/chunks/node_modules_next_dist_f3530cac._.js:2297
[  861112ms] [WARNING] [cache-update] skipping save — no sessionId or db @ http://localhost:3000/_next/static/chunks/node_modules_next_dist_f3530cac._.js:2297
[  869109ms] [LOG] [cache-update] sid= null poleTags= 32 shapes= 0 @ http://localhost:3000/_next/static/chunks/node_modules_next_dist_f3530cac._.js:2297
[  869109ms] [WARNING] [cache-update] skipping save — no sessionId or db @ http://localhost:3000/_next/static/chunks/node_modules_next_dist_f3530cac._.js:2297
[  869111ms] [LOG] [cache-update] sid= null poleTags= 32 shapes= 0 @ http://localhost:3000/_next/static/chunks/node_modules_next_dist_f3530cac._.js:2297
[  869111ms] [WARNING] [cache-update] skipping save — no sessionId or db @ http://localhost:3000/_next/static/chunks/node_modules_next_dist_f3530cac._.js:2297
[  869111ms] [LOG] [cache-update] sid= null poleTags= 32 shapes= 0 @ http://localhost:3000/_next/static/chunks/node_modules_next_dist_f3530cac._.js:2297
[  869111ms] [WARNING] [cache-update] skipping save — no sessionId or db @ http://localhost:3000/_next/static/chunks/node_modules_next_dist_f3530cac._.js:2297
[  869112ms] [LOG] [cache-update] sid= null poleTags= 32 shapes= 0 @ http://localhost:3000/_next/static/chunks/node_modules_next_dist_f3530cac._.js:2297
[  869112ms] [WARNING] [cache-update] skipping save — no sessionId or db @ http://localhost:3000/_next/static/chunks/node_modules_next_dist_f3530cac._.js:2297
[  869162ms] [LOG] [cache-update] sid= null poleTags= 32 shapes= 0 @ http://localhost:3000/_next/static/chunks/node_modules_next_dist_f3530cac._.js:2297
[  869163ms] [WARNING] [cache-update] skipping save — no sessionId or db @ http://localhost:3000/_next/static/chunks/node_modules_next_dist_f3530cac._.js:2297
[  869166ms] [LOG] [cache-update] sid= null poleTags= 32 shapes= 0 @ http://localhost:3000/_next/static/chunks/node_modules_next_dist_f3530cac._.js:2297
[  869166ms] [WARNING] [cache-update] skipping save — no sessionId or db @ http://localhost:3000/_next/static/chunks/node_modules_next_dist_f3530cac._.js:2297
[  869169ms] [LOG] [cache-update] sid= null poleTags= 32 shapes= 0 @ http://localhost:3000/_next/static/chunks/node_modules_next_dist_f3530cac._.js:2297
[  869169ms] [WARNING] [cache-update] skipping save — no sessionId or db @ http://localhost:3000/_next/static/chunks/node_modules_next_dist_f3530cac._.js:2297
[  869172ms] [LOG] [cache-update] sid= null poleTags= 32 shapes= 0 @ http://localhost:3000/_next/static/chunks/node_modules_next_dist_f3530cac._.js:2297
[  869172ms] [WARNING] [cache-update] skipping save — no sessionId or db @ http://localhost:3000/_next/static/chunks/node_modules_next_dist_f3530cac._.js:2297
[  875578ms] [LOG] [cache-update] sid= null poleTags= 32 shapes= 0 @ http://localhost:3000/_next/static/chunks/node_modules_next_dist_f3530cac._.js:2297
[  875578ms] [WARNING] [cache-update] skipping save — no sessionId or db @ http://localhost:3000/_next/static/chunks/node_modules_next_dist_f3530cac._.js:2297
[  875578ms] [LOG] [cache-update] sid= null poleTags= 32 shapes= 0 @ http://localhost:3000/_next/static/chunks/node_modules_next_dist_f3530cac._.js:2297
[  875578ms] [WARNING] [cache-update] skipping save — no sessionId or db @ http://localhost:3000/_next/static/chunks/node_modules_next_dist_f3530cac._.js:2297
[  875579ms] [LOG] [cache-update] sid= null poleTags= 32 shapes= 0 @ http://localhost:3000/_next/static/chunks/node_modules_next_dist_f3530cac._.js:2297
[  875579ms] [WARNING] [cache-update] skipping save — no sessionId or db @ http://localhost:3000/_next/static/chunks/node_modules_next_dist_f3530cac._.js:2297
[  875579ms] [LOG] [cache-update] sid= null poleTags= 32 shapes= 0 @ http://localhost:3000/_next/static/chunks/node_modules_next_dist_f3530cac._.js:2297
[  875579ms] [WARNING] [cache-update] skipping save — no sessionId or db @ http://localhost:3000/_next/static/chunks/node_modules_next_dist_f3530cac._.js:2297
[  875633ms] [LOG] [cache-update] sid= null poleTags= 32 shapes= 0 @ http://localhost:3000/_next/static/chunks/node_modules_next_dist_f3530cac._.js:2297
[  875633ms] [WARNING] [cache-update] skipping save — no sessionId or db @ http://localhost:3000/_next/static/chunks/node_modules_next_dist_f3530cac._.js:2297
[  875635ms] [LOG] [cache-update] sid= null poleTags= 32 shapes= 0 @ http://localhost:3000/_next/static/chunks/node_modules_next_dist_f3530cac._.js:2297
[  875636ms] [WARNING] [cache-update] skipping save — no sessionId or db @ http://localhost:3000/_next/static/chunks/node_modules_next_dist_f3530cac._.js:2297
[  875638ms] [LOG] [cache-update] sid= null poleTags= 32 shapes= 0 @ http://localhost:3000/_next/static/chunks/node_modules_next_dist_f3530cac._.js:2297
[  875638ms] [WARNING] [cache-update] skipping save — no sessionId or db @ http://localhost:3000/_next/static/chunks/node_modules_next_dist_f3530cac._.js:2297
[  875640ms] [LOG] [cache-update] sid= null poleTags= 32 shapes= 0 @ http://localhost:3000/_next/static/chunks/node_modules_next_dist_f3530cac._.js:2297
[  875641ms] [WARNING] [cache-update] skipping save — no sessionId or db @ http://localhost:3000/_next/static/chunks/node_modules_next_dist_f3530cac._.js:2297
[  876428ms] [ERROR] Unable to preventDefault inside passive event listener invocation. @ http://localhost:3000/_next/static/chunks/node_modules_next_dist_compiled_react-dom_1e674e59._.js:2325
[  876448ms] [ERROR] Unable to preventDefault inside passive event listener invocation. @ http://localhost:3000/_next/static/chunks/node_modules_next_dist_compiled_react-dom_1e674e59._.js:2325
[  876460ms] [ERROR] Unable to preventDefault inside passive event listener invocation. @ http://localhost:3000/_next/static/chunks/node_modules_next_dist_compiled_react-dom_1e674e59._.js:2325
[  876472ms] [ERROR] Unable to preventDefault inside passive event listener invocation. @ http://localhost:3000/_next/static/chunks/node_modules_next_dist_compiled_react-dom_1e674e59._.js:2325
[  877202ms] [ERROR] Unable to preventDefault inside passive event listener invocation. @ http://localhost:3000/_next/static/chunks/node_modules_next_dist_compiled_react-dom_1e674e59._.js:2325
[  877971ms] [ERROR] Unable to preventDefault inside passive event listener invocation. @ http://localhost:3000/_next/static/chunks/node_modules_next_dist_compiled_react-dom_1e674e59._.js:2325
[  877987ms] [ERROR] Unable to preventDefault inside passive event listener invocation. @ http://localhost:3000/_next/static/chunks/node_modules_next_dist_compiled_react-dom_1e674e59._.js:2325
[  878010ms] [ERROR] Unable to preventDefault inside passive event listener invocation. @ http://localhost:3000/_next/static/chunks/node_modules_next_dist_compiled_react-dom_1e674e59._.js:2325
[  878034ms] [ERROR] Unable to preventDefault inside passive event listener invocation. @ http://localhost:3000/_next/static/chunks/node_modules_next_dist_compiled_react-dom_1e674e59._.js:2325
[  883045ms] [LOG] [cache-update] sid= null poleTags= 32 shapes= 0 @ http://localhost:3000/_next/static/chunks/node_modules_next_dist_f3530cac._.js:2297
[  883045ms] [WARNING] [cache-update] skipping save — no sessionId or db @ http://localhost:3000/_next/static/chunks/node_modules_next_dist_f3530cac._.js:2297
[  883045ms] [LOG] [cache-update] sid= null poleTags= 32 shapes= 0 @ http://localhost:3000/_next/static/chunks/node_modules_next_dist_f3530cac._.js:2297
[  883045ms] [WARNING] [cache-update] skipping save — no sessionId or db @ http://localhost:3000/_next/static/chunks/node_modules_next_dist_f3530cac._.js:2297
[  883045ms] [LOG] [cache-update] sid= null poleTags= 32 shapes= 0 @ http://localhost:3000/_next/static/chunks/node_modules_next_dist_f3530cac._.js:2297
[  883046ms] [WARNING] [cache-update] skipping save — no sessionId or db @ http://localhost:3000/_next/static/chunks/node_modules_next_dist_f3530cac._.js:2297
[  883046ms] [LOG] [cache-update] sid= null poleTags= 32 shapes= 0 @ http://localhost:3000/_next/static/chunks/node_modules_next_dist_f3530cac._.js:2297
[  883046ms] [WARNING] [cache-update] skipping save — no sessionId or db @ http://localhost:3000/_next/static/chunks/node_modules_next_dist_f3530cac._.js:2297
[  883095ms] [LOG] [cache-update] sid= null poleTags= 32 shapes= 0 @ http://localhost:3000/_next/static/chunks/node_modules_next_dist_f3530cac._.js:2297
[  883096ms] [WARNING] [cache-update] skipping save — no sessionId or db @ http://localhost:3000/_next/static/chunks/node_modules_next_dist_f3530cac._.js:2297
[  883097ms] [LOG] [cache-update] sid= null poleTags= 32 shapes= 0 @ http://localhost:3000/_next/static/chunks/node_modules_next_dist_f3530cac._.js:2297
[  883098ms] [WARNING] [cache-update] skipping save — no sessionId or db @ http://localhost:3000/_next/static/chunks/node_modules_next_dist_f3530cac._.js:2297
[  883099ms] [LOG] [cache-update] sid= null poleTags= 32 shapes= 0 @ http://localhost:3000/_next/static/chunks/node_modules_next_dist_f3530cac._.js:2297
[  883100ms] [WARNING] [cache-update] skipping save — no sessionId or db @ http://localhost:3000/_next/static/chunks/node_modules_next_dist_f3530cac._.js:2297
[  883101ms] [LOG] [cache-update] sid= null poleTags= 32 shapes= 0 @ http://localhost:3000/_next/static/chunks/node_modules_next_dist_f3530cac._.js:2297
[  883101ms] [WARNING] [cache-update] skipping save — no sessionId or db @ http://localhost:3000/_next/static/chunks/node_modules_next_dist_f3530cac._.js:2297
[  883835ms] [ERROR] Unable to preventDefault inside passive event listener invocation. @ http://localhost:3000/_next/static/chunks/node_modules_next_dist_compiled_react-dom_1e674e59._.js:2325
[  883852ms] [ERROR] Unable to preventDefault inside passive event listener invocation. @ http://localhost:3000/_next/static/chunks/node_modules_next_dist_compiled_react-dom_1e674e59._.js:2325
[  883869ms] [ERROR] Unable to preventDefault inside passive event listener invocation. @ http://localhost:3000/_next/static/chunks/node_modules_next_dist_compiled_react-dom_1e674e59._.js:2325
[  883896ms] [ERROR] Unable to preventDefault inside passive event listener invocation. @ http://localhost:3000/_next/static/chunks/node_modules_next_dist_compiled_react-dom_1e674e59._.js:2325
[  891768ms] [LOG] [cache-update] sid= null poleTags= 32 shapes= 0 @ http://localhost:3000/_next/static/chunks/node_modules_next_dist_f3530cac._.js:2297
[  891768ms] [WARNING] [cache-update] skipping save — no sessionId or db @ http://localhost:3000/_next/static/chunks/node_modules_next_dist_f3530cac._.js:2297
[  891769ms] [LOG] [cache-update] sid= null poleTags= 32 shapes= 0 @ http://localhost:3000/_next/static/chunks/node_modules_next_dist_f3530cac._.js:2297
[  891769ms] [WARNING] [cache-update] skipping save — no sessionId or db @ http://localhost:3000/_next/static/chunks/node_modules_next_dist_f3530cac._.js:2297
[  891769ms] [LOG] [cache-update] sid= null poleTags= 32 shapes= 0 @ http://localhost:3000/_next/static/chunks/node_modules_next_dist_f3530cac._.js:2297
[  891769ms] [WARNING] [cache-update] skipping save — no sessionId or db @ http://localhost:3000/_next/static/chunks/node_modules_next_dist_f3530cac._.js:2297
[  891769ms] [LOG] [cache-update] sid= null poleTags= 32 shapes= 0 @ http://localhost:3000/_next/static/chunks/node_modules_next_dist_f3530cac._.js:2297
[  891769ms] [WARNING] [cache-update] skipping save — no sessionId or db @ http://localhost:3000/_next/static/chunks/node_modules_next_dist_f3530cac._.js:2297
[  891843ms] [LOG] [cache-update] sid= null poleTags= 32 shapes= 0 @ http://localhost:3000/_next/static/chunks/node_modules_next_dist_f3530cac._.js:2297
[  891843ms] [WARNING] [cache-update] skipping save — no sessionId or db @ http://localhost:3000/_next/static/chunks/node_modules_next_dist_f3530cac._.js:2297
[  891846ms] [LOG] [cache-update] sid= null poleTags= 32 shapes= 0 @ http://localhost:3000/_next/static/chunks/node_modules_next_dist_f3530cac._.js:2297
[  891847ms] [WARNING] [cache-update] skipping save — no sessionId or db @ http://localhost:3000/_next/static/chunks/node_modules_next_dist_f3530cac._.js:2297
[  891849ms] [LOG] [cache-update] sid= null poleTags= 32 shapes= 0 @ http://localhost:3000/_next/static/chunks/node_modules_next_dist_f3530cac._.js:2297
[  891849ms] [WARNING] [cache-update] skipping save — no sessionId or db @ http://localhost:3000/_next/static/chunks/node_modules_next_dist_f3530cac._.js:2297
[  891852ms] [LOG] [cache-update] sid= null poleTags= 32 shapes= 0 @ http://localhost:3000/_next/static/chunks/node_modules_next_dist_f3530cac._.js:2297
[  891852ms] [WARNING] [cache-update] skipping save — no sessionId or db @ http://localhost:3000/_next/static/chunks/node_modules_next_dist_f3530cac._.js:2297
[  900091ms] [LOG] [cache-update] sid= null poleTags= 32 shapes= 0 @ http://localhost:3000/_next/static/chunks/node_modules_next_dist_f3530cac._.js:2297
[  900091ms] [WARNING] [cache-update] skipping save — no sessionId or db @ http://localhost:3000/_next/static/chunks/node_modules_next_dist_f3530cac._.js:2297
[  900091ms] [LOG] [cache-update] sid= null poleTags= 32 shapes= 0 @ http://localhost:3000/_next/static/chunks/node_modules_next_dist_f3530cac._.js:2297
[  900091ms] [WARNING] [cache-update] skipping save — no sessionId or db @ http://localhost:3000/_next/static/chunks/node_modules_next_dist_f3530cac._.js:2297
[  900091ms] [LOG] [cache-update] sid= null poleTags= 32 shapes= 0 @ http://localhost:3000/_next/static/chunks/node_modules_next_dist_f3530cac._.js:2297
[  900092ms] [WARNING] [cache-update] skipping save — no sessionId or db @ http://localhost:3000/_next/static/chunks/node_modules_next_dist_f3530cac._.js:2297
[  900092ms] [LOG] [cache-update] sid= null poleTags= 32 shapes= 0 @ http://localhost:3000/_next/static/chunks/node_modules_next_dist_f3530cac._.js:2297
[  900092ms] [WARNING] [cache-update] skipping save — no sessionId or db @ http://localhost:3000/_next/static/chunks/node_modules_next_dist_f3530cac._.js:2297
[  900148ms] [LOG] [cache-update] sid= null poleTags= 32 shapes= 0 @ http://localhost:3000/_next/static/chunks/node_modules_next_dist_f3530cac._.js:2297
[  900149ms] [WARNING] [cache-update] skipping save — no sessionId or db @ http://localhost:3000/_next/static/chunks/node_modules_next_dist_f3530cac._.js:2297
[  900151ms] [LOG] [cache-update] sid= null poleTags= 32 shapes= 0 @ http://localhost:3000/_next/static/chunks/node_modules_next_dist_f3530cac._.js:2297
[  900151ms] [WARNING] [cache-update] skipping save — no sessionId or db @ http://localhost:3000/_next/static/chunks/node_modules_next_dist_f3530cac._.js:2297
[  900153ms] [LOG] [cache-update] sid= null poleTags= 32 shapes= 0 @ http://localhost:3000/_next/static/chunks/node_modules_next_dist_f3530cac._.js:2297
[  900153ms] [WARNING] [cache-update] skipping save — no sessionId or db @ http://localhost:3000/_next/static/chunks/node_modules_next_dist_f3530cac._.js:2297
[  900155ms] [LOG] [cache-update] sid= null poleTags= 32 shapes= 0 @ http://localhost:3000/_next/static/chunks/node_modules_next_dist_f3530cac._.js:2297
[  900156ms] [WARNING] [cache-update] skipping save — no sessionId or db @ http://localhost:3000/_next/static/chunks/node_modules_next_dist_f3530cac._.js:2297
[  901031ms] [ERROR] Unable to preventDefault inside passive event listener invocation. @ http://localhost:3000/_next/static/chunks/node_modules_next_dist_compiled_react-dom_1e674e59._.js:2325
[  901073ms] [ERROR] Unable to preventDefault inside passive event listener invocation. @ http://localhost:3000/_next/static/chunks/node_modules_next_dist_compiled_react-dom_1e674e59._.js:2325
[  901140ms] [ERROR] Unable to preventDefault inside passive event listener invocation. @ http://localhost:3000/_next/static/chunks/node_modules_next_dist_compiled_react-dom_1e674e59._.js:2325
[  906093ms] [LOG] [cache-update] sid= null poleTags= 32 shapes= 0 @ http://localhost:3000/_next/static/chunks/node_modules_next_dist_f3530cac._.js:2297
[  906094ms] [WARNING] [cache-update] skipping save — no sessionId or db @ http://localhost:3000/_next/static/chunks/node_modules_next_dist_f3530cac._.js:2297
[  906094ms] [LOG] [cache-update] sid= null poleTags= 32 shapes= 0 @ http://localhost:3000/_next/static/chunks/node_modules_next_dist_f3530cac._.js:2297
[  906094ms] [WARNING] [cache-update] skipping save — no sessionId or db @ http://localhost:3000/_next/static/chunks/node_modules_next_dist_f3530cac._.js:2297
[  906094ms] [LOG] [cache-update] sid= null poleTags= 32 shapes= 0 @ http://localhost:3000/_next/static/chunks/node_modules_next_dist_f3530cac._.js:2297
[  906095ms] [WARNING] [cache-update] skipping save — no sessionId or db @ http://localhost:3000/_next/static/chunks/node_modules_next_dist_f3530cac._.js:2297
[  906095ms] [LOG] [cache-update] sid= null poleTags= 32 shapes= 0 @ http://localhost:3000/_next/static/chunks/node_modules_next_dist_f3530cac._.js:2297
[  906095ms] [WARNING] [cache-update] skipping save — no sessionId or db @ http://localhost:3000/_next/static/chunks/node_modules_next_dist_f3530cac._.js:2297
[  906152ms] [LOG] [cache-update] sid= null poleTags= 32 shapes= 0 @ http://localhost:3000/_next/static/chunks/node_modules_next_dist_f3530cac._.js:2297
[  906152ms] [WARNING] [cache-update] skipping save — no sessionId or db @ http://localhost:3000/_next/static/chunks/node_modules_next_dist_f3530cac._.js:2297
[  906154ms] [LOG] [cache-update] sid= null poleTags= 32 shapes= 0 @ http://localhost:3000/_next/static/chunks/node_modules_next_dist_f3530cac._.js:2297
[  906154ms] [WARNING] [cache-update] skipping save — no sessionId or db @ http://localhost:3000/_next/static/chunks/node_modules_next_dist_f3530cac._.js:2297
[  906156ms] [LOG] [cache-update] sid= null poleTags= 32 shapes= 0 @ http://localhost:3000/_next/static/chunks/node_modules_next_dist_f3530cac._.js:2297
[  906156ms] [WARNING] [cache-update] skipping save — no sessionId or db @ http://localhost:3000/_next/static/chunks/node_modules_next_dist_f3530cac._.js:2297
[  906158ms] [LOG] [cache-update] sid= null poleTags= 32 shapes= 0 @ http://localhost:3000/_next/static/chunks/node_modules_next_dist_f3530cac._.js:2297
[  906158ms] [WARNING] [cache-update] skipping save — no sessionId or db @ http://localhost:3000/_next/static/chunks/node_modules_next_dist_f3530cac._.js:2297
[  907435ms] [ERROR] Unable to preventDefault inside passive event listener invocation. @ http://localhost:3000/_next/static/chunks/node_modules_next_dist_compiled_react-dom_1e674e59._.js:2325
[  907457ms] [ERROR] Unable to preventDefault inside passive event listener invocation. @ http://localhost:3000/_next/static/chunks/node_modules_next_dist_compiled_react-dom_1e674e59._.js:2325
[  907480ms] [ERROR] Unable to preventDefault inside passive event listener invocation. @ http://localhost:3000/_next/static/chunks/node_modules_next_dist_compiled_react-dom_1e674e59._.js:2325
[  907516ms] [ERROR] Unable to preventDefault inside passive event listener invocation. @ http://localhost:3000/_next/static/chunks/node_modules_next_dist_compiled_react-dom_1e674e59._.js:2325
[  907730ms] [ERROR] Unable to preventDefault inside passive event listener invocation. @ http://localhost:3000/_next/static/chunks/node_modules_next_dist_compiled_react-dom_1e674e59._.js:2325
[  907761ms] [ERROR] Unable to preventDefault inside passive event listener invocation. @ http://localhost:3000/_next/static/chunks/node_modules_next_dist_compiled_react-dom_1e674e59._.js:2325
[  913022ms] [LOG] [cache-update] sid= null poleTags= 32 shapes= 0 @ http://localhost:3000/_next/static/chunks/node_modules_next_dist_f3530cac._.js:2297
[  913022ms] [WARNING] [cache-update] skipping save — no sessionId or db @ http://localhost:3000/_next/static/chunks/node_modules_next_dist_f3530cac._.js:2297
[  913022ms] [LOG] [cache-update] sid= null poleTags= 32 shapes= 0 @ http://localhost:3000/_next/static/chunks/node_modules_next_dist_f3530cac._.js:2297
[  913022ms] [WARNING] [cache-update] skipping save — no sessionId or db @ http://localhost:3000/_next/static/chunks/node_modules_next_dist_f3530cac._.js:2297
[  913023ms] [LOG] [cache-update] sid= null poleTags= 32 shapes= 0 @ http://localhost:3000/_next/static/chunks/node_modules_next_dist_f3530cac._.js:2297
[  913023ms] [WARNING] [cache-update] skipping save — no sessionId or db @ http://localhost:3000/_next/static/chunks/node_modules_next_dist_f3530cac._.js:2297
[  913023ms] [LOG] [cache-update] sid= null poleTags= 32 shapes= 0 @ http://localhost:3000/_next/static/chunks/node_modules_next_dist_f3530cac._.js:2297
[  913023ms] [WARNING] [cache-update] skipping save — no sessionId or db @ http://localhost:3000/_next/static/chunks/node_modules_next_dist_f3530cac._.js:2297
[  913076ms] [LOG] [cache-update] sid= null poleTags= 32 shapes= 0 @ http://localhost:3000/_next/static/chunks/node_modules_next_dist_f3530cac._.js:2297
[  913076ms] [WARNING] [cache-update] skipping save — no sessionId or db @ http://localhost:3000/_next/static/chunks/node_modules_next_dist_f3530cac._.js:2297
[  913078ms] [LOG] [cache-update] sid= null poleTags= 32 shapes= 0 @ http://localhost:3000/_next/static/chunks/node_modules_next_dist_f3530cac._.js:2297
[  913078ms] [WARNING] [cache-update] skipping save — no sessionId or db @ http://localhost:3000/_next/static/chunks/node_modules_next_dist_f3530cac._.js:2297
[  913080ms] [LOG] [cache-update] sid= null poleTags= 32 shapes= 0 @ http://localhost:3000/_next/static/chunks/node_modules_next_dist_f3530cac._.js:2297
[  913081ms] [WARNING] [cache-update] skipping save — no sessionId or db @ http://localhost:3000/_next/static/chunks/node_modules_next_dist_f3530cac._.js:2297
[  913082ms] [LOG] [cache-update] sid= null poleTags= 32 shapes= 0 @ http://localhost:3000/_next/static/chunks/node_modules_next_dist_f3530cac._.js:2297
[  913082ms] [WARNING] [cache-update] skipping save — no sessionId or db @ http://localhost:3000/_next/static/chunks/node_modules_next_dist_f3530cac._.js:2297
[  915435ms] [ERROR] Unable to preventDefault inside passive event listener invocation. @ http://localhost:3000/_next/static/chunks/node_modules_next_dist_compiled_react-dom_1e674e59._.js:2325
[  915471ms] [ERROR] Unable to preventDefault inside passive event listener invocation. @ http://localhost:3000/_next/static/chunks/node_modules_next_dist_compiled_react-dom_1e674e59._.js:2325
[  915497ms] [ERROR] Unable to preventDefault inside passive event listener invocation. @ http://localhost:3000/_next/static/chunks/node_modules_next_dist_compiled_react-dom_1e674e59._.js:2325
[  921444ms] [LOG] [cache-update] sid= null poleTags= 32 shapes= 0 @ http://localhost:3000/_next/static/chunks/node_modules_next_dist_f3530cac._.js:2297
[  921445ms] [WARNING] [cache-update] skipping save — no sessionId or db @ http://localhost:3000/_next/static/chunks/node_modules_next_dist_f3530cac._.js:2297
[  921445ms] [LOG] [cache-update] sid= null poleTags= 32 shapes= 0 @ http://localhost:3000/_next/static/chunks/node_modules_next_dist_f3530cac._.js:2297
[  921445ms] [WARNING] [cache-update] skipping save — no sessionId or db @ http://localhost:3000/_next/static/chunks/node_modules_next_dist_f3530cac._.js:2297
[  921445ms] [LOG] [cache-update] sid= null poleTags= 32 shapes= 0 @ http://localhost:3000/_next/static/chunks/node_modules_next_dist_f3530cac._.js:2297
[  921446ms] [WARNING] [cache-update] skipping save — no sessionId or db @ http://localhost:3000/_next/static/chunks/node_modules_next_dist_f3530cac._.js:2297
[  921446ms] [LOG] [cache-update] sid= null poleTags= 32 shapes= 0 @ http://localhost:3000/_next/static/chunks/node_modules_next_dist_f3530cac._.js:2297
[  921446ms] [WARNING] [cache-update] skipping save — no sessionId or db @ http://localhost:3000/_next/static/chunks/node_modules_next_dist_f3530cac._.js:2297
[  921506ms] [LOG] [cache-update] sid= null poleTags= 32 shapes= 0 @ http://localhost:3000/_next/static/chunks/node_modules_next_dist_f3530cac._.js:2297
[  921507ms] [WARNING] [cache-update] skipping save — no sessionId or db @ http://localhost:3000/_next/static/chunks/node_modules_next_dist_f3530cac._.js:2297
[  921508ms] [LOG] [cache-update] sid= null poleTags= 32 shapes= 0 @ http://localhost:3000/_next/static/chunks/node_modules_next_dist_f3530cac._.js:2297
[  921508ms] [WARNING] [cache-update] skipping save — no sessionId or db @ http://localhost:3000/_next/static/chunks/node_modules_next_dist_f3530cac._.js:2297
[  921510ms] [LOG] [cache-update] sid= null poleTags= 32 shapes= 0 @ http://localhost:3000/_next/static/chunks/node_modules_next_dist_f3530cac._.js:2297
[  921511ms] [WARNING] [cache-update] skipping save — no sessionId or db @ http://localhost:3000/_next/static/chunks/node_modules_next_dist_f3530cac._.js:2297
[  921512ms] [LOG] [cache-update] sid= null poleTags= 32 shapes= 0 @ http://localhost:3000/_next/static/chunks/node_modules_next_dist_f3530cac._.js:2297
[  921513ms] [WARNING] [cache-update] skipping save — no sessionId or db @ http://localhost:3000/_next/static/chunks/node_modules_next_dist_f3530cac._.js:2297
[  926822ms] [LOG] [cache-update] sid= null poleTags= 32 shapes= 0 @ http://localhost:3000/_next/static/chunks/node_modules_next_dist_f3530cac._.js:2297
[  926822ms] [WARNING] [cache-update] skipping save — no sessionId or db @ http://localhost:3000/_next/static/chunks/node_modules_next_dist_f3530cac._.js:2297
[  926822ms] [LOG] [cache-update] sid= null poleTags= 32 shapes= 0 @ http://localhost:3000/_next/static/chunks/node_modules_next_dist_f3530cac._.js:2297
[  926823ms] [WARNING] [cache-update] skipping save — no sessionId or db @ http://localhost:3000/_next/static/chunks/node_modules_next_dist_f3530cac._.js:2297
[  926823ms] [LOG] [cache-update] sid= null poleTags= 32 shapes= 0 @ http://localhost:3000/_next/static/chunks/node_modules_next_dist_f3530cac._.js:2297
[  926824ms] [WARNING] [cache-update] skipping save — no sessionId or db @ http://localhost:3000/_next/static/chunks/node_modules_next_dist_f3530cac._.js:2297
[  926824ms] [LOG] [cache-update] sid= null poleTags= 32 shapes= 0 @ http://localhost:3000/_next/static/chunks/node_modules_next_dist_f3530cac._.js:2297
[  926824ms] [WARNING] [cache-update] skipping save — no sessionId or db @ http://localhost:3000/_next/static/chunks/node_modules_next_dist_f3530cac._.js:2297
[  926883ms] [LOG] [cache-update] sid= null poleTags= 32 shapes= 0 @ http://localhost:3000/_next/static/chunks/node_modules_next_dist_f3530cac._.js:2297
[  926883ms] [WARNING] [cache-update] skipping save — no sessionId or db @ http://localhost:3000/_next/static/chunks/node_modules_next_dist_f3530cac._.js:2297
[  926885ms] [LOG] [cache-update] sid= null poleTags= 32 shapes= 0 @ http://localhost:3000/_next/static/chunks/node_modules_next_dist_f3530cac._.js:2297
[  926885ms] [WARNING] [cache-update] skipping save — no sessionId or db @ http://localhost:3000/_next/static/chunks/node_modules_next_dist_f3530cac._.js:2297
[  926887ms] [LOG] [cache-update] sid= null poleTags= 32 shapes= 0 @ http://localhost:3000/_next/static/chunks/node_modules_next_dist_f3530cac._.js:2297
[  926887ms] [WARNING] [cache-update] skipping save — no sessionId or db @ http://localhost:3000/_next/static/chunks/node_modules_next_dist_f3530cac._.js:2297
[  926889ms] [LOG] [cache-update] sid= null poleTags= 32 shapes= 0 @ http://localhost:3000/_next/static/chunks/node_modules_next_dist_f3530cac._.js:2297
[  926889ms] [WARNING] [cache-update] skipping save — no sessionId or db @ http://localhost:3000/_next/static/chunks/node_modules_next_dist_f3530cac._.js:2297
[  932042ms] [LOG] [cache-update] sid= null poleTags= 32 shapes= 0 @ http://localhost:3000/_next/static/chunks/node_modules_next_dist_f3530cac._.js:2297
[  932042ms] [WARNING] [cache-update] skipping save — no sessionId or db @ http://localhost:3000/_next/static/chunks/node_modules_next_dist_f3530cac._.js:2297
[  932042ms] [LOG] [cache-update] sid= null poleTags= 32 shapes= 0 @ http://localhost:3000/_next/static/chunks/node_modules_next_dist_f3530cac._.js:2297
[  932043ms] [WARNING] [cache-update] skipping save — no sessionId or db @ http://localhost:3000/_next/static/chunks/node_modules_next_dist_f3530cac._.js:2297
[  932043ms] [LOG] [cache-update] sid= null poleTags= 32 shapes= 0 @ http://localhost:3000/_next/static/chunks/node_modules_next_dist_f3530cac._.js:2297
[  932043ms] [WARNING] [cache-update] skipping save — no sessionId or db @ http://localhost:3000/_next/static/chunks/node_modules_next_dist_f3530cac._.js:2297
[  932043ms] [LOG] [cache-update] sid= null poleTags= 32 shapes= 0 @ http://localhost:3000/_next/static/chunks/node_modules_next_dist_f3530cac._.js:2297
[  932043ms] [WARNING] [cache-update] skipping save — no sessionId or db @ http://localhost:3000/_next/static/chunks/node_modules_next_dist_f3530cac._.js:2297
[  932094ms] [LOG] [cache-update] sid= null poleTags= 32 shapes= 0 @ http://localhost:3000/_next/static/chunks/node_modules_next_dist_f3530cac._.js:2297
[  932095ms] [WARNING] [cache-update] skipping save — no sessionId or db @ http://localhost:3000/_next/static/chunks/node_modules_next_dist_f3530cac._.js:2297
[  932097ms] [LOG] [cache-update] sid= null poleTags= 32 shapes= 0 @ http://localhost:3000/_next/static/chunks/node_modules_next_dist_f3530cac._.js:2297
[  932097ms] [WARNING] [cache-update] skipping save — no sessionId or db @ http://localhost:3000/_next/static/chunks/node_modules_next_dist_f3530cac._.js:2297
[  932099ms] [LOG] [cache-update] sid= null poleTags= 32 shapes= 0 @ http://localhost:3000/_next/static/chunks/node_modules_next_dist_f3530cac._.js:2297
[  932099ms] [WARNING] [cache-update] skipping save — no sessionId or db @ http://localhost:3000/_next/static/chunks/node_modules_next_dist_f3530cac._.js:2297
[  932101ms] [LOG] [cache-update] sid= null poleTags= 32 shapes= 0 @ http://localhost:3000/_next/static/chunks/node_modules_next_dist_f3530cac._.js:2297
[  932101ms] [WARNING] [cache-update] skipping save — no sessionId or db @ http://localhost:3000/_next/static/chunks/node_modules_next_dist_f3530cac._.js:2297
[  936894ms] [LOG] [cache-update] sid= null poleTags= 32 shapes= 0 @ http://localhost:3000/_next/static/chunks/node_modules_next_dist_f3530cac._.js:2297
[  936894ms] [WARNING] [cache-update] skipping save — no sessionId or db @ http://localhost:3000/_next/static/chunks/node_modules_next_dist_f3530cac._.js:2297
[  936894ms] [LOG] [cache-update] sid= null poleTags= 32 shapes= 0 @ http://localhost:3000/_next/static/chunks/node_modules_next_dist_f3530cac._.js:2297
[  936895ms] [WARNING] [cache-update] skipping save — no sessionId or db @ http://localhost:3000/_next/static/chunks/node_modules_next_dist_f3530cac._.js:2297
[  936895ms] [LOG] [cache-update] sid= null poleTags= 32 shapes= 0 @ http://localhost:3000/_next/static/chunks/node_modules_next_dist_f3530cac._.js:2297
[  936895ms] [WARNING] [cache-update] skipping save — no sessionId or db @ http://localhost:3000/_next/static/chunks/node_modules_next_dist_f3530cac._.js:2297
[  936895ms] [LOG] [cache-update] sid= null poleTags= 32 shapes= 0 @ http://localhost:3000/_next/static/chunks/node_modules_next_dist_f3530cac._.js:2297
[  936895ms] [WARNING] [cache-update] skipping save — no sessionId or db @ http://localhost:3000/_next/static/chunks/node_modules_next_dist_f3530cac._.js:2297
[  936948ms] [LOG] [cache-update] sid= null poleTags= 32 shapes= 0 @ http://localhost:3000/_next/static/chunks/node_modules_next_dist_f3530cac._.js:2297
[  936949ms] [WARNING] [cache-update] skipping save — no sessionId or db @ http://localhost:3000/_next/static/chunks/node_modules_next_dist_f3530cac._.js:2297
[  936951ms] [LOG] [cache-update] sid= null poleTags= 32 shapes= 0 @ http://localhost:3000/_next/static/chunks/node_modules_next_dist_f3530cac._.js:2297
[  936951ms] [WARNING] [cache-update] skipping save — no sessionId or db @ http://localhost:3000/_next/static/chunks/node_modules_next_dist_f3530cac._.js:2297
[  936952ms] [LOG] [cache-update] sid= null poleTags= 32 shapes= 0 @ http://localhost:3000/_next/static/chunks/node_modules_next_dist_f3530cac._.js:2297
[  936953ms] [WARNING] [cache-update] skipping save — no sessionId or db @ http://localhost:3000/_next/static/chunks/node_modules_next_dist_f3530cac._.js:2297
[  936954ms] [LOG] [cache-update] sid= null poleTags= 32 shapes= 0 @ http://localhost:3000/_next/static/chunks/node_modules_next_dist_f3530cac._.js:2297
[  936954ms] [WARNING] [cache-update] skipping save — no sessionId or db @ http://localhost:3000/_next/static/chunks/node_modules_next_dist_f3530cac._.js:2297
[  943036ms] [LOG] [cache-update] sid= null poleTags= 32 shapes= 0 @ http://localhost:3000/_next/static/chunks/node_modules_next_dist_f3530cac._.js:2297
[  943036ms] [WARNING] [cache-update] skipping save — no sessionId or db @ http://localhost:3000/_next/static/chunks/node_modules_next_dist_f3530cac._.js:2297
[  943037ms] [LOG] [cache-update] sid= null poleTags= 32 shapes= 0 @ http://localhost:3000/_next/static/chunks/node_modules_next_dist_f3530cac._.js:2297
[  943037ms] [WARNING] [cache-update] skipping save — no sessionId or db @ http://localhost:3000/_next/static/chunks/node_modules_next_dist_f3530cac._.js:2297
[  943037ms] [LOG] [cache-update] sid= null poleTags= 32 shapes= 0 @ http://localhost:3000/_next/static/chunks/node_modules_next_dist_f3530cac._.js:2297
[  943037ms] [WARNING] [cache-update] skipping save — no sessionId or db @ http://localhost:3000/_next/static/chunks/node_modules_next_dist_f3530cac._.js:2297
[  943037ms] [LOG] [cache-update] sid= null poleTags= 32 shapes= 0 @ http://localhost:3000/_next/static/chunks/node_modules_next_dist_f3530cac._.js:2297
[  943037ms] [WARNING] [cache-update] skipping save — no sessionId or db @ http://localhost:3000/_next/static/chunks/node_modules_next_dist_f3530cac._.js:2297
[  943089ms] [LOG] [cache-update] sid= null poleTags= 32 shapes= 0 @ http://localhost:3000/_next/static/chunks/node_modules_next_dist_f3530cac._.js:2297
[  943090ms] [WARNING] [cache-update] skipping save — no sessionId or db @ http://localhost:3000/_next/static/chunks/node_modules_next_dist_f3530cac._.js:2297
[  943092ms] [LOG] [cache-update] sid= null poleTags= 32 shapes= 0 @ http://localhost:3000/_next/static/chunks/node_modules_next_dist_f3530cac._.js:2297
[  943092ms] [WARNING] [cache-update] skipping save — no sessionId or db @ http://localhost:3000/_next/static/chunks/node_modules_next_dist_f3530cac._.js:2297
[  943095ms] [LOG] [cache-update] sid= null poleTags= 32 shapes= 0 @ http://localhost:3000/_next/static/chunks/node_modules_next_dist_f3530cac._.js:2297
[  943095ms] [WARNING] [cache-update] skipping save — no sessionId or db @ http://localhost:3000/_next/static/chunks/node_modules_next_dist_f3530cac._.js:2297
[  943098ms] [LOG] [cache-update] sid= null poleTags= 32 shapes= 0 @ http://localhost:3000/_next/static/chunks/node_modules_next_dist_f3530cac._.js:2297
[  943098ms] [WARNING] [cache-update] skipping save — no sessionId or db @ http://localhost:3000/_next/static/chunks/node_modules_next_dist_f3530cac._.js:2297
[  949744ms] [LOG] [cache-update] sid= null poleTags= 32 shapes= 0 @ http://localhost:3000/_next/static/chunks/node_modules_next_dist_f3530cac._.js:2297
[  949744ms] [WARNING] [cache-update] skipping save — no sessionId or db @ http://localhost:3000/_next/static/chunks/node_modules_next_dist_f3530cac._.js:2297
[  949746ms] [LOG] [cache-update] sid= null poleTags= 32 shapes= 0 @ http://localhost:3000/_next/static/chunks/node_modules_next_dist_f3530cac._.js:2297
[  949746ms] [WARNING] [cache-update] skipping save — no sessionId or db @ http://localhost:3000/_next/static/chunks/node_modules_next_dist_f3530cac._.js:2297
[  949746ms] [LOG] [cache-update] sid= null poleTags= 32 shapes= 0 @ http://localhost:3000/_next/static/chunks/node_modules_next_dist_f3530cac._.js:2297
[  949747ms] [WARNING] [cache-update] skipping save — no sessionId or db @ http://localhost:3000/_next/static/chunks/node_modules_next_dist_f3530cac._.js:2297
[  949747ms] [LOG] [cache-update] sid= null poleTags= 32 shapes= 0 @ http://localhost:3000/_next/static/chunks/node_modules_next_dist_f3530cac._.js:2297
[  949747ms] [WARNING] [cache-update] skipping save — no sessionId or db @ http://localhost:3000/_next/static/chunks/node_modules_next_dist_f3530cac._.js:2297
[  949798ms] [LOG] [cache-update] sid= null poleTags= 32 shapes= 0 @ http://localhost:3000/_next/static/chunks/node_modules_next_dist_f3530cac._.js:2297
[  949798ms] [WARNING] [cache-update] skipping save — no sessionId or db @ http://localhost:3000/_next/static/chunks/node_modules_next_dist_f3530cac._.js:2297
[  949800ms] [LOG] [cache-update] sid= null poleTags= 32 shapes= 0 @ http://localhost:3000/_next/static/chunks/node_modules_next_dist_f3530cac._.js:2297
[  949801ms] [WARNING] [cache-update] skipping save — no sessionId or db @ http://localhost:3000/_next/static/chunks/node_modules_next_dist_f3530cac._.js:2297
[  949803ms] [LOG] [cache-update] sid= null poleTags= 32 shapes= 0 @ http://localhost:3000/_next/static/chunks/node_modules_next_dist_f3530cac._.js:2297
[  949803ms] [WARNING] [cache-update] skipping save — no sessionId or db @ http://localhost:3000/_next/static/chunks/node_modules_next_dist_f3530cac._.js:2297
[  949805ms] [LOG] [cache-update] sid= null poleTags= 32 shapes= 0 @ http://localhost:3000/_next/static/chunks/node_modules_next_dist_f3530cac._.js:2297
[  949805ms] [WARNING] [cache-update] skipping save — no sessionId or db @ http://localhost:3000/_next/static/chunks/node_modules_next_dist_f3530cac._.js:2297
[  956477ms] [LOG] [cache-update] sid= null poleTags= 32 shapes= 0 @ http://localhost:3000/_next/static/chunks/node_modules_next_dist_f3530cac._.js:2297
[  956477ms] [WARNING] [cache-update] skipping save — no sessionId or db @ http://localhost:3000/_next/static/chunks/node_modules_next_dist_f3530cac._.js:2297
[  956478ms] [LOG] [cache-update] sid= null poleTags= 32 shapes= 0 @ http://localhost:3000/_next/static/chunks/node_modules_next_dist_f3530cac._.js:2297
[  956478ms] [WARNING] [cache-update] skipping save — no sessionId or db @ http://localhost:3000/_next/static/chunks/node_modules_next_dist_f3530cac._.js:2297
[  956478ms] [LOG] [cache-update] sid= null poleTags= 32 shapes= 0 @ http://localhost:3000/_next/static/chunks/node_modules_next_dist_f3530cac._.js:2297
[  956478ms] [WARNING] [cache-update] skipping save — no sessionId or db @ http://localhost:3000/_next/static/chunks/node_modules_next_dist_f3530cac._.js:2297
[  956478ms] [LOG] [cache-update] sid= null poleTags= 32 shapes= 0 @ http://localhost:3000/_next/static/chunks/node_modules_next_dist_f3530cac._.js:2297
[  956479ms] [WARNING] [cache-update] skipping save — no sessionId or db @ http://localhost:3000/_next/static/chunks/node_modules_next_dist_f3530cac._.js:2297
[  956532ms] [LOG] [cache-update] sid= null poleTags= 32 shapes= 0 @ http://localhost:3000/_next/static/chunks/node_modules_next_dist_f3530cac._.js:2297
[  956532ms] [WARNING] [cache-update] skipping save — no sessionId or db @ http://localhost:3000/_next/static/chunks/node_modules_next_dist_f3530cac._.js:2297
[  956534ms] [LOG] [cache-update] sid= null poleTags= 32 shapes= 0 @ http://localhost:3000/_next/static/chunks/node_modules_next_dist_f3530cac._.js:2297
[  956534ms] [WARNING] [cache-update] skipping save — no sessionId or db @ http://localhost:3000/_next/static/chunks/node_modules_next_dist_f3530cac._.js:2297
[  956536ms] [LOG] [cache-update] sid= null poleTags= 32 shapes= 0 @ http://localhost:3000/_next/static/chunks/node_modules_next_dist_f3530cac._.js:2297
[  956536ms] [WARNING] [cache-update] skipping save — no sessionId or db @ http://localhost:3000/_next/static/chunks/node_modules_next_dist_f3530cac._.js:2297
[  956538ms] [LOG] [cache-update] sid= null poleTags= 32 shapes= 0 @ http://localhost:3000/_next/static/chunks/node_modules_next_dist_f3530cac._.js:2297
[  956538ms] [WARNING] [cache-update] skipping save — no sessionId or db @ http://localhost:3000/_next/static/chunks/node_modules_next_dist_f3530cac._.js:2297
[  964464ms] [LOG] [cache-update] sid= null poleTags= 32 shapes= 0 @ http://localhost:3000/_next/static/chunks/node_modules_next_dist_f3530cac._.js:2297
[  964465ms] [WARNING] [cache-update] skipping save — no sessionId or db @ http://localhost:3000/_next/static/chunks/node_modules_next_dist_f3530cac._.js:2297
[  964465ms] [LOG] [cache-update] sid= null poleTags= 32 shapes= 0 @ http://localhost:3000/_next/static/chunks/node_modules_next_dist_f3530cac._.js:2297
[  964465ms] [WARNING] [cache-update] skipping save — no sessionId or db @ http://localhost:3000/_next/static/chunks/node_modules_next_dist_f3530cac._.js:2297
[  964465ms] [LOG] [cache-update] sid= null poleTags= 32 shapes= 0 @ http://localhost:3000/_next/static/chunks/node_modules_next_dist_f3530cac._.js:2297
[  964465ms] [WARNING] [cache-update] skipping save — no sessionId or db @ http://localhost:3000/_next/static/chunks/node_modules_next_dist_f3530cac._.js:2297
[  964465ms] [LOG] [cache-update] sid= null poleTags= 32 shapes= 0 @ http://localhost:3000/_next/static/chunks/node_modules_next_dist_f3530cac._.js:2297
[  964465ms] [WARNING] [cache-update] skipping save — no sessionId or db @ http://localhost:3000/_next/static/chunks/node_modules_next_dist_f3530cac._.js:2297
[  964524ms] [LOG] [cache-update] sid= null poleTags= 32 shapes= 0 @ http://localhost:3000/_next/static/chunks/node_modules_next_dist_f3530cac._.js:2297
[  964525ms] [WARNING] [cache-update] skipping save — no sessionId or db @ http://localhost:3000/_next/static/chunks/node_modules_next_dist_f3530cac._.js:2297
[  964527ms] [LOG] [cache-update] sid= null poleTags= 32 shapes= 0 @ http://localhost:3000/_next/static/chunks/node_modules_next_dist_f3530cac._.js:2297
[  964527ms] [WARNING] [cache-update] skipping save — no sessionId or db @ http://localhost:3000/_next/static/chunks/node_modules_next_dist_f3530cac._.js:2297
[  964528ms] [LOG] [cache-update] sid= null poleTags= 32 shapes= 0 @ http://localhost:3000/_next/static/chunks/node_modules_next_dist_f3530cac._.js:2297
[  964529ms] [WARNING] [cache-update] skipping save — no sessionId or db @ http://localhost:3000/_next/static/chunks/node_modules_next_dist_f3530cac._.js:2297
[  964531ms] [LOG] [cache-update] sid= null poleTags= 32 shapes= 0 @ http://localhost:3000/_next/static/chunks/node_modules_next_dist_f3530cac._.js:2297
[  964531ms] [WARNING] [cache-update] skipping save — no sessionId or db @ http://localhost:3000/_next/static/chunks/node_modules_next_dist_f3530cac._.js:2297
[  967172ms] [ERROR] Unable to preventDefault inside passive event listener invocation. @ http://localhost:3000/_next/static/chunks/node_modules_next_dist_compiled_react-dom_1e674e59._.js:2325
[  967197ms] [ERROR] Unable to preventDefault inside passive event listener invocation. @ http://localhost:3000/_next/static/chunks/node_modules_next_dist_compiled_react-dom_1e674e59._.js:2325
[  967219ms] [ERROR] Unable to preventDefault inside passive event listener invocation. @ http://localhost:3000/_next/static/chunks/node_modules_next_dist_compiled_react-dom_1e674e59._.js:2325
[  968840ms] [ERROR] Unable to preventDefault inside passive event listener invocation. @ http://localhost:3000/_next/static/chunks/node_modules_next_dist_compiled_react-dom_1e674e59._.js:2325
[  968859ms] [ERROR] Unable to preventDefault inside passive event listener invocation. @ http://localhost:3000/_next/static/chunks/node_modules_next_dist_compiled_react-dom_1e674e59._.js:2325
[  968881ms] [ERROR] Unable to preventDefault inside passive event listener invocation. @ http://localhost:3000/_next/static/chunks/node_modules_next_dist_compiled_react-dom_1e674e59._.js:2325
[  968932ms] [ERROR] Unable to preventDefault inside passive event listener invocation. @ http://localhost:3000/_next/static/chunks/node_modules_next_dist_compiled_react-dom_1e674e59._.js:2325
[  973315ms] [LOG] [cache-update] sid= null poleTags= 32 shapes= 0 @ http://localhost:3000/_next/static/chunks/node_modules_next_dist_f3530cac._.js:2297
[  973315ms] [WARNING] [cache-update] skipping save — no sessionId or db @ http://localhost:3000/_next/static/chunks/node_modules_next_dist_f3530cac._.js:2297
[  973316ms] [LOG] [cache-update] sid= null poleTags= 32 shapes= 0 @ http://localhost:3000/_next/static/chunks/node_modules_next_dist_f3530cac._.js:2297
[  973316ms] [WARNING] [cache-update] skipping save — no sessionId or db @ http://localhost:3000/_next/static/chunks/node_modules_next_dist_f3530cac._.js:2297
[  973316ms] [LOG] [cache-update] sid= null poleTags= 32 shapes= 0 @ http://localhost:3000/_next/static/chunks/node_modules_next_dist_f3530cac._.js:2297
[  973316ms] [WARNING] [cache-update] skipping save — no sessionId or db @ http://localhost:3000/_next/static/chunks/node_modules_next_dist_f3530cac._.js:2297
[  973316ms] [LOG] [cache-update] sid= null poleTags= 32 shapes= 0 @ http://localhost:3000/_next/static/chunks/node_modules_next_dist_f3530cac._.js:2297
[  973316ms] [WARNING] [cache-update] skipping save — no sessionId or db @ http://localhost:3000/_next/static/chunks/node_modules_next_dist_f3530cac._.js:2297
[  973380ms] [LOG] [cache-update] sid= null poleTags= 32 shapes= 0 @ http://localhost:3000/_next/static/chunks/node_modules_next_dist_f3530cac._.js:2297
[  973381ms] [WARNING] [cache-update] skipping save — no sessionId or db @ http://localhost:3000/_next/static/chunks/node_modules_next_dist_f3530cac._.js:2297
[  973383ms] [LOG] [cache-update] sid= null poleTags= 32 shapes= 0 @ http://localhost:3000/_next/static/chunks/node_modules_next_dist_f3530cac._.js:2297
[  973383ms] [WARNING] [cache-update] skipping save — no sessionId or db @ http://localhost:3000/_next/static/chunks/node_modules_next_dist_f3530cac._.js:2297
[  973385ms] [LOG] [cache-update] sid= null poleTags= 32 shapes= 0 @ http://localhost:3000/_next/static/chunks/node_modules_next_dist_f3530cac._.js:2297
[  973386ms] [WARNING] [cache-update] skipping save — no sessionId or db @ http://localhost:3000/_next/static/chunks/node_modules_next_dist_f3530cac._.js:2297
[  973388ms] [LOG] [cache-update] sid= null poleTags= 32 shapes= 0 @ http://localhost:3000/_next/static/chunks/node_modules_next_dist_f3530cac._.js:2297
[  973388ms] [WARNING] [cache-update] skipping save — no sessionId or db @ http://localhost:3000/_next/static/chunks/node_modules_next_dist_f3530cac._.js:2297
[  974973ms] [ERROR] Unable to preventDefault inside passive event listener invocation. @ http://localhost:3000/_next/static/chunks/node_modules_next_dist_compiled_react-dom_1e674e59._.js:2325
[  974997ms] [ERROR] Unable to preventDefault inside passive event listener invocation. @ http://localhost:3000/_next/static/chunks/node_modules_next_dist_compiled_react-dom_1e674e59._.js:2325
[  975023ms] [ERROR] Unable to preventDefault inside passive event listener invocation. @ http://localhost:3000/_next/static/chunks/node_modules_next_dist_compiled_react-dom_1e674e59._.js:2325
[  975068ms] [ERROR] Unable to preventDefault inside passive event listener invocation. @ http://localhost:3000/_next/static/chunks/node_modules_next_dist_compiled_react-dom_1e674e59._.js:2325
[  977090ms] [ERROR] Unable to preventDefault inside passive event listener invocation. @ http://localhost:3000/_next/static/chunks/node_modules_next_dist_compiled_react-dom_1e674e59._.js:2325
[  977121ms] [ERROR] Unable to preventDefault inside passive event listener invocation. @ http://localhost:3000/_next/static/chunks/node_modules_next_dist_compiled_react-dom_1e674e59._.js:2325
[  977163ms] [ERROR] Unable to preventDefault inside passive event listener invocation. @ http://localhost:3000/_next/static/chunks/node_modules_next_dist_compiled_react-dom_1e674e59._.js:2325
[  982119ms] [LOG] [cache-update] sid= null poleTags= 32 shapes= 0 @ http://localhost:3000/_next/static/chunks/node_modules_next_dist_f3530cac._.js:2297
[  982119ms] [WARNING] [cache-update] skipping save — no sessionId or db @ http://localhost:3000/_next/static/chunks/node_modules_next_dist_f3530cac._.js:2297
[  982120ms] [LOG] [cache-update] sid= null poleTags= 32 shapes= 0 @ http://localhost:3000/_next/static/chunks/node_modules_next_dist_f3530cac._.js:2297
[  982120ms] [WARNING] [cache-update] skipping save — no sessionId or db @ http://localhost:3000/_next/static/chunks/node_modules_next_dist_f3530cac._.js:2297
[  982120ms] [LOG] [cache-update] sid= null poleTags= 32 shapes= 0 @ http://localhost:3000/_next/static/chunks/node_modules_next_dist_f3530cac._.js:2297
[  982120ms] [WARNING] [cache-update] skipping save — no sessionId or db @ http://localhost:3000/_next/static/chunks/node_modules_next_dist_f3530cac._.js:2297
[  982120ms] [LOG] [cache-update] sid= null poleTags= 32 shapes= 0 @ http://localhost:3000/_next/static/chunks/node_modules_next_dist_f3530cac._.js:2297
[  982120ms] [WARNING] [cache-update] skipping save — no sessionId or db @ http://localhost:3000/_next/static/chunks/node_modules_next_dist_f3530cac._.js:2297
[  982176ms] [LOG] [cache-update] sid= null poleTags= 32 shapes= 0 @ http://localhost:3000/_next/static/chunks/node_modules_next_dist_f3530cac._.js:2297
[  982176ms] [WARNING] [cache-update] skipping save — no sessionId or db @ http://localhost:3000/_next/static/chunks/node_modules_next_dist_f3530cac._.js:2297
[  982178ms] [LOG] [cache-update] sid= null poleTags= 32 shapes= 0 @ http://localhost:3000/_next/static/chunks/node_modules_next_dist_f3530cac._.js:2297
[  982178ms] [WARNING] [cache-update] skipping save — no sessionId or db @ http://localhost:3000/_next/static/chunks/node_modules_next_dist_f3530cac._.js:2297
[  982180ms] [LOG] [cache-update] sid= null poleTags= 32 shapes= 0 @ http://localhost:3000/_next/static/chunks/node_modules_next_dist_f3530cac._.js:2297
[  982181ms] [WARNING] [cache-update] skipping save — no sessionId or db @ http://localhost:3000/_next/static/chunks/node_modules_next_dist_f3530cac._.js:2297
[  982183ms] [LOG] [cache-update] sid= null poleTags= 32 shapes= 0 @ http://localhost:3000/_next/static/chunks/node_modules_next_dist_f3530cac._.js:2297
[  982183ms] [WARNING] [cache-update] skipping save — no sessionId or db @ http://localhost:3000/_next/static/chunks/node_modules_next_dist_f3530cac._.js:2297
[  991432ms] [LOG] [cache-update] sid= null poleTags= 32 shapes= 0 @ http://localhost:3000/_next/static/chunks/node_modules_next_dist_f3530cac._.js:2297
[  991433ms] [WARNING] [cache-update] skipping save — no sessionId or db @ http://localhost:3000/_next/static/chunks/node_modules_next_dist_f3530cac._.js:2297
[  991433ms] [LOG] [cache-update] sid= null poleTags= 32 shapes= 0 @ http://localhost:3000/_next/static/chunks/node_modules_next_dist_f3530cac._.js:2297
[  991433ms] [WARNING] [cache-update] skipping save — no sessionId or db @ http://localhost:3000/_next/static/chunks/node_modules_next_dist_f3530cac._.js:2297
[  991433ms] [LOG] [cache-update] sid= null poleTags= 32 shapes= 0 @ http://localhost:3000/_next/static/chunks/node_modules_next_dist_f3530cac._.js:2297
[  991434ms] [WARNING] [cache-update] skipping save — no sessionId or db @ http://localhost:3000/_next/static/chunks/node_modules_next_dist_f3530cac._.js:2297
[  991434ms] [LOG] [cache-update] sid= null poleTags= 32 shapes= 0 @ http://localhost:3000/_next/static/chunks/node_modules_next_dist_f3530cac._.js:2297
[  991434ms] [WARNING] [cache-update] skipping save — no sessionId or db @ http://localhost:3000/_next/static/chunks/node_modules_next_dist_f3530cac._.js:2297
[  991494ms] [LOG] [cache-update] sid= null poleTags= 32 shapes= 0 @ http://localhost:3000/_next/static/chunks/node_modules_next_dist_f3530cac._.js:2297
[  991495ms] [WARNING] [cache-update] skipping save — no sessionId or db @ http://localhost:3000/_next/static/chunks/node_modules_next_dist_f3530cac._.js:2297
[  991497ms] [LOG] [cache-update] sid= null poleTags= 32 shapes= 0 @ http://localhost:3000/_next/static/chunks/node_modules_next_dist_f3530cac._.js:2297
[  991498ms] [WARNING] [cache-update] skipping save — no sessionId or db @ http://localhost:3000/_next/static/chunks/node_modules_next_dist_f3530cac._.js:2297
[  991500ms] [LOG] [cache-update] sid= null poleTags= 32 shapes= 0 @ http://localhost:3000/_next/static/chunks/node_modules_next_dist_f3530cac._.js:2297
[  991500ms] [WARNING] [cache-update] skipping save — no sessionId or db @ http://localhost:3000/_next/static/chunks/node_modules_next_dist_f3530cac._.js:2297
[  991503ms] [LOG] [cache-update] sid= null poleTags= 32 shapes= 0 @ http://localhost:3000/_next/static/chunks/node_modules_next_dist_f3530cac._.js:2297
[  991503ms] [WARNING] [cache-update] skipping save — no sessionId or db @ http://localhost:3000/_next/static/chunks/node_modules_next_dist_f3530cac._.js:2297
[  999401ms] [LOG] [cache-update] sid= null poleTags= 32 shapes= 0 @ http://localhost:3000/_next/static/chunks/node_modules_next_dist_f3530cac._.js:2297
[  999401ms] [WARNING] [cache-update] skipping save — no sessionId or db @ http://localhost:3000/_next/static/chunks/node_modules_next_dist_f3530cac._.js:2297
[  999402ms] [LOG] [cache-update] sid= null poleTags= 32 shapes= 0 @ http://localhost:3000/_next/static/chunks/node_modules_next_dist_f3530cac._.js:2297
[  999402ms] [WARNING] [cache-update] skipping save — no sessionId or db @ http://localhost:3000/_next/static/chunks/node_modules_next_dist_f3530cac._.js:2297
[  999402ms] [LOG] [cache-update] sid= null poleTags= 32 shapes= 0 @ http://localhost:3000/_next/static/chunks/node_modules_next_dist_f3530cac._.js:2297
[  999402ms] [WARNING] [cache-update] skipping save — no sessionId or db @ http://localhost:3000/_next/static/chunks/node_modules_next_dist_f3530cac._.js:2297
[  999402ms] [LOG] [cache-update] sid= null poleTags= 32 shapes= 0 @ http://localhost:3000/_next/static/chunks/node_modules_next_dist_f3530cac._.js:2297
[  999402ms] [WARNING] [cache-update] skipping save — no sessionId or db @ http://localhost:3000/_next/static/chunks/node_modules_next_dist_f3530cac._.js:2297
[  999455ms] [LOG] [cache-update] sid= null poleTags= 32 shapes= 0 @ http://localhost:3000/_next/static/chunks/node_modules_next_dist_f3530cac._.js:2297
[  999456ms] [WARNING] [cache-update] skipping save — no sessionId or db @ http://localhost:3000/_next/static/chunks/node_modules_next_dist_f3530cac._.js:2297
[  999458ms] [LOG] [cache-update] sid= null poleTags= 32 shapes= 0 @ http://localhost:3000/_next/static/chunks/node_modules_next_dist_f3530cac._.js:2297
[  999458ms] [WARNING] [cache-update] skipping save — no sessionId or db @ http://localhost:3000/_next/static/chunks/node_modules_next_dist_f3530cac._.js:2297
[  999461ms] [LOG] [cache-update] sid= null poleTags= 32 shapes= 0 @ http://localhost:3000/_next/static/chunks/node_modules_next_dist_f3530cac._.js:2297
[  999461ms] [WARNING] [cache-update] skipping save — no sessionId or db @ http://localhost:3000/_next/static/chunks/node_modules_next_dist_f3530cac._.js:2297
[  999463ms] [LOG] [cache-update] sid= null poleTags= 32 shapes= 0 @ http://localhost:3000/_next/static/chunks/node_modules_next_dist_f3530cac._.js:2297
[  999463ms] [WARNING] [cache-update] skipping save — no sessionId or db @ http://localhost:3000/_next/static/chunks/node_modules_next_dist_f3530cac._.js:2297
[ 1007638ms] [LOG] [cache-update] sid= null poleTags= 32 shapes= 0 @ http://localhost:3000/_next/static/chunks/node_modules_next_dist_f3530cac._.js:2297
[ 1007638ms] [WARNING] [cache-update] skipping save — no sessionId or db @ http://localhost:3000/_next/static/chunks/node_modules_next_dist_f3530cac._.js:2297
[ 1007638ms] [LOG] [cache-update] sid= null poleTags= 32 shapes= 0 @ http://localhost:3000/_next/static/chunks/node_modules_next_dist_f3530cac._.js:2297
[ 1007639ms] [WARNING] [cache-update] skipping save — no sessionId or db @ http://localhost:3000/_next/static/chunks/node_modules_next_dist_f3530cac._.js:2297
[ 1007639ms] [LOG] [cache-update] sid= null poleTags= 32 shapes= 0 @ http://localhost:3000/_next/static/chunks/node_modules_next_dist_f3530cac._.js:2297
[ 1007639ms] [WARNING] [cache-update] skipping save — no sessionId or db @ http://localhost:3000/_next/static/chunks/node_modules_next_dist_f3530cac._.js:2297
[ 1007640ms] [LOG] [cache-update] sid= null poleTags= 32 shapes= 0 @ http://localhost:3000/_next/static/chunks/node_modules_next_dist_f3530cac._.js:2297
[ 1007640ms] [WARNING] [cache-update] skipping save — no sessionId or db @ http://localhost:3000/_next/static/chunks/node_modules_next_dist_f3530cac._.js:2297
[ 1007707ms] [LOG] [cache-update] sid= null poleTags= 32 shapes= 0 @ http://localhost:3000/_next/static/chunks/node_modules_next_dist_f3530cac._.js:2297
[ 1007708ms] [WARNING] [cache-update] skipping save — no sessionId or db @ http://localhost:3000/_next/static/chunks/node_modules_next_dist_f3530cac._.js:2297
[ 1007710ms] [LOG] [cache-update] sid= null poleTags= 32 shapes= 0 @ http://localhost:3000/_next/static/chunks/node_modules_next_dist_f3530cac._.js:2297
[ 1007710ms] [WARNING] [cache-update] skipping save — no sessionId or db @ http://localhost:3000/_next/static/chunks/node_modules_next_dist_f3530cac._.js:2297
[ 1007712ms] [LOG] [cache-update] sid= null poleTags= 32 shapes= 0 @ http://localhost:3000/_next/static/chunks/node_modules_next_dist_f3530cac._.js:2297
[ 1007712ms] [WARNING] [cache-update] skipping save — no sessionId or db @ http://localhost:3000/_next/static/chunks/node_modules_next_dist_f3530cac._.js:2297
[ 1007714ms] [LOG] [cache-update] sid= null poleTags= 32 shapes= 0 @ http://localhost:3000/_next/static/chunks/node_modules_next_dist_f3530cac._.js:2297
[ 1007714ms] [WARNING] [cache-update] skipping save — no sessionId or db @ http://localhost:3000/_next/static/chunks/node_modules_next_dist_f3530cac._.js:2297
[ 1015758ms] [LOG] [cache-update] sid= null poleTags= 32 shapes= 0 @ http://localhost:3000/_next/static/chunks/node_modules_next_dist_f3530cac._.js:2297
[ 1015759ms] [WARNING] [cache-update] skipping save — no sessionId or db @ http://localhost:3000/_next/static/chunks/node_modules_next_dist_f3530cac._.js:2297
[ 1015759ms] [LOG] [cache-update] sid= null poleTags= 32 shapes= 0 @ http://localhost:3000/_next/static/chunks/node_modules_next_dist_f3530cac._.js:2297
[ 1015759ms] [WARNING] [cache-update] skipping save — no sessionId or db @ http://localhost:3000/_next/static/chunks/node_modules_next_dist_f3530cac._.js:2297
[ 1015760ms] [LOG] [cache-update] sid= null poleTags= 32 shapes= 0 @ http://localhost:3000/_next/static/chunks/node_modules_next_dist_f3530cac._.js:2297
[ 1015760ms] [WARNING] [cache-update] skipping save — no sessionId or db @ http://localhost:3000/_next/static/chunks/node_modules_next_dist_f3530cac._.js:2297
[ 1015761ms] [LOG] [cache-update] sid= null poleTags= 32 shapes= 0 @ http://localhost:3000/_next/static/chunks/node_modules_next_dist_f3530cac._.js:2297
[ 1015761ms] [WARNING] [cache-update] skipping save — no sessionId or db @ http://localhost:3000/_next/static/chunks/node_modules_next_dist_f3530cac._.js:2297
[ 1015826ms] [LOG] [cache-update] sid= null poleTags= 32 shapes= 0 @ http://localhost:3000/_next/static/chunks/node_modules_next_dist_f3530cac._.js:2297
[ 1015827ms] [WARNING] [cache-update] skipping save — no sessionId or db @ http://localhost:3000/_next/static/chunks/node_modules_next_dist_f3530cac._.js:2297
[ 1015829ms] [LOG] [cache-update] sid= null poleTags= 32 shapes= 0 @ http://localhost:3000/_next/static/chunks/node_modules_next_dist_f3530cac._.js:2297
[ 1015829ms] [WARNING] [cache-update] skipping save — no sessionId or db @ http://localhost:3000/_next/static/chunks/node_modules_next_dist_f3530cac._.js:2297
[ 1015832ms] [LOG] [cache-update] sid= null poleTags= 32 shapes= 0 @ http://localhost:3000/_next/static/chunks/node_modules_next_dist_f3530cac._.js:2297
[ 1015832ms] [WARNING] [cache-update] skipping save — no sessionId or db @ http://localhost:3000/_next/static/chunks/node_modules_next_dist_f3530cac._.js:2297
[ 1015834ms] [LOG] [cache-update] sid= null poleTags= 32 shapes= 0 @ http://localhost:3000/_next/static/chunks/node_modules_next_dist_f3530cac._.js:2297
[ 1015834ms] [WARNING] [cache-update] skipping save — no sessionId or db @ http://localhost:3000/_next/static/chunks/node_modules_next_dist_f3530cac._.js:2297
[ 1021357ms] [LOG] [cache-update] sid= null poleTags= 32 shapes= 0 @ http://localhost:3000/_next/static/chunks/node_modules_next_dist_f3530cac._.js:2297
[ 1021357ms] [WARNING] [cache-update] skipping save — no sessionId or db @ http://localhost:3000/_next/static/chunks/node_modules_next_dist_f3530cac._.js:2297
[ 1021357ms] [LOG] [cache-update] sid= null poleTags= 32 shapes= 0 @ http://localhost:3000/_next/static/chunks/node_modules_next_dist_f3530cac._.js:2297
[ 1021358ms] [WARNING] [cache-update] skipping save — no sessionId or db @ http://localhost:3000/_next/static/chunks/node_modules_next_dist_f3530cac._.js:2297
[ 1021358ms] [LOG] [cache-update] sid= null poleTags= 32 shapes= 0 @ http://localhost:3000/_next/static/chunks/node_modules_next_dist_f3530cac._.js:2297
[ 1021358ms] [WARNING] [cache-update] skipping save — no sessionId or db @ http://localhost:3000/_next/static/chunks/node_modules_next_dist_f3530cac._.js:2297
[ 1021358ms] [LOG] [cache-update] sid= null poleTags= 32 shapes= 0 @ http://localhost:3000/_next/static/chunks/node_modules_next_dist_f3530cac._.js:2297
[ 1021359ms] [WARNING] [cache-update] skipping save — no sessionId or db @ http://localhost:3000/_next/static/chunks/node_modules_next_dist_f3530cac._.js:2297
[ 1021424ms] [LOG] [cache-update] sid= null poleTags= 32 shapes= 0 @ http://localhost:3000/_next/static/chunks/node_modules_next_dist_f3530cac._.js:2297
[ 1021425ms] [WARNING] [cache-update] skipping save — no sessionId or db @ http://localhost:3000/_next/static/chunks/node_modules_next_dist_f3530cac._.js:2297
[ 1021426ms] [LOG] [cache-update] sid= null poleTags= 32 shapes= 0 @ http://localhost:3000/_next/static/chunks/node_modules_next_dist_f3530cac._.js:2297
[ 1021427ms] [WARNING] [cache-update] skipping save — no sessionId or db @ http://localhost:3000/_next/static/chunks/node_modules_next_dist_f3530cac._.js:2297
[ 1021429ms] [LOG] [cache-update] sid= null poleTags= 32 shapes= 0 @ http://localhost:3000/_next/static/chunks/node_modules_next_dist_f3530cac._.js:2297
[ 1021429ms] [WARNING] [cache-update] skipping save — no sessionId or db @ http://localhost:3000/_next/static/chunks/node_modules_next_dist_f3530cac._.js:2297
[ 1021431ms] [LOG] [cache-update] sid= null poleTags= 32 shapes= 0 @ http://localhost:3000/_next/static/chunks/node_modules_next_dist_f3530cac._.js:2297
[ 1021431ms] [WARNING] [cache-update] skipping save — no sessionId or db @ http://localhost:3000/_next/static/chunks/node_modules_next_dist_f3530cac._.js:2297
[ 1022125ms] [ERROR] Unable to preventDefault inside passive event listener invocation. @ http://localhost:3000/_next/static/chunks/node_modules_next_dist_compiled_react-dom_1e674e59._.js:2325
[ 1022162ms] [ERROR] Unable to preventDefault inside passive event listener invocation. @ http://localhost:3000/_next/static/chunks/node_modules_next_dist_compiled_react-dom_1e674e59._.js:2325
[ 1022294ms] [ERROR] Unable to preventDefault inside passive event listener invocation. @ http://localhost:3000/_next/static/chunks/node_modules_next_dist_compiled_react-dom_1e674e59._.js:2325
[ 1022359ms] [ERROR] Unable to preventDefault inside passive event listener invocation. @ http://localhost:3000/_next/static/chunks/node_modules_next_dist_compiled_react-dom_1e674e59._.js:2325
[ 1028126ms] [LOG] [cache-update] sid= null poleTags= 32 shapes= 0 @ http://localhost:3000/_next/static/chunks/node_modules_next_dist_f3530cac._.js:2297
[ 1028127ms] [WARNING] [cache-update] skipping save — no sessionId or db @ http://localhost:3000/_next/static/chunks/node_modules_next_dist_f3530cac._.js:2297
[ 1028127ms] [LOG] [cache-update] sid= null poleTags= 32 shapes= 0 @ http://localhost:3000/_next/static/chunks/node_modules_next_dist_f3530cac._.js:2297
[ 1028127ms] [WARNING] [cache-update] skipping save — no sessionId or db @ http://localhost:3000/_next/static/chunks/node_modules_next_dist_f3530cac._.js:2297
[ 1028127ms] [LOG] [cache-update] sid= null poleTags= 32 shapes= 0 @ http://localhost:3000/_next/static/chunks/node_modules_next_dist_f3530cac._.js:2297
[ 1028127ms] [WARNING] [cache-update] skipping save — no sessionId or db @ http://localhost:3000/_next/static/chunks/node_modules_next_dist_f3530cac._.js:2297
[ 1028128ms] [LOG] [cache-update] sid= null poleTags= 32 shapes= 0 @ http://localhost:3000/_next/static/chunks/node_modules_next_dist_f3530cac._.js:2297
[ 1028128ms] [WARNING] [cache-update] skipping save — no sessionId or db @ http://localhost:3000/_next/static/chunks/node_modules_next_dist_f3530cac._.js:2297
[ 1028189ms] [LOG] [cache-update] sid= null poleTags= 32 shapes= 0 @ http://localhost:3000/_next/static/chunks/node_modules_next_dist_f3530cac._.js:2297
[ 1028189ms] [WARNING] [cache-update] skipping save — no sessionId or db @ http://localhost:3000/_next/static/chunks/node_modules_next_dist_f3530cac._.js:2297
[ 1028192ms] [LOG] [cache-update] sid= null poleTags= 32 shapes= 0 @ http://localhost:3000/_next/static/chunks/node_modules_next_dist_f3530cac._.js:2297
[ 1028192ms] [WARNING] [cache-update] skipping save — no sessionId or db @ http://localhost:3000/_next/static/chunks/node_modules_next_dist_f3530cac._.js:2297
[ 1028195ms] [LOG] [cache-update] sid= null poleTags= 32 shapes= 0 @ http://localhost:3000/_next/static/chunks/node_modules_next_dist_f3530cac._.js:2297
[ 1028195ms] [WARNING] [cache-update] skipping save — no sessionId or db @ http://localhost:3000/_next/static/chunks/node_modules_next_dist_f3530cac._.js:2297
[ 1028198ms] [LOG] [cache-update] sid= null poleTags= 32 shapes= 0 @ http://localhost:3000/_next/static/chunks/node_modules_next_dist_f3530cac._.js:2297
[ 1028198ms] [WARNING] [cache-update] skipping save — no sessionId or db @ http://localhost:3000/_next/static/chunks/node_modules_next_dist_f3530cac._.js:2297
[ 1029398ms] [ERROR] Unable to preventDefault inside passive event listener invocation. @ http://localhost:3000/_next/static/chunks/node_modules_next_dist_compiled_react-dom_1e674e59._.js:2325
[ 1029422ms] [ERROR] Unable to preventDefault inside passive event listener invocation. @ http://localhost:3000/_next/static/chunks/node_modules_next_dist_compiled_react-dom_1e674e59._.js:2325
[ 1029455ms] [ERROR] Unable to preventDefault inside passive event listener invocation. @ http://localhost:3000/_next/static/chunks/node_modules_next_dist_compiled_react-dom_1e674e59._.js:2325
[ 1029517ms] [LOG] [Fast Refresh] rebuilding @ http://localhost:3000/_next/static/chunks/node_modules_next_dist_f3530cac._.js:2297
[ 1029520ms] [LOG] [Fast Refresh] done in 103ms @ http://localhost:3000/_next/static/chunks/node_modules_next_dist_f3530cac._.js:2297
[ 1035730ms] [LOG] [cache-update] sid= null poleTags= 32 shapes= 0 @ http://localhost:3000/_next/static/chunks/node_modules_next_dist_f3530cac._.js:2297
[ 1035730ms] [WARNING] [cache-update] skipping save — no sessionId or db @ http://localhost:3000/_next/static/chunks/node_modules_next_dist_f3530cac._.js:2297
[ 1035730ms] [LOG] [cache-update] sid= null poleTags= 32 shapes= 0 @ http://localhost:3000/_next/static/chunks/node_modules_next_dist_f3530cac._.js:2297
[ 1035730ms] [WARNING] [cache-update] skipping save — no sessionId or db @ http://localhost:3000/_next/static/chunks/node_modules_next_dist_f3530cac._.js:2297
[ 1035731ms] [LOG] [cache-update] sid= null poleTags= 32 shapes= 0 @ http://localhost:3000/_next/static/chunks/node_modules_next_dist_f3530cac._.js:2297
[ 1035731ms] [WARNING] [cache-update] skipping save — no sessionId or db @ http://localhost:3000/_next/static/chunks/node_modules_next_dist_f3530cac._.js:2297
[ 1035731ms] [LOG] [cache-update] sid= null poleTags= 32 shapes= 0 @ http://localhost:3000/_next/static/chunks/node_modules_next_dist_f3530cac._.js:2297
[ 1035731ms] [WARNING] [cache-update] skipping save — no sessionId or db @ http://localhost:3000/_next/static/chunks/node_modules_next_dist_f3530cac._.js:2297
[ 1035780ms] [LOG] [cache-update] sid= null poleTags= 32 shapes= 0 @ http://localhost:3000/_next/static/chunks/node_modules_next_dist_f3530cac._.js:2297
[ 1035780ms] [WARNING] [cache-update] skipping save — no sessionId or db @ http://localhost:3000/_next/static/chunks/node_modules_next_dist_f3530cac._.js:2297
[ 1035782ms] [LOG] [cache-update] sid= null poleTags= 32 shapes= 0 @ http://localhost:3000/_next/static/chunks/node_modules_next_dist_f3530cac._.js:2297
[ 1035783ms] [WARNING] [cache-update] skipping save — no sessionId or db @ http://localhost:3000/_next/static/chunks/node_modules_next_dist_f3530cac._.js:2297
[ 1035785ms] [LOG] [cache-update] sid= null poleTags= 32 shapes= 0 @ http://localhost:3000/_next/static/chunks/node_modules_next_dist_f3530cac._.js:2297
[ 1035785ms] [WARNING] [cache-update] skipping save — no sessionId or db @ http://localhost:3000/_next/static/chunks/node_modules_next_dist_f3530cac._.js:2297
[ 1035787ms] [LOG] [cache-update] sid= null poleTags= 32 shapes= 0 @ http://localhost:3000/_next/static/chunks/node_modules_next_dist_f3530cac._.js:2297
[ 1035787ms] [WARNING] [cache-update] skipping save — no sessionId or db @ http://localhost:3000/_next/static/chunks/node_modules_next_dist_f3530cac._.js:2297
[ 1036548ms] [ERROR] Unable to preventDefault inside passive event listener invocation. @ http://localhost:3000/_next/static/chunks/node_modules_next_dist_compiled_react-dom_1e674e59._.js:2325
[ 1036584ms] [ERROR] Unable to preventDefault inside passive event listener invocation. @ http://localhost:3000/_next/static/chunks/node_modules_next_dist_compiled_react-dom_1e674e59._.js:2325
[ 1036610ms] [ERROR] Unable to preventDefault inside passive event listener invocation. @ http://localhost:3000/_next/static/chunks/node_modules_next_dist_compiled_react-dom_1e674e59._.js:2325
[ 1036636ms] [ERROR] Unable to preventDefault inside passive event listener invocation. @ http://localhost:3000/_next/static/chunks/node_modules_next_dist_compiled_react-dom_1e674e59._.js:2325
[ 1041911ms] [LOG] [cache-update] sid= null poleTags= 32 shapes= 0 @ http://localhost:3000/_next/static/chunks/node_modules_next_dist_f3530cac._.js:2297
[ 1041911ms] [WARNING] [cache-update] skipping save — no sessionId or db @ http://localhost:3000/_next/static/chunks/node_modules_next_dist_f3530cac._.js:2297
[ 1041912ms] [LOG] [cache-update] sid= null poleTags= 32 shapes= 0 @ http://localhost:3000/_next/static/chunks/node_modules_next_dist_f3530cac._.js:2297
[ 1041912ms] [WARNING] [cache-update] skipping save — no sessionId or db @ http://localhost:3000/_next/static/chunks/node_modules_next_dist_f3530cac._.js:2297
[ 1041912ms] [LOG] [cache-update] sid= null poleTags= 32 shapes= 0 @ http://localhost:3000/_next/static/chunks/node_modules_next_dist_f3530cac._.js:2297
[ 1041912ms] [WARNING] [cache-update] skipping save — no sessionId or db @ http://localhost:3000/_next/static/chunks/node_modules_next_dist_f3530cac._.js:2297
[ 1041912ms] [LOG] [cache-update] sid= null poleTags= 32 shapes= 0 @ http://localhost:3000/_next/static/chunks/node_modules_next_dist_f3530cac._.js:2297
[ 1041913ms] [WARNING] [cache-update] skipping save — no sessionId or db @ http://localhost:3000/_next/static/chunks/node_modules_next_dist_f3530cac._.js:2297
[ 1041963ms] [LOG] [cache-update] sid= null poleTags= 32 shapes= 0 @ http://localhost:3000/_next/static/chunks/node_modules_next_dist_f3530cac._.js:2297
[ 1041964ms] [WARNING] [cache-update] skipping save — no sessionId or db @ http://localhost:3000/_next/static/chunks/node_modules_next_dist_f3530cac._.js:2297
[ 1041966ms] [LOG] [cache-update] sid= null poleTags= 32 shapes= 0 @ http://localhost:3000/_next/static/chunks/node_modules_next_dist_f3530cac._.js:2297
[ 1041966ms] [WARNING] [cache-update] skipping save — no sessionId or db @ http://localhost:3000/_next/static/chunks/node_modules_next_dist_f3530cac._.js:2297
[ 1041969ms] [LOG] [cache-update] sid= null poleTags= 32 shapes= 0 @ http://localhost:3000/_next/static/chunks/node_modules_next_dist_f3530cac._.js:2297
[ 1041969ms] [WARNING] [cache-update] skipping save — no sessionId or db @ http://localhost:3000/_next/static/chunks/node_modules_next_dist_f3530cac._.js:2297
[ 1041972ms] [LOG] [cache-update] sid= null poleTags= 32 shapes= 0 @ http://localhost:3000/_next/static/chunks/node_modules_next_dist_f3530cac._.js:2297
[ 1041972ms] [WARNING] [cache-update] skipping save — no sessionId or db @ http://localhost:3000/_next/static/chunks/node_modules_next_dist_f3530cac._.js:2297
[ 1043820ms] [ERROR] Unable to preventDefault inside passive event listener invocation. @ http://localhost:3000/_next/static/chunks/node_modules_next_dist_compiled_react-dom_1e674e59._.js:2325
[ 1043870ms] [ERROR] Unable to preventDefault inside passive event listener invocation. @ http://localhost:3000/_next/static/chunks/node_modules_next_dist_compiled_react-dom_1e674e59._.js:2325
[ 1044084ms] [ERROR] Unable to preventDefault inside passive event listener invocation. @ http://localhost:3000/_next/static/chunks/node_modules_next_dist_compiled_react-dom_1e674e59._.js:2325
[ 1044109ms] [ERROR] Unable to preventDefault inside passive event listener invocation. @ http://localhost:3000/_next/static/chunks/node_modules_next_dist_compiled_react-dom_1e674e59._.js:2325
[ 1044137ms] [ERROR] Unable to preventDefault inside passive event listener invocation. @ http://localhost:3000/_next/static/chunks/node_modules_next_dist_compiled_react-dom_1e674e59._.js:2325
[ 1044395ms] [ERROR] Unable to preventDefault inside passive event listener invocation. @ http://localhost:3000/_next/static/chunks/node_modules_next_dist_compiled_react-dom_1e674e59._.js:2325
[ 1044419ms] [ERROR] Unable to preventDefault inside passive event listener invocation. @ http://localhost:3000/_next/static/chunks/node_modules_next_dist_compiled_react-dom_1e674e59._.js:2325
[ 1044449ms] [ERROR] Unable to preventDefault inside passive event listener invocation. @ http://localhost:3000/_next/static/chunks/node_modules_next_dist_compiled_react-dom_1e674e59._.js:2325
[ 1044817ms] [ERROR] Unable to preventDefault inside passive event listener invocation. @ http://localhost:3000/_next/static/chunks/node_modules_next_dist_compiled_react-dom_1e674e59._.js:2325
[ 1044832ms] [ERROR] Unable to preventDefault inside passive event listener invocation. @ http://localhost:3000/_next/static/chunks/node_modules_next_dist_compiled_react-dom_1e674e59._.js:2325
[ 1044856ms] [ERROR] Unable to preventDefault inside passive event listener invocation. @ http://localhost:3000/_next/static/chunks/node_modules_next_dist_compiled_react-dom_1e674e59._.js:2325
[ 1045117ms] [ERROR] Unable to preventDefault inside passive event listener invocation. @ http://localhost:3000/_next/static/chunks/node_modules_next_dist_compiled_react-dom_1e674e59._.js:2325
[ 1045137ms] [ERROR] Unable to preventDefault inside passive event listener invocation. @ http://localhost:3000/_next/static/chunks/node_modules_next_dist_compiled_react-dom_1e674e59._.js:2325
[ 1045163ms] [ERROR] Unable to preventDefault inside passive event listener invocation. @ http://localhost:3000/_next/static/chunks/node_modules_next_dist_compiled_react-dom_1e674e59._.js:2325
[ 1045988ms] [ERROR] Unable to preventDefault inside passive event listener invocation. @ http://localhost:3000/_next/static/chunks/node_modules_next_dist_compiled_react-dom_1e674e59._.js:2325
[ 1046009ms] [ERROR] Unable to preventDefault inside passive event listener invocation. @ http://localhost:3000/_next/static/chunks/node_modules_next_dist_compiled_react-dom_1e674e59._.js:2325
[ 1046038ms] [ERROR] Unable to preventDefault inside passive event listener invocation. @ http://localhost:3000/_next/static/chunks/node_modules_next_dist_compiled_react-dom_1e674e59._.js:2325
[ 1046063ms] [ERROR] Unable to preventDefault inside passive event listener invocation. @ http://localhost:3000/_next/static/chunks/node_modules_next_dist_compiled_react-dom_1e674e59._.js:2325
[ 1077412ms] [ERROR] Unable to preventDefault inside passive event listener invocation. @ http://localhost:3000/_next/static/chunks/node_modules_next_dist_compiled_react-dom_1e674e59._.js:2325
[ 1077426ms] [ERROR] Unable to preventDefault inside passive event listener invocation. @ http://localhost:3000/_next/static/chunks/node_modules_next_dist_compiled_react-dom_1e674e59._.js:2325
[ 1077445ms] [ERROR] Unable to preventDefault inside passive event listener invocation. @ http://localhost:3000/_next/static/chunks/node_modules_next_dist_compiled_react-dom_1e674e59._.js:2325
[ 1077490ms] [ERROR] Unable to preventDefault inside passive event listener invocation. @ http://localhost:3000/_next/static/chunks/node_modules_next_dist_compiled_react-dom_1e674e59._.js:2325
[ 1077662ms] [ERROR] Unable to preventDefault inside passive event listener invocation. @ http://localhost:3000/_next/static/chunks/node_modules_next_dist_compiled_react-dom_1e674e59._.js:2325
[ 1077682ms] [ERROR] Unable to preventDefault inside passive event listener invocation. @ http://localhost:3000/_next/static/chunks/node_modules_next_dist_compiled_react-dom_1e674e59._.js:2325
[ 1077705ms] [ERROR] Unable to preventDefault inside passive event listener invocation. @ http://localhost:3000/_next/static/chunks/node_modules_next_dist_compiled_react-dom_1e674e59._.js:2325
[ 1077895ms] [ERROR] Unable to preventDefault inside passive event listener invocation. @ http://localhost:3000/_next/static/chunks/node_modules_next_dist_compiled_react-dom_1e674e59._.js:2325
[ 1077913ms] [ERROR] Unable to preventDefault inside passive event listener invocation. @ http://localhost:3000/_next/static/chunks/node_modules_next_dist_compiled_react-dom_1e674e59._.js:2325
[ 1077933ms] [ERROR] Unable to preventDefault inside passive event listener invocation. @ http://localhost:3000/_next/static/chunks/node_modules_next_dist_compiled_react-dom_1e674e59._.js:2325
[ 1078122ms] [ERROR] Unable to preventDefault inside passive event listener invocation. @ http://localhost:3000/_next/static/chunks/node_modules_next_dist_compiled_react-dom_1e674e59._.js:2325
[ 1078144ms] [ERROR] Unable to preventDefault inside passive event listener invocation. @ http://localhost:3000/_next/static/chunks/node_modules_next_dist_compiled_react-dom_1e674e59._.js:2325
[ 1078178ms] [ERROR] Unable to preventDefault inside passive event listener invocation. @ http://localhost:3000/_next/static/chunks/node_modules_next_dist_compiled_react-dom_1e674e59._.js:2325
[ 1078236ms] [LOG] [Fast Refresh] rebuilding @ http://localhost:3000/_next/static/chunks/node_modules_next_dist_f3530cac._.js:2297
[ 1078243ms] [LOG] [Fast Refresh] done in 108ms @ http://localhost:3000/_next/static/chunks/node_modules_next_dist_f3530cac._.js:2297
[ 1078371ms] [ERROR] Unable to preventDefault inside passive event listener invocation. @ http://localhost:3000/_next/static/chunks/node_modules_next_dist_compiled_react-dom_1e674e59._.js:2325
[ 1078394ms] [ERROR] Unable to preventDefault inside passive event listener invocation. @ http://localhost:3000/_next/static/chunks/node_modules_next_dist_compiled_react-dom_1e674e59._.js:2325
[ 1078421ms] [ERROR] Unable to preventDefault inside passive event listener invocation. @ http://localhost:3000/_next/static/chunks/node_modules_next_dist_compiled_react-dom_1e674e59._.js:2325
[ 1078656ms] [ERROR] Unable to preventDefault inside passive event listener invocation. @ http://localhost:3000/_next/static/chunks/node_modules_next_dist_compiled_react-dom_1e674e59._.js:2325
[ 1078681ms] [ERROR] Unable to preventDefault inside passive event listener invocation. @ http://localhost:3000/_next/static/chunks/node_modules_next_dist_compiled_react-dom_1e674e59._.js:2325
[ 1078724ms] [ERROR] Unable to preventDefault inside passive event listener invocation. @ http://localhost:3000/_next/static/chunks/node_modules_next_dist_compiled_react-dom_1e674e59._.js:2325
[ 1079591ms] [ERROR] Unable to preventDefault inside passive event listener invocation. @ http://localhost:3000/_next/static/chunks/node_modules_next_dist_compiled_react-dom_1e674e59._.js:2325
[ 1079610ms] [ERROR] Unable to preventDefault inside passive event listener invocation. @ http://localhost:3000/_next/static/chunks/node_modules_next_dist_compiled_react-dom_1e674e59._.js:2325
[ 1079634ms] [ERROR] Unable to preventDefault inside passive event listener invocation. @ http://localhost:3000/_next/static/chunks/node_modules_next_dist_compiled_react-dom_1e674e59._.js:2325
[ 1079683ms] [ERROR] Unable to preventDefault inside passive event listener invocation. @ http://localhost:3000/_next/static/chunks/node_modules_next_dist_compiled_react-dom_1e674e59._.js:2325
[ 1079888ms] [ERROR] Unable to preventDefault inside passive event listener invocation. @ http://localhost:3000/_next/static/chunks/node_modules_next_dist_compiled_react-dom_1e674e59._.js:2325
[ 1079914ms] [ERROR] Unable to preventDefault inside passive event listener invocation. @ http://localhost:3000/_next/static/chunks/node_modules_next_dist_compiled_react-dom_1e674e59._.js:2325
[ 1079961ms] [ERROR] Unable to preventDefault inside passive event listener invocation. @ http://localhost:3000/_next/static/chunks/node_modules_next_dist_compiled_react-dom_1e674e59._.js:2325
[ 1080125ms] [ERROR] Unable to preventDefault inside passive event listener invocation. @ http://localhost:3000/_next/static/chunks/node_modules_next_dist_compiled_react-dom_1e674e59._.js:2325
[ 1080144ms] [ERROR] Unable to preventDefault inside passive event listener invocation. @ http://localhost:3000/_next/static/chunks/node_modules_next_dist_compiled_react-dom_1e674e59._.js:2325
[ 1080181ms] [ERROR] Unable to preventDefault inside passive event listener invocation. @ http://localhost:3000/_next/static/chunks/node_modules_next_dist_compiled_react-dom_1e674e59._.js:2325
[ 1080360ms] [ERROR] Unable to preventDefault inside passive event listener invocation. @ http://localhost:3000/_next/static/chunks/node_modules_next_dist_compiled_react-dom_1e674e59._.js:2325
[ 1080384ms] [ERROR] Unable to preventDefault inside passive event listener invocation. @ http://localhost:3000/_next/static/chunks/node_modules_next_dist_compiled_react-dom_1e674e59._.js:2325
[ 1081018ms] [ERROR] Unable to preventDefault inside passive event listener invocation. @ http://localhost:3000/_next/static/chunks/node_modules_next_dist_compiled_react-dom_1e674e59._.js:2325
[ 1081032ms] [ERROR] Unable to preventDefault inside passive event listener invocation. @ http://localhost:3000/_next/static/chunks/node_modules_next_dist_compiled_react-dom_1e674e59._.js:2325
[ 1081042ms] [ERROR] Unable to preventDefault inside passive event listener invocation. @ http://localhost:3000/_next/static/chunks/node_modules_next_dist_compiled_react-dom_1e674e59._.js:2325
[ 1081056ms] [ERROR] Unable to preventDefault inside passive event listener invocation. @ http://localhost:3000/_next/static/chunks/node_modules_next_dist_compiled_react-dom_1e674e59._.js:2325
[ 1081287ms] [ERROR] Unable to preventDefault inside passive event listener invocation. @ http://localhost:3000/_next/static/chunks/node_modules_next_dist_compiled_react-dom_1e674e59._.js:2325
[ 1081307ms] [ERROR] Unable to preventDefault inside passive event listener invocation. @ http://localhost:3000/_next/static/chunks/node_modules_next_dist_compiled_react-dom_1e674e59._.js:2325
[ 1081317ms] [ERROR] Unable to preventDefault inside passive event listener invocation. @ http://localhost:3000/_next/static/chunks/node_modules_next_dist_compiled_react-dom_1e674e59._.js:2325
[ 1081333ms] [ERROR] Unable to preventDefault inside passive event listener invocation. @ http://localhost:3000/_next/static/chunks/node_modules_next_dist_compiled_react-dom_1e674e59._.js:2325
[ 1081344ms] [ERROR] Unable to preventDefault inside passive event listener invocation. @ http://localhost:3000/_next/static/chunks/node_modules_next_dist_compiled_react-dom_1e674e59._.js:2325
[ 1081399ms] [LOG] [Fast Refresh] rebuilding @ http://localhost:3000/_next/static/chunks/node_modules_next_dist_f3530cac._.js:2297
[ 1081400ms] [LOG] [Fast Refresh] done in 108ms @ http://localhost:3000/_next/static/chunks/node_modules_next_dist_f3530cac._.js:2297
[ 1081625ms] [ERROR] Unable to preventDefault inside passive event listener invocation. @ http://localhost:3000/_next/static/chunks/node_modules_next_dist_compiled_react-dom_1e674e59._.js:2325
[ 1081952ms] [ERROR] Unable to preventDefault inside passive event listener invocation. @ http://localhost:3000/_next/static/chunks/node_modules_next_dist_compiled_react-dom_1e674e59._.js:2325
[ 1081979ms] [ERROR] Unable to preventDefault inside passive event listener invocation. @ http://localhost:3000/_next/static/chunks/node_modules_next_dist_compiled_react-dom_1e674e59._.js:2325
[ 1082313ms] [ERROR] Unable to preventDefault inside passive event listener invocation. @ http://localhost:3000/_next/static/chunks/node_modules_next_dist_compiled_react-dom_1e674e59._.js:2325
[ 1082353ms] [ERROR] Unable to preventDefault inside passive event listener invocation. @ http://localhost:3000/_next/static/chunks/node_modules_next_dist_compiled_react-dom_1e674e59._.js:2325
[ 1082871ms] [ERROR] Unable to preventDefault inside passive event listener invocation. @ http://localhost:3000/_next/static/chunks/node_modules_next_dist_compiled_react-dom_1e674e59._.js:2325
[ 1082905ms] [ERROR] Unable to preventDefault inside passive event listener invocation. @ http://localhost:3000/_next/static/chunks/node_modules_next_dist_compiled_react-dom_1e674e59._.js:2325
[ 1084895ms] [ERROR] Unable to preventDefault inside passive event listener invocation. @ http://localhost:3000/_next/static/chunks/node_modules_next_dist_compiled_react-dom_1e674e59._.js:2325
[ 1084924ms] [ERROR] Unable to preventDefault inside passive event listener invocation. @ http://localhost:3000/_next/static/chunks/node_modules_next_dist_compiled_react-dom_1e674e59._.js:2325
[ 1085164ms] [ERROR] Unable to preventDefault inside passive event listener invocation. @ http://localhost:3000/_next/static/chunks/node_modules_next_dist_compiled_react-dom_1e674e59._.js:2325
[ 1085185ms] [ERROR] Unable to preventDefault inside passive event listener invocation. @ http://localhost:3000/_next/static/chunks/node_modules_next_dist_compiled_react-dom_1e674e59._.js:2325
[ 1085202ms] [ERROR] Unable to preventDefault inside passive event listener invocation. @ http://localhost:3000/_next/static/chunks/node_modules_next_dist_compiled_react-dom_1e674e59._.js:2325
[ 1085836ms] [ERROR] Unable to preventDefault inside passive event listener invocation. @ http://localhost:3000/_next/static/chunks/node_modules_next_dist_compiled_react-dom_1e674e59._.js:2325
[ 1085873ms] [ERROR] Unable to preventDefault inside passive event listener invocation. @ http://localhost:3000/_next/static/chunks/node_modules_next_dist_compiled_react-dom_1e674e59._.js:2325
[ 1108276ms] [LOG] [Fast Refresh] rebuilding @ http://localhost:3000/_next/static/chunks/node_modules_next_dist_f3530cac._.js:2297
[ 1110825ms] [LOG] [Fast Refresh] done in 2650ms @ http://localhost:3000/_next/static/chunks/node_modules_next_dist_f3530cac._.js:2297
[ 1125848ms] [ERROR] Unable to preventDefault inside passive event listener invocation. @ http://localhost:3000/_next/static/chunks/node_modules_next_dist_compiled_react-dom_1e674e59._.js:2325
[ 1125888ms] [ERROR] Unable to preventDefault inside passive event listener invocation. @ http://localhost:3000/_next/static/chunks/node_modules_next_dist_compiled_react-dom_1e674e59._.js:2325
[ 1125926ms] [ERROR] Unable to preventDefault inside passive event listener invocation. @ http://localhost:3000/_next/static/chunks/node_modules_next_dist_compiled_react-dom_1e674e59._.js:2325
[ 1126136ms] [ERROR] Unable to preventDefault inside passive event listener invocation. @ http://localhost:3000/_next/static/chunks/node_modules_next_dist_compiled_react-dom_1e674e59._.js:2325
[ 1126161ms] [ERROR] Unable to preventDefault inside passive event listener invocation. @ http://localhost:3000/_next/static/chunks/node_modules_next_dist_compiled_react-dom_1e674e59._.js:2325
[ 1126213ms] [ERROR] Unable to preventDefault inside passive event listener invocation. @ http://localhost:3000/_next/static/chunks/node_modules_next_dist_compiled_react-dom_1e674e59._.js:2325
[ 1126371ms] [ERROR] Unable to preventDefault inside passive event listener invocation. @ http://localhost:3000/_next/static/chunks/node_modules_next_dist_compiled_react-dom_1e674e59._.js:2325
[ 1126394ms] [ERROR] Unable to preventDefault inside passive event listener invocation. @ http://localhost:3000/_next/static/chunks/node_modules_next_dist_compiled_react-dom_1e674e59._.js:2325
[ 1126414ms] [ERROR] Unable to preventDefault inside passive event listener invocation. @ http://localhost:3000/_next/static/chunks/node_modules_next_dist_compiled_react-dom_1e674e59._.js:2325
[ 1126613ms] [ERROR] Unable to preventDefault inside passive event listener invocation. @ http://localhost:3000/_next/static/chunks/node_modules_next_dist_compiled_react-dom_1e674e59._.js:2325
[ 1126633ms] [ERROR] Unable to preventDefault inside passive event listener invocation. @ http://localhost:3000/_next/static/chunks/node_modules_next_dist_compiled_react-dom_1e674e59._.js:2325
[ 1126660ms] [ERROR] Unable to preventDefault inside passive event listener invocation. @ http://localhost:3000/_next/static/chunks/node_modules_next_dist_compiled_react-dom_1e674e59._.js:2325
[ 1126861ms] [ERROR] Unable to preventDefault inside passive event listener invocation. @ http://localhost:3000/_next/static/chunks/node_modules_next_dist_compiled_react-dom_1e674e59._.js:2325
[ 1126889ms] [ERROR] Unable to preventDefault inside passive event listener invocation. @ http://localhost:3000/_next/static/chunks/node_modules_next_dist_compiled_react-dom_1e674e59._.js:2325
[ 1126927ms] [ERROR] Unable to preventDefault inside passive event listener invocation. @ http://localhost:3000/_next/static/chunks/node_modules_next_dist_compiled_react-dom_1e674e59._.js:2325
[ 1126971ms] [LOG] [Fast Refresh] rebuilding @ http://localhost:3000/_next/static/chunks/node_modules_next_dist_f3530cac._.js:2297
[ 1126978ms] [LOG] [Fast Refresh] done in 108ms @ http://localhost:3000/_next/static/chunks/node_modules_next_dist_f3530cac._.js:2297
[ 1127211ms] [ERROR] Unable to preventDefault inside passive event listener invocation. @ http://localhost:3000/_next/static/chunks/node_modules_next_dist_compiled_react-dom_1e674e59._.js:2325
[ 1127232ms] [ERROR] Unable to preventDefault inside passive event listener invocation. @ http://localhost:3000/_next/static/chunks/node_modules_next_dist_compiled_react-dom_1e674e59._.js:2325
[ 1127271ms] [ERROR] Unable to preventDefault inside passive event listener invocation. @ http://localhost:3000/_next/static/chunks/node_modules_next_dist_compiled_react-dom_1e674e59._.js:2325
[ 1127471ms] [ERROR] Unable to preventDefault inside passive event listener invocation. @ http://localhost:3000/_next/static/chunks/node_modules_next_dist_compiled_react-dom_1e674e59._.js:2325
[ 1127495ms] [ERROR] Unable to preventDefault inside passive event listener invocation. @ http://localhost:3000/_next/static/chunks/node_modules_next_dist_compiled_react-dom_1e674e59._.js:2325
[ 1127523ms] [ERROR] Unable to preventDefault inside passive event listener invocation. @ http://localhost:3000/_next/static/chunks/node_modules_next_dist_compiled_react-dom_1e674e59._.js:2325
[ 1128212ms] [ERROR] Unable to preventDefault inside passive event listener invocation. @ http://localhost:3000/_next/static/chunks/node_modules_next_dist_compiled_react-dom_1e674e59._.js:2325
[ 1128237ms] [ERROR] Unable to preventDefault inside passive event listener invocation. @ http://localhost:3000/_next/static/chunks/node_modules_next_dist_compiled_react-dom_1e674e59._.js:2325
[ 1135828ms] [ERROR] Unable to preventDefault inside passive event listener invocation. @ http://localhost:3000/_next/static/chunks/node_modules_next_dist_compiled_react-dom_1e674e59._.js:2325
[ 1135850ms] [ERROR] Unable to preventDefault inside passive event listener invocation. @ http://localhost:3000/_next/static/chunks/node_modules_next_dist_compiled_react-dom_1e674e59._.js:2325
[ 1135885ms] [ERROR] Unable to preventDefault inside passive event listener invocation. @ http://localhost:3000/_next/static/chunks/node_modules_next_dist_compiled_react-dom_1e674e59._.js:2325
[ 1136235ms] [ERROR] Unable to preventDefault inside passive event listener invocation. @ http://localhost:3000/_next/static/chunks/node_modules_next_dist_compiled_react-dom_1e674e59._.js:2325
[ 1136262ms] [ERROR] Unable to preventDefault inside passive event listener invocation. @ http://localhost:3000/_next/static/chunks/node_modules_next_dist_compiled_react-dom_1e674e59._.js:2325
[ 1144611ms] [ERROR] Unable to preventDefault inside passive event listener invocation. @ http://localhost:3000/_next/static/chunks/node_modules_next_dist_compiled_react-dom_1e674e59._.js:2325
[ 1144629ms] [ERROR] Unable to preventDefault inside passive event listener invocation. @ http://localhost:3000/_next/static/chunks/node_modules_next_dist_compiled_react-dom_1e674e59._.js:2325
[ 1144649ms] [ERROR] Unable to preventDefault inside passive event listener invocation. @ http://localhost:3000/_next/static/chunks/node_modules_next_dist_compiled_react-dom_1e674e59._.js:2325
[ 1144876ms] [ERROR] Unable to preventDefault inside passive event listener invocation. @ http://localhost:3000/_next/static/chunks/node_modules_next_dist_compiled_react-dom_1e674e59._.js:2325
[ 1144890ms] [ERROR] Unable to preventDefault inside passive event listener invocation. @ http://localhost:3000/_next/static/chunks/node_modules_next_dist_compiled_react-dom_1e674e59._.js:2325
[ 1144905ms] [ERROR] Unable to preventDefault inside passive event listener invocation. @ http://localhost:3000/_next/static/chunks/node_modules_next_dist_compiled_react-dom_1e674e59._.js:2325
[ 1144922ms] [ERROR] Unable to preventDefault inside passive event listener invocation. @ http://localhost:3000/_next/static/chunks/node_modules_next_dist_compiled_react-dom_1e674e59._.js:2325
[ 1145114ms] [ERROR] Unable to preventDefault inside passive event listener invocation. @ http://localhost:3000/_next/static/chunks/node_modules_next_dist_compiled_react-dom_1e674e59._.js:2325
[ 1145130ms] [ERROR] Unable to preventDefault inside passive event listener invocation. @ http://localhost:3000/_next/static/chunks/node_modules_next_dist_compiled_react-dom_1e674e59._.js:2325
[ 1145145ms] [ERROR] Unable to preventDefault inside passive event listener invocation. @ http://localhost:3000/_next/static/chunks/node_modules_next_dist_compiled_react-dom_1e674e59._.js:2325
[ 1145157ms] [ERROR] Unable to preventDefault inside passive event listener invocation. @ http://localhost:3000/_next/static/chunks/node_modules_next_dist_compiled_react-dom_1e674e59._.js:2325
[ 1145369ms] [ERROR] Unable to preventDefault inside passive event listener invocation. @ http://localhost:3000/_next/static/chunks/node_modules_next_dist_compiled_react-dom_1e674e59._.js:2325
[ 1145384ms] [ERROR] Unable to preventDefault inside passive event listener invocation. @ http://localhost:3000/_next/static/chunks/node_modules_next_dist_compiled_react-dom_1e674e59._.js:2325
[ 1145401ms] [ERROR] Unable to preventDefault inside passive event listener invocation. @ http://localhost:3000/_next/static/chunks/node_modules_next_dist_compiled_react-dom_1e674e59._.js:2325
[ 1145414ms] [ERROR] Unable to preventDefault inside passive event listener invocation. @ http://localhost:3000/_next/static/chunks/node_modules_next_dist_compiled_react-dom_1e674e59._.js:2325
[ 1146778ms] [ERROR] Unable to preventDefault inside passive event listener invocation. @ http://localhost:3000/_next/static/chunks/node_modules_next_dist_compiled_react-dom_1e674e59._.js:2325
[ 1146805ms] [ERROR] Unable to preventDefault inside passive event listener invocation. @ http://localhost:3000/_next/static/chunks/node_modules_next_dist_compiled_react-dom_1e674e59._.js:2325
[ 1146834ms] [ERROR] Unable to preventDefault inside passive event listener invocation. @ http://localhost:3000/_next/static/chunks/node_modules_next_dist_compiled_react-dom_1e674e59._.js:2325
[ 1147036ms] [ERROR] Unable to preventDefault inside passive event listener invocation. @ http://localhost:3000/_next/static/chunks/node_modules_next_dist_compiled_react-dom_1e674e59._.js:2325
[ 1147068ms] [ERROR] Unable to preventDefault inside passive event listener invocation. @ http://localhost:3000/_next/static/chunks/node_modules_next_dist_compiled_react-dom_1e674e59._.js:2325
[ 1147386ms] [ERROR] Unable to preventDefault inside passive event listener invocation. @ http://localhost:3000/_next/static/chunks/node_modules_next_dist_compiled_react-dom_1e674e59._.js:2325
[ 1147408ms] [ERROR] Unable to preventDefault inside passive event listener invocation. @ http://localhost:3000/_next/static/chunks/node_modules_next_dist_compiled_react-dom_1e674e59._.js:2325
[ 1147448ms] [ERROR] Unable to preventDefault inside passive event listener invocation. @ http://localhost:3000/_next/static/chunks/node_modules_next_dist_compiled_react-dom_1e674e59._.js:2325
[ 1158319ms] [LOG] [cache-update] sid= null poleTags= 0 shapes= 0 @ http://localhost:3000/_next/static/chunks/node_modules_next_dist_f3530cac._.js:2297
[ 1158319ms] [WARNING] [cache-update] skipping save — no sessionId or db @ http://localhost:3000/_next/static/chunks/node_modules_next_dist_f3530cac._.js:2297
[ 1159517ms] [LOG] [Fast Refresh] rebuilding @ http://localhost:3000/_next/static/chunks/node_modules_next_dist_f3530cac._.js:2297
[ 1159596ms] [LOG] [Fast Refresh] done in 185ms @ http://localhost:3000/_next/static/chunks/node_modules_next_dist_f3530cac._.js:2297
[ 1160095ms] [LOG] [cache-update] sid= null poleTags= 0 shapes= 0 @ http://localhost:3000/_next/static/chunks/node_modules_next_dist_f3530cac._.js:2297
[ 1160095ms] [WARNING] [cache-update] skipping save — no sessionId or db @ http://localhost:3000/_next/static/chunks/node_modules_next_dist_f3530cac._.js:2297
[ 1162165ms] [LOG] [cache-update] sid= null poleTags= 8 shapes= 0 @ http://localhost:3000/_next/static/chunks/node_modules_next_dist_f3530cac._.js:2297
[ 1162165ms] [WARNING] [cache-update] skipping save — no sessionId or db @ http://localhost:3000/_next/static/chunks/node_modules_next_dist_f3530cac._.js:2297
[ 1163099ms] [ERROR] Unable to preventDefault inside passive event listener invocation. @ http://localhost:3000/_next/static/chunks/node_modules_next_dist_compiled_react-dom_1e674e59._.js:2325
[ 1163137ms] [ERROR] Unable to preventDefault inside passive event listener invocation. @ http://localhost:3000/_next/static/chunks/node_modules_next_dist_compiled_react-dom_1e674e59._.js:2325
[ 1163178ms] [ERROR] Unable to preventDefault inside passive event listener invocation. @ http://localhost:3000/_next/static/chunks/node_modules_next_dist_compiled_react-dom_1e674e59._.js:2325
[ 1163342ms] [ERROR] Unable to preventDefault inside passive event listener invocation. @ http://localhost:3000/_next/static/chunks/node_modules_next_dist_compiled_react-dom_1e674e59._.js:2325
[ 1163370ms] [ERROR] Unable to preventDefault inside passive event listener invocation. @ http://localhost:3000/_next/static/chunks/node_modules_next_dist_compiled_react-dom_1e674e59._.js:2325
[ 1163399ms] [ERROR] Unable to preventDefault inside passive event listener invocation. @ http://localhost:3000/_next/static/chunks/node_modules_next_dist_compiled_react-dom_1e674e59._.js:2325
[ 1163440ms] [LOG] [Fast Refresh] rebuilding @ http://localhost:3000/_next/static/chunks/node_modules_next_dist_f3530cac._.js:2297
[ 1163504ms] [LOG] [Fast Refresh] done in 165ms @ http://localhost:3000/_next/static/chunks/node_modules_next_dist_f3530cac._.js:2297
[ 1163562ms] [ERROR] Unable to preventDefault inside passive event listener invocation. @ http://localhost:3000/_next/static/chunks/node_modules_next_dist_compiled_react-dom_1e674e59._.js:2325
[ 1163584ms] [ERROR] Unable to preventDefault inside passive event listener invocation. @ http://localhost:3000/_next/static/chunks/node_modules_next_dist_compiled_react-dom_1e674e59._.js:2325
[ 1163603ms] [ERROR] Unable to preventDefault inside passive event listener invocation. @ http://localhost:3000/_next/static/chunks/node_modules_next_dist_compiled_react-dom_1e674e59._.js:2325
[ 1163632ms] [ERROR] Unable to preventDefault inside passive event listener invocation. @ http://localhost:3000/_next/static/chunks/node_modules_next_dist_compiled_react-dom_1e674e59._.js:2325
[ 1163683ms] [LOG] [Fast Refresh] rebuilding @ http://localhost:3000/_next/static/chunks/node_modules_next_dist_f3530cac._.js:2297
[ 1163687ms] [LOG] [Fast Refresh] done in 104ms @ http://localhost:3000/_next/static/chunks/node_modules_next_dist_f3530cac._.js:2297
[ 1163802ms] [ERROR] Unable to preventDefault inside passive event listener invocation. @ http://localhost:3000/_next/static/chunks/node_modules_next_dist_compiled_react-dom_1e674e59._.js:2325
[ 1163832ms] [ERROR] Unable to preventDefault inside passive event listener invocation. @ http://localhost:3000/_next/static/chunks/node_modules_next_dist_compiled_react-dom_1e674e59._.js:2325
[ 1164242ms] [LOG] [cache-update] sid= null poleTags= 12 shapes= 0 @ http://localhost:3000/_next/static/chunks/node_modules_next_dist_f3530cac._.js:2297
[ 1164242ms] [WARNING] [cache-update] skipping save — no sessionId or db @ http://localhost:3000/_next/static/chunks/node_modules_next_dist_f3530cac._.js:2297
[ 1164594ms] [ERROR] Unable to preventDefault inside passive event listener invocation. @ http://localhost:3000/_next/static/chunks/node_modules_next_dist_compiled_react-dom_1e674e59._.js:2325
[ 1164610ms] [ERROR] Unable to preventDefault inside passive event listener invocation. @ http://localhost:3000/_next/static/chunks/node_modules_next_dist_compiled_react-dom_1e674e59._.js:2325
[ 1164630ms] [ERROR] Unable to preventDefault inside passive event listener invocation. @ http://localhost:3000/_next/static/chunks/node_modules_next_dist_compiled_react-dom_1e674e59._.js:2325
[ 1164656ms] [ERROR] Unable to preventDefault inside passive event listener invocation. @ http://localhost:3000/_next/static/chunks/node_modules_next_dist_compiled_react-dom_1e674e59._.js:2325
[ 1164832ms] [ERROR] Unable to preventDefault inside passive event listener invocation. @ http://localhost:3000/_next/static/chunks/node_modules_next_dist_compiled_react-dom_1e674e59._.js:2325
[ 1164874ms] [ERROR] Unable to preventDefault inside passive event listener invocation. @ http://localhost:3000/_next/static/chunks/node_modules_next_dist_compiled_react-dom_1e674e59._.js:2325
[ 1164886ms] [ERROR] Unable to preventDefault inside passive event listener invocation. @ http://localhost:3000/_next/static/chunks/node_modules_next_dist_compiled_react-dom_1e674e59._.js:2325
[ 1164922ms] [ERROR] Unable to preventDefault inside passive event listener invocation. @ http://localhost:3000/_next/static/chunks/node_modules_next_dist_compiled_react-dom_1e674e59._.js:2325
[ 1165130ms] [ERROR] Unable to preventDefault inside passive event listener invocation. @ http://localhost:3000/_next/static/chunks/node_modules_next_dist_compiled_react-dom_1e674e59._.js:2325
[ 1165146ms] [ERROR] Unable to preventDefault inside passive event listener invocation. @ http://localhost:3000/_next/static/chunks/node_modules_next_dist_compiled_react-dom_1e674e59._.js:2325
[ 1165167ms] [ERROR] Unable to preventDefault inside passive event listener invocation. @ http://localhost:3000/_next/static/chunks/node_modules_next_dist_compiled_react-dom_1e674e59._.js:2325
[ 1165404ms] [ERROR] Unable to preventDefault inside passive event listener invocation. @ http://localhost:3000/_next/static/chunks/node_modules_next_dist_compiled_react-dom_1e674e59._.js:2325
[ 1165423ms] [ERROR] Unable to preventDefault inside passive event listener invocation. @ http://localhost:3000/_next/static/chunks/node_modules_next_dist_compiled_react-dom_1e674e59._.js:2325
[ 1165446ms] [ERROR] Unable to preventDefault inside passive event listener invocation. @ http://localhost:3000/_next/static/chunks/node_modules_next_dist_compiled_react-dom_1e674e59._.js:2325
[ 1165772ms] [ERROR] Unable to preventDefault inside passive event listener invocation. @ http://localhost:3000/_next/static/chunks/node_modules_next_dist_compiled_react-dom_1e674e59._.js:2325
[ 1165786ms] [ERROR] Unable to preventDefault inside passive event listener invocation. @ http://localhost:3000/_next/static/chunks/node_modules_next_dist_compiled_react-dom_1e674e59._.js:2325
[ 1165799ms] [ERROR] Unable to preventDefault inside passive event listener invocation. @ http://localhost:3000/_next/static/chunks/node_modules_next_dist_compiled_react-dom_1e674e59._.js:2325
[ 1165812ms] [ERROR] Unable to preventDefault inside passive event listener invocation. @ http://localhost:3000/_next/static/chunks/node_modules_next_dist_compiled_react-dom_1e674e59._.js:2325
[ 1165829ms] [ERROR] Unable to preventDefault inside passive event listener invocation. @ http://localhost:3000/_next/static/chunks/node_modules_next_dist_compiled_react-dom_1e674e59._.js:2325
[ 1166017ms] [ERROR] Unable to preventDefault inside passive event listener invocation. @ http://localhost:3000/_next/static/chunks/node_modules_next_dist_compiled_react-dom_1e674e59._.js:2325
[ 1166036ms] [ERROR] Unable to preventDefault inside passive event listener invocation. @ http://localhost:3000/_next/static/chunks/node_modules_next_dist_compiled_react-dom_1e674e59._.js:2325
[ 1166050ms] [ERROR] Unable to preventDefault inside passive event listener invocation. @ http://localhost:3000/_next/static/chunks/node_modules_next_dist_compiled_react-dom_1e674e59._.js:2325
[ 1166059ms] [ERROR] Unable to preventDefault inside passive event listener invocation. @ http://localhost:3000/_next/static/chunks/node_modules_next_dist_compiled_react-dom_1e674e59._.js:2325
[ 1166070ms] [ERROR] Unable to preventDefault inside passive event listener invocation. @ http://localhost:3000/_next/static/chunks/node_modules_next_dist_compiled_react-dom_1e674e59._.js:2325
[ 1166273ms] [ERROR] Unable to preventDefault inside passive event listener invocation. @ http://localhost:3000/_next/static/chunks/node_modules_next_dist_compiled_react-dom_1e674e59._.js:2325
[ 1166290ms] [ERROR] Unable to preventDefault inside passive event listener invocation. @ http://localhost:3000/_next/static/chunks/node_modules_next_dist_compiled_react-dom_1e674e59._.js:2325
[ 1166309ms] [ERROR] Unable to preventDefault inside passive event listener invocation. @ http://localhost:3000/_next/static/chunks/node_modules_next_dist_compiled_react-dom_1e674e59._.js:2325
[ 1166312ms] [LOG] [cache-update] sid= null poleTags= 17 shapes= 0 @ http://localhost:3000/_next/static/chunks/node_modules_next_dist_f3530cac._.js:2297
[ 1166313ms] [WARNING] [cache-update] skipping save — no sessionId or db @ http://localhost:3000/_next/static/chunks/node_modules_next_dist_f3530cac._.js:2297
[ 1166330ms] [ERROR] Unable to preventDefault inside passive event listener invocation. @ http://localhost:3000/_next/static/chunks/node_modules_next_dist_compiled_react-dom_1e674e59._.js:2325
[ 1166361ms] [LOG] [Fast Refresh] rebuilding @ http://localhost:3000/_next/static/chunks/node_modules_next_dist_f3530cac._.js:2297
[ 1166430ms] [LOG] [Fast Refresh] done in 169ms @ http://localhost:3000/_next/static/chunks/node_modules_next_dist_f3530cac._.js:2297
[ 1166567ms] [ERROR] Unable to preventDefault inside passive event listener invocation. @ http://localhost:3000/_next/static/chunks/node_modules_next_dist_compiled_react-dom_1e674e59._.js:2325
[ 1166582ms] [ERROR] Unable to preventDefault inside passive event listener invocation. @ http://localhost:3000/_next/static/chunks/node_modules_next_dist_compiled_react-dom_1e674e59._.js:2325
[ 1166597ms] [ERROR] Unable to preventDefault inside passive event listener invocation. @ http://localhost:3000/_next/static/chunks/node_modules_next_dist_compiled_react-dom_1e674e59._.js:2325
[ 1166614ms] [ERROR] Unable to preventDefault inside passive event listener invocation. @ http://localhost:3000/_next/static/chunks/node_modules_next_dist_compiled_react-dom_1e674e59._.js:2325
[ 1166849ms] [ERROR] Unable to preventDefault inside passive event listener invocation. @ http://localhost:3000/_next/static/chunks/node_modules_next_dist_compiled_react-dom_1e674e59._.js:2325
[ 1166866ms] [ERROR] Unable to preventDefault inside passive event listener invocation. @ http://localhost:3000/_next/static/chunks/node_modules_next_dist_compiled_react-dom_1e674e59._.js:2325
[ 1166883ms] [ERROR] Unable to preventDefault inside passive event listener invocation. @ http://localhost:3000/_next/static/chunks/node_modules_next_dist_compiled_react-dom_1e674e59._.js:2325
[ 1166925ms] [ERROR] Unable to preventDefault inside passive event listener invocation. @ http://localhost:3000/_next/static/chunks/node_modules_next_dist_compiled_react-dom_1e674e59._.js:2325
[ 1167122ms] [ERROR] Unable to preventDefault inside passive event listener invocation. @ http://localhost:3000/_next/static/chunks/node_modules_next_dist_compiled_react-dom_1e674e59._.js:2325
[ 1167140ms] [ERROR] Unable to preventDefault inside passive event listener invocation. @ http://localhost:3000/_next/static/chunks/node_modules_next_dist_compiled_react-dom_1e674e59._.js:2325
[ 1167163ms] [ERROR] Unable to preventDefault inside passive event listener invocation. @ http://localhost:3000/_next/static/chunks/node_modules_next_dist_compiled_react-dom_1e674e59._.js:2325
[ 1167437ms] [ERROR] Unable to preventDefault inside passive event listener invocation. @ http://localhost:3000/_next/static/chunks/node_modules_next_dist_compiled_react-dom_1e674e59._.js:2325
[ 1167449ms] [ERROR] Unable to preventDefault inside passive event listener invocation. @ http://localhost:3000/_next/static/chunks/node_modules_next_dist_compiled_react-dom_1e674e59._.js:2325
[ 1167469ms] [ERROR] Unable to preventDefault inside passive event listener invocation. @ http://localhost:3000/_next/static/chunks/node_modules_next_dist_compiled_react-dom_1e674e59._.js:2325
[ 1167832ms] [ERROR] Unable to preventDefault inside passive event listener invocation. @ http://localhost:3000/_next/static/chunks/node_modules_next_dist_compiled_react-dom_1e674e59._.js:2325
[ 1167849ms] [ERROR] Unable to preventDefault inside passive event listener invocation. @ http://localhost:3000/_next/static/chunks/node_modules_next_dist_compiled_react-dom_1e674e59._.js:2325
[ 1167865ms] [ERROR] Unable to preventDefault inside passive event listener invocation. @ http://localhost:3000/_next/static/chunks/node_modules_next_dist_compiled_react-dom_1e674e59._.js:2325
[ 1168404ms] [ERROR] Unable to preventDefault inside passive event listener invocation. @ http://localhost:3000/_next/static/chunks/node_modules_next_dist_compiled_react-dom_1e674e59._.js:2325
[ 1168417ms] [ERROR] Unable to preventDefault inside passive event listener invocation. @ http://localhost:3000/_next/static/chunks/node_modules_next_dist_compiled_react-dom_1e674e59._.js:2325
[ 1168432ms] [LOG] [cache-update] sid= null poleTags= 24 shapes= 0 @ http://localhost:3000/_next/static/chunks/node_modules_next_dist_f3530cac._.js:2297
[ 1168433ms] [WARNING] [cache-update] skipping save — no sessionId or db @ http://localhost:3000/_next/static/chunks/node_modules_next_dist_f3530cac._.js:2297
[ 1168450ms] [ERROR] Unable to preventDefault inside passive event listener invocation. @ http://localhost:3000/_next/static/chunks/node_modules_next_dist_compiled_react-dom_1e674e59._.js:2325
[ 1170008ms] [ERROR] Unable to preventDefault inside passive event listener invocation. @ http://localhost:3000/_next/static/chunks/node_modules_next_dist_compiled_react-dom_1e674e59._.js:2325
[ 1170030ms] [ERROR] Unable to preventDefault inside passive event listener invocation. @ http://localhost:3000/_next/static/chunks/node_modules_next_dist_compiled_react-dom_1e674e59._.js:2325
[ 1170052ms] [ERROR] Unable to preventDefault inside passive event listener invocation. @ http://localhost:3000/_next/static/chunks/node_modules_next_dist_compiled_react-dom_1e674e59._.js:2325
[ 1170243ms] [ERROR] Unable to preventDefault inside passive event listener invocation. @ http://localhost:3000/_next/static/chunks/node_modules_next_dist_compiled_react-dom_1e674e59._.js:2325
[ 1170270ms] [ERROR] Unable to preventDefault inside passive event listener invocation. @ http://localhost:3000/_next/static/chunks/node_modules_next_dist_compiled_react-dom_1e674e59._.js:2325
[ 1170303ms] [ERROR] Unable to preventDefault inside passive event listener invocation. @ http://localhost:3000/_next/static/chunks/node_modules_next_dist_compiled_react-dom_1e674e59._.js:2325
[ 1170366ms] [LOG] [Fast Refresh] rebuilding @ http://localhost:3000/_next/static/chunks/node_modules_next_dist_f3530cac._.js:2297
[ 1170370ms] [LOG] [Fast Refresh] done in 106ms @ http://localhost:3000/_next/static/chunks/node_modules_next_dist_f3530cac._.js:2297
[ 1170471ms] [ERROR] Unable to preventDefault inside passive event listener invocation. @ http://localhost:3000/_next/static/chunks/node_modules_next_dist_compiled_react-dom_1e674e59._.js:2325
[ 1170490ms] [ERROR] Unable to preventDefault inside passive event listener invocation. @ http://localhost:3000/_next/static/chunks/node_modules_next_dist_compiled_react-dom_1e674e59._.js:2325
[ 1170499ms] [LOG] [cache-update] sid= null poleTags= 32 shapes= 0 @ http://localhost:3000/_next/static/chunks/node_modules_next_dist_f3530cac._.js:2297
[ 1170499ms] [WARNING] [cache-update] skipping save — no sessionId or db @ http://localhost:3000/_next/static/chunks/node_modules_next_dist_f3530cac._.js:2297
[ 1170517ms] [ERROR] Unable to preventDefault inside passive event listener invocation. @ http://localhost:3000/_next/static/chunks/node_modules_next_dist_compiled_react-dom_1e674e59._.js:2325
[ 1170529ms] [ERROR] Unable to preventDefault inside passive event listener invocation. @ http://localhost:3000/_next/static/chunks/node_modules_next_dist_compiled_react-dom_1e674e59._.js:2325
[ 1170688ms] [ERROR] Unable to preventDefault inside passive event listener invocation. @ http://localhost:3000/_next/static/chunks/node_modules_next_dist_compiled_react-dom_1e674e59._.js:2325
[ 1170712ms] [ERROR] Unable to preventDefault inside passive event listener invocation. @ http://localhost:3000/_next/static/chunks/node_modules_next_dist_compiled_react-dom_1e674e59._.js:2325
[ 1170728ms] [ERROR] Unable to preventDefault inside passive event listener invocation. @ http://localhost:3000/_next/static/chunks/node_modules_next_dist_compiled_react-dom_1e674e59._.js:2325
[ 1170762ms] [ERROR] Unable to preventDefault inside passive event listener invocation. @ http://localhost:3000/_next/static/chunks/node_modules_next_dist_compiled_react-dom_1e674e59._.js:2325
[ 1170934ms] [ERROR] Unable to preventDefault inside passive event listener invocation. @ http://localhost:3000/_next/static/chunks/node_modules_next_dist_compiled_react-dom_1e674e59._.js:2325
[ 1170958ms] [ERROR] Unable to preventDefault inside passive event listener invocation. @ http://localhost:3000/_next/static/chunks/node_modules_next_dist_compiled_react-dom_1e674e59._.js:2325
[ 1170972ms] [ERROR] Unable to preventDefault inside passive event listener invocation. @ http://localhost:3000/_next/static/chunks/node_modules_next_dist_compiled_react-dom_1e674e59._.js:2325
[ 1170999ms] [ERROR] Unable to preventDefault inside passive event listener invocation. @ http://localhost:3000/_next/static/chunks/node_modules_next_dist_compiled_react-dom_1e674e59._.js:2325
[ 1171043ms] [LOG] [Fast Refresh] rebuilding @ http://localhost:3000/_next/static/chunks/node_modules_next_dist_f3530cac._.js:2297
[ 1171055ms] [LOG] [Fast Refresh] done in 113ms @ http://localhost:3000/_next/static/chunks/node_modules_next_dist_f3530cac._.js:2297
[ 1171175ms] [ERROR] Unable to preventDefault inside passive event listener invocation. @ http://localhost:3000/_next/static/chunks/node_modules_next_dist_compiled_react-dom_1e674e59._.js:2325
[ 1171200ms] [ERROR] Unable to preventDefault inside passive event listener invocation. @ http://localhost:3000/_next/static/chunks/node_modules_next_dist_compiled_react-dom_1e674e59._.js:2325
[ 1171222ms] [ERROR] Unable to preventDefault inside passive event listener invocation. @ http://localhost:3000/_next/static/chunks/node_modules_next_dist_compiled_react-dom_1e674e59._.js:2325
[ 1171488ms] [ERROR] Unable to preventDefault inside passive event listener invocation. @ http://localhost:3000/_next/static/chunks/node_modules_next_dist_compiled_react-dom_1e674e59._.js:2325
[ 1171512ms] [ERROR] Unable to preventDefault inside passive event listener invocation. @ http://localhost:3000/_next/static/chunks/node_modules_next_dist_compiled_react-dom_1e674e59._.js:2325
[ 1171526ms] [ERROR] Unable to preventDefault inside passive event listener invocation. @ http://localhost:3000/_next/static/chunks/node_modules_next_dist_compiled_react-dom_1e674e59._.js:2325
[ 1171540ms] [ERROR] Unable to preventDefault inside passive event listener invocation. @ http://localhost:3000/_next/static/chunks/node_modules_next_dist_compiled_react-dom_1e674e59._.js:2325
[ 1172289ms] [ERROR] Unable to preventDefault inside passive event listener invocation. @ http://localhost:3000/_next/static/chunks/node_modules_next_dist_compiled_react-dom_1e674e59._.js:2325
[ 1172310ms] [ERROR] Unable to preventDefault inside passive event listener invocation. @ http://localhost:3000/_next/static/chunks/node_modules_next_dist_compiled_react-dom_1e674e59._.js:2325
[ 1172328ms] [ERROR] Unable to preventDefault inside passive event listener invocation. @ http://localhost:3000/_next/static/chunks/node_modules_next_dist_compiled_react-dom_1e674e59._.js:2325
[ 1172348ms] [ERROR] Unable to preventDefault inside passive event listener invocation. @ http://localhost:3000/_next/static/chunks/node_modules_next_dist_compiled_react-dom_1e674e59._.js:2325
[ 1172565ms] [LOG] [cache-update] sid= null poleTags= 37 shapes= 0 @ http://localhost:3000/_next/static/chunks/node_modules_next_dist_f3530cac._.js:2297
[ 1172565ms] [WARNING] [cache-update] skipping save — no sessionId or db @ http://localhost:3000/_next/static/chunks/node_modules_next_dist_f3530cac._.js:2297
[ 1172637ms] [ERROR] Unable to preventDefault inside passive event listener invocation. @ http://localhost:3000/_next/static/chunks/node_modules_next_dist_compiled_react-dom_1e674e59._.js:2325
[ 1172656ms] [ERROR] Unable to preventDefault inside passive event listener invocation. @ http://localhost:3000/_next/static/chunks/node_modules_next_dist_compiled_react-dom_1e674e59._.js:2325
[ 1172670ms] [ERROR] Unable to preventDefault inside passive event listener invocation. @ http://localhost:3000/_next/static/chunks/node_modules_next_dist_compiled_react-dom_1e674e59._.js:2325
[ 1172688ms] [ERROR] Unable to preventDefault inside passive event listener invocation. @ http://localhost:3000/_next/static/chunks/node_modules_next_dist_compiled_react-dom_1e674e59._.js:2325
[ 1172705ms] [ERROR] Unable to preventDefault inside passive event listener invocation. @ http://localhost:3000/_next/static/chunks/node_modules_next_dist_compiled_react-dom_1e674e59._.js:2325
[ 1174658ms] [LOG] [cache-update] sid= null poleTags= 44 shapes= 0 @ http://localhost:3000/_next/static/chunks/node_modules_next_dist_f3530cac._.js:2297
[ 1174658ms] [WARNING] [cache-update] skipping save — no sessionId or db @ http://localhost:3000/_next/static/chunks/node_modules_next_dist_f3530cac._.js:2297
[ 1176729ms] [LOG] [cache-update] sid= null poleTags= 50 shapes= 0 @ http://localhost:3000/_next/static/chunks/node_modules_next_dist_f3530cac._.js:2297
[ 1176729ms] [WARNING] [cache-update] skipping save — no sessionId or db @ http://localhost:3000/_next/static/chunks/node_modules_next_dist_f3530cac._.js:2297
[ 1176870ms] [LOG] [cache-update] sid= null poleTags= 51 shapes= 0 @ http://localhost:3000/_next/static/chunks/node_modules_next_dist_f3530cac._.js:2297
[ 1176870ms] [WARNING] [cache-update] skipping save — no sessionId or db @ http://localhost:3000/_next/static/chunks/node_modules_next_dist_f3530cac._.js:2297
[ 1177654ms] [LOG] [Fast Refresh] rebuilding @ http://localhost:3000/_next/static/chunks/node_modules_next_dist_f3530cac._.js:2297
[ 1177670ms] [LOG] [Fast Refresh] done in 120ms @ http://localhost:3000/_next/static/chunks/node_modules_next_dist_f3530cac._.js:2297
[ 1178819ms] [LOG] [cache-update] sid= null poleTags= 51 shapes= 0 @ http://localhost:3000/_next/static/chunks/node_modules_next_dist_f3530cac._.js:2297
[ 1178819ms] [WARNING] [cache-update] skipping save — no sessionId or db @ http://localhost:3000/_next/static/chunks/node_modules_next_dist_f3530cac._.js:2297
[ 1178971ms] [ERROR] Unable to preventDefault inside passive event listener invocation. @ http://localhost:3000/_next/static/chunks/node_modules_next_dist_compiled_react-dom_1e674e59._.js:2325
[ 1178994ms] [ERROR] Unable to preventDefault inside passive event listener invocation. @ http://localhost:3000/_next/static/chunks/node_modules_next_dist_compiled_react-dom_1e674e59._.js:2325
[ 1179024ms] [ERROR] Unable to preventDefault inside passive event listener invocation. @ http://localhost:3000/_next/static/chunks/node_modules_next_dist_compiled_react-dom_1e674e59._.js:2325
[ 1179088ms] [ERROR] Unable to preventDefault inside passive event listener invocation. @ http://localhost:3000/_next/static/chunks/node_modules_next_dist_compiled_react-dom_1e674e59._.js:2325
[ 1179089ms] [LOG] [Fast Refresh] rebuilding @ http://localhost:3000/_next/static/chunks/node_modules_next_dist_f3530cac._.js:2297
[ 1179094ms] [LOG] [Fast Refresh] done in 115ms @ http://localhost:3000/_next/static/chunks/node_modules_next_dist_f3530cac._.js:2297
[ 1179314ms] [ERROR] Unable to preventDefault inside passive event listener invocation. @ http://localhost:3000/_next/static/chunks/node_modules_next_dist_compiled_react-dom_1e674e59._.js:2325
[ 1179336ms] [ERROR] Unable to preventDefault inside passive event listener invocation. @ http://localhost:3000/_next/static/chunks/node_modules_next_dist_compiled_react-dom_1e674e59._.js:2325
[ 1179362ms] [ERROR] Unable to preventDefault inside passive event listener invocation. @ http://localhost:3000/_next/static/chunks/node_modules_next_dist_compiled_react-dom_1e674e59._.js:2325
[ 1179391ms] [ERROR] Unable to preventDefault inside passive event listener invocation. @ http://localhost:3000/_next/static/chunks/node_modules_next_dist_compiled_react-dom_1e674e59._.js:2325
[ 1179430ms] [LOG] [Fast Refresh] rebuilding @ http://localhost:3000/_next/static/chunks/node_modules_next_dist_f3530cac._.js:2297
[ 1179447ms] [LOG] [Fast Refresh] done in 123ms @ http://localhost:3000/_next/static/chunks/node_modules_next_dist_f3530cac._.js:2297
[ 1181099ms] [LOG] [Fast Refresh] rebuilding @ http://localhost:3000/_next/static/chunks/node_modules_next_dist_f3530cac._.js:2297
[ 1181162ms] [LOG] [Fast Refresh] done in 165ms @ http://localhost:3000/_next/static/chunks/node_modules_next_dist_f3530cac._.js:2297
[ 1216565ms] [LOG] [Fast Refresh] rebuilding @ http://localhost:3000/_next/static/chunks/node_modules_next_dist_f3530cac._.js:2297
[ 1216566ms] [LOG] [Fast Refresh] done in 107ms @ http://localhost:3000/_next/static/chunks/node_modules_next_dist_f3530cac._.js:2297
[ 1218179ms] [ERROR] Unable to preventDefault inside passive event listener invocation. @ http://localhost:3000/_next/static/chunks/node_modules_next_dist_compiled_react-dom_1e674e59._.js:2325
[ 1218202ms] [ERROR] Unable to preventDefault inside passive event listener invocation. @ http://localhost:3000/_next/static/chunks/node_modules_next_dist_compiled_react-dom_1e674e59._.js:2325
[ 1218241ms] [ERROR] Unable to preventDefault inside passive event listener invocation. @ http://localhost:3000/_next/static/chunks/node_modules_next_dist_compiled_react-dom_1e674e59._.js:2325
[ 1218442ms] [ERROR] Unable to preventDefault inside passive event listener invocation. @ http://localhost:3000/_next/static/chunks/node_modules_next_dist_compiled_react-dom_1e674e59._.js:2325
[ 1218478ms] [ERROR] Unable to preventDefault inside passive event listener invocation. @ http://localhost:3000/_next/static/chunks/node_modules_next_dist_compiled_react-dom_1e674e59._.js:2325
[ 1218522ms] [ERROR] Unable to preventDefault inside passive event listener invocation. @ http://localhost:3000/_next/static/chunks/node_modules_next_dist_compiled_react-dom_1e674e59._.js:2325
[ 1219252ms] [ERROR] Unable to preventDefault inside passive event listener invocation. @ http://localhost:3000/_next/static/chunks/node_modules_next_dist_compiled_react-dom_1e674e59._.js:2325
[ 1219268ms] [ERROR] Unable to preventDefault inside passive event listener invocation. @ http://localhost:3000/_next/static/chunks/node_modules_next_dist_compiled_react-dom_1e674e59._.js:2325
[ 1219291ms] [ERROR] Unable to preventDefault inside passive event listener invocation. @ http://localhost:3000/_next/static/chunks/node_modules_next_dist_compiled_react-dom_1e674e59._.js:2325
[ 1219485ms] [ERROR] Unable to preventDefault inside passive event listener invocation. @ http://localhost:3000/_next/static/chunks/node_modules_next_dist_compiled_react-dom_1e674e59._.js:2325
[ 1219503ms] [ERROR] Unable to preventDefault inside passive event listener invocation. @ http://localhost:3000/_next/static/chunks/node_modules_next_dist_compiled_react-dom_1e674e59._.js:2325
[ 1219518ms] [ERROR] Unable to preventDefault inside passive event listener invocation. @ http://localhost:3000/_next/static/chunks/node_modules_next_dist_compiled_react-dom_1e674e59._.js:2325
[ 1219541ms] [ERROR] Unable to preventDefault inside passive event listener invocation. @ http://localhost:3000/_next/static/chunks/node_modules_next_dist_compiled_react-dom_1e674e59._.js:2325
[ 1219598ms] [LOG] [Fast Refresh] rebuilding @ http://localhost:3000/_next/static/chunks/node_modules_next_dist_f3530cac._.js:2297
[ 1219600ms] [LOG] [Fast Refresh] done in 105ms @ http://localhost:3000/_next/static/chunks/node_modules_next_dist_f3530cac._.js:2297
[ 1219725ms] [ERROR] Unable to preventDefault inside passive event listener invocation. @ http://localhost:3000/_next/static/chunks/node_modules_next_dist_compiled_react-dom_1e674e59._.js:2325
[ 1219740ms] [ERROR] Unable to preventDefault inside passive event listener invocation. @ http://localhost:3000/_next/static/chunks/node_modules_next_dist_compiled_react-dom_1e674e59._.js:2325
[ 1219763ms] [ERROR] Unable to preventDefault inside passive event listener invocation. @ http://localhost:3000/_next/static/chunks/node_modules_next_dist_compiled_react-dom_1e674e59._.js:2325
[ 1219781ms] [ERROR] Unable to preventDefault inside passive event listener invocation. @ http://localhost:3000/_next/static/chunks/node_modules_next_dist_compiled_react-dom_1e674e59._.js:2325
[ 1219952ms] [LOG] [Fast Refresh] rebuilding @ http://localhost:3000/_next/static/chunks/node_modules_next_dist_f3530cac._.js:2297
[ 1220045ms] [LOG] [Fast Refresh] done in 198ms @ http://localhost:3000/_next/static/chunks/node_modules_next_dist_f3530cac._.js:2297
[ 1224539ms] [ERROR] Unable to preventDefault inside passive event listener invocation. @ http://localhost:3000/_next/static/chunks/node_modules_next_dist_compiled_react-dom_1e674e59._.js:2325
[ 1224575ms] [ERROR] Unable to preventDefault inside passive event listener invocation. @ http://localhost:3000/_next/static/chunks/node_modules_next_dist_compiled_react-dom_1e674e59._.js:2325
[ 1224615ms] [ERROR] Unable to preventDefault inside passive event listener invocation. @ http://localhost:3000/_next/static/chunks/node_modules_next_dist_compiled_react-dom_1e674e59._.js:2325
[ 1224987ms] [ERROR] Unable to preventDefault inside passive event listener invocation. @ http://localhost:3000/_next/static/chunks/node_modules_next_dist_compiled_react-dom_1e674e59._.js:2325
[ 1263040ms] [LOG] [Fast Refresh] rebuilding @ http://localhost:3000/_next/static/chunks/node_modules_next_dist_f3530cac._.js:2297
[ 1263103ms] [LOG] [Fast Refresh] done in 173ms @ http://localhost:3000/_next/static/chunks/node_modules_next_dist_f3530cac._.js:2297
[ 1271232ms] [LOG] [cache-update] sid= null poleTags= 0 shapes= 0 @ http://localhost:3000/_next/static/chunks/node_modules_next_dist_f3530cac._.js:2297
[ 1271233ms] [WARNING] [cache-update] skipping save — no sessionId or db @ http://localhost:3000/_next/static/chunks/node_modules_next_dist_f3530cac._.js:2297
[ 1272451ms] [LOG] [Fast Refresh] rebuilding @ http://localhost:3000/_next/static/chunks/node_modules_next_dist_f3530cac._.js:2297
[ 1272530ms] [LOG] [Fast Refresh] done in 184ms @ http://localhost:3000/_next/static/chunks/node_modules_next_dist_f3530cac._.js:2297
[ 1272901ms] [LOG] [cache-update] sid= null poleTags= 0 shapes= 0 @ http://localhost:3000/_next/static/chunks/node_modules_next_dist_f3530cac._.js:2297
[ 1272901ms] [WARNING] [cache-update] skipping save — no sessionId or db @ http://localhost:3000/_next/static/chunks/node_modules_next_dist_f3530cac._.js:2297
[ 1274964ms] [LOG] [cache-update] sid= null poleTags= 7 shapes= 0 @ http://localhost:3000/_next/static/chunks/node_modules_next_dist_f3530cac._.js:2297
[ 1274964ms] [WARNING] [cache-update] skipping save — no sessionId or db @ http://localhost:3000/_next/static/chunks/node_modules_next_dist_f3530cac._.js:2297
[ 1276268ms] [LOG] [cache-update] sid= null poleTags= 31 shapes= 0 @ http://localhost:3000/_next/static/chunks/node_modules_next_dist_f3530cac._.js:2297
[ 1276268ms] [WARNING] [cache-update] skipping save — no sessionId or db @ http://localhost:3000/_next/static/chunks/node_modules_next_dist_f3530cac._.js:2297
[ 1277027ms] [LOG] [cache-update] sid= null poleTags= 31 shapes= 0 @ http://localhost:3000/_next/static/chunks/node_modules_next_dist_f3530cac._.js:2297
[ 1277028ms] [WARNING] [cache-update] skipping save — no sessionId or db @ http://localhost:3000/_next/static/chunks/node_modules_next_dist_f3530cac._.js:2297
[ 1285479ms] [LOG] [Fast Refresh] rebuilding @ http://localhost:3000/_next/static/chunks/node_modules_next_dist_f3530cac._.js:2297
[ 1285496ms] [LOG] [Fast Refresh] done in 126ms @ http://localhost:3000/_next/static/chunks/node_modules_next_dist_f3530cac._.js:2297
[ 1292705ms] [LOG] [Fast Refresh] rebuilding @ http://localhost:3000/_next/static/chunks/node_modules_next_dist_f3530cac._.js:2297
[ 1292707ms] [LOG] [Fast Refresh] done in 118ms @ http://localhost:3000/_next/static/chunks/node_modules_next_dist_f3530cac._.js:2297
[ 1321402ms] [LOG] [Fast Refresh] rebuilding @ http://localhost:3000/_next/static/chunks/node_modules_next_dist_f3530cac._.js:2297
[ 1321539ms] [LOG] [Fast Refresh] done in 237ms @ http://localhost:3000/_next/static/chunks/node_modules_next_dist_f3530cac._.js:2297
[ 1325493ms] [LOG] [Fast Refresh] rebuilding @ http://localhost:3000/_next/static/chunks/node_modules_next_dist_f3530cac._.js:2297
[ 1325638ms] [LOG] [Fast Refresh] done in 248ms @ http://localhost:3000/_next/static/chunks/node_modules_next_dist_f3530cac._.js:2297
[ 1360008ms] [LOG] [cache-update] sid= null poleTags= 0 shapes= 0 @ http://localhost:3000/_next/static/chunks/node_modules_next_dist_f3530cac._.js:2297
[ 1360008ms] [WARNING] [cache-update] skipping save — no sessionId or db @ http://localhost:3000/_next/static/chunks/node_modules_next_dist_f3530cac._.js:2297
[ 1361106ms] [LOG] [cache-update] sid= null poleTags= 0 shapes= 0 @ http://localhost:3000/_next/static/chunks/node_modules_next_dist_f3530cac._.js:2297
[ 1361107ms] [WARNING] [cache-update] skipping save — no sessionId or db @ http://localhost:3000/_next/static/chunks/node_modules_next_dist_f3530cac._.js:2297
[ 1361177ms] [LOG] [Fast Refresh] rebuilding @ http://localhost:3000/_next/static/chunks/node_modules_next_dist_f3530cac._.js:2297
[ 1361188ms] [LOG] [Fast Refresh] done in 114ms @ http://localhost:3000/_next/static/chunks/node_modules_next_dist_f3530cac._.js:2297
[ 1361301ms] [LOG] [Fast Refresh] rebuilding @ http://localhost:3000/_next/static/chunks/node_modules_next_dist_f3530cac._.js:2297
[ 1361458ms] [LOG] [Fast Refresh] done in 266ms @ http://localhost:3000/_next/static/chunks/node_modules_next_dist_f3530cac._.js:2297
[ 1363228ms] [LOG] [cache-update] sid= null poleTags= 5 shapes= 0 @ http://localhost:3000/_next/static/chunks/node_modules_next_dist_f3530cac._.js:2297
[ 1363228ms] [WARNING] [cache-update] skipping save — no sessionId or db @ http://localhost:3000/_next/static/chunks/node_modules_next_dist_f3530cac._.js:2297
[ 1365518ms] [LOG] [cache-update] sid= null poleTags= 10 shapes= 0 @ http://localhost:3000/_next/static/chunks/node_modules_next_dist_f3530cac._.js:2297
[ 1365519ms] [WARNING] [cache-update] skipping save — no sessionId or db @ http://localhost:3000/_next/static/chunks/node_modules_next_dist_f3530cac._.js:2297
[ 1366056ms] [LOG] [cache-update] sid= null poleTags= 31 shapes= 0 @ http://localhost:3000/_next/static/chunks/node_modules_next_dist_f3530cac._.js:2297
[ 1366056ms] [WARNING] [cache-update] skipping save — no sessionId or db @ http://localhost:3000/_next/static/chunks/node_modules_next_dist_f3530cac._.js:2297
[ 1367618ms] [LOG] [cache-update] sid= null poleTags= 31 shapes= 0 @ http://localhost:3000/_next/static/chunks/node_modules_next_dist_f3530cac._.js:2297
[ 1367618ms] [WARNING] [cache-update] skipping save — no sessionId or db @ http://localhost:3000/_next/static/chunks/node_modules_next_dist_f3530cac._.js:2297
[ 1423949ms] [LOG] [cache-update] sid= null poleTags= 0 shapes= 0 @ http://localhost:3000/_next/static/chunks/node_modules_next_dist_f3530cac._.js:2297
[ 1423949ms] [WARNING] [cache-update] skipping save — no sessionId or db @ http://localhost:3000/_next/static/chunks/node_modules_next_dist_f3530cac._.js:2297
[ 1425152ms] [LOG] [Fast Refresh] rebuilding @ http://localhost:3000/_next/static/chunks/node_modules_next_dist_f3530cac._.js:2297
[ 1425417ms] [LOG] [Fast Refresh] done in 367ms @ http://localhost:3000/_next/static/chunks/node_modules_next_dist_f3530cac._.js:2297
[ 1425713ms] [LOG] [cache-update] sid= null poleTags= 0 shapes= 0 @ http://localhost:3000/_next/static/chunks/node_modules_next_dist_f3530cac._.js:2297
[ 1425714ms] [WARNING] [cache-update] skipping save — no sessionId or db @ http://localhost:3000/_next/static/chunks/node_modules_next_dist_f3530cac._.js:2297
[ 1427790ms] [LOG] [cache-update] sid= null poleTags= 7 shapes= 0 @ http://localhost:3000/_next/static/chunks/node_modules_next_dist_f3530cac._.js:2297
[ 1427790ms] [WARNING] [cache-update] skipping save — no sessionId or db @ http://localhost:3000/_next/static/chunks/node_modules_next_dist_f3530cac._.js:2297
[ 1429496ms] [LOG] [cache-update] sid= null poleTags= 31 shapes= 0 @ http://localhost:3000/_next/static/chunks/node_modules_next_dist_f3530cac._.js:2297
[ 1429496ms] [WARNING] [cache-update] skipping save — no sessionId or db @ http://localhost:3000/_next/static/chunks/node_modules_next_dist_f3530cac._.js:2297
[ 1429859ms] [LOG] [cache-update] sid= null poleTags= 31 shapes= 0 @ http://localhost:3000/_next/static/chunks/node_modules_next_dist_f3530cac._.js:2297
[ 1429859ms] [WARNING] [cache-update] skipping save — no sessionId or db @ http://localhost:3000/_next/static/chunks/node_modules_next_dist_f3530cac._.js:2297
[ 1497031ms] [LOG] [Fast Refresh] rebuilding @ http://localhost:3000/_next/static/chunks/node_modules_next_dist_f3530cac._.js:2297
[ 1497114ms] [LOG] [Fast Refresh] done in 190ms @ http://localhost:3000/_next/static/chunks/node_modules_next_dist_f3530cac._.js:2297
[ 1506141ms] [LOG] [cache-update] sid= null poleTags= 0 shapes= 0 @ http://localhost:3000/_next/static/chunks/node_modules_next_dist_f3530cac._.js:2297
[ 1506141ms] [WARNING] [cache-update] skipping save — no sessionId or db @ http://localhost:3000/_next/static/chunks/node_modules_next_dist_f3530cac._.js:2297
[ 1507978ms] [LOG] [cache-update] sid= null poleTags= 0 shapes= 0 @ http://localhost:3000/_next/static/chunks/node_modules_next_dist_f3530cac._.js:2297
[ 1507978ms] [WARNING] [cache-update] skipping save — no sessionId or db @ http://localhost:3000/_next/static/chunks/node_modules_next_dist_f3530cac._.js:2297
[ 1508000ms] [LOG] [Fast Refresh] rebuilding @ http://localhost:3000/_next/static/chunks/node_modules_next_dist_f3530cac._.js:2297
[ 1508104ms] [LOG] [Fast Refresh] done in 210ms @ http://localhost:3000/_next/static/chunks/node_modules_next_dist_f3530cac._.js:2297
[ 1510037ms] [LOG] [cache-update] sid= null poleTags= 4 shapes= 0 @ http://localhost:3000/_next/static/chunks/node_modules_next_dist_f3530cac._.js:2297
[ 1510038ms] [WARNING] [cache-update] skipping save — no sessionId or db @ http://localhost:3000/_next/static/chunks/node_modules_next_dist_f3530cac._.js:2297
[ 1512125ms] [LOG] [cache-update] sid= null poleTags= 9 shapes= 0 @ http://localhost:3000/_next/static/chunks/node_modules_next_dist_f3530cac._.js:2297
[ 1512125ms] [WARNING] [cache-update] skipping save — no sessionId or db @ http://localhost:3000/_next/static/chunks/node_modules_next_dist_f3530cac._.js:2297
[ 1514190ms] [LOG] [cache-update] sid= null poleTags= 19 shapes= 0 @ http://localhost:3000/_next/static/chunks/node_modules_next_dist_f3530cac._.js:2297
[ 1514191ms] [WARNING] [cache-update] skipping save — no sessionId or db @ http://localhost:3000/_next/static/chunks/node_modules_next_dist_f3530cac._.js:2297
[ 1516267ms] [LOG] [Fast Refresh] rebuilding @ http://localhost:3000/_next/static/chunks/node_modules_next_dist_f3530cac._.js:2297
[ 1516277ms] [LOG] [Fast Refresh] done in 119ms @ http://localhost:3000/_next/static/chunks/node_modules_next_dist_f3530cac._.js:2297
[ 1516473ms] [LOG] [Fast Refresh] rebuilding @ http://localhost:3000/_next/static/chunks/node_modules_next_dist_f3530cac._.js:2297
[ 1516547ms] [LOG] [Fast Refresh] done in 232ms @ http://localhost:3000/_next/static/chunks/node_modules_next_dist_f3530cac._.js:2297
[ 1516995ms] [LOG] [cache-update] sid= null poleTags= 33 shapes= 0 @ http://localhost:3000/_next/static/chunks/node_modules_next_dist_f3530cac._.js:2297
[ 1516996ms] [WARNING] [cache-update] skipping save — no sessionId or db @ http://localhost:3000/_next/static/chunks/node_modules_next_dist_f3530cac._.js:2297
[ 1517289ms] [LOG] [Fast Refresh] rebuilding @ http://localhost:3000/_next/static/chunks/node_modules_next_dist_f3530cac._.js:2297
[ 1517294ms] [LOG] [Fast Refresh] done in 110ms @ http://localhost:3000/_next/static/chunks/node_modules_next_dist_f3530cac._.js:2297
[ 1519138ms] [LOG] [cache-update] sid= null poleTags= 44 shapes= 0 @ http://localhost:3000/_next/static/chunks/node_modules_next_dist_f3530cac._.js:2297
[ 1519138ms] [WARNING] [cache-update] skipping save — no sessionId or db @ http://localhost:3000/_next/static/chunks/node_modules_next_dist_f3530cac._.js:2297
[ 1521417ms] [LOG] [cache-update] sid= null poleTags= 52 shapes= 0 @ http://localhost:3000/_next/static/chunks/node_modules_next_dist_f3530cac._.js:2297
[ 1521417ms] [WARNING] [cache-update] skipping save — no sessionId or db @ http://localhost:3000/_next/static/chunks/node_modules_next_dist_f3530cac._.js:2297
[ 1522284ms] [LOG] [Fast Refresh] rebuilding @ http://localhost:3000/_next/static/chunks/node_modules_next_dist_f3530cac._.js:2297
[ 1522334ms] [LOG] [Fast Refresh] done in 156ms @ http://localhost:3000/_next/static/chunks/node_modules_next_dist_f3530cac._.js:2297
[ 1522775ms] [LOG] [Fast Refresh] rebuilding @ http://localhost:3000/_next/static/chunks/node_modules_next_dist_f3530cac._.js:2297
[ 1522787ms] [LOG] [Fast Refresh] done in 118ms @ http://localhost:3000/_next/static/chunks/node_modules_next_dist_f3530cac._.js:2297
[ 1522915ms] [LOG] [Fast Refresh] rebuilding @ http://localhost:3000/_next/static/chunks/node_modules_next_dist_f3530cac._.js:2297
[ 1522993ms] [LOG] [Fast Refresh] done in 194ms @ http://localhost:3000/_next/static/chunks/node_modules_next_dist_f3530cac._.js:2297
[ 1523565ms] [LOG] [cache-update] sid= null poleTags= 61 shapes= 0 @ http://localhost:3000/_next/static/chunks/node_modules_next_dist_f3530cac._.js:2297
[ 1523566ms] [WARNING] [cache-update] skipping save — no sessionId or db @ http://localhost:3000/_next/static/chunks/node_modules_next_dist_f3530cac._.js:2297
[ 1525679ms] [LOG] [cache-update] sid= null poleTags= 69 shapes= 0 @ http://localhost:3000/_next/static/chunks/node_modules_next_dist_f3530cac._.js:2297
[ 1525679ms] [WARNING] [cache-update] skipping save — no sessionId or db @ http://localhost:3000/_next/static/chunks/node_modules_next_dist_f3530cac._.js:2297
[ 1527837ms] [LOG] [cache-update] sid= null poleTags= 97 shapes= 0 @ http://localhost:3000/_next/static/chunks/node_modules_next_dist_f3530cac._.js:2297
[ 1527837ms] [WARNING] [cache-update] skipping save — no sessionId or db @ http://localhost:3000/_next/static/chunks/node_modules_next_dist_f3530cac._.js:2297
[ 1528229ms] [LOG] [cache-update] sid= null poleTags= 97 shapes= 0 @ http://localhost:3000/_next/static/chunks/node_modules_next_dist_f3530cac._.js:2297
[ 1528230ms] [WARNING] [cache-update] skipping save — no sessionId or db @ http://localhost:3000/_next/static/chunks/node_modules_next_dist_f3530cac._.js:2297
[ 1583636ms] [LOG] [Fast Refresh] rebuilding @ http://localhost:3000/_next/static/chunks/node_modules_next_dist_f3530cac._.js:2297
[ 1583699ms] [LOG] [Fast Refresh] done in 169ms @ http://localhost:3000/_next/static/chunks/node_modules_next_dist_f3530cac._.js:2297
[ 1604584ms] [LOG] [cache-update] sid= null poleTags= 0 shapes= 0 @ http://localhost:3000/_next/static/chunks/node_modules_next_dist_f3530cac._.js:2297
[ 1604585ms] [WARNING] [cache-update] skipping save — no sessionId or db @ http://localhost:3000/_next/static/chunks/node_modules_next_dist_f3530cac._.js:2297
[ 1605808ms] [LOG] [Fast Refresh] rebuilding @ http://localhost:3000/_next/static/chunks/node_modules_next_dist_f3530cac._.js:2297
[ 1605913ms] [LOG] [cache-update] sid= null poleTags= 0 shapes= 0 @ http://localhost:3000/_next/static/chunks/node_modules_next_dist_f3530cac._.js:2297
[ 1605913ms] [WARNING] [cache-update] skipping save — no sessionId or db @ http://localhost:3000/_next/static/chunks/node_modules_next_dist_f3530cac._.js:2297
[ 1605937ms] [LOG] [Fast Refresh] done in 233ms @ http://localhost:3000/_next/static/chunks/node_modules_next_dist_f3530cac._.js:2297
[ 1607975ms] [LOG] [cache-update] sid= null poleTags= 4 shapes= 0 @ http://localhost:3000/_next/static/chunks/node_modules_next_dist_f3530cac._.js:2297
[ 1607976ms] [WARNING] [cache-update] skipping save — no sessionId or db @ http://localhost:3000/_next/static/chunks/node_modules_next_dist_f3530cac._.js:2297
[ 1610096ms] [LOG] [cache-update] sid= null poleTags= 9 shapes= 0 @ http://localhost:3000/_next/static/chunks/node_modules_next_dist_f3530cac._.js:2297
[ 1610096ms] [WARNING] [cache-update] skipping save — no sessionId or db @ http://localhost:3000/_next/static/chunks/node_modules_next_dist_f3530cac._.js:2297
[ 1610809ms] [LOG] [cache-update] sid= null poleTags= 31 shapes= 0 @ http://localhost:3000/_next/static/chunks/node_modules_next_dist_f3530cac._.js:2297
[ 1610812ms] [WARNING] [cache-update] skipping save — no sessionId or db @ http://localhost:3000/_next/static/chunks/node_modules_next_dist_f3530cac._.js:2297
[ 1612157ms] [LOG] [cache-update] sid= null poleTags= 31 shapes= 0 @ http://localhost:3000/_next/static/chunks/node_modules_next_dist_f3530cac._.js:2297
[ 1612157ms] [WARNING] [cache-update] skipping save — no sessionId or db @ http://localhost:3000/_next/static/chunks/node_modules_next_dist_f3530cac._.js:2297
[ 2061379ms] [LOG] [Fast Refresh] rebuilding @ http://localhost:3000/_next/static/chunks/node_modules_next_dist_f3530cac._.js:2297
[ 2061594ms] [LOG] [Fast Refresh] done in 317ms @ http://localhost:3000/_next/static/chunks/node_modules_next_dist_f3530cac._.js:2297
[ 2067119ms] [LOG] [Fast Refresh] rebuilding @ http://localhost:3000/_next/static/chunks/node_modules_next_dist_f3530cac._.js:2297
[ 2067183ms] [LOG] [Fast Refresh] done in 175ms @ http://localhost:3000/_next/static/chunks/node_modules_next_dist_f3530cac._.js:2297
[ 2258561ms] [ERROR] Unable to preventDefault inside passive event listener invocation. @ http://localhost:3000/_next/static/chunks/node_modules_next_dist_compiled_react-dom_1e674e59._.js:2325
[ 2258601ms] [ERROR] Unable to preventDefault inside passive event listener invocation. @ http://localhost:3000/_next/static/chunks/node_modules_next_dist_compiled_react-dom_1e674e59._.js:2325
[ 2260156ms] [LOG] [cache-update] sid= null poleTags= 0 shapes= 0 @ http://localhost:3000/_next/static/chunks/node_modules_next_dist_f3530cac._.js:2297
[ 2260156ms] [WARNING] [cache-update] skipping save — no sessionId or db @ http://localhost:3000/_next/static/chunks/node_modules_next_dist_f3530cac._.js:2297
[ 2260217ms] [LOG] [cache-update] sid= null poleTags= 0 shapes= 0 @ http://localhost:3000/_next/static/chunks/node_modules_next_dist_f3530cac._.js:2297
[ 2260217ms] [WARNING] [cache-update] skipping save — no sessionId or db @ http://localhost:3000/_next/static/chunks/node_modules_next_dist_f3530cac._.js:2297
[ 2261220ms] [ERROR] Unable to preventDefault inside passive event listener invocation. @ http://localhost:3000/_next/static/chunks/node_modules_next_dist_compiled_react-dom_1e674e59._.js:2325
[ 2261248ms] [ERROR] Unable to preventDefault inside passive event listener invocation. @ http://localhost:3000/_next/static/chunks/node_modules_next_dist_compiled_react-dom_1e674e59._.js:2325
[ 2261916ms] [ERROR] Unable to preventDefault inside passive event listener invocation. @ http://localhost:3000/_next/static/chunks/node_modules_next_dist_compiled_react-dom_1e674e59._.js:2325
[ 2261959ms] [ERROR] Unable to preventDefault inside passive event listener invocation. @ http://localhost:3000/_next/static/chunks/node_modules_next_dist_compiled_react-dom_1e674e59._.js:2325
[ 2262003ms] [ERROR] Unable to preventDefault inside passive event listener invocation. @ http://localhost:3000/_next/static/chunks/node_modules_next_dist_compiled_react-dom_1e674e59._.js:2325
[ 2262285ms] [LOG] [cache-update] sid= null poleTags= 3 shapes= 0 @ http://localhost:3000/_next/static/chunks/node_modules_next_dist_f3530cac._.js:2297
[ 2262285ms] [WARNING] [cache-update] skipping save — no sessionId or db @ http://localhost:3000/_next/static/chunks/node_modules_next_dist_f3530cac._.js:2297
[ 2262831ms] [ERROR] Unable to preventDefault inside passive event listener invocation. @ http://localhost:3000/_next/static/chunks/node_modules_next_dist_compiled_react-dom_1e674e59._.js:2325
[ 2262847ms] [ERROR] Unable to preventDefault inside passive event listener invocation. @ http://localhost:3000/_next/static/chunks/node_modules_next_dist_compiled_react-dom_1e674e59._.js:2325
[ 2262859ms] [ERROR] Unable to preventDefault inside passive event listener invocation. @ http://localhost:3000/_next/static/chunks/node_modules_next_dist_compiled_react-dom_1e674e59._.js:2325
[ 2262872ms] [ERROR] Unable to preventDefault inside passive event listener invocation. @ http://localhost:3000/_next/static/chunks/node_modules_next_dist_compiled_react-dom_1e674e59._.js:2325
[ 2262946ms] [LOG] [Fast Refresh] rebuilding @ http://localhost:3000/_next/static/chunks/node_modules_next_dist_f3530cac._.js:2297
[ 2262948ms] [LOG] [Fast Refresh] done in 106ms @ http://localhost:3000/_next/static/chunks/node_modules_next_dist_f3530cac._.js:2297
[ 2263153ms] [ERROR] Unable to preventDefault inside passive event listener invocation. @ http://localhost:3000/_next/static/chunks/node_modules_next_dist_compiled_react-dom_1e674e59._.js:2325
[ 2263180ms] [ERROR] Unable to preventDefault inside passive event listener invocation. @ http://localhost:3000/_next/static/chunks/node_modules_next_dist_compiled_react-dom_1e674e59._.js:2325
[ 2263198ms] [ERROR] Unable to preventDefault inside passive event listener invocation. @ http://localhost:3000/_next/static/chunks/node_modules_next_dist_compiled_react-dom_1e674e59._.js:2325
[ 2263231ms] [ERROR] Unable to preventDefault inside passive event listener invocation. @ http://localhost:3000/_next/static/chunks/node_modules_next_dist_compiled_react-dom_1e674e59._.js:2325
[ 2264102ms] [ERROR] Unable to preventDefault inside passive event listener invocation. @ http://localhost:3000/_next/static/chunks/node_modules_next_dist_compiled_react-dom_1e674e59._.js:2325
[ 2264129ms] [ERROR] Unable to preventDefault inside passive event listener invocation. @ http://localhost:3000/_next/static/chunks/node_modules_next_dist_compiled_react-dom_1e674e59._.js:2325
[ 2264152ms] [ERROR] Unable to preventDefault inside passive event listener invocation. @ http://localhost:3000/_next/static/chunks/node_modules_next_dist_compiled_react-dom_1e674e59._.js:2325
[ 2264350ms] [LOG] [cache-update] sid= null poleTags= 7 shapes= 0 @ http://localhost:3000/_next/static/chunks/node_modules_next_dist_f3530cac._.js:2297
[ 2264350ms] [WARNING] [cache-update] skipping save — no sessionId or db @ http://localhost:3000/_next/static/chunks/node_modules_next_dist_f3530cac._.js:2297
[ 2264368ms] [ERROR] Unable to preventDefault inside passive event listener invocation. @ http://localhost:3000/_next/static/chunks/node_modules_next_dist_compiled_react-dom_1e674e59._.js:2325
[ 2264398ms] [ERROR] Unable to preventDefault inside passive event listener invocation. @ http://localhost:3000/_next/static/chunks/node_modules_next_dist_compiled_react-dom_1e674e59._.js:2325
[ 2264422ms] [ERROR] Unable to preventDefault inside passive event listener invocation. @ http://localhost:3000/_next/static/chunks/node_modules_next_dist_compiled_react-dom_1e674e59._.js:2325
[ 2264447ms] [ERROR] Unable to preventDefault inside passive event listener invocation. @ http://localhost:3000/_next/static/chunks/node_modules_next_dist_compiled_react-dom_1e674e59._.js:2325
[ 2264619ms] [ERROR] Unable to preventDefault inside passive event listener invocation. @ http://localhost:3000/_next/static/chunks/node_modules_next_dist_compiled_react-dom_1e674e59._.js:2325
[ 2264637ms] [ERROR] Unable to preventDefault inside passive event listener invocation. @ http://localhost:3000/_next/static/chunks/node_modules_next_dist_compiled_react-dom_1e674e59._.js:2325
[ 2264657ms] [ERROR] Unable to preventDefault inside passive event listener invocation. @ http://localhost:3000/_next/static/chunks/node_modules_next_dist_compiled_react-dom_1e674e59._.js:2325
[ 2264685ms] [ERROR] Unable to preventDefault inside passive event listener invocation. @ http://localhost:3000/_next/static/chunks/node_modules_next_dist_compiled_react-dom_1e674e59._.js:2325
[ 2264732ms] [LOG] [Fast Refresh] rebuilding @ http://localhost:3000/_next/static/chunks/node_modules_next_dist_f3530cac._.js:2297
[ 2264733ms] [LOG] [Fast Refresh] done in 105ms @ http://localhost:3000/_next/static/chunks/node_modules_next_dist_f3530cac._.js:2297
[ 2264861ms] [ERROR] Unable to preventDefault inside passive event listener invocation. @ http://localhost:3000/_next/static/chunks/node_modules_next_dist_compiled_react-dom_1e674e59._.js:2325
[ 2264910ms] [ERROR] Unable to preventDefault inside passive event listener invocation. @ http://localhost:3000/_next/static/chunks/node_modules_next_dist_compiled_react-dom_1e674e59._.js:2325
[ 2265189ms] [LOG] [cache-update] sid= null poleTags= 31 shapes= 0 @ http://localhost:3000/_next/static/chunks/node_modules_next_dist_f3530cac._.js:2297
[ 2265189ms] [WARNING] [cache-update] skipping save — no sessionId or db @ http://localhost:3000/_next/static/chunks/node_modules_next_dist_f3530cac._.js:2297
[ 2265797ms] [ERROR] Unable to preventDefault inside passive event listener invocation. @ http://localhost:3000/_next/static/chunks/node_modules_next_dist_compiled_react-dom_1e674e59._.js:2325
[ 2265820ms] [ERROR] Unable to preventDefault inside passive event listener invocation. @ http://localhost:3000/_next/static/chunks/node_modules_next_dist_compiled_react-dom_1e674e59._.js:2325
[ 2265848ms] [ERROR] Unable to preventDefault inside passive event listener invocation. @ http://localhost:3000/_next/static/chunks/node_modules_next_dist_compiled_react-dom_1e674e59._.js:2325
[ 2266039ms] [ERROR] Unable to preventDefault inside passive event listener invocation. @ http://localhost:3000/_next/static/chunks/node_modules_next_dist_compiled_react-dom_1e674e59._.js:2325
[ 2266069ms] [ERROR] Unable to preventDefault inside passive event listener invocation. @ http://localhost:3000/_next/static/chunks/node_modules_next_dist_compiled_react-dom_1e674e59._.js:2325
[ 2266091ms] [ERROR] Unable to preventDefault inside passive event listener invocation. @ http://localhost:3000/_next/static/chunks/node_modules_next_dist_compiled_react-dom_1e674e59._.js:2325
[ 2266130ms] [ERROR] Unable to preventDefault inside passive event listener invocation. @ http://localhost:3000/_next/static/chunks/node_modules_next_dist_compiled_react-dom_1e674e59._.js:2325
[ 2266399ms] [LOG] [cache-update] sid= null poleTags= 31 shapes= 0 @ http://localhost:3000/_next/static/chunks/node_modules_next_dist_f3530cac._.js:2297
[ 2266399ms] [WARNING] [cache-update] skipping save — no sessionId or db @ http://localhost:3000/_next/static/chunks/node_modules_next_dist_f3530cac._.js:2297
[ 2266665ms] [ERROR] Unable to preventDefault inside passive event listener invocation. @ http://localhost:3000/_next/static/chunks/node_modules_next_dist_compiled_react-dom_1e674e59._.js:2325
[ 2266695ms] [ERROR] Unable to preventDefault inside passive event listener invocation. @ http://localhost:3000/_next/static/chunks/node_modules_next_dist_compiled_react-dom_1e674e59._.js:2325
[ 2266718ms] [ERROR] Unable to preventDefault inside passive event listener invocation. @ http://localhost:3000/_next/static/chunks/node_modules_next_dist_compiled_react-dom_1e674e59._.js:2325
[ 2266770ms] [LOG] [Fast Refresh] rebuilding @ http://localhost:3000/_next/static/chunks/node_modules_next_dist_f3530cac._.js:2297
[ 2266778ms] [LOG] [Fast Refresh] done in 109ms @ http://localhost:3000/_next/static/chunks/node_modules_next_dist_f3530cac._.js:2297
[ 2267077ms] [ERROR] Unable to preventDefault inside passive event listener invocation. @ http://localhost:3000/_next/static/chunks/node_modules_next_dist_compiled_react-dom_1e674e59._.js:2325
[ 2267096ms] [ERROR] Unable to preventDefault inside passive event listener invocation. @ http://localhost:3000/_next/static/chunks/node_modules_next_dist_compiled_react-dom_1e674e59._.js:2325
[ 2267129ms] [ERROR] Unable to preventDefault inside passive event listener invocation. @ http://localhost:3000/_next/static/chunks/node_modules_next_dist_compiled_react-dom_1e674e59._.js:2325
[ 2267707ms] [ERROR] Unable to preventDefault inside passive event listener invocation. @ http://localhost:3000/_next/static/chunks/node_modules_next_dist_compiled_react-dom_1e674e59._.js:2325
[ 2267724ms] [ERROR] Unable to preventDefault inside passive event listener invocation. @ http://localhost:3000/_next/static/chunks/node_modules_next_dist_compiled_react-dom_1e674e59._.js:2325
[ 2267733ms] [ERROR] Unable to preventDefault inside passive event listener invocation. @ http://localhost:3000/_next/static/chunks/node_modules_next_dist_compiled_react-dom_1e674e59._.js:2325
[ 2267747ms] [ERROR] Unable to preventDefault inside passive event listener invocation. @ http://localhost:3000/_next/static/chunks/node_modules_next_dist_compiled_react-dom_1e674e59._.js:2325
[ 2267757ms] [ERROR] Unable to preventDefault inside passive event listener invocation. @ http://localhost:3000/_next/static/chunks/node_modules_next_dist_compiled_react-dom_1e674e59._.js:2325
[ 2268051ms] [ERROR] Unable to preventDefault inside passive event listener invocation. @ http://localhost:3000/_next/static/chunks/node_modules_next_dist_compiled_react-dom_1e674e59._.js:2325
[ 2268379ms] [ERROR] Unable to preventDefault inside passive event listener invocation. @ http://localhost:3000/_next/static/chunks/node_modules_next_dist_compiled_react-dom_1e674e59._.js:2325
[ 2268395ms] [ERROR] Unable to preventDefault inside passive event listener invocation. @ http://localhost:3000/_next/static/chunks/node_modules_next_dist_compiled_react-dom_1e674e59._.js:2325
[ 2268411ms] [ERROR] Unable to preventDefault inside passive event listener invocation. @ http://localhost:3000/_next/static/chunks/node_modules_next_dist_compiled_react-dom_1e674e59._.js:2325
[ 2268428ms] [ERROR] Unable to preventDefault inside passive event listener invocation. @ http://localhost:3000/_next/static/chunks/node_modules_next_dist_compiled_react-dom_1e674e59._.js:2325
[ 2268897ms] [ERROR] Unable to preventDefault inside passive event listener invocation. @ http://localhost:3000/_next/static/chunks/node_modules_next_dist_compiled_react-dom_1e674e59._.js:2325
[ 2268921ms] [ERROR] Unable to preventDefault inside passive event listener invocation. @ http://localhost:3000/_next/static/chunks/node_modules_next_dist_compiled_react-dom_1e674e59._.js:2325
[ 2268937ms] [ERROR] Unable to preventDefault inside passive event listener invocation. @ http://localhost:3000/_next/static/chunks/node_modules_next_dist_compiled_react-dom_1e674e59._.js:2325
[ 2268955ms] [ERROR] Unable to preventDefault inside passive event listener invocation. @ http://localhost:3000/_next/static/chunks/node_modules_next_dist_compiled_react-dom_1e674e59._.js:2325
[ 2269018ms] [LOG] [Fast Refresh] rebuilding @ http://localhost:3000/_next/static/chunks/node_modules_next_dist_f3530cac._.js:2297
[ 2269019ms] [LOG] [Fast Refresh] done in 106ms @ http://localhost:3000/_next/static/chunks/node_modules_next_dist_f3530cac._.js:2297
[ 2269223ms] [ERROR] Unable to preventDefault inside passive event listener invocation. @ http://localhost:3000/_next/static/chunks/node_modules_next_dist_compiled_react-dom_1e674e59._.js:2325
[ 2269252ms] [ERROR] Unable to preventDefault inside passive event listener invocation. @ http://localhost:3000/_next/static/chunks/node_modules_next_dist_compiled_react-dom_1e674e59._.js:2325
[ 2269270ms] [ERROR] Unable to preventDefault inside passive event listener invocation. @ http://localhost:3000/_next/static/chunks/node_modules_next_dist_compiled_react-dom_1e674e59._.js:2325
[ 2269296ms] [ERROR] Unable to preventDefault inside passive event listener invocation. @ http://localhost:3000/_next/static/chunks/node_modules_next_dist_compiled_react-dom_1e674e59._.js:2325
[ 2269578ms] [ERROR] Unable to preventDefault inside passive event listener invocation. @ http://localhost:3000/_next/static/chunks/node_modules_next_dist_compiled_react-dom_1e674e59._.js:2325
[ 2269601ms] [ERROR] Unable to preventDefault inside passive event listener invocation. @ http://localhost:3000/_next/static/chunks/node_modules_next_dist_compiled_react-dom_1e674e59._.js:2325
[ 2269612ms] [ERROR] Unable to preventDefault inside passive event listener invocation. @ http://localhost:3000/_next/static/chunks/node_modules_next_dist_compiled_react-dom_1e674e59._.js:2325
[ 2269629ms] [ERROR] Unable to preventDefault inside passive event listener invocation. @ http://localhost:3000/_next/static/chunks/node_modules_next_dist_compiled_react-dom_1e674e59._.js:2325
[ 2269885ms] [ERROR] Unable to preventDefault inside passive event listener invocation. @ http://localhost:3000/_next/static/chunks/node_modules_next_dist_compiled_react-dom_1e674e59._.js:2325
[ 2269904ms] [ERROR] Unable to preventDefault inside passive event listener invocation. @ http://localhost:3000/_next/static/chunks/node_modules_next_dist_compiled_react-dom_1e674e59._.js:2325
[ 2269913ms] [ERROR] Unable to preventDefault inside passive event listener invocation. @ http://localhost:3000/_next/static/chunks/node_modules_next_dist_compiled_react-dom_1e674e59._.js:2325
[ 2269924ms] [ERROR] Unable to preventDefault inside passive event listener invocation. @ http://localhost:3000/_next/static/chunks/node_modules_next_dist_compiled_react-dom_1e674e59._.js:2325
[ 2269932ms] [ERROR] Unable to preventDefault inside passive event listener invocation. @ http://localhost:3000/_next/static/chunks/node_modules_next_dist_compiled_react-dom_1e674e59._.js:2325
[ 2270139ms] [ERROR] Unable to preventDefault inside passive event listener invocation. @ http://localhost:3000/_next/static/chunks/node_modules_next_dist_compiled_react-dom_1e674e59._.js:2325
[ 2270152ms] [ERROR] Unable to preventDefault inside passive event listener invocation. @ http://localhost:3000/_next/static/chunks/node_modules_next_dist_compiled_react-dom_1e674e59._.js:2325
[ 2270163ms] [ERROR] Unable to preventDefault inside passive event listener invocation. @ http://localhost:3000/_next/static/chunks/node_modules_next_dist_compiled_react-dom_1e674e59._.js:2325
[ 2270169ms] [ERROR] Unable to preventDefault inside passive event listener invocation. @ http://localhost:3000/_next/static/chunks/node_modules_next_dist_compiled_react-dom_1e674e59._.js:2325
[ 2270178ms] [ERROR] Unable to preventDefault inside passive event listener invocation. @ http://localhost:3000/_next/static/chunks/node_modules_next_dist_compiled_react-dom_1e674e59._.js:2325
[ 2270185ms] [ERROR] Unable to preventDefault inside passive event listener invocation. @ http://localhost:3000/_next/static/chunks/node_modules_next_dist_compiled_react-dom_1e674e59._.js:2325
[ 2270192ms] [ERROR] Unable to preventDefault inside passive event listener invocation. @ http://localhost:3000/_next/static/chunks/node_modules_next_dist_compiled_react-dom_1e674e59._.js:2325
[ 2270202ms] [ERROR] Unable to preventDefault inside passive event listener invocation. @ http://localhost:3000/_next/static/chunks/node_modules_next_dist_compiled_react-dom_1e674e59._.js:2325
[ 2270256ms] [LOG] [Fast Refresh] rebuilding @ http://localhost:3000/_next/static/chunks/node_modules_next_dist_f3530cac._.js:2297
[ 2270257ms] [LOG] [Fast Refresh] done in 108ms @ http://localhost:3000/_next/static/chunks/node_modules_next_dist_f3530cac._.js:2297
[ 2270415ms] [ERROR] Unable to preventDefault inside passive event listener invocation. @ http://localhost:3000/_next/static/chunks/node_modules_next_dist_compiled_react-dom_1e674e59._.js:2325
[ 2270430ms] [ERROR] Unable to preventDefault inside passive event listener invocation. @ http://localhost:3000/_next/static/chunks/node_modules_next_dist_compiled_react-dom_1e674e59._.js:2325
[ 2270441ms] [ERROR] Unable to preventDefault inside passive event listener invocation. @ http://localhost:3000/_next/static/chunks/node_modules_next_dist_compiled_react-dom_1e674e59._.js:2325
[ 2270452ms] [ERROR] Unable to preventDefault inside passive event listener invocation. @ http://localhost:3000/_next/static/chunks/node_modules_next_dist_compiled_react-dom_1e674e59._.js:2325
[ 2270466ms] [ERROR] Unable to preventDefault inside passive event listener invocation. @ http://localhost:3000/_next/static/chunks/node_modules_next_dist_compiled_react-dom_1e674e59._.js:2325
[ 2270486ms] [ERROR] Unable to preventDefault inside passive event listener invocation. @ http://localhost:3000/_next/static/chunks/node_modules_next_dist_compiled_react-dom_1e674e59._.js:2325
[ 2270519ms] [LOG] [Fast Refresh] rebuilding @ http://localhost:3000/_next/static/chunks/node_modules_next_dist_f3530cac._.js:2297
[ 2270579ms] [LOG] [Fast Refresh] done in 160ms @ http://localhost:3000/_next/static/chunks/node_modules_next_dist_f3530cac._.js:2297
[ 2270724ms] [ERROR] Unable to preventDefault inside passive event listener invocation. @ http://localhost:3000/_next/static/chunks/node_modules_next_dist_compiled_react-dom_1e674e59._.js:2325
[ 2270749ms] [ERROR] Unable to preventDefault inside passive event listener invocation. @ http://localhost:3000/_next/static/chunks/node_modules_next_dist_compiled_react-dom_1e674e59._.js:2325
[ 2271329ms] [ERROR] Unable to preventDefault inside passive event listener invocation. @ http://localhost:3000/_next/static/chunks/node_modules_next_dist_compiled_react-dom_1e674e59._.js:2325
[ 2271344ms] [ERROR] Unable to preventDefault inside passive event listener invocation. @ http://localhost:3000/_next/static/chunks/node_modules_next_dist_compiled_react-dom_1e674e59._.js:2325
[ 2271359ms] [ERROR] Unable to preventDefault inside passive event listener invocation. @ http://localhost:3000/_next/static/chunks/node_modules_next_dist_compiled_react-dom_1e674e59._.js:2325
[ 2271378ms] [ERROR] Unable to preventDefault inside passive event listener invocation. @ http://localhost:3000/_next/static/chunks/node_modules_next_dist_compiled_react-dom_1e674e59._.js:2325
[ 2271402ms] [ERROR] Unable to preventDefault inside passive event listener invocation. @ http://localhost:3000/_next/static/chunks/node_modules_next_dist_compiled_react-dom_1e674e59._.js:2325
[ 2271570ms] [ERROR] Unable to preventDefault inside passive event listener invocation. @ http://localhost:3000/_next/static/chunks/node_modules_next_dist_compiled_react-dom_1e674e59._.js:2325
[ 2271590ms] [ERROR] Unable to preventDefault inside passive event listener invocation. @ http://localhost:3000/_next/static/chunks/node_modules_next_dist_compiled_react-dom_1e674e59._.js:2325
[ 2271611ms] [ERROR] Unable to preventDefault inside passive event listener invocation. @ http://localhost:3000/_next/static/chunks/node_modules_next_dist_compiled_react-dom_1e674e59._.js:2325
[ 2271805ms] [ERROR] Unable to preventDefault inside passive event listener invocation. @ http://localhost:3000/_next/static/chunks/node_modules_next_dist_compiled_react-dom_1e674e59._.js:2325
[ 2271828ms] [ERROR] Unable to preventDefault inside passive event listener invocation. @ http://localhost:3000/_next/static/chunks/node_modules_next_dist_compiled_react-dom_1e674e59._.js:2325
[ 2271847ms] [ERROR] Unable to preventDefault inside passive event listener invocation. @ http://localhost:3000/_next/static/chunks/node_modules_next_dist_compiled_react-dom_1e674e59._.js:2325
[ 2271895ms] [ERROR] Unable to preventDefault inside passive event listener invocation. @ http://localhost:3000/_next/static/chunks/node_modules_next_dist_compiled_react-dom_1e674e59._.js:2325
[ 2279852ms] [ERROR] Unable to preventDefault inside passive event listener invocation. @ http://localhost:3000/_next/static/chunks/node_modules_next_dist_compiled_react-dom_1e674e59._.js:2325
[ 2279881ms] [ERROR] Unable to preventDefault inside passive event listener invocation. @ http://localhost:3000/_next/static/chunks/node_modules_next_dist_compiled_react-dom_1e674e59._.js:2325
[ 2282691ms] [LOG] [cache-update] sid= null poleTags= 0 shapes= 0 @ http://localhost:3000/_next/static/chunks/node_modules_next_dist_f3530cac._.js:2297
[ 2282691ms] [WARNING] [cache-update] skipping save — no sessionId or db @ http://localhost:3000/_next/static/chunks/node_modules_next_dist_f3530cac._.js:2297
[ 2283725ms] [ERROR] Unable to preventDefault inside passive event listener invocation. @ http://localhost:3000/_next/static/chunks/node_modules_next_dist_compiled_react-dom_1e674e59._.js:2325
[ 2283741ms] [ERROR] Unable to preventDefault inside passive event listener invocation. @ http://localhost:3000/_next/static/chunks/node_modules_next_dist_compiled_react-dom_1e674e59._.js:2325
[ 2283759ms] [ERROR] Unable to preventDefault inside passive event listener invocation. @ http://localhost:3000/_next/static/chunks/node_modules_next_dist_compiled_react-dom_1e674e59._.js:2325
[ 2283762ms] [ERROR] Unable to preventDefault inside passive event listener invocation. @ http://localhost:3000/_next/static/chunks/node_modules_next_dist_compiled_react-dom_1e674e59._.js:2325
[ 2283770ms] [ERROR] Unable to preventDefault inside passive event listener invocation. @ http://localhost:3000/_next/static/chunks/node_modules_next_dist_compiled_react-dom_1e674e59._.js:2325
[ 2283779ms] [ERROR] Unable to preventDefault inside passive event listener invocation. @ http://localhost:3000/_next/static/chunks/node_modules_next_dist_compiled_react-dom_1e674e59._.js:2325
[ 2283908ms] [LOG] [Fast Refresh] rebuilding @ http://localhost:3000/_next/static/chunks/node_modules_next_dist_f3530cac._.js:2297
[ 2283971ms] [LOG] [Fast Refresh] done in 164ms @ http://localhost:3000/_next/static/chunks/node_modules_next_dist_f3530cac._.js:2297
[ 2284437ms] [LOG] [cache-update] sid= null poleTags= 0 shapes= 0 @ http://localhost:3000/_next/static/chunks/node_modules_next_dist_f3530cac._.js:2297
[ 2284438ms] [WARNING] [cache-update] skipping save — no sessionId or db @ http://localhost:3000/_next/static/chunks/node_modules_next_dist_f3530cac._.js:2297
[ 2286281ms] [ERROR] Unable to preventDefault inside passive event listener invocation. @ http://localhost:3000/_next/static/chunks/node_modules_next_dist_compiled_react-dom_1e674e59._.js:2325
[ 2286302ms] [ERROR] Unable to preventDefault inside passive event listener invocation. @ http://localhost:3000/_next/static/chunks/node_modules_next_dist_compiled_react-dom_1e674e59._.js:2325
[ 2286314ms] [ERROR] Unable to preventDefault inside passive event listener invocation. @ http://localhost:3000/_next/static/chunks/node_modules_next_dist_compiled_react-dom_1e674e59._.js:2325
[ 2286490ms] [LOG] [cache-update] sid= null poleTags= 7 shapes= 0 @ http://localhost:3000/_next/static/chunks/node_modules_next_dist_f3530cac._.js:2297
[ 2286490ms] [WARNING] [cache-update] skipping save — no sessionId or db @ http://localhost:3000/_next/static/chunks/node_modules_next_dist_f3530cac._.js:2297
[ 2286626ms] [ERROR] Unable to preventDefault inside passive event listener invocation. @ http://localhost:3000/_next/static/chunks/node_modules_next_dist_compiled_react-dom_1e674e59._.js:2325
[ 2287278ms] [ERROR] Unable to preventDefault inside passive event listener invocation. @ http://localhost:3000/_next/static/chunks/node_modules_next_dist_compiled_react-dom_1e674e59._.js:2325
[ 2287317ms] [ERROR] Unable to preventDefault inside passive event listener invocation. @ http://localhost:3000/_next/static/chunks/node_modules_next_dist_compiled_react-dom_1e674e59._.js:2325
[ 2287345ms] [ERROR] Unable to preventDefault inside passive event listener invocation. @ http://localhost:3000/_next/static/chunks/node_modules_next_dist_compiled_react-dom_1e674e59._.js:2325
[ 2287384ms] [ERROR] Unable to preventDefault inside passive event listener invocation. @ http://localhost:3000/_next/static/chunks/node_modules_next_dist_compiled_react-dom_1e674e59._.js:2325
[ 2287395ms] [LOG] [Fast Refresh] rebuilding @ http://localhost:3000/_next/static/chunks/node_modules_next_dist_f3530cac._.js:2297
[ 2287404ms] [LOG] [Fast Refresh] done in 109ms @ http://localhost:3000/_next/static/chunks/node_modules_next_dist_f3530cac._.js:2297
[ 2287605ms] [ERROR] Unable to preventDefault inside passive event listener invocation. @ http://localhost:3000/_next/static/chunks/node_modules_next_dist_compiled_react-dom_1e674e59._.js:2325
[ 2287633ms] [ERROR] Unable to preventDefault inside passive event listener invocation. @ http://localhost:3000/_next/static/chunks/node_modules_next_dist_compiled_react-dom_1e674e59._.js:2325
[ 2287673ms] [ERROR] Unable to preventDefault inside passive event listener invocation. @ http://localhost:3000/_next/static/chunks/node_modules_next_dist_compiled_react-dom_1e674e59._.js:2325
[ 2288148ms] [ERROR] Unable to preventDefault inside passive event listener invocation. @ http://localhost:3000/_next/static/chunks/node_modules_next_dist_compiled_react-dom_1e674e59._.js:2325
[ 2288174ms] [ERROR] Unable to preventDefault inside passive event listener invocation. @ http://localhost:3000/_next/static/chunks/node_modules_next_dist_compiled_react-dom_1e674e59._.js:2325
[ 2288198ms] [ERROR] Unable to preventDefault inside passive event listener invocation. @ http://localhost:3000/_next/static/chunks/node_modules_next_dist_compiled_react-dom_1e674e59._.js:2325
[ 2288222ms] [LOG] [cache-update] sid= null poleTags= 31 shapes= 0 @ http://localhost:3000/_next/static/chunks/node_modules_next_dist_f3530cac._.js:2297
[ 2288222ms] [WARNING] [cache-update] skipping save — no sessionId or db @ http://localhost:3000/_next/static/chunks/node_modules_next_dist_f3530cac._.js:2297
[ 2288244ms] [ERROR] Unable to preventDefault inside passive event listener invocation. @ http://localhost:3000/_next/static/chunks/node_modules_next_dist_compiled_react-dom_1e674e59._.js:2325
[ 2288292ms] [LOG] [Fast Refresh] rebuilding @ http://localhost:3000/_next/static/chunks/node_modules_next_dist_f3530cac._.js:2297
[ 2288294ms] [LOG] [Fast Refresh] done in 106ms @ http://localhost:3000/_next/static/chunks/node_modules_next_dist_f3530cac._.js:2297
[ 2288546ms] [LOG] [cache-update] sid= null poleTags= 31 shapes= 0 @ http://localhost:3000/_next/static/chunks/node_modules_next_dist_f3530cac._.js:2297
[ 2288546ms] [WARNING] [cache-update] skipping save — no sessionId or db @ http://localhost:3000/_next/static/chunks/node_modules_next_dist_f3530cac._.js:2297
[ 2288966ms] [ERROR] Unable to preventDefault inside passive event listener invocation. @ http://localhost:3000/_next/static/chunks/node_modules_next_dist_compiled_react-dom_1e674e59._.js:2325
[ 2288982ms] [ERROR] Unable to preventDefault inside passive event listener invocation. @ http://localhost:3000/_next/static/chunks/node_modules_next_dist_compiled_react-dom_1e674e59._.js:2325
[ 2288999ms] [ERROR] Unable to preventDefault inside passive event listener invocation. @ http://localhost:3000/_next/static/chunks/node_modules_next_dist_compiled_react-dom_1e674e59._.js:2325
[ 2289012ms] [ERROR] Unable to preventDefault inside passive event listener invocation. @ http://localhost:3000/_next/static/chunks/node_modules_next_dist_compiled_react-dom_1e674e59._.js:2325
[ 2289027ms] [ERROR] Unable to preventDefault inside passive event listener invocation. @ http://localhost:3000/_next/static/chunks/node_modules_next_dist_compiled_react-dom_1e674e59._.js:2325
[ 2289086ms] [LOG] [Fast Refresh] rebuilding @ http://localhost:3000/_next/static/chunks/node_modules_next_dist_f3530cac._.js:2297
[ 2289088ms] [LOG] [Fast Refresh] done in 110ms @ http://localhost:3000/_next/static/chunks/node_modules_next_dist_f3530cac._.js:2297
[ 2290021ms] [ERROR] Unable to preventDefault inside passive event listener invocation. @ http://localhost:3000/_next/static/chunks/node_modules_next_dist_compiled_react-dom_1e674e59._.js:2325
[ 2290039ms] [ERROR] Unable to preventDefault inside passive event listener invocation. @ http://localhost:3000/_next/static/chunks/node_modules_next_dist_compiled_react-dom_1e674e59._.js:2325
[ 2290051ms] [ERROR] Unable to preventDefault inside passive event listener invocation. @ http://localhost:3000/_next/static/chunks/node_modules_next_dist_compiled_react-dom_1e674e59._.js:2325
[ 2290071ms] [ERROR] Unable to preventDefault inside passive event listener invocation. @ http://localhost:3000/_next/static/chunks/node_modules_next_dist_compiled_react-dom_1e674e59._.js:2325
[ 2290089ms] [ERROR] Unable to preventDefault inside passive event listener invocation. @ http://localhost:3000/_next/static/chunks/node_modules_next_dist_compiled_react-dom_1e674e59._.js:2325
[ 2290133ms] [LOG] [Fast Refresh] rebuilding @ http://localhost:3000/_next/static/chunks/node_modules_next_dist_f3530cac._.js:2297
[ 2290139ms] [LOG] [Fast Refresh] done in 108ms @ http://localhost:3000/_next/static/chunks/node_modules_next_dist_f3530cac._.js:2297
[ 2290266ms] [ERROR] Unable to preventDefault inside passive event listener invocation. @ http://localhost:3000/_next/static/chunks/node_modules_next_dist_compiled_react-dom_1e674e59._.js:2325
[ 2290283ms] [ERROR] Unable to preventDefault inside passive event listener invocation. @ http://localhost:3000/_next/static/chunks/node_modules_next_dist_compiled_react-dom_1e674e59._.js:2325
[ 2290304ms] [ERROR] Unable to preventDefault inside passive event listener invocation. @ http://localhost:3000/_next/static/chunks/node_modules_next_dist_compiled_react-dom_1e674e59._.js:2325
[ 2290322ms] [ERROR] Unable to preventDefault inside passive event listener invocation. @ http://localhost:3000/_next/static/chunks/node_modules_next_dist_compiled_react-dom_1e674e59._.js:2325
[ 2290385ms] [LOG] [Fast Refresh] rebuilding @ http://localhost:3000/_next/static/chunks/node_modules_next_dist_f3530cac._.js:2297
[ 2290387ms] [LOG] [Fast Refresh] done in 109ms @ http://localhost:3000/_next/static/chunks/node_modules_next_dist_f3530cac._.js:2297
[ 2290535ms] [ERROR] Unable to preventDefault inside passive event listener invocation. @ http://localhost:3000/_next/static/chunks/node_modules_next_dist_compiled_react-dom_1e674e59._.js:2325
[ 2290567ms] [ERROR] Unable to preventDefault inside passive event listener invocation. @ http://localhost:3000/_next/static/chunks/node_modules_next_dist_compiled_react-dom_1e674e59._.js:2325
[ 2290599ms] [ERROR] Unable to preventDefault inside passive event listener invocation. @ http://localhost:3000/_next/static/chunks/node_modules_next_dist_compiled_react-dom_1e674e59._.js:2325
[ 2290684ms] [ERROR] Unable to preventDefault inside passive event listener invocation. @ http://localhost:3000/_next/static/chunks/node_modules_next_dist_compiled_react-dom_1e674e59._.js:2325
[ 2290731ms] [ERROR] Unable to preventDefault inside passive event listener invocation. @ http://localhost:3000/_next/static/chunks/node_modules_next_dist_compiled_react-dom_1e674e59._.js:2325
[ 2290784ms] [ERROR] Unable to preventDefault inside passive event listener invocation. @ http://localhost:3000/_next/static/chunks/node_modules_next_dist_compiled_react-dom_1e674e59._.js:2325
[ 2291012ms] [ERROR] Unable to preventDefault inside passive event listener invocation. @ http://localhost:3000/_next/static/chunks/node_modules_next_dist_compiled_react-dom_1e674e59._.js:2325
[ 2291029ms] [ERROR] Unable to preventDefault inside passive event listener invocation. @ http://localhost:3000/_next/static/chunks/node_modules_next_dist_compiled_react-dom_1e674e59._.js:2325
[ 2291049ms] [ERROR] Unable to preventDefault inside passive event listener invocation. @ http://localhost:3000/_next/static/chunks/node_modules_next_dist_compiled_react-dom_1e674e59._.js:2325
[ 2291069ms] [ERROR] Unable to preventDefault inside passive event listener invocation. @ http://localhost:3000/_next/static/chunks/node_modules_next_dist_compiled_react-dom_1e674e59._.js:2325
[ 2291123ms] [LOG] [Fast Refresh] rebuilding @ http://localhost:3000/_next/static/chunks/node_modules_next_dist_f3530cac._.js:2297
[ 2291131ms] [LOG] [Fast Refresh] done in 108ms @ http://localhost:3000/_next/static/chunks/node_modules_next_dist_f3530cac._.js:2297
[ 2291861ms] [ERROR] Unable to preventDefault inside passive event listener invocation. @ http://localhost:3000/_next/static/chunks/node_modules_next_dist_compiled_react-dom_1e674e59._.js:2325
[ 2291900ms] [ERROR] Unable to preventDefault inside passive event listener invocation. @ http://localhost:3000/_next/static/chunks/node_modules_next_dist_compiled_react-dom_1e674e59._.js:2325
[ 2291916ms] [ERROR] Unable to preventDefault inside passive event listener invocation. @ http://localhost:3000/_next/static/chunks/node_modules_next_dist_compiled_react-dom_1e674e59._.js:2325
[ 2291929ms] [ERROR] Unable to preventDefault inside passive event listener invocation. @ http://localhost:3000/_next/static/chunks/node_modules_next_dist_compiled_react-dom_1e674e59._.js:2325
[ 2291945ms] [ERROR] Unable to preventDefault inside passive event listener invocation. @ http://localhost:3000/_next/static/chunks/node_modules_next_dist_compiled_react-dom_1e674e59._.js:2325
[ 2291956ms] [ERROR] Unable to preventDefault inside passive event listener invocation. @ http://localhost:3000/_next/static/chunks/node_modules_next_dist_compiled_react-dom_1e674e59._.js:2325
[ 2293827ms] [ERROR] Unable to preventDefault inside passive event listener invocation. @ http://localhost:3000/_next/static/chunks/node_modules_next_dist_compiled_react-dom_1e674e59._.js:2325
[ 2293852ms] [ERROR] Unable to preventDefault inside passive event listener invocation. @ http://localhost:3000/_next/static/chunks/node_modules_next_dist_compiled_react-dom_1e674e59._.js:2325
[ 2293893ms] [ERROR] Unable to preventDefault inside passive event listener invocation. @ http://localhost:3000/_next/static/chunks/node_modules_next_dist_compiled_react-dom_1e674e59._.js:2325
[ 2294165ms] [ERROR] Unable to preventDefault inside passive event listener invocation. @ http://localhost:3000/_next/static/chunks/node_modules_next_dist_compiled_react-dom_1e674e59._.js:2325
[ 2294190ms] [ERROR] Unable to preventDefault inside passive event listener invocation. @ http://localhost:3000/_next/static/chunks/node_modules_next_dist_compiled_react-dom_1e674e59._.js:2325
[ 2294223ms] [ERROR] Unable to preventDefault inside passive event listener invocation. @ http://localhost:3000/_next/static/chunks/node_modules_next_dist_compiled_react-dom_1e674e59._.js:2325
[ 2294434ms] [ERROR] Unable to preventDefault inside passive event listener invocation. @ http://localhost:3000/_next/static/chunks/node_modules_next_dist_compiled_react-dom_1e674e59._.js:2325
[ 2294456ms] [ERROR] Unable to preventDefault inside passive event listener invocation. @ http://localhost:3000/_next/static/chunks/node_modules_next_dist_compiled_react-dom_1e674e59._.js:2325
[ 2294486ms] [ERROR] Unable to preventDefault inside passive event listener invocation. @ http://localhost:3000/_next/static/chunks/node_modules_next_dist_compiled_react-dom_1e674e59._.js:2325
[ 2298578ms] [ERROR] Unable to preventDefault inside passive event listener invocation. @ http://localhost:3000/_next/static/chunks/node_modules_next_dist_compiled_react-dom_1e674e59._.js:2325
[ 2298608ms] [ERROR] Unable to preventDefault inside passive event listener invocation. @ http://localhost:3000/_next/static/chunks/node_modules_next_dist_compiled_react-dom_1e674e59._.js:2325
[ 2298655ms] [ERROR] Unable to preventDefault inside passive event listener invocation. @ http://localhost:3000/_next/static/chunks/node_modules_next_dist_compiled_react-dom_1e674e59._.js:2325
[ 2298842ms] [ERROR] Unable to preventDefault inside passive event listener invocation. @ http://localhost:3000/_next/static/chunks/node_modules_next_dist_compiled_react-dom_1e674e59._.js:2325
[ 2298863ms] [ERROR] Unable to preventDefault inside passive event listener invocation. @ http://localhost:3000/_next/static/chunks/node_modules_next_dist_compiled_react-dom_1e674e59._.js:2325
[ 2298888ms] [ERROR] Unable to preventDefault inside passive event listener invocation. @ http://localhost:3000/_next/static/chunks/node_modules_next_dist_compiled_react-dom_1e674e59._.js:2325
[ 2299086ms] [ERROR] Unable to preventDefault inside passive event listener invocation. @ http://localhost:3000/_next/static/chunks/node_modules_next_dist_compiled_react-dom_1e674e59._.js:2325
[ 2299104ms] [ERROR] Unable to preventDefault inside passive event listener invocation. @ http://localhost:3000/_next/static/chunks/node_modules_next_dist_compiled_react-dom_1e674e59._.js:2325
[ 2299121ms] [ERROR] Unable to preventDefault inside passive event listener invocation. @ http://localhost:3000/_next/static/chunks/node_modules_next_dist_compiled_react-dom_1e674e59._.js:2325
[ 2299151ms] [ERROR] Unable to preventDefault inside passive event listener invocation. @ http://localhost:3000/_next/static/chunks/node_modules_next_dist_compiled_react-dom_1e674e59._.js:2325
[ 2299205ms] [LOG] [Fast Refresh] rebuilding @ http://localhost:3000/_next/static/chunks/node_modules_next_dist_f3530cac._.js:2297
[ 2299206ms] [LOG] [Fast Refresh] done in 108ms @ http://localhost:3000/_next/static/chunks/node_modules_next_dist_f3530cac._.js:2297
[ 2299371ms] [ERROR] Unable to preventDefault inside passive event listener invocation. @ http://localhost:3000/_next/static/chunks/node_modules_next_dist_compiled_react-dom_1e674e59._.js:2325
[ 2299394ms] [ERROR] Unable to preventDefault inside passive event listener invocation. @ http://localhost:3000/_next/static/chunks/node_modules_next_dist_compiled_react-dom_1e674e59._.js:2325
[ 2299407ms] [ERROR] Unable to preventDefault inside passive event listener invocation. @ http://localhost:3000/_next/static/chunks/node_modules_next_dist_compiled_react-dom_1e674e59._.js:2325
[ 2299421ms] [ERROR] Unable to preventDefault inside passive event listener invocation. @ http://localhost:3000/_next/static/chunks/node_modules_next_dist_compiled_react-dom_1e674e59._.js:2325
[ 2299432ms] [ERROR] Unable to preventDefault inside passive event listener invocation. @ http://localhost:3000/_next/static/chunks/node_modules_next_dist_compiled_react-dom_1e674e59._.js:2325
[ 2299485ms] [LOG] [Fast Refresh] rebuilding @ http://localhost:3000/_next/static/chunks/node_modules_next_dist_f3530cac._.js:2297
[ 2299486ms] [LOG] [Fast Refresh] done in 108ms @ http://localhost:3000/_next/static/chunks/node_modules_next_dist_f3530cac._.js:2297
[ 2299718ms] [ERROR] Unable to preventDefault inside passive event listener invocation. @ http://localhost:3000/_next/static/chunks/node_modules_next_dist_compiled_react-dom_1e674e59._.js:2325
[ 2299777ms] [ERROR] Unable to preventDefault inside passive event listener invocation. @ http://localhost:3000/_next/static/chunks/node_modules_next_dist_compiled_react-dom_1e674e59._.js:2325
[ 2300054ms] [ERROR] Unable to preventDefault inside passive event listener invocation. @ http://localhost:3000/_next/static/chunks/node_modules_next_dist_compiled_react-dom_1e674e59._.js:2325
[ 2300076ms] [ERROR] Unable to preventDefault inside passive event listener invocation. @ http://localhost:3000/_next/static/chunks/node_modules_next_dist_compiled_react-dom_1e674e59._.js:2325
[ 2300104ms] [ERROR] Unable to preventDefault inside passive event listener invocation. @ http://localhost:3000/_next/static/chunks/node_modules_next_dist_compiled_react-dom_1e674e59._.js:2325
[ 2300166ms] [LOG] [Fast Refresh] rebuilding @ http://localhost:3000/_next/static/chunks/node_modules_next_dist_f3530cac._.js:2297
[ 2300167ms] [LOG] [Fast Refresh] done in 107ms @ http://localhost:3000/_next/static/chunks/node_modules_next_dist_f3530cac._.js:2297
[ 2300397ms] [ERROR] Unable to preventDefault inside passive event listener invocation. @ http://localhost:3000/_next/static/chunks/node_modules_next_dist_compiled_react-dom_1e674e59._.js:2325
[ 2300417ms] [ERROR] Unable to preventDefault inside passive event listener invocation. @ http://localhost:3000/_next/static/chunks/node_modules_next_dist_compiled_react-dom_1e674e59._.js:2325
[ 2300434ms] [ERROR] Unable to preventDefault inside passive event listener invocation. @ http://localhost:3000/_next/static/chunks/node_modules_next_dist_compiled_react-dom_1e674e59._.js:2325
[ 2300467ms] [ERROR] Unable to preventDefault inside passive event listener invocation. @ http://localhost:3000/_next/static/chunks/node_modules_next_dist_compiled_react-dom_1e674e59._.js:2325
[ 2301407ms] [ERROR] Unable to preventDefault inside passive event listener invocation. @ http://localhost:3000/_next/static/chunks/node_modules_next_dist_compiled_react-dom_1e674e59._.js:2325
[ 2301430ms] [ERROR] Unable to preventDefault inside passive event listener invocation. @ http://localhost:3000/_next/static/chunks/node_modules_next_dist_compiled_react-dom_1e674e59._.js:2325
[ 2301456ms] [ERROR] Unable to preventDefault inside passive event listener invocation. @ http://localhost:3000/_next/static/chunks/node_modules_next_dist_compiled_react-dom_1e674e59._.js:2325
[ 2301509ms] [ERROR] Unable to preventDefault inside passive event listener invocation. @ http://localhost:3000/_next/static/chunks/node_modules_next_dist_compiled_react-dom_1e674e59._.js:2325
[ 2301770ms] [ERROR] Unable to preventDefault inside passive event listener invocation. @ http://localhost:3000/_next/static/chunks/node_modules_next_dist_compiled_react-dom_1e674e59._.js:2325
[ 2301788ms] [ERROR] Unable to preventDefault inside passive event listener invocation. @ http://localhost:3000/_next/static/chunks/node_modules_next_dist_compiled_react-dom_1e674e59._.js:2325
[ 2301809ms] [ERROR] Unable to preventDefault inside passive event listener invocation. @ http://localhost:3000/_next/static/chunks/node_modules_next_dist_compiled_react-dom_1e674e59._.js:2325
[ 2301860ms] [ERROR] Unable to preventDefault inside passive event listener invocation. @ http://localhost:3000/_next/static/chunks/node_modules_next_dist_compiled_react-dom_1e674e59._.js:2325
[ 2302080ms] [ERROR] Unable to preventDefault inside passive event listener invocation. @ http://localhost:3000/_next/static/chunks/node_modules_next_dist_compiled_react-dom_1e674e59._.js:2325
[ 2302101ms] [ERROR] Unable to preventDefault inside passive event listener invocation. @ http://localhost:3000/_next/static/chunks/node_modules_next_dist_compiled_react-dom_1e674e59._.js:2325
[ 2302125ms] [ERROR] Unable to preventDefault inside passive event listener invocation. @ http://localhost:3000/_next/static/chunks/node_modules_next_dist_compiled_react-dom_1e674e59._.js:2325
[ 2302676ms] [ERROR] Unable to preventDefault inside passive event listener invocation. @ http://localhost:3000/_next/static/chunks/node_modules_next_dist_compiled_react-dom_1e674e59._.js:2325
[ 2302707ms] [ERROR] Unable to preventDefault inside passive event listener invocation. @ http://localhost:3000/_next/static/chunks/node_modules_next_dist_compiled_react-dom_1e674e59._.js:2325
[ 2302728ms] [ERROR] Unable to preventDefault inside passive event listener invocation. @ http://localhost:3000/_next/static/chunks/node_modules_next_dist_compiled_react-dom_1e674e59._.js:2325
[ 2302747ms] [ERROR] Unable to preventDefault inside passive event listener invocation. @ http://localhost:3000/_next/static/chunks/node_modules_next_dist_compiled_react-dom_1e674e59._.js:2325
[ 2302794ms] [ERROR] Unable to preventDefault inside passive event listener invocation. @ http://localhost:3000/_next/static/chunks/node_modules_next_dist_compiled_react-dom_1e674e59._.js:2325
[ 2304119ms] [ERROR] Unable to preventDefault inside passive event listener invocation. @ http://localhost:3000/_next/static/chunks/node_modules_next_dist_compiled_react-dom_1e674e59._.js:2325
[ 2304134ms] [ERROR] Unable to preventDefault inside passive event listener invocation. @ http://localhost:3000/_next/static/chunks/node_modules_next_dist_compiled_react-dom_1e674e59._.js:2325
[ 2304146ms] [ERROR] Unable to preventDefault inside passive event listener invocation. @ http://localhost:3000/_next/static/chunks/node_modules_next_dist_compiled_react-dom_1e674e59._.js:2325
[ 2304154ms] [ERROR] Unable to preventDefault inside passive event listener invocation. @ http://localhost:3000/_next/static/chunks/node_modules_next_dist_compiled_react-dom_1e674e59._.js:2325
[ 2304161ms] [ERROR] Unable to preventDefault inside passive event listener invocation. @ http://localhost:3000/_next/static/chunks/node_modules_next_dist_compiled_react-dom_1e674e59._.js:2325
[ 2304435ms] [ERROR] Unable to preventDefault inside passive event listener invocation. @ http://localhost:3000/_next/static/chunks/node_modules_next_dist_compiled_react-dom_1e674e59._.js:2325
[ 2305051ms] [ERROR] Unable to preventDefault inside passive event listener invocation. @ http://localhost:3000/_next/static/chunks/node_modules_next_dist_compiled_react-dom_1e674e59._.js:2325
[ 2305064ms] [ERROR] Unable to preventDefault inside passive event listener invocation. @ http://localhost:3000/_next/static/chunks/node_modules_next_dist_compiled_react-dom_1e674e59._.js:2325
[ 2305078ms] [ERROR] Unable to preventDefault inside passive event listener invocation. @ http://localhost:3000/_next/static/chunks/node_modules_next_dist_compiled_react-dom_1e674e59._.js:2325
[ 2305096ms] [ERROR] Unable to preventDefault inside passive event listener invocation. @ http://localhost:3000/_next/static/chunks/node_modules_next_dist_compiled_react-dom_1e674e59._.js:2325
[ 2305131ms] [ERROR] Unable to preventDefault inside passive event listener invocation. @ http://localhost:3000/_next/static/chunks/node_modules_next_dist_compiled_react-dom_1e674e59._.js:2325
[ 2306406ms] [ERROR] Unable to preventDefault inside passive event listener invocation. @ http://localhost:3000/_next/static/chunks/node_modules_next_dist_compiled_react-dom_1e674e59._.js:2325
[ 2306461ms] [ERROR] Unable to preventDefault inside passive event listener invocation. @ http://localhost:3000/_next/static/chunks/node_modules_next_dist_compiled_react-dom_1e674e59._.js:2325
[ 2306826ms] [ERROR] Unable to preventDefault inside passive event listener invocation. @ http://localhost:3000/_next/static/chunks/node_modules_next_dist_compiled_react-dom_1e674e59._.js:2325
[ 2321725ms] [ERROR] Failed to load resource: the server responded with a status of 404 (NOT FOUND) @ http://localhost:3000/api/dxf/status:0
[ 2332046ms] [ERROR] Unable to preventDefault inside passive event listener invocation. @ http://localhost:3000/_next/static/chunks/node_modules_next_dist_compiled_react-dom_1e674e59._.js:2325
[ 2332063ms] [ERROR] Unable to preventDefault inside passive event listener invocation. @ http://localhost:3000/_next/static/chunks/node_modules_next_dist_compiled_react-dom_1e674e59._.js:2325
[ 2332085ms] [ERROR] Unable to preventDefault inside passive event listener invocation. @ http://localhost:3000/_next/static/chunks/node_modules_next_dist_compiled_react-dom_1e674e59._.js:2325
[ 2332104ms] [ERROR] Unable to preventDefault inside passive event listener invocation. @ http://localhost:3000/_next/static/chunks/node_modules_next_dist_compiled_react-dom_1e674e59._.js:2325
[ 2332165ms] [LOG] [Fast Refresh] rebuilding @ http://localhost:3000/_next/static/chunks/node_modules_next_dist_f3530cac._.js:2297
[ 2332166ms] [LOG] [Fast Refresh] done in 108ms @ http://localhost:3000/_next/static/chunks/node_modules_next_dist_f3530cac._.js:2297
[ 2332281ms] [ERROR] Unable to preventDefault inside passive event listener invocation. @ http://localhost:3000/_next/static/chunks/node_modules_next_dist_compiled_react-dom_1e674e59._.js:2325
[ 2332295ms] [ERROR] Failed to load resource: the server responded with a status of 404 (NOT FOUND) @ http://localhost:3000/api/layers?dxf_path=uploads/LPA120.dxf:0
[ 2332303ms] [ERROR] Unable to preventDefault inside passive event listener invocation. @ http://localhost:3000/_next/static/chunks/node_modules_next_dist_compiled_react-dom_1e674e59._.js:2325
[ 2332325ms] [ERROR] Unable to preventDefault inside passive event listener invocation. @ http://localhost:3000/_next/static/chunks/node_modules_next_dist_compiled_react-dom_1e674e59._.js:2325
[ 2332349ms] [ERROR] Unable to preventDefault inside passive event listener invocation. @ http://localhost:3000/_next/static/chunks/node_modules_next_dist_compiled_react-dom_1e674e59._.js:2325
[ 2332395ms] [LOG] [Fast Refresh] rebuilding @ http://localhost:3000/_next/static/chunks/node_modules_next_dist_f3530cac._.js:2297
[ 2332413ms] [LOG] [Fast Refresh] done in 121ms @ http://localhost:3000/_next/static/chunks/node_modules_next_dist_f3530cac._.js:2297
[ 2332566ms] [ERROR] Unable to preventDefault inside passive event listener invocation. @ http://localhost:3000/_next/static/chunks/node_modules_next_dist_compiled_react-dom_1e674e59._.js:2325
[ 2332581ms] [ERROR] Unable to preventDefault inside passive event listener invocation. @ http://localhost:3000/_next/static/chunks/node_modules_next_dist_compiled_react-dom_1e674e59._.js:2325
[ 2332598ms] [ERROR] Unable to preventDefault inside passive event listener invocation. @ http://localhost:3000/_next/static/chunks/node_modules_next_dist_compiled_react-dom_1e674e59._.js:2325
[ 2332614ms] [ERROR] Unable to preventDefault inside passive event listener invocation. @ http://localhost:3000/_next/static/chunks/node_modules_next_dist_compiled_react-dom_1e674e59._.js:2325
[ 2332662ms] [ERROR] Unable to preventDefault inside passive event listener invocation. @ http://localhost:3000/_next/static/chunks/node_modules_next_dist_compiled_react-dom_1e674e59._.js:2325
[ 2332808ms] [ERROR] Unable to preventDefault inside passive event listener invocation. @ http://localhost:3000/_next/static/chunks/node_modules_next_dist_compiled_react-dom_1e674e59._.js:2325
[ 2332827ms] [ERROR] Unable to preventDefault inside passive event listener invocation. @ http://localhost:3000/_next/static/chunks/node_modules_next_dist_compiled_react-dom_1e674e59._.js:2325
[ 2332841ms] [ERROR] Unable to preventDefault inside passive event listener invocation. @ http://localhost:3000/_next/static/chunks/node_modules_next_dist_compiled_react-dom_1e674e59._.js:2325
[ 2332868ms] [ERROR] Unable to preventDefault inside passive event listener invocation. @ http://localhost:3000/_next/static/chunks/node_modules_next_dist_compiled_react-dom_1e674e59._.js:2325
[ 2335553ms] [ERROR] Unable to preventDefault inside passive event listener invocation. @ http://localhost:3000/_next/static/chunks/node_modules_next_dist_compiled_react-dom_1e674e59._.js:2325
[ 2335617ms] [ERROR] Unable to preventDefault inside passive event listener invocation. @ http://localhost:3000/_next/static/chunks/node_modules_next_dist_compiled_react-dom_1e674e59._.js:2325
[ 2335954ms] [ERROR] Unable to preventDefault inside passive event listener invocation. @ http://localhost:3000/_next/static/chunks/node_modules_next_dist_compiled_react-dom_1e674e59._.js:2325
[ 2335976ms] [ERROR] Unable to preventDefault inside passive event listener invocation. @ http://localhost:3000/_next/static/chunks/node_modules_next_dist_compiled_react-dom_1e674e59._.js:2325
[ 2335999ms] [ERROR] Unable to preventDefault inside passive event listener invocation. @ http://localhost:3000/_next/static/chunks/node_modules_next_dist_compiled_react-dom_1e674e59._.js:2325
[ 2344612ms] [LOG] [Fast Refresh] rebuilding @ http://localhost:3000/_next/static/chunks/node_modules_next_dist_f3530cac._.js:2297
[ 2344691ms] [LOG] [Fast Refresh] done in 180ms @ http://localhost:3000/_next/static/chunks/node_modules_next_dist_f3530cac._.js:2297
[ 2348231ms] [LOG] [Fast Refresh] rebuilding @ http://localhost:3000/_next/static/chunks/node_modules_next_dist_f3530cac._.js:2297
[ 2348250ms] [LOG] [Fast Refresh] done in 123ms @ http://localhost:3000/_next/static/chunks/node_modules_next_dist_f3530cac._.js:2297
[ 2494035ms] [ERROR] Unable to preventDefault inside passive event listener invocation. @ http://localhost:3000/_next/static/chunks/node_modules_next_dist_compiled_react-dom_1e674e59._.js:2325
[ 2494067ms] [ERROR] Unable to preventDefault inside passive event listener invocation. @ http://localhost:3000/_next/static/chunks/node_modules_next_dist_compiled_react-dom_1e674e59._.js:2325
[ 2494113ms] [ERROR] Unable to preventDefault inside passive event listener invocation. @ http://localhost:3000/_next/static/chunks/node_modules_next_dist_compiled_react-dom_1e674e59._.js:2325
[ 2494287ms] [ERROR] Unable to preventDefault inside passive event listener invocation. @ http://localhost:3000/_next/static/chunks/node_modules_next_dist_compiled_react-dom_1e674e59._.js:2325
[ 2494311ms] [ERROR] Unable to preventDefault inside passive event listener invocation. @ http://localhost:3000/_next/static/chunks/node_modules_next_dist_compiled_react-dom_1e674e59._.js:2325
[ 2494337ms] [ERROR] Unable to preventDefault inside passive event listener invocation. @ http://localhost:3000/_next/static/chunks/node_modules_next_dist_compiled_react-dom_1e674e59._.js:2325
[ 2494515ms] [ERROR] Unable to preventDefault inside passive event listener invocation. @ http://localhost:3000/_next/static/chunks/node_modules_next_dist_compiled_react-dom_1e674e59._.js:2325
[ 2494544ms] [ERROR] Unable to preventDefault inside passive event listener invocation. @ http://localhost:3000/_next/static/chunks/node_modules_next_dist_compiled_react-dom_1e674e59._.js:2325
[ 2494571ms] [ERROR] Unable to preventDefault inside passive event listener invocation. @ http://localhost:3000/_next/static/chunks/node_modules_next_dist_compiled_react-dom_1e674e59._.js:2325
[ 2494627ms] [LOG] [Fast Refresh] rebuilding @ http://localhost:3000/_next/static/chunks/node_modules_next_dist_f3530cac._.js:2297
[ 2494634ms] [LOG] [Fast Refresh] done in 108ms @ http://localhost:3000/_next/static/chunks/node_modules_next_dist_f3530cac._.js:2297
[ 2497122ms] [ERROR] Unable to preventDefault inside passive event listener invocation. @ http://localhost:3000/_next/static/chunks/node_modules_next_dist_compiled_react-dom_1e674e59._.js:2325
[ 2497145ms] [ERROR] Unable to preventDefault inside passive event listener invocation. @ http://localhost:3000/_next/static/chunks/node_modules_next_dist_compiled_react-dom_1e674e59._.js:2325
[ 2497171ms] [ERROR] Unable to preventDefault inside passive event listener invocation. @ http://localhost:3000/_next/static/chunks/node_modules_next_dist_compiled_react-dom_1e674e59._.js:2325
[ 2497203ms] [ERROR] Unable to preventDefault inside passive event listener invocation. @ http://localhost:3000/_next/static/chunks/node_modules_next_dist_compiled_react-dom_1e674e59._.js:2325
[ 2497410ms] [ERROR] Unable to preventDefault inside passive event listener invocation. @ http://localhost:3000/_next/static/chunks/node_modules_next_dist_compiled_react-dom_1e674e59._.js:2325
[ 2497436ms] [ERROR] Unable to preventDefault inside passive event listener invocation. @ http://localhost:3000/_next/static/chunks/node_modules_next_dist_compiled_react-dom_1e674e59._.js:2325
[ 2497460ms] [ERROR] Unable to preventDefault inside passive event listener invocation. @ http://localhost:3000/_next/static/chunks/node_modules_next_dist_compiled_react-dom_1e674e59._.js:2325
[ 2497517ms] [LOG] [Fast Refresh] rebuilding @ http://localhost:3000/_next/static/chunks/node_modules_next_dist_f3530cac._.js:2297
[ 2497522ms] [LOG] [Fast Refresh] done in 107ms @ http://localhost:3000/_next/static/chunks/node_modules_next_dist_f3530cac._.js:2297
[ 2497628ms] [ERROR] Unable to preventDefault inside passive event listener invocation. @ http://localhost:3000/_next/static/chunks/node_modules_next_dist_compiled_react-dom_1e674e59._.js:2325
[ 2497655ms] [ERROR] Unable to preventDefault inside passive event listener invocation. @ http://localhost:3000/_next/static/chunks/node_modules_next_dist_compiled_react-dom_1e674e59._.js:2325
[ 2497673ms] [ERROR] Unable to preventDefault inside passive event listener invocation. @ http://localhost:3000/_next/static/chunks/node_modules_next_dist_compiled_react-dom_1e674e59._.js:2325
[ 2497692ms] [ERROR] Unable to preventDefault inside passive event listener invocation. @ http://localhost:3000/_next/static/chunks/node_modules_next_dist_compiled_react-dom_1e674e59._.js:2325
[ 2497740ms] [LOG] [Fast Refresh] rebuilding @ http://localhost:3000/_next/static/chunks/node_modules_next_dist_f3530cac._.js:2297
[ 2497741ms] [LOG] [Fast Refresh] done in 107ms @ http://localhost:3000/_next/static/chunks/node_modules_next_dist_f3530cac._.js:2297
[ 2497745ms] [ERROR] Unable to preventDefault inside passive event listener invocation. @ http://localhost:3000/_next/static/chunks/node_modules_next_dist_compiled_react-dom_1e674e59._.js:2325
[ 2497905ms] [ERROR] Unable to preventDefault inside passive event listener invocation. @ http://localhost:3000/_next/static/chunks/node_modules_next_dist_compiled_react-dom_1e674e59._.js:2325
[ 2497928ms] [ERROR] Unable to preventDefault inside passive event listener invocation. @ http://localhost:3000/_next/static/chunks/node_modules_next_dist_compiled_react-dom_1e674e59._.js:2325
[ 2497947ms] [ERROR] Unable to preventDefault inside passive event listener invocation. @ http://localhost:3000/_next/static/chunks/node_modules_next_dist_compiled_react-dom_1e674e59._.js:2325
[ 2498276ms] [ERROR] Unable to preventDefault inside passive event listener invocation. @ http://localhost:3000/_next/static/chunks/node_modules_next_dist_compiled_react-dom_1e674e59._.js:2325
[ 2498339ms] [ERROR] Unable to preventDefault inside passive event listener invocation. @ http://localhost:3000/_next/static/chunks/node_modules_next_dist_compiled_react-dom_1e674e59._.js:2325
[ 2498680ms] [ERROR] Unable to preventDefault inside passive event listener invocation. @ http://localhost:3000/_next/static/chunks/node_modules_next_dist_compiled_react-dom_1e674e59._.js:2325
[ 2498694ms] [ERROR] Unable to preventDefault inside passive event listener invocation. @ http://localhost:3000/_next/static/chunks/node_modules_next_dist_compiled_react-dom_1e674e59._.js:2325
[ 2498708ms] [ERROR] Unable to preventDefault inside passive event listener invocation. @ http://localhost:3000/_next/static/chunks/node_modules_next_dist_compiled_react-dom_1e674e59._.js:2325
[ 2498721ms] [ERROR] Unable to preventDefault inside passive event listener invocation. @ http://localhost:3000/_next/static/chunks/node_modules_next_dist_compiled_react-dom_1e674e59._.js:2325
[ 2498738ms] [ERROR] Unable to preventDefault inside passive event listener invocation. @ http://localhost:3000/_next/static/chunks/node_modules_next_dist_compiled_react-dom_1e674e59._.js:2325
[ 2498754ms] [ERROR] Unable to preventDefault inside passive event listener invocation. @ http://localhost:3000/_next/static/chunks/node_modules_next_dist_compiled_react-dom_1e674e59._.js:2325
[ 2498829ms] [ERROR] Unable to preventDefault inside passive event listener invocation. @ http://localhost:3000/_next/static/chunks/node_modules_next_dist_compiled_react-dom_1e674e59._.js:2325
[ 2499166ms] [ERROR] Unable to preventDefault inside passive event listener invocation. @ http://localhost:3000/_next/static/chunks/node_modules_next_dist_compiled_react-dom_1e674e59._.js:2325
[ 2499184ms] [ERROR] Unable to preventDefault inside passive event listener invocation. @ http://localhost:3000/_next/static/chunks/node_modules_next_dist_compiled_react-dom_1e674e59._.js:2325
[ 2499196ms] [ERROR] Unable to preventDefault inside passive event listener invocation. @ http://localhost:3000/_next/static/chunks/node_modules_next_dist_compiled_react-dom_1e674e59._.js:2325
[ 2499217ms] [ERROR] Unable to preventDefault inside passive event listener invocation. @ http://localhost:3000/_next/static/chunks/node_modules_next_dist_compiled_react-dom_1e674e59._.js:2325
[ 2499236ms] [ERROR] Unable to preventDefault inside passive event listener invocation. @ http://localhost:3000/_next/static/chunks/node_modules_next_dist_compiled_react-dom_1e674e59._.js:2325
[ 2499275ms] [LOG] [Fast Refresh] rebuilding @ http://localhost:3000/_next/static/chunks/node_modules_next_dist_f3530cac._.js:2297
[ 2499328ms] [LOG] [Fast Refresh] done in 154ms @ http://localhost:3000/_next/static/chunks/node_modules_next_dist_f3530cac._.js:2297
[ 2499464ms] [ERROR] Unable to preventDefault inside passive event listener invocation. @ http://localhost:3000/_next/static/chunks/node_modules_next_dist_compiled_react-dom_1e674e59._.js:2325
[ 2499482ms] [ERROR] Unable to preventDefault inside passive event listener invocation. @ http://localhost:3000/_next/static/chunks/node_modules_next_dist_compiled_react-dom_1e674e59._.js:2325
[ 2499498ms] [ERROR] Unable to preventDefault inside passive event listener invocation. @ http://localhost:3000/_next/static/chunks/node_modules_next_dist_compiled_react-dom_1e674e59._.js:2325
[ 2499533ms] [ERROR] Unable to preventDefault inside passive event listener invocation. @ http://localhost:3000/_next/static/chunks/node_modules_next_dist_compiled_react-dom_1e674e59._.js:2325
[ 2499590ms] [LOG] [Fast Refresh] rebuilding @ http://localhost:3000/_next/static/chunks/node_modules_next_dist_f3530cac._.js:2297
[ 2499590ms] [LOG] [Fast Refresh] done in 107ms @ http://localhost:3000/_next/static/chunks/node_modules_next_dist_f3530cac._.js:2297
[ 2500180ms] [ERROR] Unable to preventDefault inside passive event listener invocation. @ http://localhost:3000/_next/static/chunks/node_modules_next_dist_compiled_react-dom_1e674e59._.js:2325
[ 2500204ms] [ERROR] Unable to preventDefault inside passive event listener invocation. @ http://localhost:3000/_next/static/chunks/node_modules_next_dist_compiled_react-dom_1e674e59._.js:2325
[ 2500224ms] [ERROR] Unable to preventDefault inside passive event listener invocation. @ http://localhost:3000/_next/static/chunks/node_modules_next_dist_compiled_react-dom_1e674e59._.js:2325
[ 2500250ms] [ERROR] Unable to preventDefault inside passive event listener invocation. @ http://localhost:3000/_next/static/chunks/node_modules_next_dist_compiled_react-dom_1e674e59._.js:2325
[ 2500303ms] [ERROR] Unable to preventDefault inside passive event listener invocation. @ http://localhost:3000/_next/static/chunks/node_modules_next_dist_compiled_react-dom_1e674e59._.js:2325
[ 2500502ms] [ERROR] Unable to preventDefault inside passive event listener invocation. @ http://localhost:3000/_next/static/chunks/node_modules_next_dist_compiled_react-dom_1e674e59._.js:2325
[ 2500526ms] [ERROR] Unable to preventDefault inside passive event listener invocation. @ http://localhost:3000/_next/static/chunks/node_modules_next_dist_compiled_react-dom_1e674e59._.js:2325
[ 2500553ms] [ERROR] Unable to preventDefault inside passive event listener invocation. @ http://localhost:3000/_next/static/chunks/node_modules_next_dist_compiled_react-dom_1e674e59._.js:2325
[ 2502702ms] [ERROR] Unable to preventDefault inside passive event listener invocation. @ http://localhost:3000/_next/static/chunks/node_modules_next_dist_compiled_react-dom_1e674e59._.js:2325
[ 2502724ms] [ERROR] Unable to preventDefault inside passive event listener invocation. @ http://localhost:3000/_next/static/chunks/node_modules_next_dist_compiled_react-dom_1e674e59._.js:2325
[ 2502750ms] [ERROR] Unable to preventDefault inside passive event listener invocation. @ http://localhost:3000/_next/static/chunks/node_modules_next_dist_compiled_react-dom_1e674e59._.js:2325
[ 2503196ms] [ERROR] Unable to preventDefault inside passive event listener invocation. @ http://localhost:3000/_next/static/chunks/node_modules_next_dist_compiled_react-dom_1e674e59._.js:2325
[ 2503226ms] [ERROR] Unable to preventDefault inside passive event listener invocation. @ http://localhost:3000/_next/static/chunks/node_modules_next_dist_compiled_react-dom_1e674e59._.js:2325
[ 2503261ms] [ERROR] Unable to preventDefault inside passive event listener invocation. @ http://localhost:3000/_next/static/chunks/node_modules_next_dist_compiled_react-dom_1e674e59._.js:2325
[ 2537245ms] [ERROR] Unable to preventDefault inside passive event listener invocation. @ http://localhost:3000/_next/static/chunks/node_modules_next_dist_compiled_react-dom_1e674e59._.js:2325
[ 2537269ms] [ERROR] Unable to preventDefault inside passive event listener invocation. @ http://localhost:3000/_next/static/chunks/node_modules_next_dist_compiled_react-dom_1e674e59._.js:2325
[ 2537294ms] [ERROR] Unable to preventDefault inside passive event listener invocation. @ http://localhost:3000/_next/static/chunks/node_modules_next_dist_compiled_react-dom_1e674e59._.js:2325
[ 2537335ms] [ERROR] Unable to preventDefault inside passive event listener invocation. @ http://localhost:3000/_next/static/chunks/node_modules_next_dist_compiled_react-dom_1e674e59._.js:2325
[ 2538030ms] [ERROR] Unable to preventDefault inside passive event listener invocation. @ http://localhost:3000/_next/static/chunks/node_modules_next_dist_compiled_react-dom_1e674e59._.js:2325
[ 2538057ms] [ERROR] Unable to preventDefault inside passive event listener invocation. @ http://localhost:3000/_next/static/chunks/node_modules_next_dist_compiled_react-dom_1e674e59._.js:2325
[ 2538084ms] [ERROR] Unable to preventDefault inside passive event listener invocation. @ http://localhost:3000/_next/static/chunks/node_modules_next_dist_compiled_react-dom_1e674e59._.js:2325
[ 2538286ms] [ERROR] Unable to preventDefault inside passive event listener invocation. @ http://localhost:3000/_next/static/chunks/node_modules_next_dist_compiled_react-dom_1e674e59._.js:2325
[ 2538309ms] [ERROR] Unable to preventDefault inside passive event listener invocation. @ http://localhost:3000/_next/static/chunks/node_modules_next_dist_compiled_react-dom_1e674e59._.js:2325
[ 2538326ms] [ERROR] Unable to preventDefault inside passive event listener invocation. @ http://localhost:3000/_next/static/chunks/node_modules_next_dist_compiled_react-dom_1e674e59._.js:2325
[ 2538349ms] [ERROR] Unable to preventDefault inside passive event listener invocation. @ http://localhost:3000/_next/static/chunks/node_modules_next_dist_compiled_react-dom_1e674e59._.js:2325
[ 2538519ms] [ERROR] Unable to preventDefault inside passive event listener invocation. @ http://localhost:3000/_next/static/chunks/node_modules_next_dist_compiled_react-dom_1e674e59._.js:2325
[ 2538543ms] [ERROR] Unable to preventDefault inside passive event listener invocation. @ http://localhost:3000/_next/static/chunks/node_modules_next_dist_compiled_react-dom_1e674e59._.js:2325
[ 2538557ms] [ERROR] Unable to preventDefault inside passive event listener invocation. @ http://localhost:3000/_next/static/chunks/node_modules_next_dist_compiled_react-dom_1e674e59._.js:2325
[ 2538573ms] [ERROR] Unable to preventDefault inside passive event listener invocation. @ http://localhost:3000/_next/static/chunks/node_modules_next_dist_compiled_react-dom_1e674e59._.js:2325
[ 2538597ms] [ERROR] Unable to preventDefault inside passive event listener invocation. @ http://localhost:3000/_next/static/chunks/node_modules_next_dist_compiled_react-dom_1e674e59._.js:2325
[ 2538638ms] [LOG] [Fast Refresh] rebuilding @ http://localhost:3000/_next/static/chunks/node_modules_next_dist_f3530cac._.js:2297
[ 2538656ms] [LOG] [Fast Refresh] done in 121ms @ http://localhost:3000/_next/static/chunks/node_modules_next_dist_f3530cac._.js:2297
[ 2538785ms] [ERROR] Unable to preventDefault inside passive event listener invocation. @ http://localhost:3000/_next/static/chunks/node_modules_next_dist_compiled_react-dom_1e674e59._.js:2325
[ 2538809ms] [ERROR] Unable to preventDefault inside passive event listener invocation. @ http://localhost:3000/_next/static/chunks/node_modules_next_dist_compiled_react-dom_1e674e59._.js:2325
[ 2538836ms] [ERROR] Unable to preventDefault inside passive event listener invocation. @ http://localhost:3000/_next/static/chunks/node_modules_next_dist_compiled_react-dom_1e674e59._.js:2325
[ 2543444ms] [ERROR] Unable to preventDefault inside passive event listener invocation. @ http://localhost:3000/_next/static/chunks/node_modules_next_dist_compiled_react-dom_1e674e59._.js:2325
[ 2543491ms] [ERROR] Unable to preventDefault inside passive event listener invocation. @ http://localhost:3000/_next/static/chunks/node_modules_next_dist_compiled_react-dom_1e674e59._.js:2325
[ 2550040ms] [ERROR] Unable to preventDefault inside passive event listener invocation. @ http://localhost:3000/_next/static/chunks/node_modules_next_dist_compiled_react-dom_1e674e59._.js:2325
[ 2550080ms] [ERROR] Unable to preventDefault inside passive event listener invocation. @ http://localhost:3000/_next/static/chunks/node_modules_next_dist_compiled_react-dom_1e674e59._.js:2325
[ 2550447ms] [ERROR] Unable to preventDefault inside passive event listener invocation. @ http://localhost:3000/_next/static/chunks/node_modules_next_dist_compiled_react-dom_1e674e59._.js:2325
[ 2550487ms] [ERROR] Unable to preventDefault inside passive event listener invocation. @ http://localhost:3000/_next/static/chunks/node_modules_next_dist_compiled_react-dom_1e674e59._.js:2325
[ 2550757ms] [ERROR] Unable to preventDefault inside passive event listener invocation. @ http://localhost:3000/_next/static/chunks/node_modules_next_dist_compiled_react-dom_1e674e59._.js:2325
[ 2550804ms] [ERROR] Unable to preventDefault inside passive event listener invocation. @ http://localhost:3000/_next/static/chunks/node_modules_next_dist_compiled_react-dom_1e674e59._.js:2325
[ 2551363ms] [ERROR] Unable to preventDefault inside passive event listener invocation. @ http://localhost:3000/_next/static/chunks/node_modules_next_dist_compiled_react-dom_1e674e59._.js:2325
[ 2551399ms] [ERROR] Unable to preventDefault inside passive event listener invocation. @ http://localhost:3000/_next/static/chunks/node_modules_next_dist_compiled_react-dom_1e674e59._.js:2325
[ 2554515ms] [ERROR] Unable to preventDefault inside passive event listener invocation. @ http://localhost:3000/_next/static/chunks/node_modules_next_dist_compiled_react-dom_1e674e59._.js:2325
[ 2554531ms] [ERROR] Unable to preventDefault inside passive event listener invocation. @ http://localhost:3000/_next/static/chunks/node_modules_next_dist_compiled_react-dom_1e674e59._.js:2325
[ 2554548ms] [ERROR] Unable to preventDefault inside passive event listener invocation. @ http://localhost:3000/_next/static/chunks/node_modules_next_dist_compiled_react-dom_1e674e59._.js:2325
[ 2554564ms] [ERROR] Unable to preventDefault inside passive event listener invocation. @ http://localhost:3000/_next/static/chunks/node_modules_next_dist_compiled_react-dom_1e674e59._.js:2325
[ 2554811ms] [ERROR] Unable to preventDefault inside passive event listener invocation. @ http://localhost:3000/_next/static/chunks/node_modules_next_dist_compiled_react-dom_1e674e59._.js:2325
[ 2554831ms] [ERROR] Unable to preventDefault inside passive event listener invocation. @ http://localhost:3000/_next/static/chunks/node_modules_next_dist_compiled_react-dom_1e674e59._.js:2325
[ 2554853ms] [ERROR] Unable to preventDefault inside passive event listener invocation. @ http://localhost:3000/_next/static/chunks/node_modules_next_dist_compiled_react-dom_1e674e59._.js:2325
[ 2554872ms] [ERROR] Unable to preventDefault inside passive event listener invocation. @ http://localhost:3000/_next/static/chunks/node_modules_next_dist_compiled_react-dom_1e674e59._.js:2325
[ 2554932ms] [LOG] [Fast Refresh] rebuilding @ http://localhost:3000/_next/static/chunks/node_modules_next_dist_f3530cac._.js:2297
[ 2554938ms] [LOG] [Fast Refresh] done in 108ms @ http://localhost:3000/_next/static/chunks/node_modules_next_dist_f3530cac._.js:2297
[ 2558009ms] [ERROR] Unable to preventDefault inside passive event listener invocation. @ http://localhost:3000/_next/static/chunks/node_modules_next_dist_compiled_react-dom_1e674e59._.js:2325
[ 2558037ms] [ERROR] Unable to preventDefault inside passive event listener invocation. @ http://localhost:3000/_next/static/chunks/node_modules_next_dist_compiled_react-dom_1e674e59._.js:2325
[ 2560538ms] [ERROR] Unable to preventDefault inside passive event listener invocation. @ http://localhost:3000/_next/static/chunks/node_modules_next_dist_compiled_react-dom_1e674e59._.js:2325
[ 2560570ms] [ERROR] Unable to preventDefault inside passive event listener invocation. @ http://localhost:3000/_next/static/chunks/node_modules_next_dist_compiled_react-dom_1e674e59._.js:2325
[ 2560617ms] [ERROR] Unable to preventDefault inside passive event listener invocation. @ http://localhost:3000/_next/static/chunks/node_modules_next_dist_compiled_react-dom_1e674e59._.js:2325
[ 2560637ms] [ERROR] Unable to preventDefault inside passive event listener invocation. @ http://localhost:3000/_next/static/chunks/node_modules_next_dist_compiled_react-dom_1e674e59._.js:2325
[ 2560810ms] [ERROR] Unable to preventDefault inside passive event listener invocation. @ http://localhost:3000/_next/static/chunks/node_modules_next_dist_compiled_react-dom_1e674e59._.js:2325
[ 2560833ms] [ERROR] Unable to preventDefault inside passive event listener invocation. @ http://localhost:3000/_next/static/chunks/node_modules_next_dist_compiled_react-dom_1e674e59._.js:2325
[ 2560865ms] [ERROR] Unable to preventDefault inside passive event listener invocation. @ http://localhost:3000/_next/static/chunks/node_modules_next_dist_compiled_react-dom_1e674e59._.js:2325
[ 2561048ms] [ERROR] Unable to preventDefault inside passive event listener invocation. @ http://localhost:3000/_next/static/chunks/node_modules_next_dist_compiled_react-dom_1e674e59._.js:2325
[ 2561071ms] [ERROR] Unable to preventDefault inside passive event listener invocation. @ http://localhost:3000/_next/static/chunks/node_modules_next_dist_compiled_react-dom_1e674e59._.js:2325
[ 2561105ms] [ERROR] Unable to preventDefault inside passive event listener invocation. @ http://localhost:3000/_next/static/chunks/node_modules_next_dist_compiled_react-dom_1e674e59._.js:2325
[ 2561461ms] [ERROR] Unable to preventDefault inside passive event listener invocation. @ http://localhost:3000/_next/static/chunks/node_modules_next_dist_compiled_react-dom_1e674e59._.js:2325
[ 2561482ms] [ERROR] Unable to preventDefault inside passive event listener invocation. @ http://localhost:3000/_next/static/chunks/node_modules_next_dist_compiled_react-dom_1e674e59._.js:2325
[ 2561522ms] [ERROR] Unable to preventDefault inside passive event listener invocation. @ http://localhost:3000/_next/static/chunks/node_modules_next_dist_compiled_react-dom_1e674e59._.js:2325
[ 2562328ms] [ERROR] Unable to preventDefault inside passive event listener invocation. @ http://localhost:3000/_next/static/chunks/node_modules_next_dist_compiled_react-dom_1e674e59._.js:2325
[ 2562355ms] [ERROR] Unable to preventDefault inside passive event listener invocation. @ http://localhost:3000/_next/static/chunks/node_modules_next_dist_compiled_react-dom_1e674e59._.js:2325
[ 2562379ms] [ERROR] Unable to preventDefault inside passive event listener invocation. @ http://localhost:3000/_next/static/chunks/node_modules_next_dist_compiled_react-dom_1e674e59._.js:2325
[ 2563916ms] [ERROR] Unable to preventDefault inside passive event listener invocation. @ http://localhost:3000/_next/static/chunks/node_modules_next_dist_compiled_react-dom_1e674e59._.js:2325
[ 2563938ms] [ERROR] Unable to preventDefault inside passive event listener invocation. @ http://localhost:3000/_next/static/chunks/node_modules_next_dist_compiled_react-dom_1e674e59._.js:2325
[ 2563962ms] [ERROR] Unable to preventDefault inside passive event listener invocation. @ http://localhost:3000/_next/static/chunks/node_modules_next_dist_compiled_react-dom_1e674e59._.js:2325
[ 2564004ms] [ERROR] Unable to preventDefault inside passive event listener invocation. @ http://localhost:3000/_next/static/chunks/node_modules_next_dist_compiled_react-dom_1e674e59._.js:2325
[ 2564162ms] [ERROR] Unable to preventDefault inside passive event listener invocation. @ http://localhost:3000/_next/static/chunks/node_modules_next_dist_compiled_react-dom_1e674e59._.js:2325
[ 2564179ms] [ERROR] Unable to preventDefault inside passive event listener invocation. @ http://localhost:3000/_next/static/chunks/node_modules_next_dist_compiled_react-dom_1e674e59._.js:2325
[ 2564196ms] [ERROR] Unable to preventDefault inside passive event listener invocation. @ http://localhost:3000/_next/static/chunks/node_modules_next_dist_compiled_react-dom_1e674e59._.js:2325
[ 2564233ms] [ERROR] Unable to preventDefault inside passive event listener invocation. @ http://localhost:3000/_next/static/chunks/node_modules_next_dist_compiled_react-dom_1e674e59._.js:2325
[ 2564395ms] [ERROR] Unable to preventDefault inside passive event listener invocation. @ http://localhost:3000/_next/static/chunks/node_modules_next_dist_compiled_react-dom_1e674e59._.js:2325
[ 2564413ms] [ERROR] Unable to preventDefault inside passive event listener invocation. @ http://localhost:3000/_next/static/chunks/node_modules_next_dist_compiled_react-dom_1e674e59._.js:2325
[ 2564431ms] [ERROR] Unable to preventDefault inside passive event listener invocation. @ http://localhost:3000/_next/static/chunks/node_modules_next_dist_compiled_react-dom_1e674e59._.js:2325
[ 2564582ms] [ERROR] Unable to preventDefault inside passive event listener invocation. @ http://localhost:3000/_next/static/chunks/node_modules_next_dist_compiled_react-dom_1e674e59._.js:2325
[ 2564618ms] [ERROR] Unable to preventDefault inside passive event listener invocation. @ http://localhost:3000/_next/static/chunks/node_modules_next_dist_compiled_react-dom_1e674e59._.js:2325
[ 2564640ms] [ERROR] Unable to preventDefault inside passive event listener invocation. @ http://localhost:3000/_next/static/chunks/node_modules_next_dist_compiled_react-dom_1e674e59._.js:2325
[ 2564666ms] [ERROR] Unable to preventDefault inside passive event listener invocation. @ http://localhost:3000/_next/static/chunks/node_modules_next_dist_compiled_react-dom_1e674e59._.js:2325
[ 2564696ms] [LOG] [Fast Refresh] rebuilding @ http://localhost:3000/_next/static/chunks/node_modules_next_dist_f3530cac._.js:2297
[ 2564702ms] [LOG] [Fast Refresh] done in 106ms @ http://localhost:3000/_next/static/chunks/node_modules_next_dist_f3530cac._.js:2297
[ 2568946ms] [ERROR] Unable to preventDefault inside passive event listener invocation. @ http://localhost:3000/_next/static/chunks/node_modules_next_dist_compiled_react-dom_1e674e59._.js:2325
[ 2568975ms] [ERROR] Unable to preventDefault inside passive event listener invocation. @ http://localhost:3000/_next/static/chunks/node_modules_next_dist_compiled_react-dom_1e674e59._.js:2325
[ 2606284ms] [ERROR] Unable to preventDefault inside passive event listener invocation. @ http://localhost:3000/_next/static/chunks/node_modules_next_dist_compiled_react-dom_1e674e59._.js:2325
[ 2635495ms] [ERROR] Unable to preventDefault inside passive event listener invocation. @ http://localhost:3000/_next/static/chunks/node_modules_next_dist_compiled_react-dom_1e674e59._.js:2325
[ 2635534ms] [ERROR] Unable to preventDefault inside passive event listener invocation. @ http://localhost:3000/_next/static/chunks/node_modules_next_dist_compiled_react-dom_1e674e59._.js:2325
[ 2636230ms] [ERROR] Unable to preventDefault inside passive event listener invocation. @ http://localhost:3000/_next/static/chunks/node_modules_next_dist_compiled_react-dom_1e674e59._.js:2325
[ 2636256ms] [ERROR] Unable to preventDefault inside passive event listener invocation. @ http://localhost:3000/_next/static/chunks/node_modules_next_dist_compiled_react-dom_1e674e59._.js:2325
[ 2636272ms] [ERROR] Unable to preventDefault inside passive event listener invocation. @ http://localhost:3000/_next/static/chunks/node_modules_next_dist_compiled_react-dom_1e674e59._.js:2325
[ 2636299ms] [ERROR] Unable to preventDefault inside passive event listener invocation. @ http://localhost:3000/_next/static/chunks/node_modules_next_dist_compiled_react-dom_1e674e59._.js:2325
[ 2636348ms] [LOG] [Fast Refresh] rebuilding @ http://localhost:3000/_next/static/chunks/node_modules_next_dist_f3530cac._.js:2297
[ 2636355ms] [LOG] [Fast Refresh] done in 109ms @ http://localhost:3000/_next/static/chunks/node_modules_next_dist_f3530cac._.js:2297
[ 2636479ms] [ERROR] Unable to preventDefault inside passive event listener invocation. @ http://localhost:3000/_next/static/chunks/node_modules_next_dist_compiled_react-dom_1e674e59._.js:2325
[ 2636497ms] [ERROR] Unable to preventDefault inside passive event listener invocation. @ http://localhost:3000/_next/static/chunks/node_modules_next_dist_compiled_react-dom_1e674e59._.js:2325
[ 2636514ms] [ERROR] Unable to preventDefault inside passive event listener invocation. @ http://localhost:3000/_next/static/chunks/node_modules_next_dist_compiled_react-dom_1e674e59._.js:2325
[ 2636698ms] [ERROR] Unable to preventDefault inside passive event listener invocation. @ http://localhost:3000/_next/static/chunks/node_modules_next_dist_compiled_react-dom_1e674e59._.js:2325
[ 2636714ms] [ERROR] Unable to preventDefault inside passive event listener invocation. @ http://localhost:3000/_next/static/chunks/node_modules_next_dist_compiled_react-dom_1e674e59._.js:2325
[ 2636729ms] [ERROR] Unable to preventDefault inside passive event listener invocation. @ http://localhost:3000/_next/static/chunks/node_modules_next_dist_compiled_react-dom_1e674e59._.js:2325
[ 2636746ms] [ERROR] Unable to preventDefault inside passive event listener invocation. @ http://localhost:3000/_next/static/chunks/node_modules_next_dist_compiled_react-dom_1e674e59._.js:2325
[ 2636930ms] [ERROR] Unable to preventDefault inside passive event listener invocation. @ http://localhost:3000/_next/static/chunks/node_modules_next_dist_compiled_react-dom_1e674e59._.js:2325
[ 2636948ms] [ERROR] Unable to preventDefault inside passive event listener invocation. @ http://localhost:3000/_next/static/chunks/node_modules_next_dist_compiled_react-dom_1e674e59._.js:2325
[ 2636965ms] [ERROR] Unable to preventDefault inside passive event listener invocation. @ http://localhost:3000/_next/static/chunks/node_modules_next_dist_compiled_react-dom_1e674e59._.js:2325
[ 2636978ms] [ERROR] Unable to preventDefault inside passive event listener invocation. @ http://localhost:3000/_next/static/chunks/node_modules_next_dist_compiled_react-dom_1e674e59._.js:2325
[ 2637019ms] [ERROR] Unable to preventDefault inside passive event listener invocation. @ http://localhost:3000/_next/static/chunks/node_modules_next_dist_compiled_react-dom_1e674e59._.js:2325
[ 2637189ms] [ERROR] Unable to preventDefault inside passive event listener invocation. @ http://localhost:3000/_next/static/chunks/node_modules_next_dist_compiled_react-dom_1e674e59._.js:2325
[ 2637208ms] [ERROR] Unable to preventDefault inside passive event listener invocation. @ http://localhost:3000/_next/static/chunks/node_modules_next_dist_compiled_react-dom_1e674e59._.js:2325
[ 2637222ms] [ERROR] Unable to preventDefault inside passive event listener invocation. @ http://localhost:3000/_next/static/chunks/node_modules_next_dist_compiled_react-dom_1e674e59._.js:2325
[ 2637243ms] [ERROR] Unable to preventDefault inside passive event listener invocation. @ http://localhost:3000/_next/static/chunks/node_modules_next_dist_compiled_react-dom_1e674e59._.js:2325
[ 2637301ms] [LOG] [Fast Refresh] rebuilding @ http://localhost:3000/_next/static/chunks/node_modules_next_dist_f3530cac._.js:2297
[ 2637306ms] [LOG] [Fast Refresh] done in 107ms @ http://localhost:3000/_next/static/chunks/node_modules_next_dist_f3530cac._.js:2297
[ 2637480ms] [ERROR] Unable to preventDefault inside passive event listener invocation. @ http://localhost:3000/_next/static/chunks/node_modules_next_dist_compiled_react-dom_1e674e59._.js:2325
[ 2637496ms] [ERROR] Unable to preventDefault inside passive event listener invocation. @ http://localhost:3000/_next/static/chunks/node_modules_next_dist_compiled_react-dom_1e674e59._.js:2325
[ 2637511ms] [ERROR] Unable to preventDefault inside passive event listener invocation. @ http://localhost:3000/_next/static/chunks/node_modules_next_dist_compiled_react-dom_1e674e59._.js:2325
[ 2637528ms] [ERROR] Unable to preventDefault inside passive event listener invocation. @ http://localhost:3000/_next/static/chunks/node_modules_next_dist_compiled_react-dom_1e674e59._.js:2325
[ 2638392ms] [ERROR] Unable to preventDefault inside passive event listener invocation. @ http://localhost:3000/_next/static/chunks/node_modules_next_dist_compiled_react-dom_1e674e59._.js:2325
[ 2638412ms] [ERROR] Unable to preventDefault inside passive event listener invocation. @ http://localhost:3000/_next/static/chunks/node_modules_next_dist_compiled_react-dom_1e674e59._.js:2325
[ 2638424ms] [ERROR] Unable to preventDefault inside passive event listener invocation. @ http://localhost:3000/_next/static/chunks/node_modules_next_dist_compiled_react-dom_1e674e59._.js:2325
[ 2638448ms] [ERROR] Unable to preventDefault inside passive event listener invocation. @ http://localhost:3000/_next/static/chunks/node_modules_next_dist_compiled_react-dom_1e674e59._.js:2325
[ 2638691ms] [ERROR] Unable to preventDefault inside passive event listener invocation. @ http://localhost:3000/_next/static/chunks/node_modules_next_dist_compiled_react-dom_1e674e59._.js:2325
[ 2638715ms] [ERROR] Unable to preventDefault inside passive event listener invocation. @ http://localhost:3000/_next/static/chunks/node_modules_next_dist_compiled_react-dom_1e674e59._.js:2325
[ 2638731ms] [ERROR] Unable to preventDefault inside passive event listener invocation. @ http://localhost:3000/_next/static/chunks/node_modules_next_dist_compiled_react-dom_1e674e59._.js:2325
[ 2638747ms] [ERROR] Unable to preventDefault inside passive event listener invocation. @ http://localhost:3000/_next/static/chunks/node_modules_next_dist_compiled_react-dom_1e674e59._.js:2325
[ 2638759ms] [ERROR] Unable to preventDefault inside passive event listener invocation. @ http://localhost:3000/_next/static/chunks/node_modules_next_dist_compiled_react-dom_1e674e59._.js:2325
[ 2639602ms] [LOG] [Fast Refresh] rebuilding @ http://localhost:3000/_next/static/chunks/node_modules_next_dist_f3530cac._.js:2297
[ 2639624ms] [LOG] [Fast Refresh] done in 123ms @ http://localhost:3000/_next/static/chunks/node_modules_next_dist_f3530cac._.js:2297
[ 2644751ms] [ERROR] Unable to preventDefault inside passive event listener invocation. @ http://localhost:3000/_next/static/chunks/node_modules_next_dist_compiled_react-dom_1e674e59._.js:2325
[ 2644770ms] [ERROR] Unable to preventDefault inside passive event listener invocation. @ http://localhost:3000/_next/static/chunks/node_modules_next_dist_compiled_react-dom_1e674e59._.js:2325
[ 2644783ms] [ERROR] Unable to preventDefault inside passive event listener invocation. @ http://localhost:3000/_next/static/chunks/node_modules_next_dist_compiled_react-dom_1e674e59._.js:2325
[ 2644799ms] [ERROR] Unable to preventDefault inside passive event listener invocation. @ http://localhost:3000/_next/static/chunks/node_modules_next_dist_compiled_react-dom_1e674e59._.js:2325
[ 2644810ms] [ERROR] Unable to preventDefault inside passive event listener invocation. @ http://localhost:3000/_next/static/chunks/node_modules_next_dist_compiled_react-dom_1e674e59._.js:2325
[ 2644869ms] [LOG] [Fast Refresh] rebuilding @ http://localhost:3000/_next/static/chunks/node_modules_next_dist_f3530cac._.js:2297
[ 2644870ms] [LOG] [Fast Refresh] done in 107ms @ http://localhost:3000/_next/static/chunks/node_modules_next_dist_f3530cac._.js:2297
[ 2645037ms] [ERROR] Unable to preventDefault inside passive event listener invocation. @ http://localhost:3000/_next/static/chunks/node_modules_next_dist_compiled_react-dom_1e674e59._.js:2325
[ 2645046ms] [ERROR] Unable to preventDefault inside passive event listener invocation. @ http://localhost:3000/_next/static/chunks/node_modules_next_dist_compiled_react-dom_1e674e59._.js:2325
[ 2645056ms] [ERROR] Unable to preventDefault inside passive event listener invocation. @ http://localhost:3000/_next/static/chunks/node_modules_next_dist_compiled_react-dom_1e674e59._.js:2325
[ 2645066ms] [ERROR] Unable to preventDefault inside passive event listener invocation. @ http://localhost:3000/_next/static/chunks/node_modules_next_dist_compiled_react-dom_1e674e59._.js:2325
[ 2645077ms] [ERROR] Unable to preventDefault inside passive event listener invocation. @ http://localhost:3000/_next/static/chunks/node_modules_next_dist_compiled_react-dom_1e674e59._.js:2325
[ 2645266ms] [ERROR] Unable to preventDefault inside passive event listener invocation. @ http://localhost:3000/_next/static/chunks/node_modules_next_dist_compiled_react-dom_1e674e59._.js:2325
[ 2645286ms] [ERROR] Unable to preventDefault inside passive event listener invocation. @ http://localhost:3000/_next/static/chunks/node_modules_next_dist_compiled_react-dom_1e674e59._.js:2325
[ 2645300ms] [ERROR] Unable to preventDefault inside passive event listener invocation. @ http://localhost:3000/_next/static/chunks/node_modules_next_dist_compiled_react-dom_1e674e59._.js:2325
[ 2645311ms] [ERROR] Unable to preventDefault inside passive event listener invocation. @ http://localhost:3000/_next/static/chunks/node_modules_next_dist_compiled_react-dom_1e674e59._.js:2325
[ 2645321ms] [ERROR] Unable to preventDefault inside passive event listener invocation. @ http://localhost:3000/_next/static/chunks/node_modules_next_dist_compiled_react-dom_1e674e59._.js:2325
[ 2645379ms] [LOG] [Fast Refresh] rebuilding @ http://localhost:3000/_next/static/chunks/node_modules_next_dist_f3530cac._.js:2297
[ 2645386ms] [LOG] [Fast Refresh] done in 109ms @ http://localhost:3000/_next/static/chunks/node_modules_next_dist_f3530cac._.js:2297
[ 2645521ms] [ERROR] Unable to preventDefault inside passive event listener invocation. @ http://localhost:3000/_next/static/chunks/node_modules_next_dist_compiled_react-dom_1e674e59._.js:2325
[ 2645538ms] [ERROR] Unable to preventDefault inside passive event listener invocation. @ http://localhost:3000/_next/static/chunks/node_modules_next_dist_compiled_react-dom_1e674e59._.js:2325
[ 2645554ms] [ERROR] Unable to preventDefault inside passive event listener invocation. @ http://localhost:3000/_next/static/chunks/node_modules_next_dist_compiled_react-dom_1e674e59._.js:2325
[ 2645572ms] [ERROR] Unable to preventDefault inside passive event listener invocation. @ http://localhost:3000/_next/static/chunks/node_modules_next_dist_compiled_react-dom_1e674e59._.js:2325
[ 2645599ms] [ERROR] Unable to preventDefault inside passive event listener invocation. @ http://localhost:3000/_next/static/chunks/node_modules_next_dist_compiled_react-dom_1e674e59._.js:2325
[ 2645632ms] [LOG] [Fast Refresh] rebuilding @ http://localhost:3000/_next/static/chunks/node_modules_next_dist_f3530cac._.js:2297
[ 2645656ms] [LOG] [Fast Refresh] done in 129ms @ http://localhost:3000/_next/static/chunks/node_modules_next_dist_f3530cac._.js:2297
[ 2646061ms] [ERROR] Unable to preventDefault inside passive event listener invocation. @ http://localhost:3000/_next/static/chunks/node_modules_next_dist_compiled_react-dom_1e674e59._.js:2325
[ 2646084ms] [ERROR] Unable to preventDefault inside passive event listener invocation. @ http://localhost:3000/_next/static/chunks/node_modules_next_dist_compiled_react-dom_1e674e59._.js:2325
[ 2646107ms] [ERROR] Unable to preventDefault inside passive event listener invocation. @ http://localhost:3000/_next/static/chunks/node_modules_next_dist_compiled_react-dom_1e674e59._.js:2325
[ 2646427ms] [ERROR] Unable to preventDefault inside passive event listener invocation. @ http://localhost:3000/_next/static/chunks/node_modules_next_dist_compiled_react-dom_1e674e59._.js:2325
[ 2646445ms] [ERROR] Unable to preventDefault inside passive event listener invocation. @ http://localhost:3000/_next/static/chunks/node_modules_next_dist_compiled_react-dom_1e674e59._.js:2325
[ 2646460ms] [ERROR] Unable to preventDefault inside passive event listener invocation. @ http://localhost:3000/_next/static/chunks/node_modules_next_dist_compiled_react-dom_1e674e59._.js:2325
[ 2646485ms] [ERROR] Unable to preventDefault inside passive event listener invocation. @ http://localhost:3000/_next/static/chunks/node_modules_next_dist_compiled_react-dom_1e674e59._.js:2325
[ 2646686ms] [ERROR] Unable to preventDefault inside passive event listener invocation. @ http://localhost:3000/_next/static/chunks/node_modules_next_dist_compiled_react-dom_1e674e59._.js:2325
[ 2646711ms] [ERROR] Unable to preventDefault inside passive event listener invocation. @ http://localhost:3000/_next/static/chunks/node_modules_next_dist_compiled_react-dom_1e674e59._.js:2325
[ 2646918ms] [ERROR] Unable to preventDefault inside passive event listener invocation. @ http://localhost:3000/_next/static/chunks/node_modules_next_dist_compiled_react-dom_1e674e59._.js:2325
[ 2646936ms] [ERROR] Unable to preventDefault inside passive event listener invocation. @ http://localhost:3000/_next/static/chunks/node_modules_next_dist_compiled_react-dom_1e674e59._.js:2325
[ 2646954ms] [ERROR] Unable to preventDefault inside passive event listener invocation. @ http://localhost:3000/_next/static/chunks/node_modules_next_dist_compiled_react-dom_1e674e59._.js:2325
[ 2646983ms] [ERROR] Unable to preventDefault inside passive event listener invocation. @ http://localhost:3000/_next/static/chunks/node_modules_next_dist_compiled_react-dom_1e674e59._.js:2325
[ 2647039ms] [LOG] [Fast Refresh] rebuilding @ http://localhost:3000/_next/static/chunks/node_modules_next_dist_f3530cac._.js:2297
[ 2647039ms] [LOG] [Fast Refresh] done in 105ms @ http://localhost:3000/_next/static/chunks/node_modules_next_dist_f3530cac._.js:2297
[ 2647180ms] [ERROR] Unable to preventDefault inside passive event listener invocation. @ http://localhost:3000/_next/static/chunks/node_modules_next_dist_compiled_react-dom_1e674e59._.js:2325
[ 2647202ms] [ERROR] Unable to preventDefault inside passive event listener invocation. @ http://localhost:3000/_next/static/chunks/node_modules_next_dist_compiled_react-dom_1e674e59._.js:2325
[ 2647216ms] [ERROR] Unable to preventDefault inside passive event listener invocation. @ http://localhost:3000/_next/static/chunks/node_modules_next_dist_compiled_react-dom_1e674e59._.js:2325
[ 2647234ms] [ERROR] Unable to preventDefault inside passive event listener invocation. @ http://localhost:3000/_next/static/chunks/node_modules_next_dist_compiled_react-dom_1e674e59._.js:2325
[ 2647443ms] [ERROR] Unable to preventDefault inside passive event listener invocation. @ http://localhost:3000/_next/static/chunks/node_modules_next_dist_compiled_react-dom_1e674e59._.js:2325
[ 2647462ms] [ERROR] Unable to preventDefault inside passive event listener invocation. @ http://localhost:3000/_next/static/chunks/node_modules_next_dist_compiled_react-dom_1e674e59._.js:2325
[ 2647484ms] [ERROR] Unable to preventDefault inside passive event listener invocation. @ http://localhost:3000/_next/static/chunks/node_modules_next_dist_compiled_react-dom_1e674e59._.js:2325
[ 2647515ms] [ERROR] Unable to preventDefault inside passive event listener invocation. @ http://localhost:3000/_next/static/chunks/node_modules_next_dist_compiled_react-dom_1e674e59._.js:2325
[ 2651578ms] [ERROR] Unable to preventDefault inside passive event listener invocation. @ http://localhost:3000/_next/static/chunks/node_modules_next_dist_compiled_react-dom_1e674e59._.js:2325
[ 2651602ms] [ERROR] Unable to preventDefault inside passive event listener invocation. @ http://localhost:3000/_next/static/chunks/node_modules_next_dist_compiled_react-dom_1e674e59._.js:2325
[ 2651621ms] [ERROR] Unable to preventDefault inside passive event listener invocation. @ http://localhost:3000/_next/static/chunks/node_modules_next_dist_compiled_react-dom_1e674e59._.js:2325
[ 2651635ms] [ERROR] Unable to preventDefault inside passive event listener invocation. @ http://localhost:3000/_next/static/chunks/node_modules_next_dist_compiled_react-dom_1e674e59._.js:2325
[ 2651652ms] [ERROR] Unable to preventDefault inside passive event listener invocation. @ http://localhost:3000/_next/static/chunks/node_modules_next_dist_compiled_react-dom_1e674e59._.js:2325
[ 2651669ms] [ERROR] Unable to preventDefault inside passive event listener invocation. @ http://localhost:3000/_next/static/chunks/node_modules_next_dist_compiled_react-dom_1e674e59._.js:2325
[ 2651690ms] [LOG] [Fast Refresh] rebuilding @ http://localhost:3000/_next/static/chunks/node_modules_next_dist_f3530cac._.js:2297
[ 2651742ms] [LOG] [Fast Refresh] done in 154ms @ http://localhost:3000/_next/static/chunks/node_modules_next_dist_f3530cac._.js:2297
[ 2651882ms] [ERROR] Unable to preventDefault inside passive event listener invocation. @ http://localhost:3000/_next/static/chunks/node_modules_next_dist_compiled_react-dom_1e674e59._.js:2325
[ 2651906ms] [ERROR] Unable to preventDefault inside passive event listener invocation. @ http://localhost:3000/_next/static/chunks/node_modules_next_dist_compiled_react-dom_1e674e59._.js:2325
[ 2651917ms] [ERROR] Unable to preventDefault inside passive event listener invocation. @ http://localhost:3000/_next/static/chunks/node_modules_next_dist_compiled_react-dom_1e674e59._.js:2325
[ 2652647ms] [ERROR] Unable to preventDefault inside passive event listener invocation. @ http://localhost:3000/_next/static/chunks/node_modules_next_dist_compiled_react-dom_1e674e59._.js:2325
[ 2652663ms] [ERROR] Unable to preventDefault inside passive event listener invocation. @ http://localhost:3000/_next/static/chunks/node_modules_next_dist_compiled_react-dom_1e674e59._.js:2325
[ 2652677ms] [ERROR] Unable to preventDefault inside passive event listener invocation. @ http://localhost:3000/_next/static/chunks/node_modules_next_dist_compiled_react-dom_1e674e59._.js:2325
[ 2652692ms] [ERROR] Unable to preventDefault inside passive event listener invocation. @ http://localhost:3000/_next/static/chunks/node_modules_next_dist_compiled_react-dom_1e674e59._.js:2325
[ 2652713ms] [ERROR] Unable to preventDefault inside passive event listener invocation. @ http://localhost:3000/_next/static/chunks/node_modules_next_dist_compiled_react-dom_1e674e59._.js:2325
[ 2652764ms] [LOG] [Fast Refresh] rebuilding @ http://localhost:3000/_next/static/chunks/node_modules_next_dist_f3530cac._.js:2297
[ 2652765ms] [LOG] [Fast Refresh] done in 107ms @ http://localhost:3000/_next/static/chunks/node_modules_next_dist_f3530cac._.js:2297
[ 2652881ms] [ERROR] Unable to preventDefault inside passive event listener invocation. @ http://localhost:3000/_next/static/chunks/node_modules_next_dist_compiled_react-dom_1e674e59._.js:2325
[ 2652891ms] [ERROR] Unable to preventDefault inside passive event listener invocation. @ http://localhost:3000/_next/static/chunks/node_modules_next_dist_compiled_react-dom_1e674e59._.js:2325
[ 2652907ms] [ERROR] Unable to preventDefault inside passive event listener invocation. @ http://localhost:3000/_next/static/chunks/node_modules_next_dist_compiled_react-dom_1e674e59._.js:2325
[ 2652926ms] [ERROR] Unable to preventDefault inside passive event listener invocation. @ http://localhost:3000/_next/static/chunks/node_modules_next_dist_compiled_react-dom_1e674e59._.js:2325
[ 2653109ms] [ERROR] Unable to preventDefault inside passive event listener invocation. @ http://localhost:3000/_next/static/chunks/node_modules_next_dist_compiled_react-dom_1e674e59._.js:2325
[ 2653126ms] [ERROR] Unable to preventDefault inside passive event listener invocation. @ http://localhost:3000/_next/static/chunks/node_modules_next_dist_compiled_react-dom_1e674e59._.js:2325
[ 2653140ms] [ERROR] Unable to preventDefault inside passive event listener invocation. @ http://localhost:3000/_next/static/chunks/node_modules_next_dist_compiled_react-dom_1e674e59._.js:2325
[ 2653162ms] [ERROR] Unable to preventDefault inside passive event listener invocation. @ http://localhost:3000/_next/static/chunks/node_modules_next_dist_compiled_react-dom_1e674e59._.js:2325
[ 2657161ms] [ERROR] Unable to preventDefault inside passive event listener invocation. @ http://localhost:3000/_next/static/chunks/node_modules_next_dist_compiled_react-dom_1e674e59._.js:2325
[ 2657177ms] [ERROR] Unable to preventDefault inside passive event listener invocation. @ http://localhost:3000/_next/static/chunks/node_modules_next_dist_compiled_react-dom_1e674e59._.js:2325
[ 2657189ms] [ERROR] Unable to preventDefault inside passive event listener invocation. @ http://localhost:3000/_next/static/chunks/node_modules_next_dist_compiled_react-dom_1e674e59._.js:2325
[ 2657198ms] [ERROR] Unable to preventDefault inside passive event listener invocation. @ http://localhost:3000/_next/static/chunks/node_modules_next_dist_compiled_react-dom_1e674e59._.js:2325
[ 2657208ms] [ERROR] Unable to preventDefault inside passive event listener invocation. @ http://localhost:3000/_next/static/chunks/node_modules_next_dist_compiled_react-dom_1e674e59._.js:2325
[ 2657421ms] [ERROR] Unable to preventDefault inside passive event listener invocation. @ http://localhost:3000/_next/static/chunks/node_modules_next_dist_compiled_react-dom_1e674e59._.js:2325
[ 2657436ms] [ERROR] Unable to preventDefault inside passive event listener invocation. @ http://localhost:3000/_next/static/chunks/node_modules_next_dist_compiled_react-dom_1e674e59._.js:2325
[ 2657449ms] [ERROR] Unable to preventDefault inside passive event listener invocation. @ http://localhost:3000/_next/static/chunks/node_modules_next_dist_compiled_react-dom_1e674e59._.js:2325
[ 2657459ms] [ERROR] Unable to preventDefault inside passive event listener invocation. @ http://localhost:3000/_next/static/chunks/node_modules_next_dist_compiled_react-dom_1e674e59._.js:2325
[ 2658187ms] [ERROR] Unable to preventDefault inside passive event listener invocation. @ http://localhost:3000/_next/static/chunks/node_modules_next_dist_compiled_react-dom_1e674e59._.js:2325
[ 2658219ms] [ERROR] Unable to preventDefault inside passive event listener invocation. @ http://localhost:3000/_next/static/chunks/node_modules_next_dist_compiled_react-dom_1e674e59._.js:2325
[ 2658271ms] [ERROR] Unable to preventDefault inside passive event listener invocation. @ http://localhost:3000/_next/static/chunks/node_modules_next_dist_compiled_react-dom_1e674e59._.js:2325
[ 2658440ms] [ERROR] Unable to preventDefault inside passive event listener invocation. @ http://localhost:3000/_next/static/chunks/node_modules_next_dist_compiled_react-dom_1e674e59._.js:2325
[ 2658466ms] [ERROR] Unable to preventDefault inside passive event listener invocation. @ http://localhost:3000/_next/static/chunks/node_modules_next_dist_compiled_react-dom_1e674e59._.js:2325
[ 2658530ms] [ERROR] Unable to preventDefault inside passive event listener invocation. @ http://localhost:3000/_next/static/chunks/node_modules_next_dist_compiled_react-dom_1e674e59._.js:2325
[ 2662011ms] [ERROR] Unable to preventDefault inside passive event listener invocation. @ http://localhost:3000/_next/static/chunks/node_modules_next_dist_compiled_react-dom_1e674e59._.js:2325
[ 2662029ms] [ERROR] Unable to preventDefault inside passive event listener invocation. @ http://localhost:3000/_next/static/chunks/node_modules_next_dist_compiled_react-dom_1e674e59._.js:2325
[ 2662043ms] [ERROR] Unable to preventDefault inside passive event listener invocation. @ http://localhost:3000/_next/static/chunks/node_modules_next_dist_compiled_react-dom_1e674e59._.js:2325
[ 2662062ms] [ERROR] Unable to preventDefault inside passive event listener invocation. @ http://localhost:3000/_next/static/chunks/node_modules_next_dist_compiled_react-dom_1e674e59._.js:2325
[ 2662127ms] [LOG] [Fast Refresh] rebuilding @ http://localhost:3000/_next/static/chunks/node_modules_next_dist_f3530cac._.js:2297
[ 2662128ms] [LOG] [Fast Refresh] done in 107ms @ http://localhost:3000/_next/static/chunks/node_modules_next_dist_f3530cac._.js:2297
[ 2751222ms] [LOG] [Fast Refresh] rebuilding @ http://localhost:3000/_next/static/chunks/node_modules_next_dist_f3530cac._.js:2297
[ 2751243ms] [LOG] [Fast Refresh] done in 129ms @ http://localhost:3000/_next/static/chunks/node_modules_next_dist_f3530cac._.js:2297
[ 2901235ms] [LOG] [Fast Refresh] rebuilding @ http://localhost:3000/_next/static/chunks/node_modules_next_dist_f3530cac._.js:2297
[ 2901503ms] [LOG] [Fast Refresh] done in 374ms @ http://localhost:3000/_next/static/chunks/node_modules_next_dist_f3530cac._.js:2297
[ 3190873ms] [ERROR] Unable to preventDefault inside passive event listener invocation. @ http://localhost:3000/_next/static/chunks/node_modules_next_dist_compiled_react-dom_1e674e59._.js:2325
[ 3191018ms] [ERROR] Unable to preventDefault inside passive event listener invocation. @ http://localhost:3000/_next/static/chunks/node_modules_next_dist_compiled_react-dom_1e674e59._.js:2325
[ 3191044ms] [ERROR] Unable to preventDefault inside passive event listener invocation. @ http://localhost:3000/_next/static/chunks/node_modules_next_dist_compiled_react-dom_1e674e59._.js:2325
[ 3191074ms] [ERROR] Unable to preventDefault inside passive event listener invocation. @ http://localhost:3000/_next/static/chunks/node_modules_next_dist_compiled_react-dom_1e674e59._.js:2325
[ 3191286ms] [ERROR] Unable to preventDefault inside passive event listener invocation. @ http://localhost:3000/_next/static/chunks/node_modules_next_dist_compiled_react-dom_1e674e59._.js:2325
[ 3191309ms] [ERROR] Unable to preventDefault inside passive event listener invocation. @ http://localhost:3000/_next/static/chunks/node_modules_next_dist_compiled_react-dom_1e674e59._.js:2325
[ 3191322ms] [ERROR] Unable to preventDefault inside passive event listener invocation. @ http://localhost:3000/_next/static/chunks/node_modules_next_dist_compiled_react-dom_1e674e59._.js:2325
[ 3191341ms] [ERROR] Unable to preventDefault inside passive event listener invocation. @ http://localhost:3000/_next/static/chunks/node_modules_next_dist_compiled_react-dom_1e674e59._.js:2325
[ 3191349ms] [ERROR] Unable to preventDefault inside passive event listener invocation. @ http://localhost:3000/_next/static/chunks/node_modules_next_dist_compiled_react-dom_1e674e59._.js:2325
[ 3197650ms] [LOG] [Fast Refresh] rebuilding @ http://localhost:3000/_next/static/chunks/node_modules_next_dist_f3530cac._.js:2297
[ 3197715ms] [LOG] [Fast Refresh] done in 168ms @ http://localhost:3000/_next/static/chunks/node_modules_next_dist_f3530cac._.js:2297
[ 3245037ms] [LOG] [Fast Refresh] rebuilding @ http://localhost:3000/_next/static/chunks/node_modules_next_dist_f3530cac._.js:2297
[ 3245092ms] [LOG] [Fast Refresh] done in 159ms @ http://localhost:3000/_next/static/chunks/node_modules_next_dist_f3530cac._.js:2297
[ 3275513ms] [LOG] [cache-update] sid= null poleTags= 32 shapes= 0 @ http://localhost:3000/_next/static/chunks/node_modules_next_dist_f3530cac._.js:2297
[ 3275513ms] [WARNING] [cache-update] skipping save — no sessionId or db @ http://localhost:3000/_next/static/chunks/node_modules_next_dist_f3530cac._.js:2297
[ 3275515ms] [LOG] [cache-update] sid= null poleTags= 32 shapes= 0 @ http://localhost:3000/_next/static/chunks/node_modules_next_dist_f3530cac._.js:2297
[ 3275515ms] [WARNING] [cache-update] skipping save — no sessionId or db @ http://localhost:3000/_next/static/chunks/node_modules_next_dist_f3530cac._.js:2297
[ 3275646ms] [LOG] [cache-update] sid= null poleTags= 32 shapes= 0 @ http://localhost:3000/_next/static/chunks/node_modules_next_dist_f3530cac._.js:2297
[ 3275646ms] [WARNING] [cache-update] skipping save — no sessionId or db @ http://localhost:3000/_next/static/chunks/node_modules_next_dist_f3530cac._.js:2297
[ 3281096ms] [ERROR] Unable to preventDefault inside passive event listener invocation. @ http://localhost:3000/_next/static/chunks/node_modules_next_dist_compiled_react-dom_1e674e59._.js:2325
[ 3281123ms] [ERROR] Unable to preventDefault inside passive event listener invocation. @ http://localhost:3000/_next/static/chunks/node_modules_next_dist_compiled_react-dom_1e674e59._.js:2325
[ 3281162ms] [ERROR] Unable to preventDefault inside passive event listener invocation. @ http://localhost:3000/_next/static/chunks/node_modules_next_dist_compiled_react-dom_1e674e59._.js:2325
[ 3281669ms] [ERROR] Unable to preventDefault inside passive event listener invocation. @ http://localhost:3000/_next/static/chunks/node_modules_next_dist_compiled_react-dom_1e674e59._.js:2325
[ 3281701ms] [ERROR] Unable to preventDefault inside passive event listener invocation. @ http://localhost:3000/_next/static/chunks/node_modules_next_dist_compiled_react-dom_1e674e59._.js:2325
[ 3281723ms] [ERROR] Unable to preventDefault inside passive event listener invocation. @ http://localhost:3000/_next/static/chunks/node_modules_next_dist_compiled_react-dom_1e674e59._.js:2325
[ 3281748ms] [ERROR] Unable to preventDefault inside passive event listener invocation. @ http://localhost:3000/_next/static/chunks/node_modules_next_dist_compiled_react-dom_1e674e59._.js:2325
[ 3281780ms] [LOG] [Fast Refresh] rebuilding @ http://localhost:3000/_next/static/chunks/node_modules_next_dist_f3530cac._.js:2297
[ 3281829ms] [LOG] [Fast Refresh] done in 154ms @ http://localhost:3000/_next/static/chunks/node_modules_next_dist_f3530cac._.js:2297
[ 3284878ms] [LOG] [Fast Refresh] rebuilding @ http://localhost:3000/_next/static/chunks/node_modules_next_dist_f3530cac._.js:2297
[ 3284971ms] [LOG] [Fast Refresh] done in 202ms @ http://localhost:3000/_next/static/chunks/node_modules_next_dist_f3530cac._.js:2297
[ 3314004ms] [LOG] [cache-update] sid= null poleTags= 32 shapes= 0 @ http://localhost:3000/_next/static/chunks/node_modules_next_dist_f3530cac._.js:2297
[ 3314005ms] [WARNING] [cache-update] skipping save — no sessionId or db @ http://localhost:3000/_next/static/chunks/node_modules_next_dist_f3530cac._.js:2297
[ 3314006ms] [LOG] [cache-update] sid= null poleTags= 32 shapes= 0 @ http://localhost:3000/_next/static/chunks/node_modules_next_dist_f3530cac._.js:2297
[ 3314007ms] [WARNING] [cache-update] skipping save — no sessionId or db @ http://localhost:3000/_next/static/chunks/node_modules_next_dist_f3530cac._.js:2297
[ 3314061ms] [LOG] [cache-update] sid= null poleTags= 32 shapes= 0 @ http://localhost:3000/_next/static/chunks/node_modules_next_dist_f3530cac._.js:2297
[ 3314062ms] [WARNING] [cache-update] skipping save — no sessionId or db @ http://localhost:3000/_next/static/chunks/node_modules_next_dist_f3530cac._.js:2297
[ 3318036ms] [ERROR] Unable to preventDefault inside passive event listener invocation. @ http://localhost:3000/_next/static/chunks/node_modules_next_dist_compiled_react-dom_1e674e59._.js:2325
[ 3318068ms] [ERROR] Unable to preventDefault inside passive event listener invocation. @ http://localhost:3000/_next/static/chunks/node_modules_next_dist_compiled_react-dom_1e674e59._.js:2325
[ 3318107ms] [ERROR] Unable to preventDefault inside passive event listener invocation. @ http://localhost:3000/_next/static/chunks/node_modules_next_dist_compiled_react-dom_1e674e59._.js:2325
[ 3318161ms] [LOG] [Fast Refresh] rebuilding @ http://localhost:3000/_next/static/chunks/node_modules_next_dist_f3530cac._.js:2297
[ 3318162ms] [LOG] [Fast Refresh] done in 105ms @ http://localhost:3000/_next/static/chunks/node_modules_next_dist_f3530cac._.js:2297
[ 3318163ms] [ERROR] Unable to preventDefault inside passive event listener invocation. @ http://localhost:3000/_next/static/chunks/node_modules_next_dist_compiled_react-dom_1e674e59._.js:2325
[ 3318374ms] [ERROR] Unable to preventDefault inside passive event listener invocation. @ http://localhost:3000/_next/static/chunks/node_modules_next_dist_compiled_react-dom_1e674e59._.js:2325
[ 3318395ms] [ERROR] Unable to preventDefault inside passive event listener invocation. @ http://localhost:3000/_next/static/chunks/node_modules_next_dist_compiled_react-dom_1e674e59._.js:2325
[ 3318413ms] [ERROR] Unable to preventDefault inside passive event listener invocation. @ http://localhost:3000/_next/static/chunks/node_modules_next_dist_compiled_react-dom_1e674e59._.js:2325
[ 3318433ms] [ERROR] Unable to preventDefault inside passive event listener invocation. @ http://localhost:3000/_next/static/chunks/node_modules_next_dist_compiled_react-dom_1e674e59._.js:2325
[ 3318489ms] [LOG] [Fast Refresh] rebuilding @ http://localhost:3000/_next/static/chunks/node_modules_next_dist_f3530cac._.js:2297
[ 3318490ms] [LOG] [Fast Refresh] done in 108ms @ http://localhost:3000/_next/static/chunks/node_modules_next_dist_f3530cac._.js:2297
[ 3318631ms] [ERROR] Unable to preventDefault inside passive event listener invocation. @ http://localhost:3000/_next/static/chunks/node_modules_next_dist_compiled_react-dom_1e674e59._.js:2325
[ 3318651ms] [ERROR] Unable to preventDefault inside passive event listener invocation. @ http://localhost:3000/_next/static/chunks/node_modules_next_dist_compiled_react-dom_1e674e59._.js:2325
[ 3318668ms] [ERROR] Unable to preventDefault inside passive event listener invocation. @ http://localhost:3000/_next/static/chunks/node_modules_next_dist_compiled_react-dom_1e674e59._.js:2325
[ 3318693ms] [ERROR] Unable to preventDefault inside passive event listener invocation. @ http://localhost:3000/_next/static/chunks/node_modules_next_dist_compiled_react-dom_1e674e59._.js:2325
[ 3318908ms] [ERROR] Unable to preventDefault inside passive event listener invocation. @ http://localhost:3000/_next/static/chunks/node_modules_next_dist_compiled_react-dom_1e674e59._.js:2325
[ 3318927ms] [ERROR] Unable to preventDefault inside passive event listener invocation. @ http://localhost:3000/_next/static/chunks/node_modules_next_dist_compiled_react-dom_1e674e59._.js:2325
[ 3318944ms] [ERROR] Unable to preventDefault inside passive event listener invocation. @ http://localhost:3000/_next/static/chunks/node_modules_next_dist_compiled_react-dom_1e674e59._.js:2325
[ 3326265ms] [ERROR] Unable to preventDefault inside passive event listener invocation. @ http://localhost:3000/_next/static/chunks/node_modules_next_dist_compiled_react-dom_1e674e59._.js:2325
[ 3326288ms] [ERROR] Unable to preventDefault inside passive event listener invocation. @ http://localhost:3000/_next/static/chunks/node_modules_next_dist_compiled_react-dom_1e674e59._.js:2325
[ 3326320ms] [ERROR] Unable to preventDefault inside passive event listener invocation. @ http://localhost:3000/_next/static/chunks/node_modules_next_dist_compiled_react-dom_1e674e59._.js:2325
[ 3329362ms] [ERROR] Unable to preventDefault inside passive event listener invocation. @ http://localhost:3000/_next/static/chunks/node_modules_next_dist_compiled_react-dom_1e674e59._.js:2325
[ 3329417ms] [ERROR] Unable to preventDefault inside passive event listener invocation. @ http://localhost:3000/_next/static/chunks/node_modules_next_dist_compiled_react-dom_1e674e59._.js:2325
[ 3329478ms] [ERROR] Unable to preventDefault inside passive event listener invocation. @ http://localhost:3000/_next/static/chunks/node_modules_next_dist_compiled_react-dom_1e674e59._.js:2325
[ 3329645ms] [ERROR] Unable to preventDefault inside passive event listener invocation. @ http://localhost:3000/_next/static/chunks/node_modules_next_dist_compiled_react-dom_1e674e59._.js:2325
[ 3337163ms] [ERROR] Unable to preventDefault inside passive event listener invocation. @ http://localhost:3000/_next/static/chunks/node_modules_next_dist_compiled_react-dom_1e674e59._.js:2325
[ 3337202ms] [ERROR] Unable to preventDefault inside passive event listener invocation. @ http://localhost:3000/_next/static/chunks/node_modules_next_dist_compiled_react-dom_1e674e59._.js:2325
[ 3339923ms] [ERROR] Unable to preventDefault inside passive event listener invocation. @ http://localhost:3000/_next/static/chunks/node_modules_next_dist_compiled_react-dom_1e674e59._.js:2325
[ 3340234ms] [ERROR] Unable to preventDefault inside passive event listener invocation. @ http://localhost:3000/_next/static/chunks/node_modules_next_dist_compiled_react-dom_1e674e59._.js:2325
[ 3340271ms] [ERROR] Unable to preventDefault inside passive event listener invocation. @ http://localhost:3000/_next/static/chunks/node_modules_next_dist_compiled_react-dom_1e674e59._.js:2325
[ 3341040ms] [ERROR] Unable to preventDefault inside passive event listener invocation. @ http://localhost:3000/_next/static/chunks/node_modules_next_dist_compiled_react-dom_1e674e59._.js:2325
[ 3344668ms] [ERROR] Unable to preventDefault inside passive event listener invocation. @ http://localhost:3000/_next/static/chunks/node_modules_next_dist_compiled_react-dom_1e674e59._.js:2325
[ 3344701ms] [ERROR] Unable to preventDefault inside passive event listener invocation. @ http://localhost:3000/_next/static/chunks/node_modules_next_dist_compiled_react-dom_1e674e59._.js:2325
[ 3344868ms] [ERROR] Unable to preventDefault inside passive event listener invocation. @ http://localhost:3000/_next/static/chunks/node_modules_next_dist_compiled_react-dom_1e674e59._.js:2325
[ 3344893ms] [ERROR] Unable to preventDefault inside passive event listener invocation. @ http://localhost:3000/_next/static/chunks/node_modules_next_dist_compiled_react-dom_1e674e59._.js:2325
[ 3344911ms] [ERROR] Unable to preventDefault inside passive event listener invocation. @ http://localhost:3000/_next/static/chunks/node_modules_next_dist_compiled_react-dom_1e674e59._.js:2325
[ 3344946ms] [ERROR] Unable to preventDefault inside passive event listener invocation. @ http://localhost:3000/_next/static/chunks/node_modules_next_dist_compiled_react-dom_1e674e59._.js:2325
[ 3345127ms] [ERROR] Unable to preventDefault inside passive event listener invocation. @ http://localhost:3000/_next/static/chunks/node_modules_next_dist_compiled_react-dom_1e674e59._.js:2325
[ 3345151ms] [ERROR] Unable to preventDefault inside passive event listener invocation. @ http://localhost:3000/_next/static/chunks/node_modules_next_dist_compiled_react-dom_1e674e59._.js:2325
[ 3345163ms] [ERROR] Unable to preventDefault inside passive event listener invocation. @ http://localhost:3000/_next/static/chunks/node_modules_next_dist_compiled_react-dom_1e674e59._.js:2325
[ 3345185ms] [ERROR] Unable to preventDefault inside passive event listener invocation. @ http://localhost:3000/_next/static/chunks/node_modules_next_dist_compiled_react-dom_1e674e59._.js:2325
[ 3345354ms] [ERROR] Unable to preventDefault inside passive event listener invocation. @ http://localhost:3000/_next/static/chunks/node_modules_next_dist_compiled_react-dom_1e674e59._.js:2325
[ 3345375ms] [ERROR] Unable to preventDefault inside passive event listener invocation. @ http://localhost:3000/_next/static/chunks/node_modules_next_dist_compiled_react-dom_1e674e59._.js:2325
[ 3345391ms] [ERROR] Unable to preventDefault inside passive event listener invocation. @ http://localhost:3000/_next/static/chunks/node_modules_next_dist_compiled_react-dom_1e674e59._.js:2325
[ 3345409ms] [ERROR] Unable to preventDefault inside passive event listener invocation. @ http://localhost:3000/_next/static/chunks/node_modules_next_dist_compiled_react-dom_1e674e59._.js:2325
[ 3345468ms] [LOG] [Fast Refresh] rebuilding @ http://localhost:3000/_next/static/chunks/node_modules_next_dist_f3530cac._.js:2297
[ 3345469ms] [LOG] [Fast Refresh] done in 110ms @ http://localhost:3000/_next/static/chunks/node_modules_next_dist_f3530cac._.js:2297
[ 3345580ms] [ERROR] Unable to preventDefault inside passive event listener invocation. @ http://localhost:3000/_next/static/chunks/node_modules_next_dist_compiled_react-dom_1e674e59._.js:2325
[ 3345604ms] [ERROR] Unable to preventDefault inside passive event listener invocation. @ http://localhost:3000/_next/static/chunks/node_modules_next_dist_compiled_react-dom_1e674e59._.js:2325
[ 3345619ms] [ERROR] Unable to preventDefault inside passive event listener invocation. @ http://localhost:3000/_next/static/chunks/node_modules_next_dist_compiled_react-dom_1e674e59._.js:2325
[ 3345678ms] [ERROR] Unable to preventDefault inside passive event listener invocation. @ http://localhost:3000/_next/static/chunks/node_modules_next_dist_compiled_react-dom_1e674e59._.js:2325
[ 3345830ms] [ERROR] Unable to preventDefault inside passive event listener invocation. @ http://localhost:3000/_next/static/chunks/node_modules_next_dist_compiled_react-dom_1e674e59._.js:2325
[ 3345855ms] [ERROR] Unable to preventDefault inside passive event listener invocation. @ http://localhost:3000/_next/static/chunks/node_modules_next_dist_compiled_react-dom_1e674e59._.js:2325
[ 3345883ms] [ERROR] Unable to preventDefault inside passive event listener invocation. @ http://localhost:3000/_next/static/chunks/node_modules_next_dist_compiled_react-dom_1e674e59._.js:2325
[ 3350879ms] [ERROR] Unable to preventDefault inside passive event listener invocation. @ http://localhost:3000/_next/static/chunks/node_modules_next_dist_compiled_react-dom_1e674e59._.js:2325
[ 3350894ms] [ERROR] Unable to preventDefault inside passive event listener invocation. @ http://localhost:3000/_next/static/chunks/node_modules_next_dist_compiled_react-dom_1e674e59._.js:2325
[ 3350908ms] [ERROR] Unable to preventDefault inside passive event listener invocation. @ http://localhost:3000/_next/static/chunks/node_modules_next_dist_compiled_react-dom_1e674e59._.js:2325
[ 3350920ms] [ERROR] Unable to preventDefault inside passive event listener invocation. @ http://localhost:3000/_next/static/chunks/node_modules_next_dist_compiled_react-dom_1e674e59._.js:2325
[ 3351117ms] [ERROR] Unable to preventDefault inside passive event listener invocation. @ http://localhost:3000/_next/static/chunks/node_modules_next_dist_compiled_react-dom_1e674e59._.js:2325
[ 3351137ms] [ERROR] Unable to preventDefault inside passive event listener invocation. @ http://localhost:3000/_next/static/chunks/node_modules_next_dist_compiled_react-dom_1e674e59._.js:2325
[ 3351155ms] [ERROR] Unable to preventDefault inside passive event listener invocation. @ http://localhost:3000/_next/static/chunks/node_modules_next_dist_compiled_react-dom_1e674e59._.js:2325
[ 3351170ms] [ERROR] Unable to preventDefault inside passive event listener invocation. @ http://localhost:3000/_next/static/chunks/node_modules_next_dist_compiled_react-dom_1e674e59._.js:2325
[ 3351188ms] [ERROR] Unable to preventDefault inside passive event listener invocation. @ http://localhost:3000/_next/static/chunks/node_modules_next_dist_compiled_react-dom_1e674e59._.js:2325
[ 3351230ms] [LOG] [Fast Refresh] rebuilding @ http://localhost:3000/_next/static/chunks/node_modules_next_dist_f3530cac._.js:2297
[ 3351240ms] [LOG] [Fast Refresh] done in 111ms @ http://localhost:3000/_next/static/chunks/node_modules_next_dist_f3530cac._.js:2297
[ 3352026ms] [ERROR] Unable to preventDefault inside passive event listener invocation. @ http://localhost:3000/_next/static/chunks/node_modules_next_dist_compiled_react-dom_1e674e59._.js:2325
[ 3355310ms] [ERROR] Unable to preventDefault inside passive event listener invocation. @ http://localhost:3000/_next/static/chunks/node_modules_next_dist_compiled_react-dom_1e674e59._.js:2325
[ 3355332ms] [ERROR] Unable to preventDefault inside passive event listener invocation. @ http://localhost:3000/_next/static/chunks/node_modules_next_dist_compiled_react-dom_1e674e59._.js:2325
[ 3355353ms] [ERROR] Unable to preventDefault inside passive event listener invocation. @ http://localhost:3000/_next/static/chunks/node_modules_next_dist_compiled_react-dom_1e674e59._.js:2325
[ 3355398ms] [ERROR] Unable to preventDefault inside passive event listener invocation. @ http://localhost:3000/_next/static/chunks/node_modules_next_dist_compiled_react-dom_1e674e59._.js:2325
[ 3355434ms] [LOG] [Fast Refresh] rebuilding @ http://localhost:3000/_next/static/chunks/node_modules_next_dist_f3530cac._.js:2297
[ 3355451ms] [LOG] [Fast Refresh] done in 121ms @ http://localhost:3000/_next/static/chunks/node_modules_next_dist_f3530cac._.js:2297
[ 3355540ms] [ERROR] Unable to preventDefault inside passive event listener invocation. @ http://localhost:3000/_next/static/chunks/node_modules_next_dist_compiled_react-dom_1e674e59._.js:2325
[ 3355559ms] [ERROR] Unable to preventDefault inside passive event listener invocation. @ http://localhost:3000/_next/static/chunks/node_modules_next_dist_compiled_react-dom_1e674e59._.js:2325
[ 3355578ms] [ERROR] Unable to preventDefault inside passive event listener invocation. @ http://localhost:3000/_next/static/chunks/node_modules_next_dist_compiled_react-dom_1e674e59._.js:2325
[ 3355596ms] [ERROR] Unable to preventDefault inside passive event listener invocation. @ http://localhost:3000/_next/static/chunks/node_modules_next_dist_compiled_react-dom_1e674e59._.js:2325
[ 3355650ms] [LOG] [Fast Refresh] rebuilding @ http://localhost:3000/_next/static/chunks/node_modules_next_dist_f3530cac._.js:2297
[ 3355655ms] [LOG] [Fast Refresh] done in 109ms @ http://localhost:3000/_next/static/chunks/node_modules_next_dist_f3530cac._.js:2297
[ 3355757ms] [ERROR] Unable to preventDefault inside passive event listener invocation. @ http://localhost:3000/_next/static/chunks/node_modules_next_dist_compiled_react-dom_1e674e59._.js:2325
[ 3355773ms] [ERROR] Unable to preventDefault inside passive event listener invocation. @ http://localhost:3000/_next/static/chunks/node_modules_next_dist_compiled_react-dom_1e674e59._.js:2325
[ 3355788ms] [ERROR] Unable to preventDefault inside passive event listener invocation. @ http://localhost:3000/_next/static/chunks/node_modules_next_dist_compiled_react-dom_1e674e59._.js:2325
[ 3355799ms] [ERROR] Unable to preventDefault inside passive event listener invocation. @ http://localhost:3000/_next/static/chunks/node_modules_next_dist_compiled_react-dom_1e674e59._.js:2325
[ 3355819ms] [ERROR] Unable to preventDefault inside passive event listener invocation. @ http://localhost:3000/_next/static/chunks/node_modules_next_dist_compiled_react-dom_1e674e59._.js:2325
[ 3355991ms] [ERROR] Unable to preventDefault inside passive event listener invocation. @ http://localhost:3000/_next/static/chunks/node_modules_next_dist_compiled_react-dom_1e674e59._.js:2325
[ 3356014ms] [ERROR] Unable to preventDefault inside passive event listener invocation. @ http://localhost:3000/_next/static/chunks/node_modules_next_dist_compiled_react-dom_1e674e59._.js:2325
[ 3356027ms] [ERROR] Unable to preventDefault inside passive event listener invocation. @ http://localhost:3000/_next/static/chunks/node_modules_next_dist_compiled_react-dom_1e674e59._.js:2325
[ 3356044ms] [ERROR] Unable to preventDefault inside passive event listener invocation. @ http://localhost:3000/_next/static/chunks/node_modules_next_dist_compiled_react-dom_1e674e59._.js:2325
[ 3356066ms] [ERROR] Unable to preventDefault inside passive event listener invocation. @ http://localhost:3000/_next/static/chunks/node_modules_next_dist_compiled_react-dom_1e674e59._.js:2325
[ 3356115ms] [LOG] [Fast Refresh] rebuilding @ http://localhost:3000/_next/static/chunks/node_modules_next_dist_f3530cac._.js:2297
[ 3356117ms] [LOG] [Fast Refresh] done in 108ms @ http://localhost:3000/_next/static/chunks/node_modules_next_dist_f3530cac._.js:2297
[ 3356964ms] [ERROR] Unable to preventDefault inside passive event listener invocation. @ http://localhost:3000/_next/static/chunks/node_modules_next_dist_compiled_react-dom_1e674e59._.js:2325
[ 3356980ms] [ERROR] Unable to preventDefault inside passive event listener invocation. @ http://localhost:3000/_next/static/chunks/node_modules_next_dist_compiled_react-dom_1e674e59._.js:2325
[ 3356993ms] [ERROR] Unable to preventDefault inside passive event listener invocation. @ http://localhost:3000/_next/static/chunks/node_modules_next_dist_compiled_react-dom_1e674e59._.js:2325
[ 3357006ms] [ERROR] Unable to preventDefault inside passive event listener invocation. @ http://localhost:3000/_next/static/chunks/node_modules_next_dist_compiled_react-dom_1e674e59._.js:2325
[ 3357020ms] [ERROR] Unable to preventDefault inside passive event listener invocation. @ http://localhost:3000/_next/static/chunks/node_modules_next_dist_compiled_react-dom_1e674e59._.js:2325
[ 3357030ms] [ERROR] Unable to preventDefault inside passive event listener invocation. @ http://localhost:3000/_next/static/chunks/node_modules_next_dist_compiled_react-dom_1e674e59._.js:2325
[ 3357071ms] [LOG] [Fast Refresh] rebuilding @ http://localhost:3000/_next/static/chunks/node_modules_next_dist_f3530cac._.js:2297
[ 3357092ms] [LOG] [Fast Refresh] done in 123ms @ http://localhost:3000/_next/static/chunks/node_modules_next_dist_f3530cac._.js:2297
[ 3357198ms] [ERROR] Unable to preventDefault inside passive event listener invocation. @ http://localhost:3000/_next/static/chunks/node_modules_next_dist_compiled_react-dom_1e674e59._.js:2325
[ 3357213ms] [ERROR] Unable to preventDefault inside passive event listener invocation. @ http://localhost:3000/_next/static/chunks/node_modules_next_dist_compiled_react-dom_1e674e59._.js:2325
[ 3357225ms] [ERROR] Unable to preventDefault inside passive event listener invocation. @ http://localhost:3000/_next/static/chunks/node_modules_next_dist_compiled_react-dom_1e674e59._.js:2325
[ 3357236ms] [ERROR] Unable to preventDefault inside passive event listener invocation. @ http://localhost:3000/_next/static/chunks/node_modules_next_dist_compiled_react-dom_1e674e59._.js:2325
[ 3357245ms] [ERROR] Unable to preventDefault inside passive event listener invocation. @ http://localhost:3000/_next/static/chunks/node_modules_next_dist_compiled_react-dom_1e674e59._.js:2325
[ 3357254ms] [ERROR] Unable to preventDefault inside passive event listener invocation. @ http://localhost:3000/_next/static/chunks/node_modules_next_dist_compiled_react-dom_1e674e59._.js:2325
[ 3359793ms] [ERROR] Unable to preventDefault inside passive event listener invocation. @ http://localhost:3000/_next/static/chunks/node_modules_next_dist_compiled_react-dom_1e674e59._.js:2325
[ 3359806ms] [ERROR] Unable to preventDefault inside passive event listener invocation. @ http://localhost:3000/_next/static/chunks/node_modules_next_dist_compiled_react-dom_1e674e59._.js:2325
[ 3359821ms] [ERROR] Unable to preventDefault inside passive event listener invocation. @ http://localhost:3000/_next/static/chunks/node_modules_next_dist_compiled_react-dom_1e674e59._.js:2325
[ 3359833ms] [ERROR] Unable to preventDefault inside passive event listener invocation. @ http://localhost:3000/_next/static/chunks/node_modules_next_dist_compiled_react-dom_1e674e59._.js:2325
[ 3359843ms] [ERROR] Unable to preventDefault inside passive event listener invocation. @ http://localhost:3000/_next/static/chunks/node_modules_next_dist_compiled_react-dom_1e674e59._.js:2325
[ 3359904ms] [LOG] [Fast Refresh] rebuilding @ http://localhost:3000/_next/static/chunks/node_modules_next_dist_f3530cac._.js:2297
[ 3359907ms] [LOG] [Fast Refresh] done in 108ms @ http://localhost:3000/_next/static/chunks/node_modules_next_dist_f3530cac._.js:2297
[ 3360270ms] [ERROR] Unable to preventDefault inside passive event listener invocation. @ http://localhost:3000/_next/static/chunks/node_modules_next_dist_compiled_react-dom_1e674e59._.js:2325
[ 3360283ms] [ERROR] Unable to preventDefault inside passive event listener invocation. @ http://localhost:3000/_next/static/chunks/node_modules_next_dist_compiled_react-dom_1e674e59._.js:2325
[ 3360295ms] [ERROR] Unable to preventDefault inside passive event listener invocation. @ http://localhost:3000/_next/static/chunks/node_modules_next_dist_compiled_react-dom_1e674e59._.js:2325
[ 3360309ms] [ERROR] Unable to preventDefault inside passive event listener invocation. @ http://localhost:3000/_next/static/chunks/node_modules_next_dist_compiled_react-dom_1e674e59._.js:2325
[ 3360515ms] [ERROR] Unable to preventDefault inside passive event listener invocation. @ http://localhost:3000/_next/static/chunks/node_modules_next_dist_compiled_react-dom_1e674e59._.js:2325
[ 3360531ms] [ERROR] Unable to preventDefault inside passive event listener invocation. @ http://localhost:3000/_next/static/chunks/node_modules_next_dist_compiled_react-dom_1e674e59._.js:2325
[ 3360541ms] [ERROR] Unable to preventDefault inside passive event listener invocation. @ http://localhost:3000/_next/static/chunks/node_modules_next_dist_compiled_react-dom_1e674e59._.js:2325
[ 3360552ms] [ERROR] Unable to preventDefault inside passive event listener invocation. @ http://localhost:3000/_next/static/chunks/node_modules_next_dist_compiled_react-dom_1e674e59._.js:2325
[ 3360560ms] [ERROR] Unable to preventDefault inside passive event listener invocation. @ http://localhost:3000/_next/static/chunks/node_modules_next_dist_compiled_react-dom_1e674e59._.js:2325
[ 3360576ms] [ERROR] Unable to preventDefault inside passive event listener invocation. @ http://localhost:3000/_next/static/chunks/node_modules_next_dist_compiled_react-dom_1e674e59._.js:2325
[ 3360625ms] [LOG] [Fast Refresh] rebuilding @ http://localhost:3000/_next/static/chunks/node_modules_next_dist_f3530cac._.js:2297
[ 3360632ms] [LOG] [Fast Refresh] done in 108ms @ http://localhost:3000/_next/static/chunks/node_modules_next_dist_f3530cac._.js:2297
[ 3360758ms] [ERROR] Unable to preventDefault inside passive event listener invocation. @ http://localhost:3000/_next/static/chunks/node_modules_next_dist_compiled_react-dom_1e674e59._.js:2325
[ 3360775ms] [ERROR] Unable to preventDefault inside passive event listener invocation. @ http://localhost:3000/_next/static/chunks/node_modules_next_dist_compiled_react-dom_1e674e59._.js:2325
[ 3360781ms] [ERROR] Unable to preventDefault inside passive event listener invocation. @ http://localhost:3000/_next/static/chunks/node_modules_next_dist_compiled_react-dom_1e674e59._.js:2325
[ 3360791ms] [ERROR] Unable to preventDefault inside passive event listener invocation. @ http://localhost:3000/_next/static/chunks/node_modules_next_dist_compiled_react-dom_1e674e59._.js:2325
[ 3360800ms] [ERROR] Unable to preventDefault inside passive event listener invocation. @ http://localhost:3000/_next/static/chunks/node_modules_next_dist_compiled_react-dom_1e674e59._.js:2325
[ 3360808ms] [ERROR] Unable to preventDefault inside passive event listener invocation. @ http://localhost:3000/_next/static/chunks/node_modules_next_dist_compiled_react-dom_1e674e59._.js:2325
[ 3360818ms] [ERROR] Unable to preventDefault inside passive event listener invocation. @ http://localhost:3000/_next/static/chunks/node_modules_next_dist_compiled_react-dom_1e674e59._.js:2325
[ 3360874ms] [LOG] [Fast Refresh] rebuilding @ http://localhost:3000/_next/static/chunks/node_modules_next_dist_f3530cac._.js:2297
[ 3360882ms] [LOG] [Fast Refresh] done in 110ms @ http://localhost:3000/_next/static/chunks/node_modules_next_dist_f3530cac._.js:2297
[ 3361056ms] [ERROR] Unable to preventDefault inside passive event listener invocation. @ http://localhost:3000/_next/static/chunks/node_modules_next_dist_compiled_react-dom_1e674e59._.js:2325
[ 3361070ms] [ERROR] Unable to preventDefault inside passive event listener invocation. @ http://localhost:3000/_next/static/chunks/node_modules_next_dist_compiled_react-dom_1e674e59._.js:2325
[ 3361082ms] [ERROR] Unable to preventDefault inside passive event listener invocation. @ http://localhost:3000/_next/static/chunks/node_modules_next_dist_compiled_react-dom_1e674e59._.js:2325
[ 3361091ms] [ERROR] Unable to preventDefault inside passive event listener invocation. @ http://localhost:3000/_next/static/chunks/node_modules_next_dist_compiled_react-dom_1e674e59._.js:2325
[ 3361106ms] [ERROR] Unable to preventDefault inside passive event listener invocation. @ http://localhost:3000/_next/static/chunks/node_modules_next_dist_compiled_react-dom_1e674e59._.js:2325
[ 3362540ms] [ERROR] Unable to preventDefault inside passive event listener invocation. @ http://localhost:3000/_next/static/chunks/node_modules_next_dist_compiled_react-dom_1e674e59._.js:2325
[ 3362567ms] [ERROR] Unable to preventDefault inside passive event listener invocation. @ http://localhost:3000/_next/static/chunks/node_modules_next_dist_compiled_react-dom_1e674e59._.js:2325
[ 3362581ms] [ERROR] Unable to preventDefault inside passive event listener invocation. @ http://localhost:3000/_next/static/chunks/node_modules_next_dist_compiled_react-dom_1e674e59._.js:2325
[ 3362603ms] [ERROR] Unable to preventDefault inside passive event listener invocation. @ http://localhost:3000/_next/static/chunks/node_modules_next_dist_compiled_react-dom_1e674e59._.js:2325
[ 3362639ms] [ERROR] Unable to preventDefault inside passive event listener invocation. @ http://localhost:3000/_next/static/chunks/node_modules_next_dist_compiled_react-dom_1e674e59._.js:2325
[ 3362654ms] [LOG] [Fast Refresh] rebuilding @ http://localhost:3000/_next/static/chunks/node_modules_next_dist_f3530cac._.js:2297
[ 3362657ms] [LOG] [Fast Refresh] done in 106ms @ http://localhost:3000/_next/static/chunks/node_modules_next_dist_f3530cac._.js:2297
[ 3362770ms] [ERROR] Unable to preventDefault inside passive event listener invocation. @ http://localhost:3000/_next/static/chunks/node_modules_next_dist_compiled_react-dom_1e674e59._.js:2325
[ 3362786ms] [ERROR] Unable to preventDefault inside passive event listener invocation. @ http://localhost:3000/_next/static/chunks/node_modules_next_dist_compiled_react-dom_1e674e59._.js:2325
[ 3362798ms] [ERROR] Unable to preventDefault inside passive event listener invocation. @ http://localhost:3000/_next/static/chunks/node_modules_next_dist_compiled_react-dom_1e674e59._.js:2325
[ 3362813ms] [ERROR] Unable to preventDefault inside passive event listener invocation. @ http://localhost:3000/_next/static/chunks/node_modules_next_dist_compiled_react-dom_1e674e59._.js:2325
[ 3363014ms] [ERROR] Unable to preventDefault inside passive event listener invocation. @ http://localhost:3000/_next/static/chunks/node_modules_next_dist_compiled_react-dom_1e674e59._.js:2325
[ 3363032ms] [ERROR] Unable to preventDefault inside passive event listener invocation. @ http://localhost:3000/_next/static/chunks/node_modules_next_dist_compiled_react-dom_1e674e59._.js:2325
[ 3363045ms] [ERROR] Unable to preventDefault inside passive event listener invocation. @ http://localhost:3000/_next/static/chunks/node_modules_next_dist_compiled_react-dom_1e674e59._.js:2325
[ 3363059ms] [ERROR] Unable to preventDefault inside passive event listener invocation. @ http://localhost:3000/_next/static/chunks/node_modules_next_dist_compiled_react-dom_1e674e59._.js:2325
[ 3363075ms] [ERROR] Unable to preventDefault inside passive event listener invocation. @ http://localhost:3000/_next/static/chunks/node_modules_next_dist_compiled_react-dom_1e674e59._.js:2325
[ 3363257ms] [ERROR] Unable to preventDefault inside passive event listener invocation. @ http://localhost:3000/_next/static/chunks/node_modules_next_dist_compiled_react-dom_1e674e59._.js:2325
[ 3363275ms] [ERROR] Unable to preventDefault inside passive event listener invocation. @ http://localhost:3000/_next/static/chunks/node_modules_next_dist_compiled_react-dom_1e674e59._.js:2325
[ 3363288ms] [ERROR] Unable to preventDefault inside passive event listener invocation. @ http://localhost:3000/_next/static/chunks/node_modules_next_dist_compiled_react-dom_1e674e59._.js:2325
[ 3363305ms] [ERROR] Unable to preventDefault inside passive event listener invocation. @ http://localhost:3000/_next/static/chunks/node_modules_next_dist_compiled_react-dom_1e674e59._.js:2325
[ 3363605ms] [ERROR] Unable to preventDefault inside passive event listener invocation. @ http://localhost:3000/_next/static/chunks/node_modules_next_dist_compiled_react-dom_1e674e59._.js:2325
[ 3363627ms] [ERROR] Unable to preventDefault inside passive event listener invocation. @ http://localhost:3000/_next/static/chunks/node_modules_next_dist_compiled_react-dom_1e674e59._.js:2325
[ 3363656ms] [ERROR] Unable to preventDefault inside passive event listener invocation. @ http://localhost:3000/_next/static/chunks/node_modules_next_dist_compiled_react-dom_1e674e59._.js:2325
[ 3363856ms] [ERROR] Unable to preventDefault inside passive event listener invocation. @ http://localhost:3000/_next/static/chunks/node_modules_next_dist_compiled_react-dom_1e674e59._.js:2325
[ 3363877ms] [ERROR] Unable to preventDefault inside passive event listener invocation. @ http://localhost:3000/_next/static/chunks/node_modules_next_dist_compiled_react-dom_1e674e59._.js:2325
[ 3363895ms] [ERROR] Unable to preventDefault inside passive event listener invocation. @ http://localhost:3000/_next/static/chunks/node_modules_next_dist_compiled_react-dom_1e674e59._.js:2325
[ 3363924ms] [ERROR] Unable to preventDefault inside passive event listener invocation. @ http://localhost:3000/_next/static/chunks/node_modules_next_dist_compiled_react-dom_1e674e59._.js:2325
[ 3364132ms] [ERROR] Unable to preventDefault inside passive event listener invocation. @ http://localhost:3000/_next/static/chunks/node_modules_next_dist_compiled_react-dom_1e674e59._.js:2325
[ 3364149ms] [ERROR] Unable to preventDefault inside passive event listener invocation. @ http://localhost:3000/_next/static/chunks/node_modules_next_dist_compiled_react-dom_1e674e59._.js:2325
[ 3364166ms] [ERROR] Unable to preventDefault inside passive event listener invocation. @ http://localhost:3000/_next/static/chunks/node_modules_next_dist_compiled_react-dom_1e674e59._.js:2325
[ 3364216ms] [ERROR] Unable to preventDefault inside passive event listener invocation. @ http://localhost:3000/_next/static/chunks/node_modules_next_dist_compiled_react-dom_1e674e59._.js:2325
[ 3364360ms] [ERROR] Unable to preventDefault inside passive event listener invocation. @ http://localhost:3000/_next/static/chunks/node_modules_next_dist_compiled_react-dom_1e674e59._.js:2325
[ 3364380ms] [ERROR] Unable to preventDefault inside passive event listener invocation. @ http://localhost:3000/_next/static/chunks/node_modules_next_dist_compiled_react-dom_1e674e59._.js:2325
[ 3364394ms] [ERROR] Unable to preventDefault inside passive event listener invocation. @ http://localhost:3000/_next/static/chunks/node_modules_next_dist_compiled_react-dom_1e674e59._.js:2325
[ 3364412ms] [ERROR] Unable to preventDefault inside passive event listener invocation. @ http://localhost:3000/_next/static/chunks/node_modules_next_dist_compiled_react-dom_1e674e59._.js:2325
[ 3364601ms] [ERROR] Unable to preventDefault inside passive event listener invocation. @ http://localhost:3000/_next/static/chunks/node_modules_next_dist_compiled_react-dom_1e674e59._.js:2325
[ 3364626ms] [ERROR] Unable to preventDefault inside passive event listener invocation. @ http://localhost:3000/_next/static/chunks/node_modules_next_dist_compiled_react-dom_1e674e59._.js:2325
[ 3364644ms] [ERROR] Unable to preventDefault inside passive event listener invocation. @ http://localhost:3000/_next/static/chunks/node_modules_next_dist_compiled_react-dom_1e674e59._.js:2325
[ 3364661ms] [ERROR] Unable to preventDefault inside passive event listener invocation. @ http://localhost:3000/_next/static/chunks/node_modules_next_dist_compiled_react-dom_1e674e59._.js:2325
[ 3364688ms] [ERROR] Unable to preventDefault inside passive event listener invocation. @ http://localhost:3000/_next/static/chunks/node_modules_next_dist_compiled_react-dom_1e674e59._.js:2325
[ 3364716ms] [LOG] [Fast Refresh] rebuilding @ http://localhost:3000/_next/static/chunks/node_modules_next_dist_f3530cac._.js:2297
[ 3364771ms] [LOG] [Fast Refresh] done in 155ms @ http://localhost:3000/_next/static/chunks/node_modules_next_dist_f3530cac._.js:2297
[ 3365681ms] [ERROR] Unable to preventDefault inside passive event listener invocation. @ http://localhost:3000/_next/static/chunks/node_modules_next_dist_compiled_react-dom_1e674e59._.js:2325
[ 3365701ms] [ERROR] Unable to preventDefault inside passive event listener invocation. @ http://localhost:3000/_next/static/chunks/node_modules_next_dist_compiled_react-dom_1e674e59._.js:2325
[ 3365718ms] [ERROR] Unable to preventDefault inside passive event listener invocation. @ http://localhost:3000/_next/static/chunks/node_modules_next_dist_compiled_react-dom_1e674e59._.js:2325
[ 3365739ms] [ERROR] Unable to preventDefault inside passive event listener invocation. @ http://localhost:3000/_next/static/chunks/node_modules_next_dist_compiled_react-dom_1e674e59._.js:2325
[ 3365979ms] [ERROR] Unable to preventDefault inside passive event listener invocation. @ http://localhost:3000/_next/static/chunks/node_modules_next_dist_compiled_react-dom_1e674e59._.js:2325
[ 3365997ms] [ERROR] Unable to preventDefault inside passive event listener invocation. @ http://localhost:3000/_next/static/chunks/node_modules_next_dist_compiled_react-dom_1e674e59._.js:2325
[ 3366017ms] [ERROR] Unable to preventDefault inside passive event listener invocation. @ http://localhost:3000/_next/static/chunks/node_modules_next_dist_compiled_react-dom_1e674e59._.js:2325
[ 3366033ms] [ERROR] Unable to preventDefault inside passive event listener invocation. @ http://localhost:3000/_next/static/chunks/node_modules_next_dist_compiled_react-dom_1e674e59._.js:2325
[ 3366233ms] [ERROR] Unable to preventDefault inside passive event listener invocation. @ http://localhost:3000/_next/static/chunks/node_modules_next_dist_compiled_react-dom_1e674e59._.js:2325
[ 3366248ms] [ERROR] Unable to preventDefault inside passive event listener invocation. @ http://localhost:3000/_next/static/chunks/node_modules_next_dist_compiled_react-dom_1e674e59._.js:2325
[ 3366261ms] [ERROR] Unable to preventDefault inside passive event listener invocation. @ http://localhost:3000/_next/static/chunks/node_modules_next_dist_compiled_react-dom_1e674e59._.js:2325
[ 3366272ms] [ERROR] Unable to preventDefault inside passive event listener invocation. @ http://localhost:3000/_next/static/chunks/node_modules_next_dist_compiled_react-dom_1e674e59._.js:2325
[ 3366286ms] [ERROR] Unable to preventDefault inside passive event listener invocation. @ http://localhost:3000/_next/static/chunks/node_modules_next_dist_compiled_react-dom_1e674e59._.js:2325
[ 3366489ms] [ERROR] Unable to preventDefault inside passive event listener invocation. @ http://localhost:3000/_next/static/chunks/node_modules_next_dist_compiled_react-dom_1e674e59._.js:2325
[ 3366508ms] [ERROR] Unable to preventDefault inside passive event listener invocation. @ http://localhost:3000/_next/static/chunks/node_modules_next_dist_compiled_react-dom_1e674e59._.js:2325
[ 3366520ms] [ERROR] Unable to preventDefault inside passive event listener invocation. @ http://localhost:3000/_next/static/chunks/node_modules_next_dist_compiled_react-dom_1e674e59._.js:2325
[ 3366539ms] [ERROR] Unable to preventDefault inside passive event listener invocation. @ http://localhost:3000/_next/static/chunks/node_modules_next_dist_compiled_react-dom_1e674e59._.js:2325
[ 3366555ms] [ERROR] Unable to preventDefault inside passive event listener invocation. @ http://localhost:3000/_next/static/chunks/node_modules_next_dist_compiled_react-dom_1e674e59._.js:2325
[ 3366604ms] [LOG] [Fast Refresh] rebuilding @ http://localhost:3000/_next/static/chunks/node_modules_next_dist_f3530cac._.js:2297
[ 3366605ms] [LOG] [Fast Refresh] done in 110ms @ http://localhost:3000/_next/static/chunks/node_modules_next_dist_f3530cac._.js:2297
[ 3366760ms] [ERROR] Unable to preventDefault inside passive event listener invocation. @ http://localhost:3000/_next/static/chunks/node_modules_next_dist_compiled_react-dom_1e674e59._.js:2325
[ 3366773ms] [ERROR] Unable to preventDefault inside passive event listener invocation. @ http://localhost:3000/_next/static/chunks/node_modules_next_dist_compiled_react-dom_1e674e59._.js:2325
[ 3366788ms] [ERROR] Unable to preventDefault inside passive event listener invocation. @ http://localhost:3000/_next/static/chunks/node_modules_next_dist_compiled_react-dom_1e674e59._.js:2325
[ 3366805ms] [ERROR] Unable to preventDefault inside passive event listener invocation. @ http://localhost:3000/_next/static/chunks/node_modules_next_dist_compiled_react-dom_1e674e59._.js:2325
[ 3366832ms] [ERROR] Unable to preventDefault inside passive event listener invocation. @ http://localhost:3000/_next/static/chunks/node_modules_next_dist_compiled_react-dom_1e674e59._.js:2325
[ 3376519ms] [ERROR] Unable to preventDefault inside passive event listener invocation. @ http://localhost:3000/_next/static/chunks/node_modules_next_dist_compiled_react-dom_1e674e59._.js:2325
[ 3376544ms] [ERROR] Unable to preventDefault inside passive event listener invocation. @ http://localhost:3000/_next/static/chunks/node_modules_next_dist_compiled_react-dom_1e674e59._.js:2325
[ 3376610ms] [ERROR] Unable to preventDefault inside passive event listener invocation. @ http://localhost:3000/_next/static/chunks/node_modules_next_dist_compiled_react-dom_1e674e59._.js:2325
[ 3376741ms] [ERROR] Unable to preventDefault inside passive event listener invocation. @ http://localhost:3000/_next/static/chunks/node_modules_next_dist_compiled_react-dom_1e674e59._.js:2325
[ 3377411ms] [ERROR] Unable to preventDefault inside passive event listener invocation. @ http://localhost:3000/_next/static/chunks/node_modules_next_dist_compiled_react-dom_1e674e59._.js:2325
[ 3377430ms] [ERROR] Unable to preventDefault inside passive event listener invocation. @ http://localhost:3000/_next/static/chunks/node_modules_next_dist_compiled_react-dom_1e674e59._.js:2325
[ 3377442ms] [ERROR] Unable to preventDefault inside passive event listener invocation. @ http://localhost:3000/_next/static/chunks/node_modules_next_dist_compiled_react-dom_1e674e59._.js:2325
[ 3377455ms] [ERROR] Unable to preventDefault inside passive event listener invocation. @ http://localhost:3000/_next/static/chunks/node_modules_next_dist_compiled_react-dom_1e674e59._.js:2325
[ 3377465ms] [ERROR] Unable to preventDefault inside passive event listener invocation. @ http://localhost:3000/_next/static/chunks/node_modules_next_dist_compiled_react-dom_1e674e59._.js:2325
[ 3377474ms] [ERROR] Unable to preventDefault inside passive event listener invocation. @ http://localhost:3000/_next/static/chunks/node_modules_next_dist_compiled_react-dom_1e674e59._.js:2325
[ 3377528ms] [LOG] [Fast Refresh] rebuilding @ http://localhost:3000/_next/static/chunks/node_modules_next_dist_f3530cac._.js:2297
[ 3377528ms] [LOG] [Fast Refresh] done in 109ms @ http://localhost:3000/_next/static/chunks/node_modules_next_dist_f3530cac._.js:2297
[ 3377725ms] [ERROR] Unable to preventDefault inside passive event listener invocation. @ http://localhost:3000/_next/static/chunks/node_modules_next_dist_compiled_react-dom_1e674e59._.js:2325
[ 3377746ms] [ERROR] Unable to preventDefault inside passive event listener invocation. @ http://localhost:3000/_next/static/chunks/node_modules_next_dist_compiled_react-dom_1e674e59._.js:2325
[ 3377766ms] [ERROR] Unable to preventDefault inside passive event listener invocation. @ http://localhost:3000/_next/static/chunks/node_modules_next_dist_compiled_react-dom_1e674e59._.js:2325
[ 3377816ms] [ERROR] Unable to preventDefault inside passive event listener invocation. @ http://localhost:3000/_next/static/chunks/node_modules_next_dist_compiled_react-dom_1e674e59._.js:2325
[ 3384910ms] [ERROR] Unable to preventDefault inside passive event listener invocation. @ http://localhost:3000/_next/static/chunks/node_modules_next_dist_compiled_react-dom_1e674e59._.js:2325
[ 3384937ms] [ERROR] Unable to preventDefault inside passive event listener invocation. @ http://localhost:3000/_next/static/chunks/node_modules_next_dist_compiled_react-dom_1e674e59._.js:2325
[ 3384967ms] [ERROR] Unable to preventDefault inside passive event listener invocation. @ http://localhost:3000/_next/static/chunks/node_modules_next_dist_compiled_react-dom_1e674e59._.js:2325
[ 3385019ms] [LOG] [Fast Refresh] rebuilding @ http://localhost:3000/_next/static/chunks/node_modules_next_dist_f3530cac._.js:2297
[ 3385027ms] [LOG] [Fast Refresh] done in 108ms @ http://localhost:3000/_next/static/chunks/node_modules_next_dist_f3530cac._.js:2297
[ 3386594ms] [ERROR] Unable to preventDefault inside passive event listener invocation. @ http://localhost:3000/_next/static/chunks/node_modules_next_dist_compiled_react-dom_1e674e59._.js:2325
[ 3386653ms] [ERROR] Unable to preventDefault inside passive event listener invocation. @ http://localhost:3000/_next/static/chunks/node_modules_next_dist_compiled_react-dom_1e674e59._.js:2325
[ 3386695ms] [ERROR] Unable to preventDefault inside passive event listener invocation. @ http://localhost:3000/_next/static/chunks/node_modules_next_dist_compiled_react-dom_1e674e59._.js:2325
[ 3393646ms] [ERROR] Unable to preventDefault inside passive event listener invocation. @ http://localhost:3000/_next/static/chunks/node_modules_next_dist_compiled_react-dom_1e674e59._.js:2325
[ 3400687ms] [ERROR] Unable to preventDefault inside passive event listener invocation. @ http://localhost:3000/_next/static/chunks/node_modules_next_dist_compiled_react-dom_1e674e59._.js:2325
[ 3400710ms] [ERROR] Unable to preventDefault inside passive event listener invocation. @ http://localhost:3000/_next/static/chunks/node_modules_next_dist_compiled_react-dom_1e674e59._.js:2325
[ 3400743ms] [ERROR] Unable to preventDefault inside passive event listener invocation. @ http://localhost:3000/_next/static/chunks/node_modules_next_dist_compiled_react-dom_1e674e59._.js:2325
[ 3400777ms] [ERROR] Unable to preventDefault inside passive event listener invocation. @ http://localhost:3000/_next/static/chunks/node_modules_next_dist_compiled_react-dom_1e674e59._.js:2325
[ 3419175ms] [ERROR] Unable to preventDefault inside passive event listener invocation. @ http://localhost:3000/_next/static/chunks/node_modules_next_dist_compiled_react-dom_1e674e59._.js:2325
[ 3419190ms] [ERROR] Unable to preventDefault inside passive event listener invocation. @ http://localhost:3000/_next/static/chunks/node_modules_next_dist_compiled_react-dom_1e674e59._.js:2325
[ 3419203ms] [ERROR] Unable to preventDefault inside passive event listener invocation. @ http://localhost:3000/_next/static/chunks/node_modules_next_dist_compiled_react-dom_1e674e59._.js:2325
[ 3419214ms] [ERROR] Unable to preventDefault inside passive event listener invocation. @ http://localhost:3000/_next/static/chunks/node_modules_next_dist_compiled_react-dom_1e674e59._.js:2325
[ 3419227ms] [ERROR] Unable to preventDefault inside passive event listener invocation. @ http://localhost:3000/_next/static/chunks/node_modules_next_dist_compiled_react-dom_1e674e59._.js:2325
[ 3419240ms] [ERROR] Unable to preventDefault inside passive event listener invocation. @ http://localhost:3000/_next/static/chunks/node_modules_next_dist_compiled_react-dom_1e674e59._.js:2325
[ 3419287ms] [LOG] [Fast Refresh] rebuilding @ http://localhost:3000/_next/static/chunks/node_modules_next_dist_f3530cac._.js:2297
[ 3419292ms] [LOG] [Fast Refresh] done in 108ms @ http://localhost:3000/_next/static/chunks/node_modules_next_dist_f3530cac._.js:2297
[ 3419486ms] [ERROR] Unable to preventDefault inside passive event listener invocation. @ http://localhost:3000/_next/static/chunks/node_modules_next_dist_compiled_react-dom_1e674e59._.js:2325
[ 3419504ms] [ERROR] Unable to preventDefault inside passive event listener invocation. @ http://localhost:3000/_next/static/chunks/node_modules_next_dist_compiled_react-dom_1e674e59._.js:2325
[ 3419534ms] [ERROR] Unable to preventDefault inside passive event listener invocation. @ http://localhost:3000/_next/static/chunks/node_modules_next_dist_compiled_react-dom_1e674e59._.js:2325
[ 3420317ms] [ERROR] Unable to preventDefault inside passive event listener invocation. @ http://localhost:3000/_next/static/chunks/node_modules_next_dist_compiled_react-dom_1e674e59._.js:2325
[ 3420334ms] [ERROR] Unable to preventDefault inside passive event listener invocation. @ http://localhost:3000/_next/static/chunks/node_modules_next_dist_compiled_react-dom_1e674e59._.js:2325
[ 3420354ms] [ERROR] Unable to preventDefault inside passive event listener invocation. @ http://localhost:3000/_next/static/chunks/node_modules_next_dist_compiled_react-dom_1e674e59._.js:2325
[ 3420379ms] [ERROR] Unable to preventDefault inside passive event listener invocation. @ http://localhost:3000/_next/static/chunks/node_modules_next_dist_compiled_react-dom_1e674e59._.js:2325
[ 3420407ms] [LOG] [Fast Refresh] rebuilding @ http://localhost:3000/_next/static/chunks/node_modules_next_dist_f3530cac._.js:2297
[ 3420468ms] [LOG] [Fast Refresh] done in 165ms @ http://localhost:3000/_next/static/chunks/node_modules_next_dist_f3530cac._.js:2297
[ 3420577ms] [ERROR] Unable to preventDefault inside passive event listener invocation. @ http://localhost:3000/_next/static/chunks/node_modules_next_dist_compiled_react-dom_1e674e59._.js:2325
[ 3420592ms] [ERROR] Unable to preventDefault inside passive event listener invocation. @ http://localhost:3000/_next/static/chunks/node_modules_next_dist_compiled_react-dom_1e674e59._.js:2325
[ 3420608ms] [ERROR] Unable to preventDefault inside passive event listener invocation. @ http://localhost:3000/_next/static/chunks/node_modules_next_dist_compiled_react-dom_1e674e59._.js:2325
[ 3420625ms] [ERROR] Unable to preventDefault inside passive event listener invocation. @ http://localhost:3000/_next/static/chunks/node_modules_next_dist_compiled_react-dom_1e674e59._.js:2325
[ 3420814ms] [ERROR] Unable to preventDefault inside passive event listener invocation. @ http://localhost:3000/_next/static/chunks/node_modules_next_dist_compiled_react-dom_1e674e59._.js:2325
[ 3420834ms] [ERROR] Unable to preventDefault inside passive event listener invocation. @ http://localhost:3000/_next/static/chunks/node_modules_next_dist_compiled_react-dom_1e674e59._.js:2325
[ 3420851ms] [ERROR] Unable to preventDefault inside passive event listener invocation. @ http://localhost:3000/_next/static/chunks/node_modules_next_dist_compiled_react-dom_1e674e59._.js:2325
[ 3420872ms] [ERROR] Unable to preventDefault inside passive event listener invocation. @ http://localhost:3000/_next/static/chunks/node_modules_next_dist_compiled_react-dom_1e674e59._.js:2325
[ 3449298ms] [ERROR] Unable to preventDefault inside passive event listener invocation. @ http://localhost:3000/_next/static/chunks/node_modules_next_dist_compiled_react-dom_1e674e59._.js:2325
[ 3449316ms] [ERROR] Unable to preventDefault inside passive event listener invocation. @ http://localhost:3000/_next/static/chunks/node_modules_next_dist_compiled_react-dom_1e674e59._.js:2325
[ 3449332ms] [ERROR] Unable to preventDefault inside passive event listener invocation. @ http://localhost:3000/_next/static/chunks/node_modules_next_dist_compiled_react-dom_1e674e59._.js:2325
[ 3449688ms] [ERROR] Unable to preventDefault inside passive event listener invocation. @ http://localhost:3000/_next/static/chunks/node_modules_next_dist_compiled_react-dom_1e674e59._.js:2325
[ 3449710ms] [ERROR] Unable to preventDefault inside passive event listener invocation. @ http://localhost:3000/_next/static/chunks/node_modules_next_dist_compiled_react-dom_1e674e59._.js:2325
[ 3449737ms] [ERROR] Unable to preventDefault inside passive event listener invocation. @ http://localhost:3000/_next/static/chunks/node_modules_next_dist_compiled_react-dom_1e674e59._.js:2325
[ 3553786ms] [LOG] [Fast Refresh] rebuilding @ http://localhost:3000/_next/static/chunks/node_modules_next_dist_f3530cac._.js:2297
[ 3553895ms] [LOG] [Fast Refresh] done in 212ms @ http://localhost:3000/_next/static/chunks/node_modules_next_dist_f3530cac._.js:2297
[ 3554644ms] [LOG] [Fast Refresh] rebuilding @ http://localhost:3000/_next/static/chunks/node_modules_next_dist_f3530cac._.js:2297
[ 3554710ms] [LOG] [Fast Refresh] done in 175ms @ http://localhost:3000/_next/static/chunks/node_modules_next_dist_f3530cac._.js:2297
[ 3554716ms] [LOG] [cache-update] sid= null poleTags= 0 shapes= 11 @ http://localhost:3000/_next/static/chunks/node_modules_next_dist_f3530cac._.js:2297
[ 3554716ms] [WARNING] [cache-update] skipping save — no sessionId or db @ http://localhost:3000/_next/static/chunks/node_modules_next_dist_f3530cac._.js:2297
[ 3557790ms] [ERROR] Unable to preventDefault inside passive event listener invocation. @ http://localhost:3000/_next/static/chunks/node_modules_next_dist_compiled_react-dom_1e674e59._.js:2325
[ 3557818ms] [ERROR] Unable to preventDefault inside passive event listener invocation. @ http://localhost:3000/_next/static/chunks/node_modules_next_dist_compiled_react-dom_1e674e59._.js:2325
[ 3557847ms] [ERROR] Unable to preventDefault inside passive event listener invocation. @ http://localhost:3000/_next/static/chunks/node_modules_next_dist_compiled_react-dom_1e674e59._.js:2325
[ 3557881ms] [ERROR] Unable to preventDefault inside passive event listener invocation. @ http://localhost:3000/_next/static/chunks/node_modules_next_dist_compiled_react-dom_1e674e59._.js:2325
[ 3558080ms] [ERROR] Unable to preventDefault inside passive event listener invocation. @ http://localhost:3000/_next/static/chunks/node_modules_next_dist_compiled_react-dom_1e674e59._.js:2325
[ 3558099ms] [ERROR] Unable to preventDefault inside passive event listener invocation. @ http://localhost:3000/_next/static/chunks/node_modules_next_dist_compiled_react-dom_1e674e59._.js:2325
[ 3558120ms] [ERROR] Unable to preventDefault inside passive event listener invocation. @ http://localhost:3000/_next/static/chunks/node_modules_next_dist_compiled_react-dom_1e674e59._.js:2325
[ 3558150ms] [ERROR] Unable to preventDefault inside passive event listener invocation. @ http://localhost:3000/_next/static/chunks/node_modules_next_dist_compiled_react-dom_1e674e59._.js:2325
[ 3558196ms] [LOG] [Fast Refresh] rebuilding @ http://localhost:3000/_next/static/chunks/node_modules_next_dist_f3530cac._.js:2297
[ 3558203ms] [LOG] [Fast Refresh] done in 108ms @ http://localhost:3000/_next/static/chunks/node_modules_next_dist_f3530cac._.js:2297
[ 3558368ms] [ERROR] Unable to preventDefault inside passive event listener invocation. @ http://localhost:3000/_next/static/chunks/node_modules_next_dist_compiled_react-dom_1e674e59._.js:2325
[ 3558390ms] [ERROR] Unable to preventDefault inside passive event listener invocation. @ http://localhost:3000/_next/static/chunks/node_modules_next_dist_compiled_react-dom_1e674e59._.js:2325
[ 3558424ms] [ERROR] Unable to preventDefault inside passive event listener invocation. @ http://localhost:3000/_next/static/chunks/node_modules_next_dist_compiled_react-dom_1e674e59._.js:2325
[ 3561439ms] [ERROR] Unable to preventDefault inside passive event listener invocation. @ http://localhost:3000/_next/static/chunks/node_modules_next_dist_compiled_react-dom_1e674e59._.js:2325
[ 3561472ms] [ERROR] Unable to preventDefault inside passive event listener invocation. @ http://localhost:3000/_next/static/chunks/node_modules_next_dist_compiled_react-dom_1e674e59._.js:2325
[ 3561501ms] [ERROR] Unable to preventDefault inside passive event listener invocation. @ http://localhost:3000/_next/static/chunks/node_modules_next_dist_compiled_react-dom_1e674e59._.js:2325
[ 3561550ms] [ERROR] Unable to preventDefault inside passive event listener invocation. @ http://localhost:3000/_next/static/chunks/node_modules_next_dist_compiled_react-dom_1e674e59._.js:2325
[ 3561563ms] [LOG] [Fast Refresh] rebuilding @ http://localhost:3000/_next/static/chunks/node_modules_next_dist_f3530cac._.js:2297
[ 3561564ms] [LOG] [Fast Refresh] done in 107ms @ http://localhost:3000/_next/static/chunks/node_modules_next_dist_f3530cac._.js:2297
[ 3561762ms] [ERROR] Unable to preventDefault inside passive event listener invocation. @ http://localhost:3000/_next/static/chunks/node_modules_next_dist_compiled_react-dom_1e674e59._.js:2325
[ 3561780ms] [ERROR] Unable to preventDefault inside passive event listener invocation. @ http://localhost:3000/_next/static/chunks/node_modules_next_dist_compiled_react-dom_1e674e59._.js:2325
[ 3561809ms] [ERROR] Unable to preventDefault inside passive event listener invocation. @ http://localhost:3000/_next/static/chunks/node_modules_next_dist_compiled_react-dom_1e674e59._.js:2325
[ 3562157ms] [ERROR] Unable to preventDefault inside passive event listener invocation. @ http://localhost:3000/_next/static/chunks/node_modules_next_dist_compiled_react-dom_1e674e59._.js:2325
[ 3562180ms] [ERROR] Unable to preventDefault inside passive event listener invocation. @ http://localhost:3000/_next/static/chunks/node_modules_next_dist_compiled_react-dom_1e674e59._.js:2325
[ 3562201ms] [ERROR] Unable to preventDefault inside passive event listener invocation. @ http://localhost:3000/_next/static/chunks/node_modules_next_dist_compiled_react-dom_1e674e59._.js:2325
[ 3562511ms] [ERROR] Unable to preventDefault inside passive event listener invocation. @ http://localhost:3000/_next/static/chunks/node_modules_next_dist_compiled_react-dom_1e674e59._.js:2325
[ 3562531ms] [ERROR] Unable to preventDefault inside passive event listener invocation. @ http://localhost:3000/_next/static/chunks/node_modules_next_dist_compiled_react-dom_1e674e59._.js:2325
[ 3562556ms] [ERROR] Unable to preventDefault inside passive event listener invocation. @ http://localhost:3000/_next/static/chunks/node_modules_next_dist_compiled_react-dom_1e674e59._.js:2325
[ 3563638ms] [ERROR] Unable to preventDefault inside passive event listener invocation. @ http://localhost:3000/_next/static/chunks/node_modules_next_dist_compiled_react-dom_1e674e59._.js:2325
[ 3563656ms] [ERROR] Unable to preventDefault inside passive event listener invocation. @ http://localhost:3000/_next/static/chunks/node_modules_next_dist_compiled_react-dom_1e674e59._.js:2325
[ 3563672ms] [ERROR] Unable to preventDefault inside passive event listener invocation. @ http://localhost:3000/_next/static/chunks/node_modules_next_dist_compiled_react-dom_1e674e59._.js:2325
[ 3563703ms] [ERROR] Unable to preventDefault inside passive event listener invocation. @ http://localhost:3000/_next/static/chunks/node_modules_next_dist_compiled_react-dom_1e674e59._.js:2325
[ 3563752ms] [ERROR] Unable to preventDefault inside passive event listener invocation. @ http://localhost:3000/_next/static/chunks/node_modules_next_dist_compiled_react-dom_1e674e59._.js:2325
[ 3573516ms] [LOG] [cache-update] sid= null poleTags= 0 shapes= 11 @ http://localhost:3000/_next/static/chunks/node_modules_next_dist_f3530cac._.js:2297
[ 3573516ms] [WARNING] [cache-update] skipping save — no sessionId or db @ http://localhost:3000/_next/static/chunks/node_modules_next_dist_f3530cac._.js:2297
[ 3574550ms] [ERROR] Unable to preventDefault inside passive event listener invocation. @ http://localhost:3000/_next/static/chunks/node_modules_next_dist_compiled_react-dom_1e674e59._.js:2325
[ 3574581ms] [ERROR] Unable to preventDefault inside passive event listener invocation. @ http://localhost:3000/_next/static/chunks/node_modules_next_dist_compiled_react-dom_1e674e59._.js:2325
[ 3574624ms] [ERROR] Unable to preventDefault inside passive event listener invocation. @ http://localhost:3000/_next/static/chunks/node_modules_next_dist_compiled_react-dom_1e674e59._.js:2325
[ 3574830ms] [ERROR] Unable to preventDefault inside passive event listener invocation. @ http://localhost:3000/_next/static/chunks/node_modules_next_dist_compiled_react-dom_1e674e59._.js:2325
[ 3574855ms] [ERROR] Unable to preventDefault inside passive event listener invocation. @ http://localhost:3000/_next/static/chunks/node_modules_next_dist_compiled_react-dom_1e674e59._.js:2325
[ 3574876ms] [ERROR] Unable to preventDefault inside passive event listener invocation. @ http://localhost:3000/_next/static/chunks/node_modules_next_dist_compiled_react-dom_1e674e59._.js:2325
[ 3574916ms] [ERROR] Unable to preventDefault inside passive event listener invocation. @ http://localhost:3000/_next/static/chunks/node_modules_next_dist_compiled_react-dom_1e674e59._.js:2325
[ 3575066ms] [ERROR] Unable to preventDefault inside passive event listener invocation. @ http://localhost:3000/_next/static/chunks/node_modules_next_dist_compiled_react-dom_1e674e59._.js:2325
[ 3575082ms] [ERROR] Unable to preventDefault inside passive event listener invocation. @ http://localhost:3000/_next/static/chunks/node_modules_next_dist_compiled_react-dom_1e674e59._.js:2325
[ 3575096ms] [ERROR] Unable to preventDefault inside passive event listener invocation. @ http://localhost:3000/_next/static/chunks/node_modules_next_dist_compiled_react-dom_1e674e59._.js:2325
[ 3575113ms] [ERROR] Unable to preventDefault inside passive event listener invocation. @ http://localhost:3000/_next/static/chunks/node_modules_next_dist_compiled_react-dom_1e674e59._.js:2325
[ 3575139ms] [ERROR] Unable to preventDefault inside passive event listener invocation. @ http://localhost:3000/_next/static/chunks/node_modules_next_dist_compiled_react-dom_1e674e59._.js:2325
[ 3575300ms] [ERROR] Unable to preventDefault inside passive event listener invocation. @ http://localhost:3000/_next/static/chunks/node_modules_next_dist_compiled_react-dom_1e674e59._.js:2325
[ 3575315ms] [ERROR] Unable to preventDefault inside passive event listener invocation. @ http://localhost:3000/_next/static/chunks/node_modules_next_dist_compiled_react-dom_1e674e59._.js:2325
[ 3575334ms] [ERROR] Unable to preventDefault inside passive event listener invocation. @ http://localhost:3000/_next/static/chunks/node_modules_next_dist_compiled_react-dom_1e674e59._.js:2325
[ 3575351ms] [ERROR] Unable to preventDefault inside passive event listener invocation. @ http://localhost:3000/_next/static/chunks/node_modules_next_dist_compiled_react-dom_1e674e59._.js:2325
[ 3575415ms] [LOG] [Fast Refresh] rebuilding @ http://localhost:3000/_next/static/chunks/node_modules_next_dist_f3530cac._.js:2297
[ 3575416ms] [LOG] [Fast Refresh] done in 109ms @ http://localhost:3000/_next/static/chunks/node_modules_next_dist_f3530cac._.js:2297
[ 3575553ms] [ERROR] Unable to preventDefault inside passive event listener invocation. @ http://localhost:3000/_next/static/chunks/node_modules_next_dist_compiled_react-dom_1e674e59._.js:2325
[ 3575569ms] [ERROR] Unable to preventDefault inside passive event listener invocation. @ http://localhost:3000/_next/static/chunks/node_modules_next_dist_compiled_react-dom_1e674e59._.js:2325
[ 3575592ms] [ERROR] Unable to preventDefault inside passive event listener invocation. @ http://localhost:3000/_next/static/chunks/node_modules_next_dist_compiled_react-dom_1e674e59._.js:2325
[ 3575613ms] [ERROR] Unable to preventDefault inside passive event listener invocation. @ http://localhost:3000/_next/static/chunks/node_modules_next_dist_compiled_react-dom_1e674e59._.js:2325
[ 3575674ms] [LOG] [Fast Refresh] rebuilding @ http://localhost:3000/_next/static/chunks/node_modules_next_dist_f3530cac._.js:2297
[ 3575679ms] [LOG] [Fast Refresh] done in 108ms @ http://localhost:3000/_next/static/chunks/node_modules_next_dist_f3530cac._.js:2297
[ 3576014ms] [ERROR] Unable to preventDefault inside passive event listener invocation. @ http://localhost:3000/_next/static/chunks/node_modules_next_dist_compiled_react-dom_1e674e59._.js:2325
[ 3576034ms] [ERROR] Unable to preventDefault inside passive event listener invocation. @ http://localhost:3000/_next/static/chunks/node_modules_next_dist_compiled_react-dom_1e674e59._.js:2325
[ 3576057ms] [ERROR] Unable to preventDefault inside passive event listener invocation. @ http://localhost:3000/_next/static/chunks/node_modules_next_dist_compiled_react-dom_1e674e59._.js:2325
[ 3576075ms] [ERROR] Unable to preventDefault inside passive event listener invocation. @ http://localhost:3000/_next/static/chunks/node_modules_next_dist_compiled_react-dom_1e674e59._.js:2325
[ 3579469ms] [LOG] [cache-update] sid= null poleTags= 0 shapes= 11 @ http://localhost:3000/_next/static/chunks/node_modules_next_dist_f3530cac._.js:2297
[ 3579469ms] [WARNING] [cache-update] skipping save — no sessionId or db @ http://localhost:3000/_next/static/chunks/node_modules_next_dist_f3530cac._.js:2297
[ 3580399ms] [ERROR] Unable to preventDefault inside passive event listener invocation. @ http://localhost:3000/_next/static/chunks/node_modules_next_dist_compiled_react-dom_1e674e59._.js:2325
[ 3580432ms] [ERROR] Unable to preventDefault inside passive event listener invocation. @ http://localhost:3000/_next/static/chunks/node_modules_next_dist_compiled_react-dom_1e674e59._.js:2325
[ 3580453ms] [ERROR] Unable to preventDefault inside passive event listener invocation. @ http://localhost:3000/_next/static/chunks/node_modules_next_dist_compiled_react-dom_1e674e59._.js:2325
[ 3580479ms] [ERROR] Unable to preventDefault inside passive event listener invocation. @ http://localhost:3000/_next/static/chunks/node_modules_next_dist_compiled_react-dom_1e674e59._.js:2325
[ 3580519ms] [ERROR] Unable to preventDefault inside passive event listener invocation. @ http://localhost:3000/_next/static/chunks/node_modules_next_dist_compiled_react-dom_1e674e59._.js:2325
[ 3580555ms] [LOG] [Fast Refresh] rebuilding @ http://localhost:3000/_next/static/chunks/node_modules_next_dist_f3530cac._.js:2297
[ 3580571ms] [LOG] [Fast Refresh] done in 122ms @ http://localhost:3000/_next/static/chunks/node_modules_next_dist_f3530cac._.js:2297
[ 3677794ms] [LOG] [Fast Refresh] rebuilding @ http://localhost:3000/_next/static/chunks/node_modules_next_dist_f3530cac._.js:2297
[ 3677933ms] [LOG] [Fast Refresh] done in 248ms @ http://localhost:3000/_next/static/chunks/node_modules_next_dist_f3530cac._.js:2297
[ 3701270ms] [LOG] [Fast Refresh] rebuilding @ http://localhost:3000/_next/static/chunks/node_modules_next_dist_f3530cac._.js:2297
[ 3701286ms] [LOG] [Fast Refresh] done in 123ms @ http://localhost:3000/_next/static/chunks/node_modules_next_dist_f3530cac._.js:2297
[ 3799682ms] [LOG] [Fast Refresh] rebuilding @ http://localhost:3000/_next/static/chunks/node_modules_next_dist_f3530cac._.js:2297
[ 3799848ms] [LOG] [Fast Refresh] done in 276ms @ http://localhost:3000/_next/static/chunks/node_modules_next_dist_f3530cac._.js:2297
[ 3808273ms] [LOG] [Fast Refresh] rebuilding @ http://localhost:3000/_next/static/chunks/node_modules_next_dist_f3530cac._.js:2297
[ 3808384ms] [LOG] [Fast Refresh] done in 227ms @ http://localhost:3000/_next/static/chunks/node_modules_next_dist_f3530cac._.js:2297
[ 3820913ms] [LOG] [Fast Refresh] rebuilding @ http://localhost:3000/_next/static/chunks/node_modules_next_dist_f3530cac._.js:2297
[ 3821022ms] [LOG] [Fast Refresh] done in 222ms @ http://localhost:3000/_next/static/chunks/node_modules_next_dist_f3530cac._.js:2297
[ 3832371ms] [LOG] [Fast Refresh] rebuilding @ http://localhost:3000/_next/static/chunks/node_modules_next_dist_f3530cac._.js:2297
[ 3832466ms] [LOG] [Fast Refresh] done in 200ms @ http://localhost:3000/_next/static/chunks/node_modules_next_dist_f3530cac._.js:2297
[ 3837363ms] [LOG] [Fast Refresh] rebuilding @ http://localhost:3000/_next/static/chunks/node_modules_next_dist_f3530cac._.js:2297
[ 3837532ms] [LOG] [Fast Refresh] done in 274ms @ http://localhost:3000/_next/static/chunks/node_modules_next_dist_f3530cac._.js:2297
[ 3837669ms] [LOG] [Fast Refresh] rebuilding @ http://localhost:3000/_next/static/chunks/node_modules_next_dist_f3530cac._.js:2297
[ 3837680ms] [LOG] [Fast Refresh] done in 115ms @ http://localhost:3000/_next/static/chunks/node_modules_next_dist_f3530cac._.js:2297
[ 3846858ms] [LOG] [Fast Refresh] rebuilding @ http://localhost:3000/_next/static/chunks/node_modules_next_dist_f3530cac._.js:2297
[ 3846969ms] [LOG] [Fast Refresh] done in 215ms @ http://localhost:3000/_next/static/chunks/node_modules_next_dist_f3530cac._.js:2297
[ 3893547ms] [LOG] [Fast Refresh] rebuilding @ http://localhost:3000/_next/static/chunks/node_modules_next_dist_f3530cac._.js:2297
[ 3893716ms] [LOG] [Fast Refresh] done in 270ms @ http://localhost:3000/_next/static/chunks/node_modules_next_dist_f3530cac._.js:2297
[ 3895459ms] [LOG] [cache-update] sid= null poleTags= 0 shapes= 11 @ http://localhost:3000/_next/static/chunks/node_modules_next_dist_f3530cac._.js:2297
[ 3895461ms] [WARNING] [cache-update] skipping save — no sessionId or db @ http://localhost:3000/_next/static/chunks/node_modules_next_dist_f3530cac._.js:2297
[ 3898284ms] [ERROR] Failed to load resource: the server responded with a status of 404 (NOT FOUND) @ http://localhost:3000/api/equipment/status:0
[ 3903158ms] [LOG] [Fast Refresh] rebuilding @ http://localhost:3000/_next/static/chunks/node_modules_next_dist_f3530cac._.js:2297
[ 3903293ms] [LOG] [Fast Refresh] done in 250ms @ http://localhost:3000/_next/static/chunks/node_modules_next_dist_f3530cac._.js:2297
[ 3911764ms] [LOG] [Fast Refresh] rebuilding @ http://localhost:3000/_next/static/chunks/node_modules_next_dist_f3530cac._.js:2297
[ 3911807ms] [LOG] [Fast Refresh] done in 156ms @ http://localhost:3000/_next/static/chunks/node_modules_next_dist_f3530cac._.js:2297
[ 3927824ms] [ERROR] Failed to load resource: net::ERR_CONNECTION_REFUSED @ http://localhost:3000/api/pole_tags:0
[ 3928706ms] [ERROR] WebSocket connection to 'ws://localhost:3000/_next/webpack-hmr?id=KQcebROB1lFFDEbbq9v3i' failed: Error in connection establishment: net::ERR_CONNECTION_REFUSED @ http://localhost:3000/_next/static/chunks/node_modules_next_dist_client_17643121._.js:10878
[ 3929567ms] [ERROR] Failed to load resource: net::ERR_CONNECTION_REFUSED @ http://localhost:3000/api/pole_tags:0
[ 3929725ms] [ERROR] WebSocket connection to 'ws://localhost:3000/_next/webpack-hmr?id=KQcebROB1lFFDEbbq9v3i' failed: Error in connection establishment: net::ERR_CONNECTION_REFUSED @ http://localhost:3000/_next/static/chunks/node_modules_next_dist_client_17643121._.js:10878
[ 3930740ms] [ERROR] WebSocket connection to 'ws://localhost:3000/_next/webpack-hmr?id=KQcebROB1lFFDEbbq9v3i' failed: Error in connection establishment: net::ERR_CONNECTION_REFUSED @ http://localhost:3000/_next/static/chunks/node_modules_next_dist_client_17643121._.js:10878
[ 3931563ms] [ERROR] Failed to load resource: net::ERR_CONNECTION_REFUSED @ http://localhost:3000/api/pole_tags:0
[ 3931745ms] [ERROR] WebSocket connection to 'ws://localhost:3000/_next/webpack-hmr?id=KQcebROB1lFFDEbbq9v3i' failed: Error in connection establishment: net::ERR_CONNECTION_REFUSED @ http://localhost:3000/_next/static/chunks/node_modules_next_dist_client_17643121._.js:10878
[ 3932757ms] [ERROR] WebSocket connection to 'ws://localhost:3000/_next/webpack-hmr?id=KQcebROB1lFFDEbbq9v3i' failed: Error in connection establishment: net::ERR_CONNECTION_REFUSED @ http://localhost:3000/_next/static/chunks/node_modules_next_dist_client_17643121._.js:10878
[ 3933566ms] [ERROR] Failed to load resource: net::ERR_CONNECTION_REFUSED @ http://localhost:3000/api/pole_tags:0
[ 3935565ms] [ERROR] Failed to load resource: net::ERR_CONNECTION_REFUSED @ http://localhost:3000/api/pole_tags:0
[ 3937574ms] [ERROR] Failed to load resource: net::ERR_CONNECTION_REFUSED @ http://localhost:3000/api/pole_tags:0
[ 3937771ms] [ERROR] WebSocket connection to 'ws://localhost:3000/_next/webpack-hmr?id=KQcebROB1lFFDEbbq9v3i' failed: Error in connection establishment: net::ERR_CONNECTION_REFUSED @ http://localhost:3000/_next/static/chunks/node_modules_next_dist_client_17643121._.js:10878
[ 3939562ms] [ERROR] Failed to load resource: net::ERR_CONNECTION_REFUSED @ http://localhost:3000/api/pole_tags:0
[ 3941569ms] [ERROR] Failed to load resource: net::ERR_CONNECTION_REFUSED @ http://localhost:3000/api/pole_tags:0
[ 3942792ms] [ERROR] WebSocket connection to 'ws://localhost:3000/_next/webpack-hmr?id=KQcebROB1lFFDEbbq9v3i' failed: Error in connection establishment: net::ERR_CONNECTION_REFUSED @ http://localhost:3000/_next/static/chunks/node_modules_next_dist_client_17643121._.js:10878
[ 3943566ms] [ERROR] Failed to load resource: net::ERR_CONNECTION_REFUSED @ http://localhost:3000/api/pole_tags:0
[ 3945567ms] [ERROR] Failed to load resource: net::ERR_CONNECTION_REFUSED @ http://localhost:3000/api/pole_tags:0
[ 3947569ms] [ERROR] Failed to load resource: net::ERR_CONNECTION_REFUSED @ http://localhost:3000/api/pole_tags:0
[ 3947813ms] [ERROR] WebSocket connection to 'ws://localhost:3000/_next/webpack-hmr?id=KQcebROB1lFFDEbbq9v3i' failed: Error in connection establishment: net::ERR_CONNECTION_REFUSED @ http://localhost:3000/_next/static/chunks/node_modules_next_dist_client_17643121._.js:10878
[ 3949568ms] [ERROR] Failed to load resource: net::ERR_CONNECTION_REFUSED @ http://localhost:3000/api/pole_tags:0
[ 3951568ms] [ERROR] Failed to load resource: net::ERR_CONNECTION_REFUSED @ http://localhost:3000/api/pole_tags:0
[ 3971725ms] [LOG] [HMR] connected @ http://localhost:3000/_next/static/chunks/node_modules_next_dist_f3530cac._.js:2297
[ 3980600ms] [INFO] %cDownload the React DevTools for a better development experience: https://react.dev/link/react-devtools font-weight:bold @ http://localhost:3000/_next/static/chunks/node_modules_next_dist_f3530cac._.js:2297
[ 3981120ms] [LOG] [HMR] connected @ http://localhost:3000/_next/static/chunks/node_modules_next_dist_f3530cac._.js:2297
[ 3981678ms] [LOG] [Fast Refresh] rebuilding @ http://localhost:3000/_next/static/chunks/node_modules_next_dist_f3530cac._.js:2297
[ 3982066ms] [LOG] [Fast Refresh] done in 491ms @ http://localhost:3000/_next/static/chunks/node_modules_next_dist_f3530cac._.js:2297
[ 4016397ms] [WARNING] [session] could not resolve session: Error: Supabase not configured. Add NEXT_PUBLIC_SUPABASE_URL and NEXT_PUBLIC_SUPABASE_ANON_KEY to .env
    at throwNotConfigured (http://localhost:3000/_next/static/chunks/app_72cdfce5._.js:189:11)
    at useDatabase.useCallback[getSb] (http://localhost:3000/_next/static/chunks/app_72cdfce5._.js:195:153)
    at useDatabase.useCallback[checkForExistingSession] [as checkForExistingSession] (http://localhost:3000/_next/static/chunks/app_72cdfce5._.js:350:24)
    at Home.useCallback[resolveSessionId] (http://localhost:3000/_next/static/chunks/app_72cdfce5._.js:1495:43)
    at Home.useCallback[handleStartProcessing] (http://localhost:3000/_next/static/chunks/app_72cdfce5._.js:1615:13)
    at onClick (http://localhost:3000/_next/static/chunks/app_components_LoadScreen_tsx_13da77f7._.js:2153:46)
    at executeDispatch (http://localhost:3000/_next/static/chunks/node_modules_next_dist_compiled_react-dom_1e674e59._.js:10314:13)
    at runWithFiberInDEV (http://localhost:3000/_next/static/chunks/node_modules_next_dist_compiled_react-dom_1e674e59._.js:965:74)
    at processDispatchQueue (http://localhost:3000/_next/static/chunks/node_modules_next_dist_compiled_react-dom_1e674e59._.js:10340:41)
    at http://localhost:3000/_next/static/chunks/node_modules_next_dist_compiled_react-dom_1e674e59._.js:10615:13
    at batchedUpdates$1 (http://localhost:3000/_next/static/chunks/node_modules_next_dist_compiled_react-dom_1e674e59._.js:2253:44)
    at dispatchEventForPluginEventSystem (http://localhost:3000/_next/static/chunks/node_modules_next_dist_compiled_react-dom_1e674e59._.js:10416:9)
    at dispatchEvent (http://localhost:3000/_next/static/chunks/node_modules_next_dist_compiled_react-dom_1e674e59._.js:12935:37)
    at dispatchDiscreteEvent (http://localhost:3000/_next/static/chunks/node_modules_next_dist_compiled_react-dom_1e674e59._.js:12917:64) @ http://localhost:3000/_next/static/chunks/node_modules_next_dist_f3530cac._.js:2297
[ 4022517ms] [LOG] [PoleLayout mount] cachedData: poleDone=false tags=0 @ http://localhost:3000/_next/static/chunks/node_modules_next_dist_f3530cac._.js:2297
[ 4022530ms] [LOG] [PoleLayout mount] cachedData: poleDone=false tags=0 @ http://localhost:3000/_next/static/chunks/node_modules_next_dist_f3530cac._.js:2297
[ 4022655ms] [LOG] [Fast Refresh] rebuilding @ http://localhost:3000/_next/static/chunks/node_modules_next_dist_f3530cac._.js:2297
[ 4022691ms] [LOG] [Fast Refresh] done in 144ms @ http://localhost:3000/_next/static/chunks/node_modules_next_dist_f3530cac._.js:2297
[ 4023453ms] [ERROR] Unable to preventDefault inside passive event listener invocation. @ http://localhost:3000/_next/static/chunks/node_modules_next_dist_compiled_react-dom_1e674e59._.js:2325
[ 4023500ms] [ERROR] Unable to preventDefault inside passive event listener invocation. @ http://localhost:3000/_next/static/chunks/node_modules_next_dist_compiled_react-dom_1e674e59._.js:2325
[ 4023558ms] [ERROR] Unable to preventDefault inside passive event listener invocation. @ http://localhost:3000/_next/static/chunks/node_modules_next_dist_compiled_react-dom_1e674e59._.js:2325
[ 4023734ms] [ERROR] Unable to preventDefault inside passive event listener invocation. @ http://localhost:3000/_next/static/chunks/node_modules_next_dist_compiled_react-dom_1e674e59._.js:2325
[ 4023752ms] [ERROR] Unable to preventDefault inside passive event listener invocation. @ http://localhost:3000/_next/static/chunks/node_modules_next_dist_compiled_react-dom_1e674e59._.js:2325
[ 4023791ms] [ERROR] Unable to preventDefault inside passive event listener invocation. @ http://localhost:3000/_next/static/chunks/node_modules_next_dist_compiled_react-dom_1e674e59._.js:2325
[ 4023951ms] [ERROR] Unable to preventDefault inside passive event listener invocation. @ http://localhost:3000/_next/static/chunks/node_modules_next_dist_compiled_react-dom_1e674e59._.js:2325
[ 4023967ms] [ERROR] Unable to preventDefault inside passive event listener invocation. @ http://localhost:3000/_next/static/chunks/node_modules_next_dist_compiled_react-dom_1e674e59._.js:2325
[ 4023989ms] [ERROR] Unable to preventDefault inside passive event listener invocation. @ http://localhost:3000/_next/static/chunks/node_modules_next_dist_compiled_react-dom_1e674e59._.js:2325
[ 4024019ms] [ERROR] Unable to preventDefault inside passive event listener invocation. @ http://localhost:3000/_next/static/chunks/node_modules_next_dist_compiled_react-dom_1e674e59._.js:2325
[ 4024235ms] [ERROR] Unable to preventDefault inside passive event listener invocation. @ http://localhost:3000/_next/static/chunks/node_modules_next_dist_compiled_react-dom_1e674e59._.js:2325
[ 4024294ms] [ERROR] Unable to preventDefault inside passive event listener invocation. @ http://localhost:3000/_next/static/chunks/node_modules_next_dist_compiled_react-dom_1e674e59._.js:2325
[ 4024294ms] [ERROR] Unable to preventDefault inside passive event listener invocation. @ http://localhost:3000/_next/static/chunks/node_modules_next_dist_compiled_react-dom_1e674e59._.js:2325
[ 4024510ms] [ERROR] Unable to preventDefault inside passive event listener invocation. @ http://localhost:3000/_next/static/chunks/node_modules_next_dist_compiled_react-dom_1e674e59._.js:2325
[ 4024534ms] [ERROR] Unable to preventDefault inside passive event listener invocation. @ http://localhost:3000/_next/static/chunks/node_modules_next_dist_compiled_react-dom_1e674e59._.js:2325
[ 4024561ms] [ERROR] Unable to preventDefault inside passive event listener invocation. @ http://localhost:3000/_next/static/chunks/node_modules_next_dist_compiled_react-dom_1e674e59._.js:2325
[ 4026274ms] [ERROR] Unable to preventDefault inside passive event listener invocation. @ http://localhost:3000/_next/static/chunks/node_modules_next_dist_compiled_react-dom_1e674e59._.js:2325
[ 4026296ms] [ERROR] Unable to preventDefault inside passive event listener invocation. @ http://localhost:3000/_next/static/chunks/node_modules_next_dist_compiled_react-dom_1e674e59._.js:2325
[ 4026318ms] [ERROR] Unable to preventDefault inside passive event listener invocation. @ http://localhost:3000/_next/static/chunks/node_modules_next_dist_compiled_react-dom_1e674e59._.js:2325
[ 4026350ms] [ERROR] Unable to preventDefault inside passive event listener invocation. @ http://localhost:3000/_next/static/chunks/node_modules_next_dist_compiled_react-dom_1e674e59._.js:2325
[ 4026566ms] [ERROR] Unable to preventDefault inside passive event listener invocation. @ http://localhost:3000/_next/static/chunks/node_modules_next_dist_compiled_react-dom_1e674e59._.js:2325
[ 4026586ms] [ERROR] Unable to preventDefault inside passive event listener invocation. @ http://localhost:3000/_next/static/chunks/node_modules_next_dist_compiled_react-dom_1e674e59._.js:2325
[ 4026598ms] [ERROR] Unable to preventDefault inside passive event listener invocation. @ http://localhost:3000/_next/static/chunks/node_modules_next_dist_compiled_react-dom_1e674e59._.js:2325
[ 4026607ms] [ERROR] Unable to preventDefault inside passive event listener invocation. @ http://localhost:3000/_next/static/chunks/node_modules_next_dist_compiled_react-dom_1e674e59._.js:2325
[ 4029372ms] [LOG] [cache-update] sid= null poleTags= 0 shapes= 18 @ http://localhost:3000/_next/static/chunks/node_modules_next_dist_f3530cac._.js:2297
[ 4029373ms] [WARNING] [cache-update] skipping save — no sessionId or db @ http://localhost:3000/_next/static/chunks/node_modules_next_dist_f3530cac._.js:2297
[ 4036980ms] [LOG] [cache-update] sid= null poleTags= 0 shapes= 0 @ http://localhost:3000/_next/static/chunks/node_modules_next_dist_f3530cac._.js:2297
[ 4036980ms] [WARNING] [cache-update] skipping save — no sessionId or db @ http://localhost:3000/_next/static/chunks/node_modules_next_dist_f3530cac._.js:2297
[ 4037098ms] [LOG] [Fast Refresh] rebuilding @ http://localhost:3000/_next/static/chunks/node_modules_next_dist_f3530cac._.js:2297
[ 4037104ms] [LOG] [Fast Refresh] done in 110ms @ http://localhost:3000/_next/static/chunks/node_modules_next_dist_f3530cac._.js:2297
[ 4037393ms] [LOG] [cache-update] sid= null poleTags= 0 shapes= 0 @ http://localhost:3000/_next/static/chunks/node_modules_next_dist_f3530cac._.js:2297
[ 4037393ms] [WARNING] [cache-update] skipping save — no sessionId or db @ http://localhost:3000/_next/static/chunks/node_modules_next_dist_f3530cac._.js:2297
[ 4038282ms] [ERROR] Unable to preventDefault inside passive event listener invocation. @ http://localhost:3000/_next/static/chunks/node_modules_next_dist_compiled_react-dom_1e674e59._.js:2325
[ 4038308ms] [ERROR] Unable to preventDefault inside passive event listener invocation. @ http://localhost:3000/_next/static/chunks/node_modules_next_dist_compiled_react-dom_1e674e59._.js:2325
[ 4038332ms] [ERROR] Unable to preventDefault inside passive event listener invocation. @ http://localhost:3000/_next/static/chunks/node_modules_next_dist_compiled_react-dom_1e674e59._.js:2325
[ 4038629ms] [ERROR] Unable to preventDefault inside passive event listener invocation. @ http://localhost:3000/_next/static/chunks/node_modules_next_dist_compiled_react-dom_1e674e59._.js:2325
[ 4038676ms] [ERROR] Unable to preventDefault inside passive event listener invocation. @ http://localhost:3000/_next/static/chunks/node_modules_next_dist_compiled_react-dom_1e674e59._.js:2325
[ 4039453ms] [LOG] [cache-update] sid= null poleTags= 7 shapes= 0 @ http://localhost:3000/_next/static/chunks/node_modules_next_dist_f3530cac._.js:2297
[ 4039453ms] [WARNING] [cache-update] skipping save — no sessionId or db @ http://localhost:3000/_next/static/chunks/node_modules_next_dist_f3530cac._.js:2297
[ 4039551ms] [ERROR] Unable to preventDefault inside passive event listener invocation. @ http://localhost:3000/_next/static/chunks/node_modules_next_dist_compiled_react-dom_1e674e59._.js:2325
[ 4039570ms] [ERROR] Unable to preventDefault inside passive event listener invocation. @ http://localhost:3000/_next/static/chunks/node_modules_next_dist_compiled_react-dom_1e674e59._.js:2325
[ 4039606ms] [ERROR] Unable to preventDefault inside passive event listener invocation. @ http://localhost:3000/_next/static/chunks/node_modules_next_dist_compiled_react-dom_1e674e59._.js:2325
[ 4039876ms] [ERROR] Unable to preventDefault inside passive event listener invocation. @ http://localhost:3000/_next/static/chunks/node_modules_next_dist_compiled_react-dom_1e674e59._.js:2325
[ 4039923ms] [ERROR] Unable to preventDefault inside passive event listener invocation. @ http://localhost:3000/_next/static/chunks/node_modules_next_dist_compiled_react-dom_1e674e59._.js:2325
[ 4041507ms] [LOG] [cache-update] sid= null poleTags= 16 shapes= 0 @ http://localhost:3000/_next/static/chunks/node_modules_next_dist_f3530cac._.js:2297
[ 4041508ms] [WARNING] [cache-update] skipping save — no sessionId or db @ http://localhost:3000/_next/static/chunks/node_modules_next_dist_f3530cac._.js:2297
[ 4043599ms] [LOG] [cache-update] sid= null poleTags= 28 shapes= 0 @ http://localhost:3000/_next/static/chunks/node_modules_next_dist_f3530cac._.js:2297
[ 4043599ms] [WARNING] [cache-update] skipping save — no sessionId or db @ http://localhost:3000/_next/static/chunks/node_modules_next_dist_f3530cac._.js:2297
[ 4044839ms] [ERROR] Unable to preventDefault inside passive event listener invocation. @ http://localhost:3000/_next/static/chunks/node_modules_next_dist_compiled_react-dom_1e674e59._.js:2325
[ 4044880ms] [ERROR] Unable to preventDefault inside passive event listener invocation. @ http://localhost:3000/_next/static/chunks/node_modules_next_dist_compiled_react-dom_1e674e59._.js:2325
[ 4044912ms] [ERROR] Unable to preventDefault inside passive event listener invocation. @ http://localhost:3000/_next/static/chunks/node_modules_next_dist_compiled_react-dom_1e674e59._.js:2325
[ 4044984ms] [ERROR] Unable to preventDefault inside passive event listener invocation. @ http://localhost:3000/_next/static/chunks/node_modules_next_dist_compiled_react-dom_1e674e59._.js:2325
[ 4045143ms] [ERROR] Unable to preventDefault inside passive event listener invocation. @ http://localhost:3000/_next/static/chunks/node_modules_next_dist_compiled_react-dom_1e674e59._.js:2325
[ 4045164ms] [ERROR] Unable to preventDefault inside passive event listener invocation. @ http://localhost:3000/_next/static/chunks/node_modules_next_dist_compiled_react-dom_1e674e59._.js:2325
[ 4045182ms] [ERROR] Unable to preventDefault inside passive event listener invocation. @ http://localhost:3000/_next/static/chunks/node_modules_next_dist_compiled_react-dom_1e674e59._.js:2325
[ 4045386ms] [ERROR] Unable to preventDefault inside passive event listener invocation. @ http://localhost:3000/_next/static/chunks/node_modules_next_dist_compiled_react-dom_1e674e59._.js:2325
[ 4045405ms] [ERROR] Unable to preventDefault inside passive event listener invocation. @ http://localhost:3000/_next/static/chunks/node_modules_next_dist_compiled_react-dom_1e674e59._.js:2325
[ 4045425ms] [ERROR] Unable to preventDefault inside passive event listener invocation. @ http://localhost:3000/_next/static/chunks/node_modules_next_dist_compiled_react-dom_1e674e59._.js:2325
[ 4045445ms] [ERROR] Unable to preventDefault inside passive event listener invocation. @ http://localhost:3000/_next/static/chunks/node_modules_next_dist_compiled_react-dom_1e674e59._.js:2325
[ 4045667ms] [LOG] [cache-update] sid= null poleTags= 38 shapes= 0 @ http://localhost:3000/_next/static/chunks/node_modules_next_dist_f3530cac._.js:2297
[ 4045667ms] [WARNING] [cache-update] skipping save — no sessionId or db @ http://localhost:3000/_next/static/chunks/node_modules_next_dist_f3530cac._.js:2297
[ 4045685ms] [ERROR] Unable to preventDefault inside passive event listener invocation. @ http://localhost:3000/_next/static/chunks/node_modules_next_dist_compiled_react-dom_1e674e59._.js:2325
[ 4045695ms] [ERROR] Unable to preventDefault inside passive event listener invocation. @ http://localhost:3000/_next/static/chunks/node_modules_next_dist_compiled_react-dom_1e674e59._.js:2325
[ 4045716ms] [ERROR] Unable to preventDefault inside passive event listener invocation. @ http://localhost:3000/_next/static/chunks/node_modules_next_dist_compiled_react-dom_1e674e59._.js:2325
[ 4045753ms] [ERROR] Unable to preventDefault inside passive event listener invocation. @ http://localhost:3000/_next/static/chunks/node_modules_next_dist_compiled_react-dom_1e674e59._.js:2325
[ 4047008ms] [ERROR] Unable to preventDefault inside passive event listener invocation. @ http://localhost:3000/_next/static/chunks/node_modules_next_dist_compiled_react-dom_1e674e59._.js:2325
[ 4047741ms] [LOG] [cache-update] sid= null poleTags= 45 shapes= 0 @ http://localhost:3000/_next/static/chunks/node_modules_next_dist_f3530cac._.js:2297
[ 4047742ms] [WARNING] [cache-update] skipping save — no sessionId or db @ http://localhost:3000/_next/static/chunks/node_modules_next_dist_f3530cac._.js:2297
[ 4049795ms] [LOG] [cache-update] sid= null poleTags= 53 shapes= 0 @ http://localhost:3000/_next/static/chunks/node_modules_next_dist_f3530cac._.js:2297
[ 4049795ms] [WARNING] [cache-update] skipping save — no sessionId or db @ http://localhost:3000/_next/static/chunks/node_modules_next_dist_f3530cac._.js:2297
[ 4051871ms] [LOG] [cache-update] sid= null poleTags= 63 shapes= 0 @ http://localhost:3000/_next/static/chunks/node_modules_next_dist_f3530cac._.js:2297
[ 4051872ms] [WARNING] [cache-update] skipping save — no sessionId or db @ http://localhost:3000/_next/static/chunks/node_modules_next_dist_f3530cac._.js:2297
[ 4053940ms] [LOG] [cache-update] sid= null poleTags= 70 shapes= 0 @ http://localhost:3000/_next/static/chunks/node_modules_next_dist_f3530cac._.js:2297
[ 4053940ms] [WARNING] [cache-update] skipping save — no sessionId or db @ http://localhost:3000/_next/static/chunks/node_modules_next_dist_f3530cac._.js:2297
[ 4056011ms] [LOG] [cache-update] sid= null poleTags= 75 shapes= 0 @ http://localhost:3000/_next/static/chunks/node_modules_next_dist_f3530cac._.js:2297
[ 4056012ms] [WARNING] [cache-update] skipping save — no sessionId or db @ http://localhost:3000/_next/static/chunks/node_modules_next_dist_f3530cac._.js:2297
[ 4058023ms] [LOG] [cache-update] sid= null poleTags= 97 shapes= 0 @ http://localhost:3000/_next/static/chunks/node_modules_next_dist_f3530cac._.js:2297
[ 4058024ms] [WARNING] [cache-update] skipping save — no sessionId or db @ http://localhost:3000/_next/static/chunks/node_modules_next_dist_f3530cac._.js:2297
[ 4058274ms] [LOG] [cache-update] sid= null poleTags= 97 shapes= 0 @ http://localhost:3000/_next/static/chunks/node_modules_next_dist_f3530cac._.js:2297
[ 4058275ms] [WARNING] [cache-update] skipping save — no sessionId or db @ http://localhost:3000/_next/static/chunks/node_modules_next_dist_f3530cac._.js:2297
[ 4059398ms] [ERROR] Unable to preventDefault inside passive event listener invocation. @ http://localhost:3000/_next/static/chunks/node_modules_next_dist_compiled_react-dom_1e674e59._.js:2325
[ 4059422ms] [ERROR] Unable to preventDefault inside passive event listener invocation. @ http://localhost:3000/_next/static/chunks/node_modules_next_dist_compiled_react-dom_1e674e59._.js:2325
[ 4059450ms] [ERROR] Unable to preventDefault inside passive event listener invocation. @ http://localhost:3000/_next/static/chunks/node_modules_next_dist_compiled_react-dom_1e674e59._.js:2325
[ 4059504ms] [ERROR] Unable to preventDefault inside passive event listener invocation. @ http://localhost:3000/_next/static/chunks/node_modules_next_dist_compiled_react-dom_1e674e59._.js:2325
[ 4059914ms] [ERROR] Unable to preventDefault inside passive event listener invocation. @ http://localhost:3000/_next/static/chunks/node_modules_next_dist_compiled_react-dom_1e674e59._.js:2325
[ 4075814ms] [ERROR] Unable to preventDefault inside passive event listener invocation. @ http://localhost:3000/_next/static/chunks/node_modules_next_dist_compiled_react-dom_1e674e59._.js:2325
[ 4075847ms] [ERROR] Unable to preventDefault inside passive event listener invocation. @ http://localhost:3000/_next/static/chunks/node_modules_next_dist_compiled_react-dom_1e674e59._.js:2325
[ 4075881ms] [ERROR] Unable to preventDefault inside passive event listener invocation. @ http://localhost:3000/_next/static/chunks/node_modules_next_dist_compiled_react-dom_1e674e59._.js:2325
[ 4076080ms] [ERROR] Unable to preventDefault inside passive event listener invocation. @ http://localhost:3000/_next/static/chunks/node_modules_next_dist_compiled_react-dom_1e674e59._.js:2325
[ 4076101ms] [ERROR] Unable to preventDefault inside passive event listener invocation. @ http://localhost:3000/_next/static/chunks/node_modules_next_dist_compiled_react-dom_1e674e59._.js:2325
[ 4076119ms] [ERROR] Unable to preventDefault inside passive event listener invocation. @ http://localhost:3000/_next/static/chunks/node_modules_next_dist_compiled_react-dom_1e674e59._.js:2325
[ 4076154ms] [ERROR] Unable to preventDefault inside passive event listener invocation. @ http://localhost:3000/_next/static/chunks/node_modules_next_dist_compiled_react-dom_1e674e59._.js:2325
[ 4076318ms] [ERROR] Unable to preventDefault inside passive event listener invocation. @ http://localhost:3000/_next/static/chunks/node_modules_next_dist_compiled_react-dom_1e674e59._.js:2325
[ 4076330ms] [ERROR] Unable to preventDefault inside passive event listener invocation. @ http://localhost:3000/_next/static/chunks/node_modules_next_dist_compiled_react-dom_1e674e59._.js:2325
[ 4076346ms] [ERROR] Unable to preventDefault inside passive event listener invocation. @ http://localhost:3000/_next/static/chunks/node_modules_next_dist_compiled_react-dom_1e674e59._.js:2325
[ 4076365ms] [ERROR] Unable to preventDefault inside passive event listener invocation. @ http://localhost:3000/_next/static/chunks/node_modules_next_dist_compiled_react-dom_1e674e59._.js:2325
[ 4076531ms] [ERROR] Unable to preventDefault inside passive event listener invocation. @ http://localhost:3000/_next/static/chunks/node_modules_next_dist_compiled_react-dom_1e674e59._.js:2325
[ 4076545ms] [ERROR] Unable to preventDefault inside passive event listener invocation. @ http://localhost:3000/_next/static/chunks/node_modules_next_dist_compiled_react-dom_1e674e59._.js:2325
[ 4076558ms] [ERROR] Unable to preventDefault inside passive event listener invocation. @ http://localhost:3000/_next/static/chunks/node_modules_next_dist_compiled_react-dom_1e674e59._.js:2325
[ 4076575ms] [ERROR] Unable to preventDefault inside passive event listener invocation. @ http://localhost:3000/_next/static/chunks/node_modules_next_dist_compiled_react-dom_1e674e59._.js:2325
[ 4076607ms] [ERROR] Unable to preventDefault inside passive event listener invocation. @ http://localhost:3000/_next/static/chunks/node_modules_next_dist_compiled_react-dom_1e674e59._.js:2325
[ 4076763ms] [ERROR] Unable to preventDefault inside passive event listener invocation. @ http://localhost:3000/_next/static/chunks/node_modules_next_dist_compiled_react-dom_1e674e59._.js:2325
[ 4076782ms] [ERROR] Unable to preventDefault inside passive event listener invocation. @ http://localhost:3000/_next/static/chunks/node_modules_next_dist_compiled_react-dom_1e674e59._.js:2325
[ 4076812ms] [ERROR] Unable to preventDefault inside passive event listener invocation. @ http://localhost:3000/_next/static/chunks/node_modules_next_dist_compiled_react-dom_1e674e59._.js:2325
[ 4076827ms] [ERROR] Unable to preventDefault inside passive event listener invocation. @ http://localhost:3000/_next/static/chunks/node_modules_next_dist_compiled_react-dom_1e674e59._.js:2325
[ 4077176ms] [ERROR] Unable to preventDefault inside passive event listener invocation. @ http://localhost:3000/_next/static/chunks/node_modules_next_dist_compiled_react-dom_1e674e59._.js:2325
[ 4077197ms] [ERROR] Unable to preventDefault inside passive event listener invocation. @ http://localhost:3000/_next/static/chunks/node_modules_next_dist_compiled_react-dom_1e674e59._.js:2325
[ 4077220ms] [ERROR] Unable to preventDefault inside passive event listener invocation. @ http://localhost:3000/_next/static/chunks/node_modules_next_dist_compiled_react-dom_1e674e59._.js:2325
[ 4077269ms] [ERROR] Unable to preventDefault inside passive event listener invocation. @ http://localhost:3000/_next/static/chunks/node_modules_next_dist_compiled_react-dom_1e674e59._.js:2325
[ 4265732ms] [ERROR] Unable to preventDefault inside passive event listener invocation. @ http://localhost:3000/_next/static/chunks/node_modules_next_dist_compiled_react-dom_1e674e59._.js:2325
[ 4265767ms] [ERROR] Unable to preventDefault inside passive event listener invocation. @ http://localhost:3000/_next/static/chunks/node_modules_next_dist_compiled_react-dom_1e674e59._.js:2325
[ 4265818ms] [ERROR] Unable to preventDefault inside passive event listener invocation. @ http://localhost:3000/_next/static/chunks/node_modules_next_dist_compiled_react-dom_1e674e59._.js:2325
[ 4266049ms] [ERROR] Unable to preventDefault inside passive event listener invocation. @ http://localhost:3000/_next/static/chunks/node_modules_next_dist_compiled_react-dom_1e674e59._.js:2325
[ 4266078ms] [ERROR] Unable to preventDefault inside passive event listener invocation. @ http://localhost:3000/_next/static/chunks/node_modules_next_dist_compiled_react-dom_1e674e59._.js:2325
[ 4266122ms] [ERROR] Unable to preventDefault inside passive event listener invocation. @ http://localhost:3000/_next/static/chunks/node_modules_next_dist_compiled_react-dom_1e674e59._.js:2325
[ 4266321ms] [ERROR] Unable to preventDefault inside passive event listener invocation. @ http://localhost:3000/_next/static/chunks/node_modules_next_dist_compiled_react-dom_1e674e59._.js:2325
[ 4266350ms] [ERROR] Unable to preventDefault inside passive event listener invocation. @ http://localhost:3000/_next/static/chunks/node_modules_next_dist_compiled_react-dom_1e674e59._.js:2325
[ 4266375ms] [ERROR] Unable to preventDefault inside passive event listener invocation. @ http://localhost:3000/_next/static/chunks/node_modules_next_dist_compiled_react-dom_1e674e59._.js:2325
[ 4266431ms] [LOG] [Fast Refresh] rebuilding @ http://localhost:3000/_next/static/chunks/node_modules_next_dist_f3530cac._.js:2297
[ 4266433ms] [LOG] [Fast Refresh] done in 107ms @ http://localhost:3000/_next/static/chunks/node_modules_next_dist_f3530cac._.js:2297
[ 4267022ms] [ERROR] Unable to preventDefault inside passive event listener invocation. @ http://localhost:3000/_next/static/chunks/node_modules_next_dist_compiled_react-dom_1e674e59._.js:2325
[ 4267064ms] [ERROR] Unable to preventDefault inside passive event listener invocation. @ http://localhost:3000/_next/static/chunks/node_modules_next_dist_compiled_react-dom_1e674e59._.js:2325
[ 4412101ms] [LOG] [Fast Refresh] rebuilding @ http://localhost:3000/_next/static/chunks/node_modules_next_dist_f3530cac._.js:2297
[ 4414895ms] [LOG] [Fast Refresh] done in 2900ms @ http://localhost:3000/_next/static/chunks/node_modules_next_dist_f3530cac._.js:2297
[ 4430380ms] [LOG] [Fast Refresh] rebuilding @ http://localhost:3000/_next/static/chunks/node_modules_next_dist_f3530cac._.js:2297
[ 4430997ms] [LOG] [Fast Refresh] done in 720ms @ http://localhost:3000/_next/static/chunks/node_modules_next_dist_f3530cac._.js:2297
[ 4484966ms] [LOG] [Fast Refresh] rebuilding @ http://localhost:3000/_next/static/chunks/node_modules_next_dist_f3530cac._.js:2297
[ 4485074ms] [LOG] [Fast Refresh] done in 214ms @ http://localhost:3000/_next/static/chunks/node_modules_next_dist_f3530cac._.js:2297
[ 4592439ms] [LOG] [Fast Refresh] rebuilding @ http://localhost:3000/_next/static/chunks/node_modules_next_dist_f3530cac._.js:2297
[ 4592440ms] [LOG] [Fast Refresh] done in 107ms @ http://localhost:3000/_next/static/chunks/node_modules_next_dist_f3530cac._.js:2297
[ 4675955ms] [LOG] [Fast Refresh] rebuilding @ http://localhost:3000/_next/static/chunks/node_modules_next_dist_f3530cac._.js:2297
[ 4675956ms] [LOG] [Fast Refresh] done in 106ms @ http://localhost:3000/_next/static/chunks/node_modules_next_dist_f3530cac._.js:2297
[ 4719986ms] [LOG] [Fast Refresh] rebuilding @ http://localhost:3000/_next/static/chunks/node_modules_next_dist_f3530cac._.js:2297
[ 4719987ms] [LOG] [Fast Refresh] done in 107ms @ http://localhost:3000/_next/static/chunks/node_modules_next_dist_f3530cac._.js:2297
[ 4728780ms] [LOG] [Fast Refresh] rebuilding @ http://localhost:3000/_next/static/chunks/node_modules_next_dist_f3530cac._.js:2297
[ 4728780ms] [LOG] [Fast Refresh] done in 105ms @ http://localhost:3000/_next/static/chunks/node_modules_next_dist_f3530cac._.js:2297
[ 5033776ms] [LOG] [Fast Refresh] rebuilding @ http://localhost:3000/_next/static/chunks/node_modules_next_dist_f3530cac._.js:2297
[ 5033778ms] [LOG] [Fast Refresh] done in 134ms @ http://localhost:3000/_next/static/chunks/node_modules_next_dist_f3530cac._.js:2297
[ 5038779ms] [LOG] [Fast Refresh] rebuilding @ http://localhost:3000/_next/static/chunks/node_modules_next_dist_f3530cac._.js:2297
[ 5038780ms] [LOG] [Fast Refresh] done in 106ms @ http://localhost:3000/_next/static/chunks/node_modules_next_dist_f3530cac._.js:2297
[ 5045952ms] [LOG] [Fast Refresh] rebuilding @ http://localhost:3000/_next/static/chunks/node_modules_next_dist_f3530cac._.js:2297
[ 5045953ms] [LOG] [Fast Refresh] done in 106ms @ http://localhost:3000/_next/static/chunks/node_modules_next_dist_f3530cac._.js:2297
[ 5148736ms] [LOG] [Fast Refresh] rebuilding @ http://localhost:3000/_next/static/chunks/node_modules_next_dist_f3530cac._.js:2297
[ 5148744ms] [LOG] [Fast Refresh] done in 127ms @ http://localhost:3000/_next/static/chunks/node_modules_next_dist_f3530cac._.js:2297
[ 5171881ms] [LOG] [Fast Refresh] rebuilding @ http://localhost:3000/_next/static/chunks/node_modules_next_dist_f3530cac._.js:2297
[ 5172012ms] [LOG] [Fast Refresh] done in 258ms @ http://localhost:3000/_next/static/chunks/node_modules_next_dist_f3530cac._.js:2297
[ 5488120ms] [ERROR] Failed to load resource: net::ERR_CONNECTION_REFUSED @ http://localhost:3000/api/pole_tags:0
[ 5488889ms] [ERROR] WebSocket connection to 'ws://localhost:3000/_next/webpack-hmr?id=y4UGW9614IXy1s6AyHyHX' failed: Error in connection establishment: net::ERR_CONNECTION_REFUSED @ http://localhost:3000/_next/static/chunks/node_modules_next_dist_client_17643121._.js:10878
[ 5489906ms] [ERROR] WebSocket connection to 'ws://localhost:3000/_next/webpack-hmr?id=y4UGW9614IXy1s6AyHyHX' failed: Error in connection establishment: net::ERR_CONNECTION_REFUSED @ http://localhost:3000/_next/static/chunks/node_modules_next_dist_client_17643121._.js:10878
[ 5490123ms] [ERROR] Failed to load resource: net::ERR_CONNECTION_REFUSED @ http://localhost:3000/api/pole_tags:0
[ 5490909ms] [ERROR] WebSocket connection to 'ws://localhost:3000/_next/webpack-hmr?id=y4UGW9614IXy1s6AyHyHX' failed: Error in connection establishment: net::ERR_CONNECTION_REFUSED @ http://localhost:3000/_next/static/chunks/node_modules_next_dist_client_17643121._.js:10878
[ 5491917ms] [ERROR] WebSocket connection to 'ws://localhost:3000/_next/webpack-hmr?id=y4UGW9614IXy1s6AyHyHX' failed: Error in connection establishment: net::ERR_CONNECTION_REFUSED @ http://localhost:3000/_next/static/chunks/node_modules_next_dist_client_17643121._.js:10878
[ 5492118ms] [ERROR] Failed to load resource: net::ERR_CONNECTION_REFUSED @ http://localhost:3000/api/pole_tags:0
[ 5492925ms] [ERROR] WebSocket connection to 'ws://localhost:3000/_next/webpack-hmr?id=y4UGW9614IXy1s6AyHyHX' failed: Error in connection establishment: net::ERR_CONNECTION_REFUSED @ http://localhost:3000/_next/static/chunks/node_modules_next_dist_client_17643121._.js:10878
[ 5494116ms] [ERROR] Failed to load resource: net::ERR_CONNECTION_REFUSED @ http://localhost:3000/api/pole_tags:0
[ 5496119ms] [ERROR] Failed to load resource: net::ERR_CONNECTION_REFUSED @ http://localhost:3000/api/pole_tags:0
[ 5497944ms] [ERROR] WebSocket connection to 'ws://localhost:3000/_next/webpack-hmr?id=y4UGW9614IXy1s6AyHyHX' failed: Error in connection establishment: net::ERR_CONNECTION_REFUSED @ http://localhost:3000/_next/static/chunks/node_modules_next_dist_client_17643121._.js:10878
[ 5498127ms] [ERROR] Failed to load resource: net::ERR_CONNECTION_REFUSED @ http://localhost:3000/api/pole_tags:0
[ 5500130ms] [ERROR] Failed to load resource: net::ERR_CONNECTION_REFUSED @ http://localhost:3000/api/pole_tags:0
[ 5502119ms] [ERROR] Failed to load resource: net::ERR_CONNECTION_REFUSED @ http://localhost:3000/api/pole_tags:0
[ 5502976ms] [ERROR] WebSocket connection to 'ws://localhost:3000/_next/webpack-hmr?id=y4UGW9614IXy1s6AyHyHX' failed: Error in connection establishment: net::ERR_CONNECTION_REFUSED @ http://localhost:3000/_next/static/chunks/node_modules_next_dist_client_17643121._.js:10878
[ 5504144ms] [ERROR] Failed to load resource: net::ERR_CONNECTION_REFUSED @ http://localhost:3000/api/pole_tags:0
[ 5506123ms] [ERROR] Failed to load resource: net::ERR_CONNECTION_REFUSED @ http://localhost:3000/api/pole_tags:0
[ 5516270ms] [LOG] [HMR] connected @ http://localhost:3000/_next/static/chunks/node_modules_next_dist_f3530cac._.js:2297
[ 5520080ms] [INFO] %cDownload the React DevTools for a better development experience: https://react.dev/link/react-devtools font-weight:bold @ http://localhost:3000/_next/static/chunks/node_modules_next_dist_f3530cac._.js:2297
[ 5520198ms] [LOG] [HMR] connected @ http://localhost:3000/_next/static/chunks/node_modules_next_dist_f3530cac._.js:2297
[ 5527929ms] [INFO] %cDownload the React DevTools for a better development experience: https://react.dev/link/react-devtools font-weight:bold @ http://localhost:3000/_next/static/chunks/node_modules_next_dist_f3530cac._.js:2297
[ 5528034ms] [LOG] [HMR] connected @ http://localhost:3000/_next/static/chunks/node_modules_next_dist_f3530cac._.js:2297
[ 5534256ms] [WARNING] [session] could not resolve session: Error: Supabase not configured. Add NEXT_PUBLIC_SUPABASE_URL and NEXT_PUBLIC_SUPABASE_ANON_KEY to .env
    at throwNotConfigured (http://localhost:3000/_next/static/chunks/app_72cdfce5._.js:189:11)
    at useDatabase.useCallback[getSb] (http://localhost:3000/_next/static/chunks/app_72cdfce5._.js:195:153)
    at useDatabase.useCallback[checkForExistingSession] [as checkForExistingSession] (http://localhost:3000/_next/static/chunks/app_72cdfce5._.js:350:24)
    at Home.useCallback[resolveSessionId] (http://localhost:3000/_next/static/chunks/app_72cdfce5._.js:1495:43)
    at Home.useCallback[handleStartProcessing] (http://localhost:3000/_next/static/chunks/app_72cdfce5._.js:1615:13)
    at onClick (http://localhost:3000/_next/static/chunks/app_components_LoadScreen_tsx_13da77f7._.js:2153:46)
    at executeDispatch (http://localhost:3000/_next/static/chunks/node_modules_next_dist_compiled_react-dom_1e674e59._.js:10314:13)
    at runWithFiberInDEV (http://localhost:3000/_next/static/chunks/node_modules_next_dist_compiled_react-dom_1e674e59._.js:965:74)
    at processDispatchQueue (http://localhost:3000/_next/static/chunks/node_modules_next_dist_compiled_react-dom_1e674e59._.js:10340:41)
    at http://localhost:3000/_next/static/chunks/node_modules_next_dist_compiled_react-dom_1e674e59._.js:10615:13
    at batchedUpdates$1 (http://localhost:3000/_next/static/chunks/node_modules_next_dist_compiled_react-dom_1e674e59._.js:2253:44)
    at dispatchEventForPluginEventSystem (http://localhost:3000/_next/static/chunks/node_modules_next_dist_compiled_react-dom_1e674e59._.js:10416:9)
    at dispatchEvent (http://localhost:3000/_next/static/chunks/node_modules_next_dist_compiled_react-dom_1e674e59._.js:12935:37)
    at dispatchDiscreteEvent (http://localhost:3000/_next/static/chunks/node_modules_next_dist_compiled_react-dom_1e674e59._.js:12917:64) @ http://localhost:3000/_next/static/chunks/node_modules_next_dist_f3530cac._.js:2297
[ 5543393ms] [LOG] [PoleLayout mount] cachedData: poleDone=false tags=0 @ http://localhost:3000/_next/static/chunks/node_modules_next_dist_f3530cac._.js:2297
[ 5543404ms] [LOG] [PoleLayout mount] cachedData: poleDone=false tags=0 @ http://localhost:3000/_next/static/chunks/node_modules_next_dist_f3530cac._.js:2297
[ 5543520ms] [LOG] [Fast Refresh] rebuilding @ http://localhost:3000/_next/static/chunks/node_modules_next_dist_f3530cac._.js:2297
[ 5543596ms] [LOG] [Fast Refresh] done in 178ms @ http://localhost:3000/_next/static/chunks/node_modules_next_dist_f3530cac._.js:2297
[ 5545764ms] [LOG] [cache-update] sid= null poleTags= 0 shapes= 0 @ http://localhost:3000/_next/static/chunks/node_modules_next_dist_f3530cac._.js:2297
[ 5545764ms] [WARNING] [cache-update] skipping save — no sessionId or db @ http://localhost:3000/_next/static/chunks/node_modules_next_dist_f3530cac._.js:2297
[ 5545884ms] [LOG] [Fast Refresh] rebuilding @ http://localhost:3000/_next/static/chunks/node_modules_next_dist_f3530cac._.js:2297
[ 5545894ms] [LOG] [Fast Refresh] done in 121ms @ http://localhost:3000/_next/static/chunks/node_modules_next_dist_f3530cac._.js:2297
[ 5547686ms] [LOG] [cache-update] sid= null poleTags= 0 shapes= 0 @ http://localhost:3000/_next/static/chunks/node_modules_next_dist_f3530cac._.js:2297
[ 5547686ms] [WARNING] [cache-update] skipping save — no sessionId or db @ http://localhost:3000/_next/static/chunks/node_modules_next_dist_f3530cac._.js:2297
[ 5549717ms] [LOG] [cache-update] sid= null poleTags= 0 shapes= 0 @ http://localhost:3000/_next/static/chunks/node_modules_next_dist_f3530cac._.js:2297
[ 5549717ms] [WARNING] [cache-update] skipping save — no sessionId or db @ http://localhost:3000/_next/static/chunks/node_modules_next_dist_f3530cac._.js:2297
[ 5551412ms] [ERROR] Unable to preventDefault inside passive event listener invocation. @ http://localhost:3000/_next/static/chunks/node_modules_next_dist_compiled_react-dom_1e674e59._.js:2325
[ 5551444ms] [ERROR] Unable to preventDefault inside passive event listener invocation. @ http://localhost:3000/_next/static/chunks/node_modules_next_dist_compiled_react-dom_1e674e59._.js:2325
[ 5551752ms] [LOG] [cache-update] sid= null poleTags= 0 shapes= 0 @ http://localhost:3000/_next/static/chunks/node_modules_next_dist_f3530cac._.js:2297
[ 5551752ms] [WARNING] [cache-update] skipping save — no sessionId or db @ http://localhost:3000/_next/static/chunks/node_modules_next_dist_f3530cac._.js:2297
[ 5551775ms] [ERROR] Unable to preventDefault inside passive event listener invocation. @ http://localhost:3000/_next/static/chunks/node_modules_next_dist_compiled_react-dom_1e674e59._.js:2325
[ 5551811ms] [ERROR] Unable to preventDefault inside passive event listener invocation. @ http://localhost:3000/_next/static/chunks/node_modules_next_dist_compiled_react-dom_1e674e59._.js:2325
[ 5554159ms] [LOG] [Fast Refresh] rebuilding @ http://localhost:3000/_next/static/chunks/node_modules_next_dist_f3530cac._.js:2297
[ 5554224ms] [LOG] [Fast Refresh] done in 174ms @ http://localhost:3000/_next/static/chunks/node_modules_next_dist_f3530cac._.js:2297
[ 5554929ms] [LOG] [Fast Refresh] rebuilding @ http://localhost:3000/_next/static/chunks/node_modules_next_dist_f3530cac._.js:2297
[ 5554937ms] [LOG] [Fast Refresh] done in 110ms @ http://localhost:3000/_next/static/chunks/node_modules_next_dist_f3530cac._.js:2297
[ 5555011ms] [LOG] [cache-update] sid= null poleTags= 0 shapes= 18 @ http://localhost:3000/_next/static/chunks/node_modules_next_dist_f3530cac._.js:2297
[ 5555011ms] [WARNING] [cache-update] skipping save — no sessionId or db @ http://localhost:3000/_next/static/chunks/node_modules_next_dist_f3530cac._.js:2297
[ 5557196ms] [LOG] [cache-update] sid= null poleTags= 0 shapes= 0 @ http://localhost:3000/_next/static/chunks/node_modules_next_dist_f3530cac._.js:2297
[ 5557196ms] [WARNING] [cache-update] skipping save — no sessionId or db @ http://localhost:3000/_next/static/chunks/node_modules_next_dist_f3530cac._.js:2297
[ 5559231ms] [LOG] [cache-update] sid= null poleTags= 0 shapes= 0 @ http://localhost:3000/_next/static/chunks/node_modules_next_dist_f3530cac._.js:2297
[ 5559231ms] [WARNING] [cache-update] skipping save — no sessionId or db @ http://localhost:3000/_next/static/chunks/node_modules_next_dist_f3530cac._.js:2297
[ 5560259ms] [ERROR] Unable to preventDefault inside passive event listener invocation. @ http://localhost:3000/_next/static/chunks/node_modules_next_dist_compiled_react-dom_1e674e59._.js:2325
[ 5560312ms] [ERROR] Unable to preventDefault inside passive event listener invocation. @ http://localhost:3000/_next/static/chunks/node_modules_next_dist_compiled_react-dom_1e674e59._.js:2325
[ 5560571ms] [ERROR] Unable to preventDefault inside passive event listener invocation. @ http://localhost:3000/_next/static/chunks/node_modules_next_dist_compiled_react-dom_1e674e59._.js:2325
[ 5560609ms] [ERROR] Unable to preventDefault inside passive event listener invocation. @ http://localhost:3000/_next/static/chunks/node_modules_next_dist_compiled_react-dom_1e674e59._.js:2325
[ 5560797ms] [ERROR] Unable to preventDefault inside passive event listener invocation. @ http://localhost:3000/_next/static/chunks/node_modules_next_dist_compiled_react-dom_1e674e59._.js:2325
[ 5560826ms] [ERROR] Unable to preventDefault inside passive event listener invocation. @ http://localhost:3000/_next/static/chunks/node_modules_next_dist_compiled_react-dom_1e674e59._.js:2325
[ 5560860ms] [ERROR] Unable to preventDefault inside passive event listener invocation. @ http://localhost:3000/_next/static/chunks/node_modules_next_dist_compiled_react-dom_1e674e59._.js:2325
[ 5560877ms] [ERROR] Unable to preventDefault inside passive event listener invocation. @ http://localhost:3000/_next/static/chunks/node_modules_next_dist_compiled_react-dom_1e674e59._.js:2325
[ 5561058ms] [ERROR] Unable to preventDefault inside passive event listener invocation. @ http://localhost:3000/_next/static/chunks/node_modules_next_dist_compiled_react-dom_1e674e59._.js:2325
[ 5561093ms] [ERROR] Unable to preventDefault inside passive event listener invocation. @ http://localhost:3000/_next/static/chunks/node_modules_next_dist_compiled_react-dom_1e674e59._.js:2325
[ 5561126ms] [ERROR] Unable to preventDefault inside passive event listener invocation. @ http://localhost:3000/_next/static/chunks/node_modules_next_dist_compiled_react-dom_1e674e59._.js:2325
[ 5561174ms] [LOG] [Fast Refresh] rebuilding @ http://localhost:3000/_next/static/chunks/node_modules_next_dist_f3530cac._.js:2297
[ 5561182ms] [LOG] [Fast Refresh] done in 109ms @ http://localhost:3000/_next/static/chunks/node_modules_next_dist_f3530cac._.js:2297
[ 5561328ms] [ERROR] Unable to preventDefault inside passive event listener invocation. @ http://localhost:3000/_next/static/chunks/node_modules_next_dist_compiled_react-dom_1e674e59._.js:2325
[ 5561359ms] [ERROR] Unable to preventDefault inside passive event listener invocation. @ http://localhost:3000/_next/static/chunks/node_modules_next_dist_compiled_react-dom_1e674e59._.js:2325
[ 5561393ms] [ERROR] Unable to preventDefault inside passive event listener invocation. @ http://localhost:3000/_next/static/chunks/node_modules_next_dist_compiled_react-dom_1e674e59._.js:2325
[ 5561455ms] [LOG] [cache-update] sid= null poleTags= 0 shapes= 0 @ http://localhost:3000/_next/static/chunks/node_modules_next_dist_f3530cac._.js:2297
[ 5561455ms] [WARNING] [cache-update] skipping save — no sessionId or db @ http://localhost:3000/_next/static/chunks/node_modules_next_dist_f3530cac._.js:2297
[ 5561471ms] [LOG] [Fast Refresh] rebuilding @ http://localhost:3000/_next/static/chunks/node_modules_next_dist_f3530cac._.js:2297
[ 5561489ms] [LOG] [Fast Refresh] done in 120ms @ http://localhost:3000/_next/static/chunks/node_modules_next_dist_f3530cac._.js:2297
[ 5561884ms] [ERROR] Unable to preventDefault inside passive event listener invocation. @ http://localhost:3000/_next/static/chunks/node_modules_next_dist_compiled_react-dom_1e674e59._.js:2325
[ 5561945ms] [ERROR] Unable to preventDefault inside passive event listener invocation. @ http://localhost:3000/_next/static/chunks/node_modules_next_dist_compiled_react-dom_1e674e59._.js:2325
[ 5562193ms] [ERROR] Unable to preventDefault inside passive event listener invocation. @ http://localhost:3000/_next/static/chunks/node_modules_next_dist_compiled_react-dom_1e674e59._.js:2325
[ 5562226ms] [ERROR] Unable to preventDefault inside passive event listener invocation. @ http://localhost:3000/_next/static/chunks/node_modules_next_dist_compiled_react-dom_1e674e59._.js:2325
[ 5562743ms] [ERROR] Unable to preventDefault inside passive event listener invocation. @ http://localhost:3000/_next/static/chunks/node_modules_next_dist_compiled_react-dom_1e674e59._.js:2325
[ 5562776ms] [ERROR] Unable to preventDefault inside passive event listener invocation. @ http://localhost:3000/_next/static/chunks/node_modules_next_dist_compiled_react-dom_1e674e59._.js:2325
[ 5562793ms] [ERROR] Unable to preventDefault inside passive event listener invocation. @ http://localhost:3000/_next/static/chunks/node_modules_next_dist_compiled_react-dom_1e674e59._.js:2325
[ 5562810ms] [ERROR] Unable to preventDefault inside passive event listener invocation. @ http://localhost:3000/_next/static/chunks/node_modules_next_dist_compiled_react-dom_1e674e59._.js:2325
[ 5562852ms] [LOG] [Fast Refresh] rebuilding @ http://localhost:3000/_next/static/chunks/node_modules_next_dist_f3530cac._.js:2297
[ 5562857ms] [LOG] [Fast Refresh] done in 107ms @ http://localhost:3000/_next/static/chunks/node_modules_next_dist_f3530cac._.js:2297
[ 5562993ms] [ERROR] Unable to preventDefault inside passive event listener invocation. @ http://localhost:3000/_next/static/chunks/node_modules_next_dist_compiled_react-dom_1e674e59._.js:2325
[ 5563010ms] [ERROR] Unable to preventDefault inside passive event listener invocation. @ http://localhost:3000/_next/static/chunks/node_modules_next_dist_compiled_react-dom_1e674e59._.js:2325
[ 5563011ms] [ERROR] Unable to preventDefault inside passive event listener invocation. @ http://localhost:3000/_next/static/chunks/node_modules_next_dist_compiled_react-dom_1e674e59._.js:2325
[ 5563026ms] [ERROR] Unable to preventDefault inside passive event listener invocation. @ http://localhost:3000/_next/static/chunks/node_modules_next_dist_compiled_react-dom_1e674e59._.js:2325
[ 5563043ms] [ERROR] Unable to preventDefault inside passive event listener invocation. @ http://localhost:3000/_next/static/chunks/node_modules_next_dist_compiled_react-dom_1e674e59._.js:2325
[ 5563227ms] [ERROR] Unable to preventDefault inside passive event listener invocation. @ http://localhost:3000/_next/static/chunks/node_modules_next_dist_compiled_react-dom_1e674e59._.js:2325
[ 5563244ms] [ERROR] Unable to preventDefault inside passive event listener invocation. @ http://localhost:3000/_next/static/chunks/node_modules_next_dist_compiled_react-dom_1e674e59._.js:2325
[ 5563260ms] [ERROR] Unable to preventDefault inside passive event listener invocation. @ http://localhost:3000/_next/static/chunks/node_modules_next_dist_compiled_react-dom_1e674e59._.js:2325
[ 5563277ms] [ERROR] Unable to preventDefault inside passive event listener invocation. @ http://localhost:3000/_next/static/chunks/node_modules_next_dist_compiled_react-dom_1e674e59._.js:2325
[ 5563293ms] [ERROR] Unable to preventDefault inside passive event listener invocation. @ http://localhost:3000/_next/static/chunks/node_modules_next_dist_compiled_react-dom_1e674e59._.js:2325
[ 5563350ms] [LOG] [Fast Refresh] rebuilding @ http://localhost:3000/_next/static/chunks/node_modules_next_dist_f3530cac._.js:2297
[ 5563350ms] [LOG] [Fast Refresh] done in 107ms @ http://localhost:3000/_next/static/chunks/node_modules_next_dist_f3530cac._.js:2297
[ 5563493ms] [ERROR] Unable to preventDefault inside passive event listener invocation. @ http://localhost:3000/_next/static/chunks/node_modules_next_dist_compiled_react-dom_1e674e59._.js:2325
[ 5563501ms] [LOG] [cache-update] sid= null poleTags= 0 shapes= 0 @ http://localhost:3000/_next/static/chunks/node_modules_next_dist_f3530cac._.js:2297
[ 5563501ms] [WARNING] [cache-update] skipping save — no sessionId or db @ http://localhost:3000/_next/static/chunks/node_modules_next_dist_f3530cac._.js:2297
[ 5563511ms] [ERROR] Unable to preventDefault inside passive event listener invocation. @ http://localhost:3000/_next/static/chunks/node_modules_next_dist_compiled_react-dom_1e674e59._.js:2325
[ 5563533ms] [ERROR] Unable to preventDefault inside passive event listener invocation. @ http://localhost:3000/_next/static/chunks/node_modules_next_dist_compiled_react-dom_1e674e59._.js:2325
[ 5563550ms] [ERROR] Unable to preventDefault inside passive event listener invocation. @ http://localhost:3000/_next/static/chunks/node_modules_next_dist_compiled_react-dom_1e674e59._.js:2325
[ 5563578ms] [LOG] [Fast Refresh] rebuilding @ http://localhost:3000/_next/static/chunks/node_modules_next_dist_f3530cac._.js:2297
[ 5563594ms] [ERROR] Unable to preventDefault inside passive event listener invocation. @ http://localhost:3000/_next/static/chunks/node_modules_next_dist_compiled_react-dom_1e674e59._.js:2325
[ 5563643ms] [LOG] [Fast Refresh] done in 166ms @ http://localhost:3000/_next/static/chunks/node_modules_next_dist_f3530cac._.js:2297
[ 5563840ms] [ERROR] Unable to preventDefault inside passive event listener invocation. @ http://localhost:3000/_next/static/chunks/node_modules_next_dist_compiled_react-dom_1e674e59._.js:2325
[ 5565467ms] [ERROR] Unable to preventDefault inside passive event listener invocation. @ http://localhost:3000/_next/static/chunks/node_modules_next_dist_compiled_react-dom_1e674e59._.js:2325
[ 5565484ms] [ERROR] Unable to preventDefault inside passive event listener invocation. @ http://localhost:3000/_next/static/chunks/node_modules_next_dist_compiled_react-dom_1e674e59._.js:2325
[ 5565519ms] [ERROR] Unable to preventDefault inside passive event listener invocation. @ http://localhost:3000/_next/static/chunks/node_modules_next_dist_compiled_react-dom_1e674e59._.js:2325
[ 5565601ms] [ERROR] Unable to preventDefault inside passive event listener invocation. @ http://localhost:3000/_next/static/chunks/node_modules_next_dist_compiled_react-dom_1e674e59._.js:2325
[ 5565731ms] [ERROR] Unable to preventDefault inside passive event listener invocation. @ http://localhost:3000/_next/static/chunks/node_modules_next_dist_compiled_react-dom_1e674e59._.js:2325
[ 5565762ms] [ERROR] Unable to preventDefault inside passive event listener invocation. @ http://localhost:3000/_next/static/chunks/node_modules_next_dist_compiled_react-dom_1e674e59._.js:2325
[ 5565778ms] [ERROR] Unable to preventDefault inside passive event listener invocation. @ http://localhost:3000/_next/static/chunks/node_modules_next_dist_compiled_react-dom_1e674e59._.js:2325
[ 5565812ms] [ERROR] Unable to preventDefault inside passive event listener invocation. @ http://localhost:3000/_next/static/chunks/node_modules_next_dist_compiled_react-dom_1e674e59._.js:2325
[ 5565850ms] [LOG] [Fast Refresh] rebuilding @ http://localhost:3000/_next/static/chunks/node_modules_next_dist_f3530cac._.js:2297
[ 5565866ms] [LOG] [Fast Refresh] done in 119ms @ http://localhost:3000/_next/static/chunks/node_modules_next_dist_f3530cac._.js:2297
[ 5565984ms] [ERROR] Unable to preventDefault inside passive event listener invocation. @ http://localhost:3000/_next/static/chunks/node_modules_next_dist_compiled_react-dom_1e674e59._.js:2325
[ 5566000ms] [ERROR] Unable to preventDefault inside passive event listener invocation. @ http://localhost:3000/_next/static/chunks/node_modules_next_dist_compiled_react-dom_1e674e59._.js:2325
[ 5566018ms] [ERROR] Unable to preventDefault inside passive event listener invocation. @ http://localhost:3000/_next/static/chunks/node_modules_next_dist_compiled_react-dom_1e674e59._.js:2325
[ 5566045ms] [ERROR] Unable to preventDefault inside passive event listener invocation. @ http://localhost:3000/_next/static/chunks/node_modules_next_dist_compiled_react-dom_1e674e59._.js:2325
[ 5566096ms] [LOG] [Fast Refresh] rebuilding @ http://localhost:3000/_next/static/chunks/node_modules_next_dist_f3530cac._.js:2297
[ 5566097ms] [LOG] [Fast Refresh] done in 108ms @ http://localhost:3000/_next/static/chunks/node_modules_next_dist_f3530cac._.js:2297
[ 5566268ms] [ERROR] Unable to preventDefault inside passive event listener invocation. @ http://localhost:3000/_next/static/chunks/node_modules_next_dist_compiled_react-dom_1e674e59._.js:2325
[ 5566285ms] [ERROR] Unable to preventDefault inside passive event listener invocation. @ http://localhost:3000/_next/static/chunks/node_modules_next_dist_compiled_react-dom_1e674e59._.js:2325
[ 5566312ms] [ERROR] Unable to preventDefault inside passive event listener invocation. @ http://localhost:3000/_next/static/chunks/node_modules_next_dist_compiled_react-dom_1e674e59._.js:2325
[ 5566597ms] [ERROR] Unable to preventDefault inside passive event listener invocation. @ http://localhost:3000/_next/static/chunks/node_modules_next_dist_compiled_react-dom_1e674e59._.js:2325
[ 5566645ms] [ERROR] Unable to preventDefault inside passive event listener invocation. @ http://localhost:3000/_next/static/chunks/node_modules_next_dist_compiled_react-dom_1e674e59._.js:2325
[ 5566695ms] [ERROR] Unable to preventDefault inside passive event listener invocation. @ http://localhost:3000/_next/static/chunks/node_modules_next_dist_compiled_react-dom_1e674e59._.js:2325
[ 5567519ms] [ERROR] Unable to preventDefault inside passive event listener invocation. @ http://localhost:3000/_next/static/chunks/node_modules_next_dist_compiled_react-dom_1e674e59._.js:2325
[ 5567529ms] [ERROR] Unable to preventDefault inside passive event listener invocation. @ http://localhost:3000/_next/static/chunks/node_modules_next_dist_compiled_react-dom_1e674e59._.js:2325
[ 5567596ms] [ERROR] Unable to preventDefault inside passive event listener invocation. @ http://localhost:3000/_next/static/chunks/node_modules_next_dist_compiled_react-dom_1e674e59._.js:2325
[ 5567768ms] [ERROR] Unable to preventDefault inside passive event listener invocation. @ http://localhost:3000/_next/static/chunks/node_modules_next_dist_compiled_react-dom_1e674e59._.js:2325
[ 5567779ms] [ERROR] Unable to preventDefault inside passive event listener invocation. @ http://localhost:3000/_next/static/chunks/node_modules_next_dist_compiled_react-dom_1e674e59._.js:2325
[ 5567802ms] [ERROR] Unable to preventDefault inside passive event listener invocation. @ http://localhost:3000/_next/static/chunks/node_modules_next_dist_compiled_react-dom_1e674e59._.js:2325
[ 5568246ms] [ERROR] Unable to preventDefault inside passive event listener invocation. @ http://localhost:3000/_next/static/chunks/node_modules_next_dist_compiled_react-dom_1e674e59._.js:2325
[ 5568263ms] [ERROR] Unable to preventDefault inside passive event listener invocation. @ http://localhost:3000/_next/static/chunks/node_modules_next_dist_compiled_react-dom_1e674e59._.js:2325
[ 5568313ms] [ERROR] Unable to preventDefault inside passive event listener invocation. @ http://localhost:3000/_next/static/chunks/node_modules_next_dist_compiled_react-dom_1e674e59._.js:2325
[ 5568680ms] [ERROR] Unable to preventDefault inside passive event listener invocation. @ http://localhost:3000/_next/static/chunks/node_modules_next_dist_compiled_react-dom_1e674e59._.js:2325
[ 5568714ms] [ERROR] Unable to preventDefault inside passive event listener invocation. @ http://localhost:3000/_next/static/chunks/node_modules_next_dist_compiled_react-dom_1e674e59._.js:2325
[ 5568763ms] [ERROR] Unable to preventDefault inside passive event listener invocation. @ http://localhost:3000/_next/static/chunks/node_modules_next_dist_compiled_react-dom_1e674e59._.js:2325
[ 5569116ms] [LOG] [cache-update] sid= null poleTags= 0 shapes= 0 @ http://localhost:3000/_next/static/chunks/node_modules_next_dist_f3530cac._.js:2297
[ 5569116ms] [WARNING] [cache-update] skipping save — no sessionId or db @ http://localhost:3000/_next/static/chunks/node_modules_next_dist_f3530cac._.js:2297
[ 5569264ms] [ERROR] Unable to preventDefault inside passive event listener invocation. @ http://localhost:3000/_next/static/chunks/node_modules_next_dist_compiled_react-dom_1e674e59._.js:2325
[ 5569296ms] [ERROR] Unable to preventDefault inside passive event listener invocation. @ http://localhost:3000/_next/static/chunks/node_modules_next_dist_compiled_react-dom_1e674e59._.js:2325
[ 5569363ms] [ERROR] Unable to preventDefault inside passive event listener invocation. @ http://localhost:3000/_next/static/chunks/node_modules_next_dist_compiled_react-dom_1e674e59._.js:2325
[ 5569620ms] [ERROR] Unable to preventDefault inside passive event listener invocation. @ http://localhost:3000/_next/static/chunks/node_modules_next_dist_compiled_react-dom_1e674e59._.js:2325
[ 5569653ms] [ERROR] Unable to preventDefault inside passive event listener invocation. @ http://localhost:3000/_next/static/chunks/node_modules_next_dist_compiled_react-dom_1e674e59._.js:2325
[ 5569680ms] [ERROR] Unable to preventDefault inside passive event listener invocation. @ http://localhost:3000/_next/static/chunks/node_modules_next_dist_compiled_react-dom_1e674e59._.js:2325
[ 5569715ms] [ERROR] Unable to preventDefault inside passive event listener invocation. @ http://localhost:3000/_next/static/chunks/node_modules_next_dist_compiled_react-dom_1e674e59._.js:2325
[ 5570014ms] [ERROR] Unable to preventDefault inside passive event listener invocation. @ http://localhost:3000/_next/static/chunks/node_modules_next_dist_compiled_react-dom_1e674e59._.js:2325
[ 5570037ms] [ERROR] Unable to preventDefault inside passive event listener invocation. @ http://localhost:3000/_next/static/chunks/node_modules_next_dist_compiled_react-dom_1e674e59._.js:2325
[ 5570081ms] [ERROR] Unable to preventDefault inside passive event listener invocation. @ http://localhost:3000/_next/static/chunks/node_modules_next_dist_compiled_react-dom_1e674e59._.js:2325
[ 5570465ms] [ERROR] Unable to preventDefault inside passive event listener invocation. @ http://localhost:3000/_next/static/chunks/node_modules_next_dist_compiled_react-dom_1e674e59._.js:2325
[ 5570531ms] [ERROR] Unable to preventDefault inside passive event listener invocation. @ http://localhost:3000/_next/static/chunks/node_modules_next_dist_compiled_react-dom_1e674e59._.js:2325
[ 5570770ms] [ERROR] Unable to preventDefault inside passive event listener invocation. @ http://localhost:3000/_next/static/chunks/node_modules_next_dist_compiled_react-dom_1e674e59._.js:2325
[ 5570797ms] [ERROR] Unable to preventDefault inside passive event listener invocation. @ http://localhost:3000/_next/static/chunks/node_modules_next_dist_compiled_react-dom_1e674e59._.js:2325
[ 5571253ms] [ERROR] Unable to preventDefault inside passive event listener invocation. @ http://localhost:3000/_next/static/chunks/node_modules_next_dist_compiled_react-dom_1e674e59._.js:2325
[ 5571280ms] [LOG] [cache-update] sid= null poleTags= 0 shapes= 0 @ http://localhost:3000/_next/static/chunks/node_modules_next_dist_f3530cac._.js:2297
[ 5571281ms] [WARNING] [cache-update] skipping save — no sessionId or db @ http://localhost:3000/_next/static/chunks/node_modules_next_dist_f3530cac._.js:2297
[ 5571282ms] [ERROR] Unable to preventDefault inside passive event listener invocation. @ http://localhost:3000/_next/static/chunks/node_modules_next_dist_compiled_react-dom_1e674e59._.js:2325
[ 5571303ms] [ERROR] Unable to preventDefault inside passive event listener invocation. @ http://localhost:3000/_next/static/chunks/node_modules_next_dist_compiled_react-dom_1e674e59._.js:2325
[ 5571337ms] [ERROR] Unable to preventDefault inside passive event listener invocation. @ http://localhost:3000/_next/static/chunks/node_modules_next_dist_compiled_react-dom_1e674e59._.js:2325
[ 5571365ms] [LOG] [Fast Refresh] rebuilding @ http://localhost:3000/_next/static/chunks/node_modules_next_dist_f3530cac._.js:2297
[ 5571428ms] [LOG] [Fast Refresh] done in 168ms @ http://localhost:3000/_next/static/chunks/node_modules_next_dist_f3530cac._.js:2297
[ 5573320ms] [LOG] [cache-update] sid= null poleTags= 2 shapes= 0 @ http://localhost:3000/_next/static/chunks/node_modules_next_dist_f3530cac._.js:2297
[ 5573321ms] [WARNING] [cache-update] skipping save — no sessionId or db @ http://localhost:3000/_next/static/chunks/node_modules_next_dist_f3530cac._.js:2297
[ 5575360ms] [LOG] [cache-update] sid= null poleTags= 8 shapes= 0 @ http://localhost:3000/_next/static/chunks/node_modules_next_dist_f3530cac._.js:2297
[ 5575361ms] [WARNING] [cache-update] skipping save — no sessionId or db @ http://localhost:3000/_next/static/chunks/node_modules_next_dist_f3530cac._.js:2297
[ 5580108ms] [ERROR] Unable to preventDefault inside passive event listener invocation. @ http://localhost:3000/_next/static/chunks/node_modules_next_dist_compiled_react-dom_1e674e59._.js:2325
[ 5580121ms] [ERROR] Unable to preventDefault inside passive event listener invocation. @ http://localhost:3000/_next/static/chunks/node_modules_next_dist_compiled_react-dom_1e674e59._.js:2325
[ 5580224ms] [ERROR] Unable to preventDefault inside passive event listener invocation. @ http://localhost:3000/_next/static/chunks/node_modules_next_dist_compiled_react-dom_1e674e59._.js:2325
[ 5580387ms] [ERROR] Unable to preventDefault inside passive event listener invocation. @ http://localhost:3000/_next/static/chunks/node_modules_next_dist_compiled_react-dom_1e674e59._.js:2325
[ 5580419ms] [ERROR] Unable to preventDefault inside passive event listener invocation. @ http://localhost:3000/_next/static/chunks/node_modules_next_dist_compiled_react-dom_1e674e59._.js:2325
[ 5580458ms] [ERROR] Unable to preventDefault inside passive event listener invocation. @ http://localhost:3000/_next/static/chunks/node_modules_next_dist_compiled_react-dom_1e674e59._.js:2325
[ 5580479ms] [LOG] [cache-update] sid= null poleTags= 16 shapes= 0 @ http://localhost:3000/_next/static/chunks/node_modules_next_dist_f3530cac._.js:2297
[ 5580479ms] [WARNING] [cache-update] skipping save — no sessionId or db @ http://localhost:3000/_next/static/chunks/node_modules_next_dist_f3530cac._.js:2297
[ 5580620ms] [ERROR] Unable to preventDefault inside passive event listener invocation. @ http://localhost:3000/_next/static/chunks/node_modules_next_dist_compiled_react-dom_1e674e59._.js:2325
[ 5580635ms] [ERROR] Unable to preventDefault inside passive event listener invocation. @ http://localhost:3000/_next/static/chunks/node_modules_next_dist_compiled_react-dom_1e674e59._.js:2325
[ 5580652ms] [ERROR] Unable to preventDefault inside passive event listener invocation. @ http://localhost:3000/_next/static/chunks/node_modules_next_dist_compiled_react-dom_1e674e59._.js:2325
[ 5580669ms] [ERROR] Unable to preventDefault inside passive event listener invocation. @ http://localhost:3000/_next/static/chunks/node_modules_next_dist_compiled_react-dom_1e674e59._.js:2325
[ 5580835ms] [ERROR] Unable to preventDefault inside passive event listener invocation. @ http://localhost:3000/_next/static/chunks/node_modules_next_dist_compiled_react-dom_1e674e59._.js:2325
[ 5580852ms] [ERROR] Unable to preventDefault inside passive event listener invocation. @ http://localhost:3000/_next/static/chunks/node_modules_next_dist_compiled_react-dom_1e674e59._.js:2325
[ 5580869ms] [ERROR] Unable to preventDefault inside passive event listener invocation. @ http://localhost:3000/_next/static/chunks/node_modules_next_dist_compiled_react-dom_1e674e59._.js:2325
[ 5580886ms] [ERROR] Unable to preventDefault inside passive event listener invocation. @ http://localhost:3000/_next/static/chunks/node_modules_next_dist_compiled_react-dom_1e674e59._.js:2325
[ 5580918ms] [ERROR] Unable to preventDefault inside passive event listener invocation. @ http://localhost:3000/_next/static/chunks/node_modules_next_dist_compiled_react-dom_1e674e59._.js:2325
[ 5581055ms] [ERROR] Unable to preventDefault inside passive event listener invocation. @ http://localhost:3000/_next/static/chunks/node_modules_next_dist_compiled_react-dom_1e674e59._.js:2325
[ 5581074ms] [ERROR] Unable to preventDefault inside passive event listener invocation. @ http://localhost:3000/_next/static/chunks/node_modules_next_dist_compiled_react-dom_1e674e59._.js:2325
[ 5581091ms] [ERROR] Unable to preventDefault inside passive event listener invocation. @ http://localhost:3000/_next/static/chunks/node_modules_next_dist_compiled_react-dom_1e674e59._.js:2325
[ 5581119ms] [ERROR] Unable to preventDefault inside passive event listener invocation. @ http://localhost:3000/_next/static/chunks/node_modules_next_dist_compiled_react-dom_1e674e59._.js:2325
[ 5582544ms] [LOG] [cache-update] sid= null poleTags= 21 shapes= 0 @ http://localhost:3000/_next/static/chunks/node_modules_next_dist_f3530cac._.js:2297
[ 5582545ms] [WARNING] [cache-update] skipping save — no sessionId or db @ http://localhost:3000/_next/static/chunks/node_modules_next_dist_f3530cac._.js:2297
[ 5582560ms] [ERROR] Unable to preventDefault inside passive event listener invocation. @ http://localhost:3000/_next/static/chunks/node_modules_next_dist_compiled_react-dom_1e674e59._.js:2325
[ 5582608ms] [ERROR] Unable to preventDefault inside passive event listener invocation. @ http://localhost:3000/_next/static/chunks/node_modules_next_dist_compiled_react-dom_1e674e59._.js:2325
[ 5582636ms] [ERROR] Unable to preventDefault inside passive event listener invocation. @ http://localhost:3000/_next/static/chunks/node_modules_next_dist_compiled_react-dom_1e674e59._.js:2325
[ 5582998ms] [ERROR] Unable to preventDefault inside passive event listener invocation. @ http://localhost:3000/_next/static/chunks/node_modules_next_dist_compiled_react-dom_1e674e59._.js:2325
[ 5583019ms] [ERROR] Unable to preventDefault inside passive event listener invocation. @ http://localhost:3000/_next/static/chunks/node_modules_next_dist_compiled_react-dom_1e674e59._.js:2325
[ 5584618ms] [LOG] [cache-update] sid= null poleTags= 26 shapes= 0 @ http://localhost:3000/_next/static/chunks/node_modules_next_dist_f3530cac._.js:2297
[ 5584618ms] [WARNING] [cache-update] skipping save — no sessionId or db @ http://localhost:3000/_next/static/chunks/node_modules_next_dist_f3530cac._.js:2297
[ 5584710ms] [ERROR] Unable to preventDefault inside passive event listener invocation. @ http://localhost:3000/_next/static/chunks/node_modules_next_dist_compiled_react-dom_1e674e59._.js:2325
[ 5584726ms] [ERROR] Unable to preventDefault inside passive event listener invocation. @ http://localhost:3000/_next/static/chunks/node_modules_next_dist_compiled_react-dom_1e674e59._.js:2325
[ 5586460ms] [ERROR] Unable to preventDefault inside passive event listener invocation. @ http://localhost:3000/_next/static/chunks/node_modules_next_dist_compiled_react-dom_1e674e59._.js:2325
[ 5586472ms] [ERROR] Unable to preventDefault inside passive event listener invocation. @ http://localhost:3000/_next/static/chunks/node_modules_next_dist_compiled_react-dom_1e674e59._.js:2325
[ 5586518ms] [ERROR] Unable to preventDefault inside passive event listener invocation. @ http://localhost:3000/_next/static/chunks/node_modules_next_dist_compiled_react-dom_1e674e59._.js:2325
[ 5586520ms] [ERROR] Unable to preventDefault inside passive event listener invocation. @ http://localhost:3000/_next/static/chunks/node_modules_next_dist_compiled_react-dom_1e674e59._.js:2325
[ 5586704ms] [LOG] [cache-update] sid= null poleTags= 31 shapes= 0 @ http://localhost:3000/_next/static/chunks/node_modules_next_dist_f3530cac._.js:2297
[ 5586704ms] [WARNING] [cache-update] skipping save — no sessionId or db @ http://localhost:3000/_next/static/chunks/node_modules_next_dist_f3530cac._.js:2297
[ 5586741ms] [ERROR] Unable to preventDefault inside passive event listener invocation. @ http://localhost:3000/_next/static/chunks/node_modules_next_dist_compiled_react-dom_1e674e59._.js:2325
[ 5586760ms] [ERROR] Unable to preventDefault inside passive event listener invocation. @ http://localhost:3000/_next/static/chunks/node_modules_next_dist_compiled_react-dom_1e674e59._.js:2325
[ 5586788ms] [ERROR] Unable to preventDefault inside passive event listener invocation. @ http://localhost:3000/_next/static/chunks/node_modules_next_dist_compiled_react-dom_1e674e59._.js:2325
[ 5586810ms] [ERROR] Unable to preventDefault inside passive event listener invocation. @ http://localhost:3000/_next/static/chunks/node_modules_next_dist_compiled_react-dom_1e674e59._.js:2325
[ 5586836ms] [LOG] [Fast Refresh] rebuilding @ http://localhost:3000/_next/static/chunks/node_modules_next_dist_f3530cac._.js:2297
[ 5586897ms] [LOG] [Fast Refresh] done in 167ms @ http://localhost:3000/_next/static/chunks/node_modules_next_dist_f3530cac._.js:2297
[ 5587011ms] [ERROR] Unable to preventDefault inside passive event listener invocation. @ http://localhost:3000/_next/static/chunks/node_modules_next_dist_compiled_react-dom_1e674e59._.js:2325
[ 5587021ms] [ERROR] Unable to preventDefault inside passive event listener invocation. @ http://localhost:3000/_next/static/chunks/node_modules_next_dist_compiled_react-dom_1e674e59._.js:2325
[ 5587038ms] [ERROR] Unable to preventDefault inside passive event listener invocation. @ http://localhost:3000/_next/static/chunks/node_modules_next_dist_compiled_react-dom_1e674e59._.js:2325
[ 5587055ms] [ERROR] Unable to preventDefault inside passive event listener invocation. @ http://localhost:3000/_next/static/chunks/node_modules_next_dist_compiled_react-dom_1e674e59._.js:2325
[ 5587244ms] [ERROR] Unable to preventDefault inside passive event listener invocation. @ http://localhost:3000/_next/static/chunks/node_modules_next_dist_compiled_react-dom_1e674e59._.js:2325
[ 5587255ms] [ERROR] Unable to preventDefault inside passive event listener invocation. @ http://localhost:3000/_next/static/chunks/node_modules_next_dist_compiled_react-dom_1e674e59._.js:2325
[ 5587271ms] [ERROR] Unable to preventDefault inside passive event listener invocation. @ http://localhost:3000/_next/static/chunks/node_modules_next_dist_compiled_react-dom_1e674e59._.js:2325
[ 5587288ms] [ERROR] Unable to preventDefault inside passive event listener invocation. @ http://localhost:3000/_next/static/chunks/node_modules_next_dist_compiled_react-dom_1e674e59._.js:2325
[ 5587305ms] [ERROR] Unable to preventDefault inside passive event listener invocation. @ http://localhost:3000/_next/static/chunks/node_modules_next_dist_compiled_react-dom_1e674e59._.js:2325
[ 5587358ms] [LOG] [Fast Refresh] rebuilding @ http://localhost:3000/_next/static/chunks/node_modules_next_dist_f3530cac._.js:2297
[ 5587359ms] [LOG] [Fast Refresh] done in 108ms @ http://localhost:3000/_next/static/chunks/node_modules_next_dist_f3530cac._.js:2297
[ 5587492ms] [ERROR] Unable to preventDefault inside passive event listener invocation. @ http://localhost:3000/_next/static/chunks/node_modules_next_dist_compiled_react-dom_1e674e59._.js:2325
[ 5587524ms] [ERROR] Unable to preventDefault inside passive event listener invocation. @ http://localhost:3000/_next/static/chunks/node_modules_next_dist_compiled_react-dom_1e674e59._.js:2325
[ 5587544ms] [ERROR] Unable to preventDefault inside passive event listener invocation. @ http://localhost:3000/_next/static/chunks/node_modules_next_dist_compiled_react-dom_1e674e59._.js:2325
[ 5588612ms] [ERROR] Unable to preventDefault inside passive event listener invocation. @ http://localhost:3000/_next/static/chunks/node_modules_next_dist_compiled_react-dom_1e674e59._.js:2325
[ 5588769ms] [LOG] [cache-update] sid= null poleTags= 36 shapes= 0 @ http://localhost:3000/_next/static/chunks/node_modules_next_dist_f3530cac._.js:2297
[ 5588769ms] [WARNING] [cache-update] skipping save — no sessionId or db @ http://localhost:3000/_next/static/chunks/node_modules_next_dist_f3530cac._.js:2297
[ 5588781ms] [ERROR] Unable to preventDefault inside passive event listener invocation. @ http://localhost:3000/_next/static/chunks/node_modules_next_dist_compiled_react-dom_1e674e59._.js:2325
[ 5588806ms] [ERROR] Unable to preventDefault inside passive event listener invocation. @ http://localhost:3000/_next/static/chunks/node_modules_next_dist_compiled_react-dom_1e674e59._.js:2325
[ 5588824ms] [ERROR] Unable to preventDefault inside passive event listener invocation. @ http://localhost:3000/_next/static/chunks/node_modules_next_dist_compiled_react-dom_1e674e59._.js:2325
[ 5588878ms] [ERROR] Unable to preventDefault inside passive event listener invocation. @ http://localhost:3000/_next/static/chunks/node_modules_next_dist_compiled_react-dom_1e674e59._.js:2325
[ 5588971ms] [LOG] [cache-update] sid= null poleTags= 39 shapes= 0 @ http://localhost:3000/_next/static/chunks/node_modules_next_dist_f3530cac._.js:2297
[ 5588971ms] [WARNING] [cache-update] skipping save — no sessionId or db @ http://localhost:3000/_next/static/chunks/node_modules_next_dist_f3530cac._.js:2297
[ 5589039ms] [ERROR] Unable to preventDefault inside passive event listener invocation. @ http://localhost:3000/_next/static/chunks/node_modules_next_dist_compiled_react-dom_1e674e59._.js:2325
[ 5589055ms] [ERROR] Unable to preventDefault inside passive event listener invocation. @ http://localhost:3000/_next/static/chunks/node_modules_next_dist_compiled_react-dom_1e674e59._.js:2325
[ 5589072ms] [ERROR] Unable to preventDefault inside passive event listener invocation. @ http://localhost:3000/_next/static/chunks/node_modules_next_dist_compiled_react-dom_1e674e59._.js:2325
[ 5589106ms] [ERROR] Unable to preventDefault inside passive event listener invocation. @ http://localhost:3000/_next/static/chunks/node_modules_next_dist_compiled_react-dom_1e674e59._.js:2325
[ 5589264ms] [ERROR] Unable to preventDefault inside passive event listener invocation. @ http://localhost:3000/_next/static/chunks/node_modules_next_dist_compiled_react-dom_1e674e59._.js:2325
[ 5589289ms] [ERROR] Unable to preventDefault inside passive event listener invocation. @ http://localhost:3000/_next/static/chunks/node_modules_next_dist_compiled_react-dom_1e674e59._.js:2325
[ 5589305ms] [ERROR] Unable to preventDefault inside passive event listener invocation. @ http://localhost:3000/_next/static/chunks/node_modules_next_dist_compiled_react-dom_1e674e59._.js:2325
[ 5589355ms] [ERROR] Unable to preventDefault inside passive event listener invocation. @ http://localhost:3000/_next/static/chunks/node_modules_next_dist_compiled_react-dom_1e674e59._.js:2325
[ 5589504ms] [ERROR] Unable to preventDefault inside passive event listener invocation. @ http://localhost:3000/_next/static/chunks/node_modules_next_dist_compiled_react-dom_1e674e59._.js:2325
[ 5589539ms] [ERROR] Unable to preventDefault inside passive event listener invocation. @ http://localhost:3000/_next/static/chunks/node_modules_next_dist_compiled_react-dom_1e674e59._.js:2325
[ 5589572ms] [ERROR] Unable to preventDefault inside passive event listener invocation. @ http://localhost:3000/_next/static/chunks/node_modules_next_dist_compiled_react-dom_1e674e59._.js:2325
[ 5589626ms] [LOG] [Fast Refresh] rebuilding @ http://localhost:3000/_next/static/chunks/node_modules_next_dist_f3530cac._.js:2297
[ 5589631ms] [LOG] [Fast Refresh] done in 107ms @ http://localhost:3000/_next/static/chunks/node_modules_next_dist_f3530cac._.js:2297
[ 5590848ms] [LOG] [cache-update] sid= null poleTags= 39 shapes= 0 @ http://localhost:3000/_next/static/chunks/node_modules_next_dist_f3530cac._.js:2297
[ 5590848ms] [WARNING] [cache-update] skipping save — no sessionId or db @ http://localhost:3000/_next/static/chunks/node_modules_next_dist_f3530cac._.js:2297
[ 5592407ms] [ERROR] Unable to preventDefault inside passive event listener invocation. @ http://localhost:3000/_next/static/chunks/node_modules_next_dist_compiled_react-dom_1e674e59._.js:2325
[ 5592466ms] [ERROR] Unable to preventDefault inside passive event listener invocation. @ http://localhost:3000/_next/static/chunks/node_modules_next_dist_compiled_react-dom_1e674e59._.js:2325
[ 5592765ms] [ERROR] Unable to preventDefault inside passive event listener invocation. @ http://localhost:3000/_next/static/chunks/node_modules_next_dist_compiled_react-dom_1e674e59._.js:2325
[ 5592790ms] [ERROR] Unable to preventDefault inside passive event listener invocation. @ http://localhost:3000/_next/static/chunks/node_modules_next_dist_compiled_react-dom_1e674e59._.js:2325
[ 5592823ms] [ERROR] Unable to preventDefault inside passive event listener invocation. @ http://localhost:3000/_next/static/chunks/node_modules_next_dist_compiled_react-dom_1e674e59._.js:2325
[ 5592857ms] [ERROR] Unable to preventDefault inside passive event listener invocation. @ http://localhost:3000/_next/static/chunks/node_modules_next_dist_compiled_react-dom_1e674e59._.js:2325
[ 5595909ms] [ERROR] Unable to preventDefault inside passive event listener invocation. @ http://localhost:3000/_next/static/chunks/node_modules_next_dist_compiled_react-dom_1e674e59._.js:2325
[ 5595942ms] [ERROR] Unable to preventDefault inside passive event listener invocation. @ http://localhost:3000/_next/static/chunks/node_modules_next_dist_compiled_react-dom_1e674e59._.js:2325
[ 5595975ms] [ERROR] Unable to preventDefault inside passive event listener invocation. @ http://localhost:3000/_next/static/chunks/node_modules_next_dist_compiled_react-dom_1e674e59._.js:2325
[ 5596162ms] [ERROR] Unable to preventDefault inside passive event listener invocation. @ http://localhost:3000/_next/static/chunks/node_modules_next_dist_compiled_react-dom_1e674e59._.js:2325
[ 5596194ms] [ERROR] Unable to preventDefault inside passive event listener invocation. @ http://localhost:3000/_next/static/chunks/node_modules_next_dist_compiled_react-dom_1e674e59._.js:2325
[ 5599727ms] [ERROR] Unable to preventDefault inside passive event listener invocation. @ http://localhost:3000/_next/static/chunks/node_modules_next_dist_compiled_react-dom_1e674e59._.js:2325
[ 5599744ms] [ERROR] Unable to preventDefault inside passive event listener invocation. @ http://localhost:3000/_next/static/chunks/node_modules_next_dist_compiled_react-dom_1e674e59._.js:2325
[ 5599760ms] [ERROR] Unable to preventDefault inside passive event listener invocation. @ http://localhost:3000/_next/static/chunks/node_modules_next_dist_compiled_react-dom_1e674e59._.js:2325
[ 5599777ms] [ERROR] Unable to preventDefault inside passive event listener invocation. @ http://localhost:3000/_next/static/chunks/node_modules_next_dist_compiled_react-dom_1e674e59._.js:2325
[ 5599793ms] [ERROR] Unable to preventDefault inside passive event listener invocation. @ http://localhost:3000/_next/static/chunks/node_modules_next_dist_compiled_react-dom_1e674e59._.js:2325
[ 5599842ms] [LOG] [Fast Refresh] rebuilding @ http://localhost:3000/_next/static/chunks/node_modules_next_dist_f3530cac._.js:2297
[ 5599858ms] [LOG] [Fast Refresh] done in 122ms @ http://localhost:3000/_next/static/chunks/node_modules_next_dist_f3530cac._.js:2297
[ 5600036ms] [ERROR] Unable to preventDefault inside passive event listener invocation. @ http://localhost:3000/_next/static/chunks/node_modules_next_dist_compiled_react-dom_1e674e59._.js:2325
[ 5602728ms] [ERROR] Unable to preventDefault inside passive event listener invocation. @ http://localhost:3000/_next/static/chunks/node_modules_next_dist_compiled_react-dom_1e674e59._.js:2325
[ 5602729ms] [ERROR] Unable to preventDefault inside passive event listener invocation. @ http://localhost:3000/_next/static/chunks/node_modules_next_dist_compiled_react-dom_1e674e59._.js:2325
[ 5602778ms] [ERROR] Unable to preventDefault inside passive event listener invocation. @ http://localhost:3000/_next/static/chunks/node_modules_next_dist_compiled_react-dom_1e674e59._.js:2325
[ 5609915ms] [ERROR] Unable to preventDefault inside passive event listener invocation. @ http://localhost:3000/_next/static/chunks/node_modules_next_dist_compiled_react-dom_1e674e59._.js:2325
[ 5609948ms] [ERROR] Unable to preventDefault inside passive event listener invocation. @ http://localhost:3000/_next/static/chunks/node_modules_next_dist_compiled_react-dom_1e674e59._.js:2325
[ 5610250ms] [ERROR] Unable to preventDefault inside passive event listener invocation. @ http://localhost:3000/_next/static/chunks/node_modules_next_dist_compiled_react-dom_1e674e59._.js:2325
[ 5610298ms] [ERROR] Unable to preventDefault inside passive event listener invocation. @ http://localhost:3000/_next/static/chunks/node_modules_next_dist_compiled_react-dom_1e674e59._.js:2325
[ 5610315ms] [ERROR] Unable to preventDefault inside passive event listener invocation. @ http://localhost:3000/_next/static/chunks/node_modules_next_dist_compiled_react-dom_1e674e59._.js:2325
[ 5610668ms] [ERROR] Unable to preventDefault inside passive event listener invocation. @ http://localhost:3000/_next/static/chunks/node_modules_next_dist_compiled_react-dom_1e674e59._.js:2325
[ 5610715ms] [ERROR] Unable to preventDefault inside passive event listener invocation. @ http://localhost:3000/_next/static/chunks/node_modules_next_dist_compiled_react-dom_1e674e59._.js:2325
[ 5754048ms] [ERROR] Unable to preventDefault inside passive event listener invocation. @ http://localhost:3000/_next/static/chunks/node_modules_next_dist_compiled_react-dom_1e674e59._.js:2325
[ 5754070ms] [ERROR] Unable to preventDefault inside passive event listener invocation. @ http://localhost:3000/_next/static/chunks/node_modules_next_dist_compiled_react-dom_1e674e59._.js:2325
[ 5754071ms] [ERROR] Unable to preventDefault inside passive event listener invocation. @ http://localhost:3000/_next/static/chunks/node_modules_next_dist_compiled_react-dom_1e674e59._.js:2325
[ 5754098ms] [ERROR] Unable to preventDefault inside passive event listener invocation. @ http://localhost:3000/_next/static/chunks/node_modules_next_dist_compiled_react-dom_1e674e59._.js:2325
[ 5754102ms] [ERROR] Unable to preventDefault inside passive event listener invocation. @ http://localhost:3000/_next/static/chunks/node_modules_next_dist_compiled_react-dom_1e674e59._.js:2325
[ 5754293ms] [ERROR] Unable to preventDefault inside passive event listener invocation. @ http://localhost:3000/_next/static/chunks/node_modules_next_dist_compiled_react-dom_1e674e59._.js:2325
[ 5754315ms] [ERROR] Unable to preventDefault inside passive event listener invocation. @ http://localhost:3000/_next/static/chunks/node_modules_next_dist_compiled_react-dom_1e674e59._.js:2325
[ 5754331ms] [ERROR] Unable to preventDefault inside passive event listener invocation. @ http://localhost:3000/_next/static/chunks/node_modules_next_dist_compiled_react-dom_1e674e59._.js:2325
[ 5754365ms] [ERROR] Unable to preventDefault inside passive event listener invocation. @ http://localhost:3000/_next/static/chunks/node_modules_next_dist_compiled_react-dom_1e674e59._.js:2325
[ 5754410ms] [LOG] [Fast Refresh] rebuilding @ http://localhost:3000/_next/static/chunks/node_modules_next_dist_f3530cac._.js:2297
[ 5754417ms] [LOG] [Fast Refresh] done in 109ms @ http://localhost:3000/_next/static/chunks/node_modules_next_dist_f3530cac._.js:2297
[ 5754515ms] [ERROR] Unable to preventDefault inside passive event listener invocation. @ http://localhost:3000/_next/static/chunks/node_modules_next_dist_compiled_react-dom_1e674e59._.js:2325
[ 5754547ms] [ERROR] Unable to preventDefault inside passive event listener invocation. @ http://localhost:3000/_next/static/chunks/node_modules_next_dist_compiled_react-dom_1e674e59._.js:2325
[ 5754581ms] [ERROR] Unable to preventDefault inside passive event listener invocation. @ http://localhost:3000/_next/static/chunks/node_modules_next_dist_compiled_react-dom_1e674e59._.js:2325
[ 5754737ms] [ERROR] Unable to preventDefault inside passive event listener invocation. @ http://localhost:3000/_next/static/chunks/node_modules_next_dist_compiled_react-dom_1e674e59._.js:2325
[ 5754764ms] [ERROR] Unable to preventDefault inside passive event listener invocation. @ http://localhost:3000/_next/static/chunks/node_modules_next_dist_compiled_react-dom_1e674e59._.js:2325
[ 5754781ms] [ERROR] Unable to preventDefault inside passive event listener invocation. @ http://localhost:3000/_next/static/chunks/node_modules_next_dist_compiled_react-dom_1e674e59._.js:2325
[ 5754798ms] [ERROR] Unable to preventDefault inside passive event listener invocation. @ http://localhost:3000/_next/static/chunks/node_modules_next_dist_compiled_react-dom_1e674e59._.js:2325
[ 5754981ms] [ERROR] Unable to preventDefault inside passive event listener invocation. @ http://localhost:3000/_next/static/chunks/node_modules_next_dist_compiled_react-dom_1e674e59._.js:2325
[ 5754997ms] [ERROR] Unable to preventDefault inside passive event listener invocation. @ http://localhost:3000/_next/static/chunks/node_modules_next_dist_compiled_react-dom_1e674e59._.js:2325
[ 5755014ms] [ERROR] Unable to preventDefault inside passive event listener invocation. @ http://localhost:3000/_next/static/chunks/node_modules_next_dist_compiled_react-dom_1e674e59._.js:2325
[ 5755048ms] [ERROR] Unable to preventDefault inside passive event listener invocation. @ http://localhost:3000/_next/static/chunks/node_modules_next_dist_compiled_react-dom_1e674e59._.js:2325
[ 5756375ms] [ERROR] Unable to preventDefault inside passive event listener invocation. @ http://localhost:3000/_next/static/chunks/node_modules_next_dist_compiled_react-dom_1e674e59._.js:2325
[ 5759617ms] [ERROR] Unable to preventDefault inside passive event listener invocation. @ http://localhost:3000/_next/static/chunks/node_modules_next_dist_compiled_react-dom_1e674e59._.js:2325
[ 5759649ms] [ERROR] Unable to preventDefault inside passive event listener invocation. @ http://localhost:3000/_next/static/chunks/node_modules_next_dist_compiled_react-dom_1e674e59._.js:2325
[ 5759698ms] [ERROR] Unable to preventDefault inside passive event listener invocation. @ http://localhost:3000/_next/static/chunks/node_modules_next_dist_compiled_react-dom_1e674e59._.js:2325
[ 5759869ms] [ERROR] Unable to preventDefault inside passive event listener invocation. @ http://localhost:3000/_next/static/chunks/node_modules_next_dist_compiled_react-dom_1e674e59._.js:2325
[ 5759900ms] [ERROR] Unable to preventDefault inside passive event listener invocation. @ http://localhost:3000/_next/static/chunks/node_modules_next_dist_compiled_react-dom_1e674e59._.js:2325
[ 5759917ms] [ERROR] Unable to preventDefault inside passive event listener invocation. @ http://localhost:3000/_next/static/chunks/node_modules_next_dist_compiled_react-dom_1e674e59._.js:2325
[ 5762534ms] [ERROR] Unable to preventDefault inside passive event listener invocation. @ http://localhost:3000/_next/static/chunks/node_modules_next_dist_compiled_react-dom_1e674e59._.js:2325
[ 5762568ms] [ERROR] Unable to preventDefault inside passive event listener invocation. @ http://localhost:3000/_next/static/chunks/node_modules_next_dist_compiled_react-dom_1e674e59._.js:2325
[ 5762601ms] [ERROR] Unable to preventDefault inside passive event listener invocation. @ http://localhost:3000/_next/static/chunks/node_modules_next_dist_compiled_react-dom_1e674e59._.js:2325
[ 5784494ms] [ERROR] Unable to preventDefault inside passive event listener invocation. @ http://localhost:3000/_next/static/chunks/node_modules_next_dist_compiled_react-dom_1e674e59._.js:2325
[ 5784544ms] [ERROR] Unable to preventDefault inside passive event listener invocation. @ http://localhost:3000/_next/static/chunks/node_modules_next_dist_compiled_react-dom_1e674e59._.js:2325
[ 5784823ms] [ERROR] Unable to preventDefault inside passive event listener invocation. @ http://localhost:3000/_next/static/chunks/node_modules_next_dist_compiled_react-dom_1e674e59._.js:2325
[ 5784896ms] [ERROR] Unable to preventDefault inside passive event listener invocation. @ http://localhost:3000/_next/static/chunks/node_modules_next_dist_compiled_react-dom_1e674e59._.js:2325
[ 5785662ms] [ERROR] Unable to preventDefault inside passive event listener invocation. @ http://localhost:3000/_next/static/chunks/node_modules_next_dist_compiled_react-dom_1e674e59._.js:2325
[ 5785716ms] [ERROR] Unable to preventDefault inside passive event listener invocation. @ http://localhost:3000/_next/static/chunks/node_modules_next_dist_compiled_react-dom_1e674e59._.js:2325
[ 5789697ms] [ERROR] Unable to preventDefault inside passive event listener invocation. @ http://localhost:3000/_next/static/chunks/node_modules_next_dist_compiled_react-dom_1e674e59._.js:2325
[ 5789715ms] [ERROR] Unable to preventDefault inside passive event listener invocation. @ http://localhost:3000/_next/static/chunks/node_modules_next_dist_compiled_react-dom_1e674e59._.js:2325
[ 5789730ms] [ERROR] Unable to preventDefault inside passive event listener invocation. @ http://localhost:3000/_next/static/chunks/node_modules_next_dist_compiled_react-dom_1e674e59._.js:2325
[ 5789752ms] [ERROR] Unable to preventDefault inside passive event listener invocation. @ http://localhost:3000/_next/static/chunks/node_modules_next_dist_compiled_react-dom_1e674e59._.js:2325
[ 5789920ms] [ERROR] Unable to preventDefault inside passive event listener invocation. @ http://localhost:3000/_next/static/chunks/node_modules_next_dist_compiled_react-dom_1e674e59._.js:2325
[ 5789947ms] [ERROR] Unable to preventDefault inside passive event listener invocation. @ http://localhost:3000/_next/static/chunks/node_modules_next_dist_compiled_react-dom_1e674e59._.js:2325
[ 5789964ms] [ERROR] Unable to preventDefault inside passive event listener invocation. @ http://localhost:3000/_next/static/chunks/node_modules_next_dist_compiled_react-dom_1e674e59._.js:2325
[ 5789997ms] [ERROR] Unable to preventDefault inside passive event listener invocation. @ http://localhost:3000/_next/static/chunks/node_modules_next_dist_compiled_react-dom_1e674e59._.js:2325
[ 5790147ms] [ERROR] Unable to preventDefault inside passive event listener invocation. @ http://localhost:3000/_next/static/chunks/node_modules_next_dist_compiled_react-dom_1e674e59._.js:2325
[ 5790181ms] [ERROR] Unable to preventDefault inside passive event listener invocation. @ http://localhost:3000/_next/static/chunks/node_modules_next_dist_compiled_react-dom_1e674e59._.js:2325
[ 5790197ms] [ERROR] Unable to preventDefault inside passive event listener invocation. @ http://localhost:3000/_next/static/chunks/node_modules_next_dist_compiled_react-dom_1e674e59._.js:2325
[ 5790378ms] [ERROR] Unable to preventDefault inside passive event listener invocation. @ http://localhost:3000/_next/static/chunks/node_modules_next_dist_compiled_react-dom_1e674e59._.js:2325
[ 5790397ms] [ERROR] Unable to preventDefault inside passive event listener invocation. @ http://localhost:3000/_next/static/chunks/node_modules_next_dist_compiled_react-dom_1e674e59._.js:2325
[ 5790414ms] [ERROR] Unable to preventDefault inside passive event listener invocation. @ http://localhost:3000/_next/static/chunks/node_modules_next_dist_compiled_react-dom_1e674e59._.js:2325
[ 5790432ms] [ERROR] Unable to preventDefault inside passive event listener invocation. @ http://localhost:3000/_next/static/chunks/node_modules_next_dist_compiled_react-dom_1e674e59._.js:2325
[ 5790606ms] [ERROR] Unable to preventDefault inside passive event listener invocation. @ http://localhost:3000/_next/static/chunks/node_modules_next_dist_compiled_react-dom_1e674e59._.js:2325
[ 5790632ms] [ERROR] Unable to preventDefault inside passive event listener invocation. @ http://localhost:3000/_next/static/chunks/node_modules_next_dist_compiled_react-dom_1e674e59._.js:2325
[ 5790647ms] [ERROR] Unable to preventDefault inside passive event listener invocation. @ http://localhost:3000/_next/static/chunks/node_modules_next_dist_compiled_react-dom_1e674e59._.js:2325
[ 5790664ms] [ERROR] Unable to preventDefault inside passive event listener invocation. @ http://localhost:3000/_next/static/chunks/node_modules_next_dist_compiled_react-dom_1e674e59._.js:2325
[ 5790680ms] [ERROR] Unable to preventDefault inside passive event listener invocation. @ http://localhost:3000/_next/static/chunks/node_modules_next_dist_compiled_react-dom_1e674e59._.js:2325
[ 5790833ms] [ERROR] Unable to preventDefault inside passive event listener invocation. @ http://localhost:3000/_next/static/chunks/node_modules_next_dist_compiled_react-dom_1e674e59._.js:2325
[ 5790864ms] [ERROR] Unable to preventDefault inside passive event listener invocation. @ http://localhost:3000/_next/static/chunks/node_modules_next_dist_compiled_react-dom_1e674e59._.js:2325
[ 5790881ms] [ERROR] Unable to preventDefault inside passive event listener invocation. @ http://localhost:3000/_next/static/chunks/node_modules_next_dist_compiled_react-dom_1e674e59._.js:2325
[ 5791041ms] [ERROR] Unable to preventDefault inside passive event listener invocation. @ http://localhost:3000/_next/static/chunks/node_modules_next_dist_compiled_react-dom_1e674e59._.js:2325
[ 5791064ms] [ERROR] Unable to preventDefault inside passive event listener invocation. @ http://localhost:3000/_next/static/chunks/node_modules_next_dist_compiled_react-dom_1e674e59._.js:2325
[ 5791080ms] [ERROR] Unable to preventDefault inside passive event listener invocation. @ http://localhost:3000/_next/static/chunks/node_modules_next_dist_compiled_react-dom_1e674e59._.js:2325
[ 5791097ms] [ERROR] Unable to preventDefault inside passive event listener invocation. @ http://localhost:3000/_next/static/chunks/node_modules_next_dist_compiled_react-dom_1e674e59._.js:2325
[ 5791114ms] [ERROR] Unable to preventDefault inside passive event listener invocation. @ http://localhost:3000/_next/static/chunks/node_modules_next_dist_compiled_react-dom_1e674e59._.js:2325
[ 5791124ms] [LOG] [Fast Refresh] rebuilding @ http://localhost:3000/_next/static/chunks/node_modules_next_dist_f3530cac._.js:2297
[ 5791185ms] [LOG] [Fast Refresh] done in 165ms @ http://localhost:3000/_next/static/chunks/node_modules_next_dist_f3530cac._.js:2297
[ 5792281ms] [ERROR] Unable to preventDefault inside passive event listener invocation. @ http://localhost:3000/_next/static/chunks/node_modules_next_dist_compiled_react-dom_1e674e59._.js:2325
[ 5793561ms] [ERROR] Unable to preventDefault inside passive event listener invocation. @ http://localhost:3000/_next/static/chunks/node_modules_next_dist_compiled_react-dom_1e674e59._.js:2325
[ 5793582ms] [ERROR] Unable to preventDefault inside passive event listener invocation. @ http://localhost:3000/_next/static/chunks/node_modules_next_dist_compiled_react-dom_1e674e59._.js:2325
[ 5793615ms] [ERROR] Unable to preventDefault inside passive event listener invocation. @ http://localhost:3000/_next/static/chunks/node_modules_next_dist_compiled_react-dom_1e674e59._.js:2325
[ 5793632ms] [ERROR] Unable to preventDefault inside passive event listener invocation. @ http://localhost:3000/_next/static/chunks/node_modules_next_dist_compiled_react-dom_1e674e59._.js:2325
[ 5793666ms] [ERROR] Unable to preventDefault inside passive event listener invocation. @ http://localhost:3000/_next/static/chunks/node_modules_next_dist_compiled_react-dom_1e674e59._.js:2325
[ 5793670ms] [LOG] [Fast Refresh] rebuilding @ http://localhost:3000/_next/static/chunks/node_modules_next_dist_f3530cac._.js:2297
[ 5793722ms] [LOG] [Fast Refresh] done in 154ms @ http://localhost:3000/_next/static/chunks/node_modules_next_dist_f3530cac._.js:2297
[ 5794934ms] [ERROR] Unable to preventDefault inside passive event listener invocation. @ http://localhost:3000/_next/static/chunks/node_modules_next_dist_compiled_react-dom_1e674e59._.js:2325
[ 5794966ms] [ERROR] Unable to preventDefault inside passive event listener invocation. @ http://localhost:3000/_next/static/chunks/node_modules_next_dist_compiled_react-dom_1e674e59._.js:2325
[ 5795015ms] [ERROR] Unable to preventDefault inside passive event listener invocation. @ http://localhost:3000/_next/static/chunks/node_modules_next_dist_compiled_react-dom_1e674e59._.js:2325
[ 5795187ms] [ERROR] Unable to preventDefault inside passive event listener invocation. @ http://localhost:3000/_next/static/chunks/node_modules_next_dist_compiled_react-dom_1e674e59._.js:2325
[ 5795233ms] [ERROR] Unable to preventDefault inside passive event listener invocation. @ http://localhost:3000/_next/static/chunks/node_modules_next_dist_compiled_react-dom_1e674e59._.js:2325
[ 5795299ms] [ERROR] Unable to preventDefault inside passive event listener invocation. @ http://localhost:3000/_next/static/chunks/node_modules_next_dist_compiled_react-dom_1e674e59._.js:2325
[ 5795435ms] [ERROR] Unable to preventDefault inside passive event listener invocation. @ http://localhost:3000/_next/static/chunks/node_modules_next_dist_compiled_react-dom_1e674e59._.js:2325
[ 5795466ms] [ERROR] Unable to preventDefault inside passive event listener invocation. @ http://localhost:3000/_next/static/chunks/node_modules_next_dist_compiled_react-dom_1e674e59._.js:2325
[ 5795499ms] [ERROR] Unable to preventDefault inside passive event listener invocation. @ http://localhost:3000/_next/static/chunks/node_modules_next_dist_compiled_react-dom_1e674e59._.js:2325
[ 5795550ms] [LOG] [Fast Refresh] rebuilding @ http://localhost:3000/_next/static/chunks/node_modules_next_dist_f3530cac._.js:2297
[ 5795551ms] [LOG] [Fast Refresh] done in 106ms @ http://localhost:3000/_next/static/chunks/node_modules_next_dist_f3530cac._.js:2297
[ 5795879ms] [ERROR] Unable to preventDefault inside passive event listener invocation. @ http://localhost:3000/_next/static/chunks/node_modules_next_dist_compiled_react-dom_1e674e59._.js:2325
[ 5795899ms] [ERROR] Unable to preventDefault inside passive event listener invocation. @ http://localhost:3000/_next/static/chunks/node_modules_next_dist_compiled_react-dom_1e674e59._.js:2325
[ 5795916ms] [ERROR] Unable to preventDefault inside passive event listener invocation. @ http://localhost:3000/_next/static/chunks/node_modules_next_dist_compiled_react-dom_1e674e59._.js:2325
[ 5795933ms] [ERROR] Unable to preventDefault inside passive event listener invocation. @ http://localhost:3000/_next/static/chunks/node_modules_next_dist_compiled_react-dom_1e674e59._.js:2325
[ 5796122ms] [ERROR] Unable to preventDefault inside passive event listener invocation. @ http://localhost:3000/_next/static/chunks/node_modules_next_dist_compiled_react-dom_1e674e59._.js:2325
[ 5796150ms] [ERROR] Unable to preventDefault inside passive event listener invocation. @ http://localhost:3000/_next/static/chunks/node_modules_next_dist_compiled_react-dom_1e674e59._.js:2325
[ 5796156ms] [ERROR] Unable to preventDefault inside passive event listener invocation. @ http://localhost:3000/_next/static/chunks/node_modules_next_dist_compiled_react-dom_1e674e59._.js:2325
[ 5796166ms] [ERROR] Unable to preventDefault inside passive event listener invocation. @ http://localhost:3000/_next/static/chunks/node_modules_next_dist_compiled_react-dom_1e674e59._.js:2325
[ 5796183ms] [ERROR] Unable to preventDefault inside passive event listener invocation. @ http://localhost:3000/_next/static/chunks/node_modules_next_dist_compiled_react-dom_1e674e59._.js:2325
[ 5796246ms] [LOG] [Fast Refresh] rebuilding @ http://localhost:3000/_next/static/chunks/node_modules_next_dist_f3530cac._.js:2297
[ 5796246ms] [LOG] [Fast Refresh] done in 107ms @ http://localhost:3000/_next/static/chunks/node_modules_next_dist_f3530cac._.js:2297
[ 5855197ms] [LOG] [Fast Refresh] rebuilding @ http://localhost:3000/_next/static/chunks/node_modules_next_dist_f3530cac._.js:2297
[ 5855308ms] [LOG] [Fast Refresh] done in 223ms @ http://localhost:3000/_next/static/chunks/node_modules_next_dist_f3530cac._.js:2297
[ 5940900ms] [ERROR] Unable to preventDefault inside passive event listener invocation. @ http://localhost:3000/_next/static/chunks/node_modules_next_dist_compiled_react-dom_1e674e59._.js:2325
[ 5940922ms] [ERROR] Unable to preventDefault inside passive event listener invocation. @ http://localhost:3000/_next/static/chunks/node_modules_next_dist_compiled_react-dom_1e674e59._.js:2325
[ 5940983ms] [ERROR] Unable to preventDefault inside passive event listener invocation. @ http://localhost:3000/_next/static/chunks/node_modules_next_dist_compiled_react-dom_1e674e59._.js:2325
[ 5941183ms] [ERROR] Unable to preventDefault inside passive event listener invocation. @ http://localhost:3000/_next/static/chunks/node_modules_next_dist_compiled_react-dom_1e674e59._.js:2325
[ 5941218ms] [ERROR] Unable to preventDefault inside passive event listener invocation. @ http://localhost:3000/_next/static/chunks/node_modules_next_dist_compiled_react-dom_1e674e59._.js:2325
[ 5941250ms] [ERROR] Unable to preventDefault inside passive event listener invocation. @ http://localhost:3000/_next/static/chunks/node_modules_next_dist_compiled_react-dom_1e674e59._.js:2325
[ 5941305ms] [LOG] [Fast Refresh] rebuilding @ http://localhost:3000/_next/static/chunks/node_modules_next_dist_f3530cac._.js:2297
[ 5941306ms] [LOG] [Fast Refresh] done in 106ms @ http://localhost:3000/_next/static/chunks/node_modules_next_dist_f3530cac._.js:2297
[ 5941783ms] [ERROR] Unable to preventDefault inside passive event listener invocation. @ http://localhost:3000/_next/static/chunks/node_modules_next_dist_compiled_react-dom_1e674e59._.js:2325
[ 5941784ms] [ERROR] Unable to preventDefault inside passive event listener invocation. @ http://localhost:3000/_next/static/chunks/node_modules_next_dist_compiled_react-dom_1e674e59._.js:2325
[ 5941800ms] [ERROR] Unable to preventDefault inside passive event listener invocation. @ http://localhost:3000/_next/static/chunks/node_modules_next_dist_compiled_react-dom_1e674e59._.js:2325
[ 5941833ms] [ERROR] Unable to preventDefault inside passive event listener invocation. @ http://localhost:3000/_next/static/chunks/node_modules_next_dist_compiled_react-dom_1e674e59._.js:2325
[ 5942120ms] [ERROR] Unable to preventDefault inside passive event listener invocation. @ http://localhost:3000/_next/static/chunks/node_modules_next_dist_compiled_react-dom_1e674e59._.js:2325
[ 5942150ms] [ERROR] Unable to preventDefault inside passive event listener invocation. @ http://localhost:3000/_next/static/chunks/node_modules_next_dist_compiled_react-dom_1e674e59._.js:2325
[ 5942167ms] [ERROR] Unable to preventDefault inside passive event listener invocation. @ http://localhost:3000/_next/static/chunks/node_modules_next_dist_compiled_react-dom_1e674e59._.js:2325
[ 5942183ms] [ERROR] Unable to preventDefault inside passive event listener invocation. @ http://localhost:3000/_next/static/chunks/node_modules_next_dist_compiled_react-dom_1e674e59._.js:2325
[ 5944852ms] [ERROR] Unable to preventDefault inside passive event listener invocation. @ http://localhost:3000/_next/static/chunks/node_modules_next_dist_compiled_react-dom_1e674e59._.js:2325
[ 5944886ms] [ERROR] Unable to preventDefault inside passive event listener invocation. @ http://localhost:3000/_next/static/chunks/node_modules_next_dist_compiled_react-dom_1e674e59._.js:2325
[ 5944918ms] [ERROR] Unable to preventDefault inside passive event listener invocation. @ http://localhost:3000/_next/static/chunks/node_modules_next_dist_compiled_react-dom_1e674e59._.js:2325
[ 5944952ms] [ERROR] Unable to preventDefault inside passive event listener invocation. @ http://localhost:3000/_next/static/chunks/node_modules_next_dist_compiled_react-dom_1e674e59._.js:2325
[ 5945124ms] [ERROR] Unable to preventDefault inside passive event listener invocation. @ http://localhost:3000/_next/static/chunks/node_modules_next_dist_compiled_react-dom_1e674e59._.js:2325
[ 5945148ms] [ERROR] Unable to preventDefault inside passive event listener invocation. @ http://localhost:3000/_next/static/chunks/node_modules_next_dist_compiled_react-dom_1e674e59._.js:2325
[ 5945184ms] [ERROR] Unable to preventDefault inside passive event listener invocation. @ http://localhost:3000/_next/static/chunks/node_modules_next_dist_compiled_react-dom_1e674e59._.js:2325
[ 5945344ms] [ERROR] Unable to preventDefault inside passive event listener invocation. @ http://localhost:3000/_next/static/chunks/node_modules_next_dist_compiled_react-dom_1e674e59._.js:2325
[ 5945368ms] [ERROR] Unable to preventDefault inside passive event listener invocation. @ http://localhost:3000/_next/static/chunks/node_modules_next_dist_compiled_react-dom_1e674e59._.js:2325
[ 5945386ms] [ERROR] Unable to preventDefault inside passive event listener invocation. @ http://localhost:3000/_next/static/chunks/node_modules_next_dist_compiled_react-dom_1e674e59._.js:2325
[ 5945402ms] [ERROR] Unable to preventDefault inside passive event listener invocation. @ http://localhost:3000/_next/static/chunks/node_modules_next_dist_compiled_react-dom_1e674e59._.js:2325
[ 5945455ms] [LOG] [Fast Refresh] rebuilding @ http://localhost:3000/_next/static/chunks/node_modules_next_dist_f3530cac._.js:2297
[ 5945456ms] [LOG] [Fast Refresh] done in 104ms @ http://localhost:3000/_next/static/chunks/node_modules_next_dist_f3530cac._.js:2297
[ 5945665ms] [ERROR] Unable to preventDefault inside passive event listener invocation. @ http://localhost:3000/_next/static/chunks/node_modules_next_dist_compiled_react-dom_1e674e59._.js:2325
[ 5945686ms] [ERROR] Unable to preventDefault inside passive event listener invocation. @ http://localhost:3000/_next/static/chunks/node_modules_next_dist_compiled_react-dom_1e674e59._.js:2325
[ 5945701ms] [ERROR] Unable to preventDefault inside passive event listener invocation. @ http://localhost:3000/_next/static/chunks/node_modules_next_dist_compiled_react-dom_1e674e59._.js:2325
[ 5945718ms] [ERROR] Unable to preventDefault inside passive event listener invocation. @ http://localhost:3000/_next/static/chunks/node_modules_next_dist_compiled_react-dom_1e674e59._.js:2325
[ 5945778ms] [LOG] [Fast Refresh] rebuilding @ http://localhost:3000/_next/static/chunks/node_modules_next_dist_f3530cac._.js:2297
[ 5945782ms] [LOG] [Fast Refresh] done in 106ms @ http://localhost:3000/_next/static/chunks/node_modules_next_dist_f3530cac._.js:2297
[ 5949153ms] [ERROR] Unable to preventDefault inside passive event listener invocation. @ http://localhost:3000/_next/static/chunks/node_modules_next_dist_compiled_react-dom_1e674e59._.js:2325
[ 5949186ms] [ERROR] Unable to preventDefault inside passive event listener invocation. @ http://localhost:3000/_next/static/chunks/node_modules_next_dist_compiled_react-dom_1e674e59._.js:2325
[ 5949237ms] [ERROR] Unable to preventDefault inside passive event listener invocation. @ http://localhost:3000/_next/static/chunks/node_modules_next_dist_compiled_react-dom_1e674e59._.js:2325
[ 5949670ms] [ERROR] Unable to preventDefault inside passive event listener invocation. @ http://localhost:3000/_next/static/chunks/node_modules_next_dist_compiled_react-dom_1e674e59._.js:2325
[ 5949703ms] [ERROR] Unable to preventDefault inside passive event listener invocation. @ http://localhost:3000/_next/static/chunks/node_modules_next_dist_compiled_react-dom_1e674e59._.js:2325
[ 5949931ms] [ERROR] Unable to preventDefault inside passive event listener invocation. @ http://localhost:3000/_next/static/chunks/node_modules_next_dist_compiled_react-dom_1e674e59._.js:2325
[ 5949954ms] [ERROR] Unable to preventDefault inside passive event listener invocation. @ http://localhost:3000/_next/static/chunks/node_modules_next_dist_compiled_react-dom_1e674e59._.js:2325
[ 5949976ms] [ERROR] Unable to preventDefault inside passive event listener invocation. @ http://localhost:3000/_next/static/chunks/node_modules_next_dist_compiled_react-dom_1e674e59._.js:2325
[ 5950165ms] [ERROR] Unable to preventDefault inside passive event listener invocation. @ http://localhost:3000/_next/static/chunks/node_modules_next_dist_compiled_react-dom_1e674e59._.js:2325
[ 5950204ms] [ERROR] Unable to preventDefault inside passive event listener invocation. @ http://localhost:3000/_next/static/chunks/node_modules_next_dist_compiled_react-dom_1e674e59._.js:2325
[ 5950238ms] [ERROR] Unable to preventDefault inside passive event listener invocation. @ http://localhost:3000/_next/static/chunks/node_modules_next_dist_compiled_react-dom_1e674e59._.js:2325
[ 5950244ms] [ERROR] Unable to preventDefault inside passive event listener invocation. @ http://localhost:3000/_next/static/chunks/node_modules_next_dist_compiled_react-dom_1e674e59._.js:2325
[ 5950419ms] [ERROR] Unable to preventDefault inside passive event listener invocation. @ http://localhost:3000/_next/static/chunks/node_modules_next_dist_compiled_react-dom_1e674e59._.js:2325
[ 5950454ms] [ERROR] Unable to preventDefault inside passive event listener invocation. @ http://localhost:3000/_next/static/chunks/node_modules_next_dist_compiled_react-dom_1e674e59._.js:2325
[ 5950471ms] [ERROR] Unable to preventDefault inside passive event listener invocation. @ http://localhost:3000/_next/static/chunks/node_modules_next_dist_compiled_react-dom_1e674e59._.js:2325
[ 5950504ms] [ERROR] Unable to preventDefault inside passive event listener invocation. @ http://localhost:3000/_next/static/chunks/node_modules_next_dist_compiled_react-dom_1e674e59._.js:2325
[ 5950666ms] [ERROR] Unable to preventDefault inside passive event listener invocation. @ http://localhost:3000/_next/static/chunks/node_modules_next_dist_compiled_react-dom_1e674e59._.js:2325
[ 5950687ms] [ERROR] Unable to preventDefault inside passive event listener invocation. @ http://localhost:3000/_next/static/chunks/node_modules_next_dist_compiled_react-dom_1e674e59._.js:2325
[ 5950706ms] [ERROR] Unable to preventDefault inside passive event listener invocation. @ http://localhost:3000/_next/static/chunks/node_modules_next_dist_compiled_react-dom_1e674e59._.js:2325
[ 5950740ms] [ERROR] Unable to preventDefault inside passive event listener invocation. @ http://localhost:3000/_next/static/chunks/node_modules_next_dist_compiled_react-dom_1e674e59._.js:2325
[ 5950920ms] [ERROR] Unable to preventDefault inside passive event listener invocation. @ http://localhost:3000/_next/static/chunks/node_modules_next_dist_compiled_react-dom_1e674e59._.js:2325
[ 5950937ms] [ERROR] Unable to preventDefault inside passive event listener invocation. @ http://localhost:3000/_next/static/chunks/node_modules_next_dist_compiled_react-dom_1e674e59._.js:2325
[ 5950954ms] [ERROR] Unable to preventDefault inside passive event listener invocation. @ http://localhost:3000/_next/static/chunks/node_modules_next_dist_compiled_react-dom_1e674e59._.js:2325
[ 5951326ms] [ERROR] Unable to preventDefault inside passive event listener invocation. @ http://localhost:3000/_next/static/chunks/node_modules_next_dist_compiled_react-dom_1e674e59._.js:2325
[ 5951355ms] [ERROR] Unable to preventDefault inside passive event listener invocation. @ http://localhost:3000/_next/static/chunks/node_modules_next_dist_compiled_react-dom_1e674e59._.js:2325
[ 5951371ms] [ERROR] Unable to preventDefault inside passive event listener invocation. @ http://localhost:3000/_next/static/chunks/node_modules_next_dist_compiled_react-dom_1e674e59._.js:2325
[ 5951572ms] [ERROR] Unable to preventDefault inside passive event listener invocation. @ http://localhost:3000/_next/static/chunks/node_modules_next_dist_compiled_react-dom_1e674e59._.js:2325
[ 5951604ms] [ERROR] Unable to preventDefault inside passive event listener invocation. @ http://localhost:3000/_next/static/chunks/node_modules_next_dist_compiled_react-dom_1e674e59._.js:2325
[ 5951621ms] [ERROR] Unable to preventDefault inside passive event listener invocation. @ http://localhost:3000/_next/static/chunks/node_modules_next_dist_compiled_react-dom_1e674e59._.js:2325
[ 5951654ms] [ERROR] Unable to preventDefault inside passive event listener invocation. @ http://localhost:3000/_next/static/chunks/node_modules_next_dist_compiled_react-dom_1e674e59._.js:2325
[ 5951983ms] [ERROR] Unable to preventDefault inside passive event listener invocation. @ http://localhost:3000/_next/static/chunks/node_modules_next_dist_compiled_react-dom_1e674e59._.js:2325
[ 5952004ms] [ERROR] Unable to preventDefault inside passive event listener invocation. @ http://localhost:3000/_next/static/chunks/node_modules_next_dist_compiled_react-dom_1e674e59._.js:2325
[ 5952021ms] [ERROR] Unable to preventDefault inside passive event listener invocation. @ http://localhost:3000/_next/static/chunks/node_modules_next_dist_compiled_react-dom_1e674e59._.js:2325
[ 5952038ms] [ERROR] Unable to preventDefault inside passive event listener invocation. @ http://localhost:3000/_next/static/chunks/node_modules_next_dist_compiled_react-dom_1e674e59._.js:2325
[ 5952054ms] [ERROR] Unable to preventDefault inside passive event listener invocation. @ http://localhost:3000/_next/static/chunks/node_modules_next_dist_compiled_react-dom_1e674e59._.js:2325
[ 5952108ms] [LOG] [Fast Refresh] rebuilding @ http://localhost:3000/_next/static/chunks/node_modules_next_dist_f3530cac._.js:2297
[ 5952109ms] [LOG] [Fast Refresh] done in 108ms @ http://localhost:3000/_next/static/chunks/node_modules_next_dist_f3530cac._.js:2297
[ 5952250ms] [ERROR] Unable to preventDefault inside passive event listener invocation. @ http://localhost:3000/_next/static/chunks/node_modules_next_dist_compiled_react-dom_1e674e59._.js:2325
[ 5952289ms] [ERROR] Unable to preventDefault inside passive event listener invocation. @ http://localhost:3000/_next/static/chunks/node_modules_next_dist_compiled_react-dom_1e674e59._.js:2325
[ 5952304ms] [ERROR] Unable to preventDefault inside passive event listener invocation. @ http://localhost:3000/_next/static/chunks/node_modules_next_dist_compiled_react-dom_1e674e59._.js:2325
[ 5954892ms] [ERROR] Unable to preventDefault inside passive event listener invocation. @ http://localhost:3000/_next/static/chunks/node_modules_next_dist_compiled_react-dom_1e674e59._.js:2325
[ 5954907ms] [ERROR] Unable to preventDefault inside passive event listener invocation. @ http://localhost:3000/_next/static/chunks/node_modules_next_dist_compiled_react-dom_1e674e59._.js:2325
[ 5954927ms] [ERROR] Unable to preventDefault inside passive event listener invocation. @ http://localhost:3000/_next/static/chunks/node_modules_next_dist_compiled_react-dom_1e674e59._.js:2325
[ 5954940ms] [ERROR] Unable to preventDefault inside passive event listener invocation. @ http://localhost:3000/_next/static/chunks/node_modules_next_dist_compiled_react-dom_1e674e59._.js:2325
[ 5954974ms] [ERROR] Unable to preventDefault inside passive event listener invocation. @ http://localhost:3000/_next/static/chunks/node_modules_next_dist_compiled_react-dom_1e674e59._.js:2325
[ 5955026ms] [LOG] [Fast Refresh] rebuilding @ http://localhost:3000/_next/static/chunks/node_modules_next_dist_f3530cac._.js:2297
[ 5955047ms] [LOG] [Fast Refresh] done in 128ms @ http://localhost:3000/_next/static/chunks/node_modules_next_dist_f3530cac._.js:2297
[ 5955124ms] [ERROR] Unable to preventDefault inside passive event listener invocation. @ http://localhost:3000/_next/static/chunks/node_modules_next_dist_compiled_react-dom_1e674e59._.js:2325
[ 5955160ms] [ERROR] Unable to preventDefault inside passive event listener invocation. @ http://localhost:3000/_next/static/chunks/node_modules_next_dist_compiled_react-dom_1e674e59._.js:2325
[ 5955173ms] [ERROR] Unable to preventDefault inside passive event listener invocation. @ http://localhost:3000/_next/static/chunks/node_modules_next_dist_compiled_react-dom_1e674e59._.js:2325
[ 5955206ms] [ERROR] Unable to preventDefault inside passive event listener invocation. @ http://localhost:3000/_next/static/chunks/node_modules_next_dist_compiled_react-dom_1e674e59._.js:2325
[ 5955370ms] [ERROR] Unable to preventDefault inside passive event listener invocation. @ http://localhost:3000/_next/static/chunks/node_modules_next_dist_compiled_react-dom_1e674e59._.js:2325
[ 5955390ms] [ERROR] Unable to preventDefault inside passive event listener invocation. @ http://localhost:3000/_next/static/chunks/node_modules_next_dist_compiled_react-dom_1e674e59._.js:2325
[ 5955407ms] [ERROR] Unable to preventDefault inside passive event listener invocation. @ http://localhost:3000/_next/static/chunks/node_modules_next_dist_compiled_react-dom_1e674e59._.js:2325
[ 5955424ms] [ERROR] Unable to preventDefault inside passive event listener invocation. @ http://localhost:3000/_next/static/chunks/node_modules_next_dist_compiled_react-dom_1e674e59._.js:2325
[ 5955440ms] [ERROR] Unable to preventDefault inside passive event listener invocation. @ http://localhost:3000/_next/static/chunks/node_modules_next_dist_compiled_react-dom_1e674e59._.js:2325
[ 5955646ms] [ERROR] Unable to preventDefault inside passive event listener invocation. @ http://localhost:3000/_next/static/chunks/node_modules_next_dist_compiled_react-dom_1e674e59._.js:2325
[ 5955657ms] [ERROR] Unable to preventDefault inside passive event listener invocation. @ http://localhost:3000/_next/static/chunks/node_modules_next_dist_compiled_react-dom_1e674e59._.js:2325
[ 5955674ms] [ERROR] Unable to preventDefault inside passive event listener invocation. @ http://localhost:3000/_next/static/chunks/node_modules_next_dist_compiled_react-dom_1e674e59._.js:2325
[ 5955690ms] [ERROR] Unable to preventDefault inside passive event listener invocation. @ http://localhost:3000/_next/static/chunks/node_modules_next_dist_compiled_react-dom_1e674e59._.js:2325
[ 5955883ms] [ERROR] Unable to preventDefault inside passive event listener invocation. @ http://localhost:3000/_next/static/chunks/node_modules_next_dist_compiled_react-dom_1e674e59._.js:2325
[ 5955907ms] [ERROR] Unable to preventDefault inside passive event listener invocation. @ http://localhost:3000/_next/static/chunks/node_modules_next_dist_compiled_react-dom_1e674e59._.js:2325
[ 5955923ms] [ERROR] Unable to preventDefault inside passive event listener invocation. @ http://localhost:3000/_next/static/chunks/node_modules_next_dist_compiled_react-dom_1e674e59._.js:2325
[ 5955957ms] [ERROR] Unable to preventDefault inside passive event listener invocation. @ http://localhost:3000/_next/static/chunks/node_modules_next_dist_compiled_react-dom_1e674e59._.js:2325
[ 5956175ms] [ERROR] Unable to preventDefault inside passive event listener invocation. @ http://localhost:3000/_next/static/chunks/node_modules_next_dist_compiled_react-dom_1e674e59._.js:2325
[ 5956208ms] [ERROR] Unable to preventDefault inside passive event listener invocation. @ http://localhost:3000/_next/static/chunks/node_modules_next_dist_compiled_react-dom_1e674e59._.js:2325
[ 5956223ms] [ERROR] Unable to preventDefault inside passive event listener invocation. @ http://localhost:3000/_next/static/chunks/node_modules_next_dist_compiled_react-dom_1e674e59._.js:2325
[ 5956240ms] [ERROR] Unable to preventDefault inside passive event listener invocation. @ http://localhost:3000/_next/static/chunks/node_modules_next_dist_compiled_react-dom_1e674e59._.js:2325
[ 5956286ms] [ERROR] Unable to preventDefault inside passive event listener invocation. @ http://localhost:3000/_next/static/chunks/node_modules_next_dist_compiled_react-dom_1e674e59._.js:2325
[ 5956444ms] [ERROR] Unable to preventDefault inside passive event listener invocation. @ http://localhost:3000/_next/static/chunks/node_modules_next_dist_compiled_react-dom_1e674e59._.js:2325
[ 5956463ms] [ERROR] Unable to preventDefault inside passive event listener invocation. @ http://localhost:3000/_next/static/chunks/node_modules_next_dist_compiled_react-dom_1e674e59._.js:2325
[ 5956480ms] [ERROR] Unable to preventDefault inside passive event listener invocation. @ http://localhost:3000/_next/static/chunks/node_modules_next_dist_compiled_react-dom_1e674e59._.js:2325
[ 5956515ms] [ERROR] Unable to preventDefault inside passive event listener invocation. @ http://localhost:3000/_next/static/chunks/node_modules_next_dist_compiled_react-dom_1e674e59._.js:2325
[ 5956763ms] [ERROR] Unable to preventDefault inside passive event listener invocation. @ http://localhost:3000/_next/static/chunks/node_modules_next_dist_compiled_react-dom_1e674e59._.js:2325
[ 5956774ms] [ERROR] Unable to preventDefault inside passive event listener invocation. @ http://localhost:3000/_next/static/chunks/node_modules_next_dist_compiled_react-dom_1e674e59._.js:2325
[ 5956791ms] [ERROR] Unable to preventDefault inside passive event listener invocation. @ http://localhost:3000/_next/static/chunks/node_modules_next_dist_compiled_react-dom_1e674e59._.js:2325
[ 5956840ms] [ERROR] Unable to preventDefault inside passive event listener invocation. @ http://localhost:3000/_next/static/chunks/node_modules_next_dist_compiled_react-dom_1e674e59._.js:2325
[ 5957364ms] [ERROR] Unable to preventDefault inside passive event listener invocation. @ http://localhost:3000/_next/static/chunks/node_modules_next_dist_compiled_react-dom_1e674e59._.js:2325
[ 5957398ms] [ERROR] Unable to preventDefault inside passive event listener invocation. @ http://localhost:3000/_next/static/chunks/node_modules_next_dist_compiled_react-dom_1e674e59._.js:2325
[ 5957413ms] [ERROR] Unable to preventDefault inside passive event listener invocation. @ http://localhost:3000/_next/static/chunks/node_modules_next_dist_compiled_react-dom_1e674e59._.js:2325
[ 5958780ms] [ERROR] Unable to preventDefault inside passive event listener invocation. @ http://localhost:3000/_next/static/chunks/node_modules_next_dist_compiled_react-dom_1e674e59._.js:2325
[ 5958859ms] [ERROR] Unable to preventDefault inside passive event listener invocation. @ http://localhost:3000/_next/static/chunks/node_modules_next_dist_compiled_react-dom_1e674e59._.js:2325
[ 5961876ms] [ERROR] Unable to preventDefault inside passive event listener invocation. @ http://localhost:3000/_next/static/chunks/node_modules_next_dist_compiled_react-dom_1e674e59._.js:2325
[ 5961910ms] [ERROR] Unable to preventDefault inside passive event listener invocation. @ http://localhost:3000/_next/static/chunks/node_modules_next_dist_compiled_react-dom_1e674e59._.js:2325
[ 5997175ms] [ERROR] Unable to preventDefault inside passive event listener invocation. @ http://localhost:3000/_next/static/chunks/node_modules_next_dist_compiled_react-dom_1e674e59._.js:2325
[ 5997208ms] [ERROR] Unable to preventDefault inside passive event listener invocation. @ http://localhost:3000/_next/static/chunks/node_modules_next_dist_compiled_react-dom_1e674e59._.js:2325
[ 5997486ms] [ERROR] Unable to preventDefault inside passive event listener invocation. @ http://localhost:3000/_next/static/chunks/node_modules_next_dist_compiled_react-dom_1e674e59._.js:2325
[ 5997508ms] [ERROR] Unable to preventDefault inside passive event listener invocation. @ http://localhost:3000/_next/static/chunks/node_modules_next_dist_compiled_react-dom_1e674e59._.js:2325
[ 5997541ms] [ERROR] Unable to preventDefault inside passive event listener invocation. @ http://localhost:3000/_next/static/chunks/node_modules_next_dist_compiled_react-dom_1e674e59._.js:2325
[ 5997547ms] [ERROR] Unable to preventDefault inside passive event listener invocation. @ http://localhost:3000/_next/static/chunks/node_modules_next_dist_compiled_react-dom_1e674e59._.js:2325
[ 5997735ms] [ERROR] Unable to preventDefault inside passive event listener invocation. @ http://localhost:3000/_next/static/chunks/node_modules_next_dist_compiled_react-dom_1e674e59._.js:2325
[ 5997759ms] [ERROR] Unable to preventDefault inside passive event listener invocation. @ http://localhost:3000/_next/static/chunks/node_modules_next_dist_compiled_react-dom_1e674e59._.js:2325
[ 5997775ms] [ERROR] Unable to preventDefault inside passive event listener invocation. @ http://localhost:3000/_next/static/chunks/node_modules_next_dist_compiled_react-dom_1e674e59._.js:2325
[ 5997792ms] [ERROR] Unable to preventDefault inside passive event listener invocation. @ http://localhost:3000/_next/static/chunks/node_modules_next_dist_compiled_react-dom_1e674e59._.js:2325
[ 5997984ms] [ERROR] Unable to preventDefault inside passive event listener invocation. @ http://localhost:3000/_next/static/chunks/node_modules_next_dist_compiled_react-dom_1e674e59._.js:2325
[ 5998009ms] [ERROR] Unable to preventDefault inside passive event listener invocation. @ http://localhost:3000/_next/static/chunks/node_modules_next_dist_compiled_react-dom_1e674e59._.js:2325
[ 5998025ms] [ERROR] Unable to preventDefault inside passive event listener invocation. @ http://localhost:3000/_next/static/chunks/node_modules_next_dist_compiled_react-dom_1e674e59._.js:2325
[ 5998042ms] [ERROR] Unable to preventDefault inside passive event listener invocation. @ http://localhost:3000/_next/static/chunks/node_modules_next_dist_compiled_react-dom_1e674e59._.js:2325
[ 5998093ms] [LOG] [Fast Refresh] rebuilding @ http://localhost:3000/_next/static/chunks/node_modules_next_dist_f3530cac._.js:2297
[ 5998099ms] [LOG] [Fast Refresh] done in 106ms @ http://localhost:3000/_next/static/chunks/node_modules_next_dist_f3530cac._.js:2297
[ 5998223ms] [ERROR] Unable to preventDefault inside passive event listener invocation. @ http://localhost:3000/_next/static/chunks/node_modules_next_dist_compiled_react-dom_1e674e59._.js:2325
[ 5998242ms] [ERROR] Unable to preventDefault inside passive event listener invocation. @ http://localhost:3000/_next/static/chunks/node_modules_next_dist_compiled_react-dom_1e674e59._.js:2325
[ 5998259ms] [ERROR] Unable to preventDefault inside passive event listener invocation. @ http://localhost:3000/_next/static/chunks/node_modules_next_dist_compiled_react-dom_1e674e59._.js:2325
[ 5998275ms] [ERROR] Unable to preventDefault inside passive event listener invocation. @ http://localhost:3000/_next/static/chunks/node_modules_next_dist_compiled_react-dom_1e674e59._.js:2325
[ 5998292ms] [ERROR] Unable to preventDefault inside passive event listener invocation. @ http://localhost:3000/_next/static/chunks/node_modules_next_dist_compiled_react-dom_1e674e59._.js:2325
[ 5998486ms] [ERROR] Unable to preventDefault inside passive event listener invocation. @ http://localhost:3000/_next/static/chunks/node_modules_next_dist_compiled_react-dom_1e674e59._.js:2325
[ 5998509ms] [ERROR] Unable to preventDefault inside passive event listener invocation. @ http://localhost:3000/_next/static/chunks/node_modules_next_dist_compiled_react-dom_1e674e59._.js:2325
[ 5998525ms] [ERROR] Unable to preventDefault inside passive event listener invocation. @ http://localhost:3000/_next/static/chunks/node_modules_next_dist_compiled_react-dom_1e674e59._.js:2325
[ 5998542ms] [ERROR] Unable to preventDefault inside passive event listener invocation. @ http://localhost:3000/_next/static/chunks/node_modules_next_dist_compiled_react-dom_1e674e59._.js:2325
[ 5998559ms] [ERROR] Unable to preventDefault inside passive event listener invocation. @ http://localhost:3000/_next/static/chunks/node_modules_next_dist_compiled_react-dom_1e674e59._.js:2325
[ 5998607ms] [LOG] [Fast Refresh] rebuilding @ http://localhost:3000/_next/static/chunks/node_modules_next_dist_f3530cac._.js:2297
[ 5998623ms] [LOG] [Fast Refresh] done in 124ms @ http://localhost:3000/_next/static/chunks/node_modules_next_dist_f3530cac._.js:2297
[ 5999109ms] [ERROR] Unable to preventDefault inside passive event listener invocation. @ http://localhost:3000/_next/static/chunks/node_modules_next_dist_compiled_react-dom_1e674e59._.js:2325
[ 5999142ms] [ERROR] Unable to preventDefault inside passive event listener invocation. @ http://localhost:3000/_next/static/chunks/node_modules_next_dist_compiled_react-dom_1e674e59._.js:2325
[ 5999943ms] [ERROR] Unable to preventDefault inside passive event listener invocation. @ http://localhost:3000/_next/static/chunks/node_modules_next_dist_compiled_react-dom_1e674e59._.js:2325
[ 6000066ms] [ERROR] Unable to preventDefault inside passive event listener invocation. @ http://localhost:3000/_next/static/chunks/node_modules_next_dist_compiled_react-dom_1e674e59._.js:2325
[ 6000180ms] [ERROR] Unable to preventDefault inside passive event listener invocation. @ http://localhost:3000/_next/static/chunks/node_modules_next_dist_compiled_react-dom_1e674e59._.js:2325
[ 6009414ms] [ERROR] Unable to preventDefault inside passive event listener invocation. @ http://localhost:3000/_next/static/chunks/node_modules_next_dist_compiled_react-dom_1e674e59._.js:2325
[ 6009415ms] [ERROR] Unable to preventDefault inside passive event listener invocation. @ http://localhost:3000/_next/static/chunks/node_modules_next_dist_compiled_react-dom_1e674e59._.js:2325
[ 6009441ms] [ERROR] Unable to preventDefault inside passive event listener invocation. @ http://localhost:3000/_next/static/chunks/node_modules_next_dist_compiled_react-dom_1e674e59._.js:2325
[ 6009497ms] [ERROR] Unable to preventDefault inside passive event listener invocation. @ http://localhost:3000/_next/static/chunks/node_modules_next_dist_compiled_react-dom_1e674e59._.js:2325
[ 6009640ms] [ERROR] Unable to preventDefault inside passive event listener invocation. @ http://localhost:3000/_next/static/chunks/node_modules_next_dist_compiled_react-dom_1e674e59._.js:2325
[ 6009681ms] [ERROR] Unable to preventDefault inside passive event listener invocation. @ http://localhost:3000/_next/static/chunks/node_modules_next_dist_compiled_react-dom_1e674e59._.js:2325
[ 6009686ms] [ERROR] Unable to preventDefault inside passive event listener invocation. @ http://localhost:3000/_next/static/chunks/node_modules_next_dist_compiled_react-dom_1e674e59._.js:2325
[ 6009714ms] [ERROR] Unable to preventDefault inside passive event listener invocation. @ http://localhost:3000/_next/static/chunks/node_modules_next_dist_compiled_react-dom_1e674e59._.js:2325
[ 6009882ms] [ERROR] Unable to preventDefault inside passive event listener invocation. @ http://localhost:3000/_next/static/chunks/node_modules_next_dist_compiled_react-dom_1e674e59._.js:2325
[ 6009914ms] [ERROR] Unable to preventDefault inside passive event listener invocation. @ http://localhost:3000/_next/static/chunks/node_modules_next_dist_compiled_react-dom_1e674e59._.js:2325
[ 6009947ms] [ERROR] Unable to preventDefault inside passive event listener invocation. @ http://localhost:3000/_next/static/chunks/node_modules_next_dist_compiled_react-dom_1e674e59._.js:2325
[ 6010114ms] [ERROR] Unable to preventDefault inside passive event listener invocation. @ http://localhost:3000/_next/static/chunks/node_modules_next_dist_compiled_react-dom_1e674e59._.js:2325
[ 6010132ms] [ERROR] Unable to preventDefault inside passive event listener invocation. @ http://localhost:3000/_next/static/chunks/node_modules_next_dist_compiled_react-dom_1e674e59._.js:2325
[ 6010164ms] [ERROR] Unable to preventDefault inside passive event listener invocation. @ http://localhost:3000/_next/static/chunks/node_modules_next_dist_compiled_react-dom_1e674e59._.js:2325
[ 6010169ms] [ERROR] Unable to preventDefault inside passive event listener invocation. @ http://localhost:3000/_next/static/chunks/node_modules_next_dist_compiled_react-dom_1e674e59._.js:2325
[ 6010214ms] [ERROR] Unable to preventDefault inside passive event listener invocation. @ http://localhost:3000/_next/static/chunks/node_modules_next_dist_compiled_react-dom_1e674e59._.js:2325
[ 6010366ms] [ERROR] Unable to preventDefault inside passive event listener invocation. @ http://localhost:3000/_next/static/chunks/node_modules_next_dist_compiled_react-dom_1e674e59._.js:2325
[ 6010381ms] [ERROR] Unable to preventDefault inside passive event listener invocation. @ http://localhost:3000/_next/static/chunks/node_modules_next_dist_compiled_react-dom_1e674e59._.js:2325
[ 6010398ms] [ERROR] Unable to preventDefault inside passive event listener invocation. @ http://localhost:3000/_next/static/chunks/node_modules_next_dist_compiled_react-dom_1e674e59._.js:2325
[ 6010433ms] [ERROR] Unable to preventDefault inside passive event listener invocation. @ http://localhost:3000/_next/static/chunks/node_modules_next_dist_compiled_react-dom_1e674e59._.js:2325
[ 6010601ms] [ERROR] Unable to preventDefault inside passive event listener invocation. @ http://localhost:3000/_next/static/chunks/node_modules_next_dist_compiled_react-dom_1e674e59._.js:2325
[ 6010631ms] [ERROR] Unable to preventDefault inside passive event listener invocation. @ http://localhost:3000/_next/static/chunks/node_modules_next_dist_compiled_react-dom_1e674e59._.js:2325
[ 6010648ms] [ERROR] Unable to preventDefault inside passive event listener invocation. @ http://localhost:3000/_next/static/chunks/node_modules_next_dist_compiled_react-dom_1e674e59._.js:2325
[ 6011414ms] [ERROR] Unable to preventDefault inside passive event listener invocation. @ http://localhost:3000/_next/static/chunks/node_modules_next_dist_compiled_react-dom_1e674e59._.js:2325
[ 6011415ms] [ERROR] Unable to preventDefault inside passive event listener invocation. @ http://localhost:3000/_next/static/chunks/node_modules_next_dist_compiled_react-dom_1e674e59._.js:2325
[ 6011431ms] [ERROR] Unable to preventDefault inside passive event listener invocation. @ http://localhost:3000/_next/static/chunks/node_modules_next_dist_compiled_react-dom_1e674e59._.js:2325
[ 6011482ms] [ERROR] Unable to preventDefault inside passive event listener invocation. @ http://localhost:3000/_next/static/chunks/node_modules_next_dist_compiled_react-dom_1e674e59._.js:2325
[ 6011667ms] [ERROR] Unable to preventDefault inside passive event listener invocation. @ http://localhost:3000/_next/static/chunks/node_modules_next_dist_compiled_react-dom_1e674e59._.js:2325
[ 6011697ms] [ERROR] Unable to preventDefault inside passive event listener invocation. @ http://localhost:3000/_next/static/chunks/node_modules_next_dist_compiled_react-dom_1e674e59._.js:2325
[ 6011719ms] [ERROR] Unable to preventDefault inside passive event listener invocation. @ http://localhost:3000/_next/static/chunks/node_modules_next_dist_compiled_react-dom_1e674e59._.js:2325
[ 6011778ms] [LOG] [Fast Refresh] rebuilding @ http://localhost:3000/_next/static/chunks/node_modules_next_dist_f3530cac._.js:2297
[ 6011779ms] [LOG] [Fast Refresh] done in 108ms @ http://localhost:3000/_next/static/chunks/node_modules_next_dist_f3530cac._.js:2297
[ 7036867ms] [ERROR] Unable to preventDefault inside passive event listener invocation. @ http://localhost:3000/_next/static/chunks/node_modules_next_dist_compiled_react-dom_1e674e59._.js:2325
[ 7036905ms] [ERROR] Unable to preventDefault inside passive event listener invocation. @ http://localhost:3000/_next/static/chunks/node_modules_next_dist_compiled_react-dom_1e674e59._.js:2325
[ 7036922ms] [ERROR] Unable to preventDefault inside passive event listener invocation. @ http://localhost:3000/_next/static/chunks/node_modules_next_dist_compiled_react-dom_1e674e59._.js:2325
[ 7037190ms] [ERROR] Unable to preventDefault inside passive event listener invocation. @ http://localhost:3000/_next/static/chunks/node_modules_next_dist_compiled_react-dom_1e674e59._.js:2325
[ 7037216ms] [ERROR] Unable to preventDefault inside passive event listener invocation. @ http://localhost:3000/_next/static/chunks/node_modules_next_dist_compiled_react-dom_1e674e59._.js:2325
[ 7037249ms] [ERROR] Unable to preventDefault inside passive event listener invocation. @ http://localhost:3000/_next/static/chunks/node_modules_next_dist_compiled_react-dom_1e674e59._.js:2325
[ 7037266ms] [ERROR] Unable to preventDefault inside passive event listener invocation. @ http://localhost:3000/_next/static/chunks/node_modules_next_dist_compiled_react-dom_1e674e59._.js:2325
[ 7037446ms] [ERROR] Unable to preventDefault inside passive event listener invocation. @ http://localhost:3000/_next/static/chunks/node_modules_next_dist_compiled_react-dom_1e674e59._.js:2325
[ 7037466ms] [ERROR] Unable to preventDefault inside passive event listener invocation. @ http://localhost:3000/_next/static/chunks/node_modules_next_dist_compiled_react-dom_1e674e59._.js:2325
[ 7037499ms] [ERROR] Unable to preventDefault inside passive event listener invocation. @ http://localhost:3000/_next/static/chunks/node_modules_next_dist_compiled_react-dom_1e674e59._.js:2325
[ 7037516ms] [ERROR] Unable to preventDefault inside passive event listener invocation. @ http://localhost:3000/_next/static/chunks/node_modules_next_dist_compiled_react-dom_1e674e59._.js:2325
[ 7038250ms] [ERROR] Unable to preventDefault inside passive event listener invocation. @ http://localhost:3000/_next/static/chunks/node_modules_next_dist_compiled_react-dom_1e674e59._.js:2325
[ 7038284ms] [ERROR] Unable to preventDefault inside passive event listener invocation. @ http://localhost:3000/_next/static/chunks/node_modules_next_dist_compiled_react-dom_1e674e59._.js:2325
[ 7038285ms] [ERROR] Unable to preventDefault inside passive event listener invocation. @ http://localhost:3000/_next/static/chunks/node_modules_next_dist_compiled_react-dom_1e674e59._.js:2325
[ 7038316ms] [ERROR] Unable to preventDefault inside passive event listener invocation. @ http://localhost:3000/_next/static/chunks/node_modules_next_dist_compiled_react-dom_1e674e59._.js:2325
[ 7039651ms] [ERROR] Unable to preventDefault inside passive event listener invocation. @ http://localhost:3000/_next/static/chunks/node_modules_next_dist_compiled_react-dom_1e674e59._.js:2325
[ 7039652ms] [ERROR] Unable to preventDefault inside passive event listener invocation. @ http://localhost:3000/_next/static/chunks/node_modules_next_dist_compiled_react-dom_1e674e59._.js:2325
[ 7039684ms] [ERROR] Unable to preventDefault inside passive event listener invocation. @ http://localhost:3000/_next/static/chunks/node_modules_next_dist_compiled_react-dom_1e674e59._.js:2325
[ 7039685ms] [ERROR] Unable to preventDefault inside passive event listener invocation. @ http://localhost:3000/_next/static/chunks/node_modules_next_dist_compiled_react-dom_1e674e59._.js:2325
[ 7039717ms] [ERROR] Unable to preventDefault inside passive event listener invocation. @ http://localhost:3000/_next/static/chunks/node_modules_next_dist_compiled_react-dom_1e674e59._.js:2325
[ 7039917ms] [ERROR] Unable to preventDefault inside passive event listener invocation. @ http://localhost:3000/_next/static/chunks/node_modules_next_dist_compiled_react-dom_1e674e59._.js:2325
[ 7039918ms] [ERROR] Unable to preventDefault inside passive event listener invocation. @ http://localhost:3000/_next/static/chunks/node_modules_next_dist_compiled_react-dom_1e674e59._.js:2325
[ 7039934ms] [ERROR] Unable to preventDefault inside passive event listener invocation. @ http://localhost:3000/_next/static/chunks/node_modules_next_dist_compiled_react-dom_1e674e59._.js:2325
[ 7039950ms] [ERROR] Unable to preventDefault inside passive event listener invocation. @ http://localhost:3000/_next/static/chunks/node_modules_next_dist_compiled_react-dom_1e674e59._.js:2325
[ 7039967ms] [ERROR] Unable to preventDefault inside passive event listener invocation. @ http://localhost:3000/_next/static/chunks/node_modules_next_dist_compiled_react-dom_1e674e59._.js:2325
[ 7040067ms] [ERROR] Unable to preventDefault inside passive event listener invocation. @ http://localhost:3000/_next/static/chunks/node_modules_next_dist_compiled_react-dom_1e674e59._.js:2325
[ 7040131ms] [ERROR] Unable to preventDefault inside passive event listener invocation. @ http://localhost:3000/_next/static/chunks/node_modules_next_dist_compiled_react-dom_1e674e59._.js:2325
[ 7040151ms] [ERROR] Unable to preventDefault inside passive event listener invocation. @ http://localhost:3000/_next/static/chunks/node_modules_next_dist_compiled_react-dom_1e674e59._.js:2325
[ 7040168ms] [ERROR] Unable to preventDefault inside passive event listener invocation. @ http://localhost:3000/_next/static/chunks/node_modules_next_dist_compiled_react-dom_1e674e59._.js:2325
[ 7040206ms] [ERROR] Unable to preventDefault inside passive event listener invocation. @ http://localhost:3000/_next/static/chunks/node_modules_next_dist_compiled_react-dom_1e674e59._.js:2325
[ 7040404ms] [ERROR] Unable to preventDefault inside passive event listener invocation. @ http://localhost:3000/_next/static/chunks/node_modules_next_dist_compiled_react-dom_1e674e59._.js:2325
[ 7057125ms] [ERROR] Unable to preventDefault inside passive event listener invocation. @ http://localhost:3000/_next/static/chunks/node_modules_next_dist_compiled_react-dom_1e674e59._.js:2325
[ 7057126ms] [ERROR] Unable to preventDefault inside passive event listener invocation. @ http://localhost:3000/_next/static/chunks/node_modules_next_dist_compiled_react-dom_1e674e59._.js:2325
[ 7057141ms] [ERROR] Unable to preventDefault inside passive event listener invocation. @ http://localhost:3000/_next/static/chunks/node_modules_next_dist_compiled_react-dom_1e674e59._.js:2325
[ 7057342ms] [ERROR] Unable to preventDefault inside passive event listener invocation. @ http://localhost:3000/_next/static/chunks/node_modules_next_dist_compiled_react-dom_1e674e59._.js:2325
[ 7057358ms] [ERROR] Unable to preventDefault inside passive event listener invocation. @ http://localhost:3000/_next/static/chunks/node_modules_next_dist_compiled_react-dom_1e674e59._.js:2325
[ 7057392ms] [ERROR] Unable to preventDefault inside passive event listener invocation. @ http://localhost:3000/_next/static/chunks/node_modules_next_dist_compiled_react-dom_1e674e59._.js:2325
[ 7057408ms] [ERROR] Unable to preventDefault inside passive event listener invocation. @ http://localhost:3000/_next/static/chunks/node_modules_next_dist_compiled_react-dom_1e674e59._.js:2325
[ 7057425ms] [ERROR] Unable to preventDefault inside passive event listener invocation. @ http://localhost:3000/_next/static/chunks/node_modules_next_dist_compiled_react-dom_1e674e59._.js:2325
[ 7057635ms] [ERROR] Unable to preventDefault inside passive event listener invocation. @ http://localhost:3000/_next/static/chunks/node_modules_next_dist_compiled_react-dom_1e674e59._.js:2325
[ 7057658ms] [ERROR] Unable to preventDefault inside passive event listener invocation. @ http://localhost:3000/_next/static/chunks/node_modules_next_dist_compiled_react-dom_1e674e59._.js:2325
[ 7057675ms] [ERROR] Unable to preventDefault inside passive event listener invocation. @ http://localhost:3000/_next/static/chunks/node_modules_next_dist_compiled_react-dom_1e674e59._.js:2325
[ 7057692ms] [ERROR] Unable to preventDefault inside passive event listener invocation. @ http://localhost:3000/_next/static/chunks/node_modules_next_dist_compiled_react-dom_1e674e59._.js:2325
[ 7058293ms] [ERROR] Unable to preventDefault inside passive event listener invocation. @ http://localhost:3000/_next/static/chunks/node_modules_next_dist_compiled_react-dom_1e674e59._.js:2325
[ 7058309ms] [ERROR] Unable to preventDefault inside passive event listener invocation. @ http://localhost:3000/_next/static/chunks/node_modules_next_dist_compiled_react-dom_1e674e59._.js:2325
[ 7058325ms] [ERROR] Unable to preventDefault inside passive event listener invocation. @ http://localhost:3000/_next/static/chunks/node_modules_next_dist_compiled_react-dom_1e674e59._.js:2325
[ 7058342ms] [ERROR] Unable to preventDefault inside passive event listener invocation. @ http://localhost:3000/_next/static/chunks/node_modules_next_dist_compiled_react-dom_1e674e59._.js:2325
[ 7058747ms] [ERROR] Unable to preventDefault inside passive event listener invocation. @ http://localhost:3000/_next/static/chunks/node_modules_next_dist_compiled_react-dom_1e674e59._.js:2325
[ 7058792ms] [ERROR] Unable to preventDefault inside passive event listener invocation. @ http://localhost:3000/_next/static/chunks/node_modules_next_dist_compiled_react-dom_1e674e59._.js:2325
[ 7058809ms] [ERROR] Unable to preventDefault inside passive event listener invocation. @ http://localhost:3000/_next/static/chunks/node_modules_next_dist_compiled_react-dom_1e674e59._.js:2325
[ 7058842ms] [ERROR] Unable to preventDefault inside passive event listener invocation. @ http://localhost:3000/_next/static/chunks/node_modules_next_dist_compiled_react-dom_1e674e59._.js:2325
[ 7062245ms] [ERROR] Unable to preventDefault inside passive event listener invocation. @ http://localhost:3000/_next/static/chunks/node_modules_next_dist_compiled_react-dom_1e674e59._.js:2325
[ 7062249ms] [ERROR] Unable to preventDefault inside passive event listener invocation. @ http://localhost:3000/_next/static/chunks/node_modules_next_dist_compiled_react-dom_1e674e59._.js:2325
[ 7062280ms] [ERROR] Unable to preventDefault inside passive event listener invocation. @ http://localhost:3000/_next/static/chunks/node_modules_next_dist_compiled_react-dom_1e674e59._.js:2325
[ 7062469ms] [ERROR] Unable to preventDefault inside passive event listener invocation. @ http://localhost:3000/_next/static/chunks/node_modules_next_dist_compiled_react-dom_1e674e59._.js:2325
[ 7062494ms] [ERROR] Unable to preventDefault inside passive event listener invocation. @ http://localhost:3000/_next/static/chunks/node_modules_next_dist_compiled_react-dom_1e674e59._.js:2325
[ 7062511ms] [ERROR] Unable to preventDefault inside passive event listener invocation. @ http://localhost:3000/_next/static/chunks/node_modules_next_dist_compiled_react-dom_1e674e59._.js:2325
[ 7062527ms] [ERROR] Unable to preventDefault inside passive event listener invocation. @ http://localhost:3000/_next/static/chunks/node_modules_next_dist_compiled_react-dom_1e674e59._.js:2325
[ 7062693ms] [ERROR] Unable to preventDefault inside passive event listener invocation. @ http://localhost:3000/_next/static/chunks/node_modules_next_dist_compiled_react-dom_1e674e59._.js:2325
[ 7062734ms] [ERROR] Unable to preventDefault inside passive event listener invocation. @ http://localhost:3000/_next/static/chunks/node_modules_next_dist_compiled_react-dom_1e674e59._.js:2325
[ 7062744ms] [ERROR] Unable to preventDefault inside passive event listener invocation. @ http://localhost:3000/_next/static/chunks/node_modules_next_dist_compiled_react-dom_1e674e59._.js:2325
[ 7062761ms] [ERROR] Unable to preventDefault inside passive event listener invocation. @ http://localhost:3000/_next/static/chunks/node_modules_next_dist_compiled_react-dom_1e674e59._.js:2325
[ 7062948ms] [ERROR] Unable to preventDefault inside passive event listener invocation. @ http://localhost:3000/_next/static/chunks/node_modules_next_dist_compiled_react-dom_1e674e59._.js:2325
[ 7062977ms] [ERROR] Unable to preventDefault inside passive event listener invocation. @ http://localhost:3000/_next/static/chunks/node_modules_next_dist_compiled_react-dom_1e674e59._.js:2325
[ 7063011ms] [ERROR] Unable to preventDefault inside passive event listener invocation. @ http://localhost:3000/_next/static/chunks/node_modules_next_dist_compiled_react-dom_1e674e59._.js:2325
[ 7063016ms] [ERROR] Unable to preventDefault inside passive event listener invocation. @ http://localhost:3000/_next/static/chunks/node_modules_next_dist_compiled_react-dom_1e674e59._.js:2325
[ 7063895ms] [ERROR] Unable to preventDefault inside passive event listener invocation. @ http://localhost:3000/_next/static/chunks/node_modules_next_dist_compiled_react-dom_1e674e59._.js:2325
[ 7063911ms] [ERROR] Unable to preventDefault inside passive event listener invocation. @ http://localhost:3000/_next/static/chunks/node_modules_next_dist_compiled_react-dom_1e674e59._.js:2325
[ 7063929ms] [ERROR] Unable to preventDefault inside passive event listener invocation. @ http://localhost:3000/_next/static/chunks/node_modules_next_dist_compiled_react-dom_1e674e59._.js:2325
[ 7063945ms] [ERROR] Unable to preventDefault inside passive event listener invocation. @ http://localhost:3000/_next/static/chunks/node_modules_next_dist_compiled_react-dom_1e674e59._.js:2325
[ 7064250ms] [ERROR] Unable to preventDefault inside passive event listener invocation. @ http://localhost:3000/_next/static/chunks/node_modules_next_dist_compiled_react-dom_1e674e59._.js:2325
[ 7064278ms] [ERROR] Unable to preventDefault inside passive event listener invocation. @ http://localhost:3000/_next/static/chunks/node_modules_next_dist_compiled_react-dom_1e674e59._.js:2325
[ 7065096ms] [ERROR] Unable to preventDefault inside passive event listener invocation. @ http://localhost:3000/_next/static/chunks/node_modules_next_dist_compiled_react-dom_1e674e59._.js:2325
[ 7065096ms] [ERROR] Unable to preventDefault inside passive event listener invocation. @ http://localhost:3000/_next/static/chunks/node_modules_next_dist_compiled_react-dom_1e674e59._.js:2325
[ 7065145ms] [ERROR] Unable to preventDefault inside passive event listener invocation. @ http://localhost:3000/_next/static/chunks/node_modules_next_dist_compiled_react-dom_1e674e59._.js:2325
[ 7065319ms] [ERROR] Unable to preventDefault inside passive event listener invocation. @ http://localhost:3000/_next/static/chunks/node_modules_next_dist_compiled_react-dom_1e674e59._.js:2325
[ 7065345ms] [ERROR] Unable to preventDefault inside passive event listener invocation. @ http://localhost:3000/_next/static/chunks/node_modules_next_dist_compiled_react-dom_1e674e59._.js:2325
[ 7065367ms] [ERROR] Unable to preventDefault inside passive event listener invocation. @ http://localhost:3000/_next/static/chunks/node_modules_next_dist_compiled_react-dom_1e674e59._.js:2325
[ 7065720ms] [ERROR] Unable to preventDefault inside passive event listener invocation. @ http://localhost:3000/_next/static/chunks/node_modules_next_dist_compiled_react-dom_1e674e59._.js:2325
[ 7065745ms] [ERROR] Unable to preventDefault inside passive event listener invocation. @ http://localhost:3000/_next/static/chunks/node_modules_next_dist_compiled_react-dom_1e674e59._.js:2325
[ 7065796ms] [ERROR] Unable to preventDefault inside passive event listener invocation. @ http://localhost:3000/_next/static/chunks/node_modules_next_dist_compiled_react-dom_1e674e59._.js:2325
[ 7068297ms] [ERROR] Unable to preventDefault inside passive event listener invocation. @ http://localhost:3000/_next/static/chunks/node_modules_next_dist_compiled_react-dom_1e674e59._.js:2325
[ 7068444ms] [ERROR] Unable to preventDefault inside passive event listener invocation. @ http://localhost:3000/_next/static/chunks/node_modules_next_dist_compiled_react-dom_1e674e59._.js:2325
[ 7068717ms] [ERROR] Unable to preventDefault inside passive event listener invocation. @ http://localhost:3000/_next/static/chunks/node_modules_next_dist_compiled_react-dom_1e674e59._.js:2325
[ 7068763ms] [ERROR] Unable to preventDefault inside passive event listener invocation. @ http://localhost:3000/_next/static/chunks/node_modules_next_dist_compiled_react-dom_1e674e59._.js:2325
[ 7075333ms] [ERROR] Unable to preventDefault inside passive event listener invocation. @ http://localhost:3000/_next/static/chunks/node_modules_next_dist_compiled_react-dom_1e674e59._.js:2325
[ 7075367ms] [ERROR] Unable to preventDefault inside passive event listener invocation. @ http://localhost:3000/_next/static/chunks/node_modules_next_dist_compiled_react-dom_1e674e59._.js:2325
[ 7075416ms] [ERROR] Unable to preventDefault inside passive event listener invocation. @ http://localhost:3000/_next/static/chunks/node_modules_next_dist_compiled_react-dom_1e674e59._.js:2325
[ 7075600ms] [ERROR] Unable to preventDefault inside passive event listener invocation. @ http://localhost:3000/_next/static/chunks/node_modules_next_dist_compiled_react-dom_1e674e59._.js:2325
[ 7075633ms] [ERROR] Unable to preventDefault inside passive event listener invocation. @ http://localhost:3000/_next/static/chunks/node_modules_next_dist_compiled_react-dom_1e674e59._.js:2325
[ 7075808ms] [ERROR] Unable to preventDefault inside passive event listener invocation. @ http://localhost:3000/_next/static/chunks/node_modules_next_dist_compiled_react-dom_1e674e59._.js:2325
[ 7075850ms] [ERROR] Unable to preventDefault inside passive event listener invocation. @ http://localhost:3000/_next/static/chunks/node_modules_next_dist_compiled_react-dom_1e674e59._.js:2325
[ 7075856ms] [ERROR] Unable to preventDefault inside passive event listener invocation. @ http://localhost:3000/_next/static/chunks/node_modules_next_dist_compiled_react-dom_1e674e59._.js:2325
[ 7076057ms] [ERROR] Unable to preventDefault inside passive event listener invocation. @ http://localhost:3000/_next/static/chunks/node_modules_next_dist_compiled_react-dom_1e674e59._.js:2325
[ 7076083ms] [ERROR] Unable to preventDefault inside passive event listener invocation. @ http://localhost:3000/_next/static/chunks/node_modules_next_dist_compiled_react-dom_1e674e59._.js:2325
[ 7076100ms] [ERROR] Unable to preventDefault inside passive event listener invocation. @ http://localhost:3000/_next/static/chunks/node_modules_next_dist_compiled_react-dom_1e674e59._.js:2325
[ 7076667ms] [ERROR] Unable to preventDefault inside passive event listener invocation. @ http://localhost:3000/_next/static/chunks/node_modules_next_dist_compiled_react-dom_1e674e59._.js:2325
[ 7076683ms] [ERROR] Unable to preventDefault inside passive event listener invocation. @ http://localhost:3000/_next/static/chunks/node_modules_next_dist_compiled_react-dom_1e674e59._.js:2325
[ 7076700ms] [ERROR] Unable to preventDefault inside passive event listener invocation. @ http://localhost:3000/_next/static/chunks/node_modules_next_dist_compiled_react-dom_1e674e59._.js:2325
[ 7076717ms] [ERROR] Unable to preventDefault inside passive event listener invocation. @ http://localhost:3000/_next/static/chunks/node_modules_next_dist_compiled_react-dom_1e674e59._.js:2325
[ 7076734ms] [ERROR] Unable to preventDefault inside passive event listener invocation. @ http://localhost:3000/_next/static/chunks/node_modules_next_dist_compiled_react-dom_1e674e59._.js:2325
[ 7076784ms] [LOG] [Fast Refresh] rebuilding @ http://localhost:3000/_next/static/chunks/node_modules_next_dist_f3530cac._.js:2297
[ 7076785ms] [LOG] [Fast Refresh] done in 110ms @ http://localhost:3000/_next/static/chunks/node_modules_next_dist_f3530cac._.js:2297
[ 7076957ms] [ERROR] Unable to preventDefault inside passive event listener invocation. @ http://localhost:3000/_next/static/chunks/node_modules_next_dist_compiled_react-dom_1e674e59._.js:2325
[ 7077001ms] [ERROR] Unable to preventDefault inside passive event listener invocation. @ http://localhost:3000/_next/static/chunks/node_modules_next_dist_compiled_react-dom_1e674e59._.js:2325
[ 7081403ms] [ERROR] Unable to preventDefault inside passive event listener invocation. @ http://localhost:3000/_next/static/chunks/node_modules_next_dist_compiled_react-dom_1e674e59._.js:2325
[ 7081419ms] [ERROR] Unable to preventDefault inside passive event listener invocation. @ http://localhost:3000/_next/static/chunks/node_modules_next_dist_compiled_react-dom_1e674e59._.js:2325
[ 7081436ms] [ERROR] Unable to preventDefault inside passive event listener invocation. @ http://localhost:3000/_next/static/chunks/node_modules_next_dist_compiled_react-dom_1e674e59._.js:2325
[ 7081453ms] [ERROR] Unable to preventDefault inside passive event listener invocation. @ http://localhost:3000/_next/static/chunks/node_modules_next_dist_compiled_react-dom_1e674e59._.js:2325
[ 7081516ms] [LOG] [Fast Refresh] rebuilding @ http://localhost:3000/_next/static/chunks/node_modules_next_dist_f3530cac._.js:2297
[ 7081517ms] [LOG] [Fast Refresh] done in 106ms @ http://localhost:3000/_next/static/chunks/node_modules_next_dist_f3530cac._.js:2297
[ 7081659ms] [ERROR] Unable to preventDefault inside passive event listener invocation. @ http://localhost:3000/_next/static/chunks/node_modules_next_dist_compiled_react-dom_1e674e59._.js:2325
[ 7081686ms] [ERROR] Unable to preventDefault inside passive event listener invocation. @ http://localhost:3000/_next/static/chunks/node_modules_next_dist_compiled_react-dom_1e674e59._.js:2325
[ 7081693ms] [ERROR] Unable to preventDefault inside passive event listener invocation. @ http://localhost:3000/_next/static/chunks/node_modules_next_dist_compiled_react-dom_1e674e59._.js:2325
[ 7081703ms] [ERROR] Unable to preventDefault inside passive event listener invocation. @ http://localhost:3000/_next/static/chunks/node_modules_next_dist_compiled_react-dom_1e674e59._.js:2325
[ 7081719ms] [ERROR] Unable to preventDefault inside passive event listener invocation. @ http://localhost:3000/_next/static/chunks/node_modules_next_dist_compiled_react-dom_1e674e59._.js:2325
[ 7081937ms] [ERROR] Unable to preventDefault inside passive event listener invocation. @ http://localhost:3000/_next/static/chunks/node_modules_next_dist_compiled_react-dom_1e674e59._.js:2325
[ 7081969ms] [ERROR] Unable to preventDefault inside passive event listener invocation. @ http://localhost:3000/_next/static/chunks/node_modules_next_dist_compiled_react-dom_1e674e59._.js:2325
[ 7082003ms] [ERROR] Unable to preventDefault inside passive event listener invocation. @ http://localhost:3000/_next/static/chunks/node_modules_next_dist_compiled_react-dom_1e674e59._.js:2325
[ 7082062ms] [LOG] [Fast Refresh] rebuilding @ http://localhost:3000/_next/static/chunks/node_modules_next_dist_f3530cac._.js:2297
[ 7082063ms] [LOG] [Fast Refresh] done in 107ms @ http://localhost:3000/_next/static/chunks/node_modules_next_dist_f3530cac._.js:2297
[ 7082689ms] [ERROR] Unable to preventDefault inside passive event listener invocation. @ http://localhost:3000/_next/static/chunks/node_modules_next_dist_compiled_react-dom_1e674e59._.js:2325
[ 7082689ms] [ERROR] Unable to preventDefault inside passive event listener invocation. @ http://localhost:3000/_next/static/chunks/node_modules_next_dist_compiled_react-dom_1e674e59._.js:2325
[ 7082709ms] [ERROR] Unable to preventDefault inside passive event listener invocation. @ http://localhost:3000/_next/static/chunks/node_modules_next_dist_compiled_react-dom_1e674e59._.js:2325
[ 7082743ms] [ERROR] Unable to preventDefault inside passive event listener invocation. @ http://localhost:3000/_next/static/chunks/node_modules_next_dist_compiled_react-dom_1e674e59._.js:2325
[ 7082801ms] [LOG] [Fast Refresh] rebuilding @ http://localhost:3000/_next/static/chunks/node_modules_next_dist_f3530cac._.js:2297
[ 7082802ms] [LOG] [Fast Refresh] done in 106ms @ http://localhost:3000/_next/static/chunks/node_modules_next_dist_f3530cac._.js:2297
[ 7082911ms] [ERROR] Unable to preventDefault inside passive event listener invocation. @ http://localhost:3000/_next/static/chunks/node_modules_next_dist_compiled_react-dom_1e674e59._.js:2325
[ 7082936ms] [ERROR] Unable to preventDefault inside passive event listener invocation. @ http://localhost:3000/_next/static/chunks/node_modules_next_dist_compiled_react-dom_1e674e59._.js:2325
[ 7082953ms] [ERROR] Unable to preventDefault inside passive event listener invocation. @ http://localhost:3000/_next/static/chunks/node_modules_next_dist_compiled_react-dom_1e674e59._.js:2325
[ 7082987ms] [ERROR] Unable to preventDefault inside passive event listener invocation. @ http://localhost:3000/_next/static/chunks/node_modules_next_dist_compiled_react-dom_1e674e59._.js:2325
[ 7083026ms] [LOG] [Fast Refresh] rebuilding @ http://localhost:3000/_next/static/chunks/node_modules_next_dist_f3530cac._.js:2297
[ 7083074ms] [LOG] [Fast Refresh] done in 150ms @ http://localhost:3000/_next/static/chunks/node_modules_next_dist_f3530cac._.js:2297
[ 7083156ms] [ERROR] Unable to preventDefault inside passive event listener invocation. @ http://localhost:3000/_next/static/chunks/node_modules_next_dist_compiled_react-dom_1e674e59._.js:2325
[ 7083187ms] [ERROR] Unable to preventDefault inside passive event listener invocation. @ http://localhost:3000/_next/static/chunks/node_modules_next_dist_compiled_react-dom_1e674e59._.js:2325
[ 7083204ms] [ERROR] Unable to preventDefault inside passive event listener invocation. @ http://localhost:3000/_next/static/chunks/node_modules_next_dist_compiled_react-dom_1e674e59._.js:2325
[ 7083221ms] [ERROR] Unable to preventDefault inside passive event listener invocation. @ http://localhost:3000/_next/static/chunks/node_modules_next_dist_compiled_react-dom_1e674e59._.js:2325
[ 7083267ms] [LOG] [Fast Refresh] rebuilding @ http://localhost:3000/_next/static/chunks/node_modules_next_dist_f3530cac._.js:2297
[ 7083272ms] [LOG] [Fast Refresh] done in 107ms @ http://localhost:3000/_next/static/chunks/node_modules_next_dist_f3530cac._.js:2297
[ 7083481ms] [ERROR] Unable to preventDefault inside passive event listener invocation. @ http://localhost:3000/_next/static/chunks/node_modules_next_dist_compiled_react-dom_1e674e59._.js:2325
[ 7083520ms] [ERROR] Unable to preventDefault inside passive event listener invocation. @ http://localhost:3000/_next/static/chunks/node_modules_next_dist_compiled_react-dom_1e674e59._.js:2325
[ 7083526ms] [ERROR] Unable to preventDefault inside passive event listener invocation. @ http://localhost:3000/_next/static/chunks/node_modules_next_dist_compiled_react-dom_1e674e59._.js:2325
[ 7083570ms] [ERROR] Unable to preventDefault inside passive event listener invocation. @ http://localhost:3000/_next/static/chunks/node_modules_next_dist_compiled_react-dom_1e674e59._.js:2325
[ 7084371ms] [ERROR] Unable to preventDefault inside passive event listener invocation. @ http://localhost:3000/_next/static/chunks/node_modules_next_dist_compiled_react-dom_1e674e59._.js:2325
[ 7084405ms] [ERROR] Unable to preventDefault inside passive event listener invocation. @ http://localhost:3000/_next/static/chunks/node_modules_next_dist_compiled_react-dom_1e674e59._.js:2325
[ 7084406ms] [ERROR] Unable to preventDefault inside passive event listener invocation. @ http://localhost:3000/_next/static/chunks/node_modules_next_dist_compiled_react-dom_1e674e59._.js:2325
[ 7084421ms] [ERROR] Unable to preventDefault inside passive event listener invocation. @ http://localhost:3000/_next/static/chunks/node_modules_next_dist_compiled_react-dom_1e674e59._.js:2325
[ 7084437ms] [ERROR] Unable to preventDefault inside passive event listener invocation. @ http://localhost:3000/_next/static/chunks/node_modules_next_dist_compiled_react-dom_1e674e59._.js:2325
[ 7109311ms] [LOG] [Fast Refresh] rebuilding @ http://localhost:3000/_next/static/chunks/node_modules_next_dist_f3530cac._.js:2297
[ 7109329ms] [LOG] [Fast Refresh] done in 130ms @ http://localhost:3000/_next/static/chunks/node_modules_next_dist_f3530cac._.js:2297
[ 7109979ms] [LOG] [Fast Refresh] rebuilding @ http://localhost:3000/_next/static/chunks/node_modules_next_dist_f3530cac._.js:2297
[ 7112480ms] [LOG] [Fast Refresh] done in 2612ms @ http://localhost:3000/_next/static/chunks/node_modules_next_dist_f3530cac._.js:2297
[ 7160174ms] [LOG] [Fast Refresh] rebuilding @ http://localhost:3000/_next/static/chunks/node_modules_next_dist_f3530cac._.js:2297
[ 7160235ms] [LOG] [Fast Refresh] done in 167ms @ http://localhost:3000/_next/static/chunks/node_modules_next_dist_f3530cac._.js:2297
[ 7196757ms] [LOG] [cache-update] sid= null poleTags= 0 shapes= 0 @ http://localhost:3000/_next/static/chunks/node_modules_next_dist_f3530cac._.js:2297
[ 7196758ms] [WARNING] [cache-update] skipping save — no sessionId or db @ http://localhost:3000/_next/static/chunks/node_modules_next_dist_f3530cac._.js:2297
[ 7198803ms] [LOG] [cache-update] sid= null poleTags= 4 shapes= 0 @ http://localhost:3000/_next/static/chunks/node_modules_next_dist_f3530cac._.js:2297
[ 7198803ms] [WARNING] [cache-update] skipping save — no sessionId or db @ http://localhost:3000/_next/static/chunks/node_modules_next_dist_f3530cac._.js:2297
[ 7200838ms] [LOG] [cache-update] sid= null poleTags= 8 shapes= 0 @ http://localhost:3000/_next/static/chunks/node_modules_next_dist_f3530cac._.js:2297
[ 7200838ms] [WARNING] [cache-update] skipping save — no sessionId or db @ http://localhost:3000/_next/static/chunks/node_modules_next_dist_f3530cac._.js:2297
[ 7202894ms] [LOG] [cache-update] sid= null poleTags= 12 shapes= 0 @ http://localhost:3000/_next/static/chunks/node_modules_next_dist_f3530cac._.js:2297
[ 7202894ms] [WARNING] [cache-update] skipping save — no sessionId or db @ http://localhost:3000/_next/static/chunks/node_modules_next_dist_f3530cac._.js:2297
[ 7204936ms] [LOG] [cache-update] sid= null poleTags= 15 shapes= 0 @ http://localhost:3000/_next/static/chunks/node_modules_next_dist_f3530cac._.js:2297
[ 7204936ms] [WARNING] [cache-update] skipping save — no sessionId or db @ http://localhost:3000/_next/static/chunks/node_modules_next_dist_f3530cac._.js:2297
[ 7206990ms] [LOG] [cache-update] sid= null poleTags= 18 shapes= 0 @ http://localhost:3000/_next/static/chunks/node_modules_next_dist_f3530cac._.js:2297
[ 7206991ms] [WARNING] [cache-update] skipping save — no sessionId or db @ http://localhost:3000/_next/static/chunks/node_modules_next_dist_f3530cac._.js:2297
[ 7209030ms] [LOG] [cache-update] sid= null poleTags= 21 shapes= 0 @ http://localhost:3000/_next/static/chunks/node_modules_next_dist_f3530cac._.js:2297
[ 7209030ms] [WARNING] [cache-update] skipping save — no sessionId or db @ http://localhost:3000/_next/static/chunks/node_modules_next_dist_f3530cac._.js:2297
[ 7211075ms] [LOG] [cache-update] sid= null poleTags= 25 shapes= 0 @ http://localhost:3000/_next/static/chunks/node_modules_next_dist_f3530cac._.js:2297
[ 7211075ms] [WARNING] [cache-update] skipping save — no sessionId or db @ http://localhost:3000/_next/static/chunks/node_modules_next_dist_f3530cac._.js:2297
[ 7213123ms] [LOG] [cache-update] sid= null poleTags= 30 shapes= 0 @ http://localhost:3000/_next/static/chunks/node_modules_next_dist_f3530cac._.js:2297
[ 7213123ms] [WARNING] [cache-update] skipping save — no sessionId or db @ http://localhost:3000/_next/static/chunks/node_modules_next_dist_f3530cac._.js:2297
[ 7215178ms] [LOG] [cache-update] sid= null poleTags= 41 shapes= 0 @ http://localhost:3000/_next/static/chunks/node_modules_next_dist_f3530cac._.js:2297
[ 7215178ms] [WARNING] [cache-update] skipping save — no sessionId or db @ http://localhost:3000/_next/static/chunks/node_modules_next_dist_f3530cac._.js:2297
[ 7249360ms] [ERROR] Unable to preventDefault inside passive event listener invocation. @ http://localhost:3000/_next/static/chunks/node_modules_next_dist_compiled_react-dom_1e674e59._.js:2325
[ 7249663ms] [ERROR] Unable to preventDefault inside passive event listener invocation. @ http://localhost:3000/_next/static/chunks/node_modules_next_dist_compiled_react-dom_1e674e59._.js:2325
[ 7249737ms] [ERROR] Unable to preventDefault inside passive event listener invocation. @ http://localhost:3000/_next/static/chunks/node_modules_next_dist_compiled_react-dom_1e674e59._.js:2325
[ 7250070ms] [ERROR] Unable to preventDefault inside passive event listener invocation. @ http://localhost:3000/_next/static/chunks/node_modules_next_dist_compiled_react-dom_1e674e59._.js:2325
[ 7268022ms] [ERROR] Unable to preventDefault inside passive event listener invocation. @ http://localhost:3000/_next/static/chunks/node_modules_next_dist_compiled_react-dom_1e674e59._.js:2325
[ 7268054ms] [ERROR] Unable to preventDefault inside passive event listener invocation. @ http://localhost:3000/_next/static/chunks/node_modules_next_dist_compiled_react-dom_1e674e59._.js:2325
[ 7268091ms] [ERROR] Unable to preventDefault inside passive event listener invocation. @ http://localhost:3000/_next/static/chunks/node_modules_next_dist_compiled_react-dom_1e674e59._.js:2325
[ 7272691ms] [ERROR] Unable to preventDefault inside passive event listener invocation. @ http://localhost:3000/_next/static/chunks/node_modules_next_dist_compiled_react-dom_1e674e59._.js:2325
[ 7272694ms] [ERROR] Unable to preventDefault inside passive event listener invocation. @ http://localhost:3000/_next/static/chunks/node_modules_next_dist_compiled_react-dom_1e674e59._.js:2325
[ 7272723ms] [ERROR] Unable to preventDefault inside passive event listener invocation. @ http://localhost:3000/_next/static/chunks/node_modules_next_dist_compiled_react-dom_1e674e59._.js:2325
[ 7272792ms] [ERROR] Unable to preventDefault inside passive event listener invocation. @ http://localhost:3000/_next/static/chunks/node_modules_next_dist_compiled_react-dom_1e674e59._.js:2325
[ 7272978ms] [ERROR] Unable to preventDefault inside passive event listener invocation. @ http://localhost:3000/_next/static/chunks/node_modules_next_dist_compiled_react-dom_1e674e59._.js:2325
[ 7273007ms] [ERROR] Unable to preventDefault inside passive event listener invocation. @ http://localhost:3000/_next/static/chunks/node_modules_next_dist_compiled_react-dom_1e674e59._.js:2325
[ 7273040ms] [ERROR] Unable to preventDefault inside passive event listener invocation. @ http://localhost:3000/_next/static/chunks/node_modules_next_dist_compiled_react-dom_1e674e59._.js:2325
[ 7273073ms] [ERROR] Unable to preventDefault inside passive event listener invocation. @ http://localhost:3000/_next/static/chunks/node_modules_next_dist_compiled_react-dom_1e674e59._.js:2325
[ 7273302ms] [ERROR] Unable to preventDefault inside passive event listener invocation. @ http://localhost:3000/_next/static/chunks/node_modules_next_dist_compiled_react-dom_1e674e59._.js:2325
[ 7273324ms] [ERROR] Unable to preventDefault inside passive event listener invocation. @ http://localhost:3000/_next/static/chunks/node_modules_next_dist_compiled_react-dom_1e674e59._.js:2325
[ 7273340ms] [ERROR] Unable to preventDefault inside passive event listener invocation. @ http://localhost:3000/_next/static/chunks/node_modules_next_dist_compiled_react-dom_1e674e59._.js:2325
[ 7273357ms] [ERROR] Unable to preventDefault inside passive event listener invocation. @ http://localhost:3000/_next/static/chunks/node_modules_next_dist_compiled_react-dom_1e674e59._.js:2325
[ 7273415ms] [LOG] [Fast Refresh] rebuilding @ http://localhost:3000/_next/static/chunks/node_modules_next_dist_f3530cac._.js:2297
[ 7273420ms] [LOG] [Fast Refresh] done in 107ms @ http://localhost:3000/_next/static/chunks/node_modules_next_dist_f3530cac._.js:2297
[ 7273548ms] [ERROR] Unable to preventDefault inside passive event listener invocation. @ http://localhost:3000/_next/static/chunks/node_modules_next_dist_compiled_react-dom_1e674e59._.js:2325
[ 7273574ms] [ERROR] Unable to preventDefault inside passive event listener invocation. @ http://localhost:3000/_next/static/chunks/node_modules_next_dist_compiled_react-dom_1e674e59._.js:2325
[ 7273607ms] [ERROR] Unable to preventDefault inside passive event listener invocation. @ http://localhost:3000/_next/static/chunks/node_modules_next_dist_compiled_react-dom_1e674e59._.js:2325
[ 7273608ms] [ERROR] Unable to preventDefault inside passive event listener invocation. @ http://localhost:3000/_next/static/chunks/node_modules_next_dist_compiled_react-dom_1e674e59._.js:2325
[ 7274326ms] [ERROR] Unable to preventDefault inside passive event listener invocation. @ http://localhost:3000/_next/static/chunks/node_modules_next_dist_compiled_react-dom_1e674e59._.js:2325
[ 7274357ms] [ERROR] Unable to preventDefault inside passive event listener invocation. @ http://localhost:3000/_next/static/chunks/node_modules_next_dist_compiled_react-dom_1e674e59._.js:2325
[ 7274374ms] [ERROR] Unable to preventDefault inside passive event listener invocation. @ http://localhost:3000/_next/static/chunks/node_modules_next_dist_compiled_react-dom_1e674e59._.js:2325
[ 7274390ms] [ERROR] Unable to preventDefault inside passive event listener invocation. @ http://localhost:3000/_next/static/chunks/node_modules_next_dist_compiled_react-dom_1e674e59._.js:2325
[ 7274424ms] [ERROR] Unable to preventDefault inside passive event listener invocation. @ http://localhost:3000/_next/static/chunks/node_modules_next_dist_compiled_react-dom_1e674e59._.js:2325
[ 7274613ms] [ERROR] Unable to preventDefault inside passive event listener invocation. @ http://localhost:3000/_next/static/chunks/node_modules_next_dist_compiled_react-dom_1e674e59._.js:2325
[ 7274630ms] [ERROR] Unable to preventDefault inside passive event listener invocation. @ http://localhost:3000/_next/static/chunks/node_modules_next_dist_compiled_react-dom_1e674e59._.js:2325
[ 7274641ms] [ERROR] Unable to preventDefault inside passive event listener invocation. @ http://localhost:3000/_next/static/chunks/node_modules_next_dist_compiled_react-dom_1e674e59._.js:2325
[ 7276959ms] [ERROR] Unable to preventDefault inside passive event listener invocation. @ http://localhost:3000/_next/static/chunks/node_modules_next_dist_compiled_react-dom_1e674e59._.js:2325
[ 7276975ms] [ERROR] Unable to preventDefault inside passive event listener invocation. @ http://localhost:3000/_next/static/chunks/node_modules_next_dist_compiled_react-dom_1e674e59._.js:2325
[ 7277009ms] [ERROR] Unable to preventDefault inside passive event listener invocation. @ http://localhost:3000/_next/static/chunks/node_modules_next_dist_compiled_react-dom_1e674e59._.js:2325
[ 7277010ms] [ERROR] Unable to preventDefault inside passive event listener invocation. @ http://localhost:3000/_next/static/chunks/node_modules_next_dist_compiled_react-dom_1e674e59._.js:2325
[ 7277193ms] [ERROR] Unable to preventDefault inside passive event listener invocation. @ http://localhost:3000/_next/static/chunks/node_modules_next_dist_compiled_react-dom_1e674e59._.js:2325
[ 7277225ms] [ERROR] Unable to preventDefault inside passive event listener invocation. @ http://localhost:3000/_next/static/chunks/node_modules_next_dist_compiled_react-dom_1e674e59._.js:2325
[ 7277231ms] [ERROR] Unable to preventDefault inside passive event listener invocation. @ http://localhost:3000/_next/static/chunks/node_modules_next_dist_compiled_react-dom_1e674e59._.js:2325
[ 7277242ms] [ERROR] Unable to preventDefault inside passive event listener invocation. @ http://localhost:3000/_next/static/chunks/node_modules_next_dist_compiled_react-dom_1e674e59._.js:2325
[ 7277258ms] [ERROR] Unable to preventDefault inside passive event listener invocation. @ http://localhost:3000/_next/static/chunks/node_modules_next_dist_compiled_react-dom_1e674e59._.js:2325
[ 7277486ms] [ERROR] Unable to preventDefault inside passive event listener invocation. @ http://localhost:3000/_next/static/chunks/node_modules_next_dist_compiled_react-dom_1e674e59._.js:2325
[ 7277509ms] [ERROR] Unable to preventDefault inside passive event listener invocation. @ http://localhost:3000/_next/static/chunks/node_modules_next_dist_compiled_react-dom_1e674e59._.js:2325
[ 7277542ms] [ERROR] Unable to preventDefault inside passive event listener invocation. @ http://localhost:3000/_next/static/chunks/node_modules_next_dist_compiled_react-dom_1e674e59._.js:2325
[ 7277559ms] [ERROR] Unable to preventDefault inside passive event listener invocation. @ http://localhost:3000/_next/static/chunks/node_modules_next_dist_compiled_react-dom_1e674e59._.js:2325
[ 7277602ms] [LOG] [Fast Refresh] rebuilding @ http://localhost:3000/_next/static/chunks/node_modules_next_dist_f3530cac._.js:2297
[ 7277603ms] [LOG] [Fast Refresh] done in 108ms @ http://localhost:3000/_next/static/chunks/node_modules_next_dist_f3530cac._.js:2297
[ 7277947ms] [ERROR] Unable to preventDefault inside passive event listener invocation. @ http://localhost:3000/_next/static/chunks/node_modules_next_dist_compiled_react-dom_1e674e59._.js:2325
[ 7277975ms] [ERROR] Unable to preventDefault inside passive event listener invocation. @ http://localhost:3000/_next/static/chunks/node_modules_next_dist_compiled_react-dom_1e674e59._.js:2325
[ 7277992ms] [ERROR] Unable to preventDefault inside passive event listener invocation. @ http://localhost:3000/_next/static/chunks/node_modules_next_dist_compiled_react-dom_1e674e59._.js:2325
[ 7278009ms] [ERROR] Unable to preventDefault inside passive event listener invocation. @ http://localhost:3000/_next/static/chunks/node_modules_next_dist_compiled_react-dom_1e674e59._.js:2325
[ 7282894ms] [ERROR] Unable to preventDefault inside passive event listener invocation. @ http://localhost:3000/_next/static/chunks/node_modules_next_dist_compiled_react-dom_1e674e59._.js:2325
[ 7283110ms] [ERROR] Unable to preventDefault inside passive event listener invocation. @ http://localhost:3000/_next/static/chunks/node_modules_next_dist_compiled_react-dom_1e674e59._.js:2325
[ 7283144ms] [ERROR] Unable to preventDefault inside passive event listener invocation. @ http://localhost:3000/_next/static/chunks/node_modules_next_dist_compiled_react-dom_1e674e59._.js:2325
[ 7283161ms] [ERROR] Unable to preventDefault inside passive event listener invocation. @ http://localhost:3000/_next/static/chunks/node_modules_next_dist_compiled_react-dom_1e674e59._.js:2325
[ 7283194ms] [ERROR] Unable to preventDefault inside passive event listener invocation. @ http://localhost:3000/_next/static/chunks/node_modules_next_dist_compiled_react-dom_1e674e59._.js:2325
[ 7283374ms] [ERROR] Unable to preventDefault inside passive event listener invocation. @ http://localhost:3000/_next/static/chunks/node_modules_next_dist_compiled_react-dom_1e674e59._.js:2325
[ 7283395ms] [ERROR] Unable to preventDefault inside passive event listener invocation. @ http://localhost:3000/_next/static/chunks/node_modules_next_dist_compiled_react-dom_1e674e59._.js:2325
[ 7283428ms] [ERROR] Unable to preventDefault inside passive event listener invocation. @ http://localhost:3000/_next/static/chunks/node_modules_next_dist_compiled_react-dom_1e674e59._.js:2325
[ 7283430ms] [ERROR] Unable to preventDefault inside passive event listener invocation. @ http://localhost:3000/_next/static/chunks/node_modules_next_dist_compiled_react-dom_1e674e59._.js:2325
[ 7283458ms] [ERROR] Unable to preventDefault inside passive event listener invocation. @ http://localhost:3000/_next/static/chunks/node_modules_next_dist_compiled_react-dom_1e674e59._.js:2325
[ 7283616ms] [ERROR] Unable to preventDefault inside passive event listener invocation. @ http://localhost:3000/_next/static/chunks/node_modules_next_dist_compiled_react-dom_1e674e59._.js:2325
[ 7283645ms] [ERROR] Unable to preventDefault inside passive event listener invocation. @ http://localhost:3000/_next/static/chunks/node_modules_next_dist_compiled_react-dom_1e674e59._.js:2325
[ 7283661ms] [ERROR] Unable to preventDefault inside passive event listener invocation. @ http://localhost:3000/_next/static/chunks/node_modules_next_dist_compiled_react-dom_1e674e59._.js:2325
[ 7283678ms] [ERROR] Unable to preventDefault inside passive event listener invocation. @ http://localhost:3000/_next/static/chunks/node_modules_next_dist_compiled_react-dom_1e674e59._.js:2325
[ 7283739ms] [LOG] [Fast Refresh] rebuilding @ http://localhost:3000/_next/static/chunks/node_modules_next_dist_f3530cac._.js:2297
[ 7283740ms] [LOG] [Fast Refresh] done in 109ms @ http://localhost:3000/_next/static/chunks/node_modules_next_dist_f3530cac._.js:2297
[ 7283862ms] [ERROR] Unable to preventDefault inside passive event listener invocation. @ http://localhost:3000/_next/static/chunks/node_modules_next_dist_compiled_react-dom_1e674e59._.js:2325
[ 7283868ms] [ERROR] Unable to preventDefault inside passive event listener invocation. @ http://localhost:3000/_next/static/chunks/node_modules_next_dist_compiled_react-dom_1e674e59._.js:2325
[ 7283885ms] [ERROR] Unable to preventDefault inside passive event listener invocation. @ http://localhost:3000/_next/static/chunks/node_modules_next_dist_compiled_react-dom_1e674e59._.js:2325
[ 7283911ms] [ERROR] Unable to preventDefault inside passive event listener invocation. @ http://localhost:3000/_next/static/chunks/node_modules_next_dist_compiled_react-dom_1e674e59._.js:2325
[ 7284845ms] [ERROR] Unable to preventDefault inside passive event listener invocation. @ http://localhost:3000/_next/static/chunks/node_modules_next_dist_compiled_react-dom_1e674e59._.js:2325
[ 7284851ms] [ERROR] Unable to preventDefault inside passive event listener invocation. @ http://localhost:3000/_next/static/chunks/node_modules_next_dist_compiled_react-dom_1e674e59._.js:2325
[ 7284895ms] [ERROR] Unable to preventDefault inside passive event listener invocation. @ http://localhost:3000/_next/static/chunks/node_modules_next_dist_compiled_react-dom_1e674e59._.js:2325
[ 7285129ms] [ERROR] Unable to preventDefault inside passive event listener invocation. @ http://localhost:3000/_next/static/chunks/node_modules_next_dist_compiled_react-dom_1e674e59._.js:2325
[ 7285145ms] [ERROR] Unable to preventDefault inside passive event listener invocation. @ http://localhost:3000/_next/static/chunks/node_modules_next_dist_compiled_react-dom_1e674e59._.js:2325
[ 7285212ms] [ERROR] Unable to preventDefault inside passive event listener invocation. @ http://localhost:3000/_next/static/chunks/node_modules_next_dist_compiled_react-dom_1e674e59._.js:2325
[ 7285380ms] [ERROR] Unable to preventDefault inside passive event listener invocation. @ http://localhost:3000/_next/static/chunks/node_modules_next_dist_compiled_react-dom_1e674e59._.js:2325
[ 7285429ms] [ERROR] Unable to preventDefault inside passive event listener invocation. @ http://localhost:3000/_next/static/chunks/node_modules_next_dist_compiled_react-dom_1e674e59._.js:2325
[ 7286246ms] [ERROR] Unable to preventDefault inside passive event listener invocation. @ http://localhost:3000/_next/static/chunks/node_modules_next_dist_compiled_react-dom_1e674e59._.js:2325
[ 7286263ms] [ERROR] Unable to preventDefault inside passive event listener invocation. @ http://localhost:3000/_next/static/chunks/node_modules_next_dist_compiled_react-dom_1e674e59._.js:2325
[ 7286303ms] [ERROR] Unable to preventDefault inside passive event listener invocation. @ http://localhost:3000/_next/static/chunks/node_modules_next_dist_compiled_react-dom_1e674e59._.js:2325
[ 7286568ms] [ERROR] Unable to preventDefault inside passive event listener invocation. @ http://localhost:3000/_next/static/chunks/node_modules_next_dist_compiled_react-dom_1e674e59._.js:2325
[ 7286579ms] [ERROR] Unable to preventDefault inside passive event listener invocation. @ http://localhost:3000/_next/static/chunks/node_modules_next_dist_compiled_react-dom_1e674e59._.js:2325
[ 7287462ms] [ERROR] Unable to preventDefault inside passive event listener invocation. @ http://localhost:3000/_next/static/chunks/node_modules_next_dist_compiled_react-dom_1e674e59._.js:2325
[ 7287481ms] [ERROR] Unable to preventDefault inside passive event listener invocation. @ http://localhost:3000/_next/static/chunks/node_modules_next_dist_compiled_react-dom_1e674e59._.js:2325
[ 7287513ms] [ERROR] Unable to preventDefault inside passive event listener invocation. @ http://localhost:3000/_next/static/chunks/node_modules_next_dist_compiled_react-dom_1e674e59._.js:2325
[ 7287530ms] [ERROR] Unable to preventDefault inside passive event listener invocation. @ http://localhost:3000/_next/static/chunks/node_modules_next_dist_compiled_react-dom_1e674e59._.js:2325
[ 7287586ms] [LOG] [Fast Refresh] rebuilding @ http://localhost:3000/_next/static/chunks/node_modules_next_dist_f3530cac._.js:2297
[ 7287586ms] [LOG] [Fast Refresh] done in 107ms @ http://localhost:3000/_next/static/chunks/node_modules_next_dist_f3530cac._.js:2297
[ 7287763ms] [ERROR] Unable to preventDefault inside passive event listener invocation. @ http://localhost:3000/_next/static/chunks/node_modules_next_dist_compiled_react-dom_1e674e59._.js:2325
[ 7287780ms] [ERROR] Unable to preventDefault inside passive event listener invocation. @ http://localhost:3000/_next/static/chunks/node_modules_next_dist_compiled_react-dom_1e674e59._.js:2325
[ 7287813ms] [ERROR] Unable to preventDefault inside passive event listener invocation. @ http://localhost:3000/_next/static/chunks/node_modules_next_dist_compiled_react-dom_1e674e59._.js:2325
[ 7287820ms] [ERROR] Unable to preventDefault inside passive event listener invocation. @ http://localhost:3000/_next/static/chunks/node_modules_next_dist_compiled_react-dom_1e674e59._.js:2325
[ 7288055ms] [ERROR] Unable to preventDefault inside passive event listener invocation. @ http://localhost:3000/_next/static/chunks/node_modules_next_dist_compiled_react-dom_1e674e59._.js:2325
[ 7288097ms] [ERROR] Unable to preventDefault inside passive event listener invocation. @ http://localhost:3000/_next/static/chunks/node_modules_next_dist_compiled_react-dom_1e674e59._.js:2325
[ 7289314ms] [ERROR] Unable to preventDefault inside passive event listener invocation. @ http://localhost:3000/_next/static/chunks/node_modules_next_dist_compiled_react-dom_1e674e59._.js:2325
[ 7289331ms] [ERROR] Unable to preventDefault inside passive event listener invocation. @ http://localhost:3000/_next/static/chunks/node_modules_next_dist_compiled_react-dom_1e674e59._.js:2325
[ 7289364ms] [ERROR] Unable to preventDefault inside passive event listener invocation. @ http://localhost:3000/_next/static/chunks/node_modules_next_dist_compiled_react-dom_1e674e59._.js:2325
[ 7289397ms] [ERROR] Unable to preventDefault inside passive event listener invocation. @ http://localhost:3000/_next/static/chunks/node_modules_next_dist_compiled_react-dom_1e674e59._.js:2325
[ 7289731ms] [ERROR] Unable to preventDefault inside passive event listener invocation. @ http://localhost:3000/_next/static/chunks/node_modules_next_dist_compiled_react-dom_1e674e59._.js:2325
[ 7289764ms] [ERROR] Unable to preventDefault inside passive event listener invocation. @ http://localhost:3000/_next/static/chunks/node_modules_next_dist_compiled_react-dom_1e674e59._.js:2325
[ 7290364ms] [ERROR] Unable to preventDefault inside passive event listener invocation. @ http://localhost:3000/_next/static/chunks/node_modules_next_dist_compiled_react-dom_1e674e59._.js:2325
[ 7290365ms] [ERROR] Unable to preventDefault inside passive event listener invocation. @ http://localhost:3000/_next/static/chunks/node_modules_next_dist_compiled_react-dom_1e674e59._.js:2325
[ 7290381ms] [ERROR] Unable to preventDefault inside passive event listener invocation. @ http://localhost:3000/_next/static/chunks/node_modules_next_dist_compiled_react-dom_1e674e59._.js:2325
[ 7291282ms] [ERROR] Unable to preventDefault inside passive event listener invocation. @ http://localhost:3000/_next/static/chunks/node_modules_next_dist_compiled_react-dom_1e674e59._.js:2325
[ 7291286ms] [ERROR] Unable to preventDefault inside passive event listener invocation. @ http://localhost:3000/_next/static/chunks/node_modules_next_dist_compiled_react-dom_1e674e59._.js:2325
[ 7291333ms] [ERROR] Unable to preventDefault inside passive event listener invocation. @ http://localhost:3000/_next/static/chunks/node_modules_next_dist_compiled_react-dom_1e674e59._.js:2325
[ 7291541ms] [ERROR] Unable to preventDefault inside passive event listener invocation. @ http://localhost:3000/_next/static/chunks/node_modules_next_dist_compiled_react-dom_1e674e59._.js:2325
[ 7291565ms] [ERROR] Unable to preventDefault inside passive event listener invocation. @ http://localhost:3000/_next/static/chunks/node_modules_next_dist_compiled_react-dom_1e674e59._.js:2325
[ 7291582ms] [ERROR] Unable to preventDefault inside passive event listener invocation. @ http://localhost:3000/_next/static/chunks/node_modules_next_dist_compiled_react-dom_1e674e59._.js:2325
[ 7291615ms] [ERROR] Unable to preventDefault inside passive event listener invocation. @ http://localhost:3000/_next/static/chunks/node_modules_next_dist_compiled_react-dom_1e674e59._.js:2325
[ 7291657ms] [LOG] [Fast Refresh] rebuilding @ http://localhost:3000/_next/static/chunks/node_modules_next_dist_f3530cac._.js:2297
[ 7291673ms] [LOG] [Fast Refresh] done in 123ms @ http://localhost:3000/_next/static/chunks/node_modules_next_dist_f3530cac._.js:2297
[ 7291783ms] [ERROR] Unable to preventDefault inside passive event listener invocation. @ http://localhost:3000/_next/static/chunks/node_modules_next_dist_compiled_react-dom_1e674e59._.js:2325
[ 7291815ms] [ERROR] Unable to preventDefault inside passive event listener invocation. @ http://localhost:3000/_next/static/chunks/node_modules_next_dist_compiled_react-dom_1e674e59._.js:2325
[ 7291822ms] [ERROR] Unable to preventDefault inside passive event listener invocation. @ http://localhost:3000/_next/static/chunks/node_modules_next_dist_compiled_react-dom_1e674e59._.js:2325
[ 7291848ms] [ERROR] Unable to preventDefault inside passive event listener invocation. @ http://localhost:3000/_next/static/chunks/node_modules_next_dist_compiled_react-dom_1e674e59._.js:2325
[ 7292026ms] [ERROR] Unable to preventDefault inside passive event listener invocation. @ http://localhost:3000/_next/static/chunks/node_modules_next_dist_compiled_react-dom_1e674e59._.js:2325
[ 7292049ms] [ERROR] Unable to preventDefault inside passive event listener invocation. @ http://localhost:3000/_next/static/chunks/node_modules_next_dist_compiled_react-dom_1e674e59._.js:2325
[ 7292065ms] [ERROR] Unable to preventDefault inside passive event listener invocation. @ http://localhost:3000/_next/static/chunks/node_modules_next_dist_compiled_react-dom_1e674e59._.js:2325
[ 7292115ms] [ERROR] Unable to preventDefault inside passive event listener invocation. @ http://localhost:3000/_next/static/chunks/node_modules_next_dist_compiled_react-dom_1e674e59._.js:2325
[ 7292275ms] [ERROR] Unable to preventDefault inside passive event listener invocation. @ http://localhost:3000/_next/static/chunks/node_modules_next_dist_compiled_react-dom_1e674e59._.js:2325
[ 7292299ms] [ERROR] Unable to preventDefault inside passive event listener invocation. @ http://localhost:3000/_next/static/chunks/node_modules_next_dist_compiled_react-dom_1e674e59._.js:2325
[ 7292315ms] [ERROR] Unable to preventDefault inside passive event listener invocation. @ http://localhost:3000/_next/static/chunks/node_modules_next_dist_compiled_react-dom_1e674e59._.js:2325
[ 7292349ms] [ERROR] Unable to preventDefault inside passive event listener invocation. @ http://localhost:3000/_next/static/chunks/node_modules_next_dist_compiled_react-dom_1e674e59._.js:2325
[ 7296835ms] [ERROR] Unable to preventDefault inside passive event listener invocation. @ http://localhost:3000/_next/static/chunks/node_modules_next_dist_compiled_react-dom_1e674e59._.js:2325
[ 7296840ms] [ERROR] Unable to preventDefault inside passive event listener invocation. @ http://localhost:3000/_next/static/chunks/node_modules_next_dist_compiled_react-dom_1e674e59._.js:2325
[ 7296868ms] [ERROR] Unable to preventDefault inside passive event listener invocation. @ http://localhost:3000/_next/static/chunks/node_modules_next_dist_compiled_react-dom_1e674e59._.js:2325
[ 7296901ms] [ERROR] Unable to preventDefault inside passive event listener invocation. @ http://localhost:3000/_next/static/chunks/node_modules_next_dist_compiled_react-dom_1e674e59._.js:2325
[ 7296918ms] [LOG] [Fast Refresh] rebuilding @ http://localhost:3000/_next/static/chunks/node_modules_next_dist_f3530cac._.js:2297
[ 7296920ms] [LOG] [Fast Refresh] done in 106ms @ http://localhost:3000/_next/static/chunks/node_modules_next_dist_f3530cac._.js:2297
[ 7297264ms] [ERROR] Unable to preventDefault inside passive event listener invocation. @ http://localhost:3000/_next/static/chunks/node_modules_next_dist_compiled_react-dom_1e674e59._.js:2325
[ 7297363ms] [ERROR] Unable to preventDefault inside passive event listener invocation. @ http://localhost:3000/_next/static/chunks/node_modules_next_dist_compiled_react-dom_1e674e59._.js:2325
[ 7297411ms] [ERROR] Unable to preventDefault inside passive event listener invocation. @ http://localhost:3000/_next/static/chunks/node_modules_next_dist_compiled_react-dom_1e674e59._.js:2325
[ 7297689ms] [ERROR] Unable to preventDefault inside passive event listener invocation. @ http://localhost:3000/_next/static/chunks/node_modules_next_dist_compiled_react-dom_1e674e59._.js:2325
[ 7297718ms] [ERROR] Unable to preventDefault inside passive event listener invocation. @ http://localhost:3000/_next/static/chunks/node_modules_next_dist_compiled_react-dom_1e674e59._.js:2325
[ 7297751ms] [ERROR] Unable to preventDefault inside passive event listener invocation. @ http://localhost:3000/_next/static/chunks/node_modules_next_dist_compiled_react-dom_1e674e59._.js:2325
[ 7298019ms] [ERROR] Unable to preventDefault inside passive event listener invocation. @ http://localhost:3000/_next/static/chunks/node_modules_next_dist_compiled_react-dom_1e674e59._.js:2325
[ 7298068ms] [ERROR] Unable to preventDefault inside passive event listener invocation. @ http://localhost:3000/_next/static/chunks/node_modules_next_dist_compiled_react-dom_1e674e59._.js:2325
[ 7298084ms] [ERROR] Unable to preventDefault inside passive event listener invocation. @ http://localhost:3000/_next/static/chunks/node_modules_next_dist_compiled_react-dom_1e674e59._.js:2325
[ 7298313ms] [ERROR] Unable to preventDefault inside passive event listener invocation. @ http://localhost:3000/_next/static/chunks/node_modules_next_dist_compiled_react-dom_1e674e59._.js:2325
[ 7298351ms] [ERROR] Unable to preventDefault inside passive event listener invocation. @ http://localhost:3000/_next/static/chunks/node_modules_next_dist_compiled_react-dom_1e674e59._.js:2325
[ 7298368ms] [ERROR] Unable to preventDefault inside passive event listener invocation. @ http://localhost:3000/_next/static/chunks/node_modules_next_dist_compiled_react-dom_1e674e59._.js:2325
[ 7298401ms] [ERROR] Unable to preventDefault inside passive event listener invocation. @ http://localhost:3000/_next/static/chunks/node_modules_next_dist_compiled_react-dom_1e674e59._.js:2325
[ 7298813ms] [ERROR] Unable to preventDefault inside passive event listener invocation. @ http://localhost:3000/_next/static/chunks/node_modules_next_dist_compiled_react-dom_1e674e59._.js:2325
[ 7298852ms] [ERROR] Unable to preventDefault inside passive event listener invocation. @ http://localhost:3000/_next/static/chunks/node_modules_next_dist_compiled_react-dom_1e674e59._.js:2325
[ 7299161ms] [ERROR] Unable to preventDefault inside passive event listener invocation. @ http://localhost:3000/_next/static/chunks/node_modules_next_dist_compiled_react-dom_1e674e59._.js:2325
[ 7299203ms] [ERROR] Unable to preventDefault inside passive event listener invocation. @ http://localhost:3000/_next/static/chunks/node_modules_next_dist_compiled_react-dom_1e674e59._.js:2325
[ 7299252ms] [ERROR] Unable to preventDefault inside passive event listener invocation. @ http://localhost:3000/_next/static/chunks/node_modules_next_dist_compiled_react-dom_1e674e59._.js:2325
[ 7301510ms] [INFO] %cDownload the React DevTools for a better development experience: https://react.dev/link/react-devtools font-weight:bold @ http://localhost:3000/_next/static/chunks/node_modules_next_dist_f3530cac._.js:2297
[ 7301537ms] [LOG] [HMR] connected @ http://localhost:3000/_next/static/chunks/node_modules_next_dist_f3530cac._.js:2297
[ 7306474ms] [WARNING] [session] could not resolve session: Error: Supabase not configured. Add NEXT_PUBLIC_SUPABASE_URL and NEXT_PUBLIC_SUPABASE_ANON_KEY to .env
    at throwNotConfigured (http://localhost:3000/_next/static/chunks/app_72cdfce5._.js:189:11)
    at useDatabase.useCallback[getSb] (http://localhost:3000/_next/static/chunks/app_72cdfce5._.js:195:153)
    at useDatabase.useCallback[checkForExistingSession] [as checkForExistingSession] (http://localhost:3000/_next/static/chunks/app_72cdfce5._.js:350:24)
    at Home.useCallback[resolveSessionId] (http://localhost:3000/_next/static/chunks/app_72cdfce5._.js:1495:43)
    at Home.useCallback[handleStartProcessing] (http://localhost:3000/_next/static/chunks/app_72cdfce5._.js:1615:13)
    at onClick (http://localhost:3000/_next/static/chunks/app_components_LoadScreen_tsx_13da77f7._.js:2153:46)
    at executeDispatch (http://localhost:3000/_next/static/chunks/node_modules_next_dist_compiled_react-dom_1e674e59._.js:10314:13)
    at runWithFiberInDEV (http://localhost:3000/_next/static/chunks/node_modules_next_dist_compiled_react-dom_1e674e59._.js:965:74)
    at processDispatchQueue (http://localhost:3000/_next/static/chunks/node_modules_next_dist_compiled_react-dom_1e674e59._.js:10340:41)
    at http://localhost:3000/_next/static/chunks/node_modules_next_dist_compiled_react-dom_1e674e59._.js:10615:13
    at batchedUpdates$1 (http://localhost:3000/_next/static/chunks/node_modules_next_dist_compiled_react-dom_1e674e59._.js:2253:44)
    at dispatchEventForPluginEventSystem (http://localhost:3000/_next/static/chunks/node_modules_next_dist_compiled_react-dom_1e674e59._.js:10416:9)
    at dispatchEvent (http://localhost:3000/_next/static/chunks/node_modules_next_dist_compiled_react-dom_1e674e59._.js:12935:37)
    at dispatchDiscreteEvent (http://localhost:3000/_next/static/chunks/node_modules_next_dist_compiled_react-dom_1e674e59._.js:12917:64) @ http://localhost:3000/_next/static/chunks/node_modules_next_dist_f3530cac._.js:2297
[ 7310172ms] [LOG] [PoleLayout mount] cachedData: poleDone=false tags=0 @ http://localhost:3000/_next/static/chunks/node_modules_next_dist_f3530cac._.js:2297
[ 7310180ms] [LOG] [PoleLayout mount] cachedData: poleDone=false tags=0 @ http://localhost:3000/_next/static/chunks/node_modules_next_dist_f3530cac._.js:2297
[ 7312482ms] [LOG] [cache-update] sid= null poleTags= 41 shapes= 0 @ http://localhost:3000/_next/static/chunks/node_modules_next_dist_f3530cac._.js:2297
[ 7312482ms] [WARNING] [cache-update] skipping save — no sessionId or db @ http://localhost:3000/_next/static/chunks/node_modules_next_dist_f3530cac._.js:2297
[ 7317366ms] [LOG] [cache-update] sid= null poleTags= 0 shapes= 0 @ http://localhost:3000/_next/static/chunks/node_modules_next_dist_f3530cac._.js:2297
[ 7317366ms] [WARNING] [cache-update] skipping save — no sessionId or db @ http://localhost:3000/_next/static/chunks/node_modules_next_dist_f3530cac._.js:2297
[ 7319148ms] [LOG] [cache-update] sid= null poleTags= 0 shapes= 11 @ http://localhost:3000/_next/static/chunks/node_modules_next_dist_f3530cac._.js:2297
[ 7319149ms] [WARNING] [cache-update] skipping save — no sessionId or db @ http://localhost:3000/_next/static/chunks/node_modules_next_dist_f3530cac._.js:2297
[ 7320813ms] [ERROR] Unable to preventDefault inside passive event listener invocation. @ http://localhost:3000/_next/static/chunks/node_modules_next_dist_compiled_react-dom_1e674e59._.js:2325
[ 7320845ms] [ERROR] Unable to preventDefault inside passive event listener invocation. @ http://localhost:3000/_next/static/chunks/node_modules_next_dist_compiled_react-dom_1e674e59._.js:2325
[ 7320862ms] [ERROR] Unable to preventDefault inside passive event listener invocation. @ http://localhost:3000/_next/static/chunks/node_modules_next_dist_compiled_react-dom_1e674e59._.js:2325
[ 7320912ms] [ERROR] Unable to preventDefault inside passive event listener invocation. @ http://localhost:3000/_next/static/chunks/node_modules_next_dist_compiled_react-dom_1e674e59._.js:2325
[ 7321339ms] [ERROR] Unable to preventDefault inside passive event listener invocation. @ http://localhost:3000/_next/static/chunks/node_modules_next_dist_compiled_react-dom_1e674e59._.js:2325
[ 7321357ms] [ERROR] Unable to preventDefault inside passive event listener invocation. @ http://localhost:3000/_next/static/chunks/node_modules_next_dist_compiled_react-dom_1e674e59._.js:2325
[ 7321372ms] [ERROR] Unable to preventDefault inside passive event listener invocation. @ http://localhost:3000/_next/static/chunks/node_modules_next_dist_compiled_react-dom_1e674e59._.js:2325
[ 7321406ms] [ERROR] Unable to preventDefault inside passive event listener invocation. @ http://localhost:3000/_next/static/chunks/node_modules_next_dist_compiled_react-dom_1e674e59._.js:2325
[ 7321619ms] [ERROR] Unable to preventDefault inside passive event listener invocation. @ http://localhost:3000/_next/static/chunks/node_modules_next_dist_compiled_react-dom_1e674e59._.js:2325
[ 7321644ms] [ERROR] Unable to preventDefault inside passive event listener invocation. @ http://localhost:3000/_next/static/chunks/node_modules_next_dist_compiled_react-dom_1e674e59._.js:2325
[ 7321680ms] [ERROR] Unable to preventDefault inside passive event listener invocation. @ http://localhost:3000/_next/static/chunks/node_modules_next_dist_compiled_react-dom_1e674e59._.js:2325
[ 7321729ms] [LOG] [Fast Refresh] rebuilding @ http://localhost:3000/_next/static/chunks/node_modules_next_dist_f3530cac._.js:2297
[ 7321732ms] [LOG] [Fast Refresh] done in 106ms @ http://localhost:3000/_next/static/chunks/node_modules_next_dist_f3530cac._.js:2297
[ 7321879ms] [ERROR] Unable to preventDefault inside passive event listener invocation. @ http://localhost:3000/_next/static/chunks/node_modules_next_dist_compiled_react-dom_1e674e59._.js:2325
[ 7321913ms] [ERROR] Unable to preventDefault inside passive event listener invocation. @ http://localhost:3000/_next/static/chunks/node_modules_next_dist_compiled_react-dom_1e674e59._.js:2325
[ 7321937ms] [ERROR] Unable to preventDefault inside passive event listener invocation. @ http://localhost:3000/_next/static/chunks/node_modules_next_dist_compiled_react-dom_1e674e59._.js:2325
[ 7322250ms] [ERROR] Unable to preventDefault inside passive event listener invocation. @ http://localhost:3000/_next/static/chunks/node_modules_next_dist_compiled_react-dom_1e674e59._.js:2325
[ 7322485ms] [LOG] [cache-update] sid= null poleTags= 8 shapes= 0 @ http://localhost:3000/_next/static/chunks/node_modules_next_dist_f3530cac._.js:2297
[ 7322486ms] [WARNING] [cache-update] skipping save — no sessionId or db @ http://localhost:3000/_next/static/chunks/node_modules_next_dist_f3530cac._.js:2297
[ 7324518ms] [LOG] [cache-update] sid= null poleTags= 11 shapes= 0 @ http://localhost:3000/_next/static/chunks/node_modules_next_dist_f3530cac._.js:2297
[ 7324519ms] [WARNING] [cache-update] skipping save — no sessionId or db @ http://localhost:3000/_next/static/chunks/node_modules_next_dist_f3530cac._.js:2297
[ 7324682ms] [ERROR] Unable to preventDefault inside passive event listener invocation. @ http://localhost:3000/_next/static/chunks/node_modules_next_dist_compiled_react-dom_1e674e59._.js:2325
[ 7324713ms] [ERROR] Unable to preventDefault inside passive event listener invocation. @ http://localhost:3000/_next/static/chunks/node_modules_next_dist_compiled_react-dom_1e674e59._.js:2325
[ 7324730ms] [ERROR] Unable to preventDefault inside passive event listener invocation. @ http://localhost:3000/_next/static/chunks/node_modules_next_dist_compiled_react-dom_1e674e59._.js:2325
[ 7324747ms] [ERROR] Unable to preventDefault inside passive event listener invocation. @ http://localhost:3000/_next/static/chunks/node_modules_next_dist_compiled_react-dom_1e674e59._.js:2325
[ 7324763ms] [ERROR] Unable to preventDefault inside passive event listener invocation. @ http://localhost:3000/_next/static/chunks/node_modules_next_dist_compiled_react-dom_1e674e59._.js:2325
[ 7324980ms] [ERROR] Unable to preventDefault inside passive event listener invocation. @ http://localhost:3000/_next/static/chunks/node_modules_next_dist_compiled_react-dom_1e674e59._.js:2325
[ 7324999ms] [ERROR] Unable to preventDefault inside passive event listener invocation. @ http://localhost:3000/_next/static/chunks/node_modules_next_dist_compiled_react-dom_1e674e59._.js:2325
[ 7325014ms] [ERROR] Unable to preventDefault inside passive event listener invocation. @ http://localhost:3000/_next/static/chunks/node_modules_next_dist_compiled_react-dom_1e674e59._.js:2325
[ 7325030ms] [ERROR] Unable to preventDefault inside passive event listener invocation. @ http://localhost:3000/_next/static/chunks/node_modules_next_dist_compiled_react-dom_1e674e59._.js:2325
[ 7325047ms] [ERROR] Unable to preventDefault inside passive event listener invocation. @ http://localhost:3000/_next/static/chunks/node_modules_next_dist_compiled_react-dom_1e674e59._.js:2325
[ 7325100ms] [LOG] [Fast Refresh] rebuilding @ http://localhost:3000/_next/static/chunks/node_modules_next_dist_f3530cac._.js:2297
[ 7325101ms] [LOG] [Fast Refresh] done in 101ms @ http://localhost:3000/_next/static/chunks/node_modules_next_dist_f3530cac._.js:2297
[ 7325258ms] [ERROR] Unable to preventDefault inside passive event listener invocation. @ http://localhost:3000/_next/static/chunks/node_modules_next_dist_compiled_react-dom_1e674e59._.js:2325
[ 7325281ms] [ERROR] Unable to preventDefault inside passive event listener invocation. @ http://localhost:3000/_next/static/chunks/node_modules_next_dist_compiled_react-dom_1e674e59._.js:2325
[ 7325314ms] [ERROR] Unable to preventDefault inside passive event listener invocation. @ http://localhost:3000/_next/static/chunks/node_modules_next_dist_compiled_react-dom_1e674e59._.js:2325
[ 7325319ms] [ERROR] Unable to preventDefault inside passive event listener invocation. @ http://localhost:3000/_next/static/chunks/node_modules_next_dist_compiled_react-dom_1e674e59._.js:2325
[ 7325330ms] [ERROR] Unable to preventDefault inside passive event listener invocation. @ http://localhost:3000/_next/static/chunks/node_modules_next_dist_compiled_react-dom_1e674e59._.js:2325
[ 7326558ms] [LOG] [cache-update] sid= null poleTags= 15 shapes= 0 @ http://localhost:3000/_next/static/chunks/node_modules_next_dist_f3530cac._.js:2297
[ 7326558ms] [WARNING] [cache-update] skipping save — no sessionId or db @ http://localhost:3000/_next/static/chunks/node_modules_next_dist_f3530cac._.js:2297
[ 7327915ms] [ERROR] Unable to preventDefault inside passive event listener invocation. @ http://localhost:3000/_next/static/chunks/node_modules_next_dist_compiled_react-dom_1e674e59._.js:2325
[ 7327916ms] [ERROR] Unable to preventDefault inside passive event listener invocation. @ http://localhost:3000/_next/static/chunks/node_modules_next_dist_compiled_react-dom_1e674e59._.js:2325
[ 7327920ms] [ERROR] Unable to preventDefault inside passive event listener invocation. @ http://localhost:3000/_next/static/chunks/node_modules_next_dist_compiled_react-dom_1e674e59._.js:2325
[ 7327938ms] [ERROR] Unable to preventDefault inside passive event listener invocation. @ http://localhost:3000/_next/static/chunks/node_modules_next_dist_compiled_react-dom_1e674e59._.js:2325
[ 7327948ms] [ERROR] Unable to preventDefault inside passive event listener invocation. @ http://localhost:3000/_next/static/chunks/node_modules_next_dist_compiled_react-dom_1e674e59._.js:2325
[ 7327965ms] [ERROR] Unable to preventDefault inside passive event listener invocation. @ http://localhost:3000/_next/static/chunks/node_modules_next_dist_compiled_react-dom_1e674e59._.js:2325
[ 7328195ms] [ERROR] Unable to preventDefault inside passive event listener invocation. @ http://localhost:3000/_next/static/chunks/node_modules_next_dist_compiled_react-dom_1e674e59._.js:2325
[ 7328215ms] [ERROR] Unable to preventDefault inside passive event listener invocation. @ http://localhost:3000/_next/static/chunks/node_modules_next_dist_compiled_react-dom_1e674e59._.js:2325
[ 7328232ms] [ERROR] Unable to preventDefault inside passive event listener invocation. @ http://localhost:3000/_next/static/chunks/node_modules_next_dist_compiled_react-dom_1e674e59._.js:2325
[ 7328248ms] [ERROR] Unable to preventDefault inside passive event listener invocation. @ http://localhost:3000/_next/static/chunks/node_modules_next_dist_compiled_react-dom_1e674e59._.js:2325
[ 7328265ms] [ERROR] Unable to preventDefault inside passive event listener invocation. @ http://localhost:3000/_next/static/chunks/node_modules_next_dist_compiled_react-dom_1e674e59._.js:2325
[ 7328314ms] [LOG] [Fast Refresh] rebuilding @ http://localhost:3000/_next/static/chunks/node_modules_next_dist_f3530cac._.js:2297
[ 7328321ms] [LOG] [Fast Refresh] done in 107ms @ http://localhost:3000/_next/static/chunks/node_modules_next_dist_f3530cac._.js:2297
[ 7328593ms] [LOG] [cache-update] sid= null poleTags= 17 shapes= 0 @ http://localhost:3000/_next/static/chunks/node_modules_next_dist_f3530cac._.js:2297
[ 7328593ms] [WARNING] [cache-update] skipping save — no sessionId or db @ http://localhost:3000/_next/static/chunks/node_modules_next_dist_f3530cac._.js:2297
[ 7332857ms] [ERROR] Unable to preventDefault inside passive event listener invocation. @ http://localhost:3000/_next/static/chunks/node_modules_next_dist_compiled_react-dom_1e674e59._.js:2325
[ 7332884ms] [ERROR] Unable to preventDefault inside passive event listener invocation. @ http://localhost:3000/_next/static/chunks/node_modules_next_dist_compiled_react-dom_1e674e59._.js:2325
[ 7332917ms] [ERROR] Unable to preventDefault inside passive event listener invocation. @ http://localhost:3000/_next/static/chunks/node_modules_next_dist_compiled_react-dom_1e674e59._.js:2325
[ 7333156ms] [ERROR] Unable to preventDefault inside passive event listener invocation. @ http://localhost:3000/_next/static/chunks/node_modules_next_dist_compiled_react-dom_1e674e59._.js:2325
[ 7333185ms] [ERROR] Unable to preventDefault inside passive event listener invocation. @ http://localhost:3000/_next/static/chunks/node_modules_next_dist_compiled_react-dom_1e674e59._.js:2325
[ 7333207ms] [ERROR] Unable to preventDefault inside passive event listener invocation. @ http://localhost:3000/_next/static/chunks/node_modules_next_dist_compiled_react-dom_1e674e59._.js:2325
[ 7333240ms] [ERROR] Unable to preventDefault inside passive event listener invocation. @ http://localhost:3000/_next/static/chunks/node_modules_next_dist_compiled_react-dom_1e674e59._.js:2325
[ 7333473ms] [ERROR] Unable to preventDefault inside passive event listener invocation. @ http://localhost:3000/_next/static/chunks/node_modules_next_dist_compiled_react-dom_1e674e59._.js:2325
[ 7333507ms] [ERROR] Unable to preventDefault inside passive event listener invocation. @ http://localhost:3000/_next/static/chunks/node_modules_next_dist_compiled_react-dom_1e674e59._.js:2325
[ 7333588ms] [LOG] [cache-update] sid= null poleTags= 27 shapes= 0 @ http://localhost:3000/_next/static/chunks/node_modules_next_dist_f3530cac._.js:2297
[ 7333588ms] [WARNING] [cache-update] skipping save — no sessionId or db @ http://localhost:3000/_next/static/chunks/node_modules_next_dist_f3530cac._.js:2297
[ 7335895ms] [LOG] [cache-update] sid= null poleTags= 41 shapes= 0 @ http://localhost:3000/_next/static/chunks/node_modules_next_dist_f3530cac._.js:2297
[ 7335895ms] [WARNING] [cache-update] skipping save — no sessionId or db @ http://localhost:3000/_next/static/chunks/node_modules_next_dist_f3530cac._.js:2297
[ 7336861ms] [LOG] [cache-update] sid= null poleTags= 41 shapes= 0 @ http://localhost:3000/_next/static/chunks/node_modules_next_dist_f3530cac._.js:2297
[ 7336862ms] [WARNING] [cache-update] skipping save — no sessionId or db @ http://localhost:3000/_next/static/chunks/node_modules_next_dist_f3530cac._.js:2297
[ 7343364ms] [ERROR] Unable to preventDefault inside passive event listener invocation. @ http://localhost:3000/_next/static/chunks/node_modules_next_dist_compiled_react-dom_1e674e59._.js:2325
[ 7343365ms] [ERROR] Unable to preventDefault inside passive event listener invocation. @ http://localhost:3000/_next/static/chunks/node_modules_next_dist_compiled_react-dom_1e674e59._.js:2325
[ 7343405ms] [ERROR] Unable to preventDefault inside passive event listener invocation. @ http://localhost:3000/_next/static/chunks/node_modules_next_dist_compiled_react-dom_1e674e59._.js:2325
[ 7343462ms] [ERROR] Unable to preventDefault inside passive event listener invocation. @ http://localhost:3000/_next/static/chunks/node_modules_next_dist_compiled_react-dom_1e674e59._.js:2325
[ 7343622ms] [ERROR] Unable to preventDefault inside passive event listener invocation. @ http://localhost:3000/_next/static/chunks/node_modules_next_dist_compiled_react-dom_1e674e59._.js:2325
[ 7343639ms] [ERROR] Unable to preventDefault inside passive event listener invocation. @ http://localhost:3000/_next/static/chunks/node_modules_next_dist_compiled_react-dom_1e674e59._.js:2325
[ 7343672ms] [ERROR] Unable to preventDefault inside passive event listener invocation. @ http://localhost:3000/_next/static/chunks/node_modules_next_dist_compiled_react-dom_1e674e59._.js:2325
[ 7343706ms] [ERROR] Unable to preventDefault inside passive event listener invocation. @ http://localhost:3000/_next/static/chunks/node_modules_next_dist_compiled_react-dom_1e674e59._.js:2325
[ 7343872ms] [ERROR] Unable to preventDefault inside passive event listener invocation. @ http://localhost:3000/_next/static/chunks/node_modules_next_dist_compiled_react-dom_1e674e59._.js:2325
[ 7343878ms] [ERROR] Unable to preventDefault inside passive event listener invocation. @ http://localhost:3000/_next/static/chunks/node_modules_next_dist_compiled_react-dom_1e674e59._.js:2325
[ 7343906ms] [ERROR] Unable to preventDefault inside passive event listener invocation. @ http://localhost:3000/_next/static/chunks/node_modules_next_dist_compiled_react-dom_1e674e59._.js:2325
[ 7343939ms] [ERROR] Unable to preventDefault inside passive event listener invocation. @ http://localhost:3000/_next/static/chunks/node_modules_next_dist_compiled_react-dom_1e674e59._.js:2325
[ 7344228ms] [ERROR] Unable to preventDefault inside passive event listener invocation. @ http://localhost:3000/_next/static/chunks/node_modules_next_dist_compiled_react-dom_1e674e59._.js:2325
[ 7346140ms] [ERROR] Unable to preventDefault inside passive event listener invocation. @ http://localhost:3000/_next/static/chunks/node_modules_next_dist_compiled_react-dom_1e674e59._.js:2325
[ 7346174ms] [ERROR] Unable to preventDefault inside passive event listener invocation. @ http://localhost:3000/_next/static/chunks/node_modules_next_dist_compiled_react-dom_1e674e59._.js:2325
[ 7346397ms] [ERROR] Unable to preventDefault inside passive event listener invocation. @ http://localhost:3000/_next/static/chunks/node_modules_next_dist_compiled_react-dom_1e674e59._.js:2325
[ 7346407ms] [ERROR] Unable to preventDefault inside passive event listener invocation. @ http://localhost:3000/_next/static/chunks/node_modules_next_dist_compiled_react-dom_1e674e59._.js:2325
[ 7346424ms] [ERROR] Unable to preventDefault inside passive event listener invocation. @ http://localhost:3000/_next/static/chunks/node_modules_next_dist_compiled_react-dom_1e674e59._.js:2325
[ 7346447ms] [ERROR] Unable to preventDefault inside passive event listener invocation. @ http://localhost:3000/_next/static/chunks/node_modules_next_dist_compiled_react-dom_1e674e59._.js:2325
[ 7346632ms] [ERROR] Unable to preventDefault inside passive event listener invocation. @ http://localhost:3000/_next/static/chunks/node_modules_next_dist_compiled_react-dom_1e674e59._.js:2325
[ 7346657ms] [ERROR] Unable to preventDefault inside passive event listener invocation. @ http://localhost:3000/_next/static/chunks/node_modules_next_dist_compiled_react-dom_1e674e59._.js:2325
[ 7346690ms] [ERROR] Unable to preventDefault inside passive event listener invocation. @ http://localhost:3000/_next/static/chunks/node_modules_next_dist_compiled_react-dom_1e674e59._.js:2325
[ 7346896ms] [ERROR] Unable to preventDefault inside passive event listener invocation. @ http://localhost:3000/_next/static/chunks/node_modules_next_dist_compiled_react-dom_1e674e59._.js:2325
[ 7346907ms] [ERROR] Unable to preventDefault inside passive event listener invocation. @ http://localhost:3000/_next/static/chunks/node_modules_next_dist_compiled_react-dom_1e674e59._.js:2325
[ 7346940ms] [ERROR] Unable to preventDefault inside passive event listener invocation. @ http://localhost:3000/_next/static/chunks/node_modules_next_dist_compiled_react-dom_1e674e59._.js:2325
[ 7352631ms] [ERROR] Unable to preventDefault inside passive event listener invocation. @ http://localhost:3000/_next/static/chunks/node_modules_next_dist_compiled_react-dom_1e674e59._.js:2325
[ 7352793ms] [ERROR] Unable to preventDefault inside passive event listener invocation. @ http://localhost:3000/_next/static/chunks/node_modules_next_dist_compiled_react-dom_1e674e59._.js:2325
[ 7352843ms] [ERROR] Unable to preventDefault inside passive event listener invocation. @ http://localhost:3000/_next/static/chunks/node_modules_next_dist_compiled_react-dom_1e674e59._.js:2325
[ 7352876ms] [ERROR] Unable to preventDefault inside passive event listener invocation. @ http://localhost:3000/_next/static/chunks/node_modules_next_dist_compiled_react-dom_1e674e59._.js:2325
[ 7354944ms] [ERROR] Unable to preventDefault inside passive event listener invocation. @ http://localhost:3000/_next/static/chunks/node_modules_next_dist_compiled_react-dom_1e674e59._.js:2325
[ 7354977ms] [ERROR] Unable to preventDefault inside passive event listener invocation. @ http://localhost:3000/_next/static/chunks/node_modules_next_dist_compiled_react-dom_1e674e59._.js:2325
[ 7355010ms] [ERROR] Unable to preventDefault inside passive event listener invocation. @ http://localhost:3000/_next/static/chunks/node_modules_next_dist_compiled_react-dom_1e674e59._.js:2325
[ 7355613ms] [ERROR] Unable to preventDefault inside passive event listener invocation. @ http://localhost:3000/_next/static/chunks/node_modules_next_dist_compiled_react-dom_1e674e59._.js:2325
[ 7355635ms] [ERROR] Unable to preventDefault inside passive event listener invocation. @ http://localhost:3000/_next/static/chunks/node_modules_next_dist_compiled_react-dom_1e674e59._.js:2325
[ 7355661ms] [ERROR] Unable to preventDefault inside passive event listener invocation. @ http://localhost:3000/_next/static/chunks/node_modules_next_dist_compiled_react-dom_1e674e59._.js:2325
[ 7355867ms] [ERROR] Unable to preventDefault inside passive event listener invocation. @ http://localhost:3000/_next/static/chunks/node_modules_next_dist_compiled_react-dom_1e674e59._.js:2325
[ 7355895ms] [ERROR] Unable to preventDefault inside passive event listener invocation. @ http://localhost:3000/_next/static/chunks/node_modules_next_dist_compiled_react-dom_1e674e59._.js:2325
[ 7355911ms] [ERROR] Unable to preventDefault inside passive event listener invocation. @ http://localhost:3000/_next/static/chunks/node_modules_next_dist_compiled_react-dom_1e674e59._.js:2325
[ 7355935ms] [ERROR] Unable to preventDefault inside passive event listener invocation. @ http://localhost:3000/_next/static/chunks/node_modules_next_dist_compiled_react-dom_1e674e59._.js:2325
[ 7355979ms] [LOG] [Fast Refresh] rebuilding @ http://localhost:3000/_next/static/chunks/node_modules_next_dist_f3530cac._.js:2297
[ 7355995ms] [LOG] [Fast Refresh] done in 122ms @ http://localhost:3000/_next/static/chunks/node_modules_next_dist_f3530cac._.js:2297
[ 7356134ms] [ERROR] Unable to preventDefault inside passive event listener invocation. @ http://localhost:3000/_next/static/chunks/node_modules_next_dist_compiled_react-dom_1e674e59._.js:2325
[ 7356161ms] [ERROR] Unable to preventDefault inside passive event listener invocation. @ http://localhost:3000/_next/static/chunks/node_modules_next_dist_compiled_react-dom_1e674e59._.js:2325
[ 7361264ms] [ERROR] Unable to preventDefault inside passive event listener invocation. @ http://localhost:3000/_next/static/chunks/node_modules_next_dist_compiled_react-dom_1e674e59._.js:2325
[ 7361266ms] [ERROR] Unable to preventDefault inside passive event listener invocation. @ http://localhost:3000/_next/static/chunks/node_modules_next_dist_compiled_react-dom_1e674e59._.js:2325
[ 7361280ms] [ERROR] Unable to preventDefault inside passive event listener invocation. @ http://localhost:3000/_next/static/chunks/node_modules_next_dist_compiled_react-dom_1e674e59._.js:2325
[ 7361314ms] [ERROR] Unable to preventDefault inside passive event listener invocation. @ http://localhost:3000/_next/static/chunks/node_modules_next_dist_compiled_react-dom_1e674e59._.js:2325
[ 7361503ms] [ERROR] Unable to preventDefault inside passive event listener invocation. @ http://localhost:3000/_next/static/chunks/node_modules_next_dist_compiled_react-dom_1e674e59._.js:2325
[ 7361530ms] [ERROR] Unable to preventDefault inside passive event listener invocation. @ http://localhost:3000/_next/static/chunks/node_modules_next_dist_compiled_react-dom_1e674e59._.js:2325
[ 7361580ms] [ERROR] Unable to preventDefault inside passive event listener invocation. @ http://localhost:3000/_next/static/chunks/node_modules_next_dist_compiled_react-dom_1e674e59._.js:2325
[ 7361867ms] [ERROR] Unable to preventDefault inside passive event listener invocation. @ http://localhost:3000/_next/static/chunks/node_modules_next_dist_compiled_react-dom_1e674e59._.js:2325
[ 7361898ms] [ERROR] Unable to preventDefault inside passive event listener invocation. @ http://localhost:3000/_next/static/chunks/node_modules_next_dist_compiled_react-dom_1e674e59._.js:2325
[ 7361914ms] [ERROR] Unable to preventDefault inside passive event listener invocation. @ http://localhost:3000/_next/static/chunks/node_modules_next_dist_compiled_react-dom_1e674e59._.js:2325
[ 7361930ms] [ERROR] Unable to preventDefault inside passive event listener invocation. @ http://localhost:3000/_next/static/chunks/node_modules_next_dist_compiled_react-dom_1e674e59._.js:2325
[ 7361985ms] [LOG] [Fast Refresh] rebuilding @ http://localhost:3000/_next/static/chunks/node_modules_next_dist_f3530cac._.js:2297
[ 7361986ms] [LOG] [Fast Refresh] done in 107ms @ http://localhost:3000/_next/static/chunks/node_modules_next_dist_f3530cac._.js:2297
[ 7362164ms] [ERROR] Unable to preventDefault inside passive event listener invocation. @ http://localhost:3000/_next/static/chunks/node_modules_next_dist_compiled_react-dom_1e674e59._.js:2325
[ 7362197ms] [ERROR] Unable to preventDefault inside passive event listener invocation. @ http://localhost:3000/_next/static/chunks/node_modules_next_dist_compiled_react-dom_1e674e59._.js:2325
[ 7362231ms] [ERROR] Unable to preventDefault inside passive event listener invocation. @ http://localhost:3000/_next/static/chunks/node_modules_next_dist_compiled_react-dom_1e674e59._.js:2325
[ 7364759ms] [ERROR] Unable to preventDefault inside passive event listener invocation. @ http://localhost:3000/_next/static/chunks/node_modules_next_dist_compiled_react-dom_1e674e59._.js:2325
[ 7364782ms] [ERROR] Unable to preventDefault inside passive event listener invocation. @ http://localhost:3000/_next/static/chunks/node_modules_next_dist_compiled_react-dom_1e674e59._.js:2325
[ 7364798ms] [ERROR] Unable to preventDefault inside passive event listener invocation. @ http://localhost:3000/_next/static/chunks/node_modules_next_dist_compiled_react-dom_1e674e59._.js:2325
[ 7364815ms] [ERROR] Unable to preventDefault inside passive event listener invocation. @ http://localhost:3000/_next/static/chunks/node_modules_next_dist_compiled_react-dom_1e674e59._.js:2325
[ 7364832ms] [ERROR] Unable to preventDefault inside passive event listener invocation. @ http://localhost:3000/_next/static/chunks/node_modules_next_dist_compiled_react-dom_1e674e59._.js:2325
[ 7365015ms] [ERROR] Unable to preventDefault inside passive event listener invocation. @ http://localhost:3000/_next/static/chunks/node_modules_next_dist_compiled_react-dom_1e674e59._.js:2325
[ 7365049ms] [ERROR] Unable to preventDefault inside passive event listener invocation. @ http://localhost:3000/_next/static/chunks/node_modules_next_dist_compiled_react-dom_1e674e59._.js:2325
[ 7365050ms] [ERROR] Unable to preventDefault inside passive event listener invocation. @ http://localhost:3000/_next/static/chunks/node_modules_next_dist_compiled_react-dom_1e674e59._.js:2325
[ 7365065ms] [ERROR] Unable to preventDefault inside passive event listener invocation. @ http://localhost:3000/_next/static/chunks/node_modules_next_dist_compiled_react-dom_1e674e59._.js:2325
[ 7366168ms] [ERROR] Unable to preventDefault inside passive event listener invocation. @ http://localhost:3000/_next/static/chunks/node_modules_next_dist_compiled_react-dom_1e674e59._.js:2325
[ 7366169ms] [ERROR] Unable to preventDefault inside passive event listener invocation. @ http://localhost:3000/_next/static/chunks/node_modules_next_dist_compiled_react-dom_1e674e59._.js:2325
[ 7366181ms] [ERROR] Unable to preventDefault inside passive event listener invocation. @ http://localhost:3000/_next/static/chunks/node_modules_next_dist_compiled_react-dom_1e674e59._.js:2325
[ 7366216ms] [ERROR] Unable to preventDefault inside passive event listener invocation. @ http://localhost:3000/_next/static/chunks/node_modules_next_dist_compiled_react-dom_1e674e59._.js:2325
[ 7366397ms] [ERROR] Unable to preventDefault inside passive event listener invocation. @ http://localhost:3000/_next/static/chunks/node_modules_next_dist_compiled_react-dom_1e674e59._.js:2325
[ 7366418ms] [ERROR] Unable to preventDefault inside passive event listener invocation. @ http://localhost:3000/_next/static/chunks/node_modules_next_dist_compiled_react-dom_1e674e59._.js:2325
[ 7366449ms] [ERROR] Unable to preventDefault inside passive event listener invocation. @ http://localhost:3000/_next/static/chunks/node_modules_next_dist_compiled_react-dom_1e674e59._.js:2325
[ 7366634ms] [ERROR] Unable to preventDefault inside passive event listener invocation. @ http://localhost:3000/_next/static/chunks/node_modules_next_dist_compiled_react-dom_1e674e59._.js:2325
[ 7366666ms] [ERROR] Unable to preventDefault inside passive event listener invocation. @ http://localhost:3000/_next/static/chunks/node_modules_next_dist_compiled_react-dom_1e674e59._.js:2325
[ 7366683ms] [ERROR] Unable to preventDefault inside passive event listener invocation. @ http://localhost:3000/_next/static/chunks/node_modules_next_dist_compiled_react-dom_1e674e59._.js:2325
[ 7366883ms] [ERROR] Unable to preventDefault inside passive event listener invocation. @ http://localhost:3000/_next/static/chunks/node_modules_next_dist_compiled_react-dom_1e674e59._.js:2325
[ 7366916ms] [ERROR] Unable to preventDefault inside passive event listener invocation. @ http://localhost:3000/_next/static/chunks/node_modules_next_dist_compiled_react-dom_1e674e59._.js:2325
[ 7366966ms] [ERROR] Unable to preventDefault inside passive event listener invocation. @ http://localhost:3000/_next/static/chunks/node_modules_next_dist_compiled_react-dom_1e674e59._.js:2325
[ 7367232ms] [ERROR] Unable to preventDefault inside passive event listener invocation. @ http://localhost:3000/_next/static/chunks/node_modules_next_dist_compiled_react-dom_1e674e59._.js:2325
[ 7367266ms] [ERROR] Unable to preventDefault inside passive event listener invocation. @ http://localhost:3000/_next/static/chunks/node_modules_next_dist_compiled_react-dom_1e674e59._.js:2325
[ 7367300ms] [ERROR] Unable to preventDefault inside passive event listener invocation. @ http://localhost:3000/_next/static/chunks/node_modules_next_dist_compiled_react-dom_1e674e59._.js:2325
[ 7367333ms] [ERROR] Unable to preventDefault inside passive event listener invocation. @ http://localhost:3000/_next/static/chunks/node_modules_next_dist_compiled_react-dom_1e674e59._.js:2325
[ 7367385ms] [LOG] [Fast Refresh] rebuilding @ http://localhost:3000/_next/static/chunks/node_modules_next_dist_f3530cac._.js:2297
[ 7367386ms] [LOG] [Fast Refresh] done in 105ms @ http://localhost:3000/_next/static/chunks/node_modules_next_dist_f3530cac._.js:2297
[ 7367778ms] [ERROR] Unable to preventDefault inside passive event listener invocation. @ http://localhost:3000/_next/static/chunks/node_modules_next_dist_compiled_react-dom_1e674e59._.js:2325
[ 7371968ms] [ERROR] Unable to preventDefault inside passive event listener invocation. @ http://localhost:3000/_next/static/chunks/node_modules_next_dist_compiled_react-dom_1e674e59._.js:2325
[ 7372002ms] [ERROR] Unable to preventDefault inside passive event listener invocation. @ http://localhost:3000/_next/static/chunks/node_modules_next_dist_compiled_react-dom_1e674e59._.js:2325
[ 7372029ms] [ERROR] Unable to preventDefault inside passive event listener invocation. @ http://localhost:3000/_next/static/chunks/node_modules_next_dist_compiled_react-dom_1e674e59._.js:2325
[ 7372221ms] [ERROR] Unable to preventDefault inside passive event listener invocation. @ http://localhost:3000/_next/static/chunks/node_modules_next_dist_compiled_react-dom_1e674e59._.js:2325
[ 7372252ms] [ERROR] Unable to preventDefault inside passive event listener invocation. @ http://localhost:3000/_next/static/chunks/node_modules_next_dist_compiled_react-dom_1e674e59._.js:2325
[ 7372268ms] [ERROR] Unable to preventDefault inside passive event listener invocation. @ http://localhost:3000/_next/static/chunks/node_modules_next_dist_compiled_react-dom_1e674e59._.js:2325
[ 7372472ms] [ERROR] Unable to preventDefault inside passive event listener invocation. @ http://localhost:3000/_next/static/chunks/node_modules_next_dist_compiled_react-dom_1e674e59._.js:2325
[ 7372487ms] [ERROR] Unable to preventDefault inside passive event listener invocation. @ http://localhost:3000/_next/static/chunks/node_modules_next_dist_compiled_react-dom_1e674e59._.js:2325
[ 7372506ms] [ERROR] Unable to preventDefault inside passive event listener invocation. @ http://localhost:3000/_next/static/chunks/node_modules_next_dist_compiled_react-dom_1e674e59._.js:2325
[ 7372527ms] [ERROR] Unable to preventDefault inside passive event listener invocation. @ http://localhost:3000/_next/static/chunks/node_modules_next_dist_compiled_react-dom_1e674e59._.js:2325
[ 7372585ms] [LOG] [Fast Refresh] rebuilding @ http://localhost:3000/_next/static/chunks/node_modules_next_dist_f3530cac._.js:2297
[ 7372586ms] [LOG] [Fast Refresh] done in 107ms @ http://localhost:3000/_next/static/chunks/node_modules_next_dist_f3530cac._.js:2297
[ 7372730ms] [ERROR] Unable to preventDefault inside passive event listener invocation. @ http://localhost:3000/_next/static/chunks/node_modules_next_dist_compiled_react-dom_1e674e59._.js:2325
[ 7372752ms] [ERROR] Unable to preventDefault inside passive event listener invocation. @ http://localhost:3000/_next/static/chunks/node_modules_next_dist_compiled_react-dom_1e674e59._.js:2325
[ 7374703ms] [ERROR] Unable to preventDefault inside passive event listener invocation. @ http://localhost:3000/_next/static/chunks/node_modules_next_dist_compiled_react-dom_1e674e59._.js:2325
[ 7374736ms] [ERROR] Unable to preventDefault inside passive event listener invocation. @ http://localhost:3000/_next/static/chunks/node_modules_next_dist_compiled_react-dom_1e674e59._.js:2325
[ 7374771ms] [ERROR] Unable to preventDefault inside passive event listener invocation. @ http://localhost:3000/_next/static/chunks/node_modules_next_dist_compiled_react-dom_1e674e59._.js:2325
[ 7374951ms] [ERROR] Unable to preventDefault inside passive event listener invocation. @ http://localhost:3000/_next/static/chunks/node_modules_next_dist_compiled_react-dom_1e674e59._.js:2325
[ 7374986ms] [ERROR] Unable to preventDefault inside passive event listener invocation. @ http://localhost:3000/_next/static/chunks/node_modules_next_dist_compiled_react-dom_1e674e59._.js:2325
[ 7375020ms] [ERROR] Unable to preventDefault inside passive event listener invocation. @ http://localhost:3000/_next/static/chunks/node_modules_next_dist_compiled_react-dom_1e674e59._.js:2325
[ 7375189ms] [ERROR] Unable to preventDefault inside passive event listener invocation. @ http://localhost:3000/_next/static/chunks/node_modules_next_dist_compiled_react-dom_1e674e59._.js:2325
[ 7375211ms] [ERROR] Unable to preventDefault inside passive event listener invocation. @ http://localhost:3000/_next/static/chunks/node_modules_next_dist_compiled_react-dom_1e674e59._.js:2325
[ 7375246ms] [ERROR] Unable to preventDefault inside passive event listener invocation. @ http://localhost:3000/_next/static/chunks/node_modules_next_dist_compiled_react-dom_1e674e59._.js:2325
[ 7375302ms] [LOG] [Fast Refresh] rebuilding @ http://localhost:3000/_next/static/chunks/node_modules_next_dist_f3530cac._.js:2297
[ 7375302ms] [LOG] [Fast Refresh] done in 108ms @ http://localhost:3000/_next/static/chunks/node_modules_next_dist_f3530cac._.js:2297
[ 7377604ms] [ERROR] Unable to preventDefault inside passive event listener invocation. @ http://localhost:3000/_next/static/chunks/node_modules_next_dist_compiled_react-dom_1e674e59._.js:2325
[ 7377622ms] [ERROR] Unable to preventDefault inside passive event listener invocation. @ http://localhost:3000/_next/static/chunks/node_modules_next_dist_compiled_react-dom_1e674e59._.js:2325
[ 7377661ms] [ERROR] Unable to preventDefault inside passive event listener invocation. @ http://localhost:3000/_next/static/chunks/node_modules_next_dist_compiled_react-dom_1e674e59._.js:2325
[ 7377854ms] [ERROR] Unable to preventDefault inside passive event listener invocation. @ http://localhost:3000/_next/static/chunks/node_modules_next_dist_compiled_react-dom_1e674e59._.js:2325
[ 7377855ms] [ERROR] Unable to preventDefault inside passive event listener invocation. @ http://localhost:3000/_next/static/chunks/node_modules_next_dist_compiled_react-dom_1e674e59._.js:2325
[ 7377879ms] [ERROR] Unable to preventDefault inside passive event listener invocation. @ http://localhost:3000/_next/static/chunks/node_modules_next_dist_compiled_react-dom_1e674e59._.js:2325
[ 7378077ms] [ERROR] Unable to preventDefault inside passive event listener invocation. @ http://localhost:3000/_next/static/chunks/node_modules_next_dist_compiled_react-dom_1e674e59._.js:2325
[ 7378089ms] [ERROR] Unable to preventDefault inside passive event listener invocation. @ http://localhost:3000/_next/static/chunks/node_modules_next_dist_compiled_react-dom_1e674e59._.js:2325
[ 7378106ms] [ERROR] Unable to preventDefault inside passive event listener invocation. @ http://localhost:3000/_next/static/chunks/node_modules_next_dist_compiled_react-dom_1e674e59._.js:2325
[ 7378138ms] [ERROR] Unable to preventDefault inside passive event listener invocation. @ http://localhost:3000/_next/static/chunks/node_modules_next_dist_compiled_react-dom_1e674e59._.js:2325
[ 7378321ms] [ERROR] Unable to preventDefault inside passive event listener invocation. @ http://localhost:3000/_next/static/chunks/node_modules_next_dist_compiled_react-dom_1e674e59._.js:2325
[ 7378355ms] [ERROR] Unable to preventDefault inside passive event listener invocation. @ http://localhost:3000/_next/static/chunks/node_modules_next_dist_compiled_react-dom_1e674e59._.js:2325
[ 7378360ms] [ERROR] Unable to preventDefault inside passive event listener invocation. @ http://localhost:3000/_next/static/chunks/node_modules_next_dist_compiled_react-dom_1e674e59._.js:2325
[ 7378642ms] [ERROR] Unable to preventDefault inside passive event listener invocation. @ http://localhost:3000/_next/static/chunks/node_modules_next_dist_compiled_react-dom_1e674e59._.js:2325
[ 7381220ms] [ERROR] Unable to preventDefault inside passive event listener invocation. @ http://localhost:3000/_next/static/chunks/node_modules_next_dist_compiled_react-dom_1e674e59._.js:2325
[ 7381221ms] [ERROR] Unable to preventDefault inside passive event listener invocation. @ http://localhost:3000/_next/static/chunks/node_modules_next_dist_compiled_react-dom_1e674e59._.js:2325
[ 7381222ms] [ERROR] Unable to preventDefault inside passive event listener invocation. @ http://localhost:3000/_next/static/chunks/node_modules_next_dist_compiled_react-dom_1e674e59._.js:2325
[ 7381239ms] [ERROR] Unable to preventDefault inside passive event listener invocation. @ http://localhost:3000/_next/static/chunks/node_modules_next_dist_compiled_react-dom_1e674e59._.js:2325
[ 7381256ms] [ERROR] Unable to preventDefault inside passive event listener invocation. @ http://localhost:3000/_next/static/chunks/node_modules_next_dist_compiled_react-dom_1e674e59._.js:2325
[ 7381451ms] [ERROR] Unable to preventDefault inside passive event listener invocation. @ http://localhost:3000/_next/static/chunks/node_modules_next_dist_compiled_react-dom_1e674e59._.js:2325
[ 7381473ms] [ERROR] Unable to preventDefault inside passive event listener invocation. @ http://localhost:3000/_next/static/chunks/node_modules_next_dist_compiled_react-dom_1e674e59._.js:2325
[ 7381489ms] [ERROR] Unable to preventDefault inside passive event listener invocation. @ http://localhost:3000/_next/static/chunks/node_modules_next_dist_compiled_react-dom_1e674e59._.js:2325
[ 7381506ms] [ERROR] Unable to preventDefault inside passive event listener invocation. @ http://localhost:3000/_next/static/chunks/node_modules_next_dist_compiled_react-dom_1e674e59._.js:2325
[ 7382999ms] [ERROR] Unable to preventDefault inside passive event listener invocation. @ http://localhost:3000/_next/static/chunks/node_modules_next_dist_compiled_react-dom_1e674e59._.js:2325
[ 7383040ms] [ERROR] Unable to preventDefault inside passive event listener invocation. @ http://localhost:3000/_next/static/chunks/node_modules_next_dist_compiled_react-dom_1e674e59._.js:2325
[ 7383046ms] [ERROR] Unable to preventDefault inside passive event listener invocation. @ http://localhost:3000/_next/static/chunks/node_modules_next_dist_compiled_react-dom_1e674e59._.js:2325
[ 7383073ms] [ERROR] Unable to preventDefault inside passive event listener invocation. @ http://localhost:3000/_next/static/chunks/node_modules_next_dist_compiled_react-dom_1e674e59._.js:2325
[ 7383251ms] [ERROR] Unable to preventDefault inside passive event listener invocation. @ http://localhost:3000/_next/static/chunks/node_modules_next_dist_compiled_react-dom_1e674e59._.js:2325
[ 7383290ms] [ERROR] Unable to preventDefault inside passive event listener invocation. @ http://localhost:3000/_next/static/chunks/node_modules_next_dist_compiled_react-dom_1e674e59._.js:2325
[ 7383297ms] [ERROR] Unable to preventDefault inside passive event listener invocation. @ http://localhost:3000/_next/static/chunks/node_modules_next_dist_compiled_react-dom_1e674e59._.js:2325
[ 7383357ms] [ERROR] Unable to preventDefault inside passive event listener invocation. @ http://localhost:3000/_next/static/chunks/node_modules_next_dist_compiled_react-dom_1e674e59._.js:2325
[ 7383507ms] [ERROR] Unable to preventDefault inside passive event listener invocation. @ http://localhost:3000/_next/static/chunks/node_modules_next_dist_compiled_react-dom_1e674e59._.js:2325
[ 7383540ms] [ERROR] Unable to preventDefault inside passive event listener invocation. @ http://localhost:3000/_next/static/chunks/node_modules_next_dist_compiled_react-dom_1e674e59._.js:2325
[ 7383557ms] [ERROR] Unable to preventDefault inside passive event listener invocation. @ http://localhost:3000/_next/static/chunks/node_modules_next_dist_compiled_react-dom_1e674e59._.js:2325
[ 7384941ms] [ERROR] Unable to preventDefault inside passive event listener invocation. @ http://localhost:3000/_next/static/chunks/node_modules_next_dist_compiled_react-dom_1e674e59._.js:2325
[ 7384942ms] [ERROR] Unable to preventDefault inside passive event listener invocation. @ http://localhost:3000/_next/static/chunks/node_modules_next_dist_compiled_react-dom_1e674e59._.js:2325
[ 7384958ms] [ERROR] Unable to preventDefault inside passive event listener invocation. @ http://localhost:3000/_next/static/chunks/node_modules_next_dist_compiled_react-dom_1e674e59._.js:2325
[ 7384975ms] [ERROR] Unable to preventDefault inside passive event listener invocation. @ http://localhost:3000/_next/static/chunks/node_modules_next_dist_compiled_react-dom_1e674e59._.js:2325
[ 7384991ms] [ERROR] Unable to preventDefault inside passive event listener invocation. @ http://localhost:3000/_next/static/chunks/node_modules_next_dist_compiled_react-dom_1e674e59._.js:2325
[ 7428745ms] [ERROR] Unable to preventDefault inside passive event listener invocation. @ http://localhost:3000/_next/static/chunks/node_modules_next_dist_compiled_react-dom_1e674e59._.js:2325
[ 7428777ms] [ERROR] Unable to preventDefault inside passive event listener invocation. @ http://localhost:3000/_next/static/chunks/node_modules_next_dist_compiled_react-dom_1e674e59._.js:2325
[ 7428795ms] [ERROR] Unable to preventDefault inside passive event listener invocation. @ http://localhost:3000/_next/static/chunks/node_modules_next_dist_compiled_react-dom_1e674e59._.js:2325
[ 7428811ms] [ERROR] Unable to preventDefault inside passive event listener invocation. @ http://localhost:3000/_next/static/chunks/node_modules_next_dist_compiled_react-dom_1e674e59._.js:2325
[ 7428859ms] [LOG] [Fast Refresh] rebuilding @ http://localhost:3000/_next/static/chunks/node_modules_next_dist_f3530cac._.js:2297
[ 7428860ms] [LOG] [Fast Refresh] done in 106ms @ http://localhost:3000/_next/static/chunks/node_modules_next_dist_f3530cac._.js:2297
[ 7428996ms] [ERROR] Unable to preventDefault inside passive event listener invocation. @ http://localhost:3000/_next/static/chunks/node_modules_next_dist_compiled_react-dom_1e674e59._.js:2325
[ 7429028ms] [ERROR] Unable to preventDefault inside passive event listener invocation. @ http://localhost:3000/_next/static/chunks/node_modules_next_dist_compiled_react-dom_1e674e59._.js:2325
[ 7429044ms] [ERROR] Unable to preventDefault inside passive event listener invocation. @ http://localhost:3000/_next/static/chunks/node_modules_next_dist_compiled_react-dom_1e674e59._.js:2325
[ 7429046ms] [ERROR] Unable to preventDefault inside passive event listener invocation. @ http://localhost:3000/_next/static/chunks/node_modules_next_dist_compiled_react-dom_1e674e59._.js:2325
[ 7429061ms] [ERROR] Unable to preventDefault inside passive event listener invocation. @ http://localhost:3000/_next/static/chunks/node_modules_next_dist_compiled_react-dom_1e674e59._.js:2325
[ 7430364ms] [ERROR] Unable to preventDefault inside passive event listener invocation. @ http://localhost:3000/_next/static/chunks/node_modules_next_dist_compiled_react-dom_1e674e59._.js:2325
[ 7430376ms] [ERROR] Unable to preventDefault inside passive event listener invocation. @ http://localhost:3000/_next/static/chunks/node_modules_next_dist_compiled_react-dom_1e674e59._.js:2325
[ 7430399ms] [ERROR] Unable to preventDefault inside passive event listener invocation. @ http://localhost:3000/_next/static/chunks/node_modules_next_dist_compiled_react-dom_1e674e59._.js:2325
[ 7430562ms] [ERROR] Unable to preventDefault inside passive event listener invocation. @ http://localhost:3000/_next/static/chunks/node_modules_next_dist_compiled_react-dom_1e674e59._.js:2325
[ 7430595ms] [ERROR] Unable to preventDefault inside passive event listener invocation. @ http://localhost:3000/_next/static/chunks/node_modules_next_dist_compiled_react-dom_1e674e59._.js:2325
[ 7430612ms] [ERROR] Unable to preventDefault inside passive event listener invocation. @ http://localhost:3000/_next/static/chunks/node_modules_next_dist_compiled_react-dom_1e674e59._.js:2325
[ 7431251ms] [ERROR] Unable to preventDefault inside passive event listener invocation. @ http://localhost:3000/_next/static/chunks/node_modules_next_dist_compiled_react-dom_1e674e59._.js:2325
[ 7431279ms] [ERROR] Unable to preventDefault inside passive event listener invocation. @ http://localhost:3000/_next/static/chunks/node_modules_next_dist_compiled_react-dom_1e674e59._.js:2325
[ 7431312ms] [ERROR] Unable to preventDefault inside passive event listener invocation. @ http://localhost:3000/_next/static/chunks/node_modules_next_dist_compiled_react-dom_1e674e59._.js:2325
[ 7431345ms] [ERROR] Unable to preventDefault inside passive event listener invocation. @ http://localhost:3000/_next/static/chunks/node_modules_next_dist_compiled_react-dom_1e674e59._.js:2325
[ 7431584ms] [ERROR] Unable to preventDefault inside passive event listener invocation. @ http://localhost:3000/_next/static/chunks/node_modules_next_dist_compiled_react-dom_1e674e59._.js:2325
[ 7431596ms] [ERROR] Unable to preventDefault inside passive event listener invocation. @ http://localhost:3000/_next/static/chunks/node_modules_next_dist_compiled_react-dom_1e674e59._.js:2325
[ 7431636ms] [ERROR] Unable to preventDefault inside passive event listener invocation. @ http://localhost:3000/_next/static/chunks/node_modules_next_dist_compiled_react-dom_1e674e59._.js:2325
[ 7432596ms] [ERROR] Unable to preventDefault inside passive event listener invocation. @ http://localhost:3000/_next/static/chunks/node_modules_next_dist_compiled_react-dom_1e674e59._.js:2325
[ 7432630ms] [ERROR] Unable to preventDefault inside passive event listener invocation. @ http://localhost:3000/_next/static/chunks/node_modules_next_dist_compiled_react-dom_1e674e59._.js:2325
[ 7432663ms] [ERROR] Unable to preventDefault inside passive event listener invocation. @ http://localhost:3000/_next/static/chunks/node_modules_next_dist_compiled_react-dom_1e674e59._.js:2325
[ 7432696ms] [ERROR] Unable to preventDefault inside passive event listener invocation. @ http://localhost:3000/_next/static/chunks/node_modules_next_dist_compiled_react-dom_1e674e59._.js:2325
[ 7432713ms] [LOG] [Fast Refresh] rebuilding @ http://localhost:3000/_next/static/chunks/node_modules_next_dist_f3530cac._.js:2297
[ 7432713ms] [LOG] [Fast Refresh] done in 108ms @ http://localhost:3000/_next/static/chunks/node_modules_next_dist_f3530cac._.js:2297
[ 7445355ms] [ERROR] Unable to preventDefault inside passive event listener invocation. @ http://localhost:3000/_next/static/chunks/node_modules_next_dist_compiled_react-dom_1e674e59._.js:2325
[ 7446003ms] [ERROR] Unable to preventDefault inside passive event listener invocation. @ http://localhost:3000/_next/static/chunks/node_modules_next_dist_compiled_react-dom_1e674e59._.js:2325
[ 7446006ms] [ERROR] Unable to preventDefault inside passive event listener invocation. @ http://localhost:3000/_next/static/chunks/node_modules_next_dist_compiled_react-dom_1e674e59._.js:2325
[ 7446019ms] [ERROR] Unable to preventDefault inside passive event listener invocation. @ http://localhost:3000/_next/static/chunks/node_modules_next_dist_compiled_react-dom_1e674e59._.js:2325
[ 7446036ms] [ERROR] Unable to preventDefault inside passive event listener invocation. @ http://localhost:3000/_next/static/chunks/node_modules_next_dist_compiled_react-dom_1e674e59._.js:2325
[ 7446226ms] [ERROR] Unable to preventDefault inside passive event listener invocation. @ http://localhost:3000/_next/static/chunks/node_modules_next_dist_compiled_react-dom_1e674e59._.js:2325
[ 7446252ms] [ERROR] Unable to preventDefault inside passive event listener invocation. @ http://localhost:3000/_next/static/chunks/node_modules_next_dist_compiled_react-dom_1e674e59._.js:2325
[ 7446275ms] [ERROR] Unable to preventDefault inside passive event listener invocation. @ http://localhost:3000/_next/static/chunks/node_modules_next_dist_compiled_react-dom_1e674e59._.js:2325
[ 7446286ms] [ERROR] Unable to preventDefault inside passive event listener invocation. @ http://localhost:3000/_next/static/chunks/node_modules_next_dist_compiled_react-dom_1e674e59._.js:2325
[ 7446302ms] [ERROR] Unable to preventDefault inside passive event listener invocation. @ http://localhost:3000/_next/static/chunks/node_modules_next_dist_compiled_react-dom_1e674e59._.js:2325
[ 7448287ms] [ERROR] Unable to preventDefault inside passive event listener invocation. @ http://localhost:3000/_next/static/chunks/node_modules_next_dist_compiled_react-dom_1e674e59._.js:2325
[ 7448320ms] [ERROR] Unable to preventDefault inside passive event listener invocation. @ http://localhost:3000/_next/static/chunks/node_modules_next_dist_compiled_react-dom_1e674e59._.js:2325
[ 7448337ms] [ERROR] Unable to preventDefault inside passive event listener invocation. @ http://localhost:3000/_next/static/chunks/node_modules_next_dist_compiled_react-dom_1e674e59._.js:2325
[ 7448533ms] [ERROR] Unable to preventDefault inside passive event listener invocation. @ http://localhost:3000/_next/static/chunks/node_modules_next_dist_compiled_react-dom_1e674e59._.js:2325
[ 7448554ms] [ERROR] Unable to preventDefault inside passive event listener invocation. @ http://localhost:3000/_next/static/chunks/node_modules_next_dist_compiled_react-dom_1e674e59._.js:2325
[ 7448587ms] [ERROR] Unable to preventDefault inside passive event listener invocation. @ http://localhost:3000/_next/static/chunks/node_modules_next_dist_compiled_react-dom_1e674e59._.js:2325
[ 7448603ms] [ERROR] Unable to preventDefault inside passive event listener invocation. @ http://localhost:3000/_next/static/chunks/node_modules_next_dist_compiled_react-dom_1e674e59._.js:2325
[ 7448746ms] [ERROR] Unable to preventDefault inside passive event listener invocation. @ http://localhost:3000/_next/static/chunks/node_modules_next_dist_compiled_react-dom_1e674e59._.js:2325
[ 7448803ms] [ERROR] Unable to preventDefault inside passive event listener invocation. @ http://localhost:3000/_next/static/chunks/node_modules_next_dist_compiled_react-dom_1e674e59._.js:2325
[ 7448820ms] [ERROR] Unable to preventDefault inside passive event listener invocation. @ http://localhost:3000/_next/static/chunks/node_modules_next_dist_compiled_react-dom_1e674e59._.js:2325
[ 7448837ms] [ERROR] Unable to preventDefault inside passive event listener invocation. @ http://localhost:3000/_next/static/chunks/node_modules_next_dist_compiled_react-dom_1e674e59._.js:2325
[ 7448870ms] [ERROR] Unable to preventDefault inside passive event listener invocation. @ http://localhost:3000/_next/static/chunks/node_modules_next_dist_compiled_react-dom_1e674e59._.js:2325
[ 7449074ms] [ERROR] Unable to preventDefault inside passive event listener invocation. @ http://localhost:3000/_next/static/chunks/node_modules_next_dist_compiled_react-dom_1e674e59._.js:2325
[ 7449104ms] [ERROR] Unable to preventDefault inside passive event listener invocation. @ http://localhost:3000/_next/static/chunks/node_modules_next_dist_compiled_react-dom_1e674e59._.js:2325
[ 7449127ms] [ERROR] Unable to preventDefault inside passive event listener invocation. @ http://localhost:3000/_next/static/chunks/node_modules_next_dist_compiled_react-dom_1e674e59._.js:2325
[ 7449171ms] [ERROR] Unable to preventDefault inside passive event listener invocation. @ http://localhost:3000/_next/static/chunks/node_modules_next_dist_compiled_react-dom_1e674e59._.js:2325
[ 7456718ms] [ERROR] Unable to preventDefault inside passive event listener invocation. @ http://localhost:3000/_next/static/chunks/node_modules_next_dist_compiled_react-dom_1e674e59._.js:2325
[ 7456718ms] [ERROR] Unable to preventDefault inside passive event listener invocation. @ http://localhost:3000/_next/static/chunks/node_modules_next_dist_compiled_react-dom_1e674e59._.js:2325
[ 7456740ms] [ERROR] Unable to preventDefault inside passive event listener invocation. @ http://localhost:3000/_next/static/chunks/node_modules_next_dist_compiled_react-dom_1e674e59._.js:2325
[ 7456941ms] [ERROR] Unable to preventDefault inside passive event listener invocation. @ http://localhost:3000/_next/static/chunks/node_modules_next_dist_compiled_react-dom_1e674e59._.js:2325
[ 7456974ms] [ERROR] Unable to preventDefault inside passive event listener invocation. @ http://localhost:3000/_next/static/chunks/node_modules_next_dist_compiled_react-dom_1e674e59._.js:2325
[ 7456975ms] [ERROR] Unable to preventDefault inside passive event listener invocation. @ http://localhost:3000/_next/static/chunks/node_modules_next_dist_compiled_react-dom_1e674e59._.js:2325
[ 7457007ms] [ERROR] Unable to preventDefault inside passive event listener invocation. @ http://localhost:3000/_next/static/chunks/node_modules_next_dist_compiled_react-dom_1e674e59._.js:2325
[ 7457041ms] [ERROR] Unable to preventDefault inside passive event listener invocation. @ http://localhost:3000/_next/static/chunks/node_modules_next_dist_compiled_react-dom_1e674e59._.js:2325
[ 7457055ms] [LOG] [Fast Refresh] rebuilding @ http://localhost:3000/_next/static/chunks/node_modules_next_dist_f3530cac._.js:2297
[ 7457056ms] [LOG] [Fast Refresh] done in 106ms @ http://localhost:3000/_next/static/chunks/node_modules_next_dist_f3530cac._.js:2297
[ 7457203ms] [ERROR] Unable to preventDefault inside passive event listener invocation. @ http://localhost:3000/_next/static/chunks/node_modules_next_dist_compiled_react-dom_1e674e59._.js:2325
[ 7457220ms] [ERROR] Unable to preventDefault inside passive event listener invocation. @ http://localhost:3000/_next/static/chunks/node_modules_next_dist_compiled_react-dom_1e674e59._.js:2325
[ 7457237ms] [ERROR] Unable to preventDefault inside passive event listener invocation. @ http://localhost:3000/_next/static/chunks/node_modules_next_dist_compiled_react-dom_1e674e59._.js:2325
[ 7458680ms] [ERROR] Unable to preventDefault inside passive event listener invocation. @ http://localhost:3000/_next/static/chunks/node_modules_next_dist_compiled_react-dom_1e674e59._.js:2325
[ 7458682ms] [ERROR] Unable to preventDefault inside passive event listener invocation. @ http://localhost:3000/_next/static/chunks/node_modules_next_dist_compiled_react-dom_1e674e59._.js:2325
[ 7458713ms] [ERROR] Unable to preventDefault inside passive event listener invocation. @ http://localhost:3000/_next/static/chunks/node_modules_next_dist_compiled_react-dom_1e674e59._.js:2325
[ 7458759ms] [ERROR] Unable to preventDefault inside passive event listener invocation. @ http://localhost:3000/_next/static/chunks/node_modules_next_dist_compiled_react-dom_1e674e59._.js:2325
[ 7458946ms] [ERROR] Unable to preventDefault inside passive event listener invocation. @ http://localhost:3000/_next/static/chunks/node_modules_next_dist_compiled_react-dom_1e674e59._.js:2325
[ 7458975ms] [ERROR] Unable to preventDefault inside passive event listener invocation. @ http://localhost:3000/_next/static/chunks/node_modules_next_dist_compiled_react-dom_1e674e59._.js:2325
[ 7458994ms] [ERROR] Unable to preventDefault inside passive event listener invocation. @ http://localhost:3000/_next/static/chunks/node_modules_next_dist_compiled_react-dom_1e674e59._.js:2325
[ 7459185ms] [ERROR] Unable to preventDefault inside passive event listener invocation. @ http://localhost:3000/_next/static/chunks/node_modules_next_dist_compiled_react-dom_1e674e59._.js:2325
[ 7459225ms] [ERROR] Unable to preventDefault inside passive event listener invocation. @ http://localhost:3000/_next/static/chunks/node_modules_next_dist_compiled_react-dom_1e674e59._.js:2325
[ 7459232ms] [ERROR] Unable to preventDefault inside passive event listener invocation. @ http://localhost:3000/_next/static/chunks/node_modules_next_dist_compiled_react-dom_1e674e59._.js:2325
[ 7463343ms] [ERROR] Unable to preventDefault inside passive event listener invocation. @ http://localhost:3000/_next/static/chunks/node_modules_next_dist_compiled_react-dom_1e674e59._.js:2325
[ 7463377ms] [ERROR] Unable to preventDefault inside passive event listener invocation. @ http://localhost:3000/_next/static/chunks/node_modules_next_dist_compiled_react-dom_1e674e59._.js:2325
[ 7463838ms] [ERROR] Unable to preventDefault inside passive event listener invocation. @ http://localhost:3000/_next/static/chunks/node_modules_next_dist_compiled_react-dom_1e674e59._.js:2325
[ 7463877ms] [ERROR] Unable to preventDefault inside passive event listener invocation. @ http://localhost:3000/_next/static/chunks/node_modules_next_dist_compiled_react-dom_1e674e59._.js:2325
[ 7463910ms] [ERROR] Unable to preventDefault inside passive event listener invocation. @ http://localhost:3000/_next/static/chunks/node_modules_next_dist_compiled_react-dom_1e674e59._.js:2325
[ 7464999ms] [LOG] [cache-update] sid= null poleTags= 40 shapes= 0 @ http://localhost:3000/_next/static/chunks/node_modules_next_dist_f3530cac._.js:2297
[ 7464999ms] [WARNING] [cache-update] skipping save — no sessionId or db @ http://localhost:3000/_next/static/chunks/node_modules_next_dist_f3530cac._.js:2297
[ 7465000ms] [LOG] [cache-update] sid= null poleTags= 40 shapes= 0 @ http://localhost:3000/_next/static/chunks/node_modules_next_dist_f3530cac._.js:2297
[ 7465000ms] [WARNING] [cache-update] skipping save — no sessionId or db @ http://localhost:3000/_next/static/chunks/node_modules_next_dist_f3530cac._.js:2297
[ 7465029ms] [LOG] [cache-update] sid= null poleTags= 40 shapes= 0 @ http://localhost:3000/_next/static/chunks/node_modules_next_dist_f3530cac._.js:2297
[ 7465029ms] [WARNING] [cache-update] skipping save — no sessionId or db @ http://localhost:3000/_next/static/chunks/node_modules_next_dist_f3530cac._.js:2297
[ 7465032ms] [LOG] [cache-update] sid= null poleTags= 40 shapes= 0 @ http://localhost:3000/_next/static/chunks/node_modules_next_dist_f3530cac._.js:2297
[ 7465032ms] [WARNING] [cache-update] skipping save — no sessionId or db @ http://localhost:3000/_next/static/chunks/node_modules_next_dist_f3530cac._.js:2297
[ 7469090ms] [LOG] [cache-update] sid= null poleTags= 39 shapes= 0 @ http://localhost:3000/_next/static/chunks/node_modules_next_dist_f3530cac._.js:2297
[ 7469091ms] [WARNING] [cache-update] skipping save — no sessionId or db @ http://localhost:3000/_next/static/chunks/node_modules_next_dist_f3530cac._.js:2297
[ 7469091ms] [LOG] [cache-update] sid= null poleTags= 39 shapes= 0 @ http://localhost:3000/_next/static/chunks/node_modules_next_dist_f3530cac._.js:2297
[ 7469091ms] [WARNING] [cache-update] skipping save — no sessionId or db @ http://localhost:3000/_next/static/chunks/node_modules_next_dist_f3530cac._.js:2297
[ 7469119ms] [LOG] [cache-update] sid= null poleTags= 39 shapes= 0 @ http://localhost:3000/_next/static/chunks/node_modules_next_dist_f3530cac._.js:2297
[ 7469119ms] [WARNING] [cache-update] skipping save — no sessionId or db @ http://localhost:3000/_next/static/chunks/node_modules_next_dist_f3530cac._.js:2297
[ 7469121ms] [LOG] [cache-update] sid= null poleTags= 39 shapes= 0 @ http://localhost:3000/_next/static/chunks/node_modules_next_dist_f3530cac._.js:2297
[ 7469121ms] [WARNING] [cache-update] skipping save — no sessionId or db @ http://localhost:3000/_next/static/chunks/node_modules_next_dist_f3530cac._.js:2297
[ 7471494ms] [LOG] [cache-update] sid= null poleTags= 38 shapes= 0 @ http://localhost:3000/_next/static/chunks/node_modules_next_dist_f3530cac._.js:2297
[ 7471494ms] [WARNING] [cache-update] skipping save — no sessionId or db @ http://localhost:3000/_next/static/chunks/node_modules_next_dist_f3530cac._.js:2297
[ 7471494ms] [LOG] [cache-update] sid= null poleTags= 38 shapes= 0 @ http://localhost:3000/_next/static/chunks/node_modules_next_dist_f3530cac._.js:2297
[ 7471494ms] [WARNING] [cache-update] skipping save — no sessionId or db @ http://localhost:3000/_next/static/chunks/node_modules_next_dist_f3530cac._.js:2297
[ 7471520ms] [LOG] [cache-update] sid= null poleTags= 38 shapes= 0 @ http://localhost:3000/_next/static/chunks/node_modules_next_dist_f3530cac._.js:2297
[ 7471521ms] [WARNING] [cache-update] skipping save — no sessionId or db @ http://localhost:3000/_next/static/chunks/node_modules_next_dist_f3530cac._.js:2297
[ 7471522ms] [LOG] [cache-update] sid= null poleTags= 38 shapes= 0 @ http://localhost:3000/_next/static/chunks/node_modules_next_dist_f3530cac._.js:2297
[ 7471523ms] [WARNING] [cache-update] skipping save — no sessionId or db @ http://localhost:3000/_next/static/chunks/node_modules_next_dist_f3530cac._.js:2297
[ 7473309ms] [ERROR] Unable to preventDefault inside passive event listener invocation. @ http://localhost:3000/_next/static/chunks/node_modules_next_dist_compiled_react-dom_1e674e59._.js:2325
[ 7473310ms] [ERROR] Unable to preventDefault inside passive event listener invocation. @ http://localhost:3000/_next/static/chunks/node_modules_next_dist_compiled_react-dom_1e674e59._.js:2325
[ 7473360ms] [ERROR] Unable to preventDefault inside passive event listener invocation. @ http://localhost:3000/_next/static/chunks/node_modules_next_dist_compiled_react-dom_1e674e59._.js:2325
[ 7474693ms] [LOG] [cache-update] sid= null poleTags= 37 shapes= 0 @ http://localhost:3000/_next/static/chunks/node_modules_next_dist_f3530cac._.js:2297
[ 7474693ms] [WARNING] [cache-update] skipping save — no sessionId or db @ http://localhost:3000/_next/static/chunks/node_modules_next_dist_f3530cac._.js:2297
[ 7474693ms] [LOG] [cache-update] sid= null poleTags= 37 shapes= 0 @ http://localhost:3000/_next/static/chunks/node_modules_next_dist_f3530cac._.js:2297
[ 7474693ms] [WARNING] [cache-update] skipping save — no sessionId or db @ http://localhost:3000/_next/static/chunks/node_modules_next_dist_f3530cac._.js:2297
[ 7474718ms] [LOG] [cache-update] sid= null poleTags= 37 shapes= 0 @ http://localhost:3000/_next/static/chunks/node_modules_next_dist_f3530cac._.js:2297
[ 7474718ms] [WARNING] [cache-update] skipping save — no sessionId or db @ http://localhost:3000/_next/static/chunks/node_modules_next_dist_f3530cac._.js:2297
[ 7474720ms] [LOG] [cache-update] sid= null poleTags= 37 shapes= 0 @ http://localhost:3000/_next/static/chunks/node_modules_next_dist_f3530cac._.js:2297
[ 7474720ms] [WARNING] [cache-update] skipping save — no sessionId or db @ http://localhost:3000/_next/static/chunks/node_modules_next_dist_f3530cac._.js:2297
[ 7474940ms] [ERROR] Unable to preventDefault inside passive event listener invocation. @ http://localhost:3000/_next/static/chunks/node_modules_next_dist_compiled_react-dom_1e674e59._.js:2325
[ 7474982ms] [ERROR] Unable to preventDefault inside passive event listener invocation. @ http://localhost:3000/_next/static/chunks/node_modules_next_dist_compiled_react-dom_1e674e59._.js:2325
[ 7475006ms] [ERROR] Unable to preventDefault inside passive event listener invocation. @ http://localhost:3000/_next/static/chunks/node_modules_next_dist_compiled_react-dom_1e674e59._.js:2325
[ 7476940ms] [LOG] [cache-update] sid= null poleTags= 36 shapes= 0 @ http://localhost:3000/_next/static/chunks/node_modules_next_dist_f3530cac._.js:2297
[ 7476940ms] [WARNING] [cache-update] skipping save — no sessionId or db @ http://localhost:3000/_next/static/chunks/node_modules_next_dist_f3530cac._.js:2297
[ 7476941ms] [LOG] [cache-update] sid= null poleTags= 36 shapes= 0 @ http://localhost:3000/_next/static/chunks/node_modules_next_dist_f3530cac._.js:2297
[ 7476941ms] [WARNING] [cache-update] skipping save — no sessionId or db @ http://localhost:3000/_next/static/chunks/node_modules_next_dist_f3530cac._.js:2297
[ 7476964ms] [LOG] [cache-update] sid= null poleTags= 36 shapes= 0 @ http://localhost:3000/_next/static/chunks/node_modules_next_dist_f3530cac._.js:2297
[ 7476964ms] [WARNING] [cache-update] skipping save — no sessionId or db @ http://localhost:3000/_next/static/chunks/node_modules_next_dist_f3530cac._.js:2297
[ 7476967ms] [LOG] [cache-update] sid= null poleTags= 36 shapes= 0 @ http://localhost:3000/_next/static/chunks/node_modules_next_dist_f3530cac._.js:2297
[ 7476967ms] [WARNING] [cache-update] skipping save — no sessionId or db @ http://localhost:3000/_next/static/chunks/node_modules_next_dist_f3530cac._.js:2297
[ 7478648ms] [LOG] [cache-update] sid= null poleTags= 35 shapes= 0 @ http://localhost:3000/_next/static/chunks/node_modules_next_dist_f3530cac._.js:2297
[ 7478648ms] [WARNING] [cache-update] skipping save — no sessionId or db @ http://localhost:3000/_next/static/chunks/node_modules_next_dist_f3530cac._.js:2297
[ 7478648ms] [LOG] [cache-update] sid= null poleTags= 35 shapes= 0 @ http://localhost:3000/_next/static/chunks/node_modules_next_dist_f3530cac._.js:2297
[ 7478648ms] [WARNING] [cache-update] skipping save — no sessionId or db @ http://localhost:3000/_next/static/chunks/node_modules_next_dist_f3530cac._.js:2297
[ 7478670ms] [LOG] [cache-update] sid= null poleTags= 35 shapes= 0 @ http://localhost:3000/_next/static/chunks/node_modules_next_dist_f3530cac._.js:2297
[ 7478670ms] [WARNING] [cache-update] skipping save — no sessionId or db @ http://localhost:3000/_next/static/chunks/node_modules_next_dist_f3530cac._.js:2297
[ 7478672ms] [LOG] [cache-update] sid= null poleTags= 35 shapes= 0 @ http://localhost:3000/_next/static/chunks/node_modules_next_dist_f3530cac._.js:2297
[ 7478672ms] [WARNING] [cache-update] skipping save — no sessionId or db @ http://localhost:3000/_next/static/chunks/node_modules_next_dist_f3530cac._.js:2297
[ 7480970ms] [LOG] [cache-update] sid= null poleTags= 34 shapes= 0 @ http://localhost:3000/_next/static/chunks/node_modules_next_dist_f3530cac._.js:2297
[ 7480970ms] [WARNING] [cache-update] skipping save — no sessionId or db @ http://localhost:3000/_next/static/chunks/node_modules_next_dist_f3530cac._.js:2297
[ 7480970ms] [LOG] [cache-update] sid= null poleTags= 34 shapes= 0 @ http://localhost:3000/_next/static/chunks/node_modules_next_dist_f3530cac._.js:2297
[ 7480970ms] [WARNING] [cache-update] skipping save — no sessionId or db @ http://localhost:3000/_next/static/chunks/node_modules_next_dist_f3530cac._.js:2297
[ 7480991ms] [LOG] [cache-update] sid= null poleTags= 34 shapes= 0 @ http://localhost:3000/_next/static/chunks/node_modules_next_dist_f3530cac._.js:2297
[ 7480991ms] [WARNING] [cache-update] skipping save — no sessionId or db @ http://localhost:3000/_next/static/chunks/node_modules_next_dist_f3530cac._.js:2297
[ 7480993ms] [LOG] [cache-update] sid= null poleTags= 34 shapes= 0 @ http://localhost:3000/_next/static/chunks/node_modules_next_dist_f3530cac._.js:2297
[ 7480993ms] [WARNING] [cache-update] skipping save — no sessionId or db @ http://localhost:3000/_next/static/chunks/node_modules_next_dist_f3530cac._.js:2297
[ 7482939ms] [LOG] [cache-update] sid= null poleTags= 33 shapes= 0 @ http://localhost:3000/_next/static/chunks/node_modules_next_dist_f3530cac._.js:2297
[ 7482939ms] [WARNING] [cache-update] skipping save — no sessionId or db @ http://localhost:3000/_next/static/chunks/node_modules_next_dist_f3530cac._.js:2297
[ 7482939ms] [LOG] [cache-update] sid= null poleTags= 33 shapes= 0 @ http://localhost:3000/_next/static/chunks/node_modules_next_dist_f3530cac._.js:2297
[ 7482939ms] [WARNING] [cache-update] skipping save — no sessionId or db @ http://localhost:3000/_next/static/chunks/node_modules_next_dist_f3530cac._.js:2297
[ 7482960ms] [LOG] [cache-update] sid= null poleTags= 33 shapes= 0 @ http://localhost:3000/_next/static/chunks/node_modules_next_dist_f3530cac._.js:2297
[ 7482960ms] [WARNING] [cache-update] skipping save — no sessionId or db @ http://localhost:3000/_next/static/chunks/node_modules_next_dist_f3530cac._.js:2297
[ 7482962ms] [LOG] [cache-update] sid= null poleTags= 33 shapes= 0 @ http://localhost:3000/_next/static/chunks/node_modules_next_dist_f3530cac._.js:2297
[ 7482962ms] [WARNING] [cache-update] skipping save — no sessionId or db @ http://localhost:3000/_next/static/chunks/node_modules_next_dist_f3530cac._.js:2297
[ 7485787ms] [ERROR] Unable to preventDefault inside passive event listener invocation. @ http://localhost:3000/_next/static/chunks/node_modules_next_dist_compiled_react-dom_1e674e59._.js:2325
[ 7485788ms] [ERROR] Unable to preventDefault inside passive event listener invocation. @ http://localhost:3000/_next/static/chunks/node_modules_next_dist_compiled_react-dom_1e674e59._.js:2325
[ 7485837ms] [ERROR] Unable to preventDefault inside passive event listener invocation. @ http://localhost:3000/_next/static/chunks/node_modules_next_dist_compiled_react-dom_1e674e59._.js:2325
[ 7486372ms] [LOG] [Fast Refresh] rebuilding @ http://localhost:3000/_next/static/chunks/node_modules_next_dist_f3530cac._.js:2297
[ 7486696ms] [LOG] [Fast Refresh] done in 426ms @ http://localhost:3000/_next/static/chunks/node_modules_next_dist_f3530cac._.js:2297
[ 7487990ms] [LOG] [cache-update] sid= null poleTags= 32 shapes= 0 @ http://localhost:3000/_next/static/chunks/node_modules_next_dist_f3530cac._.js:2297
[ 7487990ms] [WARNING] [cache-update] skipping save — no sessionId or db @ http://localhost:3000/_next/static/chunks/node_modules_next_dist_f3530cac._.js:2297
[ 7487990ms] [LOG] [cache-update] sid= null poleTags= 32 shapes= 0 @ http://localhost:3000/_next/static/chunks/node_modules_next_dist_f3530cac._.js:2297
[ 7487990ms] [WARNING] [cache-update] skipping save — no sessionId or db @ http://localhost:3000/_next/static/chunks/node_modules_next_dist_f3530cac._.js:2297
[ 7488012ms] [LOG] [cache-update] sid= null poleTags= 32 shapes= 0 @ http://localhost:3000/_next/static/chunks/node_modules_next_dist_f3530cac._.js:2297
[ 7488013ms] [WARNING] [cache-update] skipping save — no sessionId or db @ http://localhost:3000/_next/static/chunks/node_modules_next_dist_f3530cac._.js:2297
[ 7488015ms] [LOG] [cache-update] sid= null poleTags= 32 shapes= 0 @ http://localhost:3000/_next/static/chunks/node_modules_next_dist_f3530cac._.js:2297
[ 7488015ms] [WARNING] [cache-update] skipping save — no sessionId or db @ http://localhost:3000/_next/static/chunks/node_modules_next_dist_f3530cac._.js:2297
[ 7489860ms] [LOG] [cache-update] sid= null poleTags= 31 shapes= 0 @ http://localhost:3000/_next/static/chunks/node_modules_next_dist_f3530cac._.js:2297
[ 7489860ms] [WARNING] [cache-update] skipping save — no sessionId or db @ http://localhost:3000/_next/static/chunks/node_modules_next_dist_f3530cac._.js:2297
[ 7489860ms] [LOG] [cache-update] sid= null poleTags= 31 shapes= 0 @ http://localhost:3000/_next/static/chunks/node_modules_next_dist_f3530cac._.js:2297
[ 7489860ms] [WARNING] [cache-update] skipping save — no sessionId or db @ http://localhost:3000/_next/static/chunks/node_modules_next_dist_f3530cac._.js:2297
[ 7489880ms] [LOG] [cache-update] sid= null poleTags= 31 shapes= 0 @ http://localhost:3000/_next/static/chunks/node_modules_next_dist_f3530cac._.js:2297
[ 7489880ms] [WARNING] [cache-update] skipping save — no sessionId or db @ http://localhost:3000/_next/static/chunks/node_modules_next_dist_f3530cac._.js:2297
[ 7489881ms] [LOG] [cache-update] sid= null poleTags= 31 shapes= 0 @ http://localhost:3000/_next/static/chunks/node_modules_next_dist_f3530cac._.js:2297
[ 7489882ms] [WARNING] [cache-update] skipping save — no sessionId or db @ http://localhost:3000/_next/static/chunks/node_modules_next_dist_f3530cac._.js:2297
[ 7492048ms] [LOG] [cache-update] sid= null poleTags= 30 shapes= 0 @ http://localhost:3000/_next/static/chunks/node_modules_next_dist_f3530cac._.js:2297
[ 7492048ms] [WARNING] [cache-update] skipping save — no sessionId or db @ http://localhost:3000/_next/static/chunks/node_modules_next_dist_f3530cac._.js:2297
[ 7492048ms] [LOG] [cache-update] sid= null poleTags= 30 shapes= 0 @ http://localhost:3000/_next/static/chunks/node_modules_next_dist_f3530cac._.js:2297
[ 7492048ms] [WARNING] [cache-update] skipping save — no sessionId or db @ http://localhost:3000/_next/static/chunks/node_modules_next_dist_f3530cac._.js:2297
[ 7492069ms] [LOG] [cache-update] sid= null poleTags= 30 shapes= 0 @ http://localhost:3000/_next/static/chunks/node_modules_next_dist_f3530cac._.js:2297
[ 7492069ms] [WARNING] [cache-update] skipping save — no sessionId or db @ http://localhost:3000/_next/static/chunks/node_modules_next_dist_f3530cac._.js:2297
[ 7492071ms] [LOG] [cache-update] sid= null poleTags= 30 shapes= 0 @ http://localhost:3000/_next/static/chunks/node_modules_next_dist_f3530cac._.js:2297
[ 7492071ms] [WARNING] [cache-update] skipping save — no sessionId or db @ http://localhost:3000/_next/static/chunks/node_modules_next_dist_f3530cac._.js:2297
[ 7494144ms] [LOG] [cache-update] sid= null poleTags= 29 shapes= 0 @ http://localhost:3000/_next/static/chunks/node_modules_next_dist_f3530cac._.js:2297
[ 7494145ms] [WARNING] [cache-update] skipping save — no sessionId or db @ http://localhost:3000/_next/static/chunks/node_modules_next_dist_f3530cac._.js:2297
[ 7494145ms] [LOG] [cache-update] sid= null poleTags= 29 shapes= 0 @ http://localhost:3000/_next/static/chunks/node_modules_next_dist_f3530cac._.js:2297
[ 7494145ms] [WARNING] [cache-update] skipping save — no sessionId or db @ http://localhost:3000/_next/static/chunks/node_modules_next_dist_f3530cac._.js:2297
[ 7494165ms] [LOG] [cache-update] sid= null poleTags= 29 shapes= 0 @ http://localhost:3000/_next/static/chunks/node_modules_next_dist_f3530cac._.js:2297
[ 7494165ms] [WARNING] [cache-update] skipping save — no sessionId or db @ http://localhost:3000/_next/static/chunks/node_modules_next_dist_f3530cac._.js:2297
[ 7494166ms] [LOG] [cache-update] sid= null poleTags= 29 shapes= 0 @ http://localhost:3000/_next/static/chunks/node_modules_next_dist_f3530cac._.js:2297
[ 7494166ms] [WARNING] [cache-update] skipping save — no sessionId or db @ http://localhost:3000/_next/static/chunks/node_modules_next_dist_f3530cac._.js:2297
[ 7494338ms] [LOG] [Fast Refresh] rebuilding @ http://localhost:3000/_next/static/chunks/node_modules_next_dist_f3530cac._.js:2297
[ 7494649ms] [LOG] [Fast Refresh] done in 340ms @ http://localhost:3000/_next/static/chunks/node_modules_next_dist_f3530cac._.js:2297
[ 7496641ms] [LOG] [cache-update] sid= null poleTags= 28 shapes= 0 @ http://localhost:3000/_next/static/chunks/node_modules_next_dist_f3530cac._.js:2297
[ 7496641ms] [WARNING] [cache-update] skipping save — no sessionId or db @ http://localhost:3000/_next/static/chunks/node_modules_next_dist_f3530cac._.js:2297
[ 7496641ms] [LOG] [cache-update] sid= null poleTags= 28 shapes= 0 @ http://localhost:3000/_next/static/chunks/node_modules_next_dist_f3530cac._.js:2297
[ 7496641ms] [WARNING] [cache-update] skipping save — no sessionId or db @ http://localhost:3000/_next/static/chunks/node_modules_next_dist_f3530cac._.js:2297
[ 7496661ms] [LOG] [cache-update] sid= null poleTags= 28 shapes= 0 @ http://localhost:3000/_next/static/chunks/node_modules_next_dist_f3530cac._.js:2297
[ 7496662ms] [WARNING] [cache-update] skipping save — no sessionId or db @ http://localhost:3000/_next/static/chunks/node_modules_next_dist_f3530cac._.js:2297
[ 7496663ms] [LOG] [cache-update] sid= null poleTags= 28 shapes= 0 @ http://localhost:3000/_next/static/chunks/node_modules_next_dist_f3530cac._.js:2297
[ 7496663ms] [WARNING] [cache-update] skipping save — no sessionId or db @ http://localhost:3000/_next/static/chunks/node_modules_next_dist_f3530cac._.js:2297
[ 7498634ms] [LOG] [cache-update] sid= null poleTags= 27 shapes= 0 @ http://localhost:3000/_next/static/chunks/node_modules_next_dist_f3530cac._.js:2297
[ 7498634ms] [WARNING] [cache-update] skipping save — no sessionId or db @ http://localhost:3000/_next/static/chunks/node_modules_next_dist_f3530cac._.js:2297
[ 7498634ms] [LOG] [cache-update] sid= null poleTags= 27 shapes= 0 @ http://localhost:3000/_next/static/chunks/node_modules_next_dist_f3530cac._.js:2297
[ 7498634ms] [WARNING] [cache-update] skipping save — no sessionId or db @ http://localhost:3000/_next/static/chunks/node_modules_next_dist_f3530cac._.js:2297
[ 7498652ms] [LOG] [cache-update] sid= null poleTags= 27 shapes= 0 @ http://localhost:3000/_next/static/chunks/node_modules_next_dist_f3530cac._.js:2297
[ 7498652ms] [WARNING] [cache-update] skipping save — no sessionId or db @ http://localhost:3000/_next/static/chunks/node_modules_next_dist_f3530cac._.js:2297
[ 7498653ms] [LOG] [cache-update] sid= null poleTags= 27 shapes= 0 @ http://localhost:3000/_next/static/chunks/node_modules_next_dist_f3530cac._.js:2297
[ 7498653ms] [WARNING] [cache-update] skipping save — no sessionId or db @ http://localhost:3000/_next/static/chunks/node_modules_next_dist_f3530cac._.js:2297
[ 7500525ms] [LOG] [cache-update] sid= null poleTags= 26 shapes= 0 @ http://localhost:3000/_next/static/chunks/node_modules_next_dist_f3530cac._.js:2297
[ 7500525ms] [WARNING] [cache-update] skipping save — no sessionId or db @ http://localhost:3000/_next/static/chunks/node_modules_next_dist_f3530cac._.js:2297
[ 7500525ms] [LOG] [cache-update] sid= null poleTags= 26 shapes= 0 @ http://localhost:3000/_next/static/chunks/node_modules_next_dist_f3530cac._.js:2297
[ 7500525ms] [WARNING] [cache-update] skipping save — no sessionId or db @ http://localhost:3000/_next/static/chunks/node_modules_next_dist_f3530cac._.js:2297
[ 7500545ms] [LOG] [cache-update] sid= null poleTags= 26 shapes= 0 @ http://localhost:3000/_next/static/chunks/node_modules_next_dist_f3530cac._.js:2297
[ 7500546ms] [WARNING] [cache-update] skipping save — no sessionId or db @ http://localhost:3000/_next/static/chunks/node_modules_next_dist_f3530cac._.js:2297
[ 7500547ms] [LOG] [cache-update] sid= null poleTags= 26 shapes= 0 @ http://localhost:3000/_next/static/chunks/node_modules_next_dist_f3530cac._.js:2297
[ 7500547ms] [WARNING] [cache-update] skipping save — no sessionId or db @ http://localhost:3000/_next/static/chunks/node_modules_next_dist_f3530cac._.js:2297
[ 7502666ms] [LOG] [cache-update] sid= null poleTags= 25 shapes= 0 @ http://localhost:3000/_next/static/chunks/node_modules_next_dist_f3530cac._.js:2297
[ 7502666ms] [WARNING] [cache-update] skipping save — no sessionId or db @ http://localhost:3000/_next/static/chunks/node_modules_next_dist_f3530cac._.js:2297
[ 7502666ms] [LOG] [cache-update] sid= null poleTags= 25 shapes= 0 @ http://localhost:3000/_next/static/chunks/node_modules_next_dist_f3530cac._.js:2297
[ 7502666ms] [WARNING] [cache-update] skipping save — no sessionId or db @ http://localhost:3000/_next/static/chunks/node_modules_next_dist_f3530cac._.js:2297
[ 7502686ms] [LOG] [cache-update] sid= null poleTags= 25 shapes= 0 @ http://localhost:3000/_next/static/chunks/node_modules_next_dist_f3530cac._.js:2297
[ 7502686ms] [WARNING] [cache-update] skipping save — no sessionId or db @ http://localhost:3000/_next/static/chunks/node_modules_next_dist_f3530cac._.js:2297
[ 7502688ms] [LOG] [cache-update] sid= null poleTags= 25 shapes= 0 @ http://localhost:3000/_next/static/chunks/node_modules_next_dist_f3530cac._.js:2297
[ 7502688ms] [WARNING] [cache-update] skipping save — no sessionId or db @ http://localhost:3000/_next/static/chunks/node_modules_next_dist_f3530cac._.js:2297
[ 7503285ms] [LOG] [Fast Refresh] rebuilding @ http://localhost:3000/_next/static/chunks/node_modules_next_dist_f3530cac._.js:2297
[ 7503472ms] [LOG] [Fast Refresh] done in 220ms @ http://localhost:3000/_next/static/chunks/node_modules_next_dist_f3530cac._.js:2297
[ 7503730ms] [ERROR] Unable to preventDefault inside passive event listener invocation. @ http://localhost:3000/_next/static/chunks/node_modules_next_dist_compiled_react-dom_1e674e59._.js:2325
[ 7503762ms] [ERROR] Unable to preventDefault inside passive event listener invocation. @ http://localhost:3000/_next/static/chunks/node_modules_next_dist_compiled_react-dom_1e674e59._.js:2325
[ 7503779ms] [ERROR] Unable to preventDefault inside passive event listener invocation. @ http://localhost:3000/_next/static/chunks/node_modules_next_dist_compiled_react-dom_1e674e59._.js:2325
[ 7504012ms] [ERROR] Unable to preventDefault inside passive event listener invocation. @ http://localhost:3000/_next/static/chunks/node_modules_next_dist_compiled_react-dom_1e674e59._.js:2325
[ 7504028ms] [ERROR] Unable to preventDefault inside passive event listener invocation. @ http://localhost:3000/_next/static/chunks/node_modules_next_dist_compiled_react-dom_1e674e59._.js:2325
[ 7504045ms] [ERROR] Unable to preventDefault inside passive event listener invocation. @ http://localhost:3000/_next/static/chunks/node_modules_next_dist_compiled_react-dom_1e674e59._.js:2325
[ 7505870ms] [LOG] [cache-update] sid= null poleTags= 24 shapes= 0 @ http://localhost:3000/_next/static/chunks/node_modules_next_dist_f3530cac._.js:2297
[ 7505870ms] [WARNING] [cache-update] skipping save — no sessionId or db @ http://localhost:3000/_next/static/chunks/node_modules_next_dist_f3530cac._.js:2297
[ 7505870ms] [LOG] [cache-update] sid= null poleTags= 24 shapes= 0 @ http://localhost:3000/_next/static/chunks/node_modules_next_dist_f3530cac._.js:2297
[ 7505870ms] [WARNING] [cache-update] skipping save — no sessionId or db @ http://localhost:3000/_next/static/chunks/node_modules_next_dist_f3530cac._.js:2297
[ 7505897ms] [LOG] [cache-update] sid= null poleTags= 24 shapes= 0 @ http://localhost:3000/_next/static/chunks/node_modules_next_dist_f3530cac._.js:2297
[ 7505897ms] [WARNING] [cache-update] skipping save — no sessionId or db @ http://localhost:3000/_next/static/chunks/node_modules_next_dist_f3530cac._.js:2297
[ 7505900ms] [LOG] [cache-update] sid= null poleTags= 24 shapes= 0 @ http://localhost:3000/_next/static/chunks/node_modules_next_dist_f3530cac._.js:2297
[ 7505900ms] [WARNING] [cache-update] skipping save — no sessionId or db @ http://localhost:3000/_next/static/chunks/node_modules_next_dist_f3530cac._.js:2297
[ 7510864ms] [LOG] [Fast Refresh] rebuilding @ http://localhost:3000/_next/static/chunks/node_modules_next_dist_f3530cac._.js:2297
[ 7510866ms] [ERROR] Unable to preventDefault inside passive event listener invocation. @ http://localhost:3000/_next/static/chunks/node_modules_next_dist_compiled_react-dom_1e674e59._.js:2325
[ 7510890ms] [ERROR] Unable to preventDefault inside passive event listener invocation. @ http://localhost:3000/_next/static/chunks/node_modules_next_dist_compiled_react-dom_1e674e59._.js:2325
[ 7510923ms] [ERROR] Unable to preventDefault inside passive event listener invocation. @ http://localhost:3000/_next/static/chunks/node_modules_next_dist_compiled_react-dom_1e674e59._.js:2325
[ 7510966ms] [ERROR] Unable to preventDefault inside passive event listener invocation. @ http://localhost:3000/_next/static/chunks/node_modules_next_dist_compiled_react-dom_1e674e59._.js:2325
[ 7511114ms] [LOG] [Fast Refresh] done in 304ms @ http://localhost:3000/_next/static/chunks/node_modules_next_dist_f3530cac._.js:2297
[ 7514059ms] [LOG] [cache-update] sid= null poleTags= 23 shapes= 0 @ http://localhost:3000/_next/static/chunks/node_modules_next_dist_f3530cac._.js:2297
[ 7514059ms] [WARNING] [cache-update] skipping save — no sessionId or db @ http://localhost:3000/_next/static/chunks/node_modules_next_dist_f3530cac._.js:2297
[ 7514059ms] [LOG] [cache-update] sid= null poleTags= 23 shapes= 0 @ http://localhost:3000/_next/static/chunks/node_modules_next_dist_f3530cac._.js:2297
[ 7514059ms] [WARNING] [cache-update] skipping save — no sessionId or db @ http://localhost:3000/_next/static/chunks/node_modules_next_dist_f3530cac._.js:2297
[ 7514077ms] [LOG] [cache-update] sid= null poleTags= 23 shapes= 0 @ http://localhost:3000/_next/static/chunks/node_modules_next_dist_f3530cac._.js:2297
[ 7514077ms] [WARNING] [cache-update] skipping save — no sessionId or db @ http://localhost:3000/_next/static/chunks/node_modules_next_dist_f3530cac._.js:2297
[ 7514078ms] [LOG] [cache-update] sid= null poleTags= 23 shapes= 0 @ http://localhost:3000/_next/static/chunks/node_modules_next_dist_f3530cac._.js:2297
[ 7514078ms] [WARNING] [cache-update] skipping save — no sessionId or db @ http://localhost:3000/_next/static/chunks/node_modules_next_dist_f3530cac._.js:2297
[ 7514322ms] [ERROR] Unable to preventDefault inside passive event listener invocation. @ http://localhost:3000/_next/static/chunks/node_modules_next_dist_compiled_react-dom_1e674e59._.js:2325
[ 7514350ms] [ERROR] Unable to preventDefault inside passive event listener invocation. @ http://localhost:3000/_next/static/chunks/node_modules_next_dist_compiled_react-dom_1e674e59._.js:2325
[ 7514367ms] [ERROR] Unable to preventDefault inside passive event listener invocation. @ http://localhost:3000/_next/static/chunks/node_modules_next_dist_compiled_react-dom_1e674e59._.js:2325
[ 7514543ms] [ERROR] Unable to preventDefault inside passive event listener invocation. @ http://localhost:3000/_next/static/chunks/node_modules_next_dist_compiled_react-dom_1e674e59._.js:2325
[ 7514567ms] [ERROR] Unable to preventDefault inside passive event listener invocation. @ http://localhost:3000/_next/static/chunks/node_modules_next_dist_compiled_react-dom_1e674e59._.js:2325
[ 7514584ms] [ERROR] Unable to preventDefault inside passive event listener invocation. @ http://localhost:3000/_next/static/chunks/node_modules_next_dist_compiled_react-dom_1e674e59._.js:2325
[ 7514600ms] [ERROR] Unable to preventDefault inside passive event listener invocation. @ http://localhost:3000/_next/static/chunks/node_modules_next_dist_compiled_react-dom_1e674e59._.js:2325
[ 7514617ms] [ERROR] Unable to preventDefault inside passive event listener invocation. @ http://localhost:3000/_next/static/chunks/node_modules_next_dist_compiled_react-dom_1e674e59._.js:2325
[ 7515239ms] [ERROR] Unable to preventDefault inside passive event listener invocation. @ http://localhost:3000/_next/static/chunks/node_modules_next_dist_compiled_react-dom_1e674e59._.js:2325
[ 7515267ms] [ERROR] Unable to preventDefault inside passive event listener invocation. @ http://localhost:3000/_next/static/chunks/node_modules_next_dist_compiled_react-dom_1e674e59._.js:2325
[ 7515284ms] [ERROR] Unable to preventDefault inside passive event listener invocation. @ http://localhost:3000/_next/static/chunks/node_modules_next_dist_compiled_react-dom_1e674e59._.js:2325
[ 7515317ms] [ERROR] Unable to preventDefault inside passive event listener invocation. @ http://localhost:3000/_next/static/chunks/node_modules_next_dist_compiled_react-dom_1e674e59._.js:2325
[ 7518210ms] [LOG] [cache-update] sid= null poleTags= 22 shapes= 0 @ http://localhost:3000/_next/static/chunks/node_modules_next_dist_f3530cac._.js:2297
[ 7518210ms] [WARNING] [cache-update] skipping save — no sessionId or db @ http://localhost:3000/_next/static/chunks/node_modules_next_dist_f3530cac._.js:2297
[ 7518211ms] [LOG] [cache-update] sid= null poleTags= 22 shapes= 0 @ http://localhost:3000/_next/static/chunks/node_modules_next_dist_f3530cac._.js:2297
[ 7518211ms] [WARNING] [cache-update] skipping save — no sessionId or db @ http://localhost:3000/_next/static/chunks/node_modules_next_dist_f3530cac._.js:2297
[ 7518235ms] [LOG] [cache-update] sid= null poleTags= 22 shapes= 0 @ http://localhost:3000/_next/static/chunks/node_modules_next_dist_f3530cac._.js:2297
[ 7518236ms] [WARNING] [cache-update] skipping save — no sessionId or db @ http://localhost:3000/_next/static/chunks/node_modules_next_dist_f3530cac._.js:2297
[ 7518238ms] [LOG] [cache-update] sid= null poleTags= 22 shapes= 0 @ http://localhost:3000/_next/static/chunks/node_modules_next_dist_f3530cac._.js:2297
[ 7518238ms] [WARNING] [cache-update] skipping save — no sessionId or db @ http://localhost:3000/_next/static/chunks/node_modules_next_dist_f3530cac._.js:2297
[ 7518502ms] [ERROR] Unable to preventDefault inside passive event listener invocation. @ http://localhost:3000/_next/static/chunks/node_modules_next_dist_compiled_react-dom_1e674e59._.js:2325
[ 7518519ms] [ERROR] Unable to preventDefault inside passive event listener invocation. @ http://localhost:3000/_next/static/chunks/node_modules_next_dist_compiled_react-dom_1e674e59._.js:2325
[ 7518535ms] [ERROR] Unable to preventDefault inside passive event listener invocation. @ http://localhost:3000/_next/static/chunks/node_modules_next_dist_compiled_react-dom_1e674e59._.js:2325
[ 7518552ms] [ERROR] Unable to preventDefault inside passive event listener invocation. @ http://localhost:3000/_next/static/chunks/node_modules_next_dist_compiled_react-dom_1e674e59._.js:2325
[ 7518727ms] [ERROR] Unable to preventDefault inside passive event listener invocation. @ http://localhost:3000/_next/static/chunks/node_modules_next_dist_compiled_react-dom_1e674e59._.js:2325
[ 7518752ms] [ERROR] Unable to preventDefault inside passive event listener invocation. @ http://localhost:3000/_next/static/chunks/node_modules_next_dist_compiled_react-dom_1e674e59._.js:2325
[ 7518769ms] [ERROR] Unable to preventDefault inside passive event listener invocation. @ http://localhost:3000/_next/static/chunks/node_modules_next_dist_compiled_react-dom_1e674e59._.js:2325
[ 7518785ms] [ERROR] Unable to preventDefault inside passive event listener invocation. @ http://localhost:3000/_next/static/chunks/node_modules_next_dist_compiled_react-dom_1e674e59._.js:2325
[ 7518993ms] [ERROR] Unable to preventDefault inside passive event listener invocation. @ http://localhost:3000/_next/static/chunks/node_modules_next_dist_compiled_react-dom_1e674e59._.js:2325
[ 7519036ms] [ERROR] Unable to preventDefault inside passive event listener invocation. @ http://localhost:3000/_next/static/chunks/node_modules_next_dist_compiled_react-dom_1e674e59._.js:2325
[ 7519358ms] [ERROR] Unable to preventDefault inside passive event listener invocation. @ http://localhost:3000/_next/static/chunks/node_modules_next_dist_compiled_react-dom_1e674e59._.js:2325
[ 7519386ms] [ERROR] Unable to preventDefault inside passive event listener invocation. @ http://localhost:3000/_next/static/chunks/node_modules_next_dist_compiled_react-dom_1e674e59._.js:2325
[ 7519436ms] [ERROR] Unable to preventDefault inside passive event listener invocation. @ http://localhost:3000/_next/static/chunks/node_modules_next_dist_compiled_react-dom_1e674e59._.js:2325
[ 7519588ms] [ERROR] Unable to preventDefault inside passive event listener invocation. @ http://localhost:3000/_next/static/chunks/node_modules_next_dist_compiled_react-dom_1e674e59._.js:2325
[ 7519619ms] [ERROR] Unable to preventDefault inside passive event listener invocation. @ http://localhost:3000/_next/static/chunks/node_modules_next_dist_compiled_react-dom_1e674e59._.js:2325
[ 7519626ms] [ERROR] Unable to preventDefault inside passive event listener invocation. @ http://localhost:3000/_next/static/chunks/node_modules_next_dist_compiled_react-dom_1e674e59._.js:2325
[ 7519642ms] [ERROR] Unable to preventDefault inside passive event listener invocation. @ http://localhost:3000/_next/static/chunks/node_modules_next_dist_compiled_react-dom_1e674e59._.js:2325
[ 7519817ms] [ERROR] Unable to preventDefault inside passive event listener invocation. @ http://localhost:3000/_next/static/chunks/node_modules_next_dist_compiled_react-dom_1e674e59._.js:2325
[ 7519853ms] [ERROR] Unable to preventDefault inside passive event listener invocation. @ http://localhost:3000/_next/static/chunks/node_modules_next_dist_compiled_react-dom_1e674e59._.js:2325
[ 7519869ms] [ERROR] Unable to preventDefault inside passive event listener invocation. @ http://localhost:3000/_next/static/chunks/node_modules_next_dist_compiled_react-dom_1e674e59._.js:2325
[ 7519886ms] [ERROR] Unable to preventDefault inside passive event listener invocation. @ http://localhost:3000/_next/static/chunks/node_modules_next_dist_compiled_react-dom_1e674e59._.js:2325
[ 7520120ms] [ERROR] Unable to preventDefault inside passive event listener invocation. @ http://localhost:3000/_next/static/chunks/node_modules_next_dist_compiled_react-dom_1e674e59._.js:2325
[ 7520136ms] [ERROR] Unable to preventDefault inside passive event listener invocation. @ http://localhost:3000/_next/static/chunks/node_modules_next_dist_compiled_react-dom_1e674e59._.js:2325
[ 7520153ms] [ERROR] Unable to preventDefault inside passive event listener invocation. @ http://localhost:3000/_next/static/chunks/node_modules_next_dist_compiled_react-dom_1e674e59._.js:2325
[ 7520169ms] [ERROR] Unable to preventDefault inside passive event listener invocation. @ http://localhost:3000/_next/static/chunks/node_modules_next_dist_compiled_react-dom_1e674e59._.js:2325
[ 7520203ms] [ERROR] Unable to preventDefault inside passive event listener invocation. @ http://localhost:3000/_next/static/chunks/node_modules_next_dist_compiled_react-dom_1e674e59._.js:2325
[ 7520770ms] [ERROR] Unable to preventDefault inside passive event listener invocation. @ http://localhost:3000/_next/static/chunks/node_modules_next_dist_compiled_react-dom_1e674e59._.js:2325
[ 7520786ms] [ERROR] Unable to preventDefault inside passive event listener invocation. @ http://localhost:3000/_next/static/chunks/node_modules_next_dist_compiled_react-dom_1e674e59._.js:2325
[ 7520803ms] [ERROR] Unable to preventDefault inside passive event listener invocation. @ http://localhost:3000/_next/static/chunks/node_modules_next_dist_compiled_react-dom_1e674e59._.js:2325
[ 7520836ms] [ERROR] Unable to preventDefault inside passive event listener invocation. @ http://localhost:3000/_next/static/chunks/node_modules_next_dist_compiled_react-dom_1e674e59._.js:2325
[ 7520853ms] [ERROR] Unable to preventDefault inside passive event listener invocation. @ http://localhost:3000/_next/static/chunks/node_modules_next_dist_compiled_react-dom_1e674e59._.js:2325
[ 7520886ms] [LOG] [Fast Refresh] rebuilding @ http://localhost:3000/_next/static/chunks/node_modules_next_dist_f3530cac._.js:2297
[ 7520892ms] [LOG] [Fast Refresh] done in 109ms @ http://localhost:3000/_next/static/chunks/node_modules_next_dist_f3530cac._.js:2297
[ 7521638ms] [LOG] [Fast Refresh] rebuilding @ http://localhost:3000/_next/static/chunks/node_modules_next_dist_f3530cac._.js:2297
[ 7521807ms] [LOG] [Fast Refresh] done in 171ms @ http://localhost:3000/_next/static/chunks/node_modules_next_dist_f3530cac._.js:2297
[ 7532285ms] [ERROR] Unable to preventDefault inside passive event listener invocation. @ http://localhost:3000/_next/static/chunks/node_modules_next_dist_compiled_react-dom_1e674e59._.js:2325
[ 7532287ms] [ERROR] Unable to preventDefault inside passive event listener invocation. @ http://localhost:3000/_next/static/chunks/node_modules_next_dist_compiled_react-dom_1e674e59._.js:2325
[ 7532326ms] [ERROR] Unable to preventDefault inside passive event listener invocation. @ http://localhost:3000/_next/static/chunks/node_modules_next_dist_compiled_react-dom_1e674e59._.js:2325
[ 7532514ms] [ERROR] Unable to preventDefault inside passive event listener invocation. @ http://localhost:3000/_next/static/chunks/node_modules_next_dist_compiled_react-dom_1e674e59._.js:2325
[ 7532527ms] [ERROR] Unable to preventDefault inside passive event listener invocation. @ http://localhost:3000/_next/static/chunks/node_modules_next_dist_compiled_react-dom_1e674e59._.js:2325
[ 7532548ms] [ERROR] Unable to preventDefault inside passive event listener invocation. @ http://localhost:3000/_next/static/chunks/node_modules_next_dist_compiled_react-dom_1e674e59._.js:2325
[ 7532565ms] [ERROR] Unable to preventDefault inside passive event listener invocation. @ http://localhost:3000/_next/static/chunks/node_modules_next_dist_compiled_react-dom_1e674e59._.js:2325
[ 7532592ms] [ERROR] Unable to preventDefault inside passive event listener invocation. @ http://localhost:3000/_next/static/chunks/node_modules_next_dist_compiled_react-dom_1e674e59._.js:2325
[ 7532637ms] [LOG] [Fast Refresh] rebuilding @ http://localhost:3000/_next/static/chunks/node_modules_next_dist_f3530cac._.js:2297
[ 7532654ms] [LOG] [Fast Refresh] done in 122ms @ http://localhost:3000/_next/static/chunks/node_modules_next_dist_f3530cac._.js:2297
[ 7532781ms] [ERROR] Unable to preventDefault inside passive event listener invocation. @ http://localhost:3000/_next/static/chunks/node_modules_next_dist_compiled_react-dom_1e674e59._.js:2325
[ 7532797ms] [ERROR] Unable to preventDefault inside passive event listener invocation. @ http://localhost:3000/_next/static/chunks/node_modules_next_dist_compiled_react-dom_1e674e59._.js:2325
[ 7532825ms] [ERROR] Unable to preventDefault inside passive event listener invocation. @ http://localhost:3000/_next/static/chunks/node_modules_next_dist_compiled_react-dom_1e674e59._.js:2325
[ 7533460ms] [ERROR] Unable to preventDefault inside passive event listener invocation. @ http://localhost:3000/_next/static/chunks/node_modules_next_dist_compiled_react-dom_1e674e59._.js:2325
[ 7533492ms] [ERROR] Unable to preventDefault inside passive event listener invocation. @ http://localhost:3000/_next/static/chunks/node_modules_next_dist_compiled_react-dom_1e674e59._.js:2325
[ 7533525ms] [ERROR] Unable to preventDefault inside passive event listener invocation. @ http://localhost:3000/_next/static/chunks/node_modules_next_dist_compiled_react-dom_1e674e59._.js:2325
[ 7533747ms] [ERROR] Unable to preventDefault inside passive event listener invocation. @ http://localhost:3000/_next/static/chunks/node_modules_next_dist_compiled_react-dom_1e674e59._.js:2325
[ 7533776ms] [ERROR] Unable to preventDefault inside passive event listener invocation. @ http://localhost:3000/_next/static/chunks/node_modules_next_dist_compiled_react-dom_1e674e59._.js:2325
[ 7533796ms] [ERROR] Unable to preventDefault inside passive event listener invocation. @ http://localhost:3000/_next/static/chunks/node_modules_next_dist_compiled_react-dom_1e674e59._.js:2325
[ 7534042ms] [ERROR] Unable to preventDefault inside passive event listener invocation. @ http://localhost:3000/_next/static/chunks/node_modules_next_dist_compiled_react-dom_1e674e59._.js:2325
[ 7534059ms] [ERROR] Unable to preventDefault inside passive event listener invocation. @ http://localhost:3000/_next/static/chunks/node_modules_next_dist_compiled_react-dom_1e674e59._.js:2325
[ 7534093ms] [ERROR] Unable to preventDefault inside passive event listener invocation. @ http://localhost:3000/_next/static/chunks/node_modules_next_dist_compiled_react-dom_1e674e59._.js:2325
[ 7534142ms] [ERROR] Unable to preventDefault inside passive event listener invocation. @ http://localhost:3000/_next/static/chunks/node_modules_next_dist_compiled_react-dom_1e674e59._.js:2325
[ 7536343ms] [ERROR] Unable to preventDefault inside passive event listener invocation. @ http://localhost:3000/_next/static/chunks/node_modules_next_dist_compiled_react-dom_1e674e59._.js:2325
[ 7536360ms] [ERROR] Unable to preventDefault inside passive event listener invocation. @ http://localhost:3000/_next/static/chunks/node_modules_next_dist_compiled_react-dom_1e674e59._.js:2325
[ 7536377ms] [ERROR] Unable to preventDefault inside passive event listener invocation. @ http://localhost:3000/_next/static/chunks/node_modules_next_dist_compiled_react-dom_1e674e59._.js:2325
[ 7536410ms] [ERROR] Unable to preventDefault inside passive event listener invocation. @ http://localhost:3000/_next/static/chunks/node_modules_next_dist_compiled_react-dom_1e674e59._.js:2325
[ 7536453ms] [LOG] [Fast Refresh] rebuilding @ http://localhost:3000/_next/static/chunks/node_modules_next_dist_f3530cac._.js:2297
[ 7536469ms] [LOG] [Fast Refresh] done in 121ms @ http://localhost:3000/_next/static/chunks/node_modules_next_dist_f3530cac._.js:2297
[ 7536655ms] [ERROR] Unable to preventDefault inside passive event listener invocation. @ http://localhost:3000/_next/static/chunks/node_modules_next_dist_compiled_react-dom_1e674e59._.js:2325
[ 7536694ms] [ERROR] Unable to preventDefault inside passive event listener invocation. @ http://localhost:3000/_next/static/chunks/node_modules_next_dist_compiled_react-dom_1e674e59._.js:2325
[ 7536710ms] [ERROR] Unable to preventDefault inside passive event listener invocation. @ http://localhost:3000/_next/static/chunks/node_modules_next_dist_compiled_react-dom_1e674e59._.js:2325
[ 7537927ms] [ERROR] Unable to preventDefault inside passive event listener invocation. @ http://localhost:3000/_next/static/chunks/node_modules_next_dist_compiled_react-dom_1e674e59._.js:2325
[ 7537929ms] [ERROR] Unable to preventDefault inside passive event listener invocation. @ http://localhost:3000/_next/static/chunks/node_modules_next_dist_compiled_react-dom_1e674e59._.js:2325
[ 7537944ms] [ERROR] Unable to preventDefault inside passive event listener invocation. @ http://localhost:3000/_next/static/chunks/node_modules_next_dist_compiled_react-dom_1e674e59._.js:2325
[ 7537978ms] [ERROR] Unable to preventDefault inside passive event listener invocation. @ http://localhost:3000/_next/static/chunks/node_modules_next_dist_compiled_react-dom_1e674e59._.js:2325
[ 7538165ms] [ERROR] Unable to preventDefault inside passive event listener invocation. @ http://localhost:3000/_next/static/chunks/node_modules_next_dist_compiled_react-dom_1e674e59._.js:2325
[ 7538200ms] [ERROR] Unable to preventDefault inside passive event listener invocation. @ http://localhost:3000/_next/static/chunks/node_modules_next_dist_compiled_react-dom_1e674e59._.js:2325
[ 7538228ms] [ERROR] Unable to preventDefault inside passive event listener invocation. @ http://localhost:3000/_next/static/chunks/node_modules_next_dist_compiled_react-dom_1e674e59._.js:2325
[ 7538281ms] [LOG] [Fast Refresh] rebuilding @ http://localhost:3000/_next/static/chunks/node_modules_next_dist_f3530cac._.js:2297
[ 7538285ms] [LOG] [Fast Refresh] done in 107ms @ http://localhost:3000/_next/static/chunks/node_modules_next_dist_f3530cac._.js:2297
[ 7546310ms] [LOG] [cache-update] sid= null poleTags= 0 shapes= 11 @ http://localhost:3000/_next/static/chunks/node_modules_next_dist_f3530cac._.js:2297
[ 7546310ms] [WARNING] [cache-update] skipping save — no sessionId or db @ http://localhost:3000/_next/static/chunks/node_modules_next_dist_f3530cac._.js:2297
