[ 4834968ms] [LOG] [Fast Refresh] rebuilding @ webpack-internal:///(app-pages-browser)/./node_modules/next/dist/next-devtools/shared/forward-logs-shared.js:27
[ 4835890ms] [LOG] [Fast Refresh] done in 4ms @ webpack-internal:///(app-pages-browser)/./node_modules/next/dist/next-devtools/shared/forward-logs-shared.js:27
[ 4851634ms] [LOG] [Fast Refresh] rebuilding @ webpack-internal:///(app-pages-browser)/./node_modules/next/dist/next-devtools/shared/forward-logs-shared.js:27
[ 4855026ms] [LOG] [Fast Refresh] done in 3392ms @ webpack-internal:///(app-pages-browser)/./node_modules/next/dist/next-devtools/shared/forward-logs-shared.js:27
[ 4876227ms] [WARNING] The resource http://localhost:3000/_next/static/css/app/layout.css?v=1785225369008 was preloaded using link preload but not used within a few seconds from the window's load event. Please make sure it has an appropriate `as` value and it is preloaded intentionally. @ http://localhost:3000/:0
[ 4878974ms] [LOG] [Fast Refresh] done in 27339ms @ webpack-internal:///(app-pages-browser)/./node_modules/next/dist/next-devtools/shared/forward-logs-shared.js:27
[ 4949362ms] [WARNING] The resource http://localhost:3000/_next/static/css/app/layout.css?v=1785225369008 was preloaded using link preload but not used within a few seconds from the window's load event. Please make sure it has an appropriate `as` value and it is preloaded intentionally. @ http://localhost:3000/:0
[ 4957558ms] [WARNING] The resource http://localhost:3000/_next/static/css/app/layout.css?v=1785225369008 was preloaded using link preload but not used within a few seconds from the window's load event. Please make sure it has an appropriate `as` value and it is preloaded intentionally. @ http://localhost:3000/:0
[ 4967278ms] [WARNING] The resource http://localhost:3000/_next/static/css/app/layout.css?v=1785225369008 was preloaded using link preload but not used within a few seconds from the window's load event. Please make sure it has an appropriate `as` value and it is preloaded intentionally. @ http://localhost:3000/:0
[ 5066094ms] [WARNING] The resource http://localhost:3000/_next/static/css/app/layout.css?v=1785225369008 was preloaded using link preload but not used within a few seconds from the window's load event. Please make sure it has an appropriate `as` value and it is preloaded intentionally. @ http://localhost:3000/:0
[ 5225789ms] [WARNING] The resource http://localhost:3000/_next/static/css/app/layout.css?v=1785225369008 was preloaded using link preload but not used within a few seconds from the window's load event. Please make sure it has an appropriate `as` value and it is preloaded intentionally. @ http://localhost:3000/:0
[ 5391772ms] [WARNING] The resource http://localhost:3000/_next/static/css/app/layout.css?v=1785225369008 was preloaded using link preload but not used within a few seconds from the window's load event. Please make sure it has an appropriate `as` value and it is preloaded intentionally. @ http://localhost:3000/:0
[ 5398289ms] [WARNING] The resource http://localhost:3000/_next/static/css/app/layout.css?v=1785225369008 was preloaded using link preload but not used within a few seconds from the window's load event. Please make sure it has an appropriate `as` value and it is preloaded intentionally. @ http://localhost:3000/:0
[ 5551404ms] [WARNING] The resource http://localhost:3000/_next/static/css/app/layout.css?v=1785225369008 was preloaded using link preload but not used within a few seconds from the window's load event. Please make sure it has an appropriate `as` value and it is preloaded intentionally. @ http://localhost:3000/:0
[ 5587415ms] [WARNING] The resource http://localhost:3000/_next/static/css/app/layout.css?v=1785225369008 was preloaded using link preload but not used within a few seconds from the window's load event. Please make sure it has an appropriate `as` value and it is preloaded intentionally. @ http://localhost:3000/:0
[ 5626569ms] [WARNING] The resource http://localhost:3000/_next/static/css/app/layout.css?v=1785225369008 was preloaded using link preload but not used within a few seconds from the window's load event. Please make sure it has an appropriate `as` value and it is preloaded intentionally. @ http://localhost:3000/:0
[ 5634162ms] [WARNING] The resource http://localhost:3000/_next/static/css/app/layout.css?v=1785225369008 was preloaded using link preload but not used within a few seconds from the window's load event. Please make sure it has an appropriate `as` value and it is preloaded intentionally. @ http://localhost:3000/:0
[ 5657073ms] [LOG] [Fast Refresh] rebuilding @ webpack-internal:///(app-pages-browser)/./node_modules/next/dist/next-devtools/shared/forward-logs-shared.js:27
[ 5657248ms] [WARNING] The resource http://localhost:3000/_next/static/css/app/layout.css?v=1785225369008 was preloaded using link preload but not used within a few seconds from the window's load event. Please make sure it has an appropriate `as` value and it is preloaded intentionally. @ http://localhost:3000/:0
[ 5657928ms] [LOG] [Fast Refresh] rebuilding @ webpack-internal:///(app-pages-browser)/./node_modules/next/dist/next-devtools/shared/forward-logs-shared.js:27
[ 5657975ms] [LOG] [Fast Refresh] done in 45ms @ webpack-internal:///(app-pages-browser)/./node_modules/next/dist/next-devtools/shared/forward-logs-shared.js:27
[ 5659861ms] [LOG] [Fast Refresh] done in 1934ms @ webpack-internal:///(app-pages-browser)/./node_modules/next/dist/next-devtools/shared/forward-logs-shared.js:27
[ 5666386ms] [LOG] [Fast Refresh] rebuilding @ webpack-internal:///(app-pages-browser)/./node_modules/next/dist/next-devtools/shared/forward-logs-shared.js:27
[ 5670218ms] [WARNING] The resource http://localhost:3000/_next/static/css/app/layout.css?v=1785226201466 was preloaded using link preload but not used within a few seconds from the window's load event. Please make sure it has an appropriate `as` value and it is preloaded intentionally. @ http://localhost:3000/:0
[ 5670218ms] [WARNING] The resource http://localhost:3000/_next/static/css/app/layout.css?v=1785225369008 was preloaded using link preload but not used within a few seconds from the window's load event. Please make sure it has an appropriate `as` value and it is preloaded intentionally. @ http://localhost:3000/:0
[ 5671764ms] [LOG] [Fast Refresh] rebuilding @ webpack-internal:///(app-pages-browser)/./node_modules/next/dist/next-devtools/shared/forward-logs-shared.js:27
[ 5672542ms] [LOG] [Fast Refresh] done in 778ms @ webpack-internal:///(app-pages-browser)/./node_modules/next/dist/next-devtools/shared/forward-logs-shared.js:27
[ 5673144ms] [LOG] [Fast Refresh] done in 1380ms @ webpack-internal:///(app-pages-browser)/./node_modules/next/dist/next-devtools/shared/forward-logs-shared.js:27
[ 5696234ms] [LOG] [Fast Refresh] rebuilding @ webpack-internal:///(app-pages-browser)/./node_modules/next/dist/next-devtools/shared/forward-logs-shared.js:27
[ 5697056ms] [LOG] [Fast Refresh] rebuilding @ webpack-internal:///(app-pages-browser)/./node_modules/next/dist/next-devtools/shared/forward-logs-shared.js:27
[ 5697193ms] [LOG] [Fast Refresh] done in 137ms @ webpack-internal:///(app-pages-browser)/./node_modules/next/dist/next-devtools/shared/forward-logs-shared.js:27
[ 5698228ms] [LOG] [Fast Refresh] done in 1172ms @ webpack-internal:///(app-pages-browser)/./node_modules/next/dist/next-devtools/shared/forward-logs-shared.js:27
[ 5711287ms] [LOG] [Fast Refresh] rebuilding @ webpack-internal:///(app-pages-browser)/./node_modules/next/dist/next-devtools/shared/forward-logs-shared.js:27
[ 5712588ms] [LOG] [Fast Refresh] done in 1300ms @ webpack-internal:///(app-pages-browser)/./node_modules/next/dist/next-devtools/shared/forward-logs-shared.js:27
[ 5723257ms] [LOG] [Fast Refresh] rebuilding @ webpack-internal:///(app-pages-browser)/./node_modules/next/dist/next-devtools/shared/forward-logs-shared.js:27
[ 5724185ms] [LOG] [Fast Refresh] done in 927ms @ webpack-internal:///(app-pages-browser)/./node_modules/next/dist/next-devtools/shared/forward-logs-shared.js:27
[ 5752757ms] [LOG] [Fast Refresh] rebuilding @ webpack-internal:///(app-pages-browser)/./node_modules/next/dist/next-devtools/shared/forward-logs-shared.js:27
[ 5753480ms] [LOG] [Fast Refresh] done in 723ms @ webpack-internal:///(app-pages-browser)/./node_modules/next/dist/next-devtools/shared/forward-logs-shared.js:27
[ 5810083ms] [LOG] [Fast Refresh] rebuilding @ webpack-internal:///(app-pages-browser)/./node_modules/next/dist/next-devtools/shared/forward-logs-shared.js:27
[ 5811219ms] [LOG] [Fast Refresh] done in 1136ms @ webpack-internal:///(app-pages-browser)/./node_modules/next/dist/next-devtools/shared/forward-logs-shared.js:27
[ 5833705ms] [LOG] [Fast Refresh] rebuilding @ webpack-internal:///(app-pages-browser)/./node_modules/next/dist/next-devtools/shared/forward-logs-shared.js:27
[ 5835000ms] [LOG] [Fast Refresh] done in 1295ms @ webpack-internal:///(app-pages-browser)/./node_modules/next/dist/next-devtools/shared/forward-logs-shared.js:27
[ 5840129ms] [WARNING] The resource http://localhost:3000/_next/static/css/app/layout.css?v=1785226201466 was preloaded using link preload but not used within a few seconds from the window's load event. Please make sure it has an appropriate `as` value and it is preloaded intentionally. @ http://localhost:3000/:0
[ 5840140ms] [WARNING] The resource http://localhost:3000/_next/static/css/app/layout.css?v=1785225369008 was preloaded using link preload but not used within a few seconds from the window's load event. Please make sure it has an appropriate `as` value and it is preloaded intentionally. @ http://localhost:3000/:0
[ 5840141ms] [WARNING] The resource http://localhost:3000/_next/static/css/app/layout.css?v=1785226213203 was preloaded using link preload but not used within a few seconds from the window's load event. Please make sure it has an appropriate `as` value and it is preloaded intentionally. @ http://localhost:3000/:0
[ 5840141ms] [WARNING] The resource http://localhost:3000/_next/static/css/app/layout.css?v=1785226240880 was preloaded using link preload but not used within a few seconds from the window's load event. Please make sure it has an appropriate `as` value and it is preloaded intentionally. @ http://localhost:3000/:0
[ 5863008ms] [WARNING] The resource http://localhost:3000/_next/static/css/app/layout.css?v=1785226201466 was preloaded using link preload but not used within a few seconds from the window's load event. Please make sure it has an appropriate `as` value and it is preloaded intentionally. @ http://localhost:3000/:0
[ 5863008ms] [WARNING] The resource http://localhost:3000/_next/static/css/app/layout.css?v=1785225369008 was preloaded using link preload but not used within a few seconds from the window's load event. Please make sure it has an appropriate `as` value and it is preloaded intentionally. @ http://localhost:3000/:0
[ 5863008ms] [WARNING] The resource http://localhost:3000/_next/static/css/app/layout.css?v=1785226213203 was preloaded using link preload but not used within a few seconds from the window's load event. Please make sure it has an appropriate `as` value and it is preloaded intentionally. @ http://localhost:3000/:0
[ 5863009ms] [WARNING] The resource http://localhost:3000/_next/static/css/app/layout.css?v=1785226240880 was preloaded using link preload but not used within a few seconds from the window's load event. Please make sure it has an appropriate `as` value and it is preloaded intentionally. @ http://localhost:3000/:0
[ 5882091ms] [WARNING] The resource http://localhost:3000/_next/static/css/app/layout.css?v=1785226201466 was preloaded using link preload but not used within a few seconds from the window's load event. Please make sure it has an appropriate `as` value and it is preloaded intentionally. @ http://localhost:3000/:0
[ 5882091ms] [WARNING] The resource http://localhost:3000/_next/static/css/app/layout.css?v=1785225369008 was preloaded using link preload but not used within a few seconds from the window's load event. Please make sure it has an appropriate `as` value and it is preloaded intentionally. @ http://localhost:3000/:0
[ 5882092ms] [WARNING] The resource http://localhost:3000/_next/static/css/app/layout.css?v=1785226213203 was preloaded using link preload but not used within a few seconds from the window's load event. Please make sure it has an appropriate `as` value and it is preloaded intentionally. @ http://localhost:3000/:0
[ 5882092ms] [WARNING] The resource http://localhost:3000/_next/static/css/app/layout.css?v=1785226240880 was preloaded using link preload but not used within a few seconds from the window's load event. Please make sure it has an appropriate `as` value and it is preloaded intentionally. @ http://localhost:3000/:0
[ 5900407ms] [LOG] [Fast Refresh] rebuilding @ webpack-internal:///(app-pages-browser)/./node_modules/next/dist/next-devtools/shared/forward-logs-shared.js:27
[ 5905806ms] [LOG] [Fast Refresh] rebuilding @ webpack-internal:///(app-pages-browser)/./node_modules/next/dist/next-devtools/shared/forward-logs-shared.js:27
[ 5905833ms] [LOG] [Fast Refresh] done in 18ms @ webpack-internal:///(app-pages-browser)/./node_modules/next/dist/next-devtools/shared/forward-logs-shared.js:27
[ 5906359ms] [LOG] [Fast Refresh] done in 553ms @ webpack-internal:///(app-pages-browser)/./node_modules/next/dist/next-devtools/shared/forward-logs-shared.js:27
[ 5908348ms] [LOG] [Fast Refresh] rebuilding @ webpack-internal:///(app-pages-browser)/./node_modules/next/dist/next-devtools/shared/forward-logs-shared.js:27
[ 5910162ms] [WARNING] The resource http://localhost:3000/_next/static/css/app/layout.css?v=1785226201466 was preloaded using link preload but not used within a few seconds from the window's load event. Please make sure it has an appropriate `as` value and it is preloaded intentionally. @ http://localhost:3000/:0
[ 5910162ms] [WARNING] The resource http://localhost:3000/_next/static/css/app/layout.css?v=1785226449012 was preloaded using link preload but not used within a few seconds from the window's load event. Please make sure it has an appropriate `as` value and it is preloaded intentionally. @ http://localhost:3000/:0
[ 5910163ms] [WARNING] The resource http://localhost:3000/_next/static/css/app/layout.css?v=1785225369008 was preloaded using link preload but not used within a few seconds from the window's load event. Please make sure it has an appropriate `as` value and it is preloaded intentionally. @ http://localhost:3000/:0
[ 5910163ms] [WARNING] The resource http://localhost:3000/_next/static/css/app/layout.css?v=1785226213203 was preloaded using link preload but not used within a few seconds from the window's load event. Please make sure it has an appropriate `as` value and it is preloaded intentionally. @ http://localhost:3000/:0
[ 5910163ms] [WARNING] The resource http://localhost:3000/_next/static/css/app/layout.css?v=1785226240880 was preloaded using link preload but not used within a few seconds from the window's load event. Please make sure it has an appropriate `as` value and it is preloaded intentionally. @ http://localhost:3000/:0
[ 5911860ms] [LOG] [Fast Refresh] rebuilding @ webpack-internal:///(app-pages-browser)/./node_modules/next/dist/next-devtools/shared/forward-logs-shared.js:27
[ 5914206ms] [LOG] [Fast Refresh] done in 2346ms @ webpack-internal:///(app-pages-browser)/./node_modules/next/dist/next-devtools/shared/forward-logs-shared.js:27
[ 5914492ms] [LOG] [Fast Refresh] rebuilding @ webpack-internal:///(app-pages-browser)/./node_modules/next/dist/next-devtools/shared/forward-logs-shared.js:27
[ 5918296ms] [LOG] [Fast Refresh] done in 3804ms @ webpack-internal:///(app-pages-browser)/./node_modules/next/dist/next-devtools/shared/forward-logs-shared.js:27
[ 5921768ms] [WARNING] The resource http://localhost:3000/_next/static/css/app/layout.css?v=1785226201466 was preloaded using link preload but not used within a few seconds from the window's load event. Please make sure it has an appropriate `as` value and it is preloaded intentionally. @ http://localhost:3000/:0
[ 5921768ms] [WARNING] The resource http://localhost:3000/_next/static/css/app/layout.css?v=1785226449012 was preloaded using link preload but not used within a few seconds from the window's load event. Please make sure it has an appropriate `as` value and it is preloaded intentionally. @ http://localhost:3000/:0
[ 5921769ms] [WARNING] The resource http://localhost:3000/_next/static/css/app/layout.css?v=1785225369008 was preloaded using link preload but not used within a few seconds from the window's load event. Please make sure it has an appropriate `as` value and it is preloaded intentionally. @ http://localhost:3000/:0
[ 5921769ms] [WARNING] The resource http://localhost:3000/_next/static/css/app/layout.css?v=1785226213203 was preloaded using link preload but not used within a few seconds from the window's load event. Please make sure it has an appropriate `as` value and it is preloaded intentionally. @ http://localhost:3000/:0
[ 5921769ms] [WARNING] The resource http://localhost:3000/_next/static/css/app/layout.css?v=1785226240880 was preloaded using link preload but not used within a few seconds from the window's load event. Please make sure it has an appropriate `as` value and it is preloaded intentionally. @ http://localhost:3000/:0
[ 5932009ms] [LOG] [Fast Refresh] rebuilding @ webpack-internal:///(app-pages-browser)/./node_modules/next/dist/next-devtools/shared/forward-logs-shared.js:27
[ 5932890ms] [LOG] [Fast Refresh] rebuilding @ webpack-internal:///(app-pages-browser)/./node_modules/next/dist/next-devtools/shared/forward-logs-shared.js:27
[ 5932908ms] [LOG] [Fast Refresh] done in 18ms @ webpack-internal:///(app-pages-browser)/./node_modules/next/dist/next-devtools/shared/forward-logs-shared.js:27
[ 5934755ms] [LOG] [Fast Refresh] rebuilding @ webpack-internal:///(app-pages-browser)/./node_modules/next/dist/next-devtools/shared/forward-logs-shared.js:27
[ 5937004ms] [LOG] [Fast Refresh] done in 2223ms @ webpack-internal:///(app-pages-browser)/./node_modules/next/dist/next-devtools/shared/forward-logs-shared.js:27
[ 5937008ms] [WARNING] The resource http://localhost:3000/_next/static/css/app/layout.css?v=1785226201466 was preloaded using link preload but not used within a few seconds from the window's load event. Please make sure it has an appropriate `as` value and it is preloaded intentionally. @ http://localhost:3000/:0
[ 5937008ms] [WARNING] The resource http://localhost:3000/_next/static/css/app/layout.css?v=1785226449012 was preloaded using link preload but not used within a few seconds from the window's load event. Please make sure it has an appropriate `as` value and it is preloaded intentionally. @ http://localhost:3000/:0
[ 5937008ms] [WARNING] The resource http://localhost:3000/_next/static/css/app/layout.css?v=1785225369008 was preloaded using link preload but not used within a few seconds from the window's load event. Please make sure it has an appropriate `as` value and it is preloaded intentionally. @ http://localhost:3000/:0
[ 5937008ms] [WARNING] The resource http://localhost:3000/_next/static/css/app/layout.css?v=1785226213203 was preloaded using link preload but not used within a few seconds from the window's load event. Please make sure it has an appropriate `as` value and it is preloaded intentionally. @ http://localhost:3000/:0
[ 5937008ms] [WARNING] The resource http://localhost:3000/_next/static/css/app/layout.css?v=1785226240880 was preloaded using link preload but not used within a few seconds from the window's load event. Please make sure it has an appropriate `as` value and it is preloaded intentionally. @ http://localhost:3000/:0
[ 5937548ms] [ERROR] Failed to load resource: the server responded with a status of 500 (Internal Server Error) @ http://localhost:3000/?_rsc=1ch6o:0
[ 5939125ms] [LOG] [Fast Refresh] done in 4371ms @ webpack-internal:///(app-pages-browser)/./node_modules/next/dist/next-devtools/shared/forward-logs-shared.js:27
[ 6191606ms] [INFO] %cDownload the React DevTools for a better development experience: https://react.dev/link/react-devtools font-weight:bold @ webpack-internal:///(app-pages-browser)/./node_modules/next/dist/next-devtools/shared/forward-logs-shared.js:27
[ 6191929ms] [LOG] [HMR] connected @ webpack-internal:///(app-pages-browser)/./node_modules/next/dist/next-devtools/shared/forward-logs-shared.js:27
[ 6194908ms] [LOG] [Fast Refresh] rebuilding @ webpack-internal:///(app-pages-browser)/./node_modules/next/dist/next-devtools/shared/forward-logs-shared.js:27
[ 6195773ms] [LOG] [Fast Refresh] rebuilding @ webpack-internal:///(app-pages-browser)/./node_modules/next/dist/next-devtools/shared/forward-logs-shared.js:27
[ 6195914ms] [LOG] [Fast Refresh] done in 141ms @ webpack-internal:///(app-pages-browser)/./node_modules/next/dist/next-devtools/shared/forward-logs-shared.js:27
[ 6200045ms] [LOG] [Fast Refresh] done in 4274ms @ webpack-internal:///(app-pages-browser)/./node_modules/next/dist/next-devtools/shared/forward-logs-shared.js:27
[ 6228602ms] [LOG] [Fast Refresh] rebuilding @ webpack-internal:///(app-pages-browser)/./node_modules/next/dist/next-devtools/shared/forward-logs-shared.js:27
[ 6229445ms] [LOG] [Fast Refresh] rebuilding @ webpack-internal:///(app-pages-browser)/./node_modules/next/dist/next-devtools/shared/forward-logs-shared.js:27
[ 6229522ms] [LOG] [Fast Refresh] done in 78ms @ webpack-internal:///(app-pages-browser)/./node_modules/next/dist/next-devtools/shared/forward-logs-shared.js:27
[ 6232678ms] [LOG] [Fast Refresh] done in 3234ms @ webpack-internal:///(app-pages-browser)/./node_modules/next/dist/next-devtools/shared/forward-logs-shared.js:27
[ 6240831ms] [LOG] [Fast Refresh] rebuilding @ webpack-internal:///(app-pages-browser)/./node_modules/next/dist/next-devtools/shared/forward-logs-shared.js:27
[ 6243412ms] [LOG] [Fast Refresh] done in 2581ms @ webpack-internal:///(app-pages-browser)/./node_modules/next/dist/next-devtools/shared/forward-logs-shared.js:27
[ 6253994ms] [LOG] [Fast Refresh] rebuilding @ webpack-internal:///(app-pages-browser)/./node_modules/next/dist/next-devtools/shared/forward-logs-shared.js:27
[ 6254613ms] [LOG] [Fast Refresh] rebuilding @ webpack-internal:///(app-pages-browser)/./node_modules/next/dist/next-devtools/shared/forward-logs-shared.js:27
[ 6254686ms] [LOG] [Fast Refresh] done in 72ms @ webpack-internal:///(app-pages-browser)/./node_modules/next/dist/next-devtools/shared/forward-logs-shared.js:27
[ 6257372ms] [LOG] [Fast Refresh] done in 2759ms @ webpack-internal:///(app-pages-browser)/./node_modules/next/dist/next-devtools/shared/forward-logs-shared.js:27
[ 6322266ms] [LOG] [Fast Refresh] rebuilding @ webpack-internal:///(app-pages-browser)/./node_modules/next/dist/next-devtools/shared/forward-logs-shared.js:27
[ 6323484ms] [LOG] [Fast Refresh] done in 1218ms @ webpack-internal:///(app-pages-browser)/./node_modules/next/dist/next-devtools/shared/forward-logs-shared.js:27
[ 6922592ms] [INFO] %cDownload the React DevTools for a better development experience: https://react.dev/link/react-devtools font-weight:bold @ webpack-internal:///(app-pages-browser)/./node_modules/next/dist/next-devtools/shared/forward-logs-shared.js:27
[ 6922974ms] [LOG] [HMR] connected @ webpack-internal:///(app-pages-browser)/./node_modules/next/dist/next-devtools/shared/forward-logs-shared.js:27
[ 6940059ms] [WARNING] [session] could not resolve session: Error: Supabase not configured. Add NEXT_PUBLIC_SUPABASE_URL and NEXT_PUBLIC_SUPABASE_ANON_KEY to .env
    at throwNotConfigured (webpack-internal:///(app-pages-browser)/./app/hooks/useDatabase.ts:11:11)
    at useDatabase.useCallback[getSb] (webpack-internal:///(app-pages-browser)/./app/hooks/useDatabase.ts:16:71)
    at useDatabase.useCallback[checkForExistingSession] [as checkForExistingSession] (webpack-internal:///(app-pages-browser)/./app/hooks/useDatabase.ts:171:24)
    at Home.useCallback[resolveSessionId] (webpack-internal:///(app-pages-browser)/./app/page.tsx:98:43)
    at Home.useCallback[handleStartProcessing] (webpack-internal:///(app-pages-browser)/./app/page.tsx:218:13)
    at onClick (webpack-internal:///(app-pages-browser)/./app/components/LoadScreen.tsx:2150:46)
    at executeDispatch (webpack-internal:///(app-pages-browser)/./node_modules/next/dist/compiled/react-dom/cjs/react-dom-client.development.js:20544:9)
    at runWithFiberInDEV (webpack-internal:///(app-pages-browser)/./node_modules/next/dist/compiled/react-dom/cjs/react-dom-client.development.js:987:30)
    at processDispatchQueue (webpack-internal:///(app-pages-browser)/./node_modules/next/dist/compiled/react-dom/cjs/react-dom-client.development.js:20594:19)
    at eval (webpack-internal:///(app-pages-browser)/./node_modules/next/dist/compiled/react-dom/cjs/react-dom-client.development.js:21165:9)
    at batchedUpdates$1 (webpack-internal:///(app-pages-browser)/./node_modules/next/dist/compiled/react-dom/cjs/react-dom-client.development.js:3378:40)
    at dispatchEventForPluginEventSystem (webpack-internal:///(app-pages-browser)/./node_modules/next/dist/compiled/react-dom/cjs/react-dom-client.development.js:20748:7)
    at dispatchEvent (webpack-internal:///(app-pages-browser)/./node_modules/next/dist/compiled/react-dom/cjs/react-dom-client.development.js:25694:11)
    at dispatchDiscreteEvent (webpack-internal:///(app-pages-browser)/./node_modules/next/dist/compiled/react-dom/cjs/react-dom-client.development.js:25662:11) @ webpack-internal:///(app-pages-browser)/./node_modules/next/dist/next-devtools/shared/forward-logs-shared.js:27
[ 7006740ms] [LOG] [PoleLayout mount] cachedData: poleDone=false tags=0 @ webpack-internal:///(app-pages-browser)/./node_modules/next/dist/next-devtools/shared/forward-logs-shared.js:27
[ 7006781ms] [LOG] [PoleLayout mount] cachedData: poleDone=false tags=0 @ webpack-internal:///(app-pages-browser)/./node_modules/next/dist/next-devtools/shared/forward-logs-shared.js:27
[ 7010230ms] [LOG] [Fast Refresh] rebuilding @ webpack-internal:///(app-pages-browser)/./node_modules/next/dist/next-devtools/shared/forward-logs-shared.js:27
[ 7012981ms] [LOG] [Fast Refresh] rebuilding @ webpack-internal:///(app-pages-browser)/./node_modules/next/dist/next-devtools/shared/forward-logs-shared.js:27
[ 7014833ms] [LOG] [Fast Refresh] done in 1851ms @ webpack-internal:///(app-pages-browser)/./node_modules/next/dist/next-devtools/shared/forward-logs-shared.js:27
[ 7016901ms] [LOG] [cache-update] sid= null poleTags= 123 shapes= 0 @ webpack-internal:///(app-pages-browser)/./node_modules/next/dist/next-devtools/shared/forward-logs-shared.js:27
[ 7016902ms] [WARNING] [cache-update] skipping save — no sessionId or db @ webpack-internal:///(app-pages-browser)/./node_modules/next/dist/next-devtools/shared/forward-logs-shared.js:27
[ 7017185ms] [LOG] [cache-update] sid= null poleTags= 123 shapes= 0 @ webpack-internal:///(app-pages-browser)/./node_modules/next/dist/next-devtools/shared/forward-logs-shared.js:27
[ 7017185ms] [WARNING] [cache-update] skipping save — no sessionId or db @ webpack-internal:///(app-pages-browser)/./node_modules/next/dist/next-devtools/shared/forward-logs-shared.js:27
[ 7017493ms] [LOG] [cache-update] sid= null poleTags= 123 shapes= 0 @ webpack-internal:///(app-pages-browser)/./node_modules/next/dist/next-devtools/shared/forward-logs-shared.js:27
[ 7017493ms] [WARNING] [cache-update] skipping save — no sessionId or db @ webpack-internal:///(app-pages-browser)/./node_modules/next/dist/next-devtools/shared/forward-logs-shared.js:27
[ 7046852ms] [LOG] [Fast Refresh] done in 33871ms @ webpack-internal:///(app-pages-browser)/./node_modules/next/dist/next-devtools/shared/forward-logs-shared.js:27
[ 7111872ms] [ERROR] Unable to preventDefault inside passive event listener invocation. @ webpack-internal:///(app-pages-browser)/./node_modules/next/dist/compiled/react-dom/cjs/react-dom-client.development.js:3511
[ 7111914ms] [ERROR] Unable to preventDefault inside passive event listener invocation. @ webpack-internal:///(app-pages-browser)/./node_modules/next/dist/compiled/react-dom/cjs/react-dom-client.development.js:3511
[ 7111937ms] [ERROR] Unable to preventDefault inside passive event listener invocation. @ webpack-internal:///(app-pages-browser)/./node_modules/next/dist/compiled/react-dom/cjs/react-dom-client.development.js:3511
[ 7112156ms] [ERROR] Unable to preventDefault inside passive event listener invocation. @ webpack-internal:///(app-pages-browser)/./node_modules/next/dist/compiled/react-dom/cjs/react-dom-client.development.js:3511
[ 7112177ms] [ERROR] Unable to preventDefault inside passive event listener invocation. @ webpack-internal:///(app-pages-browser)/./node_modules/next/dist/compiled/react-dom/cjs/react-dom-client.development.js:3511
[ 7112187ms] [ERROR] Unable to preventDefault inside passive event listener invocation. @ webpack-internal:///(app-pages-browser)/./node_modules/next/dist/compiled/react-dom/cjs/react-dom-client.development.js:3511
[ 7112238ms] [ERROR] Unable to preventDefault inside passive event listener invocation. @ webpack-internal:///(app-pages-browser)/./node_modules/next/dist/compiled/react-dom/cjs/react-dom-client.development.js:3511
[ 7112424ms] [ERROR] Unable to preventDefault inside passive event listener invocation. @ webpack-internal:///(app-pages-browser)/./node_modules/next/dist/compiled/react-dom/cjs/react-dom-client.development.js:3511
[ 7112437ms] [ERROR] Unable to preventDefault inside passive event listener invocation. @ webpack-internal:///(app-pages-browser)/./node_modules/next/dist/compiled/react-dom/cjs/react-dom-client.development.js:3511
[ 7112453ms] [ERROR] Unable to preventDefault inside passive event listener invocation. @ webpack-internal:///(app-pages-browser)/./node_modules/next/dist/compiled/react-dom/cjs/react-dom-client.development.js:3511
[ 7112480ms] [ERROR] Unable to preventDefault inside passive event listener invocation. @ webpack-internal:///(app-pages-browser)/./node_modules/next/dist/compiled/react-dom/cjs/react-dom-client.development.js:3511
[ 7112682ms] [ERROR] Unable to preventDefault inside passive event listener invocation. @ webpack-internal:///(app-pages-browser)/./node_modules/next/dist/compiled/react-dom/cjs/react-dom-client.development.js:3511
[ 7112702ms] [ERROR] Unable to preventDefault inside passive event listener invocation. @ webpack-internal:///(app-pages-browser)/./node_modules/next/dist/compiled/react-dom/cjs/react-dom-client.development.js:3511
[ 7112728ms] [ERROR] Unable to preventDefault inside passive event listener invocation. @ webpack-internal:///(app-pages-browser)/./node_modules/next/dist/compiled/react-dom/cjs/react-dom-client.development.js:3511
[ 7112770ms] [ERROR] Unable to preventDefault inside passive event listener invocation. @ webpack-internal:///(app-pages-browser)/./node_modules/next/dist/compiled/react-dom/cjs/react-dom-client.development.js:3511
[ 7113022ms] [ERROR] Unable to preventDefault inside passive event listener invocation. @ webpack-internal:///(app-pages-browser)/./node_modules/next/dist/compiled/react-dom/cjs/react-dom-client.development.js:3511
[ 7116083ms] [ERROR] Unable to preventDefault inside passive event listener invocation. @ webpack-internal:///(app-pages-browser)/./node_modules/next/dist/compiled/react-dom/cjs/react-dom-client.development.js:3511
[ 7116128ms] [ERROR] Unable to preventDefault inside passive event listener invocation. @ webpack-internal:///(app-pages-browser)/./node_modules/next/dist/compiled/react-dom/cjs/react-dom-client.development.js:3511
[ 7116171ms] [ERROR] Unable to preventDefault inside passive event listener invocation. @ webpack-internal:///(app-pages-browser)/./node_modules/next/dist/compiled/react-dom/cjs/react-dom-client.development.js:3511
[ 7116427ms] [ERROR] Unable to preventDefault inside passive event listener invocation. @ webpack-internal:///(app-pages-browser)/./node_modules/next/dist/compiled/react-dom/cjs/react-dom-client.development.js:3511
[ 7116466ms] [ERROR] Unable to preventDefault inside passive event listener invocation. @ webpack-internal:///(app-pages-browser)/./node_modules/next/dist/compiled/react-dom/cjs/react-dom-client.development.js:3511
[ 7116499ms] [ERROR] Unable to preventDefault inside passive event listener invocation. @ webpack-internal:///(app-pages-browser)/./node_modules/next/dist/compiled/react-dom/cjs/react-dom-client.development.js:3511
[ 7118169ms] [ERROR] Unable to preventDefault inside passive event listener invocation. @ webpack-internal:///(app-pages-browser)/./node_modules/next/dist/compiled/react-dom/cjs/react-dom-client.development.js:3511
[ 7118234ms] [ERROR] Unable to preventDefault inside passive event listener invocation. @ webpack-internal:///(app-pages-browser)/./node_modules/next/dist/compiled/react-dom/cjs/react-dom-client.development.js:3511
[ 7118267ms] [ERROR] Unable to preventDefault inside passive event listener invocation. @ webpack-internal:///(app-pages-browser)/./node_modules/next/dist/compiled/react-dom/cjs/react-dom-client.development.js:3511
[ 7119035ms] [ERROR] Unable to preventDefault inside passive event listener invocation. @ webpack-internal:///(app-pages-browser)/./node_modules/next/dist/compiled/react-dom/cjs/react-dom-client.development.js:3511
[ 7127147ms] [ERROR] Unable to preventDefault inside passive event listener invocation. @ webpack-internal:///(app-pages-browser)/./node_modules/next/dist/compiled/react-dom/cjs/react-dom-client.development.js:3511
[ 7127156ms] [ERROR] Unable to preventDefault inside passive event listener invocation. @ webpack-internal:///(app-pages-browser)/./node_modules/next/dist/compiled/react-dom/cjs/react-dom-client.development.js:3511
[ 7127178ms] [ERROR] Unable to preventDefault inside passive event listener invocation. @ webpack-internal:///(app-pages-browser)/./node_modules/next/dist/compiled/react-dom/cjs/react-dom-client.development.js:3511
[ 7127394ms] [ERROR] Unable to preventDefault inside passive event listener invocation. @ webpack-internal:///(app-pages-browser)/./node_modules/next/dist/compiled/react-dom/cjs/react-dom-client.development.js:3511
[ 7127420ms] [ERROR] Unable to preventDefault inside passive event listener invocation. @ webpack-internal:///(app-pages-browser)/./node_modules/next/dist/compiled/react-dom/cjs/react-dom-client.development.js:3511
[ 7127454ms] [ERROR] Unable to preventDefault inside passive event listener invocation. @ webpack-internal:///(app-pages-browser)/./node_modules/next/dist/compiled/react-dom/cjs/react-dom-client.development.js:3511
[ 7127684ms] [ERROR] Unable to preventDefault inside passive event listener invocation. @ webpack-internal:///(app-pages-browser)/./node_modules/next/dist/compiled/react-dom/cjs/react-dom-client.development.js:3511
[ 7127755ms] [ERROR] Unable to preventDefault inside passive event listener invocation. @ webpack-internal:///(app-pages-browser)/./node_modules/next/dist/compiled/react-dom/cjs/react-dom-client.development.js:3511
[ 7128839ms] [ERROR] Unable to preventDefault inside passive event listener invocation. @ webpack-internal:///(app-pages-browser)/./node_modules/next/dist/compiled/react-dom/cjs/react-dom-client.development.js:3511
[ 7128871ms] [ERROR] Unable to preventDefault inside passive event listener invocation. @ webpack-internal:///(app-pages-browser)/./node_modules/next/dist/compiled/react-dom/cjs/react-dom-client.development.js:3511
[ 7128888ms] [ERROR] Unable to preventDefault inside passive event listener invocation. @ webpack-internal:///(app-pages-browser)/./node_modules/next/dist/compiled/react-dom/cjs/react-dom-client.development.js:3511
[ 7128922ms] [ERROR] Unable to preventDefault inside passive event listener invocation. @ webpack-internal:///(app-pages-browser)/./node_modules/next/dist/compiled/react-dom/cjs/react-dom-client.development.js:3511
[ 7128955ms] [ERROR] Unable to preventDefault inside passive event listener invocation. @ webpack-internal:///(app-pages-browser)/./node_modules/next/dist/compiled/react-dom/cjs/react-dom-client.development.js:3511
[ 7129021ms] [ERROR] Unable to preventDefault inside passive event listener invocation. @ webpack-internal:///(app-pages-browser)/./node_modules/next/dist/compiled/react-dom/cjs/react-dom-client.development.js:3511
[ 7129162ms] [ERROR] Unable to preventDefault inside passive event listener invocation. @ webpack-internal:///(app-pages-browser)/./node_modules/next/dist/compiled/react-dom/cjs/react-dom-client.development.js:3511
[ 7129189ms] [ERROR] Unable to preventDefault inside passive event listener invocation. @ webpack-internal:///(app-pages-browser)/./node_modules/next/dist/compiled/react-dom/cjs/react-dom-client.development.js:3511
[ 7129204ms] [ERROR] Unable to preventDefault inside passive event listener invocation. @ webpack-internal:///(app-pages-browser)/./node_modules/next/dist/compiled/react-dom/cjs/react-dom-client.development.js:3511
[ 7135641ms] [ERROR] Unable to preventDefault inside passive event listener invocation. @ webpack-internal:///(app-pages-browser)/./node_modules/next/dist/compiled/react-dom/cjs/react-dom-client.development.js:3511
[ 7135724ms] [ERROR] Unable to preventDefault inside passive event listener invocation. @ webpack-internal:///(app-pages-browser)/./node_modules/next/dist/compiled/react-dom/cjs/react-dom-client.development.js:3511
[ 7135774ms] [ERROR] Unable to preventDefault inside passive event listener invocation. @ webpack-internal:///(app-pages-browser)/./node_modules/next/dist/compiled/react-dom/cjs/react-dom-client.development.js:3511
[ 7135824ms] [ERROR] Unable to preventDefault inside passive event listener invocation. @ webpack-internal:///(app-pages-browser)/./node_modules/next/dist/compiled/react-dom/cjs/react-dom-client.development.js:3511
[ 7136071ms] [ERROR] Unable to preventDefault inside passive event listener invocation. @ webpack-internal:///(app-pages-browser)/./node_modules/next/dist/compiled/react-dom/cjs/react-dom-client.development.js:3511
[ 7136124ms] [ERROR] Unable to preventDefault inside passive event listener invocation. @ webpack-internal:///(app-pages-browser)/./node_modules/next/dist/compiled/react-dom/cjs/react-dom-client.development.js:3511
[ 7142711ms] [ERROR] Unable to preventDefault inside passive event listener invocation. @ webpack-internal:///(app-pages-browser)/./node_modules/next/dist/compiled/react-dom/cjs/react-dom-client.development.js:3511
[ 7142718ms] [ERROR] Unable to preventDefault inside passive event listener invocation. @ webpack-internal:///(app-pages-browser)/./node_modules/next/dist/compiled/react-dom/cjs/react-dom-client.development.js:3511
[ 7142726ms] [ERROR] Unable to preventDefault inside passive event listener invocation. @ webpack-internal:///(app-pages-browser)/./node_modules/next/dist/compiled/react-dom/cjs/react-dom-client.development.js:3511
[ 7142744ms] [ERROR] Unable to preventDefault inside passive event listener invocation. @ webpack-internal:///(app-pages-browser)/./node_modules/next/dist/compiled/react-dom/cjs/react-dom-client.development.js:3511
[ 7142952ms] [ERROR] Unable to preventDefault inside passive event listener invocation. @ webpack-internal:///(app-pages-browser)/./node_modules/next/dist/compiled/react-dom/cjs/react-dom-client.development.js:3511
[ 7142978ms] [ERROR] Unable to preventDefault inside passive event listener invocation. @ webpack-internal:///(app-pages-browser)/./node_modules/next/dist/compiled/react-dom/cjs/react-dom-client.development.js:3511
[ 7142985ms] [ERROR] Unable to preventDefault inside passive event listener invocation. @ webpack-internal:///(app-pages-browser)/./node_modules/next/dist/compiled/react-dom/cjs/react-dom-client.development.js:3511
[ 7143011ms] [ERROR] Unable to preventDefault inside passive event listener invocation. @ webpack-internal:///(app-pages-browser)/./node_modules/next/dist/compiled/react-dom/cjs/react-dom-client.development.js:3511
[ 7143211ms] [ERROR] Unable to preventDefault inside passive event listener invocation. @ webpack-internal:///(app-pages-browser)/./node_modules/next/dist/compiled/react-dom/cjs/react-dom-client.development.js:3511
[ 7143222ms] [ERROR] Unable to preventDefault inside passive event listener invocation. @ webpack-internal:///(app-pages-browser)/./node_modules/next/dist/compiled/react-dom/cjs/react-dom-client.development.js:3511
[ 7143246ms] [ERROR] Unable to preventDefault inside passive event listener invocation. @ webpack-internal:///(app-pages-browser)/./node_modules/next/dist/compiled/react-dom/cjs/react-dom-client.development.js:3511
[ 7145674ms] [ERROR] Unable to preventDefault inside passive event listener invocation. @ webpack-internal:///(app-pages-browser)/./node_modules/next/dist/compiled/react-dom/cjs/react-dom-client.development.js:3511
[ 7145729ms] [ERROR] Unable to preventDefault inside passive event listener invocation. @ webpack-internal:///(app-pages-browser)/./node_modules/next/dist/compiled/react-dom/cjs/react-dom-client.development.js:3511
[ 7145815ms] [ERROR] Unable to preventDefault inside passive event listener invocation. @ webpack-internal:///(app-pages-browser)/./node_modules/next/dist/compiled/react-dom/cjs/react-dom-client.development.js:3511
[ 7150131ms] [ERROR] Unable to preventDefault inside passive event listener invocation. @ webpack-internal:///(app-pages-browser)/./node_modules/next/dist/compiled/react-dom/cjs/react-dom-client.development.js:3511
[ 7150147ms] [ERROR] Unable to preventDefault inside passive event listener invocation. @ webpack-internal:///(app-pages-browser)/./node_modules/next/dist/compiled/react-dom/cjs/react-dom-client.development.js:3511
[ 7150181ms] [ERROR] Unable to preventDefault inside passive event listener invocation. @ webpack-internal:///(app-pages-browser)/./node_modules/next/dist/compiled/react-dom/cjs/react-dom-client.development.js:3511
[ 7150431ms] [ERROR] Unable to preventDefault inside passive event listener invocation. @ webpack-internal:///(app-pages-browser)/./node_modules/next/dist/compiled/react-dom/cjs/react-dom-client.development.js:3511
[ 7150438ms] [ERROR] Unable to preventDefault inside passive event listener invocation. @ webpack-internal:///(app-pages-browser)/./node_modules/next/dist/compiled/react-dom/cjs/react-dom-client.development.js:3511
[ 7150454ms] [ERROR] Unable to preventDefault inside passive event listener invocation. @ webpack-internal:///(app-pages-browser)/./node_modules/next/dist/compiled/react-dom/cjs/react-dom-client.development.js:3511
[ 7150481ms] [ERROR] Unable to preventDefault inside passive event listener invocation. @ webpack-internal:///(app-pages-browser)/./node_modules/next/dist/compiled/react-dom/cjs/react-dom-client.development.js:3511
[ 7150715ms] [ERROR] Unable to preventDefault inside passive event listener invocation. @ webpack-internal:///(app-pages-browser)/./node_modules/next/dist/compiled/react-dom/cjs/react-dom-client.development.js:3511
[ 7150731ms] [ERROR] Unable to preventDefault inside passive event listener invocation. @ webpack-internal:///(app-pages-browser)/./node_modules/next/dist/compiled/react-dom/cjs/react-dom-client.development.js:3511
[ 7150748ms] [ERROR] Unable to preventDefault inside passive event listener invocation. @ webpack-internal:///(app-pages-browser)/./node_modules/next/dist/compiled/react-dom/cjs/react-dom-client.development.js:3511
[ 7150764ms] [ERROR] Unable to preventDefault inside passive event listener invocation. @ webpack-internal:///(app-pages-browser)/./node_modules/next/dist/compiled/react-dom/cjs/react-dom-client.development.js:3511
[ 7152382ms] [ERROR] Unable to preventDefault inside passive event listener invocation. @ webpack-internal:///(app-pages-browser)/./node_modules/next/dist/compiled/react-dom/cjs/react-dom-client.development.js:3511
[ 7152415ms] [ERROR] Unable to preventDefault inside passive event listener invocation. @ webpack-internal:///(app-pages-browser)/./node_modules/next/dist/compiled/react-dom/cjs/react-dom-client.development.js:3511
[ 7152432ms] [ERROR] Unable to preventDefault inside passive event listener invocation. @ webpack-internal:///(app-pages-browser)/./node_modules/next/dist/compiled/react-dom/cjs/react-dom-client.development.js:3511
[ 7152620ms] [ERROR] Unable to preventDefault inside passive event listener invocation. @ webpack-internal:///(app-pages-browser)/./node_modules/next/dist/compiled/react-dom/cjs/react-dom-client.development.js:3511
[ 7152649ms] [ERROR] Unable to preventDefault inside passive event listener invocation. @ webpack-internal:///(app-pages-browser)/./node_modules/next/dist/compiled/react-dom/cjs/react-dom-client.development.js:3511
[ 7152683ms] [ERROR] Unable to preventDefault inside passive event listener invocation. @ webpack-internal:///(app-pages-browser)/./node_modules/next/dist/compiled/react-dom/cjs/react-dom-client.development.js:3511
[ 7152689ms] [ERROR] Unable to preventDefault inside passive event listener invocation. @ webpack-internal:///(app-pages-browser)/./node_modules/next/dist/compiled/react-dom/cjs/react-dom-client.development.js:3511
[ 7152886ms] [ERROR] Unable to preventDefault inside passive event listener invocation. @ webpack-internal:///(app-pages-browser)/./node_modules/next/dist/compiled/react-dom/cjs/react-dom-client.development.js:3511
[ 7152910ms] [ERROR] Unable to preventDefault inside passive event listener invocation. @ webpack-internal:///(app-pages-browser)/./node_modules/next/dist/compiled/react-dom/cjs/react-dom-client.development.js:3511
[ 7152922ms] [ERROR] Unable to preventDefault inside passive event listener invocation. @ webpack-internal:///(app-pages-browser)/./node_modules/next/dist/compiled/react-dom/cjs/react-dom-client.development.js:3511
[ 7152938ms] [ERROR] Unable to preventDefault inside passive event listener invocation. @ webpack-internal:///(app-pages-browser)/./node_modules/next/dist/compiled/react-dom/cjs/react-dom-client.development.js:3511
[ 7153144ms] [ERROR] Unable to preventDefault inside passive event listener invocation. @ webpack-internal:///(app-pages-browser)/./node_modules/next/dist/compiled/react-dom/cjs/react-dom-client.development.js:3511
[ 7153169ms] [ERROR] Unable to preventDefault inside passive event listener invocation. @ webpack-internal:///(app-pages-browser)/./node_modules/next/dist/compiled/react-dom/cjs/react-dom-client.development.js:3511
[ 7153199ms] [ERROR] Unable to preventDefault inside passive event listener invocation. @ webpack-internal:///(app-pages-browser)/./node_modules/next/dist/compiled/react-dom/cjs/react-dom-client.development.js:3511
[ 7153233ms] [ERROR] Unable to preventDefault inside passive event listener invocation. @ webpack-internal:///(app-pages-browser)/./node_modules/next/dist/compiled/react-dom/cjs/react-dom-client.development.js:3511
[ 7153417ms] [ERROR] Unable to preventDefault inside passive event listener invocation. @ webpack-internal:///(app-pages-browser)/./node_modules/next/dist/compiled/react-dom/cjs/react-dom-client.development.js:3511
[ 7153432ms] [ERROR] Unable to preventDefault inside passive event listener invocation. @ webpack-internal:///(app-pages-browser)/./node_modules/next/dist/compiled/react-dom/cjs/react-dom-client.development.js:3511
[ 7153457ms] [ERROR] Unable to preventDefault inside passive event listener invocation. @ webpack-internal:///(app-pages-browser)/./node_modules/next/dist/compiled/react-dom/cjs/react-dom-client.development.js:3511
[ 7153732ms] [ERROR] Unable to preventDefault inside passive event listener invocation. @ webpack-internal:///(app-pages-browser)/./node_modules/next/dist/compiled/react-dom/cjs/react-dom-client.development.js:3511
[ 7153829ms] [ERROR] Unable to preventDefault inside passive event listener invocation. @ webpack-internal:///(app-pages-browser)/./node_modules/next/dist/compiled/react-dom/cjs/react-dom-client.development.js:3511
[ 7154240ms] [ERROR] Unable to preventDefault inside passive event listener invocation. @ webpack-internal:///(app-pages-browser)/./node_modules/next/dist/compiled/react-dom/cjs/react-dom-client.development.js:3511
[ 7155874ms] [ERROR] Unable to preventDefault inside passive event listener invocation. @ webpack-internal:///(app-pages-browser)/./node_modules/next/dist/compiled/react-dom/cjs/react-dom-client.development.js:3511
[ 7155900ms] [ERROR] Unable to preventDefault inside passive event listener invocation. @ webpack-internal:///(app-pages-browser)/./node_modules/next/dist/compiled/react-dom/cjs/react-dom-client.development.js:3511
[ 7155917ms] [ERROR] Unable to preventDefault inside passive event listener invocation. @ webpack-internal:///(app-pages-browser)/./node_modules/next/dist/compiled/react-dom/cjs/react-dom-client.development.js:3511
[ 7155950ms] [ERROR] Unable to preventDefault inside passive event listener invocation. @ webpack-internal:///(app-pages-browser)/./node_modules/next/dist/compiled/react-dom/cjs/react-dom-client.development.js:3511
[ 7156167ms] [ERROR] Unable to preventDefault inside passive event listener invocation. @ webpack-internal:///(app-pages-browser)/./node_modules/next/dist/compiled/react-dom/cjs/react-dom-client.development.js:3511
[ 7156201ms] [ERROR] Unable to preventDefault inside passive event listener invocation. @ webpack-internal:///(app-pages-browser)/./node_modules/next/dist/compiled/react-dom/cjs/react-dom-client.development.js:3511
[ 7156207ms] [ERROR] Unable to preventDefault inside passive event listener invocation. @ webpack-internal:///(app-pages-browser)/./node_modules/next/dist/compiled/react-dom/cjs/react-dom-client.development.js:3511
[ 7156234ms] [ERROR] Unable to preventDefault inside passive event listener invocation. @ webpack-internal:///(app-pages-browser)/./node_modules/next/dist/compiled/react-dom/cjs/react-dom-client.development.js:3511
[ 7156267ms] [ERROR] Unable to preventDefault inside passive event listener invocation. @ webpack-internal:///(app-pages-browser)/./node_modules/next/dist/compiled/react-dom/cjs/react-dom-client.development.js:3511
[ 7158153ms] [ERROR] Unable to preventDefault inside passive event listener invocation. @ webpack-internal:///(app-pages-browser)/./node_modules/next/dist/compiled/react-dom/cjs/react-dom-client.development.js:3511
[ 7158162ms] [ERROR] Unable to preventDefault inside passive event listener invocation. @ webpack-internal:///(app-pages-browser)/./node_modules/next/dist/compiled/react-dom/cjs/react-dom-client.development.js:3511
[ 7158185ms] [ERROR] Unable to preventDefault inside passive event listener invocation. @ webpack-internal:///(app-pages-browser)/./node_modules/next/dist/compiled/react-dom/cjs/react-dom-client.development.js:3511
[ 7158224ms] [ERROR] Unable to preventDefault inside passive event listener invocation. @ webpack-internal:///(app-pages-browser)/./node_modules/next/dist/compiled/react-dom/cjs/react-dom-client.development.js:3511
[ 7158704ms] [ERROR] Unable to preventDefault inside passive event listener invocation. @ webpack-internal:///(app-pages-browser)/./node_modules/next/dist/compiled/react-dom/cjs/react-dom-client.development.js:3511
[ 7158751ms] [ERROR] Unable to preventDefault inside passive event listener invocation. @ webpack-internal:///(app-pages-browser)/./node_modules/next/dist/compiled/react-dom/cjs/react-dom-client.development.js:3511
[ 7158785ms] [ERROR] Unable to preventDefault inside passive event listener invocation. @ webpack-internal:///(app-pages-browser)/./node_modules/next/dist/compiled/react-dom/cjs/react-dom-client.development.js:3511
[ 8111888ms] [ERROR] Unable to preventDefault inside passive event listener invocation. @ webpack-internal:///(app-pages-browser)/./node_modules/next/dist/compiled/react-dom/cjs/react-dom-client.development.js:3511
[ 8111953ms] [ERROR] Unable to preventDefault inside passive event listener invocation. @ webpack-internal:///(app-pages-browser)/./node_modules/next/dist/compiled/react-dom/cjs/react-dom-client.development.js:3511
[ 8112008ms] [ERROR] Unable to preventDefault inside passive event listener invocation. @ webpack-internal:///(app-pages-browser)/./node_modules/next/dist/compiled/react-dom/cjs/react-dom-client.development.js:3511
[ 8112059ms] [ERROR] Unable to preventDefault inside passive event listener invocation. @ webpack-internal:///(app-pages-browser)/./node_modules/next/dist/compiled/react-dom/cjs/react-dom-client.development.js:3511
[ 8112313ms] [ERROR] Unable to preventDefault inside passive event listener invocation. @ webpack-internal:///(app-pages-browser)/./node_modules/next/dist/compiled/react-dom/cjs/react-dom-client.development.js:3511
[ 8112353ms] [ERROR] Unable to preventDefault inside passive event listener invocation. @ webpack-internal:///(app-pages-browser)/./node_modules/next/dist/compiled/react-dom/cjs/react-dom-client.development.js:3511
[ 8112453ms] [ERROR] Unable to preventDefault inside passive event listener invocation. @ webpack-internal:///(app-pages-browser)/./node_modules/next/dist/compiled/react-dom/cjs/react-dom-client.development.js:3511
[ 8114909ms] [ERROR] Unable to preventDefault inside passive event listener invocation. @ webpack-internal:///(app-pages-browser)/./node_modules/next/dist/compiled/react-dom/cjs/react-dom-client.development.js:3511
[ 8114954ms] [ERROR] Unable to preventDefault inside passive event listener invocation. @ webpack-internal:///(app-pages-browser)/./node_modules/next/dist/compiled/react-dom/cjs/react-dom-client.development.js:3511
[ 8114970ms] [ERROR] Unable to preventDefault inside passive event listener invocation. @ webpack-internal:///(app-pages-browser)/./node_modules/next/dist/compiled/react-dom/cjs/react-dom-client.development.js:3511
[ 8115037ms] [ERROR] Unable to preventDefault inside passive event listener invocation. @ webpack-internal:///(app-pages-browser)/./node_modules/next/dist/compiled/react-dom/cjs/react-dom-client.development.js:3511
[ 8115219ms] [ERROR] Unable to preventDefault inside passive event listener invocation. @ webpack-internal:///(app-pages-browser)/./node_modules/next/dist/compiled/react-dom/cjs/react-dom-client.development.js:3511
[ 8115254ms] [ERROR] Unable to preventDefault inside passive event listener invocation. @ webpack-internal:///(app-pages-browser)/./node_modules/next/dist/compiled/react-dom/cjs/react-dom-client.development.js:3511
[ 8115270ms] [ERROR] Unable to preventDefault inside passive event listener invocation. @ webpack-internal:///(app-pages-browser)/./node_modules/next/dist/compiled/react-dom/cjs/react-dom-client.development.js:3511
[ 8115599ms] [ERROR] Unable to preventDefault inside passive event listener invocation. @ webpack-internal:///(app-pages-browser)/./node_modules/next/dist/compiled/react-dom/cjs/react-dom-client.development.js:3511
[ 8115637ms] [ERROR] Unable to preventDefault inside passive event listener invocation. @ webpack-internal:///(app-pages-browser)/./node_modules/next/dist/compiled/react-dom/cjs/react-dom-client.development.js:3511
[ 8115644ms] [ERROR] Unable to preventDefault inside passive event listener invocation. @ webpack-internal:///(app-pages-browser)/./node_modules/next/dist/compiled/react-dom/cjs/react-dom-client.development.js:3511
[ 8115670ms] [ERROR] Unable to preventDefault inside passive event listener invocation. @ webpack-internal:///(app-pages-browser)/./node_modules/next/dist/compiled/react-dom/cjs/react-dom-client.development.js:3511
[ 8115704ms] [ERROR] Unable to preventDefault inside passive event listener invocation. @ webpack-internal:///(app-pages-browser)/./node_modules/next/dist/compiled/react-dom/cjs/react-dom-client.development.js:3511
[ 8117538ms] [ERROR] Unable to preventDefault inside passive event listener invocation. @ webpack-internal:///(app-pages-browser)/./node_modules/next/dist/compiled/react-dom/cjs/react-dom-client.development.js:3511
[ 8117544ms] [ERROR] Unable to preventDefault inside passive event listener invocation. @ webpack-internal:///(app-pages-browser)/./node_modules/next/dist/compiled/react-dom/cjs/react-dom-client.development.js:3511
[ 8117572ms] [ERROR] Unable to preventDefault inside passive event listener invocation. @ webpack-internal:///(app-pages-browser)/./node_modules/next/dist/compiled/react-dom/cjs/react-dom-client.development.js:3511
[ 8117755ms] [ERROR] Unable to preventDefault inside passive event listener invocation. @ webpack-internal:///(app-pages-browser)/./node_modules/next/dist/compiled/react-dom/cjs/react-dom-client.development.js:3511
[ 8117779ms] [ERROR] Unable to preventDefault inside passive event listener invocation. @ webpack-internal:///(app-pages-browser)/./node_modules/next/dist/compiled/react-dom/cjs/react-dom-client.development.js:3511
[ 8117795ms] [ERROR] Unable to preventDefault inside passive event listener invocation. @ webpack-internal:///(app-pages-browser)/./node_modules/next/dist/compiled/react-dom/cjs/react-dom-client.development.js:3511
[ 8117839ms] [ERROR] Unable to preventDefault inside passive event listener invocation. @ webpack-internal:///(app-pages-browser)/./node_modules/next/dist/compiled/react-dom/cjs/react-dom-client.development.js:3511
[ 8118005ms] [ERROR] Unable to preventDefault inside passive event listener invocation. @ webpack-internal:///(app-pages-browser)/./node_modules/next/dist/compiled/react-dom/cjs/react-dom-client.development.js:3511
[ 8118022ms] [ERROR] Unable to preventDefault inside passive event listener invocation. @ webpack-internal:///(app-pages-browser)/./node_modules/next/dist/compiled/react-dom/cjs/react-dom-client.development.js:3511
[ 8118038ms] [ERROR] Unable to preventDefault inside passive event listener invocation. @ webpack-internal:///(app-pages-browser)/./node_modules/next/dist/compiled/react-dom/cjs/react-dom-client.development.js:3511
[ 8118072ms] [ERROR] Unable to preventDefault inside passive event listener invocation. @ webpack-internal:///(app-pages-browser)/./node_modules/next/dist/compiled/react-dom/cjs/react-dom-client.development.js:3511
[ 8118252ms] [ERROR] Unable to preventDefault inside passive event listener invocation. @ webpack-internal:///(app-pages-browser)/./node_modules/next/dist/compiled/react-dom/cjs/react-dom-client.development.js:3511
[ 8118272ms] [ERROR] Unable to preventDefault inside passive event listener invocation. @ webpack-internal:///(app-pages-browser)/./node_modules/next/dist/compiled/react-dom/cjs/react-dom-client.development.js:3511
[ 8118288ms] [ERROR] Unable to preventDefault inside passive event listener invocation. @ webpack-internal:///(app-pages-browser)/./node_modules/next/dist/compiled/react-dom/cjs/react-dom-client.development.js:3511
[ 8118338ms] [ERROR] Unable to preventDefault inside passive event listener invocation. @ webpack-internal:///(app-pages-browser)/./node_modules/next/dist/compiled/react-dom/cjs/react-dom-client.development.js:3511
[ 8118521ms] [ERROR] Unable to preventDefault inside passive event listener invocation. @ webpack-internal:///(app-pages-browser)/./node_modules/next/dist/compiled/react-dom/cjs/react-dom-client.development.js:3511
[ 8118555ms] [ERROR] Unable to preventDefault inside passive event listener invocation. @ webpack-internal:///(app-pages-browser)/./node_modules/next/dist/compiled/react-dom/cjs/react-dom-client.development.js:3511
[ 8506901ms] [ERROR] Unable to preventDefault inside passive event listener invocation. @ webpack-internal:///(app-pages-browser)/./node_modules/next/dist/compiled/react-dom/cjs/react-dom-client.development.js:3511
[ 8506930ms] [ERROR] Unable to preventDefault inside passive event listener invocation. @ webpack-internal:///(app-pages-browser)/./node_modules/next/dist/compiled/react-dom/cjs/react-dom-client.development.js:3511
[ 8506982ms] [ERROR] Unable to preventDefault inside passive event listener invocation. @ webpack-internal:///(app-pages-browser)/./node_modules/next/dist/compiled/react-dom/cjs/react-dom-client.development.js:3511
[ 8507237ms] [ERROR] Unable to preventDefault inside passive event listener invocation. @ webpack-internal:///(app-pages-browser)/./node_modules/next/dist/compiled/react-dom/cjs/react-dom-client.development.js:3511
[ 8507267ms] [ERROR] Unable to preventDefault inside passive event listener invocation. @ webpack-internal:///(app-pages-browser)/./node_modules/next/dist/compiled/react-dom/cjs/react-dom-client.development.js:3511
[ 8507323ms] [ERROR] Unable to preventDefault inside passive event listener invocation. @ webpack-internal:///(app-pages-browser)/./node_modules/next/dist/compiled/react-dom/cjs/react-dom-client.development.js:3511
[ 9840576ms] [LOG] [Fast Refresh] rebuilding @ webpack-internal:///(app-pages-browser)/./node_modules/next/dist/next-devtools/shared/forward-logs-shared.js:27
[ 9841514ms] [LOG] [Fast Refresh] rebuilding @ webpack-internal:///(app-pages-browser)/./node_modules/next/dist/next-devtools/shared/forward-logs-shared.js:27
[ 9842080ms] [LOG] [Fast Refresh] done in 564ms @ webpack-internal:///(app-pages-browser)/./node_modules/next/dist/next-devtools/shared/forward-logs-shared.js:27
[ 9842680ms] [LOG] [Fast Refresh] done in 1166ms @ webpack-internal:///(app-pages-browser)/./node_modules/next/dist/next-devtools/shared/forward-logs-shared.js:27
[ 9853783ms] [LOG] [Fast Refresh] rebuilding @ webpack-internal:///(app-pages-browser)/./node_modules/next/dist/next-devtools/shared/forward-logs-shared.js:27
[ 9854105ms] [LOG] [Fast Refresh] done in 322ms @ webpack-internal:///(app-pages-browser)/./node_modules/next/dist/next-devtools/shared/forward-logs-shared.js:27
[ 9876979ms] [LOG] [Fast Refresh] rebuilding @ webpack-internal:///(app-pages-browser)/./node_modules/next/dist/next-devtools/shared/forward-logs-shared.js:27
[ 9877608ms] [LOG] [Fast Refresh] done in 629ms @ webpack-internal:///(app-pages-browser)/./node_modules/next/dist/next-devtools/shared/forward-logs-shared.js:27
[ 9944141ms] [LOG] [Fast Refresh] rebuilding @ webpack-internal:///(app-pages-browser)/./node_modules/next/dist/next-devtools/shared/forward-logs-shared.js:27
[ 9944664ms] [LOG] [Fast Refresh] done in 523ms @ webpack-internal:///(app-pages-browser)/./node_modules/next/dist/next-devtools/shared/forward-logs-shared.js:27
[ 9991638ms] [INFO] %cDownload the React DevTools for a better development experience: https://react.dev/link/react-devtools font-weight:bold @ webpack-internal:///(app-pages-browser)/./node_modules/next/dist/next-devtools/shared/forward-logs-shared.js:27
[ 9991998ms] [LOG] [HMR] connected @ webpack-internal:///(app-pages-browser)/./node_modules/next/dist/next-devtools/shared/forward-logs-shared.js:27
[10390438ms] [INFO] %cDownload the React DevTools for a better development experience: https://react.dev/link/react-devtools font-weight:bold @ webpack-internal:///(app-pages-browser)/./node_modules/next/dist/next-devtools/shared/forward-logs-shared.js:27
[10390615ms] [LOG] [HMR] connected @ webpack-internal:///(app-pages-browser)/./node_modules/next/dist/next-devtools/shared/forward-logs-shared.js:27
[10405443ms] [WARNING] [session] could not resolve session: Error: Supabase not configured. Add NEXT_PUBLIC_SUPABASE_URL and NEXT_PUBLIC_SUPABASE_ANON_KEY to .env
    at throwNotConfigured (webpack-internal:///(app-pages-browser)/./app/hooks/useDatabase.ts:11:11)
    at useDatabase.useCallback[getSb] (webpack-internal:///(app-pages-browser)/./app/hooks/useDatabase.ts:16:71)
    at useDatabase.useCallback[checkForExistingSession] [as checkForExistingSession] (webpack-internal:///(app-pages-browser)/./app/hooks/useDatabase.ts:171:24)
    at Home.useCallback[resolveSessionId] (webpack-internal:///(app-pages-browser)/./app/page.tsx:98:43)
    at Home.useCallback[handleStartProcessing] (webpack-internal:///(app-pages-browser)/./app/page.tsx:218:13)
    at onClick (webpack-internal:///(app-pages-browser)/./app/components/LoadScreen.tsx:2150:46)
    at executeDispatch (webpack-internal:///(app-pages-browser)/./node_modules/next/dist/compiled/react-dom/cjs/react-dom-client.development.js:20544:9)
    at runWithFiberInDEV (webpack-internal:///(app-pages-browser)/./node_modules/next/dist/compiled/react-dom/cjs/react-dom-client.development.js:987:30)
    at processDispatchQueue (webpack-internal:///(app-pages-browser)/./node_modules/next/dist/compiled/react-dom/cjs/react-dom-client.development.js:20594:19)
    at eval (webpack-internal:///(app-pages-browser)/./node_modules/next/dist/compiled/react-dom/cjs/react-dom-client.development.js:21165:9)
    at batchedUpdates$1 (webpack-internal:///(app-pages-browser)/./node_modules/next/dist/compiled/react-dom/cjs/react-dom-client.development.js:3378:40)
    at dispatchEventForPluginEventSystem (webpack-internal:///(app-pages-browser)/./node_modules/next/dist/compiled/react-dom/cjs/react-dom-client.development.js:20748:7)
    at dispatchEvent (webpack-internal:///(app-pages-browser)/./node_modules/next/dist/compiled/react-dom/cjs/react-dom-client.development.js:25694:11)
    at dispatchDiscreteEvent (webpack-internal:///(app-pages-browser)/./node_modules/next/dist/compiled/react-dom/cjs/react-dom-client.development.js:25662:11) @ webpack-internal:///(app-pages-browser)/./node_modules/next/dist/next-devtools/shared/forward-logs-shared.js:27
[10446546ms] [LOG] [PoleLayout mount] cachedData: poleDone=false tags=0 @ webpack-internal:///(app-pages-browser)/./node_modules/next/dist/next-devtools/shared/forward-logs-shared.js:27
[10446566ms] [LOG] [PoleLayout mount] cachedData: poleDone=false tags=0 @ webpack-internal:///(app-pages-browser)/./node_modules/next/dist/next-devtools/shared/forward-logs-shared.js:27
[10448794ms] [LOG] [cache-update] sid= null poleTags= 123 shapes= 0 @ webpack-internal:///(app-pages-browser)/./node_modules/next/dist/next-devtools/shared/forward-logs-shared.js:27
[10448794ms] [WARNING] [cache-update] skipping save — no sessionId or db @ webpack-internal:///(app-pages-browser)/./node_modules/next/dist/next-devtools/shared/forward-logs-shared.js:27
[10488315ms] [ERROR] Unable to preventDefault inside passive event listener invocation. @ webpack-internal:///(app-pages-browser)/./node_modules/next/dist/compiled/react-dom/cjs/react-dom-client.development.js:3511
[10491214ms] [ERROR] Unable to preventDefault inside passive event listener invocation. @ webpack-internal:///(app-pages-browser)/./node_modules/next/dist/compiled/react-dom/cjs/react-dom-client.development.js:3511
[10491239ms] [ERROR] Unable to preventDefault inside passive event listener invocation. @ webpack-internal:///(app-pages-browser)/./node_modules/next/dist/compiled/react-dom/cjs/react-dom-client.development.js:3511
[10491327ms] [ERROR] Unable to preventDefault inside passive event listener invocation. @ webpack-internal:///(app-pages-browser)/./node_modules/next/dist/compiled/react-dom/cjs/react-dom-client.development.js:3511
[10491620ms] [ERROR] Unable to preventDefault inside passive event listener invocation. @ webpack-internal:///(app-pages-browser)/./node_modules/next/dist/compiled/react-dom/cjs/react-dom-client.development.js:3511
[10491627ms] [ERROR] Unable to preventDefault inside passive event listener invocation. @ webpack-internal:///(app-pages-browser)/./node_modules/next/dist/compiled/react-dom/cjs/react-dom-client.development.js:3511
[10491634ms] [ERROR] Unable to preventDefault inside passive event listener invocation. @ webpack-internal:///(app-pages-browser)/./node_modules/next/dist/compiled/react-dom/cjs/react-dom-client.development.js:3511
[10491767ms] [ERROR] Unable to preventDefault inside passive event listener invocation. @ webpack-internal:///(app-pages-browser)/./node_modules/next/dist/compiled/react-dom/cjs/react-dom-client.development.js:3511
[10491782ms] [ERROR] Unable to preventDefault inside passive event listener invocation. @ webpack-internal:///(app-pages-browser)/./node_modules/next/dist/compiled/react-dom/cjs/react-dom-client.development.js:3511
[10491838ms] [ERROR] Unable to preventDefault inside passive event listener invocation. @ webpack-internal:///(app-pages-browser)/./node_modules/next/dist/compiled/react-dom/cjs/react-dom-client.development.js:3511
[10492076ms] [ERROR] Unable to preventDefault inside passive event listener invocation. @ webpack-internal:///(app-pages-browser)/./node_modules/next/dist/compiled/react-dom/cjs/react-dom-client.development.js:3511
[10492122ms] [ERROR] Unable to preventDefault inside passive event listener invocation. @ webpack-internal:///(app-pages-browser)/./node_modules/next/dist/compiled/react-dom/cjs/react-dom-client.development.js:3511
[10492156ms] [ERROR] Unable to preventDefault inside passive event listener invocation. @ webpack-internal:///(app-pages-browser)/./node_modules/next/dist/compiled/react-dom/cjs/react-dom-client.development.js:3511
[10492510ms] [ERROR] Unable to preventDefault inside passive event listener invocation. @ webpack-internal:///(app-pages-browser)/./node_modules/next/dist/compiled/react-dom/cjs/react-dom-client.development.js:3511
[10492527ms] [ERROR] Unable to preventDefault inside passive event listener invocation. @ webpack-internal:///(app-pages-browser)/./node_modules/next/dist/compiled/react-dom/cjs/react-dom-client.development.js:3511
[10492567ms] [ERROR] Unable to preventDefault inside passive event listener invocation. @ webpack-internal:///(app-pages-browser)/./node_modules/next/dist/compiled/react-dom/cjs/react-dom-client.development.js:3511
[10498980ms] [ERROR] Unable to preventDefault inside passive event listener invocation. @ webpack-internal:///(app-pages-browser)/./node_modules/next/dist/compiled/react-dom/cjs/react-dom-client.development.js:3511
[10499041ms] [ERROR] Unable to preventDefault inside passive event listener invocation. @ webpack-internal:///(app-pages-browser)/./node_modules/next/dist/compiled/react-dom/cjs/react-dom-client.development.js:3511
[10499108ms] [ERROR] Unable to preventDefault inside passive event listener invocation. @ webpack-internal:///(app-pages-browser)/./node_modules/next/dist/compiled/react-dom/cjs/react-dom-client.development.js:3511
[10504911ms] [ERROR] Unable to preventDefault inside passive event listener invocation. @ webpack-internal:///(app-pages-browser)/./node_modules/next/dist/compiled/react-dom/cjs/react-dom-client.development.js:3511
[10504959ms] [ERROR] Unable to preventDefault inside passive event listener invocation. @ webpack-internal:///(app-pages-browser)/./node_modules/next/dist/compiled/react-dom/cjs/react-dom-client.development.js:3511
[10505315ms] [ERROR] Unable to preventDefault inside passive event listener invocation. @ webpack-internal:///(app-pages-browser)/./node_modules/next/dist/compiled/react-dom/cjs/react-dom-client.development.js:3511
[10507419ms] [ERROR] Unable to preventDefault inside passive event listener invocation. @ webpack-internal:///(app-pages-browser)/./node_modules/next/dist/compiled/react-dom/cjs/react-dom-client.development.js:3511
[10507488ms] [ERROR] Unable to preventDefault inside passive event listener invocation. @ webpack-internal:///(app-pages-browser)/./node_modules/next/dist/compiled/react-dom/cjs/react-dom-client.development.js:3511
[10507545ms] [ERROR] Unable to preventDefault inside passive event listener invocation. @ webpack-internal:///(app-pages-browser)/./node_modules/next/dist/compiled/react-dom/cjs/react-dom-client.development.js:3511
[10507769ms] [ERROR] Unable to preventDefault inside passive event listener invocation. @ webpack-internal:///(app-pages-browser)/./node_modules/next/dist/compiled/react-dom/cjs/react-dom-client.development.js:3511
[10507786ms] [ERROR] Unable to preventDefault inside passive event listener invocation. @ webpack-internal:///(app-pages-browser)/./node_modules/next/dist/compiled/react-dom/cjs/react-dom-client.development.js:3511
[10507829ms] [ERROR] Unable to preventDefault inside passive event listener invocation. @ webpack-internal:///(app-pages-browser)/./node_modules/next/dist/compiled/react-dom/cjs/react-dom-client.development.js:3511
[10508095ms] [ERROR] Unable to preventDefault inside passive event listener invocation. @ webpack-internal:///(app-pages-browser)/./node_modules/next/dist/compiled/react-dom/cjs/react-dom-client.development.js:3511
[10508112ms] [ERROR] Unable to preventDefault inside passive event listener invocation. @ webpack-internal:///(app-pages-browser)/./node_modules/next/dist/compiled/react-dom/cjs/react-dom-client.development.js:3511
[10508915ms] [ERROR] Unable to preventDefault inside passive event listener invocation. @ webpack-internal:///(app-pages-browser)/./node_modules/next/dist/compiled/react-dom/cjs/react-dom-client.development.js:3511
[10509015ms] [ERROR] Unable to preventDefault inside passive event listener invocation. @ webpack-internal:///(app-pages-browser)/./node_modules/next/dist/compiled/react-dom/cjs/react-dom-client.development.js:3511
[10509177ms] [ERROR] Unable to preventDefault inside passive event listener invocation. @ webpack-internal:///(app-pages-browser)/./node_modules/next/dist/compiled/react-dom/cjs/react-dom-client.development.js:3511
[10509846ms] [ERROR] Unable to preventDefault inside passive event listener invocation. @ webpack-internal:///(app-pages-browser)/./node_modules/next/dist/compiled/react-dom/cjs/react-dom-client.development.js:3511
[10509918ms] [ERROR] Unable to preventDefault inside passive event listener invocation. @ webpack-internal:///(app-pages-browser)/./node_modules/next/dist/compiled/react-dom/cjs/react-dom-client.development.js:3511
[10510147ms] [ERROR] Unable to preventDefault inside passive event listener invocation. @ webpack-internal:///(app-pages-browser)/./node_modules/next/dist/compiled/react-dom/cjs/react-dom-client.development.js:3511
[10510763ms] [ERROR] Unable to preventDefault inside passive event listener invocation. @ webpack-internal:///(app-pages-browser)/./node_modules/next/dist/compiled/react-dom/cjs/react-dom-client.development.js:3511
[10512414ms] [ERROR] Unable to preventDefault inside passive event listener invocation. @ webpack-internal:///(app-pages-browser)/./node_modules/next/dist/compiled/react-dom/cjs/react-dom-client.development.js:3511
[10513481ms] [ERROR] Unable to preventDefault inside passive event listener invocation. @ webpack-internal:///(app-pages-browser)/./node_modules/next/dist/compiled/react-dom/cjs/react-dom-client.development.js:3511
[10513531ms] [ERROR] Unable to preventDefault inside passive event listener invocation. @ webpack-internal:///(app-pages-browser)/./node_modules/next/dist/compiled/react-dom/cjs/react-dom-client.development.js:3511
[10513598ms] [ERROR] Unable to preventDefault inside passive event listener invocation. @ webpack-internal:///(app-pages-browser)/./node_modules/next/dist/compiled/react-dom/cjs/react-dom-client.development.js:3511
[10513961ms] [ERROR] Unable to preventDefault inside passive event listener invocation. @ webpack-internal:///(app-pages-browser)/./node_modules/next/dist/compiled/react-dom/cjs/react-dom-client.development.js:3511
[10513998ms] [ERROR] Unable to preventDefault inside passive event listener invocation. @ webpack-internal:///(app-pages-browser)/./node_modules/next/dist/compiled/react-dom/cjs/react-dom-client.development.js:3511
[10514064ms] [ERROR] Unable to preventDefault inside passive event listener invocation. @ webpack-internal:///(app-pages-browser)/./node_modules/next/dist/compiled/react-dom/cjs/react-dom-client.development.js:3511
[10520372ms] [ERROR] Unable to preventDefault inside passive event listener invocation. @ webpack-internal:///(app-pages-browser)/./node_modules/next/dist/compiled/react-dom/cjs/react-dom-client.development.js:3511
[10521853ms] [ERROR] Unable to preventDefault inside passive event listener invocation. @ webpack-internal:///(app-pages-browser)/./node_modules/next/dist/compiled/react-dom/cjs/react-dom-client.development.js:3511
[10521941ms] [ERROR] Unable to preventDefault inside passive event listener invocation. @ webpack-internal:///(app-pages-browser)/./node_modules/next/dist/compiled/react-dom/cjs/react-dom-client.development.js:3511
[10522057ms] [ERROR] Unable to preventDefault inside passive event listener invocation. @ webpack-internal:///(app-pages-browser)/./node_modules/next/dist/compiled/react-dom/cjs/react-dom-client.development.js:3511
[10525370ms] [ERROR] Unable to preventDefault inside passive event listener invocation. @ webpack-internal:///(app-pages-browser)/./node_modules/next/dist/compiled/react-dom/cjs/react-dom-client.development.js:3511
[10525392ms] [ERROR] Unable to preventDefault inside passive event listener invocation. @ webpack-internal:///(app-pages-browser)/./node_modules/next/dist/compiled/react-dom/cjs/react-dom-client.development.js:3511
[10525437ms] [ERROR] Unable to preventDefault inside passive event listener invocation. @ webpack-internal:///(app-pages-browser)/./node_modules/next/dist/compiled/react-dom/cjs/react-dom-client.development.js:3511
[10589850ms] [ERROR] Unable to preventDefault inside passive event listener invocation. @ webpack-internal:///(app-pages-browser)/./node_modules/next/dist/compiled/react-dom/cjs/react-dom-client.development.js:3511
[10589866ms] [ERROR] Unable to preventDefault inside passive event listener invocation. @ webpack-internal:///(app-pages-browser)/./node_modules/next/dist/compiled/react-dom/cjs/react-dom-client.development.js:3511
[10589901ms] [ERROR] Unable to preventDefault inside passive event listener invocation. @ webpack-internal:///(app-pages-browser)/./node_modules/next/dist/compiled/react-dom/cjs/react-dom-client.development.js:3511
[10589923ms] [ERROR] Unable to preventDefault inside passive event listener invocation. @ webpack-internal:///(app-pages-browser)/./node_modules/next/dist/compiled/react-dom/cjs/react-dom-client.development.js:3511
[10590156ms] [ERROR] Unable to preventDefault inside passive event listener invocation. @ webpack-internal:///(app-pages-browser)/./node_modules/next/dist/compiled/react-dom/cjs/react-dom-client.development.js:3511
[10590175ms] [ERROR] Unable to preventDefault inside passive event listener invocation. @ webpack-internal:///(app-pages-browser)/./node_modules/next/dist/compiled/react-dom/cjs/react-dom-client.development.js:3511
[10590487ms] [ERROR] Unable to preventDefault inside passive event listener invocation. @ webpack-internal:///(app-pages-browser)/./node_modules/next/dist/compiled/react-dom/cjs/react-dom-client.development.js:3511
[10590550ms] [ERROR] Unable to preventDefault inside passive event listener invocation. @ webpack-internal:///(app-pages-browser)/./node_modules/next/dist/compiled/react-dom/cjs/react-dom-client.development.js:3511
[10590609ms] [ERROR] Unable to preventDefault inside passive event listener invocation. @ webpack-internal:///(app-pages-browser)/./node_modules/next/dist/compiled/react-dom/cjs/react-dom-client.development.js:3511
[10593618ms] [ERROR] Unable to preventDefault inside passive event listener invocation. @ webpack-internal:///(app-pages-browser)/./node_modules/next/dist/compiled/react-dom/cjs/react-dom-client.development.js:3511
[10593626ms] [ERROR] Unable to preventDefault inside passive event listener invocation. @ webpack-internal:///(app-pages-browser)/./node_modules/next/dist/compiled/react-dom/cjs/react-dom-client.development.js:3511
[10593668ms] [ERROR] Unable to preventDefault inside passive event listener invocation. @ webpack-internal:///(app-pages-browser)/./node_modules/next/dist/compiled/react-dom/cjs/react-dom-client.development.js:3511
[10593843ms] [ERROR] Unable to preventDefault inside passive event listener invocation. @ webpack-internal:///(app-pages-browser)/./node_modules/next/dist/compiled/react-dom/cjs/react-dom-client.development.js:3511
[10593885ms] [ERROR] Unable to preventDefault inside passive event listener invocation. @ webpack-internal:///(app-pages-browser)/./node_modules/next/dist/compiled/react-dom/cjs/react-dom-client.development.js:3511
[10593920ms] [ERROR] Unable to preventDefault inside passive event listener invocation. @ webpack-internal:///(app-pages-browser)/./node_modules/next/dist/compiled/react-dom/cjs/react-dom-client.development.js:3511
[10594083ms] [ERROR] Unable to preventDefault inside passive event listener invocation. @ webpack-internal:///(app-pages-browser)/./node_modules/next/dist/compiled/react-dom/cjs/react-dom-client.development.js:3511
[10594118ms] [ERROR] Unable to preventDefault inside passive event listener invocation. @ webpack-internal:///(app-pages-browser)/./node_modules/next/dist/compiled/react-dom/cjs/react-dom-client.development.js:3511
[10594169ms] [ERROR] Unable to preventDefault inside passive event listener invocation. @ webpack-internal:///(app-pages-browser)/./node_modules/next/dist/compiled/react-dom/cjs/react-dom-client.development.js:3511
[10603346ms] [WARNING] Canvas2D: Multiple readback operations using getImageData are faster with the willReadFrequently attribute set to true. See: https://html.spec.whatwg.org/multipage/canvas.html#concept-canvas-will-read-frequently @ :3
[10609398ms] [ERROR] Unable to preventDefault inside passive event listener invocation. @ webpack-internal:///(app-pages-browser)/./node_modules/next/dist/compiled/react-dom/cjs/react-dom-client.development.js:3511
[10609426ms] [ERROR] Unable to preventDefault inside passive event listener invocation. @ webpack-internal:///(app-pages-browser)/./node_modules/next/dist/compiled/react-dom/cjs/react-dom-client.development.js:3511
[10609452ms] [ERROR] Unable to preventDefault inside passive event listener invocation. @ webpack-internal:///(app-pages-browser)/./node_modules/next/dist/compiled/react-dom/cjs/react-dom-client.development.js:3511
[10609475ms] [ERROR] Unable to preventDefault inside passive event listener invocation. @ webpack-internal:///(app-pages-browser)/./node_modules/next/dist/compiled/react-dom/cjs/react-dom-client.development.js:3511
[10609715ms] [ERROR] Unable to preventDefault inside passive event listener invocation. @ webpack-internal:///(app-pages-browser)/./node_modules/next/dist/compiled/react-dom/cjs/react-dom-client.development.js:3511
[10609759ms] [ERROR] Unable to preventDefault inside passive event listener invocation. @ webpack-internal:///(app-pages-browser)/./node_modules/next/dist/compiled/react-dom/cjs/react-dom-client.development.js:3511
[10609793ms] [ERROR] Unable to preventDefault inside passive event listener invocation. @ webpack-internal:///(app-pages-browser)/./node_modules/next/dist/compiled/react-dom/cjs/react-dom-client.development.js:3511
[10609826ms] [ERROR] Unable to preventDefault inside passive event listener invocation. @ webpack-internal:///(app-pages-browser)/./node_modules/next/dist/compiled/react-dom/cjs/react-dom-client.development.js:3511
[10610061ms] [ERROR] Unable to preventDefault inside passive event listener invocation. @ webpack-internal:///(app-pages-browser)/./node_modules/next/dist/compiled/react-dom/cjs/react-dom-client.development.js:3511
[10610098ms] [ERROR] Unable to preventDefault inside passive event listener invocation. @ webpack-internal:///(app-pages-browser)/./node_modules/next/dist/compiled/react-dom/cjs/react-dom-client.development.js:3511
[10610141ms] [ERROR] Unable to preventDefault inside passive event listener invocation. @ webpack-internal:///(app-pages-browser)/./node_modules/next/dist/compiled/react-dom/cjs/react-dom-client.development.js:3511
[10610432ms] [ERROR] Unable to preventDefault inside passive event listener invocation. @ webpack-internal:///(app-pages-browser)/./node_modules/next/dist/compiled/react-dom/cjs/react-dom-client.development.js:3511
[10610492ms] [ERROR] Unable to preventDefault inside passive event listener invocation. @ webpack-internal:///(app-pages-browser)/./node_modules/next/dist/compiled/react-dom/cjs/react-dom-client.development.js:3511
[10747803ms] [LOG] [Fast Refresh] rebuilding @ webpack-internal:///(app-pages-browser)/./node_modules/next/dist/next-devtools/shared/forward-logs-shared.js:27
[10749082ms] [LOG] [Fast Refresh] rebuilding @ webpack-internal:///(app-pages-browser)/./node_modules/next/dist/next-devtools/shared/forward-logs-shared.js:27
[10749853ms] [LOG] [Fast Refresh] done in 769ms @ webpack-internal:///(app-pages-browser)/./node_modules/next/dist/next-devtools/shared/forward-logs-shared.js:27
[10750707ms] [LOG] [Fast Refresh] rebuilding @ webpack-internal:///(app-pages-browser)/./node_modules/next/dist/next-devtools/shared/forward-logs-shared.js:27
[10751216ms] [LOG] [Fast Refresh] done in 510ms @ webpack-internal:///(app-pages-browser)/./node_modules/next/dist/next-devtools/shared/forward-logs-shared.js:27
[10751339ms] [LOG] [Fast Refresh] done in 632ms @ webpack-internal:///(app-pages-browser)/./node_modules/next/dist/next-devtools/shared/forward-logs-shared.js:27
[10773819ms] [LOG] [Fast Refresh] rebuilding @ webpack-internal:///(app-pages-browser)/./node_modules/next/dist/next-devtools/shared/forward-logs-shared.js:27
[10774258ms] [LOG] [Fast Refresh] done in 440ms @ webpack-internal:///(app-pages-browser)/./node_modules/next/dist/next-devtools/shared/forward-logs-shared.js:27
[11130203ms] [WARNING] The resource http://localhost:3000/_next/static/css/app/layout.css?v=1785231294550 was preloaded using link preload but not used within a few seconds from the window's load event. Please make sure it has an appropriate `as` value and it is preloaded intentionally. @ http://localhost:3000/:0
[11427585ms] [WARNING] The resource http://localhost:3000/_next/static/css/app/layout.css?v=1785231294550 was preloaded using link preload but not used within a few seconds from the window's load event. Please make sure it has an appropriate `as` value and it is preloaded intentionally. @ http://localhost:3000/:0
[11467847ms] [LOG] [Fast Refresh] rebuilding @ webpack-internal:///(app-pages-browser)/./node_modules/next/dist/next-devtools/shared/forward-logs-shared.js:27
[11468805ms] [LOG] [Fast Refresh] done in 958ms @ webpack-internal:///(app-pages-browser)/./node_modules/next/dist/next-devtools/shared/forward-logs-shared.js:27
[11484057ms] [LOG] [Fast Refresh] rebuilding @ webpack-internal:///(app-pages-browser)/./node_modules/next/dist/next-devtools/shared/forward-logs-shared.js:27
[11484519ms] [LOG] [Fast Refresh] done in 462ms @ webpack-internal:///(app-pages-browser)/./node_modules/next/dist/next-devtools/shared/forward-logs-shared.js:27
[11511020ms] [LOG] [Fast Refresh] rebuilding @ webpack-internal:///(app-pages-browser)/./node_modules/next/dist/next-devtools/shared/forward-logs-shared.js:27
[11511412ms] [LOG] [Fast Refresh] done in 392ms @ webpack-internal:///(app-pages-browser)/./node_modules/next/dist/next-devtools/shared/forward-logs-shared.js:27
[11756589ms] [WARNING] The resource http://localhost:3000/_next/static/css/app/layout.css?v=1785231294550 was preloaded using link preload but not used within a few seconds from the window's load event. Please make sure it has an appropriate `as` value and it is preloaded intentionally. @ http://localhost:3000/:0
[11763850ms] [INFO] %cDownload the React DevTools for a better development experience: https://react.dev/link/react-devtools font-weight:bold @ webpack-internal:///(app-pages-browser)/./node_modules/next/dist/next-devtools/shared/forward-logs-shared.js:27
[11764142ms] [LOG] [HMR] connected @ webpack-internal:///(app-pages-browser)/./node_modules/next/dist/next-devtools/shared/forward-logs-shared.js:27
[11772797ms] [WARNING] [session] could not resolve session: Error: Supabase not configured. Add NEXT_PUBLIC_SUPABASE_URL and NEXT_PUBLIC_SUPABASE_ANON_KEY to .env
    at throwNotConfigured (webpack-internal:///(app-pages-browser)/./app/hooks/useDatabase.ts:11:11)
    at useDatabase.useCallback[getSb] (webpack-internal:///(app-pages-browser)/./app/hooks/useDatabase.ts:16:71)
    at useDatabase.useCallback[checkForExistingSession] [as checkForExistingSession] (webpack-internal:///(app-pages-browser)/./app/hooks/useDatabase.ts:171:24)
    at Home.useCallback[resolveSessionId] (webpack-internal:///(app-pages-browser)/./app/page.tsx:98:43)
    at Home.useCallback[handleStartProcessing] (webpack-internal:///(app-pages-browser)/./app/page.tsx:218:13)
    at onClick (webpack-internal:///(app-pages-browser)/./app/components/LoadScreen.tsx:2150:46)
    at executeDispatch (webpack-internal:///(app-pages-browser)/./node_modules/next/dist/compiled/react-dom/cjs/react-dom-client.development.js:20544:9)
    at runWithFiberInDEV (webpack-internal:///(app-pages-browser)/./node_modules/next/dist/compiled/react-dom/cjs/react-dom-client.development.js:987:30)
    at processDispatchQueue (webpack-internal:///(app-pages-browser)/./node_modules/next/dist/compiled/react-dom/cjs/react-dom-client.development.js:20594:19)
    at eval (webpack-internal:///(app-pages-browser)/./node_modules/next/dist/compiled/react-dom/cjs/react-dom-client.development.js:21165:9)
    at batchedUpdates$1 (webpack-internal:///(app-pages-browser)/./node_modules/next/dist/compiled/react-dom/cjs/react-dom-client.development.js:3378:40)
    at dispatchEventForPluginEventSystem (webpack-internal:///(app-pages-browser)/./node_modules/next/dist/compiled/react-dom/cjs/react-dom-client.development.js:20748:7)
    at dispatchEvent (webpack-internal:///(app-pages-browser)/./node_modules/next/dist/compiled/react-dom/cjs/react-dom-client.development.js:25694:11)
    at dispatchDiscreteEvent (webpack-internal:///(app-pages-browser)/./node_modules/next/dist/compiled/react-dom/cjs/react-dom-client.development.js:25662:11) @ webpack-internal:///(app-pages-browser)/./node_modules/next/dist/next-devtools/shared/forward-logs-shared.js:27
[11810916ms] [LOG] [PoleLayout mount] cachedData: poleDone=false tags=0 @ webpack-internal:///(app-pages-browser)/./node_modules/next/dist/next-devtools/shared/forward-logs-shared.js:27
[11810940ms] [LOG] [PoleLayout mount] cachedData: poleDone=false tags=0 @ webpack-internal:///(app-pages-browser)/./node_modules/next/dist/next-devtools/shared/forward-logs-shared.js:27
[11813307ms] [ERROR] Unable to preventDefault inside passive event listener invocation. @ webpack-internal:///(app-pages-browser)/./node_modules/next/dist/compiled/react-dom/cjs/react-dom-client.development.js:3511
[11813356ms] [ERROR] Unable to preventDefault inside passive event listener invocation. @ webpack-internal:///(app-pages-browser)/./node_modules/next/dist/compiled/react-dom/cjs/react-dom-client.development.js:3511
[11813422ms] [ERROR] Unable to preventDefault inside passive event listener invocation. @ webpack-internal:///(app-pages-browser)/./node_modules/next/dist/compiled/react-dom/cjs/react-dom-client.development.js:3511
[11813612ms] [ERROR] Unable to preventDefault inside passive event listener invocation. @ webpack-internal:///(app-pages-browser)/./node_modules/next/dist/compiled/react-dom/cjs/react-dom-client.development.js:3511
[11813639ms] [ERROR] Unable to preventDefault inside passive event listener invocation. @ webpack-internal:///(app-pages-browser)/./node_modules/next/dist/compiled/react-dom/cjs/react-dom-client.development.js:3511
[11813657ms] [ERROR] Unable to preventDefault inside passive event listener invocation. @ webpack-internal:///(app-pages-browser)/./node_modules/next/dist/compiled/react-dom/cjs/react-dom-client.development.js:3511
[11813906ms] [ERROR] Unable to preventDefault inside passive event listener invocation. @ webpack-internal:///(app-pages-browser)/./node_modules/next/dist/compiled/react-dom/cjs/react-dom-client.development.js:3511
[11813911ms] [ERROR] Unable to preventDefault inside passive event listener invocation. @ webpack-internal:///(app-pages-browser)/./node_modules/next/dist/compiled/react-dom/cjs/react-dom-client.development.js:3511
[11813923ms] [ERROR] Unable to preventDefault inside passive event listener invocation. @ webpack-internal:///(app-pages-browser)/./node_modules/next/dist/compiled/react-dom/cjs/react-dom-client.development.js:3511
[11814139ms] [ERROR] Unable to preventDefault inside passive event listener invocation. @ webpack-internal:///(app-pages-browser)/./node_modules/next/dist/compiled/react-dom/cjs/react-dom-client.development.js:3511
[11814156ms] [ERROR] Unable to preventDefault inside passive event listener invocation. @ webpack-internal:///(app-pages-browser)/./node_modules/next/dist/compiled/react-dom/cjs/react-dom-client.development.js:3511
[11814191ms] [ERROR] Unable to preventDefault inside passive event listener invocation. @ webpack-internal:///(app-pages-browser)/./node_modules/next/dist/compiled/react-dom/cjs/react-dom-client.development.js:3511
[11814239ms] [ERROR] Unable to preventDefault inside passive event listener invocation. @ webpack-internal:///(app-pages-browser)/./node_modules/next/dist/compiled/react-dom/cjs/react-dom-client.development.js:3511
[11814426ms] [ERROR] Unable to preventDefault inside passive event listener invocation. @ webpack-internal:///(app-pages-browser)/./node_modules/next/dist/compiled/react-dom/cjs/react-dom-client.development.js:3511
[11814473ms] [ERROR] Unable to preventDefault inside passive event listener invocation. @ webpack-internal:///(app-pages-browser)/./node_modules/next/dist/compiled/react-dom/cjs/react-dom-client.development.js:3511
[11816708ms] [ERROR] Unable to preventDefault inside passive event listener invocation. @ webpack-internal:///(app-pages-browser)/./node_modules/next/dist/compiled/react-dom/cjs/react-dom-client.development.js:3511
[11816724ms] [ERROR] Unable to preventDefault inside passive event listener invocation. @ webpack-internal:///(app-pages-browser)/./node_modules/next/dist/compiled/react-dom/cjs/react-dom-client.development.js:3511
[11816781ms] [ERROR] Unable to preventDefault inside passive event listener invocation. @ webpack-internal:///(app-pages-browser)/./node_modules/next/dist/compiled/react-dom/cjs/react-dom-client.development.js:3511
[11817014ms] [ERROR] Unable to preventDefault inside passive event listener invocation. @ webpack-internal:///(app-pages-browser)/./node_modules/next/dist/compiled/react-dom/cjs/react-dom-client.development.js:3511
[11817031ms] [ERROR] Unable to preventDefault inside passive event listener invocation. @ webpack-internal:///(app-pages-browser)/./node_modules/next/dist/compiled/react-dom/cjs/react-dom-client.development.js:3511
[11817091ms] [ERROR] Unable to preventDefault inside passive event listener invocation. @ webpack-internal:///(app-pages-browser)/./node_modules/next/dist/compiled/react-dom/cjs/react-dom-client.development.js:3511
[11817324ms] [ERROR] Unable to preventDefault inside passive event listener invocation. @ webpack-internal:///(app-pages-browser)/./node_modules/next/dist/compiled/react-dom/cjs/react-dom-client.development.js:3511
[11817341ms] [ERROR] Unable to preventDefault inside passive event listener invocation. @ webpack-internal:///(app-pages-browser)/./node_modules/next/dist/compiled/react-dom/cjs/react-dom-client.development.js:3511
[11817560ms] [ERROR] Unable to preventDefault inside passive event listener invocation. @ webpack-internal:///(app-pages-browser)/./node_modules/next/dist/compiled/react-dom/cjs/react-dom-client.development.js:3511
[11817608ms] [ERROR] Unable to preventDefault inside passive event listener invocation. @ webpack-internal:///(app-pages-browser)/./node_modules/next/dist/compiled/react-dom/cjs/react-dom-client.development.js:3511
[11817641ms] [ERROR] Unable to preventDefault inside passive event listener invocation. @ webpack-internal:///(app-pages-browser)/./node_modules/next/dist/compiled/react-dom/cjs/react-dom-client.development.js:3511
[11817954ms] [ERROR] Unable to preventDefault inside passive event listener invocation. @ webpack-internal:///(app-pages-browser)/./node_modules/next/dist/compiled/react-dom/cjs/react-dom-client.development.js:3511
[11818008ms] [ERROR] Unable to preventDefault inside passive event listener invocation. @ webpack-internal:///(app-pages-browser)/./node_modules/next/dist/compiled/react-dom/cjs/react-dom-client.development.js:3511
[11818386ms] [ERROR] Unable to preventDefault inside passive event listener invocation. @ webpack-internal:///(app-pages-browser)/./node_modules/next/dist/compiled/react-dom/cjs/react-dom-client.development.js:3511
[11818569ms] [LOG] [cache-update] sid= null poleTags= 123 shapes= 0 @ webpack-internal:///(app-pages-browser)/./node_modules/next/dist/next-devtools/shared/forward-logs-shared.js:27
[11818569ms] [WARNING] [cache-update] skipping save — no sessionId or db @ webpack-internal:///(app-pages-browser)/./node_modules/next/dist/next-devtools/shared/forward-logs-shared.js:27
[11818709ms] [ERROR] Unable to preventDefault inside passive event listener invocation. @ webpack-internal:///(app-pages-browser)/./node_modules/next/dist/compiled/react-dom/cjs/react-dom-client.development.js:3511
[11818764ms] [ERROR] Unable to preventDefault inside passive event listener invocation. @ webpack-internal:///(app-pages-browser)/./node_modules/next/dist/compiled/react-dom/cjs/react-dom-client.development.js:3511
[11819492ms] [ERROR] Unable to preventDefault inside passive event listener invocation. @ webpack-internal:///(app-pages-browser)/./node_modules/next/dist/compiled/react-dom/cjs/react-dom-client.development.js:3511
[11819531ms] [ERROR] Unable to preventDefault inside passive event listener invocation. @ webpack-internal:///(app-pages-browser)/./node_modules/next/dist/compiled/react-dom/cjs/react-dom-client.development.js:3511
[11820075ms] [ERROR] Unable to preventDefault inside passive event listener invocation. @ webpack-internal:///(app-pages-browser)/./node_modules/next/dist/compiled/react-dom/cjs/react-dom-client.development.js:3511
[11824602ms] [ERROR] Unable to preventDefault inside passive event listener invocation. @ webpack-internal:///(app-pages-browser)/./node_modules/next/dist/compiled/react-dom/cjs/react-dom-client.development.js:3511
[11824644ms] [ERROR] Unable to preventDefault inside passive event listener invocation. @ webpack-internal:///(app-pages-browser)/./node_modules/next/dist/compiled/react-dom/cjs/react-dom-client.development.js:3511
[11824678ms] [ERROR] Unable to preventDefault inside passive event listener invocation. @ webpack-internal:///(app-pages-browser)/./node_modules/next/dist/compiled/react-dom/cjs/react-dom-client.development.js:3511
[11825018ms] [ERROR] Unable to preventDefault inside passive event listener invocation. @ webpack-internal:///(app-pages-browser)/./node_modules/next/dist/compiled/react-dom/cjs/react-dom-client.development.js:3511
[11825034ms] [ERROR] Unable to preventDefault inside passive event listener invocation. @ webpack-internal:///(app-pages-browser)/./node_modules/next/dist/compiled/react-dom/cjs/react-dom-client.development.js:3511
[11825050ms] [ERROR] Unable to preventDefault inside passive event listener invocation. @ webpack-internal:///(app-pages-browser)/./node_modules/next/dist/compiled/react-dom/cjs/react-dom-client.development.js:3511
[11825078ms] [ERROR] Unable to preventDefault inside passive event listener invocation. @ webpack-internal:///(app-pages-browser)/./node_modules/next/dist/compiled/react-dom/cjs/react-dom-client.development.js:3511
[11825358ms] [ERROR] Unable to preventDefault inside passive event listener invocation. @ webpack-internal:///(app-pages-browser)/./node_modules/next/dist/compiled/react-dom/cjs/react-dom-client.development.js:3511
[11825396ms] [ERROR] Unable to preventDefault inside passive event listener invocation. @ webpack-internal:///(app-pages-browser)/./node_modules/next/dist/compiled/react-dom/cjs/react-dom-client.development.js:3511
[11825428ms] [ERROR] Unable to preventDefault inside passive event listener invocation. @ webpack-internal:///(app-pages-browser)/./node_modules/next/dist/compiled/react-dom/cjs/react-dom-client.development.js:3511
[11826728ms] [ERROR] Unable to preventDefault inside passive event listener invocation. @ webpack-internal:///(app-pages-browser)/./node_modules/next/dist/compiled/react-dom/cjs/react-dom-client.development.js:3511
[11826762ms] [ERROR] Unable to preventDefault inside passive event listener invocation. @ webpack-internal:///(app-pages-browser)/./node_modules/next/dist/compiled/react-dom/cjs/react-dom-client.development.js:3511
[11826801ms] [ERROR] Unable to preventDefault inside passive event listener invocation. @ webpack-internal:///(app-pages-browser)/./node_modules/next/dist/compiled/react-dom/cjs/react-dom-client.development.js:3511
[11827134ms] [ERROR] Unable to preventDefault inside passive event listener invocation. @ webpack-internal:///(app-pages-browser)/./node_modules/next/dist/compiled/react-dom/cjs/react-dom-client.development.js:3511
[11827266ms] [ERROR] Unable to preventDefault inside passive event listener invocation. @ webpack-internal:///(app-pages-browser)/./node_modules/next/dist/compiled/react-dom/cjs/react-dom-client.development.js:3511
[11827374ms] [ERROR] Unable to preventDefault inside passive event listener invocation. @ webpack-internal:///(app-pages-browser)/./node_modules/next/dist/compiled/react-dom/cjs/react-dom-client.development.js:3511
[11827863ms] [ERROR] Unable to preventDefault inside passive event listener invocation. @ webpack-internal:///(app-pages-browser)/./node_modules/next/dist/compiled/react-dom/cjs/react-dom-client.development.js:3511
[11828380ms] [ERROR] Unable to preventDefault inside passive event listener invocation. @ webpack-internal:///(app-pages-browser)/./node_modules/next/dist/compiled/react-dom/cjs/react-dom-client.development.js:3511
[11828431ms] [ERROR] Unable to preventDefault inside passive event listener invocation. @ webpack-internal:///(app-pages-browser)/./node_modules/next/dist/compiled/react-dom/cjs/react-dom-client.development.js:3511
[11828702ms] [ERROR] Unable to preventDefault inside passive event listener invocation. @ webpack-internal:///(app-pages-browser)/./node_modules/next/dist/compiled/react-dom/cjs/react-dom-client.development.js:3511
[11828736ms] [ERROR] Unable to preventDefault inside passive event listener invocation. @ webpack-internal:///(app-pages-browser)/./node_modules/next/dist/compiled/react-dom/cjs/react-dom-client.development.js:3511
[11828769ms] [ERROR] Unable to preventDefault inside passive event listener invocation. @ webpack-internal:///(app-pages-browser)/./node_modules/next/dist/compiled/react-dom/cjs/react-dom-client.development.js:3511
[11828961ms] [ERROR] Unable to preventDefault inside passive event listener invocation. @ webpack-internal:///(app-pages-browser)/./node_modules/next/dist/compiled/react-dom/cjs/react-dom-client.development.js:3511
[11828994ms] [ERROR] Unable to preventDefault inside passive event listener invocation. @ webpack-internal:///(app-pages-browser)/./node_modules/next/dist/compiled/react-dom/cjs/react-dom-client.development.js:3511
[11829013ms] [ERROR] Unable to preventDefault inside passive event listener invocation. @ webpack-internal:///(app-pages-browser)/./node_modules/next/dist/compiled/react-dom/cjs/react-dom-client.development.js:3511
[11829230ms] [ERROR] Unable to preventDefault inside passive event listener invocation. @ webpack-internal:///(app-pages-browser)/./node_modules/next/dist/compiled/react-dom/cjs/react-dom-client.development.js:3511
[11829246ms] [ERROR] Unable to preventDefault inside passive event listener invocation. @ webpack-internal:///(app-pages-browser)/./node_modules/next/dist/compiled/react-dom/cjs/react-dom-client.development.js:3511
[11829263ms] [ERROR] Unable to preventDefault inside passive event listener invocation. @ webpack-internal:///(app-pages-browser)/./node_modules/next/dist/compiled/react-dom/cjs/react-dom-client.development.js:3511
[11829313ms] [ERROR] Unable to preventDefault inside passive event listener invocation. @ webpack-internal:///(app-pages-browser)/./node_modules/next/dist/compiled/react-dom/cjs/react-dom-client.development.js:3511
[11829504ms] [ERROR] Unable to preventDefault inside passive event listener invocation. @ webpack-internal:///(app-pages-browser)/./node_modules/next/dist/compiled/react-dom/cjs/react-dom-client.development.js:3511
[11829530ms] [ERROR] Unable to preventDefault inside passive event listener invocation. @ webpack-internal:///(app-pages-browser)/./node_modules/next/dist/compiled/react-dom/cjs/react-dom-client.development.js:3511
[11829563ms] [ERROR] Unable to preventDefault inside passive event listener invocation. @ webpack-internal:///(app-pages-browser)/./node_modules/next/dist/compiled/react-dom/cjs/react-dom-client.development.js:3511
[11829897ms] [ERROR] Unable to preventDefault inside passive event listener invocation. @ webpack-internal:///(app-pages-browser)/./node_modules/next/dist/compiled/react-dom/cjs/react-dom-client.development.js:3511
[11829930ms] [ERROR] Unable to preventDefault inside passive event listener invocation. @ webpack-internal:///(app-pages-browser)/./node_modules/next/dist/compiled/react-dom/cjs/react-dom-client.development.js:3511
[11829980ms] [ERROR] Unable to preventDefault inside passive event listener invocation. @ webpack-internal:///(app-pages-browser)/./node_modules/next/dist/compiled/react-dom/cjs/react-dom-client.development.js:3511
[11831914ms] [ERROR] Unable to preventDefault inside passive event listener invocation. @ webpack-internal:///(app-pages-browser)/./node_modules/next/dist/compiled/react-dom/cjs/react-dom-client.development.js:3511
[11832438ms] [ERROR] Unable to preventDefault inside passive event listener invocation. @ webpack-internal:///(app-pages-browser)/./node_modules/next/dist/compiled/react-dom/cjs/react-dom-client.development.js:3511
[11832488ms] [ERROR] Unable to preventDefault inside passive event listener invocation. @ webpack-internal:///(app-pages-browser)/./node_modules/next/dist/compiled/react-dom/cjs/react-dom-client.development.js:3511
[11833748ms] [ERROR] Unable to preventDefault inside passive event listener invocation. @ webpack-internal:///(app-pages-browser)/./node_modules/next/dist/compiled/react-dom/cjs/react-dom-client.development.js:3511
[11833859ms] [ERROR] Unable to preventDefault inside passive event listener invocation. @ webpack-internal:///(app-pages-browser)/./node_modules/next/dist/compiled/react-dom/cjs/react-dom-client.development.js:3511
[11834449ms] [ERROR] Unable to preventDefault inside passive event listener invocation. @ webpack-internal:///(app-pages-browser)/./node_modules/next/dist/compiled/react-dom/cjs/react-dom-client.development.js:3511
[11834534ms] [ERROR] Unable to preventDefault inside passive event listener invocation. @ webpack-internal:///(app-pages-browser)/./node_modules/next/dist/compiled/react-dom/cjs/react-dom-client.development.js:3511
[11834650ms] [ERROR] Unable to preventDefault inside passive event listener invocation. @ webpack-internal:///(app-pages-browser)/./node_modules/next/dist/compiled/react-dom/cjs/react-dom-client.development.js:3511
[11834748ms] [ERROR] Unable to preventDefault inside passive event listener invocation. @ webpack-internal:///(app-pages-browser)/./node_modules/next/dist/compiled/react-dom/cjs/react-dom-client.development.js:3511
[11835038ms] [ERROR] Unable to preventDefault inside passive event listener invocation. @ webpack-internal:///(app-pages-browser)/./node_modules/next/dist/compiled/react-dom/cjs/react-dom-client.development.js:3511
[11835066ms] [ERROR] Unable to preventDefault inside passive event listener invocation. @ webpack-internal:///(app-pages-browser)/./node_modules/next/dist/compiled/react-dom/cjs/react-dom-client.development.js:3511
[11835116ms] [ERROR] Unable to preventDefault inside passive event listener invocation. @ webpack-internal:///(app-pages-browser)/./node_modules/next/dist/compiled/react-dom/cjs/react-dom-client.development.js:3511
[11835182ms] [ERROR] Unable to preventDefault inside passive event listener invocation. @ webpack-internal:///(app-pages-browser)/./node_modules/next/dist/compiled/react-dom/cjs/react-dom-client.development.js:3511
[11835540ms] [ERROR] Unable to preventDefault inside passive event listener invocation. @ webpack-internal:///(app-pages-browser)/./node_modules/next/dist/compiled/react-dom/cjs/react-dom-client.development.js:3511
[11835583ms] [ERROR] Unable to preventDefault inside passive event listener invocation. @ webpack-internal:///(app-pages-browser)/./node_modules/next/dist/compiled/react-dom/cjs/react-dom-client.development.js:3511
[11835633ms] [ERROR] Unable to preventDefault inside passive event listener invocation. @ webpack-internal:///(app-pages-browser)/./node_modules/next/dist/compiled/react-dom/cjs/react-dom-client.development.js:3511
[11835798ms] [ERROR] Unable to preventDefault inside passive event listener invocation. @ webpack-internal:///(app-pages-browser)/./node_modules/next/dist/compiled/react-dom/cjs/react-dom-client.development.js:3511
[11835849ms] [ERROR] Unable to preventDefault inside passive event listener invocation. @ webpack-internal:///(app-pages-browser)/./node_modules/next/dist/compiled/react-dom/cjs/react-dom-client.development.js:3511
[11836170ms] [ERROR] Unable to preventDefault inside passive event listener invocation. @ webpack-internal:///(app-pages-browser)/./node_modules/next/dist/compiled/react-dom/cjs/react-dom-client.development.js:3511
[11836217ms] [ERROR] Unable to preventDefault inside passive event listener invocation. @ webpack-internal:///(app-pages-browser)/./node_modules/next/dist/compiled/react-dom/cjs/react-dom-client.development.js:3511
[11836266ms] [ERROR] Unable to preventDefault inside passive event listener invocation. @ webpack-internal:///(app-pages-browser)/./node_modules/next/dist/compiled/react-dom/cjs/react-dom-client.development.js:3511
[11838917ms] [ERROR] Unable to preventDefault inside passive event listener invocation. @ webpack-internal:///(app-pages-browser)/./node_modules/next/dist/compiled/react-dom/cjs/react-dom-client.development.js:3511
[11838951ms] [ERROR] Unable to preventDefault inside passive event listener invocation. @ webpack-internal:///(app-pages-browser)/./node_modules/next/dist/compiled/react-dom/cjs/react-dom-client.development.js:3511
[11838984ms] [ERROR] Unable to preventDefault inside passive event listener invocation. @ webpack-internal:///(app-pages-browser)/./node_modules/next/dist/compiled/react-dom/cjs/react-dom-client.development.js:3511
[11839164ms] [ERROR] Unable to preventDefault inside passive event listener invocation. @ webpack-internal:///(app-pages-browser)/./node_modules/next/dist/compiled/react-dom/cjs/react-dom-client.development.js:3511
[11839184ms] [ERROR] Unable to preventDefault inside passive event listener invocation. @ webpack-internal:///(app-pages-browser)/./node_modules/next/dist/compiled/react-dom/cjs/react-dom-client.development.js:3511
[11839218ms] [ERROR] Unable to preventDefault inside passive event listener invocation. @ webpack-internal:///(app-pages-browser)/./node_modules/next/dist/compiled/react-dom/cjs/react-dom-client.development.js:3511
[11839426ms] [ERROR] Unable to preventDefault inside passive event listener invocation. @ webpack-internal:///(app-pages-browser)/./node_modules/next/dist/compiled/react-dom/cjs/react-dom-client.development.js:3511
[11839451ms] [ERROR] Unable to preventDefault inside passive event listener invocation. @ webpack-internal:///(app-pages-browser)/./node_modules/next/dist/compiled/react-dom/cjs/react-dom-client.development.js:3511
[11839484ms] [ERROR] Unable to preventDefault inside passive event listener invocation. @ webpack-internal:///(app-pages-browser)/./node_modules/next/dist/compiled/react-dom/cjs/react-dom-client.development.js:3511
[11839501ms] [ERROR] Unable to preventDefault inside passive event listener invocation. @ webpack-internal:///(app-pages-browser)/./node_modules/next/dist/compiled/react-dom/cjs/react-dom-client.development.js:3511
[11931343ms] [ERROR] Unable to preventDefault inside passive event listener invocation. @ webpack-internal:///(app-pages-browser)/./node_modules/next/dist/compiled/react-dom/cjs/react-dom-client.development.js:3511
[11931350ms] [ERROR] Unable to preventDefault inside passive event listener invocation. @ webpack-internal:///(app-pages-browser)/./node_modules/next/dist/compiled/react-dom/cjs/react-dom-client.development.js:3511
[11931409ms] [ERROR] Unable to preventDefault inside passive event listener invocation. @ webpack-internal:///(app-pages-browser)/./node_modules/next/dist/compiled/react-dom/cjs/react-dom-client.development.js:3511
[11931654ms] [ERROR] Unable to preventDefault inside passive event listener invocation. @ webpack-internal:///(app-pages-browser)/./node_modules/next/dist/compiled/react-dom/cjs/react-dom-client.development.js:3511
[11931693ms] [ERROR] Unable to preventDefault inside passive event listener invocation. @ webpack-internal:///(app-pages-browser)/./node_modules/next/dist/compiled/react-dom/cjs/react-dom-client.development.js:3511
[11931709ms] [ERROR] Unable to preventDefault inside passive event listener invocation. @ webpack-internal:///(app-pages-browser)/./node_modules/next/dist/compiled/react-dom/cjs/react-dom-client.development.js:3511
[11931743ms] [ERROR] Unable to preventDefault inside passive event listener invocation. @ webpack-internal:///(app-pages-browser)/./node_modules/next/dist/compiled/react-dom/cjs/react-dom-client.development.js:3511
[11931977ms] [ERROR] Unable to preventDefault inside passive event listener invocation. @ webpack-internal:///(app-pages-browser)/./node_modules/next/dist/compiled/react-dom/cjs/react-dom-client.development.js:3511
[11931993ms] [ERROR] Unable to preventDefault inside passive event listener invocation. @ webpack-internal:///(app-pages-browser)/./node_modules/next/dist/compiled/react-dom/cjs/react-dom-client.development.js:3511
[11932010ms] [ERROR] Unable to preventDefault inside passive event listener invocation. @ webpack-internal:///(app-pages-browser)/./node_modules/next/dist/compiled/react-dom/cjs/react-dom-client.development.js:3511
[11933078ms] [ERROR] Unable to preventDefault inside passive event listener invocation. @ webpack-internal:///(app-pages-browser)/./node_modules/next/dist/compiled/react-dom/cjs/react-dom-client.development.js:3511
[11933137ms] [ERROR] Unable to preventDefault inside passive event listener invocation. @ webpack-internal:///(app-pages-browser)/./node_modules/next/dist/compiled/react-dom/cjs/react-dom-client.development.js:3511
[11933362ms] [ERROR] Unable to preventDefault inside passive event listener invocation. @ webpack-internal:///(app-pages-browser)/./node_modules/next/dist/compiled/react-dom/cjs/react-dom-client.development.js:3511
[11933372ms] [ERROR] Unable to preventDefault inside passive event listener invocation. @ webpack-internal:///(app-pages-browser)/./node_modules/next/dist/compiled/react-dom/cjs/react-dom-client.development.js:3511
[11933617ms] [ERROR] Unable to preventDefault inside passive event listener invocation. @ webpack-internal:///(app-pages-browser)/./node_modules/next/dist/compiled/react-dom/cjs/react-dom-client.development.js:3511
[11933633ms] [ERROR] Unable to preventDefault inside passive event listener invocation. @ webpack-internal:///(app-pages-browser)/./node_modules/next/dist/compiled/react-dom/cjs/react-dom-client.development.js:3511
[11933669ms] [ERROR] Unable to preventDefault inside passive event listener invocation. @ webpack-internal:///(app-pages-browser)/./node_modules/next/dist/compiled/react-dom/cjs/react-dom-client.development.js:3511
[11933717ms] [ERROR] Unable to preventDefault inside passive event listener invocation. @ webpack-internal:///(app-pages-browser)/./node_modules/next/dist/compiled/react-dom/cjs/react-dom-client.development.js:3511
[11934550ms] [ERROR] Unable to preventDefault inside passive event listener invocation. @ webpack-internal:///(app-pages-browser)/./node_modules/next/dist/compiled/react-dom/cjs/react-dom-client.development.js:3511
[11934623ms] [ERROR] Unable to preventDefault inside passive event listener invocation. @ webpack-internal:///(app-pages-browser)/./node_modules/next/dist/compiled/react-dom/cjs/react-dom-client.development.js:3511
[11937248ms] [ERROR] Unable to preventDefault inside passive event listener invocation. @ webpack-internal:///(app-pages-browser)/./node_modules/next/dist/compiled/react-dom/cjs/react-dom-client.development.js:3511
[11937279ms] [ERROR] Unable to preventDefault inside passive event listener invocation. @ webpack-internal:///(app-pages-browser)/./node_modules/next/dist/compiled/react-dom/cjs/react-dom-client.development.js:3511
[11937292ms] [ERROR] Unable to preventDefault inside passive event listener invocation. @ webpack-internal:///(app-pages-browser)/./node_modules/next/dist/compiled/react-dom/cjs/react-dom-client.development.js:3511
[11937312ms] [ERROR] Unable to preventDefault inside passive event listener invocation. @ webpack-internal:///(app-pages-browser)/./node_modules/next/dist/compiled/react-dom/cjs/react-dom-client.development.js:3511
[11937545ms] [ERROR] Unable to preventDefault inside passive event listener invocation. @ webpack-internal:///(app-pages-browser)/./node_modules/next/dist/compiled/react-dom/cjs/react-dom-client.development.js:3511
[11937563ms] [ERROR] Unable to preventDefault inside passive event listener invocation. @ webpack-internal:///(app-pages-browser)/./node_modules/next/dist/compiled/react-dom/cjs/react-dom-client.development.js:3511
[11937585ms] [ERROR] Unable to preventDefault inside passive event listener invocation. @ webpack-internal:///(app-pages-browser)/./node_modules/next/dist/compiled/react-dom/cjs/react-dom-client.development.js:3511
[11939581ms] [ERROR] Unable to preventDefault inside passive event listener invocation. @ webpack-internal:///(app-pages-browser)/./node_modules/next/dist/compiled/react-dom/cjs/react-dom-client.development.js:3511
[11939591ms] [ERROR] Unable to preventDefault inside passive event listener invocation. @ webpack-internal:///(app-pages-browser)/./node_modules/next/dist/compiled/react-dom/cjs/react-dom-client.development.js:3511
[11939631ms] [ERROR] Unable to preventDefault inside passive event listener invocation. @ webpack-internal:///(app-pages-browser)/./node_modules/next/dist/compiled/react-dom/cjs/react-dom-client.development.js:3511
[11939782ms] [ERROR] Unable to preventDefault inside passive event listener invocation. @ webpack-internal:///(app-pages-browser)/./node_modules/next/dist/compiled/react-dom/cjs/react-dom-client.development.js:3511
[11939803ms] [ERROR] Unable to preventDefault inside passive event listener invocation. @ webpack-internal:///(app-pages-browser)/./node_modules/next/dist/compiled/react-dom/cjs/react-dom-client.development.js:3511
[11939819ms] [ERROR] Unable to preventDefault inside passive event listener invocation. @ webpack-internal:///(app-pages-browser)/./node_modules/next/dist/compiled/react-dom/cjs/react-dom-client.development.js:3511
[11939886ms] [ERROR] Unable to preventDefault inside passive event listener invocation. @ webpack-internal:///(app-pages-browser)/./node_modules/next/dist/compiled/react-dom/cjs/react-dom-client.development.js:3511
[11940080ms] [ERROR] Unable to preventDefault inside passive event listener invocation. @ webpack-internal:///(app-pages-browser)/./node_modules/next/dist/compiled/react-dom/cjs/react-dom-client.development.js:3511
[11940085ms] [ERROR] Unable to preventDefault inside passive event listener invocation. @ webpack-internal:///(app-pages-browser)/./node_modules/next/dist/compiled/react-dom/cjs/react-dom-client.development.js:3511
[11944916ms] [ERROR] Unable to preventDefault inside passive event listener invocation. @ webpack-internal:///(app-pages-browser)/./node_modules/next/dist/compiled/react-dom/cjs/react-dom-client.development.js:3511
[11944924ms] [ERROR] Unable to preventDefault inside passive event listener invocation. @ webpack-internal:///(app-pages-browser)/./node_modules/next/dist/compiled/react-dom/cjs/react-dom-client.development.js:3511
[11944968ms] [ERROR] Unable to preventDefault inside passive event listener invocation. @ webpack-internal:///(app-pages-browser)/./node_modules/next/dist/compiled/react-dom/cjs/react-dom-client.development.js:3511
[11945180ms] [ERROR] Unable to preventDefault inside passive event listener invocation. @ webpack-internal:///(app-pages-browser)/./node_modules/next/dist/compiled/react-dom/cjs/react-dom-client.development.js:3511
[11945199ms] [ERROR] Unable to preventDefault inside passive event listener invocation. @ webpack-internal:///(app-pages-browser)/./node_modules/next/dist/compiled/react-dom/cjs/react-dom-client.development.js:3511
[11945215ms] [ERROR] Unable to preventDefault inside passive event listener invocation. @ webpack-internal:///(app-pages-browser)/./node_modules/next/dist/compiled/react-dom/cjs/react-dom-client.development.js:3511
[11945249ms] [ERROR] Unable to preventDefault inside passive event listener invocation. @ webpack-internal:///(app-pages-browser)/./node_modules/next/dist/compiled/react-dom/cjs/react-dom-client.development.js:3511
[11945454ms] [ERROR] Unable to preventDefault inside passive event listener invocation. @ webpack-internal:///(app-pages-browser)/./node_modules/next/dist/compiled/react-dom/cjs/react-dom-client.development.js:3511
[11945482ms] [ERROR] Unable to preventDefault inside passive event listener invocation. @ webpack-internal:///(app-pages-browser)/./node_modules/next/dist/compiled/react-dom/cjs/react-dom-client.development.js:3511
[11946649ms] [ERROR] Unable to preventDefault inside passive event listener invocation. @ webpack-internal:///(app-pages-browser)/./node_modules/next/dist/compiled/react-dom/cjs/react-dom-client.development.js:3511
[11947718ms] [ERROR] Unable to preventDefault inside passive event listener invocation. @ webpack-internal:///(app-pages-browser)/./node_modules/next/dist/compiled/react-dom/cjs/react-dom-client.development.js:3511
[11947753ms] [ERROR] Unable to preventDefault inside passive event listener invocation. @ webpack-internal:///(app-pages-browser)/./node_modules/next/dist/compiled/react-dom/cjs/react-dom-client.development.js:3511
[11947935ms] [ERROR] Unable to preventDefault inside passive event listener invocation. @ webpack-internal:///(app-pages-browser)/./node_modules/next/dist/compiled/react-dom/cjs/react-dom-client.development.js:3511
[11947969ms] [ERROR] Unable to preventDefault inside passive event listener invocation. @ webpack-internal:///(app-pages-browser)/./node_modules/next/dist/compiled/react-dom/cjs/react-dom-client.development.js:3511
[11947976ms] [ERROR] Unable to preventDefault inside passive event listener invocation. @ webpack-internal:///(app-pages-browser)/./node_modules/next/dist/compiled/react-dom/cjs/react-dom-client.development.js:3511
[11948023ms] [ERROR] Unable to preventDefault inside passive event listener invocation. @ webpack-internal:///(app-pages-browser)/./node_modules/next/dist/compiled/react-dom/cjs/react-dom-client.development.js:3511
[11948202ms] [ERROR] Unable to preventDefault inside passive event listener invocation. @ webpack-internal:///(app-pages-browser)/./node_modules/next/dist/compiled/react-dom/cjs/react-dom-client.development.js:3511
[11948217ms] [ERROR] Unable to preventDefault inside passive event listener invocation. @ webpack-internal:///(app-pages-browser)/./node_modules/next/dist/compiled/react-dom/cjs/react-dom-client.development.js:3511
[11948251ms] [ERROR] Unable to preventDefault inside passive event listener invocation. @ webpack-internal:///(app-pages-browser)/./node_modules/next/dist/compiled/react-dom/cjs/react-dom-client.development.js:3511
[11994905ms] [ERROR] Failed to load resource: the server responded with a status of 502 (Bad Gateway) @ http://localhost:3000/api/pole_tags:0
[11996903ms] [ERROR] Failed to load resource: the server responded with a status of 502 (Bad Gateway) @ http://localhost:3000/api/pole_tags:0
[11998902ms] [ERROR] Failed to load resource: the server responded with a status of 502 (Bad Gateway) @ http://localhost:3000/api/pole_tags:0
[12000897ms] [ERROR] Failed to load resource: the server responded with a status of 502 (Bad Gateway) @ http://localhost:3000/api/pole_tags:0
[12002898ms] [ERROR] Failed to load resource: the server responded with a status of 502 (Bad Gateway) @ http://localhost:3000/api/pole_tags:0
[12004900ms] [ERROR] Failed to load resource: the server responded with a status of 502 (Bad Gateway) @ http://localhost:3000/api/pole_tags:0
[12006905ms] [ERROR] Failed to load resource: the server responded with a status of 502 (Bad Gateway) @ http://localhost:3000/api/pole_tags:0
[12008900ms] [ERROR] Failed to load resource: the server responded with a status of 502 (Bad Gateway) @ http://localhost:3000/api/pole_tags:0
[12010903ms] [ERROR] Failed to load resource: the server responded with a status of 502 (Bad Gateway) @ http://localhost:3000/api/pole_tags:0
[12012902ms] [ERROR] Failed to load resource: the server responded with a status of 502 (Bad Gateway) @ http://localhost:3000/api/pole_tags:0
[12014898ms] [ERROR] Failed to load resource: the server responded with a status of 502 (Bad Gateway) @ http://localhost:3000/api/pole_tags:0
[12016902ms] [ERROR] Failed to load resource: the server responded with a status of 502 (Bad Gateway) @ http://localhost:3000/api/pole_tags:0
[12029152ms] [LOG] [cache-update] sid= null poleTags= 0 shapes= 0 @ webpack-internal:///(app-pages-browser)/./node_modules/next/dist/next-devtools/shared/forward-logs-shared.js:27
[12029152ms] [WARNING] [cache-update] skipping save — no sessionId or db @ webpack-internal:///(app-pages-browser)/./node_modules/next/dist/next-devtools/shared/forward-logs-shared.js:27
[12031262ms] [LOG] [cache-update] sid= null poleTags= 0 shapes= 0 @ webpack-internal:///(app-pages-browser)/./node_modules/next/dist/next-devtools/shared/forward-logs-shared.js:27
[12031262ms] [WARNING] [cache-update] skipping save — no sessionId or db @ webpack-internal:///(app-pages-browser)/./node_modules/next/dist/next-devtools/shared/forward-logs-shared.js:27
[12033333ms] [LOG] [cache-update] sid= null poleTags= 0 shapes= 0 @ webpack-internal:///(app-pages-browser)/./node_modules/next/dist/next-devtools/shared/forward-logs-shared.js:27
[12033333ms] [WARNING] [cache-update] skipping save — no sessionId or db @ webpack-internal:///(app-pages-browser)/./node_modules/next/dist/next-devtools/shared/forward-logs-shared.js:27
[12035401ms] [LOG] [cache-update] sid= null poleTags= 0 shapes= 0 @ webpack-internal:///(app-pages-browser)/./node_modules/next/dist/next-devtools/shared/forward-logs-shared.js:27
[12035401ms] [WARNING] [cache-update] skipping save — no sessionId or db @ webpack-internal:///(app-pages-browser)/./node_modules/next/dist/next-devtools/shared/forward-logs-shared.js:27
[12037458ms] [LOG] [cache-update] sid= null poleTags= 0 shapes= 0 @ webpack-internal:///(app-pages-browser)/./node_modules/next/dist/next-devtools/shared/forward-logs-shared.js:27
[12037459ms] [WARNING] [cache-update] skipping save — no sessionId or db @ webpack-internal:///(app-pages-browser)/./node_modules/next/dist/next-devtools/shared/forward-logs-shared.js:27
[12039522ms] [LOG] [cache-update] sid= null poleTags= 0 shapes= 0 @ webpack-internal:///(app-pages-browser)/./node_modules/next/dist/next-devtools/shared/forward-logs-shared.js:27
[12039522ms] [WARNING] [cache-update] skipping save — no sessionId or db @ webpack-internal:///(app-pages-browser)/./node_modules/next/dist/next-devtools/shared/forward-logs-shared.js:27
[12041783ms] [LOG] [cache-update] sid= null poleTags= 0 shapes= 0 @ webpack-internal:///(app-pages-browser)/./node_modules/next/dist/next-devtools/shared/forward-logs-shared.js:27
[12041783ms] [WARNING] [cache-update] skipping save — no sessionId or db @ webpack-internal:///(app-pages-browser)/./node_modules/next/dist/next-devtools/shared/forward-logs-shared.js:27
[12043851ms] [LOG] [cache-update] sid= null poleTags= 0 shapes= 0 @ webpack-internal:///(app-pages-browser)/./node_modules/next/dist/next-devtools/shared/forward-logs-shared.js:27
[12043851ms] [WARNING] [cache-update] skipping save — no sessionId or db @ webpack-internal:///(app-pages-browser)/./node_modules/next/dist/next-devtools/shared/forward-logs-shared.js:27
[12045919ms] [LOG] [cache-update] sid= null poleTags= 0 shapes= 0 @ webpack-internal:///(app-pages-browser)/./node_modules/next/dist/next-devtools/shared/forward-logs-shared.js:27
[12045919ms] [WARNING] [cache-update] skipping save — no sessionId or db @ webpack-internal:///(app-pages-browser)/./node_modules/next/dist/next-devtools/shared/forward-logs-shared.js:27
[12047989ms] [LOG] [cache-update] sid= null poleTags= 0 shapes= 0 @ webpack-internal:///(app-pages-browser)/./node_modules/next/dist/next-devtools/shared/forward-logs-shared.js:27
[12047990ms] [WARNING] [cache-update] skipping save — no sessionId or db @ webpack-internal:///(app-pages-browser)/./node_modules/next/dist/next-devtools/shared/forward-logs-shared.js:27
[12050050ms] [LOG] [cache-update] sid= null poleTags= 0 shapes= 0 @ webpack-internal:///(app-pages-browser)/./node_modules/next/dist/next-devtools/shared/forward-logs-shared.js:27
[12050051ms] [WARNING] [cache-update] skipping save — no sessionId or db @ webpack-internal:///(app-pages-browser)/./node_modules/next/dist/next-devtools/shared/forward-logs-shared.js:27
[12052106ms] [LOG] [cache-update] sid= null poleTags= 0 shapes= 0 @ webpack-internal:///(app-pages-browser)/./node_modules/next/dist/next-devtools/shared/forward-logs-shared.js:27
[12052106ms] [WARNING] [cache-update] skipping save — no sessionId or db @ webpack-internal:///(app-pages-browser)/./node_modules/next/dist/next-devtools/shared/forward-logs-shared.js:27
[12054178ms] [LOG] [cache-update] sid= null poleTags= 0 shapes= 0 @ webpack-internal:///(app-pages-browser)/./node_modules/next/dist/next-devtools/shared/forward-logs-shared.js:27
[12054178ms] [WARNING] [cache-update] skipping save — no sessionId or db @ webpack-internal:///(app-pages-browser)/./node_modules/next/dist/next-devtools/shared/forward-logs-shared.js:27
[12056250ms] [LOG] [cache-update] sid= null poleTags= 0 shapes= 0 @ webpack-internal:///(app-pages-browser)/./node_modules/next/dist/next-devtools/shared/forward-logs-shared.js:27
[12056251ms] [WARNING] [cache-update] skipping save — no sessionId or db @ webpack-internal:///(app-pages-browser)/./node_modules/next/dist/next-devtools/shared/forward-logs-shared.js:27
[12058313ms] [LOG] [cache-update] sid= null poleTags= 0 shapes= 0 @ webpack-internal:///(app-pages-browser)/./node_modules/next/dist/next-devtools/shared/forward-logs-shared.js:27
[12058313ms] [WARNING] [cache-update] skipping save — no sessionId or db @ webpack-internal:///(app-pages-browser)/./node_modules/next/dist/next-devtools/shared/forward-logs-shared.js:27
[12060387ms] [LOG] [cache-update] sid= null poleTags= 0 shapes= 0 @ webpack-internal:///(app-pages-browser)/./node_modules/next/dist/next-devtools/shared/forward-logs-shared.js:27
[12060387ms] [WARNING] [cache-update] skipping save — no sessionId or db @ webpack-internal:///(app-pages-browser)/./node_modules/next/dist/next-devtools/shared/forward-logs-shared.js:27
[12062462ms] [LOG] [cache-update] sid= null poleTags= 0 shapes= 0 @ webpack-internal:///(app-pages-browser)/./node_modules/next/dist/next-devtools/shared/forward-logs-shared.js:27
[12062462ms] [WARNING] [cache-update] skipping save — no sessionId or db @ webpack-internal:///(app-pages-browser)/./node_modules/next/dist/next-devtools/shared/forward-logs-shared.js:27
[12064531ms] [LOG] [cache-update] sid= null poleTags= 0 shapes= 0 @ webpack-internal:///(app-pages-browser)/./node_modules/next/dist/next-devtools/shared/forward-logs-shared.js:27
[12064532ms] [WARNING] [cache-update] skipping save — no sessionId or db @ webpack-internal:///(app-pages-browser)/./node_modules/next/dist/next-devtools/shared/forward-logs-shared.js:27
[12066592ms] [LOG] [cache-update] sid= null poleTags= 0 shapes= 0 @ webpack-internal:///(app-pages-browser)/./node_modules/next/dist/next-devtools/shared/forward-logs-shared.js:27
[12066592ms] [WARNING] [cache-update] skipping save — no sessionId or db @ webpack-internal:///(app-pages-browser)/./node_modules/next/dist/next-devtools/shared/forward-logs-shared.js:27
[12068659ms] [LOG] [cache-update] sid= null poleTags= 0 shapes= 0 @ webpack-internal:///(app-pages-browser)/./node_modules/next/dist/next-devtools/shared/forward-logs-shared.js:27
[12068659ms] [WARNING] [cache-update] skipping save — no sessionId or db @ webpack-internal:///(app-pages-browser)/./node_modules/next/dist/next-devtools/shared/forward-logs-shared.js:27
[12070719ms] [LOG] [cache-update] sid= null poleTags= 0 shapes= 0 @ webpack-internal:///(app-pages-browser)/./node_modules/next/dist/next-devtools/shared/forward-logs-shared.js:27
[12070719ms] [WARNING] [cache-update] skipping save — no sessionId or db @ webpack-internal:///(app-pages-browser)/./node_modules/next/dist/next-devtools/shared/forward-logs-shared.js:27
[12072784ms] [LOG] [cache-update] sid= null poleTags= 0 shapes= 0 @ webpack-internal:///(app-pages-browser)/./node_modules/next/dist/next-devtools/shared/forward-logs-shared.js:27
[12072784ms] [WARNING] [cache-update] skipping save — no sessionId or db @ webpack-internal:///(app-pages-browser)/./node_modules/next/dist/next-devtools/shared/forward-logs-shared.js:27
[12074901ms] [LOG] [cache-update] sid= null poleTags= 0 shapes= 0 @ webpack-internal:///(app-pages-browser)/./node_modules/next/dist/next-devtools/shared/forward-logs-shared.js:27
[12074901ms] [WARNING] [cache-update] skipping save — no sessionId or db @ webpack-internal:///(app-pages-browser)/./node_modules/next/dist/next-devtools/shared/forward-logs-shared.js:27
[12076957ms] [LOG] [cache-update] sid= null poleTags= 0 shapes= 0 @ webpack-internal:///(app-pages-browser)/./node_modules/next/dist/next-devtools/shared/forward-logs-shared.js:27
[12076957ms] [WARNING] [cache-update] skipping save — no sessionId or db @ webpack-internal:///(app-pages-browser)/./node_modules/next/dist/next-devtools/shared/forward-logs-shared.js:27
[12079016ms] [LOG] [cache-update] sid= null poleTags= 0 shapes= 0 @ webpack-internal:///(app-pages-browser)/./node_modules/next/dist/next-devtools/shared/forward-logs-shared.js:27
[12079016ms] [WARNING] [cache-update] skipping save — no sessionId or db @ webpack-internal:///(app-pages-browser)/./node_modules/next/dist/next-devtools/shared/forward-logs-shared.js:27
[12081069ms] [LOG] [cache-update] sid= null poleTags= 0 shapes= 0 @ webpack-internal:///(app-pages-browser)/./node_modules/next/dist/next-devtools/shared/forward-logs-shared.js:27
[12081070ms] [WARNING] [cache-update] skipping save — no sessionId or db @ webpack-internal:///(app-pages-browser)/./node_modules/next/dist/next-devtools/shared/forward-logs-shared.js:27
[12083131ms] [LOG] [cache-update] sid= null poleTags= 0 shapes= 0 @ webpack-internal:///(app-pages-browser)/./node_modules/next/dist/next-devtools/shared/forward-logs-shared.js:27
[12083131ms] [WARNING] [cache-update] skipping save — no sessionId or db @ webpack-internal:///(app-pages-browser)/./node_modules/next/dist/next-devtools/shared/forward-logs-shared.js:27
[12085192ms] [LOG] [cache-update] sid= null poleTags= 0 shapes= 0 @ webpack-internal:///(app-pages-browser)/./node_modules/next/dist/next-devtools/shared/forward-logs-shared.js:27
[12085193ms] [WARNING] [cache-update] skipping save — no sessionId or db @ webpack-internal:///(app-pages-browser)/./node_modules/next/dist/next-devtools/shared/forward-logs-shared.js:27
[12087262ms] [LOG] [cache-update] sid= null poleTags= 0 shapes= 0 @ webpack-internal:///(app-pages-browser)/./node_modules/next/dist/next-devtools/shared/forward-logs-shared.js:27
[12087262ms] [WARNING] [cache-update] skipping save — no sessionId or db @ webpack-internal:///(app-pages-browser)/./node_modules/next/dist/next-devtools/shared/forward-logs-shared.js:27
[12089339ms] [LOG] [cache-update] sid= null poleTags= 0 shapes= 0 @ webpack-internal:///(app-pages-browser)/./node_modules/next/dist/next-devtools/shared/forward-logs-shared.js:27
[12089339ms] [WARNING] [cache-update] skipping save — no sessionId or db @ webpack-internal:///(app-pages-browser)/./node_modules/next/dist/next-devtools/shared/forward-logs-shared.js:27
[12091408ms] [LOG] [cache-update] sid= null poleTags= 0 shapes= 0 @ webpack-internal:///(app-pages-browser)/./node_modules/next/dist/next-devtools/shared/forward-logs-shared.js:27
[12091408ms] [WARNING] [cache-update] skipping save — no sessionId or db @ webpack-internal:///(app-pages-browser)/./node_modules/next/dist/next-devtools/shared/forward-logs-shared.js:27
[12093468ms] [LOG] [cache-update] sid= null poleTags= 0 shapes= 0 @ webpack-internal:///(app-pages-browser)/./node_modules/next/dist/next-devtools/shared/forward-logs-shared.js:27
[12093468ms] [WARNING] [cache-update] skipping save — no sessionId or db @ webpack-internal:///(app-pages-browser)/./node_modules/next/dist/next-devtools/shared/forward-logs-shared.js:27
[12095550ms] [LOG] [cache-update] sid= null poleTags= 0 shapes= 0 @ webpack-internal:///(app-pages-browser)/./node_modules/next/dist/next-devtools/shared/forward-logs-shared.js:27
[12095550ms] [WARNING] [cache-update] skipping save — no sessionId or db @ webpack-internal:///(app-pages-browser)/./node_modules/next/dist/next-devtools/shared/forward-logs-shared.js:27
[12097615ms] [LOG] [cache-update] sid= null poleTags= 0 shapes= 0 @ webpack-internal:///(app-pages-browser)/./node_modules/next/dist/next-devtools/shared/forward-logs-shared.js:27
[12097615ms] [WARNING] [cache-update] skipping save — no sessionId or db @ webpack-internal:///(app-pages-browser)/./node_modules/next/dist/next-devtools/shared/forward-logs-shared.js:27
[12099699ms] [LOG] [cache-update] sid= null poleTags= 0 shapes= 0 @ webpack-internal:///(app-pages-browser)/./node_modules/next/dist/next-devtools/shared/forward-logs-shared.js:27
[12099700ms] [WARNING] [cache-update] skipping save — no sessionId or db @ webpack-internal:///(app-pages-browser)/./node_modules/next/dist/next-devtools/shared/forward-logs-shared.js:27
[12101936ms] [LOG] [cache-update] sid= null poleTags= 0 shapes= 0 @ webpack-internal:///(app-pages-browser)/./node_modules/next/dist/next-devtools/shared/forward-logs-shared.js:27
[12101936ms] [WARNING] [cache-update] skipping save — no sessionId or db @ webpack-internal:///(app-pages-browser)/./node_modules/next/dist/next-devtools/shared/forward-logs-shared.js:27
[12104036ms] [LOG] [cache-update] sid= null poleTags= 1 shapes= 0 @ webpack-internal:///(app-pages-browser)/./node_modules/next/dist/next-devtools/shared/forward-logs-shared.js:27
[12104036ms] [WARNING] [cache-update] skipping save — no sessionId or db @ webpack-internal:///(app-pages-browser)/./node_modules/next/dist/next-devtools/shared/forward-logs-shared.js:27
[12106102ms] [LOG] [cache-update] sid= null poleTags= 1 shapes= 0 @ webpack-internal:///(app-pages-browser)/./node_modules/next/dist/next-devtools/shared/forward-logs-shared.js:27
[12106103ms] [WARNING] [cache-update] skipping save — no sessionId or db @ webpack-internal:///(app-pages-browser)/./node_modules/next/dist/next-devtools/shared/forward-logs-shared.js:27
[12108179ms] [LOG] [cache-update] sid= null poleTags= 6 shapes= 0 @ webpack-internal:///(app-pages-browser)/./node_modules/next/dist/next-devtools/shared/forward-logs-shared.js:27
[12108179ms] [WARNING] [cache-update] skipping save — no sessionId or db @ webpack-internal:///(app-pages-browser)/./node_modules/next/dist/next-devtools/shared/forward-logs-shared.js:27
[12110281ms] [LOG] [cache-update] sid= null poleTags= 10 shapes= 0 @ webpack-internal:///(app-pages-browser)/./node_modules/next/dist/next-devtools/shared/forward-logs-shared.js:27
[12110281ms] [WARNING] [cache-update] skipping save — no sessionId or db @ webpack-internal:///(app-pages-browser)/./node_modules/next/dist/next-devtools/shared/forward-logs-shared.js:27
[12112382ms] [LOG] [cache-update] sid= null poleTags= 12 shapes= 0 @ webpack-internal:///(app-pages-browser)/./node_modules/next/dist/next-devtools/shared/forward-logs-shared.js:27
[12112382ms] [WARNING] [cache-update] skipping save — no sessionId or db @ webpack-internal:///(app-pages-browser)/./node_modules/next/dist/next-devtools/shared/forward-logs-shared.js:27
[12114473ms] [LOG] [cache-update] sid= null poleTags= 17 shapes= 0 @ webpack-internal:///(app-pages-browser)/./node_modules/next/dist/next-devtools/shared/forward-logs-shared.js:27
[12114473ms] [WARNING] [cache-update] skipping save — no sessionId or db @ webpack-internal:///(app-pages-browser)/./node_modules/next/dist/next-devtools/shared/forward-logs-shared.js:27
[12116603ms] [LOG] [cache-update] sid= null poleTags= 21 shapes= 0 @ webpack-internal:///(app-pages-browser)/./node_modules/next/dist/next-devtools/shared/forward-logs-shared.js:27
[12116603ms] [WARNING] [cache-update] skipping save — no sessionId or db @ webpack-internal:///(app-pages-browser)/./node_modules/next/dist/next-devtools/shared/forward-logs-shared.js:27
[12118687ms] [LOG] [cache-update] sid= null poleTags= 23 shapes= 0 @ webpack-internal:///(app-pages-browser)/./node_modules/next/dist/next-devtools/shared/forward-logs-shared.js:27
[12118688ms] [WARNING] [cache-update] skipping save — no sessionId or db @ webpack-internal:///(app-pages-browser)/./node_modules/next/dist/next-devtools/shared/forward-logs-shared.js:27
[12120827ms] [LOG] [cache-update] sid= null poleTags= 28 shapes= 0 @ webpack-internal:///(app-pages-browser)/./node_modules/next/dist/next-devtools/shared/forward-logs-shared.js:27
[12120828ms] [WARNING] [cache-update] skipping save — no sessionId or db @ webpack-internal:///(app-pages-browser)/./node_modules/next/dist/next-devtools/shared/forward-logs-shared.js:27
[12122937ms] [LOG] [cache-update] sid= null poleTags= 37 shapes= 0 @ webpack-internal:///(app-pages-browser)/./node_modules/next/dist/next-devtools/shared/forward-logs-shared.js:27
[12122937ms] [WARNING] [cache-update] skipping save — no sessionId or db @ webpack-internal:///(app-pages-browser)/./node_modules/next/dist/next-devtools/shared/forward-logs-shared.js:27
[12125095ms] [LOG] [cache-update] sid= null poleTags= 41 shapes= 0 @ webpack-internal:///(app-pages-browser)/./node_modules/next/dist/next-devtools/shared/forward-logs-shared.js:27
[12125095ms] [WARNING] [cache-update] skipping save — no sessionId or db @ webpack-internal:///(app-pages-browser)/./node_modules/next/dist/next-devtools/shared/forward-logs-shared.js:27
[12127320ms] [LOG] [cache-update] sid= null poleTags= 49 shapes= 0 @ webpack-internal:///(app-pages-browser)/./node_modules/next/dist/next-devtools/shared/forward-logs-shared.js:27
[12127321ms] [WARNING] [cache-update] skipping save — no sessionId or db @ webpack-internal:///(app-pages-browser)/./node_modules/next/dist/next-devtools/shared/forward-logs-shared.js:27
[12129458ms] [LOG] [cache-update] sid= null poleTags= 52 shapes= 0 @ webpack-internal:///(app-pages-browser)/./node_modules/next/dist/next-devtools/shared/forward-logs-shared.js:27
[12129458ms] [WARNING] [cache-update] skipping save — no sessionId or db @ webpack-internal:///(app-pages-browser)/./node_modules/next/dist/next-devtools/shared/forward-logs-shared.js:27
[12131640ms] [LOG] [cache-update] sid= null poleTags= 56 shapes= 0 @ webpack-internal:///(app-pages-browser)/./node_modules/next/dist/next-devtools/shared/forward-logs-shared.js:27
[12131640ms] [WARNING] [cache-update] skipping save — no sessionId or db @ webpack-internal:///(app-pages-browser)/./node_modules/next/dist/next-devtools/shared/forward-logs-shared.js:27
[12133851ms] [LOG] [cache-update] sid= null poleTags= 61 shapes= 0 @ webpack-internal:///(app-pages-browser)/./node_modules/next/dist/next-devtools/shared/forward-logs-shared.js:27
[12133852ms] [WARNING] [cache-update] skipping save — no sessionId or db @ webpack-internal:///(app-pages-browser)/./node_modules/next/dist/next-devtools/shared/forward-logs-shared.js:27
[12136047ms] [LOG] [cache-update] sid= null poleTags= 63 shapes= 0 @ webpack-internal:///(app-pages-browser)/./node_modules/next/dist/next-devtools/shared/forward-logs-shared.js:27
[12136047ms] [WARNING] [cache-update] skipping save — no sessionId or db @ webpack-internal:///(app-pages-browser)/./node_modules/next/dist/next-devtools/shared/forward-logs-shared.js:27
[12138333ms] [LOG] [cache-update] sid= null poleTags= 67 shapes= 0 @ webpack-internal:///(app-pages-browser)/./node_modules/next/dist/next-devtools/shared/forward-logs-shared.js:27
[12138333ms] [WARNING] [cache-update] skipping save — no sessionId or db @ webpack-internal:///(app-pages-browser)/./node_modules/next/dist/next-devtools/shared/forward-logs-shared.js:27
[12140485ms] [LOG] [cache-update] sid= null poleTags= 71 shapes= 0 @ webpack-internal:///(app-pages-browser)/./node_modules/next/dist/next-devtools/shared/forward-logs-shared.js:27
[12140485ms] [WARNING] [cache-update] skipping save — no sessionId or db @ webpack-internal:///(app-pages-browser)/./node_modules/next/dist/next-devtools/shared/forward-logs-shared.js:27
[12142606ms] [LOG] [cache-update] sid= null poleTags= 72 shapes= 0 @ webpack-internal:///(app-pages-browser)/./node_modules/next/dist/next-devtools/shared/forward-logs-shared.js:27
[12142607ms] [WARNING] [cache-update] skipping save — no sessionId or db @ webpack-internal:///(app-pages-browser)/./node_modules/next/dist/next-devtools/shared/forward-logs-shared.js:27
[12144721ms] [LOG] [cache-update] sid= null poleTags= 76 shapes= 0 @ webpack-internal:///(app-pages-browser)/./node_modules/next/dist/next-devtools/shared/forward-logs-shared.js:27
[12144721ms] [WARNING] [cache-update] skipping save — no sessionId or db @ webpack-internal:///(app-pages-browser)/./node_modules/next/dist/next-devtools/shared/forward-logs-shared.js:27
[12146863ms] [LOG] [cache-update] sid= null poleTags= 80 shapes= 0 @ webpack-internal:///(app-pages-browser)/./node_modules/next/dist/next-devtools/shared/forward-logs-shared.js:27
[12146863ms] [WARNING] [cache-update] skipping save — no sessionId or db @ webpack-internal:///(app-pages-browser)/./node_modules/next/dist/next-devtools/shared/forward-logs-shared.js:27
[12148967ms] [LOG] [cache-update] sid= null poleTags= 123 shapes= 0 @ webpack-internal:///(app-pages-browser)/./node_modules/next/dist/next-devtools/shared/forward-logs-shared.js:27
[12148968ms] [WARNING] [cache-update] skipping save — no sessionId or db @ webpack-internal:///(app-pages-browser)/./node_modules/next/dist/next-devtools/shared/forward-logs-shared.js:27
[12708745ms] [LOG] [Fast Refresh] rebuilding @ webpack-internal:///(app-pages-browser)/./node_modules/next/dist/next-devtools/shared/forward-logs-shared.js:27
[12710096ms] [LOG] [Fast Refresh] rebuilding @ webpack-internal:///(app-pages-browser)/./node_modules/next/dist/next-devtools/shared/forward-logs-shared.js:27
[12710833ms] [LOG] [Fast Refresh] done in 736ms @ webpack-internal:///(app-pages-browser)/./node_modules/next/dist/next-devtools/shared/forward-logs-shared.js:27
[12711481ms] [LOG] [Fast Refresh] done in 1385ms @ webpack-internal:///(app-pages-browser)/./node_modules/next/dist/next-devtools/shared/forward-logs-shared.js:27
[12736064ms] [LOG] [Fast Refresh] rebuilding @ webpack-internal:///(app-pages-browser)/./node_modules/next/dist/next-devtools/shared/forward-logs-shared.js:27
[12736554ms] [LOG] [Fast Refresh] done in 490ms @ webpack-internal:///(app-pages-browser)/./node_modules/next/dist/next-devtools/shared/forward-logs-shared.js:27
[12790758ms] [ERROR] Failed to load resource: the server responded with a status of 502 (Bad Gateway) @ http://localhost:3000/api/pole_tags:0
[12792749ms] [ERROR] Failed to load resource: the server responded with a status of 502 (Bad Gateway) @ http://localhost:3000/api/pole_tags:0
[12794747ms] [ERROR] Failed to load resource: the server responded with a status of 502 (Bad Gateway) @ http://localhost:3000/api/pole_tags:0
[12796756ms] [ERROR] Failed to load resource: the server responded with a status of 502 (Bad Gateway) @ http://localhost:3000/api/pole_tags:0
[12798747ms] [ERROR] Failed to load resource: the server responded with a status of 502 (Bad Gateway) @ http://localhost:3000/api/pole_tags:0
[12800746ms] [ERROR] Failed to load resource: the server responded with a status of 502 (Bad Gateway) @ http://localhost:3000/api/pole_tags:0
[12802751ms] [ERROR] Failed to load resource: the server responded with a status of 502 (Bad Gateway) @ http://localhost:3000/api/pole_tags:0
[12804744ms] [ERROR] Failed to load resource: the server responded with a status of 502 (Bad Gateway) @ http://localhost:3000/api/pole_tags:0
[12806749ms] [ERROR] Failed to load resource: the server responded with a status of 502 (Bad Gateway) @ http://localhost:3000/api/pole_tags:0
[12808751ms] [ERROR] Failed to load resource: the server responded with a status of 502 (Bad Gateway) @ http://localhost:3000/api/pole_tags:0
[12823138ms] [LOG] [cache-update] sid= null poleTags= 0 shapes= 0 @ webpack-internal:///(app-pages-browser)/./node_modules/next/dist/next-devtools/shared/forward-logs-shared.js:27
[12823139ms] [WARNING] [cache-update] skipping save — no sessionId or db @ webpack-internal:///(app-pages-browser)/./node_modules/next/dist/next-devtools/shared/forward-logs-shared.js:27
[12825223ms] [LOG] [cache-update] sid= null poleTags= 0 shapes= 0 @ webpack-internal:///(app-pages-browser)/./node_modules/next/dist/next-devtools/shared/forward-logs-shared.js:27
[12825224ms] [WARNING] [cache-update] skipping save — no sessionId or db @ webpack-internal:///(app-pages-browser)/./node_modules/next/dist/next-devtools/shared/forward-logs-shared.js:27
[12827281ms] [LOG] [cache-update] sid= null poleTags= 0 shapes= 0 @ webpack-internal:///(app-pages-browser)/./node_modules/next/dist/next-devtools/shared/forward-logs-shared.js:27
[12827281ms] [WARNING] [cache-update] skipping save — no sessionId or db @ webpack-internal:///(app-pages-browser)/./node_modules/next/dist/next-devtools/shared/forward-logs-shared.js:27
[12829338ms] [LOG] [cache-update] sid= null poleTags= 0 shapes= 0 @ webpack-internal:///(app-pages-browser)/./node_modules/next/dist/next-devtools/shared/forward-logs-shared.js:27
[12829338ms] [WARNING] [cache-update] skipping save — no sessionId or db @ webpack-internal:///(app-pages-browser)/./node_modules/next/dist/next-devtools/shared/forward-logs-shared.js:27
[12831406ms] [LOG] [cache-update] sid= null poleTags= 0 shapes= 0 @ webpack-internal:///(app-pages-browser)/./node_modules/next/dist/next-devtools/shared/forward-logs-shared.js:27
[12831407ms] [WARNING] [cache-update] skipping save — no sessionId or db @ webpack-internal:///(app-pages-browser)/./node_modules/next/dist/next-devtools/shared/forward-logs-shared.js:27
[12833470ms] [LOG] [cache-update] sid= null poleTags= 0 shapes= 0 @ webpack-internal:///(app-pages-browser)/./node_modules/next/dist/next-devtools/shared/forward-logs-shared.js:27
[12833471ms] [WARNING] [cache-update] skipping save — no sessionId or db @ webpack-internal:///(app-pages-browser)/./node_modules/next/dist/next-devtools/shared/forward-logs-shared.js:27
[12835529ms] [LOG] [cache-update] sid= null poleTags= 0 shapes= 0 @ webpack-internal:///(app-pages-browser)/./node_modules/next/dist/next-devtools/shared/forward-logs-shared.js:27
[12835529ms] [WARNING] [cache-update] skipping save — no sessionId or db @ webpack-internal:///(app-pages-browser)/./node_modules/next/dist/next-devtools/shared/forward-logs-shared.js:27
[12837588ms] [LOG] [cache-update] sid= null poleTags= 0 shapes= 0 @ webpack-internal:///(app-pages-browser)/./node_modules/next/dist/next-devtools/shared/forward-logs-shared.js:27
[12837588ms] [WARNING] [cache-update] skipping save — no sessionId or db @ webpack-internal:///(app-pages-browser)/./node_modules/next/dist/next-devtools/shared/forward-logs-shared.js:27
[12839647ms] [LOG] [cache-update] sid= null poleTags= 0 shapes= 0 @ webpack-internal:///(app-pages-browser)/./node_modules/next/dist/next-devtools/shared/forward-logs-shared.js:27
[12839647ms] [WARNING] [cache-update] skipping save — no sessionId or db @ webpack-internal:///(app-pages-browser)/./node_modules/next/dist/next-devtools/shared/forward-logs-shared.js:27
[12841704ms] [LOG] [cache-update] sid= null poleTags= 0 shapes= 0 @ webpack-internal:///(app-pages-browser)/./node_modules/next/dist/next-devtools/shared/forward-logs-shared.js:27
[12841704ms] [WARNING] [cache-update] skipping save — no sessionId or db @ webpack-internal:///(app-pages-browser)/./node_modules/next/dist/next-devtools/shared/forward-logs-shared.js:27
[12843772ms] [LOG] [cache-update] sid= null poleTags= 0 shapes= 0 @ webpack-internal:///(app-pages-browser)/./node_modules/next/dist/next-devtools/shared/forward-logs-shared.js:27
[12843772ms] [WARNING] [cache-update] skipping save — no sessionId or db @ webpack-internal:///(app-pages-browser)/./node_modules/next/dist/next-devtools/shared/forward-logs-shared.js:27
[12845840ms] [LOG] [cache-update] sid= null poleTags= 0 shapes= 0 @ webpack-internal:///(app-pages-browser)/./node_modules/next/dist/next-devtools/shared/forward-logs-shared.js:27
[12845841ms] [WARNING] [cache-update] skipping save — no sessionId or db @ webpack-internal:///(app-pages-browser)/./node_modules/next/dist/next-devtools/shared/forward-logs-shared.js:27
[12847913ms] [LOG] [cache-update] sid= null poleTags= 0 shapes= 0 @ webpack-internal:///(app-pages-browser)/./node_modules/next/dist/next-devtools/shared/forward-logs-shared.js:27
[12847913ms] [WARNING] [cache-update] skipping save — no sessionId or db @ webpack-internal:///(app-pages-browser)/./node_modules/next/dist/next-devtools/shared/forward-logs-shared.js:27
[12849977ms] [LOG] [cache-update] sid= null poleTags= 1 shapes= 0 @ webpack-internal:///(app-pages-browser)/./node_modules/next/dist/next-devtools/shared/forward-logs-shared.js:27
[12849977ms] [WARNING] [cache-update] skipping save — no sessionId or db @ webpack-internal:///(app-pages-browser)/./node_modules/next/dist/next-devtools/shared/forward-logs-shared.js:27
[12852060ms] [LOG] [cache-update] sid= null poleTags= 5 shapes= 0 @ webpack-internal:///(app-pages-browser)/./node_modules/next/dist/next-devtools/shared/forward-logs-shared.js:27
[12852060ms] [WARNING] [cache-update] skipping save — no sessionId or db @ webpack-internal:///(app-pages-browser)/./node_modules/next/dist/next-devtools/shared/forward-logs-shared.js:27
[12854168ms] [LOG] [cache-update] sid= null poleTags= 7 shapes= 0 @ webpack-internal:///(app-pages-browser)/./node_modules/next/dist/next-devtools/shared/forward-logs-shared.js:27
[12854168ms] [WARNING] [cache-update] skipping save — no sessionId or db @ webpack-internal:///(app-pages-browser)/./node_modules/next/dist/next-devtools/shared/forward-logs-shared.js:27
[12856291ms] [LOG] [cache-update] sid= null poleTags= 12 shapes= 0 @ webpack-internal:///(app-pages-browser)/./node_modules/next/dist/next-devtools/shared/forward-logs-shared.js:27
[12856291ms] [WARNING] [cache-update] skipping save — no sessionId or db @ webpack-internal:///(app-pages-browser)/./node_modules/next/dist/next-devtools/shared/forward-logs-shared.js:27
[12858420ms] [LOG] [cache-update] sid= null poleTags= 16 shapes= 0 @ webpack-internal:///(app-pages-browser)/./node_modules/next/dist/next-devtools/shared/forward-logs-shared.js:27
[12858420ms] [WARNING] [cache-update] skipping save — no sessionId or db @ webpack-internal:///(app-pages-browser)/./node_modules/next/dist/next-devtools/shared/forward-logs-shared.js:27
[12860527ms] [LOG] [cache-update] sid= null poleTags= 20 shapes= 0 @ webpack-internal:///(app-pages-browser)/./node_modules/next/dist/next-devtools/shared/forward-logs-shared.js:27
[12860527ms] [WARNING] [cache-update] skipping save — no sessionId or db @ webpack-internal:///(app-pages-browser)/./node_modules/next/dist/next-devtools/shared/forward-logs-shared.js:27
[12862628ms] [LOG] [cache-update] sid= null poleTags= 24 shapes= 0 @ webpack-internal:///(app-pages-browser)/./node_modules/next/dist/next-devtools/shared/forward-logs-shared.js:27
[12862628ms] [WARNING] [cache-update] skipping save — no sessionId or db @ webpack-internal:///(app-pages-browser)/./node_modules/next/dist/next-devtools/shared/forward-logs-shared.js:27
[12864730ms] [LOG] [cache-update] sid= null poleTags= 29 shapes= 0 @ webpack-internal:///(app-pages-browser)/./node_modules/next/dist/next-devtools/shared/forward-logs-shared.js:27
[12864730ms] [WARNING] [cache-update] skipping save — no sessionId or db @ webpack-internal:///(app-pages-browser)/./node_modules/next/dist/next-devtools/shared/forward-logs-shared.js:27
[12866828ms] [LOG] [cache-update] sid= null poleTags= 36 shapes= 0 @ webpack-internal:///(app-pages-browser)/./node_modules/next/dist/next-devtools/shared/forward-logs-shared.js:27
[12866828ms] [WARNING] [cache-update] skipping save — no sessionId or db @ webpack-internal:///(app-pages-browser)/./node_modules/next/dist/next-devtools/shared/forward-logs-shared.js:27
[12868929ms] [LOG] [cache-update] sid= null poleTags= 40 shapes= 0 @ webpack-internal:///(app-pages-browser)/./node_modules/next/dist/next-devtools/shared/forward-logs-shared.js:27
[12868930ms] [WARNING] [cache-update] skipping save — no sessionId or db @ webpack-internal:///(app-pages-browser)/./node_modules/next/dist/next-devtools/shared/forward-logs-shared.js:27
[12871057ms] [LOG] [cache-update] sid= null poleTags= 47 shapes= 0 @ webpack-internal:///(app-pages-browser)/./node_modules/next/dist/next-devtools/shared/forward-logs-shared.js:27
[12871058ms] [WARNING] [cache-update] skipping save — no sessionId or db @ webpack-internal:///(app-pages-browser)/./node_modules/next/dist/next-devtools/shared/forward-logs-shared.js:27
[12873153ms] [LOG] [cache-update] sid= null poleTags= 52 shapes= 0 @ webpack-internal:///(app-pages-browser)/./node_modules/next/dist/next-devtools/shared/forward-logs-shared.js:27
[12873154ms] [WARNING] [cache-update] skipping save — no sessionId or db @ webpack-internal:///(app-pages-browser)/./node_modules/next/dist/next-devtools/shared/forward-logs-shared.js:27
[12875266ms] [LOG] [cache-update] sid= null poleTags= 56 shapes= 0 @ webpack-internal:///(app-pages-browser)/./node_modules/next/dist/next-devtools/shared/forward-logs-shared.js:27
[12875267ms] [WARNING] [cache-update] skipping save — no sessionId or db @ webpack-internal:///(app-pages-browser)/./node_modules/next/dist/next-devtools/shared/forward-logs-shared.js:27
[12877426ms] [LOG] [cache-update] sid= null poleTags= 61 shapes= 0 @ webpack-internal:///(app-pages-browser)/./node_modules/next/dist/next-devtools/shared/forward-logs-shared.js:27
[12877426ms] [WARNING] [cache-update] skipping save — no sessionId or db @ webpack-internal:///(app-pages-browser)/./node_modules/next/dist/next-devtools/shared/forward-logs-shared.js:27
[12879607ms] [LOG] [cache-update] sid= null poleTags= 61 shapes= 0 @ webpack-internal:///(app-pages-browser)/./node_modules/next/dist/next-devtools/shared/forward-logs-shared.js:27
[12879607ms] [WARNING] [cache-update] skipping save — no sessionId or db @ webpack-internal:///(app-pages-browser)/./node_modules/next/dist/next-devtools/shared/forward-logs-shared.js:27
[12881747ms] [LOG] [cache-update] sid= null poleTags= 68 shapes= 0 @ webpack-internal:///(app-pages-browser)/./node_modules/next/dist/next-devtools/shared/forward-logs-shared.js:27
[12881748ms] [WARNING] [cache-update] skipping save — no sessionId or db @ webpack-internal:///(app-pages-browser)/./node_modules/next/dist/next-devtools/shared/forward-logs-shared.js:27
[12883897ms] [LOG] [cache-update] sid= null poleTags= 69 shapes= 0 @ webpack-internal:///(app-pages-browser)/./node_modules/next/dist/next-devtools/shared/forward-logs-shared.js:27
[12883898ms] [WARNING] [cache-update] skipping save — no sessionId or db @ webpack-internal:///(app-pages-browser)/./node_modules/next/dist/next-devtools/shared/forward-logs-shared.js:27
[12886431ms] [LOG] [cache-update] sid= null poleTags= 75 shapes= 0 @ webpack-internal:///(app-pages-browser)/./node_modules/next/dist/next-devtools/shared/forward-logs-shared.js:27
[12886431ms] [WARNING] [cache-update] skipping save — no sessionId or db @ webpack-internal:///(app-pages-browser)/./node_modules/next/dist/next-devtools/shared/forward-logs-shared.js:27
[12888570ms] [LOG] [cache-update] sid= null poleTags= 79 shapes= 0 @ webpack-internal:///(app-pages-browser)/./node_modules/next/dist/next-devtools/shared/forward-logs-shared.js:27
[12888570ms] [WARNING] [cache-update] skipping save — no sessionId or db @ webpack-internal:///(app-pages-browser)/./node_modules/next/dist/next-devtools/shared/forward-logs-shared.js:27
[12890687ms] [LOG] [cache-update] sid= null poleTags= 79 shapes= 0 @ webpack-internal:///(app-pages-browser)/./node_modules/next/dist/next-devtools/shared/forward-logs-shared.js:27
[12890687ms] [WARNING] [cache-update] skipping save — no sessionId or db @ webpack-internal:///(app-pages-browser)/./node_modules/next/dist/next-devtools/shared/forward-logs-shared.js:27
[12892797ms] [LOG] [cache-update] sid= null poleTags= 123 shapes= 0 @ webpack-internal:///(app-pages-browser)/./node_modules/next/dist/next-devtools/shared/forward-logs-shared.js:27
[12892797ms] [WARNING] [cache-update] skipping save — no sessionId or db @ webpack-internal:///(app-pages-browser)/./node_modules/next/dist/next-devtools/shared/forward-logs-shared.js:27
[13439406ms] [INFO] %cDownload the React DevTools for a better development experience: https://react.dev/link/react-devtools font-weight:bold @ webpack-internal:///(app-pages-browser)/./node_modules/next/dist/next-devtools/shared/forward-logs-shared.js:27
[13439729ms] [LOG] [HMR] connected @ webpack-internal:///(app-pages-browser)/./node_modules/next/dist/next-devtools/shared/forward-logs-shared.js:27
[13453693ms] [WARNING] [session] could not resolve session: Error: Supabase not configured. Add NEXT_PUBLIC_SUPABASE_URL and NEXT_PUBLIC_SUPABASE_ANON_KEY to .env
    at throwNotConfigured (webpack-internal:///(app-pages-browser)/./app/hooks/useDatabase.ts:11:11)
    at useDatabase.useCallback[getSb] (webpack-internal:///(app-pages-browser)/./app/hooks/useDatabase.ts:16:71)
    at useDatabase.useCallback[checkForExistingSession] [as checkForExistingSession] (webpack-internal:///(app-pages-browser)/./app/hooks/useDatabase.ts:171:24)
    at Home.useCallback[resolveSessionId] (webpack-internal:///(app-pages-browser)/./app/page.tsx:98:43)
    at Home.useCallback[handleStartProcessing] (webpack-internal:///(app-pages-browser)/./app/page.tsx:218:13)
    at onClick (webpack-internal:///(app-pages-browser)/./app/components/LoadScreen.tsx:2150:46)
    at executeDispatch (webpack-internal:///(app-pages-browser)/./node_modules/next/dist/compiled/react-dom/cjs/react-dom-client.development.js:20544:9)
    at runWithFiberInDEV (webpack-internal:///(app-pages-browser)/./node_modules/next/dist/compiled/react-dom/cjs/react-dom-client.development.js:987:30)
    at processDispatchQueue (webpack-internal:///(app-pages-browser)/./node_modules/next/dist/compiled/react-dom/cjs/react-dom-client.development.js:20594:19)
    at eval (webpack-internal:///(app-pages-browser)/./node_modules/next/dist/compiled/react-dom/cjs/react-dom-client.development.js:21165:9)
    at batchedUpdates$1 (webpack-internal:///(app-pages-browser)/./node_modules/next/dist/compiled/react-dom/cjs/react-dom-client.development.js:3378:40)
    at dispatchEventForPluginEventSystem (webpack-internal:///(app-pages-browser)/./node_modules/next/dist/compiled/react-dom/cjs/react-dom-client.development.js:20748:7)
    at dispatchEvent (webpack-internal:///(app-pages-browser)/./node_modules/next/dist/compiled/react-dom/cjs/react-dom-client.development.js:25694:11)
    at dispatchDiscreteEvent (webpack-internal:///(app-pages-browser)/./node_modules/next/dist/compiled/react-dom/cjs/react-dom-client.development.js:25662:11) @ webpack-internal:///(app-pages-browser)/./node_modules/next/dist/next-devtools/shared/forward-logs-shared.js:27
[13493606ms] [LOG] [PoleLayout mount] cachedData: poleDone=false tags=0 @ webpack-internal:///(app-pages-browser)/./node_modules/next/dist/next-devtools/shared/forward-logs-shared.js:27
[13493624ms] [LOG] [PoleLayout mount] cachedData: poleDone=false tags=0 @ webpack-internal:///(app-pages-browser)/./node_modules/next/dist/next-devtools/shared/forward-logs-shared.js:27
[13496289ms] [LOG] [cache-update] sid= null poleTags= 123 shapes= 0 @ webpack-internal:///(app-pages-browser)/./node_modules/next/dist/next-devtools/shared/forward-logs-shared.js:27
[13496290ms] [WARNING] [cache-update] skipping save — no sessionId or db @ webpack-internal:///(app-pages-browser)/./node_modules/next/dist/next-devtools/shared/forward-logs-shared.js:27
[13620080ms] [ERROR] Unable to preventDefault inside passive event listener invocation. @ webpack-internal:///(app-pages-browser)/./node_modules/next/dist/compiled/react-dom/cjs/react-dom-client.development.js:3511
[13620107ms] [ERROR] Unable to preventDefault inside passive event listener invocation. @ webpack-internal:///(app-pages-browser)/./node_modules/next/dist/compiled/react-dom/cjs/react-dom-client.development.js:3511
[13620164ms] [ERROR] Unable to preventDefault inside passive event listener invocation. @ webpack-internal:///(app-pages-browser)/./node_modules/next/dist/compiled/react-dom/cjs/react-dom-client.development.js:3511
[13620318ms] [ERROR] Unable to preventDefault inside passive event listener invocation. @ webpack-internal:///(app-pages-browser)/./node_modules/next/dist/compiled/react-dom/cjs/react-dom-client.development.js:3511
[13620331ms] [ERROR] Unable to preventDefault inside passive event listener invocation. @ webpack-internal:///(app-pages-browser)/./node_modules/next/dist/compiled/react-dom/cjs/react-dom-client.development.js:3511
[13620360ms] [ERROR] Unable to preventDefault inside passive event listener invocation. @ webpack-internal:///(app-pages-browser)/./node_modules/next/dist/compiled/react-dom/cjs/react-dom-client.development.js:3511
[13620513ms] [ERROR] Unable to preventDefault inside passive event listener invocation. @ webpack-internal:///(app-pages-browser)/./node_modules/next/dist/compiled/react-dom/cjs/react-dom-client.development.js:3511
[13620546ms] [ERROR] Unable to preventDefault inside passive event listener invocation. @ webpack-internal:///(app-pages-browser)/./node_modules/next/dist/compiled/react-dom/cjs/react-dom-client.development.js:3511
[13620580ms] [ERROR] Unable to preventDefault inside passive event listener invocation. @ webpack-internal:///(app-pages-browser)/./node_modules/next/dist/compiled/react-dom/cjs/react-dom-client.development.js:3511
[13620733ms] [ERROR] Unable to preventDefault inside passive event listener invocation. @ webpack-internal:///(app-pages-browser)/./node_modules/next/dist/compiled/react-dom/cjs/react-dom-client.development.js:3511
[13620748ms] [ERROR] Unable to preventDefault inside passive event listener invocation. @ webpack-internal:///(app-pages-browser)/./node_modules/next/dist/compiled/react-dom/cjs/react-dom-client.development.js:3511
[13620770ms] [ERROR] Unable to preventDefault inside passive event listener invocation. @ webpack-internal:///(app-pages-browser)/./node_modules/next/dist/compiled/react-dom/cjs/react-dom-client.development.js:3511
[13620813ms] [ERROR] Unable to preventDefault inside passive event listener invocation. @ webpack-internal:///(app-pages-browser)/./node_modules/next/dist/compiled/react-dom/cjs/react-dom-client.development.js:3511
[13621021ms] [ERROR] Unable to preventDefault inside passive event listener invocation. @ webpack-internal:///(app-pages-browser)/./node_modules/next/dist/compiled/react-dom/cjs/react-dom-client.development.js:3511
[13621032ms] [ERROR] Unable to preventDefault inside passive event listener invocation. @ webpack-internal:///(app-pages-browser)/./node_modules/next/dist/compiled/react-dom/cjs/react-dom-client.development.js:3511
[13621263ms] [ERROR] Unable to preventDefault inside passive event listener invocation. @ webpack-internal:///(app-pages-browser)/./node_modules/next/dist/compiled/react-dom/cjs/react-dom-client.development.js:3511
[13621296ms] [ERROR] Unable to preventDefault inside passive event listener invocation. @ webpack-internal:///(app-pages-browser)/./node_modules/next/dist/compiled/react-dom/cjs/react-dom-client.development.js:3511
[13721458ms] [ERROR] Unable to preventDefault inside passive event listener invocation. @ webpack-internal:///(app-pages-browser)/./node_modules/next/dist/compiled/react-dom/cjs/react-dom-client.development.js:3511
[13721509ms] [ERROR] Unable to preventDefault inside passive event listener invocation. @ webpack-internal:///(app-pages-browser)/./node_modules/next/dist/compiled/react-dom/cjs/react-dom-client.development.js:3511
[13721542ms] [ERROR] Unable to preventDefault inside passive event listener invocation. @ webpack-internal:///(app-pages-browser)/./node_modules/next/dist/compiled/react-dom/cjs/react-dom-client.development.js:3511
[13721608ms] [ERROR] Unable to preventDefault inside passive event listener invocation. @ webpack-internal:///(app-pages-browser)/./node_modules/next/dist/compiled/react-dom/cjs/react-dom-client.development.js:3511
[13721767ms] [ERROR] Unable to preventDefault inside passive event listener invocation. @ webpack-internal:///(app-pages-browser)/./node_modules/next/dist/compiled/react-dom/cjs/react-dom-client.development.js:3511
[13721791ms] [ERROR] Unable to preventDefault inside passive event listener invocation. @ webpack-internal:///(app-pages-browser)/./node_modules/next/dist/compiled/react-dom/cjs/react-dom-client.development.js:3511
[13721825ms] [ERROR] Unable to preventDefault inside passive event listener invocation. @ webpack-internal:///(app-pages-browser)/./node_modules/next/dist/compiled/react-dom/cjs/react-dom-client.development.js:3511
[13721990ms] [ERROR] Unable to preventDefault inside passive event listener invocation. @ webpack-internal:///(app-pages-browser)/./node_modules/next/dist/compiled/react-dom/cjs/react-dom-client.development.js:3511
[13722018ms] [ERROR] Unable to preventDefault inside passive event listener invocation. @ webpack-internal:///(app-pages-browser)/./node_modules/next/dist/compiled/react-dom/cjs/react-dom-client.development.js:3511
[13722046ms] [ERROR] Unable to preventDefault inside passive event listener invocation. @ webpack-internal:///(app-pages-browser)/./node_modules/next/dist/compiled/react-dom/cjs/react-dom-client.development.js:3511
[13722075ms] [ERROR] Unable to preventDefault inside passive event listener invocation. @ webpack-internal:///(app-pages-browser)/./node_modules/next/dist/compiled/react-dom/cjs/react-dom-client.development.js:3511
[13725722ms] [INFO] %cDownload the React DevTools for a better development experience: https://react.dev/link/react-devtools font-weight:bold @ webpack-internal:///(app-pages-browser)/./node_modules/next/dist/next-devtools/shared/forward-logs-shared.js:27
[13725888ms] [LOG] [HMR] connected @ webpack-internal:///(app-pages-browser)/./node_modules/next/dist/next-devtools/shared/forward-logs-shared.js:27
[14008886ms] [LOG] [Fast Refresh] rebuilding @ webpack-internal:///(app-pages-browser)/./node_modules/next/dist/next-devtools/shared/forward-logs-shared.js:27
[14010120ms] [LOG] [Fast Refresh] done in 1235ms @ webpack-internal:///(app-pages-browser)/./node_modules/next/dist/next-devtools/shared/forward-logs-shared.js:27
[14036539ms] [LOG] [Fast Refresh] rebuilding @ webpack-internal:///(app-pages-browser)/./node_modules/next/dist/next-devtools/shared/forward-logs-shared.js:27
[14036981ms] [LOG] [Fast Refresh] done in 443ms @ webpack-internal:///(app-pages-browser)/./node_modules/next/dist/next-devtools/shared/forward-logs-shared.js:27
[14086555ms] [LOG] [Fast Refresh] rebuilding @ webpack-internal:///(app-pages-browser)/./node_modules/next/dist/next-devtools/shared/forward-logs-shared.js:27
[14087531ms] [LOG] [Fast Refresh] rebuilding @ webpack-internal:///(app-pages-browser)/./node_modules/next/dist/next-devtools/shared/forward-logs-shared.js:27
[14087741ms] [LOG] [Fast Refresh] done in 210ms @ webpack-internal:///(app-pages-browser)/./node_modules/next/dist/next-devtools/shared/forward-logs-shared.js:27
[14088369ms] [LOG] [Fast Refresh] done in 837ms @ webpack-internal:///(app-pages-browser)/./node_modules/next/dist/next-devtools/shared/forward-logs-shared.js:27
[14110959ms] [LOG] [Fast Refresh] rebuilding @ webpack-internal:///(app-pages-browser)/./node_modules/next/dist/next-devtools/shared/forward-logs-shared.js:27
[14111264ms] [LOG] [Fast Refresh] rebuilding @ webpack-internal:///(app-pages-browser)/./node_modules/next/dist/next-devtools/shared/forward-logs-shared.js:27
[14111330ms] [LOG] [Fast Refresh] done in 66ms @ webpack-internal:///(app-pages-browser)/./node_modules/next/dist/next-devtools/shared/forward-logs-shared.js:27
[14111809ms] [LOG] [Fast Refresh] done in 544ms @ webpack-internal:///(app-pages-browser)/./node_modules/next/dist/next-devtools/shared/forward-logs-shared.js:27
[14166736ms] [LOG] [Fast Refresh] rebuilding @ webpack-internal:///(app-pages-browser)/./node_modules/next/dist/next-devtools/shared/forward-logs-shared.js:27
[14167174ms] [LOG] [Fast Refresh] rebuilding @ webpack-internal:///(app-pages-browser)/./node_modules/next/dist/next-devtools/shared/forward-logs-shared.js:27
[14167387ms] [LOG] [Fast Refresh] done in 213ms @ webpack-internal:///(app-pages-browser)/./node_modules/next/dist/next-devtools/shared/forward-logs-shared.js:27
[14168125ms] [LOG] [Fast Refresh] done in 951ms @ webpack-internal:///(app-pages-browser)/./node_modules/next/dist/next-devtools/shared/forward-logs-shared.js:27
[14191166ms] [LOG] [Fast Refresh] rebuilding @ webpack-internal:///(app-pages-browser)/./node_modules/next/dist/next-devtools/shared/forward-logs-shared.js:27
[14191437ms] [LOG] [Fast Refresh] rebuilding @ webpack-internal:///(app-pages-browser)/./node_modules/next/dist/next-devtools/shared/forward-logs-shared.js:27
[14191501ms] [LOG] [Fast Refresh] done in 64ms @ webpack-internal:///(app-pages-browser)/./node_modules/next/dist/next-devtools/shared/forward-logs-shared.js:27
[14192023ms] [LOG] [Fast Refresh] done in 587ms @ webpack-internal:///(app-pages-browser)/./node_modules/next/dist/next-devtools/shared/forward-logs-shared.js:27
[14363359ms] [INFO] %cDownload the React DevTools for a better development experience: https://react.dev/link/react-devtools font-weight:bold @ webpack-internal:///(app-pages-browser)/./node_modules/next/dist/next-devtools/shared/forward-logs-shared.js:27
[14363763ms] [LOG] [HMR] connected @ webpack-internal:///(app-pages-browser)/./node_modules/next/dist/next-devtools/shared/forward-logs-shared.js:27
[14422458ms] [INFO] %cDownload the React DevTools for a better development experience: https://react.dev/link/react-devtools font-weight:bold @ webpack-internal:///(app-pages-browser)/./node_modules/next/dist/next-devtools/shared/forward-logs-shared.js:27
[14422634ms] [LOG] [HMR] connected @ webpack-internal:///(app-pages-browser)/./node_modules/next/dist/next-devtools/shared/forward-logs-shared.js:27
[14422833ms] [ERROR] Failed to load resource: the server responded with a status of 500 (Internal Server Error) @ http://localhost:3000/api/files/list:0
[14422853ms] [LOG] [Fast Refresh] rebuilding @ webpack-internal:///(app-pages-browser)/./node_modules/next/dist/next-devtools/shared/forward-logs-shared.js:27
[14423939ms] [LOG] [Fast Refresh] rebuilding @ webpack-internal:///(app-pages-browser)/./node_modules/next/dist/next-devtools/shared/forward-logs-shared.js:27
[14424303ms] [LOG] [Fast Refresh] done in 362ms @ webpack-internal:///(app-pages-browser)/./node_modules/next/dist/next-devtools/shared/forward-logs-shared.js:27
[14426586ms] [LOG] [Fast Refresh] done in 2646ms @ webpack-internal:///(app-pages-browser)/./node_modules/next/dist/next-devtools/shared/forward-logs-shared.js:27
[14430430ms] [INFO] %cDownload the React DevTools for a better development experience: https://react.dev/link/react-devtools font-weight:bold @ webpack-internal:///(app-pages-browser)/./node_modules/next/dist/next-devtools/shared/forward-logs-shared.js:27
[14430642ms] [LOG] [HMR] connected @ webpack-internal:///(app-pages-browser)/./node_modules/next/dist/next-devtools/shared/forward-logs-shared.js:27
[14430861ms] [ERROR] Failed to load resource: the server responded with a status of 500 (Internal Server Error) @ http://localhost:3000/api/files/list:0
[14445959ms] [INFO] %cDownload the React DevTools for a better development experience: https://react.dev/link/react-devtools font-weight:bold @ webpack-internal:///(app-pages-browser)/./node_modules/next/dist/next-devtools/shared/forward-logs-shared.js:27
[14446081ms] [LOG] [HMR] connected @ webpack-internal:///(app-pages-browser)/./node_modules/next/dist/next-devtools/shared/forward-logs-shared.js:27
[14446216ms] [ERROR] Failed to load resource: the server responded with a status of 500 (Internal Server Error) @ http://localhost:3000/api/files/list:0
[16838181ms] [INFO] %cDownload the React DevTools for a better development experience: https://react.dev/link/react-devtools font-weight:bold @ webpack-internal:///(app-pages-browser)/./node_modules/next/dist/next-devtools/shared/forward-logs-shared.js:27
[16838550ms] [LOG] [HMR] connected @ webpack-internal:///(app-pages-browser)/./node_modules/next/dist/next-devtools/shared/forward-logs-shared.js:27
[16852210ms] [WARNING] [session] could not resolve session: Error: Supabase not configured. Add NEXT_PUBLIC_SUPABASE_URL and NEXT_PUBLIC_SUPABASE_ANON_KEY to .env
    at throwNotConfigured (webpack-internal:///(app-pages-browser)/./app/hooks/useDatabase.ts:11:11)
    at useDatabase.useCallback[getSb] (webpack-internal:///(app-pages-browser)/./app/hooks/useDatabase.ts:16:71)
    at useDatabase.useCallback[checkForExistingSession] [as checkForExistingSession] (webpack-internal:///(app-pages-browser)/./app/hooks/useDatabase.ts:171:24)
    at Home.useCallback[resolveSessionId] (webpack-internal:///(app-pages-browser)/./app/page.tsx:98:43)
    at Home.useCallback[handleStartProcessing] (webpack-internal:///(app-pages-browser)/./app/page.tsx:218:13)
    at onClick (webpack-internal:///(app-pages-browser)/./app/components/LoadScreen.tsx:2150:46)
    at executeDispatch (webpack-internal:///(app-pages-browser)/./node_modules/next/dist/compiled/react-dom/cjs/react-dom-client.development.js:20544:9)
    at runWithFiberInDEV (webpack-internal:///(app-pages-browser)/./node_modules/next/dist/compiled/react-dom/cjs/react-dom-client.development.js:987:30)
    at processDispatchQueue (webpack-internal:///(app-pages-browser)/./node_modules/next/dist/compiled/react-dom/cjs/react-dom-client.development.js:20594:19)
    at eval (webpack-internal:///(app-pages-browser)/./node_modules/next/dist/compiled/react-dom/cjs/react-dom-client.development.js:21165:9)
    at batchedUpdates$1 (webpack-internal:///(app-pages-browser)/./node_modules/next/dist/compiled/react-dom/cjs/react-dom-client.development.js:3378:40)
    at dispatchEventForPluginEventSystem (webpack-internal:///(app-pages-browser)/./node_modules/next/dist/compiled/react-dom/cjs/react-dom-client.development.js:20748:7)
    at dispatchEvent (webpack-internal:///(app-pages-browser)/./node_modules/next/dist/compiled/react-dom/cjs/react-dom-client.development.js:25694:11)
    at dispatchDiscreteEvent (webpack-internal:///(app-pages-browser)/./node_modules/next/dist/compiled/react-dom/cjs/react-dom-client.development.js:25662:11) @ webpack-internal:///(app-pages-browser)/./node_modules/next/dist/next-devtools/shared/forward-logs-shared.js:27
[16915154ms] [LOG] [PoleLayout mount] cachedData: poleDone=false tags=0 @ webpack-internal:///(app-pages-browser)/./node_modules/next/dist/next-devtools/shared/forward-logs-shared.js:27
[16915182ms] [LOG] [PoleLayout mount] cachedData: poleDone=false tags=0 @ webpack-internal:///(app-pages-browser)/./node_modules/next/dist/next-devtools/shared/forward-logs-shared.js:27
[16915734ms] [LOG] [Fast Refresh] rebuilding @ webpack-internal:///(app-pages-browser)/./node_modules/next/dist/next-devtools/shared/forward-logs-shared.js:27
[16918316ms] [LOG] [Fast Refresh] rebuilding @ webpack-internal:///(app-pages-browser)/./node_modules/next/dist/next-devtools/shared/forward-logs-shared.js:27
[16919099ms] [LOG] [Fast Refresh] done in 782ms @ webpack-internal:///(app-pages-browser)/./node_modules/next/dist/next-devtools/shared/forward-logs-shared.js:27
[16919249ms] [LOG] [Fast Refresh] rebuilding @ webpack-internal:///(app-pages-browser)/./node_modules/next/dist/next-devtools/shared/forward-logs-shared.js:27
[16919752ms] [LOG] [Fast Refresh] done in 502ms @ webpack-internal:///(app-pages-browser)/./node_modules/next/dist/next-devtools/shared/forward-logs-shared.js:27
[16948318ms] [LOG] [Fast Refresh] done in 29068ms @ webpack-internal:///(app-pages-browser)/./node_modules/next/dist/next-devtools/shared/forward-logs-shared.js:27
[18461024ms] [ERROR] Unable to preventDefault inside passive event listener invocation. @ webpack-internal:///(app-pages-browser)/./node_modules/next/dist/compiled/react-dom/cjs/react-dom-client.development.js:3511
[18461040ms] [ERROR] Unable to preventDefault inside passive event listener invocation. @ webpack-internal:///(app-pages-browser)/./node_modules/next/dist/compiled/react-dom/cjs/react-dom-client.development.js:3511
[18461094ms] [ERROR] Unable to preventDefault inside passive event listener invocation. @ webpack-internal:///(app-pages-browser)/./node_modules/next/dist/compiled/react-dom/cjs/react-dom-client.development.js:3511
[18461309ms] [ERROR] Unable to preventDefault inside passive event listener invocation. @ webpack-internal:///(app-pages-browser)/./node_modules/next/dist/compiled/react-dom/cjs/react-dom-client.development.js:3511
[18461344ms] [ERROR] Unable to preventDefault inside passive event listener invocation. @ webpack-internal:///(app-pages-browser)/./node_modules/next/dist/compiled/react-dom/cjs/react-dom-client.development.js:3511
[18461361ms] [ERROR] Unable to preventDefault inside passive event listener invocation. @ webpack-internal:///(app-pages-browser)/./node_modules/next/dist/compiled/react-dom/cjs/react-dom-client.development.js:3511
[18461560ms] [ERROR] Unable to preventDefault inside passive event listener invocation. @ webpack-internal:///(app-pages-browser)/./node_modules/next/dist/compiled/react-dom/cjs/react-dom-client.development.js:3511
[18461577ms] [ERROR] Unable to preventDefault inside passive event listener invocation. @ webpack-internal:///(app-pages-browser)/./node_modules/next/dist/compiled/react-dom/cjs/react-dom-client.development.js:3511
[18461611ms] [ERROR] Unable to preventDefault inside passive event listener invocation. @ webpack-internal:///(app-pages-browser)/./node_modules/next/dist/compiled/react-dom/cjs/react-dom-client.development.js:3511
[18461792ms] [ERROR] Unable to preventDefault inside passive event listener invocation. @ webpack-internal:///(app-pages-browser)/./node_modules/next/dist/compiled/react-dom/cjs/react-dom-client.development.js:3511
[18461807ms] [ERROR] Unable to preventDefault inside passive event listener invocation. @ webpack-internal:///(app-pages-browser)/./node_modules/next/dist/compiled/react-dom/cjs/react-dom-client.development.js:3511
[18461833ms] [ERROR] Unable to preventDefault inside passive event listener invocation. @ webpack-internal:///(app-pages-browser)/./node_modules/next/dist/compiled/react-dom/cjs/react-dom-client.development.js:3511
[18462096ms] [ERROR] Unable to preventDefault inside passive event listener invocation. @ webpack-internal:///(app-pages-browser)/./node_modules/next/dist/compiled/react-dom/cjs/react-dom-client.development.js:3511
[18462105ms] [ERROR] Unable to preventDefault inside passive event listener invocation. @ webpack-internal:///(app-pages-browser)/./node_modules/next/dist/compiled/react-dom/cjs/react-dom-client.development.js:3511
[18462161ms] [ERROR] Unable to preventDefault inside passive event listener invocation. @ webpack-internal:///(app-pages-browser)/./node_modules/next/dist/compiled/react-dom/cjs/react-dom-client.development.js:3511
[18463355ms] [ERROR] Unable to preventDefault inside passive event listener invocation. @ webpack-internal:///(app-pages-browser)/./node_modules/next/dist/compiled/react-dom/cjs/react-dom-client.development.js:3511
[18463394ms] [ERROR] Unable to preventDefault inside passive event listener invocation. @ webpack-internal:///(app-pages-browser)/./node_modules/next/dist/compiled/react-dom/cjs/react-dom-client.development.js:3511
[18463429ms] [ERROR] Unable to preventDefault inside passive event listener invocation. @ webpack-internal:///(app-pages-browser)/./node_modules/next/dist/compiled/react-dom/cjs/react-dom-client.development.js:3511
[18463610ms] [ERROR] Unable to preventDefault inside passive event listener invocation. @ webpack-internal:///(app-pages-browser)/./node_modules/next/dist/compiled/react-dom/cjs/react-dom-client.development.js:3511
[18463645ms] [ERROR] Unable to preventDefault inside passive event listener invocation. @ webpack-internal:///(app-pages-browser)/./node_modules/next/dist/compiled/react-dom/cjs/react-dom-client.development.js:3511
[18463678ms] [ERROR] Unable to preventDefault inside passive event listener invocation. @ webpack-internal:///(app-pages-browser)/./node_modules/next/dist/compiled/react-dom/cjs/react-dom-client.development.js:3511
[18463864ms] [ERROR] Unable to preventDefault inside passive event listener invocation. @ webpack-internal:///(app-pages-browser)/./node_modules/next/dist/compiled/react-dom/cjs/react-dom-client.development.js:3511
[18463894ms] [ERROR] Unable to preventDefault inside passive event listener invocation. @ webpack-internal:///(app-pages-browser)/./node_modules/next/dist/compiled/react-dom/cjs/react-dom-client.development.js:3511
[18463945ms] [ERROR] Unable to preventDefault inside passive event listener invocation. @ webpack-internal:///(app-pages-browser)/./node_modules/next/dist/compiled/react-dom/cjs/react-dom-client.development.js:3511
[18464360ms] [ERROR] Unable to preventDefault inside passive event listener invocation. @ webpack-internal:///(app-pages-browser)/./node_modules/next/dist/compiled/react-dom/cjs/react-dom-client.development.js:3511
[18464726ms] [ERROR] Unable to preventDefault inside passive event listener invocation. @ webpack-internal:///(app-pages-browser)/./node_modules/next/dist/compiled/react-dom/cjs/react-dom-client.development.js:3511
[18464780ms] [ERROR] Unable to preventDefault inside passive event listener invocation. @ webpack-internal:///(app-pages-browser)/./node_modules/next/dist/compiled/react-dom/cjs/react-dom-client.development.js:3511
[18464829ms] [ERROR] Unable to preventDefault inside passive event listener invocation. @ webpack-internal:///(app-pages-browser)/./node_modules/next/dist/compiled/react-dom/cjs/react-dom-client.development.js:3511
[18465053ms] [ERROR] Unable to preventDefault inside passive event listener invocation. @ webpack-internal:///(app-pages-browser)/./node_modules/next/dist/compiled/react-dom/cjs/react-dom-client.development.js:3511
[18465081ms] [ERROR] Unable to preventDefault inside passive event listener invocation. @ webpack-internal:///(app-pages-browser)/./node_modules/next/dist/compiled/react-dom/cjs/react-dom-client.development.js:3511
[18465363ms] [ERROR] Unable to preventDefault inside passive event listener invocation. @ webpack-internal:///(app-pages-browser)/./node_modules/next/dist/compiled/react-dom/cjs/react-dom-client.development.js:3511
[18465402ms] [ERROR] Unable to preventDefault inside passive event listener invocation. @ webpack-internal:///(app-pages-browser)/./node_modules/next/dist/compiled/react-dom/cjs/react-dom-client.development.js:3511
[18465429ms] [ERROR] Unable to preventDefault inside passive event listener invocation. @ webpack-internal:///(app-pages-browser)/./node_modules/next/dist/compiled/react-dom/cjs/react-dom-client.development.js:3511
[18468245ms] [LOG] [cache-update] sid= null poleTags= 0 shapes= 0 @ webpack-internal:///(app-pages-browser)/./node_modules/next/dist/next-devtools/shared/forward-logs-shared.js:27
[18468255ms] [WARNING] [cache-update] skipping save — no sessionId or db @ webpack-internal:///(app-pages-browser)/./node_modules/next/dist/next-devtools/shared/forward-logs-shared.js:27
[18470399ms] [LOG] [Fast Refresh] rebuilding @ webpack-internal:///(app-pages-browser)/./node_modules/next/dist/next-devtools/shared/forward-logs-shared.js:27
[18473233ms] [LOG] [Fast Refresh] rebuilding @ webpack-internal:///(app-pages-browser)/./node_modules/next/dist/next-devtools/shared/forward-logs-shared.js:27
[18474678ms] [LOG] [Fast Refresh] done in 1443ms @ webpack-internal:///(app-pages-browser)/./node_modules/next/dist/next-devtools/shared/forward-logs-shared.js:27
[18486075ms] [LOG] [cache-update] sid= null poleTags= 0 shapes= 0 @ webpack-internal:///(app-pages-browser)/./node_modules/next/dist/next-devtools/shared/forward-logs-shared.js:27
[18486075ms] [WARNING] [cache-update] skipping save — no sessionId or db @ webpack-internal:///(app-pages-browser)/./node_modules/next/dist/next-devtools/shared/forward-logs-shared.js:27
[18486421ms] [LOG] [cache-update] sid= null poleTags= 0 shapes= 0 @ webpack-internal:///(app-pages-browser)/./node_modules/next/dist/next-devtools/shared/forward-logs-shared.js:27
[18486421ms] [WARNING] [cache-update] skipping save — no sessionId or db @ webpack-internal:///(app-pages-browser)/./node_modules/next/dist/next-devtools/shared/forward-logs-shared.js:27
[18487423ms] [LOG] [cache-update] sid= null poleTags= 0 shapes= 0 @ webpack-internal:///(app-pages-browser)/./node_modules/next/dist/next-devtools/shared/forward-logs-shared.js:27
[18487423ms] [WARNING] [cache-update] skipping save — no sessionId or db @ webpack-internal:///(app-pages-browser)/./node_modules/next/dist/next-devtools/shared/forward-logs-shared.js:27
[18488049ms] [LOG] [cache-update] sid= null poleTags= 0 shapes= 0 @ webpack-internal:///(app-pages-browser)/./node_modules/next/dist/next-devtools/shared/forward-logs-shared.js:27
[18488049ms] [WARNING] [cache-update] skipping save — no sessionId or db @ webpack-internal:///(app-pages-browser)/./node_modules/next/dist/next-devtools/shared/forward-logs-shared.js:27
[18488783ms] [LOG] [cache-update] sid= null poleTags= 0 shapes= 0 @ webpack-internal:///(app-pages-browser)/./node_modules/next/dist/next-devtools/shared/forward-logs-shared.js:27
[18488783ms] [WARNING] [cache-update] skipping save — no sessionId or db @ webpack-internal:///(app-pages-browser)/./node_modules/next/dist/next-devtools/shared/forward-logs-shared.js:27
[18489475ms] [LOG] [cache-update] sid= null poleTags= 0 shapes= 0 @ webpack-internal:///(app-pages-browser)/./node_modules/next/dist/next-devtools/shared/forward-logs-shared.js:27
[18489475ms] [WARNING] [cache-update] skipping save — no sessionId or db @ webpack-internal:///(app-pages-browser)/./node_modules/next/dist/next-devtools/shared/forward-logs-shared.js:27
[18490655ms] [LOG] [cache-update] sid= null poleTags= 0 shapes= 0 @ webpack-internal:///(app-pages-browser)/./node_modules/next/dist/next-devtools/shared/forward-logs-shared.js:27
[18490655ms] [WARNING] [cache-update] skipping save — no sessionId or db @ webpack-internal:///(app-pages-browser)/./node_modules/next/dist/next-devtools/shared/forward-logs-shared.js:27
[18491706ms] [LOG] [Fast Refresh] done in 18473ms @ webpack-internal:///(app-pages-browser)/./node_modules/next/dist/next-devtools/shared/forward-logs-shared.js:27
[18493314ms] [LOG] [cache-update] sid= null poleTags= 0 shapes= 0 @ webpack-internal:///(app-pages-browser)/./node_modules/next/dist/next-devtools/shared/forward-logs-shared.js:27
[18493314ms] [WARNING] [cache-update] skipping save — no sessionId or db @ webpack-internal:///(app-pages-browser)/./node_modules/next/dist/next-devtools/shared/forward-logs-shared.js:27
[18495546ms] [LOG] [cache-update] sid= null poleTags= 0 shapes= 0 @ webpack-internal:///(app-pages-browser)/./node_modules/next/dist/next-devtools/shared/forward-logs-shared.js:27
[18495547ms] [WARNING] [cache-update] skipping save — no sessionId or db @ webpack-internal:///(app-pages-browser)/./node_modules/next/dist/next-devtools/shared/forward-logs-shared.js:27
[18497681ms] [LOG] [cache-update] sid= null poleTags= 0 shapes= 0 @ webpack-internal:///(app-pages-browser)/./node_modules/next/dist/next-devtools/shared/forward-logs-shared.js:27
[18497681ms] [WARNING] [cache-update] skipping save — no sessionId or db @ webpack-internal:///(app-pages-browser)/./node_modules/next/dist/next-devtools/shared/forward-logs-shared.js:27
[18500002ms] [LOG] [cache-update] sid= null poleTags= 1 shapes= 0 @ webpack-internal:///(app-pages-browser)/./node_modules/next/dist/next-devtools/shared/forward-logs-shared.js:27
[18500003ms] [WARNING] [cache-update] skipping save — no sessionId or db @ webpack-internal:///(app-pages-browser)/./node_modules/next/dist/next-devtools/shared/forward-logs-shared.js:27
[18502078ms] [LOG] [cache-update] sid= null poleTags= 1 shapes= 0 @ webpack-internal:///(app-pages-browser)/./node_modules/next/dist/next-devtools/shared/forward-logs-shared.js:27
[18502078ms] [WARNING] [cache-update] skipping save — no sessionId or db @ webpack-internal:///(app-pages-browser)/./node_modules/next/dist/next-devtools/shared/forward-logs-shared.js:27
[18504229ms] [LOG] [cache-update] sid= null poleTags= 1 shapes= 0 @ webpack-internal:///(app-pages-browser)/./node_modules/next/dist/next-devtools/shared/forward-logs-shared.js:27
[18504230ms] [WARNING] [cache-update] skipping save — no sessionId or db @ webpack-internal:///(app-pages-browser)/./node_modules/next/dist/next-devtools/shared/forward-logs-shared.js:27
[18506305ms] [LOG] [cache-update] sid= null poleTags= 1 shapes= 0 @ webpack-internal:///(app-pages-browser)/./node_modules/next/dist/next-devtools/shared/forward-logs-shared.js:27
[18506305ms] [WARNING] [cache-update] skipping save — no sessionId or db @ webpack-internal:///(app-pages-browser)/./node_modules/next/dist/next-devtools/shared/forward-logs-shared.js:27
[18508445ms] [LOG] [cache-update] sid= null poleTags= 1 shapes= 0 @ webpack-internal:///(app-pages-browser)/./node_modules/next/dist/next-devtools/shared/forward-logs-shared.js:27
[18508445ms] [WARNING] [cache-update] skipping save — no sessionId or db @ webpack-internal:///(app-pages-browser)/./node_modules/next/dist/next-devtools/shared/forward-logs-shared.js:27
[18510663ms] [LOG] [cache-update] sid= null poleTags= 1 shapes= 0 @ webpack-internal:///(app-pages-browser)/./node_modules/next/dist/next-devtools/shared/forward-logs-shared.js:27
[18510663ms] [WARNING] [cache-update] skipping save — no sessionId or db @ webpack-internal:///(app-pages-browser)/./node_modules/next/dist/next-devtools/shared/forward-logs-shared.js:27
[18513308ms] [LOG] [cache-update] sid= null poleTags= 7 shapes= 0 @ webpack-internal:///(app-pages-browser)/./node_modules/next/dist/next-devtools/shared/forward-logs-shared.js:27
[18513308ms] [WARNING] [cache-update] skipping save — no sessionId or db @ webpack-internal:///(app-pages-browser)/./node_modules/next/dist/next-devtools/shared/forward-logs-shared.js:27
[18515609ms] [LOG] [cache-update] sid= null poleTags= 10 shapes= 0 @ webpack-internal:///(app-pages-browser)/./node_modules/next/dist/next-devtools/shared/forward-logs-shared.js:27
[18515609ms] [WARNING] [cache-update] skipping save — no sessionId or db @ webpack-internal:///(app-pages-browser)/./node_modules/next/dist/next-devtools/shared/forward-logs-shared.js:27
[18519660ms] [LOG] [cache-update] sid= null poleTags= 14 shapes= 0 @ webpack-internal:///(app-pages-browser)/./node_modules/next/dist/next-devtools/shared/forward-logs-shared.js:27
[18519661ms] [WARNING] [cache-update] skipping save — no sessionId or db @ webpack-internal:///(app-pages-browser)/./node_modules/next/dist/next-devtools/shared/forward-logs-shared.js:27
[18521514ms] [LOG] [cache-update] sid= null poleTags= 16 shapes= 0 @ webpack-internal:///(app-pages-browser)/./node_modules/next/dist/next-devtools/shared/forward-logs-shared.js:27
[18521515ms] [WARNING] [cache-update] skipping save — no sessionId or db @ webpack-internal:///(app-pages-browser)/./node_modules/next/dist/next-devtools/shared/forward-logs-shared.js:27
[18524962ms] [LOG] [cache-update] sid= null poleTags= 20 shapes= 0 @ webpack-internal:///(app-pages-browser)/./node_modules/next/dist/next-devtools/shared/forward-logs-shared.js:27
[18524963ms] [WARNING] [cache-update] skipping save — no sessionId or db @ webpack-internal:///(app-pages-browser)/./node_modules/next/dist/next-devtools/shared/forward-logs-shared.js:27
[18527181ms] [LOG] [cache-update] sid= null poleTags= 24 shapes= 0 @ webpack-internal:///(app-pages-browser)/./node_modules/next/dist/next-devtools/shared/forward-logs-shared.js:27
[18527182ms] [WARNING] [cache-update] skipping save — no sessionId or db @ webpack-internal:///(app-pages-browser)/./node_modules/next/dist/next-devtools/shared/forward-logs-shared.js:27
[18529888ms] [LOG] [cache-update] sid= null poleTags= 28 shapes= 0 @ webpack-internal:///(app-pages-browser)/./node_modules/next/dist/next-devtools/shared/forward-logs-shared.js:27
[18529889ms] [WARNING] [cache-update] skipping save — no sessionId or db @ webpack-internal:///(app-pages-browser)/./node_modules/next/dist/next-devtools/shared/forward-logs-shared.js:27
[18532301ms] [LOG] [cache-update] sid= null poleTags= 34 shapes= 0 @ webpack-internal:///(app-pages-browser)/./node_modules/next/dist/next-devtools/shared/forward-logs-shared.js:27
[18532301ms] [WARNING] [cache-update] skipping save — no sessionId or db @ webpack-internal:///(app-pages-browser)/./node_modules/next/dist/next-devtools/shared/forward-logs-shared.js:27
[18536390ms] [LOG] [cache-update] sid= null poleTags= 43 shapes= 0 @ webpack-internal:///(app-pages-browser)/./node_modules/next/dist/next-devtools/shared/forward-logs-shared.js:27
[18536390ms] [WARNING] [cache-update] skipping save — no sessionId or db @ webpack-internal:///(app-pages-browser)/./node_modules/next/dist/next-devtools/shared/forward-logs-shared.js:27
[18538880ms] [LOG] [cache-update] sid= null poleTags= 45 shapes= 0 @ webpack-internal:///(app-pages-browser)/./node_modules/next/dist/next-devtools/shared/forward-logs-shared.js:27
[18538881ms] [WARNING] [cache-update] skipping save — no sessionId or db @ webpack-internal:///(app-pages-browser)/./node_modules/next/dist/next-devtools/shared/forward-logs-shared.js:27
[18540277ms] [LOG] [cache-update] sid= null poleTags= 50 shapes= 0 @ webpack-internal:///(app-pages-browser)/./node_modules/next/dist/next-devtools/shared/forward-logs-shared.js:27
[18540278ms] [WARNING] [cache-update] skipping save — no sessionId or db @ webpack-internal:///(app-pages-browser)/./node_modules/next/dist/next-devtools/shared/forward-logs-shared.js:27
[18542908ms] [LOG] [cache-update] sid= null poleTags= 53 shapes= 0 @ webpack-internal:///(app-pages-browser)/./node_modules/next/dist/next-devtools/shared/forward-logs-shared.js:27
[18542908ms] [WARNING] [cache-update] skipping save — no sessionId or db @ webpack-internal:///(app-pages-browser)/./node_modules/next/dist/next-devtools/shared/forward-logs-shared.js:27
[18545057ms] [LOG] [cache-update] sid= null poleTags= 54 shapes= 0 @ webpack-internal:///(app-pages-browser)/./node_modules/next/dist/next-devtools/shared/forward-logs-shared.js:27
[18545057ms] [WARNING] [cache-update] skipping save — no sessionId or db @ webpack-internal:///(app-pages-browser)/./node_modules/next/dist/next-devtools/shared/forward-logs-shared.js:27
[18547557ms] [LOG] [cache-update] sid= null poleTags= 57 shapes= 0 @ webpack-internal:///(app-pages-browser)/./node_modules/next/dist/next-devtools/shared/forward-logs-shared.js:27
[18547557ms] [WARNING] [cache-update] skipping save — no sessionId or db @ webpack-internal:///(app-pages-browser)/./node_modules/next/dist/next-devtools/shared/forward-logs-shared.js:27
[18549959ms] [LOG] [cache-update] sid= null poleTags= 61 shapes= 0 @ webpack-internal:///(app-pages-browser)/./node_modules/next/dist/next-devtools/shared/forward-logs-shared.js:27
[18549959ms] [WARNING] [cache-update] skipping save — no sessionId or db @ webpack-internal:///(app-pages-browser)/./node_modules/next/dist/next-devtools/shared/forward-logs-shared.js:27
[18552289ms] [LOG] [cache-update] sid= null poleTags= 62 shapes= 0 @ webpack-internal:///(app-pages-browser)/./node_modules/next/dist/next-devtools/shared/forward-logs-shared.js:27
[18552290ms] [WARNING] [cache-update] skipping save — no sessionId or db @ webpack-internal:///(app-pages-browser)/./node_modules/next/dist/next-devtools/shared/forward-logs-shared.js:27
[18554588ms] [LOG] [cache-update] sid= null poleTags= 65 shapes= 0 @ webpack-internal:///(app-pages-browser)/./node_modules/next/dist/next-devtools/shared/forward-logs-shared.js:27
[18554588ms] [WARNING] [cache-update] skipping save — no sessionId or db @ webpack-internal:///(app-pages-browser)/./node_modules/next/dist/next-devtools/shared/forward-logs-shared.js:27
[18557157ms] [LOG] [cache-update] sid= null poleTags= 69 shapes= 0 @ webpack-internal:///(app-pages-browser)/./node_modules/next/dist/next-devtools/shared/forward-logs-shared.js:27
[18557157ms] [WARNING] [cache-update] skipping save — no sessionId or db @ webpack-internal:///(app-pages-browser)/./node_modules/next/dist/next-devtools/shared/forward-logs-shared.js:27
[18559620ms] [LOG] [cache-update] sid= null poleTags= 69 shapes= 0 @ webpack-internal:///(app-pages-browser)/./node_modules/next/dist/next-devtools/shared/forward-logs-shared.js:27
[18559620ms] [WARNING] [cache-update] skipping save — no sessionId or db @ webpack-internal:///(app-pages-browser)/./node_modules/next/dist/next-devtools/shared/forward-logs-shared.js:27
[18562113ms] [LOG] [cache-update] sid= null poleTags= 74 shapes= 0 @ webpack-internal:///(app-pages-browser)/./node_modules/next/dist/next-devtools/shared/forward-logs-shared.js:27
[18562113ms] [WARNING] [cache-update] skipping save — no sessionId or db @ webpack-internal:///(app-pages-browser)/./node_modules/next/dist/next-devtools/shared/forward-logs-shared.js:27
[18564514ms] [LOG] [cache-update] sid= null poleTags= 78 shapes= 0 @ webpack-internal:///(app-pages-browser)/./node_modules/next/dist/next-devtools/shared/forward-logs-shared.js:27
[18564514ms] [WARNING] [cache-update] skipping save — no sessionId or db @ webpack-internal:///(app-pages-browser)/./node_modules/next/dist/next-devtools/shared/forward-logs-shared.js:27
[18566761ms] [LOG] [cache-update] sid= null poleTags= 80 shapes= 0 @ webpack-internal:///(app-pages-browser)/./node_modules/next/dist/next-devtools/shared/forward-logs-shared.js:27
[18566762ms] [WARNING] [cache-update] skipping save — no sessionId or db @ webpack-internal:///(app-pages-browser)/./node_modules/next/dist/next-devtools/shared/forward-logs-shared.js:27
[18569203ms] [LOG] [cache-update] sid= null poleTags= 83 shapes= 0 @ webpack-internal:///(app-pages-browser)/./node_modules/next/dist/next-devtools/shared/forward-logs-shared.js:27
[18569204ms] [WARNING] [cache-update] skipping save — no sessionId or db @ webpack-internal:///(app-pages-browser)/./node_modules/next/dist/next-devtools/shared/forward-logs-shared.js:27
[18569366ms] [LOG] [cache-update] sid= null poleTags= 123 shapes= 0 @ webpack-internal:///(app-pages-browser)/./node_modules/next/dist/next-devtools/shared/forward-logs-shared.js:27
[18569367ms] [WARNING] [cache-update] skipping save — no sessionId or db @ webpack-internal:///(app-pages-browser)/./node_modules/next/dist/next-devtools/shared/forward-logs-shared.js:27
[18571422ms] [LOG] [cache-update] sid= null poleTags= 123 shapes= 0 @ webpack-internal:///(app-pages-browser)/./node_modules/next/dist/next-devtools/shared/forward-logs-shared.js:27
[18571423ms] [WARNING] [cache-update] skipping save — no sessionId or db @ webpack-internal:///(app-pages-browser)/./node_modules/next/dist/next-devtools/shared/forward-logs-shared.js:27
[18964116ms] [ERROR] Unable to preventDefault inside passive event listener invocation. @ webpack-internal:///(app-pages-browser)/./node_modules/next/dist/compiled/react-dom/cjs/react-dom-client.development.js:3511
[18964197ms] [ERROR] Unable to preventDefault inside passive event listener invocation. @ webpack-internal:///(app-pages-browser)/./node_modules/next/dist/compiled/react-dom/cjs/react-dom-client.development.js:3511
[18964210ms] [ERROR] Unable to preventDefault inside passive event listener invocation. @ webpack-internal:///(app-pages-browser)/./node_modules/next/dist/compiled/react-dom/cjs/react-dom-client.development.js:3511
[18964279ms] [ERROR] Unable to preventDefault inside passive event listener invocation. @ webpack-internal:///(app-pages-browser)/./node_modules/next/dist/compiled/react-dom/cjs/react-dom-client.development.js:3511
[18964405ms] [ERROR] Unable to preventDefault inside passive event listener invocation. @ webpack-internal:///(app-pages-browser)/./node_modules/next/dist/compiled/react-dom/cjs/react-dom-client.development.js:3511
[18964424ms] [ERROR] Unable to preventDefault inside passive event listener invocation. @ webpack-internal:///(app-pages-browser)/./node_modules/next/dist/compiled/react-dom/cjs/react-dom-client.development.js:3511
[18964443ms] [ERROR] Unable to preventDefault inside passive event listener invocation. @ webpack-internal:///(app-pages-browser)/./node_modules/next/dist/compiled/react-dom/cjs/react-dom-client.development.js:3511
[18964606ms] [ERROR] Unable to preventDefault inside passive event listener invocation. @ webpack-internal:///(app-pages-browser)/./node_modules/next/dist/compiled/react-dom/cjs/react-dom-client.development.js:3511
[18964639ms] [ERROR] Unable to preventDefault inside passive event listener invocation. @ webpack-internal:///(app-pages-browser)/./node_modules/next/dist/compiled/react-dom/cjs/react-dom-client.development.js:3511
[18964656ms] [ERROR] Unable to preventDefault inside passive event listener invocation. @ webpack-internal:///(app-pages-browser)/./node_modules/next/dist/compiled/react-dom/cjs/react-dom-client.development.js:3511
[18964689ms] [ERROR] Unable to preventDefault inside passive event listener invocation. @ webpack-internal:///(app-pages-browser)/./node_modules/next/dist/compiled/react-dom/cjs/react-dom-client.development.js:3511
[18964892ms] [ERROR] Unable to preventDefault inside passive event listener invocation. @ webpack-internal:///(app-pages-browser)/./node_modules/next/dist/compiled/react-dom/cjs/react-dom-client.development.js:3511
[18964914ms] [ERROR] Unable to preventDefault inside passive event listener invocation. @ webpack-internal:///(app-pages-browser)/./node_modules/next/dist/compiled/react-dom/cjs/react-dom-client.development.js:3511
[18964935ms] [ERROR] Unable to preventDefault inside passive event listener invocation. @ webpack-internal:///(app-pages-browser)/./node_modules/next/dist/compiled/react-dom/cjs/react-dom-client.development.js:3511
[18973095ms] [ERROR] Unable to preventDefault inside passive event listener invocation. @ webpack-internal:///(app-pages-browser)/./node_modules/next/dist/compiled/react-dom/cjs/react-dom-client.development.js:3511
[18973127ms] [ERROR] Unable to preventDefault inside passive event listener invocation. @ webpack-internal:///(app-pages-browser)/./node_modules/next/dist/compiled/react-dom/cjs/react-dom-client.development.js:3511
[18973144ms] [ERROR] Unable to preventDefault inside passive event listener invocation. @ webpack-internal:///(app-pages-browser)/./node_modules/next/dist/compiled/react-dom/cjs/react-dom-client.development.js:3511
[18973176ms] [ERROR] Unable to preventDefault inside passive event listener invocation. @ webpack-internal:///(app-pages-browser)/./node_modules/next/dist/compiled/react-dom/cjs/react-dom-client.development.js:3511
[18973343ms] [ERROR] Unable to preventDefault inside passive event listener invocation. @ webpack-internal:///(app-pages-browser)/./node_modules/next/dist/compiled/react-dom/cjs/react-dom-client.development.js:3511
[18973361ms] [ERROR] Unable to preventDefault inside passive event listener invocation. @ webpack-internal:///(app-pages-browser)/./node_modules/next/dist/compiled/react-dom/cjs/react-dom-client.development.js:3511
[18973399ms] [ERROR] Unable to preventDefault inside passive event listener invocation. @ webpack-internal:///(app-pages-browser)/./node_modules/next/dist/compiled/react-dom/cjs/react-dom-client.development.js:3511
[18973644ms] [ERROR] Unable to preventDefault inside passive event listener invocation. @ webpack-internal:///(app-pages-browser)/./node_modules/next/dist/compiled/react-dom/cjs/react-dom-client.development.js:3511
[19215955ms] [LOG] [Fast Refresh] rebuilding @ webpack-internal:///(app-pages-browser)/./node_modules/next/dist/next-devtools/shared/forward-logs-shared.js:27
[19216871ms] [LOG] [Fast Refresh] rebuilding @ webpack-internal:///(app-pages-browser)/./node_modules/next/dist/next-devtools/shared/forward-logs-shared.js:27
[19217267ms] [LOG] [Fast Refresh] done in 396ms @ webpack-internal:///(app-pages-browser)/./node_modules/next/dist/next-devtools/shared/forward-logs-shared.js:27
[19217583ms] [LOG] [Fast Refresh] done in 712ms @ webpack-internal:///(app-pages-browser)/./node_modules/next/dist/next-devtools/shared/forward-logs-shared.js:27
[19238719ms] [LOG] [Fast Refresh] rebuilding @ webpack-internal:///(app-pages-browser)/./node_modules/next/dist/next-devtools/shared/forward-logs-shared.js:27
[19239102ms] [LOG] [Fast Refresh] done in 384ms @ webpack-internal:///(app-pages-browser)/./node_modules/next/dist/next-devtools/shared/forward-logs-shared.js:27
[19417883ms] [ERROR] Failed to load resource: the server responded with a status of 502 (Bad Gateway) @ http://localhost:3000/api/pole_tags:0
[19419880ms] [ERROR] Failed to load resource: the server responded with a status of 502 (Bad Gateway) @ http://localhost:3000/api/pole_tags:0
[19421880ms] [ERROR] Failed to load resource: the server responded with a status of 502 (Bad Gateway) @ http://localhost:3000/api/pole_tags:0
[19424882ms] [WARNING] The resource http://localhost:3000/_next/static/css/app/layout.css?v=1785239760742 was preloaded using link preload but not used within a few seconds from the window's load event. Please make sure it has an appropriate `as` value and it is preloaded intentionally. @ http://localhost:3000/:0
[19425082ms] [ERROR] Failed to load resource: the server responded with a status of 502 (Bad Gateway) @ http://localhost:3000/api/pole_tags:0
[19427086ms] [ERROR] Failed to load resource: the server responded with a status of 502 (Bad Gateway) @ http://localhost:3000/api/pole_tags:0
[19505891ms] [INFO] %cDownload the React DevTools for a better development experience: https://react.dev/link/react-devtools font-weight:bold @ webpack-internal:///(app-pages-browser)/./node_modules/next/dist/next-devtools/shared/forward-logs-shared.js:27
[19506138ms] [LOG] [HMR] connected @ webpack-internal:///(app-pages-browser)/./node_modules/next/dist/next-devtools/shared/forward-logs-shared.js:27
[19591666ms] [WARNING] [session] could not resolve session: Error: Supabase not configured. Add NEXT_PUBLIC_SUPABASE_URL and NEXT_PUBLIC_SUPABASE_ANON_KEY to .env
    at throwNotConfigured (webpack-internal:///(app-pages-browser)/./app/hooks/useDatabase.ts:11:11)
    at useDatabase.useCallback[getSb] (webpack-internal:///(app-pages-browser)/./app/hooks/useDatabase.ts:16:71)
    at useDatabase.useCallback[checkForExistingSession] [as checkForExistingSession] (webpack-internal:///(app-pages-browser)/./app/hooks/useDatabase.ts:171:24)
    at Home.useCallback[resolveSessionId] (webpack-internal:///(app-pages-browser)/./app/page.tsx:98:43)
    at Home.useCallback[handleStartProcessing] (webpack-internal:///(app-pages-browser)/./app/page.tsx:218:13)
    at onClick (webpack-internal:///(app-pages-browser)/./app/components/LoadScreen.tsx:2150:46)
    at executeDispatch (webpack-internal:///(app-pages-browser)/./node_modules/next/dist/compiled/react-dom/cjs/react-dom-client.development.js:20544:9)
    at runWithFiberInDEV (webpack-internal:///(app-pages-browser)/./node_modules/next/dist/compiled/react-dom/cjs/react-dom-client.development.js:987:30)
    at processDispatchQueue (webpack-internal:///(app-pages-browser)/./node_modules/next/dist/compiled/react-dom/cjs/react-dom-client.development.js:20594:19)
    at eval (webpack-internal:///(app-pages-browser)/./node_modules/next/dist/compiled/react-dom/cjs/react-dom-client.development.js:21165:9)
    at batchedUpdates$1 (webpack-internal:///(app-pages-browser)/./node_modules/next/dist/compiled/react-dom/cjs/react-dom-client.development.js:3378:40)
    at dispatchEventForPluginEventSystem (webpack-internal:///(app-pages-browser)/./node_modules/next/dist/compiled/react-dom/cjs/react-dom-client.development.js:20748:7)
    at dispatchEvent (webpack-internal:///(app-pages-browser)/./node_modules/next/dist/compiled/react-dom/cjs/react-dom-client.development.js:25694:11)
    at dispatchDiscreteEvent (webpack-internal:///(app-pages-browser)/./node_modules/next/dist/compiled/react-dom/cjs/react-dom-client.development.js:25662:11) @ webpack-internal:///(app-pages-browser)/./node_modules/next/dist/next-devtools/shared/forward-logs-shared.js:27
[19625487ms] [LOG] [PoleLayout mount] cachedData: poleDone=false tags=0 @ webpack-internal:///(app-pages-browser)/./node_modules/next/dist/next-devtools/shared/forward-logs-shared.js:27
[19625508ms] [LOG] [PoleLayout mount] cachedData: poleDone=false tags=0 @ webpack-internal:///(app-pages-browser)/./node_modules/next/dist/next-devtools/shared/forward-logs-shared.js:27
[19625584ms] [LOG] [Fast Refresh] rebuilding @ webpack-internal:///(app-pages-browser)/./node_modules/next/dist/next-devtools/shared/forward-logs-shared.js:27
[19626422ms] [LOG] [Fast Refresh] rebuilding @ webpack-internal:///(app-pages-browser)/./node_modules/next/dist/next-devtools/shared/forward-logs-shared.js:27
[19626731ms] [LOG] [Fast Refresh] done in 308ms @ webpack-internal:///(app-pages-browser)/./node_modules/next/dist/next-devtools/shared/forward-logs-shared.js:27
[19629435ms] [LOG] [Fast Refresh] rebuilding @ webpack-internal:///(app-pages-browser)/./node_modules/next/dist/next-devtools/shared/forward-logs-shared.js:27
[19629717ms] [LOG] [Fast Refresh] done in 282ms @ webpack-internal:///(app-pages-browser)/./node_modules/next/dist/next-devtools/shared/forward-logs-shared.js:27
[19636441ms] [LOG] [cache-update] sid= null poleTags= 0 shapes= 0 @ webpack-internal:///(app-pages-browser)/./node_modules/next/dist/next-devtools/shared/forward-logs-shared.js:27
[19636441ms] [WARNING] [cache-update] skipping save — no sessionId or db @ webpack-internal:///(app-pages-browser)/./node_modules/next/dist/next-devtools/shared/forward-logs-shared.js:27
[19636528ms] [LOG] [Fast Refresh] rebuilding @ webpack-internal:///(app-pages-browser)/./node_modules/next/dist/next-devtools/shared/forward-logs-shared.js:27
[19636951ms] [LOG] [Fast Refresh] done in 422ms @ webpack-internal:///(app-pages-browser)/./node_modules/next/dist/next-devtools/shared/forward-logs-shared.js:27
[19639327ms] [LOG] [cache-update] sid= null poleTags= 0 shapes= 0 @ webpack-internal:///(app-pages-browser)/./node_modules/next/dist/next-devtools/shared/forward-logs-shared.js:27
[19639328ms] [WARNING] [cache-update] skipping save — no sessionId or db @ webpack-internal:///(app-pages-browser)/./node_modules/next/dist/next-devtools/shared/forward-logs-shared.js:27
[19641370ms] [LOG] [Fast Refresh] done in 4841ms @ webpack-internal:///(app-pages-browser)/./node_modules/next/dist/next-devtools/shared/forward-logs-shared.js:27
[19641809ms] [LOG] [cache-update] sid= null poleTags= 0 shapes= 0 @ webpack-internal:///(app-pages-browser)/./node_modules/next/dist/next-devtools/shared/forward-logs-shared.js:27
[19641809ms] [WARNING] [cache-update] skipping save — no sessionId or db @ webpack-internal:///(app-pages-browser)/./node_modules/next/dist/next-devtools/shared/forward-logs-shared.js:27
[19644933ms] [LOG] [cache-update] sid= null poleTags= 0 shapes= 0 @ webpack-internal:///(app-pages-browser)/./node_modules/next/dist/next-devtools/shared/forward-logs-shared.js:27
[19644933ms] [WARNING] [cache-update] skipping save — no sessionId or db @ webpack-internal:///(app-pages-browser)/./node_modules/next/dist/next-devtools/shared/forward-logs-shared.js:27
[19647005ms] [LOG] [cache-update] sid= null poleTags= 0 shapes= 0 @ webpack-internal:///(app-pages-browser)/./node_modules/next/dist/next-devtools/shared/forward-logs-shared.js:27
[19647005ms] [WARNING] [cache-update] skipping save — no sessionId or db @ webpack-internal:///(app-pages-browser)/./node_modules/next/dist/next-devtools/shared/forward-logs-shared.js:27
[19649120ms] [LOG] [cache-update] sid= null poleTags= 0 shapes= 0 @ webpack-internal:///(app-pages-browser)/./node_modules/next/dist/next-devtools/shared/forward-logs-shared.js:27
[19649120ms] [WARNING] [cache-update] skipping save — no sessionId or db @ webpack-internal:///(app-pages-browser)/./node_modules/next/dist/next-devtools/shared/forward-logs-shared.js:27
[19651210ms] [LOG] [cache-update] sid= null poleTags= 0 shapes= 0 @ webpack-internal:///(app-pages-browser)/./node_modules/next/dist/next-devtools/shared/forward-logs-shared.js:27
[19651210ms] [WARNING] [cache-update] skipping save — no sessionId or db @ webpack-internal:///(app-pages-browser)/./node_modules/next/dist/next-devtools/shared/forward-logs-shared.js:27
[19654404ms] [LOG] [cache-update] sid= null poleTags= 0 shapes= 0 @ webpack-internal:///(app-pages-browser)/./node_modules/next/dist/next-devtools/shared/forward-logs-shared.js:27
[19654405ms] [WARNING] [cache-update] skipping save — no sessionId or db @ webpack-internal:///(app-pages-browser)/./node_modules/next/dist/next-devtools/shared/forward-logs-shared.js:27
[19656459ms] [LOG] [cache-update] sid= null poleTags= 0 shapes= 0 @ webpack-internal:///(app-pages-browser)/./node_modules/next/dist/next-devtools/shared/forward-logs-shared.js:27
[19656459ms] [WARNING] [cache-update] skipping save — no sessionId or db @ webpack-internal:///(app-pages-browser)/./node_modules/next/dist/next-devtools/shared/forward-logs-shared.js:27
[19658528ms] [LOG] [cache-update] sid= null poleTags= 0 shapes= 0 @ webpack-internal:///(app-pages-browser)/./node_modules/next/dist/next-devtools/shared/forward-logs-shared.js:27
[19658528ms] [WARNING] [cache-update] skipping save — no sessionId or db @ webpack-internal:///(app-pages-browser)/./node_modules/next/dist/next-devtools/shared/forward-logs-shared.js:27
[19662582ms] [LOG] [cache-update] sid= null poleTags= 1 shapes= 0 @ webpack-internal:///(app-pages-browser)/./node_modules/next/dist/next-devtools/shared/forward-logs-shared.js:27
[19662582ms] [WARNING] [cache-update] skipping save — no sessionId or db @ webpack-internal:///(app-pages-browser)/./node_modules/next/dist/next-devtools/shared/forward-logs-shared.js:27
[19664639ms] [LOG] [cache-update] sid= null poleTags= 7 shapes= 0 @ webpack-internal:///(app-pages-browser)/./node_modules/next/dist/next-devtools/shared/forward-logs-shared.js:27
[19664640ms] [WARNING] [cache-update] skipping save — no sessionId or db @ webpack-internal:///(app-pages-browser)/./node_modules/next/dist/next-devtools/shared/forward-logs-shared.js:27
[19666706ms] [LOG] [cache-update] sid= null poleTags= 12 shapes= 0 @ webpack-internal:///(app-pages-browser)/./node_modules/next/dist/next-devtools/shared/forward-logs-shared.js:27
[19666706ms] [WARNING] [cache-update] skipping save — no sessionId or db @ webpack-internal:///(app-pages-browser)/./node_modules/next/dist/next-devtools/shared/forward-logs-shared.js:27
[19668756ms] [LOG] [cache-update] sid= null poleTags= 12 shapes= 0 @ webpack-internal:///(app-pages-browser)/./node_modules/next/dist/next-devtools/shared/forward-logs-shared.js:27
[19668756ms] [WARNING] [cache-update] skipping save — no sessionId or db @ webpack-internal:///(app-pages-browser)/./node_modules/next/dist/next-devtools/shared/forward-logs-shared.js:27
[19670808ms] [LOG] [cache-update] sid= null poleTags= 18 shapes= 0 @ webpack-internal:///(app-pages-browser)/./node_modules/next/dist/next-devtools/shared/forward-logs-shared.js:27
[19670808ms] [WARNING] [cache-update] skipping save — no sessionId or db @ webpack-internal:///(app-pages-browser)/./node_modules/next/dist/next-devtools/shared/forward-logs-shared.js:27
[19672864ms] [LOG] [cache-update] sid= null poleTags= 22 shapes= 0 @ webpack-internal:///(app-pages-browser)/./node_modules/next/dist/next-devtools/shared/forward-logs-shared.js:27
[19672864ms] [WARNING] [cache-update] skipping save — no sessionId or db @ webpack-internal:///(app-pages-browser)/./node_modules/next/dist/next-devtools/shared/forward-logs-shared.js:27
[19674928ms] [LOG] [cache-update] sid= null poleTags= 28 shapes= 0 @ webpack-internal:///(app-pages-browser)/./node_modules/next/dist/next-devtools/shared/forward-logs-shared.js:27
[19674928ms] [WARNING] [cache-update] skipping save — no sessionId or db @ webpack-internal:///(app-pages-browser)/./node_modules/next/dist/next-devtools/shared/forward-logs-shared.js:27
[19677021ms] [LOG] [cache-update] sid= null poleTags= 35 shapes= 0 @ webpack-internal:///(app-pages-browser)/./node_modules/next/dist/next-devtools/shared/forward-logs-shared.js:27
[19677021ms] [WARNING] [cache-update] skipping save — no sessionId or db @ webpack-internal:///(app-pages-browser)/./node_modules/next/dist/next-devtools/shared/forward-logs-shared.js:27
[19678054ms] [ERROR] Unable to preventDefault inside passive event listener invocation. @ webpack-internal:///(app-pages-browser)/./node_modules/next/dist/compiled/react-dom/cjs/react-dom-client.development.js:3511
[19678103ms] [ERROR] Unable to preventDefault inside passive event listener invocation. @ webpack-internal:///(app-pages-browser)/./node_modules/next/dist/compiled/react-dom/cjs/react-dom-client.development.js:3511
[19678202ms] [ERROR] Unable to preventDefault inside passive event listener invocation. @ webpack-internal:///(app-pages-browser)/./node_modules/next/dist/compiled/react-dom/cjs/react-dom-client.development.js:3511
[19678369ms] [ERROR] Unable to preventDefault inside passive event listener invocation. @ webpack-internal:///(app-pages-browser)/./node_modules/next/dist/compiled/react-dom/cjs/react-dom-client.development.js:3511
[19678386ms] [ERROR] Unable to preventDefault inside passive event listener invocation. @ webpack-internal:///(app-pages-browser)/./node_modules/next/dist/compiled/react-dom/cjs/react-dom-client.development.js:3511
[19678429ms] [ERROR] Unable to preventDefault inside passive event listener invocation. @ webpack-internal:///(app-pages-browser)/./node_modules/next/dist/compiled/react-dom/cjs/react-dom-client.development.js:3511
[19678669ms] [ERROR] Unable to preventDefault inside passive event listener invocation. @ webpack-internal:///(app-pages-browser)/./node_modules/next/dist/compiled/react-dom/cjs/react-dom-client.development.js:3511
[19678687ms] [ERROR] Unable to preventDefault inside passive event listener invocation. @ webpack-internal:///(app-pages-browser)/./node_modules/next/dist/compiled/react-dom/cjs/react-dom-client.development.js:3511
[19681355ms] [ERROR] Unable to preventDefault inside passive event listener invocation. @ webpack-internal:///(app-pages-browser)/./node_modules/next/dist/compiled/react-dom/cjs/react-dom-client.development.js:3511
[19681386ms] [ERROR] Unable to preventDefault inside passive event listener invocation. @ webpack-internal:///(app-pages-browser)/./node_modules/next/dist/compiled/react-dom/cjs/react-dom-client.development.js:3511
[19681403ms] [ERROR] Unable to preventDefault inside passive event listener invocation. @ webpack-internal:///(app-pages-browser)/./node_modules/next/dist/compiled/react-dom/cjs/react-dom-client.development.js:3511
[19681599ms] [ERROR] Unable to preventDefault inside passive event listener invocation. @ webpack-internal:///(app-pages-browser)/./node_modules/next/dist/compiled/react-dom/cjs/react-dom-client.development.js:3511
[19681663ms] [ERROR] Unable to preventDefault inside passive event listener invocation. @ webpack-internal:///(app-pages-browser)/./node_modules/next/dist/compiled/react-dom/cjs/react-dom-client.development.js:3511
[19681670ms] [ERROR] Unable to preventDefault inside passive event listener invocation. @ webpack-internal:///(app-pages-browser)/./node_modules/next/dist/compiled/react-dom/cjs/react-dom-client.development.js:3511
[19682684ms] [ERROR] Unable to preventDefault inside passive event listener invocation. @ webpack-internal:///(app-pages-browser)/./node_modules/next/dist/compiled/react-dom/cjs/react-dom-client.development.js:3511
[19682716ms] [ERROR] Unable to preventDefault inside passive event listener invocation. @ webpack-internal:///(app-pages-browser)/./node_modules/next/dist/compiled/react-dom/cjs/react-dom-client.development.js:3511
[19682981ms] [ERROR] Unable to preventDefault inside passive event listener invocation. @ webpack-internal:///(app-pages-browser)/./node_modules/next/dist/compiled/react-dom/cjs/react-dom-client.development.js:3511
[19682999ms] [ERROR] Unable to preventDefault inside passive event listener invocation. @ webpack-internal:///(app-pages-browser)/./node_modules/next/dist/compiled/react-dom/cjs/react-dom-client.development.js:3511
[19683031ms] [ERROR] Unable to preventDefault inside passive event listener invocation. @ webpack-internal:///(app-pages-browser)/./node_modules/next/dist/compiled/react-dom/cjs/react-dom-client.development.js:3511
[19683071ms] [ERROR] Unable to preventDefault inside passive event listener invocation. @ webpack-internal:///(app-pages-browser)/./node_modules/next/dist/compiled/react-dom/cjs/react-dom-client.development.js:3511
[19683270ms] [ERROR] Unable to preventDefault inside passive event listener invocation. @ webpack-internal:///(app-pages-browser)/./node_modules/next/dist/compiled/react-dom/cjs/react-dom-client.development.js:3511
[19683298ms] [ERROR] Unable to preventDefault inside passive event listener invocation. @ webpack-internal:///(app-pages-browser)/./node_modules/next/dist/compiled/react-dom/cjs/react-dom-client.development.js:3511
[19683367ms] [LOG] [cache-update] sid= null poleTags= 53 shapes= 0 @ webpack-internal:///(app-pages-browser)/./node_modules/next/dist/next-devtools/shared/forward-logs-shared.js:27
[19683367ms] [WARNING] [cache-update] skipping save — no sessionId or db @ webpack-internal:///(app-pages-browser)/./node_modules/next/dist/next-devtools/shared/forward-logs-shared.js:27
[19683772ms] [ERROR] Unable to preventDefault inside passive event listener invocation. @ webpack-internal:///(app-pages-browser)/./node_modules/next/dist/compiled/react-dom/cjs/react-dom-client.development.js:3511
[19683786ms] [ERROR] Unable to preventDefault inside passive event listener invocation. @ webpack-internal:///(app-pages-browser)/./node_modules/next/dist/compiled/react-dom/cjs/react-dom-client.development.js:3511
[19683817ms] [ERROR] Unable to preventDefault inside passive event listener invocation. @ webpack-internal:///(app-pages-browser)/./node_modules/next/dist/compiled/react-dom/cjs/react-dom-client.development.js:3511
[19684082ms] [ERROR] Unable to preventDefault inside passive event listener invocation. @ webpack-internal:///(app-pages-browser)/./node_modules/next/dist/compiled/react-dom/cjs/react-dom-client.development.js:3511
[19684120ms] [ERROR] Unable to preventDefault inside passive event listener invocation. @ webpack-internal:///(app-pages-browser)/./node_modules/next/dist/compiled/react-dom/cjs/react-dom-client.development.js:3511
[19685678ms] [ERROR] Unable to preventDefault inside passive event listener invocation. @ webpack-internal:///(app-pages-browser)/./node_modules/next/dist/compiled/react-dom/cjs/react-dom-client.development.js:3511
[19685699ms] [ERROR] Unable to preventDefault inside passive event listener invocation. @ webpack-internal:///(app-pages-browser)/./node_modules/next/dist/compiled/react-dom/cjs/react-dom-client.development.js:3511
[19686708ms] [ERROR] Unable to preventDefault inside passive event listener invocation. @ webpack-internal:///(app-pages-browser)/./node_modules/next/dist/compiled/react-dom/cjs/react-dom-client.development.js:3511
[19686723ms] [ERROR] Unable to preventDefault inside passive event listener invocation. @ webpack-internal:///(app-pages-browser)/./node_modules/next/dist/compiled/react-dom/cjs/react-dom-client.development.js:3511
[19686768ms] [ERROR] Unable to preventDefault inside passive event listener invocation. @ webpack-internal:///(app-pages-browser)/./node_modules/next/dist/compiled/react-dom/cjs/react-dom-client.development.js:3511
[19687072ms] [ERROR] Unable to preventDefault inside passive event listener invocation. @ webpack-internal:///(app-pages-browser)/./node_modules/next/dist/compiled/react-dom/cjs/react-dom-client.development.js:3511
[19687104ms] [ERROR] Unable to preventDefault inside passive event listener invocation. @ webpack-internal:///(app-pages-browser)/./node_modules/next/dist/compiled/react-dom/cjs/react-dom-client.development.js:3511
[19687487ms] [ERROR] Unable to preventDefault inside passive event listener invocation. @ webpack-internal:///(app-pages-browser)/./node_modules/next/dist/compiled/react-dom/cjs/react-dom-client.development.js:3511
[19687506ms] [ERROR] Unable to preventDefault inside passive event listener invocation. @ webpack-internal:///(app-pages-browser)/./node_modules/next/dist/compiled/react-dom/cjs/react-dom-client.development.js:3511
[19687543ms] [ERROR] Unable to preventDefault inside passive event listener invocation. @ webpack-internal:///(app-pages-browser)/./node_modules/next/dist/compiled/react-dom/cjs/react-dom-client.development.js:3511
[19688187ms] [ERROR] Unable to preventDefault inside passive event listener invocation. @ webpack-internal:///(app-pages-browser)/./node_modules/next/dist/compiled/react-dom/cjs/react-dom-client.development.js:3511
[19688556ms] [ERROR] Unable to preventDefault inside passive event listener invocation. @ webpack-internal:///(app-pages-browser)/./node_modules/next/dist/compiled/react-dom/cjs/react-dom-client.development.js:3511
[19688585ms] [ERROR] Unable to preventDefault inside passive event listener invocation. @ webpack-internal:///(app-pages-browser)/./node_modules/next/dist/compiled/react-dom/cjs/react-dom-client.development.js:3511
[19688674ms] [ERROR] Unable to preventDefault inside passive event listener invocation. @ webpack-internal:///(app-pages-browser)/./node_modules/next/dist/compiled/react-dom/cjs/react-dom-client.development.js:3511
[19689152ms] [ERROR] Unable to preventDefault inside passive event listener invocation. @ webpack-internal:///(app-pages-browser)/./node_modules/next/dist/compiled/react-dom/cjs/react-dom-client.development.js:3511
[19689394ms] [LOG] [cache-update] sid= null poleTags= 64 shapes= 0 @ webpack-internal:///(app-pages-browser)/./node_modules/next/dist/next-devtools/shared/forward-logs-shared.js:27
[19689394ms] [WARNING] [cache-update] skipping save — no sessionId or db @ webpack-internal:///(app-pages-browser)/./node_modules/next/dist/next-devtools/shared/forward-logs-shared.js:27
[19691259ms] [ERROR] Unable to preventDefault inside passive event listener invocation. @ webpack-internal:///(app-pages-browser)/./node_modules/next/dist/compiled/react-dom/cjs/react-dom-client.development.js:3511
[19691275ms] [ERROR] Unable to preventDefault inside passive event listener invocation. @ webpack-internal:///(app-pages-browser)/./node_modules/next/dist/compiled/react-dom/cjs/react-dom-client.development.js:3511
[19691329ms] [ERROR] Unable to preventDefault inside passive event listener invocation. @ webpack-internal:///(app-pages-browser)/./node_modules/next/dist/compiled/react-dom/cjs/react-dom-client.development.js:3511
[19691525ms] [ERROR] Unable to preventDefault inside passive event listener invocation. @ webpack-internal:///(app-pages-browser)/./node_modules/next/dist/compiled/react-dom/cjs/react-dom-client.development.js:3511
[19691541ms] [ERROR] Unable to preventDefault inside passive event listener invocation. @ webpack-internal:///(app-pages-browser)/./node_modules/next/dist/compiled/react-dom/cjs/react-dom-client.development.js:3511
[19691753ms] [ERROR] Unable to preventDefault inside passive event listener invocation. @ webpack-internal:///(app-pages-browser)/./node_modules/next/dist/compiled/react-dom/cjs/react-dom-client.development.js:3511
[19691776ms] [ERROR] Unable to preventDefault inside passive event listener invocation. @ webpack-internal:///(app-pages-browser)/./node_modules/next/dist/compiled/react-dom/cjs/react-dom-client.development.js:3511
[19691791ms] [ERROR] Unable to preventDefault inside passive event listener invocation. @ webpack-internal:///(app-pages-browser)/./node_modules/next/dist/compiled/react-dom/cjs/react-dom-client.development.js:3511
[19692043ms] [ERROR] Unable to preventDefault inside passive event listener invocation. @ webpack-internal:///(app-pages-browser)/./node_modules/next/dist/compiled/react-dom/cjs/react-dom-client.development.js:3511
[19692052ms] [ERROR] Unable to preventDefault inside passive event listener invocation. @ webpack-internal:///(app-pages-browser)/./node_modules/next/dist/compiled/react-dom/cjs/react-dom-client.development.js:3511
[19692088ms] [ERROR] Unable to preventDefault inside passive event listener invocation. @ webpack-internal:///(app-pages-browser)/./node_modules/next/dist/compiled/react-dom/cjs/react-dom-client.development.js:3511
[19695688ms] [ERROR] Unable to preventDefault inside passive event listener invocation. @ webpack-internal:///(app-pages-browser)/./node_modules/next/dist/compiled/react-dom/cjs/react-dom-client.development.js:3511
[19695693ms] [ERROR] Unable to preventDefault inside passive event listener invocation. @ webpack-internal:///(app-pages-browser)/./node_modules/next/dist/compiled/react-dom/cjs/react-dom-client.development.js:3511
[19695793ms] [ERROR] Unable to preventDefault inside passive event listener invocation. @ webpack-internal:///(app-pages-browser)/./node_modules/next/dist/compiled/react-dom/cjs/react-dom-client.development.js:3511
[19699447ms] [ERROR] Unable to preventDefault inside passive event listener invocation. @ webpack-internal:///(app-pages-browser)/./node_modules/next/dist/compiled/react-dom/cjs/react-dom-client.development.js:3511
[19699456ms] [ERROR] Unable to preventDefault inside passive event listener invocation. @ webpack-internal:///(app-pages-browser)/./node_modules/next/dist/compiled/react-dom/cjs/react-dom-client.development.js:3511
[19699480ms] [ERROR] Unable to preventDefault inside passive event listener invocation. @ webpack-internal:///(app-pages-browser)/./node_modules/next/dist/compiled/react-dom/cjs/react-dom-client.development.js:3511
[19699513ms] [ERROR] Unable to preventDefault inside passive event listener invocation. @ webpack-internal:///(app-pages-browser)/./node_modules/next/dist/compiled/react-dom/cjs/react-dom-client.development.js:3511
[19699725ms] [ERROR] Unable to preventDefault inside passive event listener invocation. @ webpack-internal:///(app-pages-browser)/./node_modules/next/dist/compiled/react-dom/cjs/react-dom-client.development.js:3511
[19699754ms] [ERROR] Unable to preventDefault inside passive event listener invocation. @ webpack-internal:///(app-pages-browser)/./node_modules/next/dist/compiled/react-dom/cjs/react-dom-client.development.js:3511
[19700101ms] [LOG] [cache-update] sid= null poleTags= 123 shapes= 0 @ webpack-internal:///(app-pages-browser)/./node_modules/next/dist/next-devtools/shared/forward-logs-shared.js:27
[19700101ms] [WARNING] [cache-update] skipping save — no sessionId or db @ webpack-internal:///(app-pages-browser)/./node_modules/next/dist/next-devtools/shared/forward-logs-shared.js:27
[19700245ms] [ERROR] Unable to preventDefault inside passive event listener invocation. @ webpack-internal:///(app-pages-browser)/./node_modules/next/dist/compiled/react-dom/cjs/react-dom-client.development.js:3511
[19700256ms] [ERROR] Unable to preventDefault inside passive event listener invocation. @ webpack-internal:///(app-pages-browser)/./node_modules/next/dist/compiled/react-dom/cjs/react-dom-client.development.js:3511
[19700273ms] [ERROR] Unable to preventDefault inside passive event listener invocation. @ webpack-internal:///(app-pages-browser)/./node_modules/next/dist/compiled/react-dom/cjs/react-dom-client.development.js:3511
[19700300ms] [ERROR] Unable to preventDefault inside passive event listener invocation. @ webpack-internal:///(app-pages-browser)/./node_modules/next/dist/compiled/react-dom/cjs/react-dom-client.development.js:3511
[19700554ms] [ERROR] Unable to preventDefault inside passive event listener invocation. @ webpack-internal:///(app-pages-browser)/./node_modules/next/dist/compiled/react-dom/cjs/react-dom-client.development.js:3511
[19700558ms] [ERROR] Unable to preventDefault inside passive event listener invocation. @ webpack-internal:///(app-pages-browser)/./node_modules/next/dist/compiled/react-dom/cjs/react-dom-client.development.js:3511
[19700566ms] [ERROR] Unable to preventDefault inside passive event listener invocation. @ webpack-internal:///(app-pages-browser)/./node_modules/next/dist/compiled/react-dom/cjs/react-dom-client.development.js:3511
[19700589ms] [ERROR] Unable to preventDefault inside passive event listener invocation. @ webpack-internal:///(app-pages-browser)/./node_modules/next/dist/compiled/react-dom/cjs/react-dom-client.development.js:3511
[19702691ms] [LOG] [cache-update] sid= null poleTags= 123 shapes= 0 @ webpack-internal:///(app-pages-browser)/./node_modules/next/dist/next-devtools/shared/forward-logs-shared.js:27
[19702691ms] [WARNING] [cache-update] skipping save — no sessionId or db @ webpack-internal:///(app-pages-browser)/./node_modules/next/dist/next-devtools/shared/forward-logs-shared.js:27
[19964594ms] [ERROR] Unable to preventDefault inside passive event listener invocation. @ webpack-internal:///(app-pages-browser)/./node_modules/next/dist/compiled/react-dom/cjs/react-dom-client.development.js:3511
[19964626ms] [ERROR] Unable to preventDefault inside passive event listener invocation. @ webpack-internal:///(app-pages-browser)/./node_modules/next/dist/compiled/react-dom/cjs/react-dom-client.development.js:3511
[19964676ms] [ERROR] Unable to preventDefault inside passive event listener invocation. @ webpack-internal:///(app-pages-browser)/./node_modules/next/dist/compiled/react-dom/cjs/react-dom-client.development.js:3511
[19964910ms] [ERROR] Unable to preventDefault inside passive event listener invocation. @ webpack-internal:///(app-pages-browser)/./node_modules/next/dist/compiled/react-dom/cjs/react-dom-client.development.js:3511
[19964931ms] [ERROR] Unable to preventDefault inside passive event listener invocation. @ webpack-internal:///(app-pages-browser)/./node_modules/next/dist/compiled/react-dom/cjs/react-dom-client.development.js:3511
[19964960ms] [ERROR] Unable to preventDefault inside passive event listener invocation. @ webpack-internal:///(app-pages-browser)/./node_modules/next/dist/compiled/react-dom/cjs/react-dom-client.development.js:3511
[19965182ms] [ERROR] Unable to preventDefault inside passive event listener invocation. @ webpack-internal:///(app-pages-browser)/./node_modules/next/dist/compiled/react-dom/cjs/react-dom-client.development.js:3511
[19965212ms] [ERROR] Unable to preventDefault inside passive event listener invocation. @ webpack-internal:///(app-pages-browser)/./node_modules/next/dist/compiled/react-dom/cjs/react-dom-client.development.js:3511
[19965260ms] [ERROR] Unable to preventDefault inside passive event listener invocation. @ webpack-internal:///(app-pages-browser)/./node_modules/next/dist/compiled/react-dom/cjs/react-dom-client.development.js:3511
[19966000ms] [ERROR] Unable to preventDefault inside passive event listener invocation. @ webpack-internal:///(app-pages-browser)/./node_modules/next/dist/compiled/react-dom/cjs/react-dom-client.development.js:3511
[19966077ms] [ERROR] Unable to preventDefault inside passive event listener invocation. @ webpack-internal:///(app-pages-browser)/./node_modules/next/dist/compiled/react-dom/cjs/react-dom-client.development.js:3511
[19967627ms] [ERROR] Unable to preventDefault inside passive event listener invocation. @ webpack-internal:///(app-pages-browser)/./node_modules/next/dist/compiled/react-dom/cjs/react-dom-client.development.js:3511
[19967644ms] [ERROR] Unable to preventDefault inside passive event listener invocation. @ webpack-internal:///(app-pages-browser)/./node_modules/next/dist/compiled/react-dom/cjs/react-dom-client.development.js:3511
[19967694ms] [ERROR] Unable to preventDefault inside passive event listener invocation. @ webpack-internal:///(app-pages-browser)/./node_modules/next/dist/compiled/react-dom/cjs/react-dom-client.development.js:3511
[19968016ms] [ERROR] Unable to preventDefault inside passive event listener invocation. @ webpack-internal:///(app-pages-browser)/./node_modules/next/dist/compiled/react-dom/cjs/react-dom-client.development.js:3511
[19968061ms] [ERROR] Unable to preventDefault inside passive event listener invocation. @ webpack-internal:///(app-pages-browser)/./node_modules/next/dist/compiled/react-dom/cjs/react-dom-client.development.js:3511
[19968612ms] [ERROR] Unable to preventDefault inside passive event listener invocation. @ webpack-internal:///(app-pages-browser)/./node_modules/next/dist/compiled/react-dom/cjs/react-dom-client.development.js:3511
[19968618ms] [ERROR] Unable to preventDefault inside passive event listener invocation. @ webpack-internal:///(app-pages-browser)/./node_modules/next/dist/compiled/react-dom/cjs/react-dom-client.development.js:3511
[19968662ms] [ERROR] Unable to preventDefault inside passive event listener invocation. @ webpack-internal:///(app-pages-browser)/./node_modules/next/dist/compiled/react-dom/cjs/react-dom-client.development.js:3511
[19968942ms] [ERROR] Unable to preventDefault inside passive event listener invocation. @ webpack-internal:///(app-pages-browser)/./node_modules/next/dist/compiled/react-dom/cjs/react-dom-client.development.js:3511
[19968995ms] [ERROR] Unable to preventDefault inside passive event listener invocation. @ webpack-internal:///(app-pages-browser)/./node_modules/next/dist/compiled/react-dom/cjs/react-dom-client.development.js:3511
[19969050ms] [ERROR] Unable to preventDefault inside passive event listener invocation. @ webpack-internal:///(app-pages-browser)/./node_modules/next/dist/compiled/react-dom/cjs/react-dom-client.development.js:3511
[19969550ms] [ERROR] Unable to preventDefault inside passive event listener invocation. @ webpack-internal:///(app-pages-browser)/./node_modules/next/dist/compiled/react-dom/cjs/react-dom-client.development.js:3511
[19969595ms] [ERROR] Unable to preventDefault inside passive event listener invocation. @ webpack-internal:///(app-pages-browser)/./node_modules/next/dist/compiled/react-dom/cjs/react-dom-client.development.js:3511
[19969645ms] [ERROR] Unable to preventDefault inside passive event listener invocation. @ webpack-internal:///(app-pages-browser)/./node_modules/next/dist/compiled/react-dom/cjs/react-dom-client.development.js:3511
[19969908ms] [ERROR] Unable to preventDefault inside passive event listener invocation. @ webpack-internal:///(app-pages-browser)/./node_modules/next/dist/compiled/react-dom/cjs/react-dom-client.development.js:3511
[19969928ms] [ERROR] Unable to preventDefault inside passive event listener invocation. @ webpack-internal:///(app-pages-browser)/./node_modules/next/dist/compiled/react-dom/cjs/react-dom-client.development.js:3511
[19969978ms] [ERROR] Unable to preventDefault inside passive event listener invocation. @ webpack-internal:///(app-pages-browser)/./node_modules/next/dist/compiled/react-dom/cjs/react-dom-client.development.js:3511
[19970306ms] [ERROR] Unable to preventDefault inside passive event listener invocation. @ webpack-internal:///(app-pages-browser)/./node_modules/next/dist/compiled/react-dom/cjs/react-dom-client.development.js:3511
[19970345ms] [ERROR] Unable to preventDefault inside passive event listener invocation. @ webpack-internal:///(app-pages-browser)/./node_modules/next/dist/compiled/react-dom/cjs/react-dom-client.development.js:3511
[19970362ms] [ERROR] Unable to preventDefault inside passive event listener invocation. @ webpack-internal:///(app-pages-browser)/./node_modules/next/dist/compiled/react-dom/cjs/react-dom-client.development.js:3511
[19970798ms] [ERROR] Unable to preventDefault inside passive event listener invocation. @ webpack-internal:///(app-pages-browser)/./node_modules/next/dist/compiled/react-dom/cjs/react-dom-client.development.js:3511
[19970845ms] [ERROR] Unable to preventDefault inside passive event listener invocation. @ webpack-internal:///(app-pages-browser)/./node_modules/next/dist/compiled/react-dom/cjs/react-dom-client.development.js:3511
[19971379ms] [ERROR] Unable to preventDefault inside passive event listener invocation. @ webpack-internal:///(app-pages-browser)/./node_modules/next/dist/compiled/react-dom/cjs/react-dom-client.development.js:3511
[19971413ms] [ERROR] Unable to preventDefault inside passive event listener invocation. @ webpack-internal:///(app-pages-browser)/./node_modules/next/dist/compiled/react-dom/cjs/react-dom-client.development.js:3511
[19971448ms] [ERROR] Unable to preventDefault inside passive event listener invocation. @ webpack-internal:///(app-pages-browser)/./node_modules/next/dist/compiled/react-dom/cjs/react-dom-client.development.js:3511
[19971646ms] [ERROR] Unable to preventDefault inside passive event listener invocation. @ webpack-internal:///(app-pages-browser)/./node_modules/next/dist/compiled/react-dom/cjs/react-dom-client.development.js:3511
[19971679ms] [ERROR] Unable to preventDefault inside passive event listener invocation. @ webpack-internal:///(app-pages-browser)/./node_modules/next/dist/compiled/react-dom/cjs/react-dom-client.development.js:3511
[19971804ms] [ERROR] Unable to preventDefault inside passive event listener invocation. @ webpack-internal:///(app-pages-browser)/./node_modules/next/dist/compiled/react-dom/cjs/react-dom-client.development.js:3511
[19982051ms] [ERROR] Unable to preventDefault inside passive event listener invocation. @ webpack-internal:///(app-pages-browser)/./node_modules/next/dist/compiled/react-dom/cjs/react-dom-client.development.js:3511
[19982081ms] [ERROR] Unable to preventDefault inside passive event listener invocation. @ webpack-internal:///(app-pages-browser)/./node_modules/next/dist/compiled/react-dom/cjs/react-dom-client.development.js:3511
[19982324ms] [ERROR] Unable to preventDefault inside passive event listener invocation. @ webpack-internal:///(app-pages-browser)/./node_modules/next/dist/compiled/react-dom/cjs/react-dom-client.development.js:3511
[19982334ms] [ERROR] Unable to preventDefault inside passive event listener invocation. @ webpack-internal:///(app-pages-browser)/./node_modules/next/dist/compiled/react-dom/cjs/react-dom-client.development.js:3511
[19982401ms] [ERROR] Unable to preventDefault inside passive event listener invocation. @ webpack-internal:///(app-pages-browser)/./node_modules/next/dist/compiled/react-dom/cjs/react-dom-client.development.js:3511
[19985419ms] [ERROR] Unable to preventDefault inside passive event listener invocation. @ webpack-internal:///(app-pages-browser)/./node_modules/next/dist/compiled/react-dom/cjs/react-dom-client.development.js:3511
[19985425ms] [ERROR] Unable to preventDefault inside passive event listener invocation. @ webpack-internal:///(app-pages-browser)/./node_modules/next/dist/compiled/react-dom/cjs/react-dom-client.development.js:3511
[19985436ms] [ERROR] Unable to preventDefault inside passive event listener invocation. @ webpack-internal:///(app-pages-browser)/./node_modules/next/dist/compiled/react-dom/cjs/react-dom-client.development.js:3511
[19985452ms] [ERROR] Unable to preventDefault inside passive event listener invocation. @ webpack-internal:///(app-pages-browser)/./node_modules/next/dist/compiled/react-dom/cjs/react-dom-client.development.js:3511
[19985679ms] [ERROR] Unable to preventDefault inside passive event listener invocation. @ webpack-internal:///(app-pages-browser)/./node_modules/next/dist/compiled/react-dom/cjs/react-dom-client.development.js:3511
[19985703ms] [ERROR] Unable to preventDefault inside passive event listener invocation. @ webpack-internal:///(app-pages-browser)/./node_modules/next/dist/compiled/react-dom/cjs/react-dom-client.development.js:3511
[19985747ms] [ERROR] Unable to preventDefault inside passive event listener invocation. @ webpack-internal:///(app-pages-browser)/./node_modules/next/dist/compiled/react-dom/cjs/react-dom-client.development.js:3511
[19985972ms] [ERROR] Unable to preventDefault inside passive event listener invocation. @ webpack-internal:///(app-pages-browser)/./node_modules/next/dist/compiled/react-dom/cjs/react-dom-client.development.js:3511
[19986002ms] [ERROR] Unable to preventDefault inside passive event listener invocation. @ webpack-internal:///(app-pages-browser)/./node_modules/next/dist/compiled/react-dom/cjs/react-dom-client.development.js:3511
[19987653ms] [ERROR] Unable to preventDefault inside passive event listener invocation. @ webpack-internal:///(app-pages-browser)/./node_modules/next/dist/compiled/react-dom/cjs/react-dom-client.development.js:3511
[19987703ms] [ERROR] Unable to preventDefault inside passive event listener invocation. @ webpack-internal:///(app-pages-browser)/./node_modules/next/dist/compiled/react-dom/cjs/react-dom-client.development.js:3511
[19993623ms] [ERROR] Unable to preventDefault inside passive event listener invocation. @ webpack-internal:///(app-pages-browser)/./node_modules/next/dist/compiled/react-dom/cjs/react-dom-client.development.js:3511
[19993673ms] [ERROR] Unable to preventDefault inside passive event listener invocation. @ webpack-internal:///(app-pages-browser)/./node_modules/next/dist/compiled/react-dom/cjs/react-dom-client.development.js:3511
[19993690ms] [ERROR] Unable to preventDefault inside passive event listener invocation. @ webpack-internal:///(app-pages-browser)/./node_modules/next/dist/compiled/react-dom/cjs/react-dom-client.development.js:3511
[19993910ms] [ERROR] Unable to preventDefault inside passive event listener invocation. @ webpack-internal:///(app-pages-browser)/./node_modules/next/dist/compiled/react-dom/cjs/react-dom-client.development.js:3511
[19993939ms] [ERROR] Unable to preventDefault inside passive event listener invocation. @ webpack-internal:///(app-pages-browser)/./node_modules/next/dist/compiled/react-dom/cjs/react-dom-client.development.js:3511
[19993989ms] [ERROR] Unable to preventDefault inside passive event listener invocation. @ webpack-internal:///(app-pages-browser)/./node_modules/next/dist/compiled/react-dom/cjs/react-dom-client.development.js:3511
[20310062ms] [LOG] [Fast Refresh] rebuilding @ webpack-internal:///(app-pages-browser)/./node_modules/next/dist/next-devtools/shared/forward-logs-shared.js:27
[20310909ms] [LOG] [Fast Refresh] rebuilding @ webpack-internal:///(app-pages-browser)/./node_modules/next/dist/next-devtools/shared/forward-logs-shared.js:27
[20311472ms] [LOG] [Fast Refresh] done in 562ms @ webpack-internal:///(app-pages-browser)/./node_modules/next/dist/next-devtools/shared/forward-logs-shared.js:27
[20312221ms] [LOG] [Fast Refresh] done in 1312ms @ webpack-internal:///(app-pages-browser)/./node_modules/next/dist/next-devtools/shared/forward-logs-shared.js:27
[20333455ms] [LOG] [Fast Refresh] rebuilding @ webpack-internal:///(app-pages-browser)/./node_modules/next/dist/next-devtools/shared/forward-logs-shared.js:27
[20333808ms] [LOG] [Fast Refresh] done in 354ms @ webpack-internal:///(app-pages-browser)/./node_modules/next/dist/next-devtools/shared/forward-logs-shared.js:27
[20710451ms] [ERROR] Unable to preventDefault inside passive event listener invocation. @ webpack-internal:///(app-pages-browser)/./node_modules/next/dist/compiled/react-dom/cjs/react-dom-client.development.js:3511
[20710485ms] [ERROR] Unable to preventDefault inside passive event listener invocation. @ webpack-internal:///(app-pages-browser)/./node_modules/next/dist/compiled/react-dom/cjs/react-dom-client.development.js:3511
[20710516ms] [ERROR] Unable to preventDefault inside passive event listener invocation. @ webpack-internal:///(app-pages-browser)/./node_modules/next/dist/compiled/react-dom/cjs/react-dom-client.development.js:3511
[20710803ms] [ERROR] Unable to preventDefault inside passive event listener invocation. @ webpack-internal:///(app-pages-browser)/./node_modules/next/dist/compiled/react-dom/cjs/react-dom-client.development.js:3511
[20710821ms] [ERROR] Unable to preventDefault inside passive event listener invocation. @ webpack-internal:///(app-pages-browser)/./node_modules/next/dist/compiled/react-dom/cjs/react-dom-client.development.js:3511
[20710829ms] [ERROR] Unable to preventDefault inside passive event listener invocation. @ webpack-internal:///(app-pages-browser)/./node_modules/next/dist/compiled/react-dom/cjs/react-dom-client.development.js:3511
[20710837ms] [ERROR] Unable to preventDefault inside passive event listener invocation. @ webpack-internal:///(app-pages-browser)/./node_modules/next/dist/compiled/react-dom/cjs/react-dom-client.development.js:3511
[20710856ms] [ERROR] Unable to preventDefault inside passive event listener invocation. @ webpack-internal:///(app-pages-browser)/./node_modules/next/dist/compiled/react-dom/cjs/react-dom-client.development.js:3511
[20711100ms] [ERROR] Unable to preventDefault inside passive event listener invocation. @ webpack-internal:///(app-pages-browser)/./node_modules/next/dist/compiled/react-dom/cjs/react-dom-client.development.js:3511
[20711109ms] [ERROR] Unable to preventDefault inside passive event listener invocation. @ webpack-internal:///(app-pages-browser)/./node_modules/next/dist/compiled/react-dom/cjs/react-dom-client.development.js:3511
[20711117ms] [ERROR] Unable to preventDefault inside passive event listener invocation. @ webpack-internal:///(app-pages-browser)/./node_modules/next/dist/compiled/react-dom/cjs/react-dom-client.development.js:3511
[20711132ms] [ERROR] Unable to preventDefault inside passive event listener invocation. @ webpack-internal:///(app-pages-browser)/./node_modules/next/dist/compiled/react-dom/cjs/react-dom-client.development.js:3511
[20724095ms] [ERROR] Unable to preventDefault inside passive event listener invocation. @ webpack-internal:///(app-pages-browser)/./node_modules/next/dist/compiled/react-dom/cjs/react-dom-client.development.js:3511
[20724111ms] [ERROR] Unable to preventDefault inside passive event listener invocation. @ webpack-internal:///(app-pages-browser)/./node_modules/next/dist/compiled/react-dom/cjs/react-dom-client.development.js:3511
[20724364ms] [ERROR] Unable to preventDefault inside passive event listener invocation. @ webpack-internal:///(app-pages-browser)/./node_modules/next/dist/compiled/react-dom/cjs/react-dom-client.development.js:3511
[20724405ms] [ERROR] Unable to preventDefault inside passive event listener invocation. @ webpack-internal:///(app-pages-browser)/./node_modules/next/dist/compiled/react-dom/cjs/react-dom-client.development.js:3511
[20724444ms] [ERROR] Unable to preventDefault inside passive event listener invocation. @ webpack-internal:///(app-pages-browser)/./node_modules/next/dist/compiled/react-dom/cjs/react-dom-client.development.js:3511
[20734248ms] [ERROR] Failed to load resource: the server responded with a status of 502 (Bad Gateway) @ http://localhost:3000/api/pole_tags:0
[20736244ms] [ERROR] Failed to load resource: the server responded with a status of 502 (Bad Gateway) @ http://localhost:3000/api/pole_tags:0
[20738243ms] [ERROR] Failed to load resource: the server responded with a status of 502 (Bad Gateway) @ http://localhost:3000/api/pole_tags:0
[20740243ms] [ERROR] Failed to load resource: the server responded with a status of 502 (Bad Gateway) @ http://localhost:3000/api/pole_tags:0
[20742242ms] [ERROR] Failed to load resource: the server responded with a status of 502 (Bad Gateway) @ http://localhost:3000/api/pole_tags:0
[20748962ms] [ERROR] Failed to load resource: the server responded with a status of 502 (Bad Gateway) @ http://localhost:3000/api/pole_tags:0
[20750963ms] [ERROR] Failed to load resource: the server responded with a status of 502 (Bad Gateway) @ http://localhost:3000/api/pole_tags:0
[20757775ms] [INFO] %cDownload the React DevTools for a better development experience: https://react.dev/link/react-devtools font-weight:bold @ webpack-internal:///(app-pages-browser)/./node_modules/next/dist/next-devtools/shared/forward-logs-shared.js:27
[20758051ms] [LOG] [HMR] connected @ webpack-internal:///(app-pages-browser)/./node_modules/next/dist/next-devtools/shared/forward-logs-shared.js:27
[20765348ms] [WARNING] [session] could not resolve session: Error: Supabase not configured. Add NEXT_PUBLIC_SUPABASE_URL and NEXT_PUBLIC_SUPABASE_ANON_KEY to .env
    at throwNotConfigured (webpack-internal:///(app-pages-browser)/./app/hooks/useDatabase.ts:11:11)
    at useDatabase.useCallback[getSb] (webpack-internal:///(app-pages-browser)/./app/hooks/useDatabase.ts:16:71)
    at useDatabase.useCallback[checkForExistingSession] [as checkForExistingSession] (webpack-internal:///(app-pages-browser)/./app/hooks/useDatabase.ts:171:24)
    at Home.useCallback[resolveSessionId] (webpack-internal:///(app-pages-browser)/./app/page.tsx:98:43)
    at Home.useCallback[handleStartProcessing] (webpack-internal:///(app-pages-browser)/./app/page.tsx:218:13)
    at onClick (webpack-internal:///(app-pages-browser)/./app/components/LoadScreen.tsx:2150:46)
    at executeDispatch (webpack-internal:///(app-pages-browser)/./node_modules/next/dist/compiled/react-dom/cjs/react-dom-client.development.js:20544:9)
    at runWithFiberInDEV (webpack-internal:///(app-pages-browser)/./node_modules/next/dist/compiled/react-dom/cjs/react-dom-client.development.js:987:30)
    at processDispatchQueue (webpack-internal:///(app-pages-browser)/./node_modules/next/dist/compiled/react-dom/cjs/react-dom-client.development.js:20594:19)
    at eval (webpack-internal:///(app-pages-browser)/./node_modules/next/dist/compiled/react-dom/cjs/react-dom-client.development.js:21165:9)
    at batchedUpdates$1 (webpack-internal:///(app-pages-browser)/./node_modules/next/dist/compiled/react-dom/cjs/react-dom-client.development.js:3378:40)
    at dispatchEventForPluginEventSystem (webpack-internal:///(app-pages-browser)/./node_modules/next/dist/compiled/react-dom/cjs/react-dom-client.development.js:20748:7)
    at dispatchEvent (webpack-internal:///(app-pages-browser)/./node_modules/next/dist/compiled/react-dom/cjs/react-dom-client.development.js:25694:11)
    at dispatchDiscreteEvent (webpack-internal:///(app-pages-browser)/./node_modules/next/dist/compiled/react-dom/cjs/react-dom-client.development.js:25662:11) @ webpack-internal:///(app-pages-browser)/./node_modules/next/dist/next-devtools/shared/forward-logs-shared.js:27
[20803974ms] [LOG] [PoleLayout mount] cachedData: poleDone=false tags=0 @ webpack-internal:///(app-pages-browser)/./node_modules/next/dist/next-devtools/shared/forward-logs-shared.js:27
[20803988ms] [LOG] [PoleLayout mount] cachedData: poleDone=false tags=0 @ webpack-internal:///(app-pages-browser)/./node_modules/next/dist/next-devtools/shared/forward-logs-shared.js:27
[20815822ms] [LOG] [cache-update] sid= null poleTags= 0 shapes= 0 @ webpack-internal:///(app-pages-browser)/./node_modules/next/dist/next-devtools/shared/forward-logs-shared.js:27
[20815823ms] [WARNING] [cache-update] skipping save — no sessionId or db @ webpack-internal:///(app-pages-browser)/./node_modules/next/dist/next-devtools/shared/forward-logs-shared.js:27
[20816753ms] [LOG] [cache-update] sid= null poleTags= 0 shapes= 0 @ webpack-internal:///(app-pages-browser)/./node_modules/next/dist/next-devtools/shared/forward-logs-shared.js:27
[20816753ms] [WARNING] [cache-update] skipping save — no sessionId or db @ webpack-internal:///(app-pages-browser)/./node_modules/next/dist/next-devtools/shared/forward-logs-shared.js:27
[20818872ms] [LOG] [cache-update] sid= null poleTags= 0 shapes= 0 @ webpack-internal:///(app-pages-browser)/./node_modules/next/dist/next-devtools/shared/forward-logs-shared.js:27
[20818872ms] [WARNING] [cache-update] skipping save — no sessionId or db @ webpack-internal:///(app-pages-browser)/./node_modules/next/dist/next-devtools/shared/forward-logs-shared.js:27
[20822436ms] [LOG] [cache-update] sid= null poleTags= 0 shapes= 0 @ webpack-internal:///(app-pages-browser)/./node_modules/next/dist/next-devtools/shared/forward-logs-shared.js:27
[20822436ms] [WARNING] [cache-update] skipping save — no sessionId or db @ webpack-internal:///(app-pages-browser)/./node_modules/next/dist/next-devtools/shared/forward-logs-shared.js:27
[20824797ms] [LOG] [cache-update] sid= null poleTags= 0 shapes= 0 @ webpack-internal:///(app-pages-browser)/./node_modules/next/dist/next-devtools/shared/forward-logs-shared.js:27
[20824797ms] [WARNING] [cache-update] skipping save — no sessionId or db @ webpack-internal:///(app-pages-browser)/./node_modules/next/dist/next-devtools/shared/forward-logs-shared.js:27
[20826906ms] [LOG] [cache-update] sid= null poleTags= 0 shapes= 0 @ webpack-internal:///(app-pages-browser)/./node_modules/next/dist/next-devtools/shared/forward-logs-shared.js:27
[20826907ms] [WARNING] [cache-update] skipping save — no sessionId or db @ webpack-internal:///(app-pages-browser)/./node_modules/next/dist/next-devtools/shared/forward-logs-shared.js:27
[20831069ms] [LOG] [cache-update] sid= null poleTags= 0 shapes= 0 @ webpack-internal:///(app-pages-browser)/./node_modules/next/dist/next-devtools/shared/forward-logs-shared.js:27
[20831070ms] [WARNING] [cache-update] skipping save — no sessionId or db @ webpack-internal:///(app-pages-browser)/./node_modules/next/dist/next-devtools/shared/forward-logs-shared.js:27
[20833164ms] [LOG] [cache-update] sid= null poleTags= 0 shapes= 0 @ webpack-internal:///(app-pages-browser)/./node_modules/next/dist/next-devtools/shared/forward-logs-shared.js:27
[20833164ms] [WARNING] [cache-update] skipping save — no sessionId or db @ webpack-internal:///(app-pages-browser)/./node_modules/next/dist/next-devtools/shared/forward-logs-shared.js:27
[20835298ms] [LOG] [cache-update] sid= null poleTags= 0 shapes= 0 @ webpack-internal:///(app-pages-browser)/./node_modules/next/dist/next-devtools/shared/forward-logs-shared.js:27
[20835299ms] [WARNING] [cache-update] skipping save — no sessionId or db @ webpack-internal:///(app-pages-browser)/./node_modules/next/dist/next-devtools/shared/forward-logs-shared.js:27
[20837399ms] [LOG] [cache-update] sid= null poleTags= 0 shapes= 0 @ webpack-internal:///(app-pages-browser)/./node_modules/next/dist/next-devtools/shared/forward-logs-shared.js:27
[20837400ms] [WARNING] [cache-update] skipping save — no sessionId or db @ webpack-internal:///(app-pages-browser)/./node_modules/next/dist/next-devtools/shared/forward-logs-shared.js:27
[20841073ms] [LOG] [cache-update] sid= null poleTags= 1 shapes= 0 @ webpack-internal:///(app-pages-browser)/./node_modules/next/dist/next-devtools/shared/forward-logs-shared.js:27
[20841073ms] [WARNING] [cache-update] skipping save — no sessionId or db @ webpack-internal:///(app-pages-browser)/./node_modules/next/dist/next-devtools/shared/forward-logs-shared.js:27
[20843278ms] [LOG] [cache-update] sid= null poleTags= 7 shapes= 0 @ webpack-internal:///(app-pages-browser)/./node_modules/next/dist/next-devtools/shared/forward-logs-shared.js:27
[20843278ms] [WARNING] [cache-update] skipping save — no sessionId or db @ webpack-internal:///(app-pages-browser)/./node_modules/next/dist/next-devtools/shared/forward-logs-shared.js:27
[20845359ms] [LOG] [cache-update] sid= null poleTags= 12 shapes= 0 @ webpack-internal:///(app-pages-browser)/./node_modules/next/dist/next-devtools/shared/forward-logs-shared.js:27
[20845359ms] [WARNING] [cache-update] skipping save — no sessionId or db @ webpack-internal:///(app-pages-browser)/./node_modules/next/dist/next-devtools/shared/forward-logs-shared.js:27
[20847452ms] [LOG] [cache-update] sid= null poleTags= 14 shapes= 0 @ webpack-internal:///(app-pages-browser)/./node_modules/next/dist/next-devtools/shared/forward-logs-shared.js:27
[20847452ms] [WARNING] [cache-update] skipping save — no sessionId or db @ webpack-internal:///(app-pages-browser)/./node_modules/next/dist/next-devtools/shared/forward-logs-shared.js:27
[20850402ms] [ERROR] Unable to preventDefault inside passive event listener invocation. @ webpack-internal:///(app-pages-browser)/./node_modules/next/dist/compiled/react-dom/cjs/react-dom-client.development.js:3511
[20850467ms] [ERROR] Unable to preventDefault inside passive event listener invocation. @ webpack-internal:///(app-pages-browser)/./node_modules/next/dist/compiled/react-dom/cjs/react-dom-client.development.js:3511
[20850475ms] [ERROR] Unable to preventDefault inside passive event listener invocation. @ webpack-internal:///(app-pages-browser)/./node_modules/next/dist/compiled/react-dom/cjs/react-dom-client.development.js:3511
[20850496ms] [ERROR] Unable to preventDefault inside passive event listener invocation. @ webpack-internal:///(app-pages-browser)/./node_modules/next/dist/compiled/react-dom/cjs/react-dom-client.development.js:3511
[20850685ms] [ERROR] Unable to preventDefault inside passive event listener invocation. @ webpack-internal:///(app-pages-browser)/./node_modules/next/dist/compiled/react-dom/cjs/react-dom-client.development.js:3511
[20850701ms] [ERROR] Unable to preventDefault inside passive event listener invocation. @ webpack-internal:///(app-pages-browser)/./node_modules/next/dist/compiled/react-dom/cjs/react-dom-client.development.js:3511
[20850752ms] [ERROR] Unable to preventDefault inside passive event listener invocation. @ webpack-internal:///(app-pages-browser)/./node_modules/next/dist/compiled/react-dom/cjs/react-dom-client.development.js:3511
[20850920ms] [ERROR] Unable to preventDefault inside passive event listener invocation. @ webpack-internal:///(app-pages-browser)/./node_modules/next/dist/compiled/react-dom/cjs/react-dom-client.development.js:3511
[20850933ms] [ERROR] Unable to preventDefault inside passive event listener invocation. @ webpack-internal:///(app-pages-browser)/./node_modules/next/dist/compiled/react-dom/cjs/react-dom-client.development.js:3511
[20850948ms] [ERROR] Unable to preventDefault inside passive event listener invocation. @ webpack-internal:///(app-pages-browser)/./node_modules/next/dist/compiled/react-dom/cjs/react-dom-client.development.js:3511
[20850982ms] [ERROR] Unable to preventDefault inside passive event listener invocation. @ webpack-internal:///(app-pages-browser)/./node_modules/next/dist/compiled/react-dom/cjs/react-dom-client.development.js:3511
[20851171ms] [ERROR] Unable to preventDefault inside passive event listener invocation. @ webpack-internal:///(app-pages-browser)/./node_modules/next/dist/compiled/react-dom/cjs/react-dom-client.development.js:3511
[20851182ms] [ERROR] Unable to preventDefault inside passive event listener invocation. @ webpack-internal:///(app-pages-browser)/./node_modules/next/dist/compiled/react-dom/cjs/react-dom-client.development.js:3511
[20851200ms] [ERROR] Unable to preventDefault inside passive event listener invocation. @ webpack-internal:///(app-pages-browser)/./node_modules/next/dist/compiled/react-dom/cjs/react-dom-client.development.js:3511
[20851238ms] [ERROR] Unable to preventDefault inside passive event listener invocation. @ webpack-internal:///(app-pages-browser)/./node_modules/next/dist/compiled/react-dom/cjs/react-dom-client.development.js:3511
[20851413ms] [ERROR] Unable to preventDefault inside passive event listener invocation. @ webpack-internal:///(app-pages-browser)/./node_modules/next/dist/compiled/react-dom/cjs/react-dom-client.development.js:3511
[20851430ms] [ERROR] Unable to preventDefault inside passive event listener invocation. @ webpack-internal:///(app-pages-browser)/./node_modules/next/dist/compiled/react-dom/cjs/react-dom-client.development.js:3511
[20851446ms] [ERROR] Unable to preventDefault inside passive event listener invocation. @ webpack-internal:///(app-pages-browser)/./node_modules/next/dist/compiled/react-dom/cjs/react-dom-client.development.js:3511
[20855914ms] [LOG] [cache-update] sid= null poleTags= 36 shapes= 0 @ webpack-internal:///(app-pages-browser)/./node_modules/next/dist/next-devtools/shared/forward-logs-shared.js:27
[20855914ms] [WARNING] [cache-update] skipping save — no sessionId or db @ webpack-internal:///(app-pages-browser)/./node_modules/next/dist/next-devtools/shared/forward-logs-shared.js:27
[20858362ms] [ERROR] Unable to preventDefault inside passive event listener invocation. @ webpack-internal:///(app-pages-browser)/./node_modules/next/dist/compiled/react-dom/cjs/react-dom-client.development.js:3511
[20858391ms] [ERROR] Unable to preventDefault inside passive event listener invocation. @ webpack-internal:///(app-pages-browser)/./node_modules/next/dist/compiled/react-dom/cjs/react-dom-client.development.js:3511
[20878282ms] [LOG] [cache-update] sid= null poleTags= 123 shapes= 0 @ webpack-internal:///(app-pages-browser)/./node_modules/next/dist/next-devtools/shared/forward-logs-shared.js:27
[20878282ms] [WARNING] [cache-update] skipping save — no sessionId or db @ webpack-internal:///(app-pages-browser)/./node_modules/next/dist/next-devtools/shared/forward-logs-shared.js:27
[20878284ms] [ERROR] Unable to preventDefault inside passive event listener invocation. @ webpack-internal:///(app-pages-browser)/./node_modules/next/dist/compiled/react-dom/cjs/react-dom-client.development.js:3511
[20878380ms] [ERROR] Unable to preventDefault inside passive event listener invocation. @ webpack-internal:///(app-pages-browser)/./node_modules/next/dist/compiled/react-dom/cjs/react-dom-client.development.js:3511
[20881550ms] [ERROR] Unable to preventDefault inside passive event listener invocation. @ webpack-internal:///(app-pages-browser)/./node_modules/next/dist/compiled/react-dom/cjs/react-dom-client.development.js:3511
[20881561ms] [ERROR] Unable to preventDefault inside passive event listener invocation. @ webpack-internal:///(app-pages-browser)/./node_modules/next/dist/compiled/react-dom/cjs/react-dom-client.development.js:3511
[20881594ms] [ERROR] Unable to preventDefault inside passive event listener invocation. @ webpack-internal:///(app-pages-browser)/./node_modules/next/dist/compiled/react-dom/cjs/react-dom-client.development.js:3511
[20882234ms] [ERROR] Unable to preventDefault inside passive event listener invocation. @ webpack-internal:///(app-pages-browser)/./node_modules/next/dist/compiled/react-dom/cjs/react-dom-client.development.js:3511
[20884134ms] [LOG] [cache-update] sid= null poleTags= 123 shapes= 0 @ webpack-internal:///(app-pages-browser)/./node_modules/next/dist/next-devtools/shared/forward-logs-shared.js:27
[20884134ms] [WARNING] [cache-update] skipping save — no sessionId or db @ webpack-internal:///(app-pages-browser)/./node_modules/next/dist/next-devtools/shared/forward-logs-shared.js:27
[20896710ms] [ERROR] Unable to preventDefault inside passive event listener invocation. @ webpack-internal:///(app-pages-browser)/./node_modules/next/dist/compiled/react-dom/cjs/react-dom-client.development.js:3511
[20896750ms] [ERROR] Unable to preventDefault inside passive event listener invocation. @ webpack-internal:///(app-pages-browser)/./node_modules/next/dist/compiled/react-dom/cjs/react-dom-client.development.js:3511
[20896767ms] [ERROR] Unable to preventDefault inside passive event listener invocation. @ webpack-internal:///(app-pages-browser)/./node_modules/next/dist/compiled/react-dom/cjs/react-dom-client.development.js:3511
[20898268ms] [ERROR] Unable to preventDefault inside passive event listener invocation. @ webpack-internal:///(app-pages-browser)/./node_modules/next/dist/compiled/react-dom/cjs/react-dom-client.development.js:3511
[20898400ms] [ERROR] Unable to preventDefault inside passive event listener invocation. @ webpack-internal:///(app-pages-browser)/./node_modules/next/dist/compiled/react-dom/cjs/react-dom-client.development.js:3511
[20898518ms] [ERROR] Unable to preventDefault inside passive event listener invocation. @ webpack-internal:///(app-pages-browser)/./node_modules/next/dist/compiled/react-dom/cjs/react-dom-client.development.js:3511
[20900218ms] [ERROR] Unable to preventDefault inside passive event listener invocation. @ webpack-internal:///(app-pages-browser)/./node_modules/next/dist/compiled/react-dom/cjs/react-dom-client.development.js:3511
[20900252ms] [ERROR] Unable to preventDefault inside passive event listener invocation. @ webpack-internal:///(app-pages-browser)/./node_modules/next/dist/compiled/react-dom/cjs/react-dom-client.development.js:3511
[20900285ms] [ERROR] Unable to preventDefault inside passive event listener invocation. @ webpack-internal:///(app-pages-browser)/./node_modules/next/dist/compiled/react-dom/cjs/react-dom-client.development.js:3511
[20900497ms] [ERROR] Unable to preventDefault inside passive event listener invocation. @ webpack-internal:///(app-pages-browser)/./node_modules/next/dist/compiled/react-dom/cjs/react-dom-client.development.js:3511
[20900536ms] [ERROR] Unable to preventDefault inside passive event listener invocation. @ webpack-internal:///(app-pages-browser)/./node_modules/next/dist/compiled/react-dom/cjs/react-dom-client.development.js:3511
[20900540ms] [ERROR] Unable to preventDefault inside passive event listener invocation. @ webpack-internal:///(app-pages-browser)/./node_modules/next/dist/compiled/react-dom/cjs/react-dom-client.development.js:3511
[20900552ms] [ERROR] Unable to preventDefault inside passive event listener invocation. @ webpack-internal:///(app-pages-browser)/./node_modules/next/dist/compiled/react-dom/cjs/react-dom-client.development.js:3511
[20900748ms] [ERROR] Unable to preventDefault inside passive event listener invocation. @ webpack-internal:///(app-pages-browser)/./node_modules/next/dist/compiled/react-dom/cjs/react-dom-client.development.js:3511
[20900769ms] [ERROR] Unable to preventDefault inside passive event listener invocation. @ webpack-internal:///(app-pages-browser)/./node_modules/next/dist/compiled/react-dom/cjs/react-dom-client.development.js:3511
[20900785ms] [ERROR] Unable to preventDefault inside passive event listener invocation. @ webpack-internal:///(app-pages-browser)/./node_modules/next/dist/compiled/react-dom/cjs/react-dom-client.development.js:3511
[20901196ms] [ERROR] Unable to preventDefault inside passive event listener invocation. @ webpack-internal:///(app-pages-browser)/./node_modules/next/dist/compiled/react-dom/cjs/react-dom-client.development.js:3511
[20901219ms] [ERROR] Unable to preventDefault inside passive event listener invocation. @ webpack-internal:///(app-pages-browser)/./node_modules/next/dist/compiled/react-dom/cjs/react-dom-client.development.js:3511
[20903220ms] [ERROR] Unable to preventDefault inside passive event listener invocation. @ webpack-internal:///(app-pages-browser)/./node_modules/next/dist/compiled/react-dom/cjs/react-dom-client.development.js:3511
[20903270ms] [ERROR] Unable to preventDefault inside passive event listener invocation. @ webpack-internal:///(app-pages-browser)/./node_modules/next/dist/compiled/react-dom/cjs/react-dom-client.development.js:3511
[20903322ms] [ERROR] Unable to preventDefault inside passive event listener invocation. @ webpack-internal:///(app-pages-browser)/./node_modules/next/dist/compiled/react-dom/cjs/react-dom-client.development.js:3511
[20903534ms] [ERROR] Unable to preventDefault inside passive event listener invocation. @ webpack-internal:///(app-pages-browser)/./node_modules/next/dist/compiled/react-dom/cjs/react-dom-client.development.js:3511
[20903570ms] [ERROR] Unable to preventDefault inside passive event listener invocation. @ webpack-internal:///(app-pages-browser)/./node_modules/next/dist/compiled/react-dom/cjs/react-dom-client.development.js:3511
[20904520ms] [ERROR] Unable to preventDefault inside passive event listener invocation. @ webpack-internal:///(app-pages-browser)/./node_modules/next/dist/compiled/react-dom/cjs/react-dom-client.development.js:3511
[20904587ms] [ERROR] Unable to preventDefault inside passive event listener invocation. @ webpack-internal:///(app-pages-browser)/./node_modules/next/dist/compiled/react-dom/cjs/react-dom-client.development.js:3511
[20904654ms] [ERROR] Unable to preventDefault inside passive event listener invocation. @ webpack-internal:///(app-pages-browser)/./node_modules/next/dist/compiled/react-dom/cjs/react-dom-client.development.js:3511
[20942921ms] [ERROR] Unable to preventDefault inside passive event listener invocation. @ webpack-internal:///(app-pages-browser)/./node_modules/next/dist/compiled/react-dom/cjs/react-dom-client.development.js:3511
[20942963ms] [ERROR] Unable to preventDefault inside passive event listener invocation. @ webpack-internal:///(app-pages-browser)/./node_modules/next/dist/compiled/react-dom/cjs/react-dom-client.development.js:3511
[20943011ms] [ERROR] Unable to preventDefault inside passive event listener invocation. @ webpack-internal:///(app-pages-browser)/./node_modules/next/dist/compiled/react-dom/cjs/react-dom-client.development.js:3511
[20943173ms] [ERROR] Unable to preventDefault inside passive event listener invocation. @ webpack-internal:///(app-pages-browser)/./node_modules/next/dist/compiled/react-dom/cjs/react-dom-client.development.js:3511
[20943205ms] [ERROR] Unable to preventDefault inside passive event listener invocation. @ webpack-internal:///(app-pages-browser)/./node_modules/next/dist/compiled/react-dom/cjs/react-dom-client.development.js:3511
[20943411ms] [ERROR] Unable to preventDefault inside passive event listener invocation. @ webpack-internal:///(app-pages-browser)/./node_modules/next/dist/compiled/react-dom/cjs/react-dom-client.development.js:3511
[20943428ms] [ERROR] Unable to preventDefault inside passive event listener invocation. @ webpack-internal:///(app-pages-browser)/./node_modules/next/dist/compiled/react-dom/cjs/react-dom-client.development.js:3511
[20943455ms] [ERROR] Unable to preventDefault inside passive event listener invocation. @ webpack-internal:///(app-pages-browser)/./node_modules/next/dist/compiled/react-dom/cjs/react-dom-client.development.js:3511
[20943662ms] [ERROR] Unable to preventDefault inside passive event listener invocation. @ webpack-internal:///(app-pages-browser)/./node_modules/next/dist/compiled/react-dom/cjs/react-dom-client.development.js:3511
[20943695ms] [ERROR] Unable to preventDefault inside passive event listener invocation. @ webpack-internal:///(app-pages-browser)/./node_modules/next/dist/compiled/react-dom/cjs/react-dom-client.development.js:3511
[20943729ms] [ERROR] Unable to preventDefault inside passive event listener invocation. @ webpack-internal:///(app-pages-browser)/./node_modules/next/dist/compiled/react-dom/cjs/react-dom-client.development.js:3511
[20943938ms] [ERROR] Unable to preventDefault inside passive event listener invocation. @ webpack-internal:///(app-pages-browser)/./node_modules/next/dist/compiled/react-dom/cjs/react-dom-client.development.js:3511
[20943972ms] [ERROR] Unable to preventDefault inside passive event listener invocation. @ webpack-internal:///(app-pages-browser)/./node_modules/next/dist/compiled/react-dom/cjs/react-dom-client.development.js:3511
[21015875ms] [LOG] [Fast Refresh] rebuilding @ webpack-internal:///(app-pages-browser)/./node_modules/next/dist/next-devtools/shared/forward-logs-shared.js:27
[21016281ms] [LOG] [Fast Refresh] rebuilding @ webpack-internal:///(app-pages-browser)/./node_modules/next/dist/next-devtools/shared/forward-logs-shared.js:27
[21016555ms] [LOG] [Fast Refresh] done in 274ms @ webpack-internal:///(app-pages-browser)/./node_modules/next/dist/next-devtools/shared/forward-logs-shared.js:27
[21017242ms] [LOG] [Fast Refresh] rebuilding @ webpack-internal:///(app-pages-browser)/./node_modules/next/dist/next-devtools/shared/forward-logs-shared.js:27
[21017365ms] [LOG] [Fast Refresh] done in 123ms @ webpack-internal:///(app-pages-browser)/./node_modules/next/dist/next-devtools/shared/forward-logs-shared.js:27
[21018302ms] [LOG] [Fast Refresh] rebuilding @ webpack-internal:///(app-pages-browser)/./node_modules/next/dist/next-devtools/shared/forward-logs-shared.js:27
[21019008ms] [LOG] [Fast Refresh] done in 706ms @ webpack-internal:///(app-pages-browser)/./node_modules/next/dist/next-devtools/shared/forward-logs-shared.js:27
[21019197ms] [LOG] [Fast Refresh] done in 894ms @ webpack-internal:///(app-pages-browser)/./node_modules/next/dist/next-devtools/shared/forward-logs-shared.js:27
[21019297ms] [ERROR] Failed to load resource: the server responded with a status of 500 (Internal Server Error) @ http://localhost:3000/api/pole_tags:0
[21039857ms] [LOG] [Fast Refresh] rebuilding @ webpack-internal:///(app-pages-browser)/./node_modules/next/dist/next-devtools/shared/forward-logs-shared.js:27
[21040202ms] [LOG] [Fast Refresh] done in 344ms @ webpack-internal:///(app-pages-browser)/./node_modules/next/dist/next-devtools/shared/forward-logs-shared.js:27
[21056005ms] [LOG] [Fast Refresh] rebuilding @ webpack-internal:///(app-pages-browser)/./node_modules/next/dist/next-devtools/shared/forward-logs-shared.js:27
[21056342ms] [LOG] [Fast Refresh] done in 338ms @ webpack-internal:///(app-pages-browser)/./node_modules/next/dist/next-devtools/shared/forward-logs-shared.js:27
[21072345ms] [LOG] [Fast Refresh] rebuilding @ webpack-internal:///(app-pages-browser)/./node_modules/next/dist/next-devtools/shared/forward-logs-shared.js:27
[21072956ms] [LOG] [Fast Refresh] done in 611ms @ webpack-internal:///(app-pages-browser)/./node_modules/next/dist/next-devtools/shared/forward-logs-shared.js:27
[21095413ms] [LOG] [Fast Refresh] rebuilding @ webpack-internal:///(app-pages-browser)/./node_modules/next/dist/next-devtools/shared/forward-logs-shared.js:27
[21095736ms] [LOG] [Fast Refresh] rebuilding @ webpack-internal:///(app-pages-browser)/./node_modules/next/dist/next-devtools/shared/forward-logs-shared.js:27
[21095821ms] [LOG] [Fast Refresh] done in 85ms @ webpack-internal:///(app-pages-browser)/./node_modules/next/dist/next-devtools/shared/forward-logs-shared.js:27
[21096218ms] [LOG] [Fast Refresh] done in 483ms @ webpack-internal:///(app-pages-browser)/./node_modules/next/dist/next-devtools/shared/forward-logs-shared.js:27
[21213667ms] [LOG] [Fast Refresh] rebuilding @ webpack-internal:///(app-pages-browser)/./node_modules/next/dist/next-devtools/shared/forward-logs-shared.js:27
[21214460ms] [LOG] [Fast Refresh] done in 792ms @ webpack-internal:///(app-pages-browser)/./node_modules/next/dist/next-devtools/shared/forward-logs-shared.js:27
[21236662ms] [LOG] [Fast Refresh] rebuilding @ webpack-internal:///(app-pages-browser)/./node_modules/next/dist/next-devtools/shared/forward-logs-shared.js:27
[21237027ms] [LOG] [Fast Refresh] done in 366ms @ webpack-internal:///(app-pages-browser)/./node_modules/next/dist/next-devtools/shared/forward-logs-shared.js:27
[21422129ms] [LOG] [Fast Refresh] rebuilding @ webpack-internal:///(app-pages-browser)/./node_modules/next/dist/next-devtools/shared/forward-logs-shared.js:27
[21422292ms] [WARNING] The resource http://localhost:3000/_next/static/css/app/layout.css?v=1785241639518 was preloaded using link preload but not used within a few seconds from the window's load event. Please make sure it has an appropriate `as` value and it is preloaded intentionally. @ http://localhost:3000/:0
[21422987ms] [LOG] [Fast Refresh] done in 859ms @ webpack-internal:///(app-pages-browser)/./node_modules/next/dist/next-devtools/shared/forward-logs-shared.js:27
[21423043ms] [LOG] [Fast Refresh] rebuilding @ webpack-internal:///(app-pages-browser)/./node_modules/next/dist/next-devtools/shared/forward-logs-shared.js:27
[21423399ms] [LOG] [Fast Refresh] done in 357ms @ webpack-internal:///(app-pages-browser)/./node_modules/next/dist/next-devtools/shared/forward-logs-shared.js:27
[21423896ms] [LOG] [Fast Refresh] rebuilding @ webpack-internal:///(app-pages-browser)/./node_modules/next/dist/next-devtools/shared/forward-logs-shared.js:27
[21424768ms] [LOG] [Fast Refresh] rebuilding @ webpack-internal:///(app-pages-browser)/./node_modules/next/dist/next-devtools/shared/forward-logs-shared.js:27
[21424982ms] [LOG] [Fast Refresh] done in 214ms @ webpack-internal:///(app-pages-browser)/./node_modules/next/dist/next-devtools/shared/forward-logs-shared.js:27
[21425426ms] [LOG] [Fast Refresh] rebuilding @ webpack-internal:///(app-pages-browser)/./node_modules/next/dist/next-devtools/shared/forward-logs-shared.js:27
[21425646ms] [LOG] [Fast Refresh] done in 221ms @ webpack-internal:///(app-pages-browser)/./node_modules/next/dist/next-devtools/shared/forward-logs-shared.js:27
[21426363ms] [LOG] [Fast Refresh] done in 937ms @ webpack-internal:///(app-pages-browser)/./node_modules/next/dist/next-devtools/shared/forward-logs-shared.js:27
[21430489ms] [LOG] [cache-update] sid= null poleTags= 0 shapes= 151 @ webpack-internal:///(app-pages-browser)/./node_modules/next/dist/next-devtools/shared/forward-logs-shared.js:27
[21430489ms] [WARNING] [cache-update] skipping save — no sessionId or db @ webpack-internal:///(app-pages-browser)/./node_modules/next/dist/next-devtools/shared/forward-logs-shared.js:27
[21547707ms] [LOG] [Fast Refresh] rebuilding @ webpack-internal:///(app-pages-browser)/./node_modules/next/dist/next-devtools/shared/forward-logs-shared.js:27
[21548228ms] [LOG] [Fast Refresh] done in 521ms @ webpack-internal:///(app-pages-browser)/./node_modules/next/dist/next-devtools/shared/forward-logs-shared.js:27
[21557224ms] [INFO] %cDownload the React DevTools for a better development experience: https://react.dev/link/react-devtools font-weight:bold @ webpack-internal:///(app-pages-browser)/./node_modules/next/dist/next-devtools/shared/forward-logs-shared.js:27
[21557471ms] [LOG] [HMR] connected @ webpack-internal:///(app-pages-browser)/./node_modules/next/dist/next-devtools/shared/forward-logs-shared.js:27
[21562581ms] [LOG] [Fast Refresh] rebuilding @ webpack-internal:///(app-pages-browser)/./node_modules/next/dist/next-devtools/shared/forward-logs-shared.js:27
[21562933ms] [LOG] [Fast Refresh] done in 353ms @ webpack-internal:///(app-pages-browser)/./node_modules/next/dist/next-devtools/shared/forward-logs-shared.js:27
[21569164ms] [WARNING] [session] could not resolve session: Error: Supabase not configured. Add NEXT_PUBLIC_SUPABASE_URL and NEXT_PUBLIC_SUPABASE_ANON_KEY to .env
    at throwNotConfigured (webpack-internal:///(app-pages-browser)/./app/hooks/useDatabase.ts:11:11)
    at useDatabase.useCallback[getSb] (webpack-internal:///(app-pages-browser)/./app/hooks/useDatabase.ts:16:71)
    at useDatabase.useCallback[checkForExistingSession] [as checkForExistingSession] (webpack-internal:///(app-pages-browser)/./app/hooks/useDatabase.ts:171:24)
    at Home.useCallback[resolveSessionId] (webpack-internal:///(app-pages-browser)/./app/page.tsx:98:43)
    at Home.useCallback[handleStartProcessing] (webpack-internal:///(app-pages-browser)/./app/page.tsx:218:13)
    at onClick (webpack-internal:///(app-pages-browser)/./app/components/LoadScreen.tsx:2150:46)
    at executeDispatch (webpack-internal:///(app-pages-browser)/./node_modules/next/dist/compiled/react-dom/cjs/react-dom-client.development.js:20544:9)
    at runWithFiberInDEV (webpack-internal:///(app-pages-browser)/./node_modules/next/dist/compiled/react-dom/cjs/react-dom-client.development.js:987:30)
    at processDispatchQueue (webpack-internal:///(app-pages-browser)/./node_modules/next/dist/compiled/react-dom/cjs/react-dom-client.development.js:20594:19)
    at eval (webpack-internal:///(app-pages-browser)/./node_modules/next/dist/compiled/react-dom/cjs/react-dom-client.development.js:21165:9)
    at batchedUpdates$1 (webpack-internal:///(app-pages-browser)/./node_modules/next/dist/compiled/react-dom/cjs/react-dom-client.development.js:3378:40)
    at dispatchEventForPluginEventSystem (webpack-internal:///(app-pages-browser)/./node_modules/next/dist/compiled/react-dom/cjs/react-dom-client.development.js:20748:7)
    at dispatchEvent (webpack-internal:///(app-pages-browser)/./node_modules/next/dist/compiled/react-dom/cjs/react-dom-client.development.js:25694:11)
    at dispatchDiscreteEvent (webpack-internal:///(app-pages-browser)/./node_modules/next/dist/compiled/react-dom/cjs/react-dom-client.development.js:25662:11) @ webpack-internal:///(app-pages-browser)/./node_modules/next/dist/next-devtools/shared/forward-logs-shared.js:27
[21577413ms] [LOG] [Fast Refresh] rebuilding @ webpack-internal:///(app-pages-browser)/./node_modules/next/dist/next-devtools/shared/forward-logs-shared.js:27
[21577854ms] [LOG] [Fast Refresh] done in 441ms @ webpack-internal:///(app-pages-browser)/./node_modules/next/dist/next-devtools/shared/forward-logs-shared.js:27
[21595902ms] [LOG] [Fast Refresh] rebuilding @ webpack-internal:///(app-pages-browser)/./node_modules/next/dist/next-devtools/shared/forward-logs-shared.js:27
[21596343ms] [LOG] [Fast Refresh] done in 442ms @ webpack-internal:///(app-pages-browser)/./node_modules/next/dist/next-devtools/shared/forward-logs-shared.js:27
[21598086ms] [LOG] [Fast Refresh] rebuilding @ webpack-internal:///(app-pages-browser)/./node_modules/next/dist/next-devtools/shared/forward-logs-shared.js:27
[21598932ms] [LOG] [Fast Refresh] done in 845ms @ webpack-internal:///(app-pages-browser)/./node_modules/next/dist/next-devtools/shared/forward-logs-shared.js:27
[21607205ms] [LOG] [PoleLayout mount] cachedData: poleDone=false tags=0 @ webpack-internal:///(app-pages-browser)/./node_modules/next/dist/next-devtools/shared/forward-logs-shared.js:27
[21607219ms] [LOG] [PoleLayout mount] cachedData: poleDone=false tags=0 @ webpack-internal:///(app-pages-browser)/./node_modules/next/dist/next-devtools/shared/forward-logs-shared.js:27
[21607422ms] [LOG] [Fast Refresh] rebuilding @ webpack-internal:///(app-pages-browser)/./node_modules/next/dist/next-devtools/shared/forward-logs-shared.js:27
[21607761ms] [LOG] [Fast Refresh] done in 338ms @ webpack-internal:///(app-pages-browser)/./node_modules/next/dist/next-devtools/shared/forward-logs-shared.js:27
[21607828ms] [LOG] [Fast Refresh] rebuilding @ webpack-internal:///(app-pages-browser)/./node_modules/next/dist/next-devtools/shared/forward-logs-shared.js:27
[21608070ms] [LOG] [Fast Refresh] done in 242ms @ webpack-internal:///(app-pages-browser)/./node_modules/next/dist/next-devtools/shared/forward-logs-shared.js:27
[21608192ms] [ERROR] Unable to preventDefault inside passive event listener invocation. @ webpack-internal:///(app-pages-browser)/./node_modules/next/dist/compiled/react-dom/cjs/react-dom-client.development.js:3511
[21609836ms] [ERROR] Unable to preventDefault inside passive event listener invocation. @ webpack-internal:///(app-pages-browser)/./node_modules/next/dist/compiled/react-dom/cjs/react-dom-client.development.js:3511
[21609842ms] [ERROR] Unable to preventDefault inside passive event listener invocation. @ webpack-internal:///(app-pages-browser)/./node_modules/next/dist/compiled/react-dom/cjs/react-dom-client.development.js:3511
[21609863ms] [ERROR] Unable to preventDefault inside passive event listener invocation. @ webpack-internal:///(app-pages-browser)/./node_modules/next/dist/compiled/react-dom/cjs/react-dom-client.development.js:3511
[21610033ms] [ERROR] Unable to preventDefault inside passive event listener invocation. @ webpack-internal:///(app-pages-browser)/./node_modules/next/dist/compiled/react-dom/cjs/react-dom-client.development.js:3511
[21610074ms] [ERROR] Unable to preventDefault inside passive event listener invocation. @ webpack-internal:///(app-pages-browser)/./node_modules/next/dist/compiled/react-dom/cjs/react-dom-client.development.js:3511
[21610100ms] [ERROR] Unable to preventDefault inside passive event listener invocation. @ webpack-internal:///(app-pages-browser)/./node_modules/next/dist/compiled/react-dom/cjs/react-dom-client.development.js:3511
[21610310ms] [ERROR] Unable to preventDefault inside passive event listener invocation. @ webpack-internal:///(app-pages-browser)/./node_modules/next/dist/compiled/react-dom/cjs/react-dom-client.development.js:3511
[21610358ms] [ERROR] Unable to preventDefault inside passive event listener invocation. @ webpack-internal:///(app-pages-browser)/./node_modules/next/dist/compiled/react-dom/cjs/react-dom-client.development.js:3511
[21610992ms] [ERROR] Unable to preventDefault inside passive event listener invocation. @ webpack-internal:///(app-pages-browser)/./node_modules/next/dist/compiled/react-dom/cjs/react-dom-client.development.js:3511
[21611001ms] [ERROR] Unable to preventDefault inside passive event listener invocation. @ webpack-internal:///(app-pages-browser)/./node_modules/next/dist/compiled/react-dom/cjs/react-dom-client.development.js:3511
[21611025ms] [ERROR] Unable to preventDefault inside passive event listener invocation. @ webpack-internal:///(app-pages-browser)/./node_modules/next/dist/compiled/react-dom/cjs/react-dom-client.development.js:3511
[21611060ms] [ERROR] Unable to preventDefault inside passive event listener invocation. @ webpack-internal:///(app-pages-browser)/./node_modules/next/dist/compiled/react-dom/cjs/react-dom-client.development.js:3511
[21614258ms] [LOG] [cache-update] sid= null poleTags= 123 shapes= 0 @ webpack-internal:///(app-pages-browser)/./node_modules/next/dist/next-devtools/shared/forward-logs-shared.js:27
[21614259ms] [WARNING] [cache-update] skipping save — no sessionId or db @ webpack-internal:///(app-pages-browser)/./node_modules/next/dist/next-devtools/shared/forward-logs-shared.js:27
[21626667ms] [ERROR] Unable to preventDefault inside passive event listener invocation. @ webpack-internal:///(app-pages-browser)/./node_modules/next/dist/compiled/react-dom/cjs/react-dom-client.development.js:3511
[21626700ms] [ERROR] Unable to preventDefault inside passive event listener invocation. @ webpack-internal:///(app-pages-browser)/./node_modules/next/dist/compiled/react-dom/cjs/react-dom-client.development.js:3511
[21626708ms] [ERROR] Unable to preventDefault inside passive event listener invocation. @ webpack-internal:///(app-pages-browser)/./node_modules/next/dist/compiled/react-dom/cjs/react-dom-client.development.js:3511
[21626750ms] [ERROR] Unable to preventDefault inside passive event listener invocation. @ webpack-internal:///(app-pages-browser)/./node_modules/next/dist/compiled/react-dom/cjs/react-dom-client.development.js:3511
[21626969ms] [ERROR] Unable to preventDefault inside passive event listener invocation. @ webpack-internal:///(app-pages-browser)/./node_modules/next/dist/compiled/react-dom/cjs/react-dom-client.development.js:3511
[21626985ms] [ERROR] Unable to preventDefault inside passive event listener invocation. @ webpack-internal:///(app-pages-browser)/./node_modules/next/dist/compiled/react-dom/cjs/react-dom-client.development.js:3511
[21627017ms] [ERROR] Unable to preventDefault inside passive event listener invocation. @ webpack-internal:///(app-pages-browser)/./node_modules/next/dist/compiled/react-dom/cjs/react-dom-client.development.js:3511
[21627024ms] [ERROR] Unable to preventDefault inside passive event listener invocation. @ webpack-internal:///(app-pages-browser)/./node_modules/next/dist/compiled/react-dom/cjs/react-dom-client.development.js:3511
[21627245ms] [ERROR] Unable to preventDefault inside passive event listener invocation. @ webpack-internal:///(app-pages-browser)/./node_modules/next/dist/compiled/react-dom/cjs/react-dom-client.development.js:3511
[21627266ms] [ERROR] Unable to preventDefault inside passive event listener invocation. @ webpack-internal:///(app-pages-browser)/./node_modules/next/dist/compiled/react-dom/cjs/react-dom-client.development.js:3511
[21627300ms] [ERROR] Unable to preventDefault inside passive event listener invocation. @ webpack-internal:///(app-pages-browser)/./node_modules/next/dist/compiled/react-dom/cjs/react-dom-client.development.js:3511
[21628333ms] [ERROR] Unable to preventDefault inside passive event listener invocation. @ webpack-internal:///(app-pages-browser)/./node_modules/next/dist/compiled/react-dom/cjs/react-dom-client.development.js:3511
[21628350ms] [ERROR] Unable to preventDefault inside passive event listener invocation. @ webpack-internal:///(app-pages-browser)/./node_modules/next/dist/compiled/react-dom/cjs/react-dom-client.development.js:3511
[21628376ms] [ERROR] Unable to preventDefault inside passive event listener invocation. @ webpack-internal:///(app-pages-browser)/./node_modules/next/dist/compiled/react-dom/cjs/react-dom-client.development.js:3511
[21628591ms] [ERROR] Unable to preventDefault inside passive event listener invocation. @ webpack-internal:///(app-pages-browser)/./node_modules/next/dist/compiled/react-dom/cjs/react-dom-client.development.js:3511
[21628617ms] [ERROR] Unable to preventDefault inside passive event listener invocation. @ webpack-internal:///(app-pages-browser)/./node_modules/next/dist/compiled/react-dom/cjs/react-dom-client.development.js:3511
[21628650ms] [ERROR] Unable to preventDefault inside passive event listener invocation. @ webpack-internal:///(app-pages-browser)/./node_modules/next/dist/compiled/react-dom/cjs/react-dom-client.development.js:3511
[21628879ms] [ERROR] Unable to preventDefault inside passive event listener invocation. @ webpack-internal:///(app-pages-browser)/./node_modules/next/dist/compiled/react-dom/cjs/react-dom-client.development.js:3511
[21628917ms] [ERROR] Unable to preventDefault inside passive event listener invocation. @ webpack-internal:///(app-pages-browser)/./node_modules/next/dist/compiled/react-dom/cjs/react-dom-client.development.js:3511
[21628950ms] [ERROR] Unable to preventDefault inside passive event listener invocation. @ webpack-internal:///(app-pages-browser)/./node_modules/next/dist/compiled/react-dom/cjs/react-dom-client.development.js:3511
[21630618ms] [ERROR] Unable to preventDefault inside passive event listener invocation. @ webpack-internal:///(app-pages-browser)/./node_modules/next/dist/compiled/react-dom/cjs/react-dom-client.development.js:3511
[21630623ms] [ERROR] Unable to preventDefault inside passive event listener invocation. @ webpack-internal:///(app-pages-browser)/./node_modules/next/dist/compiled/react-dom/cjs/react-dom-client.development.js:3511
[21630656ms] [ERROR] Unable to preventDefault inside passive event listener invocation. @ webpack-internal:///(app-pages-browser)/./node_modules/next/dist/compiled/react-dom/cjs/react-dom-client.development.js:3511
[21630970ms] [ERROR] Unable to preventDefault inside passive event listener invocation. @ webpack-internal:///(app-pages-browser)/./node_modules/next/dist/compiled/react-dom/cjs/react-dom-client.development.js:3511
[21631001ms] [ERROR] Unable to preventDefault inside passive event listener invocation. @ webpack-internal:///(app-pages-browser)/./node_modules/next/dist/compiled/react-dom/cjs/react-dom-client.development.js:3511
[21631262ms] [ERROR] Unable to preventDefault inside passive event listener invocation. @ webpack-internal:///(app-pages-browser)/./node_modules/next/dist/compiled/react-dom/cjs/react-dom-client.development.js:3511
[21631304ms] [ERROR] Unable to preventDefault inside passive event listener invocation. @ webpack-internal:///(app-pages-browser)/./node_modules/next/dist/compiled/react-dom/cjs/react-dom-client.development.js:3511
[21636205ms] [ERROR] Unable to preventDefault inside passive event listener invocation. @ webpack-internal:///(app-pages-browser)/./node_modules/next/dist/compiled/react-dom/cjs/react-dom-client.development.js:3511
[21636221ms] [ERROR] Unable to preventDefault inside passive event listener invocation. @ webpack-internal:///(app-pages-browser)/./node_modules/next/dist/compiled/react-dom/cjs/react-dom-client.development.js:3511
[21636254ms] [ERROR] Unable to preventDefault inside passive event listener invocation. @ webpack-internal:///(app-pages-browser)/./node_modules/next/dist/compiled/react-dom/cjs/react-dom-client.development.js:3511
[21636480ms] [ERROR] Unable to preventDefault inside passive event listener invocation. @ webpack-internal:///(app-pages-browser)/./node_modules/next/dist/compiled/react-dom/cjs/react-dom-client.development.js:3511
[21636521ms] [ERROR] Unable to preventDefault inside passive event listener invocation. @ webpack-internal:///(app-pages-browser)/./node_modules/next/dist/compiled/react-dom/cjs/react-dom-client.development.js:3511
[21636554ms] [ERROR] Unable to preventDefault inside passive event listener invocation. @ webpack-internal:///(app-pages-browser)/./node_modules/next/dist/compiled/react-dom/cjs/react-dom-client.development.js:3511
[21636743ms] [ERROR] Unable to preventDefault inside passive event listener invocation. @ webpack-internal:///(app-pages-browser)/./node_modules/next/dist/compiled/react-dom/cjs/react-dom-client.development.js:3511
[21636770ms] [ERROR] Unable to preventDefault inside passive event listener invocation. @ webpack-internal:///(app-pages-browser)/./node_modules/next/dist/compiled/react-dom/cjs/react-dom-client.development.js:3511
[21636805ms] [ERROR] Unable to preventDefault inside passive event listener invocation. @ webpack-internal:///(app-pages-browser)/./node_modules/next/dist/compiled/react-dom/cjs/react-dom-client.development.js:3511
[21637015ms] [ERROR] Unable to preventDefault inside passive event listener invocation. @ webpack-internal:///(app-pages-browser)/./node_modules/next/dist/compiled/react-dom/cjs/react-dom-client.development.js:3511
[21637054ms] [ERROR] Unable to preventDefault inside passive event listener invocation. @ webpack-internal:///(app-pages-browser)/./node_modules/next/dist/compiled/react-dom/cjs/react-dom-client.development.js:3511
[21637088ms] [ERROR] Unable to preventDefault inside passive event listener invocation. @ webpack-internal:///(app-pages-browser)/./node_modules/next/dist/compiled/react-dom/cjs/react-dom-client.development.js:3511
[21637402ms] [ERROR] Unable to preventDefault inside passive event listener invocation. @ webpack-internal:///(app-pages-browser)/./node_modules/next/dist/compiled/react-dom/cjs/react-dom-client.development.js:3511
[21637437ms] [ERROR] Unable to preventDefault inside passive event listener invocation. @ webpack-internal:///(app-pages-browser)/./node_modules/next/dist/compiled/react-dom/cjs/react-dom-client.development.js:3511
[21637446ms] [ERROR] Unable to preventDefault inside passive event listener invocation. @ webpack-internal:///(app-pages-browser)/./node_modules/next/dist/compiled/react-dom/cjs/react-dom-client.development.js:3511
[21637471ms] [ERROR] Unable to preventDefault inside passive event listener invocation. @ webpack-internal:///(app-pages-browser)/./node_modules/next/dist/compiled/react-dom/cjs/react-dom-client.development.js:3511
[21637674ms] [ERROR] Unable to preventDefault inside passive event listener invocation. @ webpack-internal:///(app-pages-browser)/./node_modules/next/dist/compiled/react-dom/cjs/react-dom-client.development.js:3511
[21637704ms] [ERROR] Unable to preventDefault inside passive event listener invocation. @ webpack-internal:///(app-pages-browser)/./node_modules/next/dist/compiled/react-dom/cjs/react-dom-client.development.js:3511
[21637721ms] [ERROR] Unable to preventDefault inside passive event listener invocation. @ webpack-internal:///(app-pages-browser)/./node_modules/next/dist/compiled/react-dom/cjs/react-dom-client.development.js:3511
[21637926ms] [ERROR] Unable to preventDefault inside passive event listener invocation. @ webpack-internal:///(app-pages-browser)/./node_modules/next/dist/compiled/react-dom/cjs/react-dom-client.development.js:3511
[21637944ms] [ERROR] Unable to preventDefault inside passive event listener invocation. @ webpack-internal:///(app-pages-browser)/./node_modules/next/dist/compiled/react-dom/cjs/react-dom-client.development.js:3511
[21637950ms] [ERROR] Unable to preventDefault inside passive event listener invocation. @ webpack-internal:///(app-pages-browser)/./node_modules/next/dist/compiled/react-dom/cjs/react-dom-client.development.js:3511
[21638159ms] [ERROR] Unable to preventDefault inside passive event listener invocation. @ webpack-internal:///(app-pages-browser)/./node_modules/next/dist/compiled/react-dom/cjs/react-dom-client.development.js:3511
[21638173ms] [ERROR] Unable to preventDefault inside passive event listener invocation. @ webpack-internal:///(app-pages-browser)/./node_modules/next/dist/compiled/react-dom/cjs/react-dom-client.development.js:3511
[21638190ms] [ERROR] Unable to preventDefault inside passive event listener invocation. @ webpack-internal:///(app-pages-browser)/./node_modules/next/dist/compiled/react-dom/cjs/react-dom-client.development.js:3511
[21638198ms] [ERROR] Unable to preventDefault inside passive event listener invocation. @ webpack-internal:///(app-pages-browser)/./node_modules/next/dist/compiled/react-dom/cjs/react-dom-client.development.js:3511
[21638424ms] [ERROR] Unable to preventDefault inside passive event listener invocation. @ webpack-internal:///(app-pages-browser)/./node_modules/next/dist/compiled/react-dom/cjs/react-dom-client.development.js:3511
[21638454ms] [ERROR] Unable to preventDefault inside passive event listener invocation. @ webpack-internal:///(app-pages-browser)/./node_modules/next/dist/compiled/react-dom/cjs/react-dom-client.development.js:3511
[21638461ms] [ERROR] Unable to preventDefault inside passive event listener invocation. @ webpack-internal:///(app-pages-browser)/./node_modules/next/dist/compiled/react-dom/cjs/react-dom-client.development.js:3511
[21641296ms] [ERROR] Unable to preventDefault inside passive event listener invocation. @ webpack-internal:///(app-pages-browser)/./node_modules/next/dist/compiled/react-dom/cjs/react-dom-client.development.js:3511
[21641307ms] [ERROR] Unable to preventDefault inside passive event listener invocation. @ webpack-internal:///(app-pages-browser)/./node_modules/next/dist/compiled/react-dom/cjs/react-dom-client.development.js:3511
[21641333ms] [ERROR] Unable to preventDefault inside passive event listener invocation. @ webpack-internal:///(app-pages-browser)/./node_modules/next/dist/compiled/react-dom/cjs/react-dom-client.development.js:3511
[21641539ms] [ERROR] Unable to preventDefault inside passive event listener invocation. @ webpack-internal:///(app-pages-browser)/./node_modules/next/dist/compiled/react-dom/cjs/react-dom-client.development.js:3511
[21641557ms] [ERROR] Unable to preventDefault inside passive event listener invocation. @ webpack-internal:///(app-pages-browser)/./node_modules/next/dist/compiled/react-dom/cjs/react-dom-client.development.js:3511
[21641576ms] [ERROR] Unable to preventDefault inside passive event listener invocation. @ webpack-internal:///(app-pages-browser)/./node_modules/next/dist/compiled/react-dom/cjs/react-dom-client.development.js:3511
[21641623ms] [ERROR] Unable to preventDefault inside passive event listener invocation. @ webpack-internal:///(app-pages-browser)/./node_modules/next/dist/compiled/react-dom/cjs/react-dom-client.development.js:3511
[21641780ms] [ERROR] Unable to preventDefault inside passive event listener invocation. @ webpack-internal:///(app-pages-browser)/./node_modules/next/dist/compiled/react-dom/cjs/react-dom-client.development.js:3511
[21641806ms] [ERROR] Unable to preventDefault inside passive event listener invocation. @ webpack-internal:///(app-pages-browser)/./node_modules/next/dist/compiled/react-dom/cjs/react-dom-client.development.js:3511
[21641823ms] [ERROR] Unable to preventDefault inside passive event listener invocation. @ webpack-internal:///(app-pages-browser)/./node_modules/next/dist/compiled/react-dom/cjs/react-dom-client.development.js:3511
[21642125ms] [ERROR] Unable to preventDefault inside passive event listener invocation. @ webpack-internal:///(app-pages-browser)/./node_modules/next/dist/compiled/react-dom/cjs/react-dom-client.development.js:3511
[21642173ms] [ERROR] Unable to preventDefault inside passive event listener invocation. @ webpack-internal:///(app-pages-browser)/./node_modules/next/dist/compiled/react-dom/cjs/react-dom-client.development.js:3511
[21642207ms] [ERROR] Unable to preventDefault inside passive event listener invocation. @ webpack-internal:///(app-pages-browser)/./node_modules/next/dist/compiled/react-dom/cjs/react-dom-client.development.js:3511
[21643624ms] [ERROR] Unable to preventDefault inside passive event listener invocation. @ webpack-internal:///(app-pages-browser)/./node_modules/next/dist/compiled/react-dom/cjs/react-dom-client.development.js:3511
[21643631ms] [ERROR] Unable to preventDefault inside passive event listener invocation. @ webpack-internal:///(app-pages-browser)/./node_modules/next/dist/compiled/react-dom/cjs/react-dom-client.development.js:3511
[21643889ms] [ERROR] Unable to preventDefault inside passive event listener invocation. @ webpack-internal:///(app-pages-browser)/./node_modules/next/dist/compiled/react-dom/cjs/react-dom-client.development.js:3511
[21643907ms] [ERROR] Unable to preventDefault inside passive event listener invocation. @ webpack-internal:///(app-pages-browser)/./node_modules/next/dist/compiled/react-dom/cjs/react-dom-client.development.js:3511
[21643940ms] [ERROR] Unable to preventDefault inside passive event listener invocation. @ webpack-internal:///(app-pages-browser)/./node_modules/next/dist/compiled/react-dom/cjs/react-dom-client.development.js:3511
[21643974ms] [ERROR] Unable to preventDefault inside passive event listener invocation. @ webpack-internal:///(app-pages-browser)/./node_modules/next/dist/compiled/react-dom/cjs/react-dom-client.development.js:3511
[21644165ms] [ERROR] Unable to preventDefault inside passive event listener invocation. @ webpack-internal:///(app-pages-browser)/./node_modules/next/dist/compiled/react-dom/cjs/react-dom-client.development.js:3511
[21644190ms] [ERROR] Unable to preventDefault inside passive event listener invocation. @ webpack-internal:///(app-pages-browser)/./node_modules/next/dist/compiled/react-dom/cjs/react-dom-client.development.js:3511
[21644207ms] [ERROR] Unable to preventDefault inside passive event listener invocation. @ webpack-internal:///(app-pages-browser)/./node_modules/next/dist/compiled/react-dom/cjs/react-dom-client.development.js:3511
[21644422ms] [ERROR] Unable to preventDefault inside passive event listener invocation. @ webpack-internal:///(app-pages-browser)/./node_modules/next/dist/compiled/react-dom/cjs/react-dom-client.development.js:3511
[21644440ms] [ERROR] Unable to preventDefault inside passive event listener invocation. @ webpack-internal:///(app-pages-browser)/./node_modules/next/dist/compiled/react-dom/cjs/react-dom-client.development.js:3511
[21644457ms] [ERROR] Unable to preventDefault inside passive event listener invocation. @ webpack-internal:///(app-pages-browser)/./node_modules/next/dist/compiled/react-dom/cjs/react-dom-client.development.js:3511
[21644490ms] [ERROR] Unable to preventDefault inside passive event listener invocation. @ webpack-internal:///(app-pages-browser)/./node_modules/next/dist/compiled/react-dom/cjs/react-dom-client.development.js:3511
[21646575ms] [ERROR] Unable to preventDefault inside passive event listener invocation. @ webpack-internal:///(app-pages-browser)/./node_modules/next/dist/compiled/react-dom/cjs/react-dom-client.development.js:3511
[21646608ms] [ERROR] Unable to preventDefault inside passive event listener invocation. @ webpack-internal:///(app-pages-browser)/./node_modules/next/dist/compiled/react-dom/cjs/react-dom-client.development.js:3511
[21646642ms] [ERROR] Unable to preventDefault inside passive event listener invocation. @ webpack-internal:///(app-pages-browser)/./node_modules/next/dist/compiled/react-dom/cjs/react-dom-client.development.js:3511
[21646791ms] [ERROR] Unable to preventDefault inside passive event listener invocation. @ webpack-internal:///(app-pages-browser)/./node_modules/next/dist/compiled/react-dom/cjs/react-dom-client.development.js:3511
[21646842ms] [ERROR] Unable to preventDefault inside passive event listener invocation. @ webpack-internal:///(app-pages-browser)/./node_modules/next/dist/compiled/react-dom/cjs/react-dom-client.development.js:3511
[21646858ms] [ERROR] Unable to preventDefault inside passive event listener invocation. @ webpack-internal:///(app-pages-browser)/./node_modules/next/dist/compiled/react-dom/cjs/react-dom-client.development.js:3511
[21646892ms] [ERROR] Unable to preventDefault inside passive event listener invocation. @ webpack-internal:///(app-pages-browser)/./node_modules/next/dist/compiled/react-dom/cjs/react-dom-client.development.js:3511
[21647077ms] [ERROR] Unable to preventDefault inside passive event listener invocation. @ webpack-internal:///(app-pages-browser)/./node_modules/next/dist/compiled/react-dom/cjs/react-dom-client.development.js:3511
[21647109ms] [ERROR] Unable to preventDefault inside passive event listener invocation. @ webpack-internal:///(app-pages-browser)/./node_modules/next/dist/compiled/react-dom/cjs/react-dom-client.development.js:3511
[21647331ms] [ERROR] Unable to preventDefault inside passive event listener invocation. @ webpack-internal:///(app-pages-browser)/./node_modules/next/dist/compiled/react-dom/cjs/react-dom-client.development.js:3511
[21647342ms] [ERROR] Unable to preventDefault inside passive event listener invocation. @ webpack-internal:///(app-pages-browser)/./node_modules/next/dist/compiled/react-dom/cjs/react-dom-client.development.js:3511
[21647364ms] [ERROR] Unable to preventDefault inside passive event listener invocation. @ webpack-internal:///(app-pages-browser)/./node_modules/next/dist/compiled/react-dom/cjs/react-dom-client.development.js:3511
[21647553ms] [ERROR] Unable to preventDefault inside passive event listener invocation. @ webpack-internal:///(app-pages-browser)/./node_modules/next/dist/compiled/react-dom/cjs/react-dom-client.development.js:3511
[21647592ms] [ERROR] Unable to preventDefault inside passive event listener invocation. @ webpack-internal:///(app-pages-browser)/./node_modules/next/dist/compiled/react-dom/cjs/react-dom-client.development.js:3511
[21647609ms] [ERROR] Unable to preventDefault inside passive event listener invocation. @ webpack-internal:///(app-pages-browser)/./node_modules/next/dist/compiled/react-dom/cjs/react-dom-client.development.js:3511
[21647642ms] [ERROR] Unable to preventDefault inside passive event listener invocation. @ webpack-internal:///(app-pages-browser)/./node_modules/next/dist/compiled/react-dom/cjs/react-dom-client.development.js:3511
[21647965ms] [ERROR] Unable to preventDefault inside passive event listener invocation. @ webpack-internal:///(app-pages-browser)/./node_modules/next/dist/compiled/react-dom/cjs/react-dom-client.development.js:3511
[21647975ms] [ERROR] Unable to preventDefault inside passive event listener invocation. @ webpack-internal:///(app-pages-browser)/./node_modules/next/dist/compiled/react-dom/cjs/react-dom-client.development.js:3511
[21647998ms] [ERROR] Unable to preventDefault inside passive event listener invocation. @ webpack-internal:///(app-pages-browser)/./node_modules/next/dist/compiled/react-dom/cjs/react-dom-client.development.js:3511
[21648007ms] [ERROR] Unable to preventDefault inside passive event listener invocation. @ webpack-internal:///(app-pages-browser)/./node_modules/next/dist/compiled/react-dom/cjs/react-dom-client.development.js:3511
[21648221ms] [ERROR] Unable to preventDefault inside passive event listener invocation. @ webpack-internal:///(app-pages-browser)/./node_modules/next/dist/compiled/react-dom/cjs/react-dom-client.development.js:3511
[21648242ms] [ERROR] Unable to preventDefault inside passive event listener invocation. @ webpack-internal:///(app-pages-browser)/./node_modules/next/dist/compiled/react-dom/cjs/react-dom-client.development.js:3511
[21648259ms] [ERROR] Unable to preventDefault inside passive event listener invocation. @ webpack-internal:///(app-pages-browser)/./node_modules/next/dist/compiled/react-dom/cjs/react-dom-client.development.js:3511
[21648276ms] [ERROR] Unable to preventDefault inside passive event listener invocation. @ webpack-internal:///(app-pages-browser)/./node_modules/next/dist/compiled/react-dom/cjs/react-dom-client.development.js:3511
[21648500ms] [ERROR] Unable to preventDefault inside passive event listener invocation. @ webpack-internal:///(app-pages-browser)/./node_modules/next/dist/compiled/react-dom/cjs/react-dom-client.development.js:3511
[21648526ms] [ERROR] Unable to preventDefault inside passive event listener invocation. @ webpack-internal:///(app-pages-browser)/./node_modules/next/dist/compiled/react-dom/cjs/react-dom-client.development.js:3511
[21648533ms] [ERROR] Unable to preventDefault inside passive event listener invocation. @ webpack-internal:///(app-pages-browser)/./node_modules/next/dist/compiled/react-dom/cjs/react-dom-client.development.js:3511
[21648560ms] [ERROR] Unable to preventDefault inside passive event listener invocation. @ webpack-internal:///(app-pages-browser)/./node_modules/next/dist/compiled/react-dom/cjs/react-dom-client.development.js:3511
[21654239ms] [INFO] %cDownload the React DevTools for a better development experience: https://react.dev/link/react-devtools font-weight:bold @ webpack-internal:///(app-pages-browser)/./node_modules/next/dist/next-devtools/shared/forward-logs-shared.js:27
[21654381ms] [LOG] [HMR] connected @ webpack-internal:///(app-pages-browser)/./node_modules/next/dist/next-devtools/shared/forward-logs-shared.js:27
[21669336ms] [WARNING] [session] could not resolve session: Error: Supabase not configured. Add NEXT_PUBLIC_SUPABASE_URL and NEXT_PUBLIC_SUPABASE_ANON_KEY to .env
    at throwNotConfigured (webpack-internal:///(app-pages-browser)/./app/hooks/useDatabase.ts:11:11)
    at useDatabase.useCallback[getSb] (webpack-internal:///(app-pages-browser)/./app/hooks/useDatabase.ts:16:71)
    at useDatabase.useCallback[checkForExistingSession] [as checkForExistingSession] (webpack-internal:///(app-pages-browser)/./app/hooks/useDatabase.ts:171:24)
    at Home.useCallback[resolveSessionId] (webpack-internal:///(app-pages-browser)/./app/page.tsx:98:43)
    at Home.useCallback[handleStartProcessing] (webpack-internal:///(app-pages-browser)/./app/page.tsx:218:13)
    at onClick (webpack-internal:///(app-pages-browser)/./app/components/LoadScreen.tsx:2150:46)
    at executeDispatch (webpack-internal:///(app-pages-browser)/./node_modules/next/dist/compiled/react-dom/cjs/react-dom-client.development.js:20544:9)
    at runWithFiberInDEV (webpack-internal:///(app-pages-browser)/./node_modules/next/dist/compiled/react-dom/cjs/react-dom-client.development.js:987:30)
    at processDispatchQueue (webpack-internal:///(app-pages-browser)/./node_modules/next/dist/compiled/react-dom/cjs/react-dom-client.development.js:20594:19)
    at eval (webpack-internal:///(app-pages-browser)/./node_modules/next/dist/compiled/react-dom/cjs/react-dom-client.development.js:21165:9)
    at batchedUpdates$1 (webpack-internal:///(app-pages-browser)/./node_modules/next/dist/compiled/react-dom/cjs/react-dom-client.development.js:3378:40)
    at dispatchEventForPluginEventSystem (webpack-internal:///(app-pages-browser)/./node_modules/next/dist/compiled/react-dom/cjs/react-dom-client.development.js:20748:7)
    at dispatchEvent (webpack-internal:///(app-pages-browser)/./node_modules/next/dist/compiled/react-dom/cjs/react-dom-client.development.js:25694:11)
    at dispatchDiscreteEvent (webpack-internal:///(app-pages-browser)/./node_modules/next/dist/compiled/react-dom/cjs/react-dom-client.development.js:25662:11) @ webpack-internal:///(app-pages-browser)/./node_modules/next/dist/next-devtools/shared/forward-logs-shared.js:27
[21817860ms] [LOG] [PoleLayout mount] cachedData: poleDone=false tags=0 @ webpack-internal:///(app-pages-browser)/./node_modules/next/dist/next-devtools/shared/forward-logs-shared.js:27
[21817898ms] [LOG] [PoleLayout mount] cachedData: poleDone=false tags=0 @ webpack-internal:///(app-pages-browser)/./node_modules/next/dist/next-devtools/shared/forward-logs-shared.js:27
[21820050ms] [LOG] [cache-update] sid= null poleTags= 123 shapes= 0 @ webpack-internal:///(app-pages-browser)/./node_modules/next/dist/next-devtools/shared/forward-logs-shared.js:27
[21820051ms] [WARNING] [cache-update] skipping save — no sessionId or db @ webpack-internal:///(app-pages-browser)/./node_modules/next/dist/next-devtools/shared/forward-logs-shared.js:27
[21892621ms] [ERROR] Unable to preventDefault inside passive event listener invocation. @ webpack-internal:///(app-pages-browser)/./node_modules/next/dist/compiled/react-dom/cjs/react-dom-client.development.js:3511
[21892895ms] [ERROR] Unable to preventDefault inside passive event listener invocation. @ webpack-internal:///(app-pages-browser)/./node_modules/next/dist/compiled/react-dom/cjs/react-dom-client.development.js:3511
[21892923ms] [ERROR] Unable to preventDefault inside passive event listener invocation. @ webpack-internal:///(app-pages-browser)/./node_modules/next/dist/compiled/react-dom/cjs/react-dom-client.development.js:3511
[21892960ms] [ERROR] Unable to preventDefault inside passive event listener invocation. @ webpack-internal:///(app-pages-browser)/./node_modules/next/dist/compiled/react-dom/cjs/react-dom-client.development.js:3511
[21893148ms] [ERROR] Unable to preventDefault inside passive event listener invocation. @ webpack-internal:///(app-pages-browser)/./node_modules/next/dist/compiled/react-dom/cjs/react-dom-client.development.js:3511
[21893171ms] [ERROR] Unable to preventDefault inside passive event listener invocation. @ webpack-internal:///(app-pages-browser)/./node_modules/next/dist/compiled/react-dom/cjs/react-dom-client.development.js:3511
[21893231ms] [ERROR] Unable to preventDefault inside passive event listener invocation. @ webpack-internal:///(app-pages-browser)/./node_modules/next/dist/compiled/react-dom/cjs/react-dom-client.development.js:3511
[21893399ms] [ERROR] Unable to preventDefault inside passive event listener invocation. @ webpack-internal:///(app-pages-browser)/./node_modules/next/dist/compiled/react-dom/cjs/react-dom-client.development.js:3511
[21893421ms] [ERROR] Unable to preventDefault inside passive event listener invocation. @ webpack-internal:///(app-pages-browser)/./node_modules/next/dist/compiled/react-dom/cjs/react-dom-client.development.js:3511
[21893454ms] [ERROR] Unable to preventDefault inside passive event listener invocation. @ webpack-internal:///(app-pages-browser)/./node_modules/next/dist/compiled/react-dom/cjs/react-dom-client.development.js:3511
[21893640ms] [ERROR] Unable to preventDefault inside passive event listener invocation. @ webpack-internal:///(app-pages-browser)/./node_modules/next/dist/compiled/react-dom/cjs/react-dom-client.development.js:3511
[21893665ms] [ERROR] Unable to preventDefault inside passive event listener invocation. @ webpack-internal:///(app-pages-browser)/./node_modules/next/dist/compiled/react-dom/cjs/react-dom-client.development.js:3511
[21893694ms] [ERROR] Unable to preventDefault inside passive event listener invocation. @ webpack-internal:///(app-pages-browser)/./node_modules/next/dist/compiled/react-dom/cjs/react-dom-client.development.js:3511
[22054818ms] [ERROR] Unable to preventDefault inside passive event listener invocation. @ webpack-internal:///(app-pages-browser)/./node_modules/next/dist/compiled/react-dom/cjs/react-dom-client.development.js:3511
[22054836ms] [ERROR] Unable to preventDefault inside passive event listener invocation. @ webpack-internal:///(app-pages-browser)/./node_modules/next/dist/compiled/react-dom/cjs/react-dom-client.development.js:3511
[22054860ms] [ERROR] Unable to preventDefault inside passive event listener invocation. @ webpack-internal:///(app-pages-browser)/./node_modules/next/dist/compiled/react-dom/cjs/react-dom-client.development.js:3511
[22055050ms] [ERROR] Unable to preventDefault inside passive event listener invocation. @ webpack-internal:///(app-pages-browser)/./node_modules/next/dist/compiled/react-dom/cjs/react-dom-client.development.js:3511
[22055062ms] [ERROR] Unable to preventDefault inside passive event listener invocation. @ webpack-internal:///(app-pages-browser)/./node_modules/next/dist/compiled/react-dom/cjs/react-dom-client.development.js:3511
[22055078ms] [ERROR] Unable to preventDefault inside passive event listener invocation. @ webpack-internal:///(app-pages-browser)/./node_modules/next/dist/compiled/react-dom/cjs/react-dom-client.development.js:3511
[22055105ms] [ERROR] Unable to preventDefault inside passive event listener invocation. @ webpack-internal:///(app-pages-browser)/./node_modules/next/dist/compiled/react-dom/cjs/react-dom-client.development.js:3511
[22055275ms] [ERROR] Unable to preventDefault inside passive event listener invocation. @ webpack-internal:///(app-pages-browser)/./node_modules/next/dist/compiled/react-dom/cjs/react-dom-client.development.js:3511
[22055294ms] [ERROR] Unable to preventDefault inside passive event listener invocation. @ webpack-internal:///(app-pages-browser)/./node_modules/next/dist/compiled/react-dom/cjs/react-dom-client.development.js:3511
[22055327ms] [ERROR] Unable to preventDefault inside passive event listener invocation. @ webpack-internal:///(app-pages-browser)/./node_modules/next/dist/compiled/react-dom/cjs/react-dom-client.development.js:3511
[22056019ms] [ERROR] Unable to preventDefault inside passive event listener invocation. @ webpack-internal:///(app-pages-browser)/./node_modules/next/dist/compiled/react-dom/cjs/react-dom-client.development.js:3511
[22056061ms] [ERROR] Unable to preventDefault inside passive event listener invocation. @ webpack-internal:///(app-pages-browser)/./node_modules/next/dist/compiled/react-dom/cjs/react-dom-client.development.js:3511
[22056077ms] [ERROR] Unable to preventDefault inside passive event listener invocation. @ webpack-internal:///(app-pages-browser)/./node_modules/next/dist/compiled/react-dom/cjs/react-dom-client.development.js:3511
[22056294ms] [ERROR] Unable to preventDefault inside passive event listener invocation. @ webpack-internal:///(app-pages-browser)/./node_modules/next/dist/compiled/react-dom/cjs/react-dom-client.development.js:3511
[22056329ms] [ERROR] Unable to preventDefault inside passive event listener invocation. @ webpack-internal:///(app-pages-browser)/./node_modules/next/dist/compiled/react-dom/cjs/react-dom-client.development.js:3511
[22056338ms] [ERROR] Unable to preventDefault inside passive event listener invocation. @ webpack-internal:///(app-pages-browser)/./node_modules/next/dist/compiled/react-dom/cjs/react-dom-client.development.js:3511
[22056363ms] [ERROR] Unable to preventDefault inside passive event listener invocation. @ webpack-internal:///(app-pages-browser)/./node_modules/next/dist/compiled/react-dom/cjs/react-dom-client.development.js:3511
[22056574ms] [ERROR] Unable to preventDefault inside passive event listener invocation. @ webpack-internal:///(app-pages-browser)/./node_modules/next/dist/compiled/react-dom/cjs/react-dom-client.development.js:3511
[22056594ms] [ERROR] Unable to preventDefault inside passive event listener invocation. @ webpack-internal:///(app-pages-browser)/./node_modules/next/dist/compiled/react-dom/cjs/react-dom-client.development.js:3511
[22056628ms] [ERROR] Unable to preventDefault inside passive event listener invocation. @ webpack-internal:///(app-pages-browser)/./node_modules/next/dist/compiled/react-dom/cjs/react-dom-client.development.js:3511
[22057496ms] [ERROR] Unable to preventDefault inside passive event listener invocation. @ webpack-internal:///(app-pages-browser)/./node_modules/next/dist/compiled/react-dom/cjs/react-dom-client.development.js:3511
[22057505ms] [ERROR] Unable to preventDefault inside passive event listener invocation. @ webpack-internal:///(app-pages-browser)/./node_modules/next/dist/compiled/react-dom/cjs/react-dom-client.development.js:3511
[22057529ms] [ERROR] Unable to preventDefault inside passive event listener invocation. @ webpack-internal:///(app-pages-browser)/./node_modules/next/dist/compiled/react-dom/cjs/react-dom-client.development.js:3511
[22057578ms] [ERROR] Unable to preventDefault inside passive event listener invocation. @ webpack-internal:///(app-pages-browser)/./node_modules/next/dist/compiled/react-dom/cjs/react-dom-client.development.js:3511
[22057818ms] [ERROR] Unable to preventDefault inside passive event listener invocation. @ webpack-internal:///(app-pages-browser)/./node_modules/next/dist/compiled/react-dom/cjs/react-dom-client.development.js:3511
[22057845ms] [ERROR] Unable to preventDefault inside passive event listener invocation. @ webpack-internal:///(app-pages-browser)/./node_modules/next/dist/compiled/react-dom/cjs/react-dom-client.development.js:3511
[22057912ms] [ERROR] Unable to preventDefault inside passive event listener invocation. @ webpack-internal:///(app-pages-browser)/./node_modules/next/dist/compiled/react-dom/cjs/react-dom-client.development.js:3511
[22062264ms] [ERROR] Unable to preventDefault inside passive event listener invocation. @ webpack-internal:///(app-pages-browser)/./node_modules/next/dist/compiled/react-dom/cjs/react-dom-client.development.js:3511
[22062303ms] [ERROR] Unable to preventDefault inside passive event listener invocation. @ webpack-internal:///(app-pages-browser)/./node_modules/next/dist/compiled/react-dom/cjs/react-dom-client.development.js:3511
[22062336ms] [ERROR] Unable to preventDefault inside passive event listener invocation. @ webpack-internal:///(app-pages-browser)/./node_modules/next/dist/compiled/react-dom/cjs/react-dom-client.development.js:3511
[22062610ms] [ERROR] Unable to preventDefault inside passive event listener invocation. @ webpack-internal:///(app-pages-browser)/./node_modules/next/dist/compiled/react-dom/cjs/react-dom-client.development.js:3511
[22062630ms] [ERROR] Unable to preventDefault inside passive event listener invocation. @ webpack-internal:///(app-pages-browser)/./node_modules/next/dist/compiled/react-dom/cjs/react-dom-client.development.js:3511
[22062647ms] [ERROR] Unable to preventDefault inside passive event listener invocation. @ webpack-internal:///(app-pages-browser)/./node_modules/next/dist/compiled/react-dom/cjs/react-dom-client.development.js:3511
[22062664ms] [ERROR] Unable to preventDefault inside passive event listener invocation. @ webpack-internal:///(app-pages-browser)/./node_modules/next/dist/compiled/react-dom/cjs/react-dom-client.development.js:3511
[22063020ms] [ERROR] Unable to preventDefault inside passive event listener invocation. @ webpack-internal:///(app-pages-browser)/./node_modules/next/dist/compiled/react-dom/cjs/react-dom-client.development.js:3511
[22063030ms] [ERROR] Unable to preventDefault inside passive event listener invocation. @ webpack-internal:///(app-pages-browser)/./node_modules/next/dist/compiled/react-dom/cjs/react-dom-client.development.js:3511
[22063069ms] [ERROR] Unable to preventDefault inside passive event listener invocation. @ webpack-internal:///(app-pages-browser)/./node_modules/next/dist/compiled/react-dom/cjs/react-dom-client.development.js:3511
[22071051ms] [ERROR] Unable to preventDefault inside passive event listener invocation. @ webpack-internal:///(app-pages-browser)/./node_modules/next/dist/compiled/react-dom/cjs/react-dom-client.development.js:3511
[22071102ms] [ERROR] Unable to preventDefault inside passive event listener invocation. @ webpack-internal:///(app-pages-browser)/./node_modules/next/dist/compiled/react-dom/cjs/react-dom-client.development.js:3511
[22071177ms] [ERROR] Unable to preventDefault inside passive event listener invocation. @ webpack-internal:///(app-pages-browser)/./node_modules/next/dist/compiled/react-dom/cjs/react-dom-client.development.js:3511
[22071398ms] [ERROR] Unable to preventDefault inside passive event listener invocation. @ webpack-internal:///(app-pages-browser)/./node_modules/next/dist/compiled/react-dom/cjs/react-dom-client.development.js:3511
[22071434ms] [ERROR] Unable to preventDefault inside passive event listener invocation. @ webpack-internal:///(app-pages-browser)/./node_modules/next/dist/compiled/react-dom/cjs/react-dom-client.development.js:3511
[22071628ms] [ERROR] Unable to preventDefault inside passive event listener invocation. @ webpack-internal:///(app-pages-browser)/./node_modules/next/dist/compiled/react-dom/cjs/react-dom-client.development.js:3511
[22071668ms] [ERROR] Unable to preventDefault inside passive event listener invocation. @ webpack-internal:///(app-pages-browser)/./node_modules/next/dist/compiled/react-dom/cjs/react-dom-client.development.js:3511
[22076576ms] [ERROR] Unable to preventDefault inside passive event listener invocation. @ webpack-internal:///(app-pages-browser)/./node_modules/next/dist/compiled/react-dom/cjs/react-dom-client.development.js:3511
[22076627ms] [ERROR] Unable to preventDefault inside passive event listener invocation. @ webpack-internal:///(app-pages-browser)/./node_modules/next/dist/compiled/react-dom/cjs/react-dom-client.development.js:3511
[22076661ms] [ERROR] Unable to preventDefault inside passive event listener invocation. @ webpack-internal:///(app-pages-browser)/./node_modules/next/dist/compiled/react-dom/cjs/react-dom-client.development.js:3511
[22076922ms] [ERROR] Unable to preventDefault inside passive event listener invocation. @ webpack-internal:///(app-pages-browser)/./node_modules/next/dist/compiled/react-dom/cjs/react-dom-client.development.js:3511
[22076953ms] [ERROR] Unable to preventDefault inside passive event listener invocation. @ webpack-internal:///(app-pages-browser)/./node_modules/next/dist/compiled/react-dom/cjs/react-dom-client.development.js:3511
[22077003ms] [ERROR] Unable to preventDefault inside passive event listener invocation. @ webpack-internal:///(app-pages-browser)/./node_modules/next/dist/compiled/react-dom/cjs/react-dom-client.development.js:3511
[22077637ms] [ERROR] Unable to preventDefault inside passive event listener invocation. @ webpack-internal:///(app-pages-browser)/./node_modules/next/dist/compiled/react-dom/cjs/react-dom-client.development.js:3511
[22077643ms] [ERROR] Unable to preventDefault inside passive event listener invocation. @ webpack-internal:///(app-pages-browser)/./node_modules/next/dist/compiled/react-dom/cjs/react-dom-client.development.js:3511
[22077926ms] [ERROR] Unable to preventDefault inside passive event listener invocation. @ webpack-internal:///(app-pages-browser)/./node_modules/next/dist/compiled/react-dom/cjs/react-dom-client.development.js:3511
[22077954ms] [ERROR] Unable to preventDefault inside passive event listener invocation. @ webpack-internal:///(app-pages-browser)/./node_modules/next/dist/compiled/react-dom/cjs/react-dom-client.development.js:3511
[22077962ms] [ERROR] Unable to preventDefault inside passive event listener invocation. @ webpack-internal:///(app-pages-browser)/./node_modules/next/dist/compiled/react-dom/cjs/react-dom-client.development.js:3511
[22078338ms] [ERROR] Unable to preventDefault inside passive event listener invocation. @ webpack-internal:///(app-pages-browser)/./node_modules/next/dist/compiled/react-dom/cjs/react-dom-client.development.js:3511
[22078371ms] [ERROR] Unable to preventDefault inside passive event listener invocation. @ webpack-internal:///(app-pages-browser)/./node_modules/next/dist/compiled/react-dom/cjs/react-dom-client.development.js:3511
[22078387ms] [ERROR] Unable to preventDefault inside passive event listener invocation. @ webpack-internal:///(app-pages-browser)/./node_modules/next/dist/compiled/react-dom/cjs/react-dom-client.development.js:3511
[22078708ms] [ERROR] Unable to preventDefault inside passive event listener invocation. @ webpack-internal:///(app-pages-browser)/./node_modules/next/dist/compiled/react-dom/cjs/react-dom-client.development.js:3511
[22078738ms] [ERROR] Unable to preventDefault inside passive event listener invocation. @ webpack-internal:///(app-pages-browser)/./node_modules/next/dist/compiled/react-dom/cjs/react-dom-client.development.js:3511
[22078754ms] [ERROR] Unable to preventDefault inside passive event listener invocation. @ webpack-internal:///(app-pages-browser)/./node_modules/next/dist/compiled/react-dom/cjs/react-dom-client.development.js:3511
[22079054ms] [ERROR] Unable to preventDefault inside passive event listener invocation. @ webpack-internal:///(app-pages-browser)/./node_modules/next/dist/compiled/react-dom/cjs/react-dom-client.development.js:3511
[22079088ms] [ERROR] Unable to preventDefault inside passive event listener invocation. @ webpack-internal:///(app-pages-browser)/./node_modules/next/dist/compiled/react-dom/cjs/react-dom-client.development.js:3511
[22079105ms] [ERROR] Unable to preventDefault inside passive event listener invocation. @ webpack-internal:///(app-pages-browser)/./node_modules/next/dist/compiled/react-dom/cjs/react-dom-client.development.js:3511
[22079414ms] [ERROR] Unable to preventDefault inside passive event listener invocation. @ webpack-internal:///(app-pages-browser)/./node_modules/next/dist/compiled/react-dom/cjs/react-dom-client.development.js:3511
[22079438ms] [ERROR] Unable to preventDefault inside passive event listener invocation. @ webpack-internal:///(app-pages-browser)/./node_modules/next/dist/compiled/react-dom/cjs/react-dom-client.development.js:3511
[22079472ms] [ERROR] Unable to preventDefault inside passive event listener invocation. @ webpack-internal:///(app-pages-browser)/./node_modules/next/dist/compiled/react-dom/cjs/react-dom-client.development.js:3511
[22080155ms] [ERROR] Unable to preventDefault inside passive event listener invocation. @ webpack-internal:///(app-pages-browser)/./node_modules/next/dist/compiled/react-dom/cjs/react-dom-client.development.js:3511
[22080171ms] [ERROR] Unable to preventDefault inside passive event listener invocation. @ webpack-internal:///(app-pages-browser)/./node_modules/next/dist/compiled/react-dom/cjs/react-dom-client.development.js:3511
[22080189ms] [ERROR] Unable to preventDefault inside passive event listener invocation. @ webpack-internal:///(app-pages-browser)/./node_modules/next/dist/compiled/react-dom/cjs/react-dom-client.development.js:3511
[22080398ms] [ERROR] Unable to preventDefault inside passive event listener invocation. @ webpack-internal:///(app-pages-browser)/./node_modules/next/dist/compiled/react-dom/cjs/react-dom-client.development.js:3511
[22080422ms] [ERROR] Unable to preventDefault inside passive event listener invocation. @ webpack-internal:///(app-pages-browser)/./node_modules/next/dist/compiled/react-dom/cjs/react-dom-client.development.js:3511
[22080438ms] [ERROR] Unable to preventDefault inside passive event listener invocation. @ webpack-internal:///(app-pages-browser)/./node_modules/next/dist/compiled/react-dom/cjs/react-dom-client.development.js:3511
[22080473ms] [ERROR] Unable to preventDefault inside passive event listener invocation. @ webpack-internal:///(app-pages-browser)/./node_modules/next/dist/compiled/react-dom/cjs/react-dom-client.development.js:3511
[22080662ms] [ERROR] Unable to preventDefault inside passive event listener invocation. @ webpack-internal:///(app-pages-browser)/./node_modules/next/dist/compiled/react-dom/cjs/react-dom-client.development.js:3511
[22080691ms] [ERROR] Unable to preventDefault inside passive event listener invocation. @ webpack-internal:///(app-pages-browser)/./node_modules/next/dist/compiled/react-dom/cjs/react-dom-client.development.js:3511
[22080705ms] [ERROR] Unable to preventDefault inside passive event listener invocation. @ webpack-internal:///(app-pages-browser)/./node_modules/next/dist/compiled/react-dom/cjs/react-dom-client.development.js:3511
[22080924ms] [ERROR] Unable to preventDefault inside passive event listener invocation. @ webpack-internal:///(app-pages-browser)/./node_modules/next/dist/compiled/react-dom/cjs/react-dom-client.development.js:3511
[22080955ms] [ERROR] Unable to preventDefault inside passive event listener invocation. @ webpack-internal:///(app-pages-browser)/./node_modules/next/dist/compiled/react-dom/cjs/react-dom-client.development.js:3511
[22080972ms] [ERROR] Unable to preventDefault inside passive event listener invocation. @ webpack-internal:///(app-pages-browser)/./node_modules/next/dist/compiled/react-dom/cjs/react-dom-client.development.js:3511
[22081639ms] [ERROR] Unable to preventDefault inside passive event listener invocation. @ webpack-internal:///(app-pages-browser)/./node_modules/next/dist/compiled/react-dom/cjs/react-dom-client.development.js:3511
[22081672ms] [ERROR] Unable to preventDefault inside passive event listener invocation. @ webpack-internal:///(app-pages-browser)/./node_modules/next/dist/compiled/react-dom/cjs/react-dom-client.development.js:3511
[22081758ms] [ERROR] Unable to preventDefault inside passive event listener invocation. @ webpack-internal:///(app-pages-browser)/./node_modules/next/dist/compiled/react-dom/cjs/react-dom-client.development.js:3511
[22088034ms] [ERROR] Unable to preventDefault inside passive event listener invocation. @ webpack-internal:///(app-pages-browser)/./node_modules/next/dist/compiled/react-dom/cjs/react-dom-client.development.js:3511
[22088058ms] [ERROR] Unable to preventDefault inside passive event listener invocation. @ webpack-internal:///(app-pages-browser)/./node_modules/next/dist/compiled/react-dom/cjs/react-dom-client.development.js:3511
[22088076ms] [ERROR] Unable to preventDefault inside passive event listener invocation. @ webpack-internal:///(app-pages-browser)/./node_modules/next/dist/compiled/react-dom/cjs/react-dom-client.development.js:3511
[22088281ms] [ERROR] Unable to preventDefault inside passive event listener invocation. @ webpack-internal:///(app-pages-browser)/./node_modules/next/dist/compiled/react-dom/cjs/react-dom-client.development.js:3511
[22088309ms] [ERROR] Unable to preventDefault inside passive event listener invocation. @ webpack-internal:///(app-pages-browser)/./node_modules/next/dist/compiled/react-dom/cjs/react-dom-client.development.js:3511
[22088325ms] [ERROR] Unable to preventDefault inside passive event listener invocation. @ webpack-internal:///(app-pages-browser)/./node_modules/next/dist/compiled/react-dom/cjs/react-dom-client.development.js:3511
[22088342ms] [ERROR] Unable to preventDefault inside passive event listener invocation. @ webpack-internal:///(app-pages-browser)/./node_modules/next/dist/compiled/react-dom/cjs/react-dom-client.development.js:3511
[22088359ms] [ERROR] Unable to preventDefault inside passive event listener invocation. @ webpack-internal:///(app-pages-browser)/./node_modules/next/dist/compiled/react-dom/cjs/react-dom-client.development.js:3511
[22089159ms] [ERROR] Unable to preventDefault inside passive event listener invocation. @ webpack-internal:///(app-pages-browser)/./node_modules/next/dist/compiled/react-dom/cjs/react-dom-client.development.js:3511
[22089192ms] [ERROR] Unable to preventDefault inside passive event listener invocation. @ webpack-internal:///(app-pages-browser)/./node_modules/next/dist/compiled/react-dom/cjs/react-dom-client.development.js:3511
[22089393ms] [ERROR] Unable to preventDefault inside passive event listener invocation. @ webpack-internal:///(app-pages-browser)/./node_modules/next/dist/compiled/react-dom/cjs/react-dom-client.development.js:3511
[22089409ms] [ERROR] Unable to preventDefault inside passive event listener invocation. @ webpack-internal:///(app-pages-browser)/./node_modules/next/dist/compiled/react-dom/cjs/react-dom-client.development.js:3511
[22089443ms] [ERROR] Unable to preventDefault inside passive event listener invocation. @ webpack-internal:///(app-pages-browser)/./node_modules/next/dist/compiled/react-dom/cjs/react-dom-client.development.js:3511
[22089642ms] [ERROR] Unable to preventDefault inside passive event listener invocation. @ webpack-internal:///(app-pages-browser)/./node_modules/next/dist/compiled/react-dom/cjs/react-dom-client.development.js:3511
[22089676ms] [ERROR] Unable to preventDefault inside passive event listener invocation. @ webpack-internal:///(app-pages-browser)/./node_modules/next/dist/compiled/react-dom/cjs/react-dom-client.development.js:3511
[22089952ms] [ERROR] Unable to preventDefault inside passive event listener invocation. @ webpack-internal:///(app-pages-browser)/./node_modules/next/dist/compiled/react-dom/cjs/react-dom-client.development.js:3511
[22089993ms] [ERROR] Unable to preventDefault inside passive event listener invocation. @ webpack-internal:///(app-pages-browser)/./node_modules/next/dist/compiled/react-dom/cjs/react-dom-client.development.js:3511
[22090059ms] [ERROR] Unable to preventDefault inside passive event listener invocation. @ webpack-internal:///(app-pages-browser)/./node_modules/next/dist/compiled/react-dom/cjs/react-dom-client.development.js:3511
[22090343ms] [ERROR] Unable to preventDefault inside passive event listener invocation. @ webpack-internal:///(app-pages-browser)/./node_modules/next/dist/compiled/react-dom/cjs/react-dom-client.development.js:3511
[22090360ms] [ERROR] Unable to preventDefault inside passive event listener invocation. @ webpack-internal:///(app-pages-browser)/./node_modules/next/dist/compiled/react-dom/cjs/react-dom-client.development.js:3511
[22090376ms] [ERROR] Unable to preventDefault inside passive event listener invocation. @ webpack-internal:///(app-pages-browser)/./node_modules/next/dist/compiled/react-dom/cjs/react-dom-client.development.js:3511
[22090393ms] [ERROR] Unable to preventDefault inside passive event listener invocation. @ webpack-internal:///(app-pages-browser)/./node_modules/next/dist/compiled/react-dom/cjs/react-dom-client.development.js:3511
[22090410ms] [ERROR] Unable to preventDefault inside passive event listener invocation. @ webpack-internal:///(app-pages-browser)/./node_modules/next/dist/compiled/react-dom/cjs/react-dom-client.development.js:3511
[22090627ms] [ERROR] Unable to preventDefault inside passive event listener invocation. @ webpack-internal:///(app-pages-browser)/./node_modules/next/dist/compiled/react-dom/cjs/react-dom-client.development.js:3511
[22090640ms] [ERROR] Unable to preventDefault inside passive event listener invocation. @ webpack-internal:///(app-pages-browser)/./node_modules/next/dist/compiled/react-dom/cjs/react-dom-client.development.js:3511
[22090647ms] [ERROR] Unable to preventDefault inside passive event listener invocation. @ webpack-internal:///(app-pages-browser)/./node_modules/next/dist/compiled/react-dom/cjs/react-dom-client.development.js:3511
[22090659ms] [ERROR] Unable to preventDefault inside passive event listener invocation. @ webpack-internal:///(app-pages-browser)/./node_modules/next/dist/compiled/react-dom/cjs/react-dom-client.development.js:3511
[22090678ms] [ERROR] Unable to preventDefault inside passive event listener invocation. @ webpack-internal:///(app-pages-browser)/./node_modules/next/dist/compiled/react-dom/cjs/react-dom-client.development.js:3511
[22090858ms] [ERROR] Unable to preventDefault inside passive event listener invocation. @ webpack-internal:///(app-pages-browser)/./node_modules/next/dist/compiled/react-dom/cjs/react-dom-client.development.js:3511
[22090877ms] [ERROR] Unable to preventDefault inside passive event listener invocation. @ webpack-internal:///(app-pages-browser)/./node_modules/next/dist/compiled/react-dom/cjs/react-dom-client.development.js:3511
[22090893ms] [ERROR] Unable to preventDefault inside passive event listener invocation. @ webpack-internal:///(app-pages-browser)/./node_modules/next/dist/compiled/react-dom/cjs/react-dom-client.development.js:3511
[22090910ms] [ERROR] Unable to preventDefault inside passive event listener invocation. @ webpack-internal:///(app-pages-browser)/./node_modules/next/dist/compiled/react-dom/cjs/react-dom-client.development.js:3511
[22091160ms] [ERROR] Unable to preventDefault inside passive event listener invocation. @ webpack-internal:///(app-pages-browser)/./node_modules/next/dist/compiled/react-dom/cjs/react-dom-client.development.js:3511
[22091195ms] [ERROR] Unable to preventDefault inside passive event listener invocation. @ webpack-internal:///(app-pages-browser)/./node_modules/next/dist/compiled/react-dom/cjs/react-dom-client.development.js:3511
[22091230ms] [ERROR] Unable to preventDefault inside passive event listener invocation. @ webpack-internal:///(app-pages-browser)/./node_modules/next/dist/compiled/react-dom/cjs/react-dom-client.development.js:3511
[22091265ms] [ERROR] Unable to preventDefault inside passive event listener invocation. @ webpack-internal:///(app-pages-browser)/./node_modules/next/dist/compiled/react-dom/cjs/react-dom-client.development.js:3511
[22093127ms] [ERROR] Unable to preventDefault inside passive event listener invocation. @ webpack-internal:///(app-pages-browser)/./node_modules/next/dist/compiled/react-dom/cjs/react-dom-client.development.js:3511
[22093161ms] [ERROR] Unable to preventDefault inside passive event listener invocation. @ webpack-internal:///(app-pages-browser)/./node_modules/next/dist/compiled/react-dom/cjs/react-dom-client.development.js:3511
[22093211ms] [ERROR] Unable to preventDefault inside passive event listener invocation. @ webpack-internal:///(app-pages-browser)/./node_modules/next/dist/compiled/react-dom/cjs/react-dom-client.development.js:3511
[22093400ms] [ERROR] Unable to preventDefault inside passive event listener invocation. @ webpack-internal:///(app-pages-browser)/./node_modules/next/dist/compiled/react-dom/cjs/react-dom-client.development.js:3511
[22093411ms] [ERROR] Unable to preventDefault inside passive event listener invocation. @ webpack-internal:///(app-pages-browser)/./node_modules/next/dist/compiled/react-dom/cjs/react-dom-client.development.js:3511
[22093601ms] [ERROR] Unable to preventDefault inside passive event listener invocation. @ webpack-internal:///(app-pages-browser)/./node_modules/next/dist/compiled/react-dom/cjs/react-dom-client.development.js:3511
[22093628ms] [ERROR] Unable to preventDefault inside passive event listener invocation. @ webpack-internal:///(app-pages-browser)/./node_modules/next/dist/compiled/react-dom/cjs/react-dom-client.development.js:3511
[22093645ms] [ERROR] Unable to preventDefault inside passive event listener invocation. @ webpack-internal:///(app-pages-browser)/./node_modules/next/dist/compiled/react-dom/cjs/react-dom-client.development.js:3511
[22100864ms] [ERROR] Unable to preventDefault inside passive event listener invocation. @ webpack-internal:///(app-pages-browser)/./node_modules/next/dist/compiled/react-dom/cjs/react-dom-client.development.js:3511
[22100898ms] [ERROR] Unable to preventDefault inside passive event listener invocation. @ webpack-internal:///(app-pages-browser)/./node_modules/next/dist/compiled/react-dom/cjs/react-dom-client.development.js:3511
[22100915ms] [ERROR] Unable to preventDefault inside passive event listener invocation. @ webpack-internal:///(app-pages-browser)/./node_modules/next/dist/compiled/react-dom/cjs/react-dom-client.development.js:3511
[22122291ms] [ERROR] Unable to preventDefault inside passive event listener invocation. @ webpack-internal:///(app-pages-browser)/./node_modules/next/dist/compiled/react-dom/cjs/react-dom-client.development.js:3511
[22122308ms] [ERROR] Unable to preventDefault inside passive event listener invocation. @ webpack-internal:///(app-pages-browser)/./node_modules/next/dist/compiled/react-dom/cjs/react-dom-client.development.js:3511
[22122325ms] [ERROR] Unable to preventDefault inside passive event listener invocation. @ webpack-internal:///(app-pages-browser)/./node_modules/next/dist/compiled/react-dom/cjs/react-dom-client.development.js:3511
[22122541ms] [ERROR] Unable to preventDefault inside passive event listener invocation. @ webpack-internal:///(app-pages-browser)/./node_modules/next/dist/compiled/react-dom/cjs/react-dom-client.development.js:3511
[22122551ms] [ERROR] Unable to preventDefault inside passive event listener invocation. @ webpack-internal:///(app-pages-browser)/./node_modules/next/dist/compiled/react-dom/cjs/react-dom-client.development.js:3511
[22122562ms] [ERROR] Unable to preventDefault inside passive event listener invocation. @ webpack-internal:///(app-pages-browser)/./node_modules/next/dist/compiled/react-dom/cjs/react-dom-client.development.js:3511
[22122574ms] [ERROR] Unable to preventDefault inside passive event listener invocation. @ webpack-internal:///(app-pages-browser)/./node_modules/next/dist/compiled/react-dom/cjs/react-dom-client.development.js:3511
[22122781ms] [ERROR] Unable to preventDefault inside passive event listener invocation. @ webpack-internal:///(app-pages-browser)/./node_modules/next/dist/compiled/react-dom/cjs/react-dom-client.development.js:3511
[22122800ms] [ERROR] Unable to preventDefault inside passive event listener invocation. @ webpack-internal:///(app-pages-browser)/./node_modules/next/dist/compiled/react-dom/cjs/react-dom-client.development.js:3511
[22122811ms] [ERROR] Unable to preventDefault inside passive event listener invocation. @ webpack-internal:///(app-pages-browser)/./node_modules/next/dist/compiled/react-dom/cjs/react-dom-client.development.js:3511
[22122819ms] [ERROR] Unable to preventDefault inside passive event listener invocation. @ webpack-internal:///(app-pages-browser)/./node_modules/next/dist/compiled/react-dom/cjs/react-dom-client.development.js:3511
[22125217ms] [ERROR] Unable to preventDefault inside passive event listener invocation. @ webpack-internal:///(app-pages-browser)/./node_modules/next/dist/compiled/react-dom/cjs/react-dom-client.development.js:3511
[22125228ms] [ERROR] Unable to preventDefault inside passive event listener invocation. @ webpack-internal:///(app-pages-browser)/./node_modules/next/dist/compiled/react-dom/cjs/react-dom-client.development.js:3511
[22125243ms] [ERROR] Unable to preventDefault inside passive event listener invocation. @ webpack-internal:///(app-pages-browser)/./node_modules/next/dist/compiled/react-dom/cjs/react-dom-client.development.js:3511
[22125291ms] [ERROR] Unable to preventDefault inside passive event listener invocation. @ webpack-internal:///(app-pages-browser)/./node_modules/next/dist/compiled/react-dom/cjs/react-dom-client.development.js:3511
[22125449ms] [ERROR] Unable to preventDefault inside passive event listener invocation. @ webpack-internal:///(app-pages-browser)/./node_modules/next/dist/compiled/react-dom/cjs/react-dom-client.development.js:3511
[22125476ms] [ERROR] Unable to preventDefault inside passive event listener invocation. @ webpack-internal:///(app-pages-browser)/./node_modules/next/dist/compiled/react-dom/cjs/react-dom-client.development.js:3511
[22125495ms] [ERROR] Unable to preventDefault inside passive event listener invocation. @ webpack-internal:///(app-pages-browser)/./node_modules/next/dist/compiled/react-dom/cjs/react-dom-client.development.js:3511
[22125676ms] [ERROR] Unable to preventDefault inside passive event listener invocation. @ webpack-internal:///(app-pages-browser)/./node_modules/next/dist/compiled/react-dom/cjs/react-dom-client.development.js:3511
[22125692ms] [ERROR] Unable to preventDefault inside passive event listener invocation. @ webpack-internal:///(app-pages-browser)/./node_modules/next/dist/compiled/react-dom/cjs/react-dom-client.development.js:3511
[22125709ms] [ERROR] Unable to preventDefault inside passive event listener invocation. @ webpack-internal:///(app-pages-browser)/./node_modules/next/dist/compiled/react-dom/cjs/react-dom-client.development.js:3511
[22125725ms] [ERROR] Unable to preventDefault inside passive event listener invocation. @ webpack-internal:///(app-pages-browser)/./node_modules/next/dist/compiled/react-dom/cjs/react-dom-client.development.js:3511
[22125933ms] [ERROR] Unable to preventDefault inside passive event listener invocation. @ webpack-internal:///(app-pages-browser)/./node_modules/next/dist/compiled/react-dom/cjs/react-dom-client.development.js:3511
[22125942ms] [ERROR] Unable to preventDefault inside passive event listener invocation. @ webpack-internal:///(app-pages-browser)/./node_modules/next/dist/compiled/react-dom/cjs/react-dom-client.development.js:3511
[22125954ms] [ERROR] Unable to preventDefault inside passive event listener invocation. @ webpack-internal:///(app-pages-browser)/./node_modules/next/dist/compiled/react-dom/cjs/react-dom-client.development.js:3511
[22125965ms] [ERROR] Unable to preventDefault inside passive event listener invocation. @ webpack-internal:///(app-pages-browser)/./node_modules/next/dist/compiled/react-dom/cjs/react-dom-client.development.js:3511
[22126154ms] [ERROR] Unable to preventDefault inside passive event listener invocation. @ webpack-internal:///(app-pages-browser)/./node_modules/next/dist/compiled/react-dom/cjs/react-dom-client.development.js:3511
[22126176ms] [ERROR] Unable to preventDefault inside passive event listener invocation. @ webpack-internal:///(app-pages-browser)/./node_modules/next/dist/compiled/react-dom/cjs/react-dom-client.development.js:3511
[22126192ms] [ERROR] Unable to preventDefault inside passive event listener invocation. @ webpack-internal:///(app-pages-browser)/./node_modules/next/dist/compiled/react-dom/cjs/react-dom-client.development.js:3511
[22126209ms] [ERROR] Unable to preventDefault inside passive event listener invocation. @ webpack-internal:///(app-pages-browser)/./node_modules/next/dist/compiled/react-dom/cjs/react-dom-client.development.js:3511
[22126482ms] [ERROR] Unable to preventDefault inside passive event listener invocation. @ webpack-internal:///(app-pages-browser)/./node_modules/next/dist/compiled/react-dom/cjs/react-dom-client.development.js:3511
[22126493ms] [ERROR] Unable to preventDefault inside passive event listener invocation. @ webpack-internal:///(app-pages-browser)/./node_modules/next/dist/compiled/react-dom/cjs/react-dom-client.development.js:3511
[22126517ms] [ERROR] Unable to preventDefault inside passive event listener invocation. @ webpack-internal:///(app-pages-browser)/./node_modules/next/dist/compiled/react-dom/cjs/react-dom-client.development.js:3511
[22130645ms] [ERROR] Unable to preventDefault inside passive event listener invocation. @ webpack-internal:///(app-pages-browser)/./node_modules/next/dist/compiled/react-dom/cjs/react-dom-client.development.js:3511
[22130679ms] [ERROR] Unable to preventDefault inside passive event listener invocation. @ webpack-internal:///(app-pages-browser)/./node_modules/next/dist/compiled/react-dom/cjs/react-dom-client.development.js:3511
[22130711ms] [ERROR] Unable to preventDefault inside passive event listener invocation. @ webpack-internal:///(app-pages-browser)/./node_modules/next/dist/compiled/react-dom/cjs/react-dom-client.development.js:3511
[22130956ms] [ERROR] Unable to preventDefault inside passive event listener invocation. @ webpack-internal:///(app-pages-browser)/./node_modules/next/dist/compiled/react-dom/cjs/react-dom-client.development.js:3511
[22130978ms] [ERROR] Unable to preventDefault inside passive event listener invocation. @ webpack-internal:///(app-pages-browser)/./node_modules/next/dist/compiled/react-dom/cjs/react-dom-client.development.js:3511
[22130995ms] [ERROR] Unable to preventDefault inside passive event listener invocation. @ webpack-internal:///(app-pages-browser)/./node_modules/next/dist/compiled/react-dom/cjs/react-dom-client.development.js:3511
[22131228ms] [ERROR] Unable to preventDefault inside passive event listener invocation. @ webpack-internal:///(app-pages-browser)/./node_modules/next/dist/compiled/react-dom/cjs/react-dom-client.development.js:3511
[22131236ms] [ERROR] Unable to preventDefault inside passive event listener invocation. @ webpack-internal:///(app-pages-browser)/./node_modules/next/dist/compiled/react-dom/cjs/react-dom-client.development.js:3511
[22131261ms] [ERROR] Unable to preventDefault inside passive event listener invocation. @ webpack-internal:///(app-pages-browser)/./node_modules/next/dist/compiled/react-dom/cjs/react-dom-client.development.js:3511
[22131500ms] [ERROR] Unable to preventDefault inside passive event listener invocation. @ webpack-internal:///(app-pages-browser)/./node_modules/next/dist/compiled/react-dom/cjs/react-dom-client.development.js:3511
[22131528ms] [ERROR] Unable to preventDefault inside passive event listener invocation. @ webpack-internal:///(app-pages-browser)/./node_modules/next/dist/compiled/react-dom/cjs/react-dom-client.development.js:3511
[22131545ms] [ERROR] Unable to preventDefault inside passive event listener invocation. @ webpack-internal:///(app-pages-browser)/./node_modules/next/dist/compiled/react-dom/cjs/react-dom-client.development.js:3511
[22131562ms] [ERROR] Unable to preventDefault inside passive event listener invocation. @ webpack-internal:///(app-pages-browser)/./node_modules/next/dist/compiled/react-dom/cjs/react-dom-client.development.js:3511
[22131802ms] [ERROR] Unable to preventDefault inside passive event listener invocation. @ webpack-internal:///(app-pages-browser)/./node_modules/next/dist/compiled/react-dom/cjs/react-dom-client.development.js:3511
[22131813ms] [ERROR] Unable to preventDefault inside passive event listener invocation. @ webpack-internal:///(app-pages-browser)/./node_modules/next/dist/compiled/react-dom/cjs/react-dom-client.development.js:3511
[22131828ms] [ERROR] Unable to preventDefault inside passive event listener invocation. @ webpack-internal:///(app-pages-browser)/./node_modules/next/dist/compiled/react-dom/cjs/react-dom-client.development.js:3511
[22131845ms] [ERROR] Unable to preventDefault inside passive event listener invocation. @ webpack-internal:///(app-pages-browser)/./node_modules/next/dist/compiled/react-dom/cjs/react-dom-client.development.js:3511
[22133263ms] [ERROR] Unable to preventDefault inside passive event listener invocation. @ webpack-internal:///(app-pages-browser)/./node_modules/next/dist/compiled/react-dom/cjs/react-dom-client.development.js:3511
[22133279ms] [ERROR] Unable to preventDefault inside passive event listener invocation. @ webpack-internal:///(app-pages-browser)/./node_modules/next/dist/compiled/react-dom/cjs/react-dom-client.development.js:3511
[22133296ms] [ERROR] Unable to preventDefault inside passive event listener invocation. @ webpack-internal:///(app-pages-browser)/./node_modules/next/dist/compiled/react-dom/cjs/react-dom-client.development.js:3511
[22133313ms] [ERROR] Unable to preventDefault inside passive event listener invocation. @ webpack-internal:///(app-pages-browser)/./node_modules/next/dist/compiled/react-dom/cjs/react-dom-client.development.js:3511
[22133511ms] [ERROR] Unable to preventDefault inside passive event listener invocation. @ webpack-internal:///(app-pages-browser)/./node_modules/next/dist/compiled/react-dom/cjs/react-dom-client.development.js:3511
[22133519ms] [ERROR] Unable to preventDefault inside passive event listener invocation. @ webpack-internal:///(app-pages-browser)/./node_modules/next/dist/compiled/react-dom/cjs/react-dom-client.development.js:3511
[22133535ms] [ERROR] Unable to preventDefault inside passive event listener invocation. @ webpack-internal:///(app-pages-browser)/./node_modules/next/dist/compiled/react-dom/cjs/react-dom-client.development.js:3511
[22133545ms] [ERROR] Unable to preventDefault inside passive event listener invocation. @ webpack-internal:///(app-pages-browser)/./node_modules/next/dist/compiled/react-dom/cjs/react-dom-client.development.js:3511
[22133572ms] [ERROR] Unable to preventDefault inside passive event listener invocation. @ webpack-internal:///(app-pages-browser)/./node_modules/next/dist/compiled/react-dom/cjs/react-dom-client.development.js:3511
[22133746ms] [ERROR] Unable to preventDefault inside passive event listener invocation. @ webpack-internal:///(app-pages-browser)/./node_modules/next/dist/compiled/react-dom/cjs/react-dom-client.development.js:3511
[22133754ms] [ERROR] Unable to preventDefault inside passive event listener invocation. @ webpack-internal:///(app-pages-browser)/./node_modules/next/dist/compiled/react-dom/cjs/react-dom-client.development.js:3511
[22133763ms] [ERROR] Unable to preventDefault inside passive event listener invocation. @ webpack-internal:///(app-pages-browser)/./node_modules/next/dist/compiled/react-dom/cjs/react-dom-client.development.js:3511
[22133796ms] [ERROR] Unable to preventDefault inside passive event listener invocation. @ webpack-internal:///(app-pages-browser)/./node_modules/next/dist/compiled/react-dom/cjs/react-dom-client.development.js:3511
[22134036ms] [ERROR] Unable to preventDefault inside passive event listener invocation. @ webpack-internal:///(app-pages-browser)/./node_modules/next/dist/compiled/react-dom/cjs/react-dom-client.development.js:3511
[22136350ms] [ERROR] Unable to preventDefault inside passive event listener invocation. @ webpack-internal:///(app-pages-browser)/./node_modules/next/dist/compiled/react-dom/cjs/react-dom-client.development.js:3511
[22136381ms] [ERROR] Unable to preventDefault inside passive event listener invocation. @ webpack-internal:///(app-pages-browser)/./node_modules/next/dist/compiled/react-dom/cjs/react-dom-client.development.js:3511
[22136389ms] [ERROR] Unable to preventDefault inside passive event listener invocation. @ webpack-internal:///(app-pages-browser)/./node_modules/next/dist/compiled/react-dom/cjs/react-dom-client.development.js:3511
[22136598ms] [ERROR] Unable to preventDefault inside passive event listener invocation. @ webpack-internal:///(app-pages-browser)/./node_modules/next/dist/compiled/react-dom/cjs/react-dom-client.development.js:3511
[22136614ms] [ERROR] Unable to preventDefault inside passive event listener invocation. @ webpack-internal:///(app-pages-browser)/./node_modules/next/dist/compiled/react-dom/cjs/react-dom-client.development.js:3511
[22136631ms] [ERROR] Unable to preventDefault inside passive event listener invocation. @ webpack-internal:///(app-pages-browser)/./node_modules/next/dist/compiled/react-dom/cjs/react-dom-client.development.js:3511
[22136647ms] [ERROR] Unable to preventDefault inside passive event listener invocation. @ webpack-internal:///(app-pages-browser)/./node_modules/next/dist/compiled/react-dom/cjs/react-dom-client.development.js:3511
[22136858ms] [ERROR] Unable to preventDefault inside passive event listener invocation. @ webpack-internal:///(app-pages-browser)/./node_modules/next/dist/compiled/react-dom/cjs/react-dom-client.development.js:3511
[22136880ms] [ERROR] Unable to preventDefault inside passive event listener invocation. @ webpack-internal:///(app-pages-browser)/./node_modules/next/dist/compiled/react-dom/cjs/react-dom-client.development.js:3511
[22136898ms] [ERROR] Unable to preventDefault inside passive event listener invocation. @ webpack-internal:///(app-pages-browser)/./node_modules/next/dist/compiled/react-dom/cjs/react-dom-client.development.js:3511
[22136914ms] [ERROR] Unable to preventDefault inside passive event listener invocation. @ webpack-internal:///(app-pages-browser)/./node_modules/next/dist/compiled/react-dom/cjs/react-dom-client.development.js:3511
[22226079ms] [LOG] [Fast Refresh] rebuilding @ webpack-internal:///(app-pages-browser)/./node_modules/next/dist/next-devtools/shared/forward-logs-shared.js:27
[22226482ms] [LOG] [Fast Refresh] rebuilding @ webpack-internal:///(app-pages-browser)/./node_modules/next/dist/next-devtools/shared/forward-logs-shared.js:27
[22226700ms] [LOG] [Fast Refresh] done in 217ms @ webpack-internal:///(app-pages-browser)/./node_modules/next/dist/next-devtools/shared/forward-logs-shared.js:27
[22227091ms] [LOG] [Fast Refresh] rebuilding @ webpack-internal:///(app-pages-browser)/./node_modules/next/dist/next-devtools/shared/forward-logs-shared.js:27
[22227319ms] [LOG] [Fast Refresh] done in 228ms @ webpack-internal:///(app-pages-browser)/./node_modules/next/dist/next-devtools/shared/forward-logs-shared.js:27
[22227561ms] [LOG] [Fast Refresh] done in 469ms @ webpack-internal:///(app-pages-browser)/./node_modules/next/dist/next-devtools/shared/forward-logs-shared.js:27
[22252371ms] [LOG] [Fast Refresh] rebuilding @ webpack-internal:///(app-pages-browser)/./node_modules/next/dist/next-devtools/shared/forward-logs-shared.js:27
[22252722ms] [LOG] [Fast Refresh] done in 352ms @ webpack-internal:///(app-pages-browser)/./node_modules/next/dist/next-devtools/shared/forward-logs-shared.js:27
[22378036ms] [LOG] [Fast Refresh] rebuilding @ webpack-internal:///(app-pages-browser)/./node_modules/next/dist/next-devtools/shared/forward-logs-shared.js:27
[22378668ms] [LOG] [Fast Refresh] done in 632ms @ webpack-internal:///(app-pages-browser)/./node_modules/next/dist/next-devtools/shared/forward-logs-shared.js:27
[22389647ms] [ERROR] Unable to preventDefault inside passive event listener invocation. @ webpack-internal:///(app-pages-browser)/./node_modules/next/dist/compiled/react-dom/cjs/react-dom-client.development.js:3511
[22389675ms] [ERROR] Unable to preventDefault inside passive event listener invocation. @ webpack-internal:///(app-pages-browser)/./node_modules/next/dist/compiled/react-dom/cjs/react-dom-client.development.js:3511
[22389907ms] [ERROR] Unable to preventDefault inside passive event listener invocation. @ webpack-internal:///(app-pages-browser)/./node_modules/next/dist/compiled/react-dom/cjs/react-dom-client.development.js:3511
[22389921ms] [ERROR] Unable to preventDefault inside passive event listener invocation. @ webpack-internal:///(app-pages-browser)/./node_modules/next/dist/compiled/react-dom/cjs/react-dom-client.development.js:3511
[22389969ms] [ERROR] Unable to preventDefault inside passive event listener invocation. @ webpack-internal:///(app-pages-browser)/./node_modules/next/dist/compiled/react-dom/cjs/react-dom-client.development.js:3511
[22390149ms] [ERROR] Unable to preventDefault inside passive event listener invocation. @ webpack-internal:///(app-pages-browser)/./node_modules/next/dist/compiled/react-dom/cjs/react-dom-client.development.js:3511
[22390180ms] [ERROR] Unable to preventDefault inside passive event listener invocation. @ webpack-internal:///(app-pages-browser)/./node_modules/next/dist/compiled/react-dom/cjs/react-dom-client.development.js:3511
[22390384ms] [ERROR] Unable to preventDefault inside passive event listener invocation. @ webpack-internal:///(app-pages-browser)/./node_modules/next/dist/compiled/react-dom/cjs/react-dom-client.development.js:3511
[22390413ms] [ERROR] Unable to preventDefault inside passive event listener invocation. @ webpack-internal:///(app-pages-browser)/./node_modules/next/dist/compiled/react-dom/cjs/react-dom-client.development.js:3511
[22390447ms] [ERROR] Unable to preventDefault inside passive event listener invocation. @ webpack-internal:///(app-pages-browser)/./node_modules/next/dist/compiled/react-dom/cjs/react-dom-client.development.js:3511
[22392595ms] [LOG] [Fast Refresh] rebuilding @ webpack-internal:///(app-pages-browser)/./node_modules/next/dist/next-devtools/shared/forward-logs-shared.js:27
[22393251ms] [LOG] [Fast Refresh] done in 655ms @ webpack-internal:///(app-pages-browser)/./node_modules/next/dist/next-devtools/shared/forward-logs-shared.js:27
[22424430ms] [LOG] [cache-update] sid= null poleTags= 0 shapes= 0 @ webpack-internal:///(app-pages-browser)/./node_modules/next/dist/next-devtools/shared/forward-logs-shared.js:27
[22424431ms] [WARNING] [cache-update] skipping save — no sessionId or db @ webpack-internal:///(app-pages-browser)/./node_modules/next/dist/next-devtools/shared/forward-logs-shared.js:27
[22424841ms] [LOG] [Fast Refresh] rebuilding @ webpack-internal:///(app-pages-browser)/./node_modules/next/dist/next-devtools/shared/forward-logs-shared.js:27
[22425372ms] [LOG] [Fast Refresh] done in 531ms @ webpack-internal:///(app-pages-browser)/./node_modules/next/dist/next-devtools/shared/forward-logs-shared.js:27
[22425400ms] [LOG] [Fast Refresh] rebuilding @ webpack-internal:///(app-pages-browser)/./node_modules/next/dist/next-devtools/shared/forward-logs-shared.js:27
[22425696ms] [LOG] [Fast Refresh] done in 295ms @ webpack-internal:///(app-pages-browser)/./node_modules/next/dist/next-devtools/shared/forward-logs-shared.js:27
[22426250ms] [LOG] [cache-update] sid= null poleTags= 123 shapes= 0 @ webpack-internal:///(app-pages-browser)/./node_modules/next/dist/next-devtools/shared/forward-logs-shared.js:27
[22426250ms] [WARNING] [cache-update] skipping save — no sessionId or db @ webpack-internal:///(app-pages-browser)/./node_modules/next/dist/next-devtools/shared/forward-logs-shared.js:27
[22426384ms] [LOG] [Fast Refresh] rebuilding @ webpack-internal:///(app-pages-browser)/./node_modules/next/dist/next-devtools/shared/forward-logs-shared.js:27
[22426393ms] [LOG] [cache-update] sid= null poleTags= 0 shapes= 0 @ webpack-internal:///(app-pages-browser)/./node_modules/next/dist/next-devtools/shared/forward-logs-shared.js:27
[22426393ms] [WARNING] [cache-update] skipping save — no sessionId or db @ webpack-internal:///(app-pages-browser)/./node_modules/next/dist/next-devtools/shared/forward-logs-shared.js:27
[22426853ms] [LOG] [Fast Refresh] done in 468ms @ webpack-internal:///(app-pages-browser)/./node_modules/next/dist/next-devtools/shared/forward-logs-shared.js:27
[22428658ms] [LOG] [Fast Refresh] rebuilding @ webpack-internal:///(app-pages-browser)/./node_modules/next/dist/next-devtools/shared/forward-logs-shared.js:27
[22429062ms] [LOG] [Fast Refresh] done in 405ms @ webpack-internal:///(app-pages-browser)/./node_modules/next/dist/next-devtools/shared/forward-logs-shared.js:27
[22429943ms] [LOG] [Fast Refresh] rebuilding @ webpack-internal:///(app-pages-browser)/./node_modules/next/dist/next-devtools/shared/forward-logs-shared.js:27
[22430209ms] [LOG] [Fast Refresh] done in 267ms @ webpack-internal:///(app-pages-browser)/./node_modules/next/dist/next-devtools/shared/forward-logs-shared.js:27
[22433037ms] [LOG] [cache-update] sid= null poleTags= 0 shapes= 0 @ webpack-internal:///(app-pages-browser)/./node_modules/next/dist/next-devtools/shared/forward-logs-shared.js:27
[22433037ms] [WARNING] [cache-update] skipping save — no sessionId or db @ webpack-internal:///(app-pages-browser)/./node_modules/next/dist/next-devtools/shared/forward-logs-shared.js:27
[22435140ms] [LOG] [cache-update] sid= null poleTags= 0 shapes= 0 @ webpack-internal:///(app-pages-browser)/./node_modules/next/dist/next-devtools/shared/forward-logs-shared.js:27
[22435141ms] [WARNING] [cache-update] skipping save — no sessionId or db @ webpack-internal:///(app-pages-browser)/./node_modules/next/dist/next-devtools/shared/forward-logs-shared.js:27
[22437581ms] [LOG] [cache-update] sid= null poleTags= 0 shapes= 0 @ webpack-internal:///(app-pages-browser)/./node_modules/next/dist/next-devtools/shared/forward-logs-shared.js:27
[22437581ms] [WARNING] [cache-update] skipping save — no sessionId or db @ webpack-internal:///(app-pages-browser)/./node_modules/next/dist/next-devtools/shared/forward-logs-shared.js:27
[22439712ms] [LOG] [cache-update] sid= null poleTags= 0 shapes= 0 @ webpack-internal:///(app-pages-browser)/./node_modules/next/dist/next-devtools/shared/forward-logs-shared.js:27
[22439712ms] [WARNING] [cache-update] skipping save — no sessionId or db @ webpack-internal:///(app-pages-browser)/./node_modules/next/dist/next-devtools/shared/forward-logs-shared.js:27
[22441777ms] [LOG] [cache-update] sid= null poleTags= 0 shapes= 0 @ webpack-internal:///(app-pages-browser)/./node_modules/next/dist/next-devtools/shared/forward-logs-shared.js:27
[22441777ms] [WARNING] [cache-update] skipping save — no sessionId or db @ webpack-internal:///(app-pages-browser)/./node_modules/next/dist/next-devtools/shared/forward-logs-shared.js:27
[22441958ms] [LOG] [cache-update] sid= null poleTags= 0 shapes= 184 @ webpack-internal:///(app-pages-browser)/./node_modules/next/dist/next-devtools/shared/forward-logs-shared.js:27
[22441958ms] [WARNING] [cache-update] skipping save — no sessionId or db @ webpack-internal:///(app-pages-browser)/./node_modules/next/dist/next-devtools/shared/forward-logs-shared.js:27
[22444967ms] [ERROR] Unable to preventDefault inside passive event listener invocation. @ webpack-internal:///(app-pages-browser)/./node_modules/next/dist/compiled/react-dom/cjs/react-dom-client.development.js:3511
[22445512ms] [ERROR] Unable to preventDefault inside passive event listener invocation. @ webpack-internal:///(app-pages-browser)/./node_modules/next/dist/compiled/react-dom/cjs/react-dom-client.development.js:3511
[22445538ms] [ERROR] Unable to preventDefault inside passive event listener invocation. @ webpack-internal:///(app-pages-browser)/./node_modules/next/dist/compiled/react-dom/cjs/react-dom-client.development.js:3511
[22445744ms] [ERROR] Unable to preventDefault inside passive event listener invocation. @ webpack-internal:///(app-pages-browser)/./node_modules/next/dist/compiled/react-dom/cjs/react-dom-client.development.js:3511
[22445763ms] [ERROR] Unable to preventDefault inside passive event listener invocation. @ webpack-internal:///(app-pages-browser)/./node_modules/next/dist/compiled/react-dom/cjs/react-dom-client.development.js:3511
[22445796ms] [ERROR] Unable to preventDefault inside passive event listener invocation. @ webpack-internal:///(app-pages-browser)/./node_modules/next/dist/compiled/react-dom/cjs/react-dom-client.development.js:3511
[22445979ms] [ERROR] Unable to preventDefault inside passive event listener invocation. @ webpack-internal:///(app-pages-browser)/./node_modules/next/dist/compiled/react-dom/cjs/react-dom-client.development.js:3511
[22446013ms] [ERROR] Unable to preventDefault inside passive event listener invocation. @ webpack-internal:///(app-pages-browser)/./node_modules/next/dist/compiled/react-dom/cjs/react-dom-client.development.js:3511
[22446212ms] [ERROR] Unable to preventDefault inside passive event listener invocation. @ webpack-internal:///(app-pages-browser)/./node_modules/next/dist/compiled/react-dom/cjs/react-dom-client.development.js:3511
[22446228ms] [ERROR] Unable to preventDefault inside passive event listener invocation. @ webpack-internal:///(app-pages-browser)/./node_modules/next/dist/compiled/react-dom/cjs/react-dom-client.development.js:3511
[22446445ms] [ERROR] Unable to preventDefault inside passive event listener invocation. @ webpack-internal:///(app-pages-browser)/./node_modules/next/dist/compiled/react-dom/cjs/react-dom-client.development.js:3511
[22446472ms] [ERROR] Unable to preventDefault inside passive event listener invocation. @ webpack-internal:///(app-pages-browser)/./node_modules/next/dist/compiled/react-dom/cjs/react-dom-client.development.js:3511
[22455594ms] [LOG] [cache-update] sid= null poleTags= 50 shapes= 0 @ webpack-internal:///(app-pages-browser)/./node_modules/next/dist/next-devtools/shared/forward-logs-shared.js:27
[22455594ms] [WARNING] [cache-update] skipping save — no sessionId or db @ webpack-internal:///(app-pages-browser)/./node_modules/next/dist/next-devtools/shared/forward-logs-shared.js:27
[22457806ms] [LOG] [cache-update] sid= null poleTags= 50 shapes= 0 @ webpack-internal:///(app-pages-browser)/./node_modules/next/dist/next-devtools/shared/forward-logs-shared.js:27
[22457807ms] [WARNING] [cache-update] skipping save — no sessionId or db @ webpack-internal:///(app-pages-browser)/./node_modules/next/dist/next-devtools/shared/forward-logs-shared.js:27
[22462167ms] [ERROR] Unable to preventDefault inside passive event listener invocation. @ webpack-internal:///(app-pages-browser)/./node_modules/next/dist/compiled/react-dom/cjs/react-dom-client.development.js:3511
[22462187ms] [ERROR] Unable to preventDefault inside passive event listener invocation. @ webpack-internal:///(app-pages-browser)/./node_modules/next/dist/compiled/react-dom/cjs/react-dom-client.development.js:3511
[22462253ms] [ERROR] Unable to preventDefault inside passive event listener invocation. @ webpack-internal:///(app-pages-browser)/./node_modules/next/dist/compiled/react-dom/cjs/react-dom-client.development.js:3511
[22462555ms] [ERROR] Unable to preventDefault inside passive event listener invocation. @ webpack-internal:///(app-pages-browser)/./node_modules/next/dist/compiled/react-dom/cjs/react-dom-client.development.js:3511
[22462665ms] [ERROR] Unable to preventDefault inside passive event listener invocation. @ webpack-internal:///(app-pages-browser)/./node_modules/next/dist/compiled/react-dom/cjs/react-dom-client.development.js:3511
[22466306ms] [LOG] [cache-update] sid= null poleTags= 52 shapes= 0 @ webpack-internal:///(app-pages-browser)/./node_modules/next/dist/next-devtools/shared/forward-logs-shared.js:27
[22466307ms] [WARNING] [cache-update] skipping save — no sessionId or db @ webpack-internal:///(app-pages-browser)/./node_modules/next/dist/next-devtools/shared/forward-logs-shared.js:27
[22469743ms] [LOG] [cache-update] sid= null poleTags= 52 shapes= 0 @ webpack-internal:///(app-pages-browser)/./node_modules/next/dist/next-devtools/shared/forward-logs-shared.js:27
[22469743ms] [WARNING] [cache-update] skipping save — no sessionId or db @ webpack-internal:///(app-pages-browser)/./node_modules/next/dist/next-devtools/shared/forward-logs-shared.js:27
[22472323ms] [ERROR] Unable to preventDefault inside passive event listener invocation. @ webpack-internal:///(app-pages-browser)/./node_modules/next/dist/compiled/react-dom/cjs/react-dom-client.development.js:3511
[22472361ms] [ERROR] Unable to preventDefault inside passive event listener invocation. @ webpack-internal:///(app-pages-browser)/./node_modules/next/dist/compiled/react-dom/cjs/react-dom-client.development.js:3511
[22472386ms] [ERROR] Unable to preventDefault inside passive event listener invocation. @ webpack-internal:///(app-pages-browser)/./node_modules/next/dist/compiled/react-dom/cjs/react-dom-client.development.js:3511
[22472723ms] [ERROR] Unable to preventDefault inside passive event listener invocation. @ webpack-internal:///(app-pages-browser)/./node_modules/next/dist/compiled/react-dom/cjs/react-dom-client.development.js:3511
[22472761ms] [ERROR] Unable to preventDefault inside passive event listener invocation. @ webpack-internal:///(app-pages-browser)/./node_modules/next/dist/compiled/react-dom/cjs/react-dom-client.development.js:3511
[22473209ms] [LOG] [cache-update] sid= null poleTags= 52 shapes= 0 @ webpack-internal:///(app-pages-browser)/./node_modules/next/dist/next-devtools/shared/forward-logs-shared.js:27
[22473209ms] [WARNING] [cache-update] skipping save — no sessionId or db @ webpack-internal:///(app-pages-browser)/./node_modules/next/dist/next-devtools/shared/forward-logs-shared.js:27
[22477574ms] [ERROR] Unable to preventDefault inside passive event listener invocation. @ webpack-internal:///(app-pages-browser)/./node_modules/next/dist/compiled/react-dom/cjs/react-dom-client.development.js:3511
[22477599ms] [ERROR] Unable to preventDefault inside passive event listener invocation. @ webpack-internal:///(app-pages-browser)/./node_modules/next/dist/compiled/react-dom/cjs/react-dom-client.development.js:3511
[22477624ms] [ERROR] Unable to preventDefault inside passive event listener invocation. @ webpack-internal:///(app-pages-browser)/./node_modules/next/dist/compiled/react-dom/cjs/react-dom-client.development.js:3511
[22477731ms] [LOG] [cache-update] sid= null poleTags= 53 shapes= 0 @ webpack-internal:///(app-pages-browser)/./node_modules/next/dist/next-devtools/shared/forward-logs-shared.js:27
[22477731ms] [WARNING] [cache-update] skipping save — no sessionId or db @ webpack-internal:///(app-pages-browser)/./node_modules/next/dist/next-devtools/shared/forward-logs-shared.js:27
[22477816ms] [ERROR] Unable to preventDefault inside passive event listener invocation. @ webpack-internal:///(app-pages-browser)/./node_modules/next/dist/compiled/react-dom/cjs/react-dom-client.development.js:3511
[22477840ms] [ERROR] Unable to preventDefault inside passive event listener invocation. @ webpack-internal:///(app-pages-browser)/./node_modules/next/dist/compiled/react-dom/cjs/react-dom-client.development.js:3511
[22477860ms] [ERROR] Unable to preventDefault inside passive event listener invocation. @ webpack-internal:///(app-pages-browser)/./node_modules/next/dist/compiled/react-dom/cjs/react-dom-client.development.js:3511
[22478041ms] [ERROR] Unable to preventDefault inside passive event listener invocation. @ webpack-internal:///(app-pages-browser)/./node_modules/next/dist/compiled/react-dom/cjs/react-dom-client.development.js:3511
[22478054ms] [ERROR] Unable to preventDefault inside passive event listener invocation. @ webpack-internal:///(app-pages-browser)/./node_modules/next/dist/compiled/react-dom/cjs/react-dom-client.development.js:3511
[22478070ms] [ERROR] Unable to preventDefault inside passive event listener invocation. @ webpack-internal:///(app-pages-browser)/./node_modules/next/dist/compiled/react-dom/cjs/react-dom-client.development.js:3511
[22478358ms] [ERROR] Unable to preventDefault inside passive event listener invocation. @ webpack-internal:///(app-pages-browser)/./node_modules/next/dist/compiled/react-dom/cjs/react-dom-client.development.js:3511
[22478386ms] [ERROR] Unable to preventDefault inside passive event listener invocation. @ webpack-internal:///(app-pages-browser)/./node_modules/next/dist/compiled/react-dom/cjs/react-dom-client.development.js:3511
[22483284ms] [LOG] [cache-update] sid= null poleTags= 54 shapes= 0 @ webpack-internal:///(app-pages-browser)/./node_modules/next/dist/next-devtools/shared/forward-logs-shared.js:27
[22483285ms] [WARNING] [cache-update] skipping save — no sessionId or db @ webpack-internal:///(app-pages-browser)/./node_modules/next/dist/next-devtools/shared/forward-logs-shared.js:27
[22485501ms] [LOG] [cache-update] sid= null poleTags= 55 shapes= 0 @ webpack-internal:///(app-pages-browser)/./node_modules/next/dist/next-devtools/shared/forward-logs-shared.js:27
[22485501ms] [WARNING] [cache-update] skipping save — no sessionId or db @ webpack-internal:///(app-pages-browser)/./node_modules/next/dist/next-devtools/shared/forward-logs-shared.js:27
[22487731ms] [LOG] [cache-update] sid= null poleTags= 55 shapes= 0 @ webpack-internal:///(app-pages-browser)/./node_modules/next/dist/next-devtools/shared/forward-logs-shared.js:27
[22487731ms] [WARNING] [cache-update] skipping save — no sessionId or db @ webpack-internal:///(app-pages-browser)/./node_modules/next/dist/next-devtools/shared/forward-logs-shared.js:27
[22489951ms] [LOG] [cache-update] sid= null poleTags= 55 shapes= 0 @ webpack-internal:///(app-pages-browser)/./node_modules/next/dist/next-devtools/shared/forward-logs-shared.js:27
[22489951ms] [WARNING] [cache-update] skipping save — no sessionId or db @ webpack-internal:///(app-pages-browser)/./node_modules/next/dist/next-devtools/shared/forward-logs-shared.js:27
[22492211ms] [LOG] [cache-update] sid= null poleTags= 55 shapes= 0 @ webpack-internal:///(app-pages-browser)/./node_modules/next/dist/next-devtools/shared/forward-logs-shared.js:27
[22492211ms] [WARNING] [cache-update] skipping save — no sessionId or db @ webpack-internal:///(app-pages-browser)/./node_modules/next/dist/next-devtools/shared/forward-logs-shared.js:27
[22494373ms] [LOG] [cache-update] sid= null poleTags= 55 shapes= 0 @ webpack-internal:///(app-pages-browser)/./node_modules/next/dist/next-devtools/shared/forward-logs-shared.js:27
[22494373ms] [WARNING] [cache-update] skipping save — no sessionId or db @ webpack-internal:///(app-pages-browser)/./node_modules/next/dist/next-devtools/shared/forward-logs-shared.js:27
[22496454ms] [ERROR] Failed to load resource: the server responded with a status of 500 (Internal Server Error) @ http://localhost:3000/api/v1/cable_spans/derive:0
[22496474ms] [LOG] [Fast Refresh] rebuilding @ webpack-internal:///(app-pages-browser)/./node_modules/next/dist/next-devtools/shared/forward-logs-shared.js:27
[22496612ms] [LOG] [cache-update] sid= null poleTags= 55 shapes= 0 @ webpack-internal:///(app-pages-browser)/./node_modules/next/dist/next-devtools/shared/forward-logs-shared.js:27
[22496612ms] [WARNING] [cache-update] skipping save — no sessionId or db @ webpack-internal:///(app-pages-browser)/./node_modules/next/dist/next-devtools/shared/forward-logs-shared.js:27
[22496911ms] [LOG] [Fast Refresh] done in 437ms @ webpack-internal:///(app-pages-browser)/./node_modules/next/dist/next-devtools/shared/forward-logs-shared.js:27
[22497209ms] [LOG] [Fast Refresh] rebuilding @ webpack-internal:///(app-pages-browser)/./node_modules/next/dist/next-devtools/shared/forward-logs-shared.js:27
[22497668ms] [LOG] [Fast Refresh] done in 460ms @ webpack-internal:///(app-pages-browser)/./node_modules/next/dist/next-devtools/shared/forward-logs-shared.js:27
[22498874ms] [LOG] [cache-update] sid= null poleTags= 55 shapes= 0 @ webpack-internal:///(app-pages-browser)/./node_modules/next/dist/next-devtools/shared/forward-logs-shared.js:27
[22498874ms] [WARNING] [cache-update] skipping save — no sessionId or db @ webpack-internal:///(app-pages-browser)/./node_modules/next/dist/next-devtools/shared/forward-logs-shared.js:27
[22501080ms] [LOG] [cache-update] sid= null poleTags= 55 shapes= 0 @ webpack-internal:///(app-pages-browser)/./node_modules/next/dist/next-devtools/shared/forward-logs-shared.js:27
[22501081ms] [WARNING] [cache-update] skipping save — no sessionId or db @ webpack-internal:///(app-pages-browser)/./node_modules/next/dist/next-devtools/shared/forward-logs-shared.js:27
[22503259ms] [LOG] [cache-update] sid= null poleTags= 55 shapes= 0 @ webpack-internal:///(app-pages-browser)/./node_modules/next/dist/next-devtools/shared/forward-logs-shared.js:27
[22503259ms] [WARNING] [cache-update] skipping save — no sessionId or db @ webpack-internal:///(app-pages-browser)/./node_modules/next/dist/next-devtools/shared/forward-logs-shared.js:27
[22505429ms] [LOG] [cache-update] sid= null poleTags= 55 shapes= 0 @ webpack-internal:///(app-pages-browser)/./node_modules/next/dist/next-devtools/shared/forward-logs-shared.js:27
[22505429ms] [WARNING] [cache-update] skipping save — no sessionId or db @ webpack-internal:///(app-pages-browser)/./node_modules/next/dist/next-devtools/shared/forward-logs-shared.js:27
[22507655ms] [LOG] [cache-update] sid= null poleTags= 55 shapes= 0 @ webpack-internal:///(app-pages-browser)/./node_modules/next/dist/next-devtools/shared/forward-logs-shared.js:27
[22507655ms] [WARNING] [cache-update] skipping save — no sessionId or db @ webpack-internal:///(app-pages-browser)/./node_modules/next/dist/next-devtools/shared/forward-logs-shared.js:27
[22507815ms] [ERROR] Failed to load resource: the server responded with a status of 500 (Internal Server Error) @ http://localhost:3000/api/v1/cable_spans/derive:0
[22509963ms] [LOG] [cache-update] sid= null poleTags= 55 shapes= 0 @ webpack-internal:///(app-pages-browser)/./node_modules/next/dist/next-devtools/shared/forward-logs-shared.js:27
[22509963ms] [WARNING] [cache-update] skipping save — no sessionId or db @ webpack-internal:///(app-pages-browser)/./node_modules/next/dist/next-devtools/shared/forward-logs-shared.js:27
[22512156ms] [LOG] [cache-update] sid= null poleTags= 55 shapes= 0 @ webpack-internal:///(app-pages-browser)/./node_modules/next/dist/next-devtools/shared/forward-logs-shared.js:27
[22512156ms] [WARNING] [cache-update] skipping save — no sessionId or db @ webpack-internal:///(app-pages-browser)/./node_modules/next/dist/next-devtools/shared/forward-logs-shared.js:27
[22513383ms] [ERROR] Failed to load resource: the server responded with a status of 500 (Internal Server Error) @ http://localhost:3000/api/v1/cable_spans/derive:0
[22515592ms] [ERROR] Failed to load resource: the server responded with a status of 500 (Internal Server Error) @ http://localhost:3000/api/v1/cable_spans/derive:0
[22516355ms] [LOG] [cache-update] sid= null poleTags= 55 shapes= 0 @ webpack-internal:///(app-pages-browser)/./node_modules/next/dist/next-devtools/shared/forward-logs-shared.js:27
[22516356ms] [WARNING] [cache-update] skipping save — no sessionId or db @ webpack-internal:///(app-pages-browser)/./node_modules/next/dist/next-devtools/shared/forward-logs-shared.js:27
[22518553ms] [LOG] [cache-update] sid= null poleTags= 55 shapes= 0 @ webpack-internal:///(app-pages-browser)/./node_modules/next/dist/next-devtools/shared/forward-logs-shared.js:27
[22518554ms] [WARNING] [cache-update] skipping save — no sessionId or db @ webpack-internal:///(app-pages-browser)/./node_modules/next/dist/next-devtools/shared/forward-logs-shared.js:27
[22521007ms] [LOG] [cache-update] sid= null poleTags= 55 shapes= 0 @ webpack-internal:///(app-pages-browser)/./node_modules/next/dist/next-devtools/shared/forward-logs-shared.js:27
[22521008ms] [WARNING] [cache-update] skipping save — no sessionId or db @ webpack-internal:///(app-pages-browser)/./node_modules/next/dist/next-devtools/shared/forward-logs-shared.js:27
[22523248ms] [LOG] [cache-update] sid= null poleTags= 56 shapes= 0 @ webpack-internal:///(app-pages-browser)/./node_modules/next/dist/next-devtools/shared/forward-logs-shared.js:27
[22523248ms] [WARNING] [cache-update] skipping save — no sessionId or db @ webpack-internal:///(app-pages-browser)/./node_modules/next/dist/next-devtools/shared/forward-logs-shared.js:27
[22525667ms] [LOG] [cache-update] sid= null poleTags= 56 shapes= 0 @ webpack-internal:///(app-pages-browser)/./node_modules/next/dist/next-devtools/shared/forward-logs-shared.js:27
[22525667ms] [WARNING] [cache-update] skipping save — no sessionId or db @ webpack-internal:///(app-pages-browser)/./node_modules/next/dist/next-devtools/shared/forward-logs-shared.js:27
[22527886ms] [LOG] [cache-update] sid= null poleTags= 56 shapes= 0 @ webpack-internal:///(app-pages-browser)/./node_modules/next/dist/next-devtools/shared/forward-logs-shared.js:27
[22527886ms] [WARNING] [cache-update] skipping save — no sessionId or db @ webpack-internal:///(app-pages-browser)/./node_modules/next/dist/next-devtools/shared/forward-logs-shared.js:27
[22530095ms] [LOG] [cache-update] sid= null poleTags= 56 shapes= 0 @ webpack-internal:///(app-pages-browser)/./node_modules/next/dist/next-devtools/shared/forward-logs-shared.js:27
[22530095ms] [WARNING] [cache-update] skipping save — no sessionId or db @ webpack-internal:///(app-pages-browser)/./node_modules/next/dist/next-devtools/shared/forward-logs-shared.js:27
[22532420ms] [LOG] [cache-update] sid= null poleTags= 56 shapes= 0 @ webpack-internal:///(app-pages-browser)/./node_modules/next/dist/next-devtools/shared/forward-logs-shared.js:27
[22532420ms] [WARNING] [cache-update] skipping save — no sessionId or db @ webpack-internal:///(app-pages-browser)/./node_modules/next/dist/next-devtools/shared/forward-logs-shared.js:27
[22534609ms] [LOG] [cache-update] sid= null poleTags= 56 shapes= 0 @ webpack-internal:///(app-pages-browser)/./node_modules/next/dist/next-devtools/shared/forward-logs-shared.js:27
[22534609ms] [WARNING] [cache-update] skipping save — no sessionId or db @ webpack-internal:///(app-pages-browser)/./node_modules/next/dist/next-devtools/shared/forward-logs-shared.js:27
[22536828ms] [LOG] [cache-update] sid= null poleTags= 56 shapes= 0 @ webpack-internal:///(app-pages-browser)/./node_modules/next/dist/next-devtools/shared/forward-logs-shared.js:27
[22536828ms] [WARNING] [cache-update] skipping save — no sessionId or db @ webpack-internal:///(app-pages-browser)/./node_modules/next/dist/next-devtools/shared/forward-logs-shared.js:27
[22539049ms] [LOG] [cache-update] sid= null poleTags= 56 shapes= 0 @ webpack-internal:///(app-pages-browser)/./node_modules/next/dist/next-devtools/shared/forward-logs-shared.js:27
[22539049ms] [WARNING] [cache-update] skipping save — no sessionId or db @ webpack-internal:///(app-pages-browser)/./node_modules/next/dist/next-devtools/shared/forward-logs-shared.js:27
[22541254ms] [LOG] [cache-update] sid= null poleTags= 56 shapes= 0 @ webpack-internal:///(app-pages-browser)/./node_modules/next/dist/next-devtools/shared/forward-logs-shared.js:27
[22541254ms] [WARNING] [cache-update] skipping save — no sessionId or db @ webpack-internal:///(app-pages-browser)/./node_modules/next/dist/next-devtools/shared/forward-logs-shared.js:27
[22543547ms] [LOG] [cache-update] sid= null poleTags= 56 shapes= 0 @ webpack-internal:///(app-pages-browser)/./node_modules/next/dist/next-devtools/shared/forward-logs-shared.js:27
[22543548ms] [WARNING] [cache-update] skipping save — no sessionId or db @ webpack-internal:///(app-pages-browser)/./node_modules/next/dist/next-devtools/shared/forward-logs-shared.js:27
[22545948ms] [LOG] [cache-update] sid= null poleTags= 56 shapes= 0 @ webpack-internal:///(app-pages-browser)/./node_modules/next/dist/next-devtools/shared/forward-logs-shared.js:27
[22545948ms] [WARNING] [cache-update] skipping save — no sessionId or db @ webpack-internal:///(app-pages-browser)/./node_modules/next/dist/next-devtools/shared/forward-logs-shared.js:27
[22548269ms] [LOG] [cache-update] sid= null poleTags= 56 shapes= 0 @ webpack-internal:///(app-pages-browser)/./node_modules/next/dist/next-devtools/shared/forward-logs-shared.js:27
[22548270ms] [WARNING] [cache-update] skipping save — no sessionId or db @ webpack-internal:///(app-pages-browser)/./node_modules/next/dist/next-devtools/shared/forward-logs-shared.js:27
[22550595ms] [LOG] [cache-update] sid= null poleTags= 56 shapes= 0 @ webpack-internal:///(app-pages-browser)/./node_modules/next/dist/next-devtools/shared/forward-logs-shared.js:27
[22550596ms] [WARNING] [cache-update] skipping save — no sessionId or db @ webpack-internal:///(app-pages-browser)/./node_modules/next/dist/next-devtools/shared/forward-logs-shared.js:27
[22552850ms] [LOG] [cache-update] sid= null poleTags= 56 shapes= 0 @ webpack-internal:///(app-pages-browser)/./node_modules/next/dist/next-devtools/shared/forward-logs-shared.js:27
[22552851ms] [WARNING] [cache-update] skipping save — no sessionId or db @ webpack-internal:///(app-pages-browser)/./node_modules/next/dist/next-devtools/shared/forward-logs-shared.js:27
[22553457ms] [ERROR] Failed to load resource: the server responded with a status of 500 (Internal Server Error) @ http://localhost:3000/api/v1/cable_spans/derive:0
[22555734ms] [LOG] [cache-update] sid= null poleTags= 56 shapes= 0 @ webpack-internal:///(app-pages-browser)/./node_modules/next/dist/next-devtools/shared/forward-logs-shared.js:27
[22555734ms] [WARNING] [cache-update] skipping save — no sessionId or db @ webpack-internal:///(app-pages-browser)/./node_modules/next/dist/next-devtools/shared/forward-logs-shared.js:27
[22558116ms] [LOG] [cache-update] sid= null poleTags= 56 shapes= 0 @ webpack-internal:///(app-pages-browser)/./node_modules/next/dist/next-devtools/shared/forward-logs-shared.js:27
[22558116ms] [WARNING] [cache-update] skipping save — no sessionId or db @ webpack-internal:///(app-pages-browser)/./node_modules/next/dist/next-devtools/shared/forward-logs-shared.js:27
[22560280ms] [LOG] [cache-update] sid= null poleTags= 56 shapes= 0 @ webpack-internal:///(app-pages-browser)/./node_modules/next/dist/next-devtools/shared/forward-logs-shared.js:27
[22560281ms] [WARNING] [cache-update] skipping save — no sessionId or db @ webpack-internal:///(app-pages-browser)/./node_modules/next/dist/next-devtools/shared/forward-logs-shared.js:27
[22562459ms] [LOG] [cache-update] sid= null poleTags= 56 shapes= 0 @ webpack-internal:///(app-pages-browser)/./node_modules/next/dist/next-devtools/shared/forward-logs-shared.js:27
[22562459ms] [WARNING] [cache-update] skipping save — no sessionId or db @ webpack-internal:///(app-pages-browser)/./node_modules/next/dist/next-devtools/shared/forward-logs-shared.js:27
[22564685ms] [LOG] [cache-update] sid= null poleTags= 56 shapes= 0 @ webpack-internal:///(app-pages-browser)/./node_modules/next/dist/next-devtools/shared/forward-logs-shared.js:27
[22564686ms] [WARNING] [cache-update] skipping save — no sessionId or db @ webpack-internal:///(app-pages-browser)/./node_modules/next/dist/next-devtools/shared/forward-logs-shared.js:27
[22567004ms] [LOG] [cache-update] sid= null poleTags= 56 shapes= 0 @ webpack-internal:///(app-pages-browser)/./node_modules/next/dist/next-devtools/shared/forward-logs-shared.js:27
[22567004ms] [WARNING] [cache-update] skipping save — no sessionId or db @ webpack-internal:///(app-pages-browser)/./node_modules/next/dist/next-devtools/shared/forward-logs-shared.js:27
[22569222ms] [LOG] [cache-update] sid= null poleTags= 56 shapes= 0 @ webpack-internal:///(app-pages-browser)/./node_modules/next/dist/next-devtools/shared/forward-logs-shared.js:27
[22569222ms] [WARNING] [cache-update] skipping save — no sessionId or db @ webpack-internal:///(app-pages-browser)/./node_modules/next/dist/next-devtools/shared/forward-logs-shared.js:27
[22571450ms] [LOG] [cache-update] sid= null poleTags= 56 shapes= 0 @ webpack-internal:///(app-pages-browser)/./node_modules/next/dist/next-devtools/shared/forward-logs-shared.js:27
[22571450ms] [WARNING] [cache-update] skipping save — no sessionId or db @ webpack-internal:///(app-pages-browser)/./node_modules/next/dist/next-devtools/shared/forward-logs-shared.js:27
[22573636ms] [LOG] [cache-update] sid= null poleTags= 56 shapes= 0 @ webpack-internal:///(app-pages-browser)/./node_modules/next/dist/next-devtools/shared/forward-logs-shared.js:27
[22573637ms] [WARNING] [cache-update] skipping save — no sessionId or db @ webpack-internal:///(app-pages-browser)/./node_modules/next/dist/next-devtools/shared/forward-logs-shared.js:27
[22575811ms] [LOG] [cache-update] sid= null poleTags= 57 shapes= 0 @ webpack-internal:///(app-pages-browser)/./node_modules/next/dist/next-devtools/shared/forward-logs-shared.js:27
[22575811ms] [WARNING] [cache-update] skipping save — no sessionId or db @ webpack-internal:///(app-pages-browser)/./node_modules/next/dist/next-devtools/shared/forward-logs-shared.js:27
[22578937ms] [LOG] [cache-update] sid= null poleTags= 57 shapes= 0 @ webpack-internal:///(app-pages-browser)/./node_modules/next/dist/next-devtools/shared/forward-logs-shared.js:27
[22578938ms] [WARNING] [cache-update] skipping save — no sessionId or db @ webpack-internal:///(app-pages-browser)/./node_modules/next/dist/next-devtools/shared/forward-logs-shared.js:27
[22583371ms] [LOG] [cache-update] sid= null poleTags= 57 shapes= 0 @ webpack-internal:///(app-pages-browser)/./node_modules/next/dist/next-devtools/shared/forward-logs-shared.js:27
[22583371ms] [WARNING] [cache-update] skipping save — no sessionId or db @ webpack-internal:///(app-pages-browser)/./node_modules/next/dist/next-devtools/shared/forward-logs-shared.js:27
[22588041ms] [LOG] [cache-update] sid= null poleTags= 57 shapes= 0 @ webpack-internal:///(app-pages-browser)/./node_modules/next/dist/next-devtools/shared/forward-logs-shared.js:27
[22588041ms] [WARNING] [cache-update] skipping save — no sessionId or db @ webpack-internal:///(app-pages-browser)/./node_modules/next/dist/next-devtools/shared/forward-logs-shared.js:27
[22590794ms] [LOG] [cache-update] sid= null poleTags= 57 shapes= 0 @ webpack-internal:///(app-pages-browser)/./node_modules/next/dist/next-devtools/shared/forward-logs-shared.js:27
[22590795ms] [WARNING] [cache-update] skipping save — no sessionId or db @ webpack-internal:///(app-pages-browser)/./node_modules/next/dist/next-devtools/shared/forward-logs-shared.js:27
[22592602ms] [ERROR] Unable to preventDefault inside passive event listener invocation. @ webpack-internal:///(app-pages-browser)/./node_modules/next/dist/compiled/react-dom/cjs/react-dom-client.development.js:3511
[22592613ms] [ERROR] Unable to preventDefault inside passive event listener invocation. @ webpack-internal:///(app-pages-browser)/./node_modules/next/dist/compiled/react-dom/cjs/react-dom-client.development.js:3511
[22592624ms] [ERROR] Unable to preventDefault inside passive event listener invocation. @ webpack-internal:///(app-pages-browser)/./node_modules/next/dist/compiled/react-dom/cjs/react-dom-client.development.js:3511
[22592634ms] [ERROR] Unable to preventDefault inside passive event listener invocation. @ webpack-internal:///(app-pages-browser)/./node_modules/next/dist/compiled/react-dom/cjs/react-dom-client.development.js:3511
[22592647ms] [ERROR] Unable to preventDefault inside passive event listener invocation. @ webpack-internal:///(app-pages-browser)/./node_modules/next/dist/compiled/react-dom/cjs/react-dom-client.development.js:3511
[22593977ms] [LOG] [cache-update] sid= null poleTags= 58 shapes= 0 @ webpack-internal:///(app-pages-browser)/./node_modules/next/dist/next-devtools/shared/forward-logs-shared.js:27
[22593977ms] [WARNING] [cache-update] skipping save — no sessionId or db @ webpack-internal:///(app-pages-browser)/./node_modules/next/dist/next-devtools/shared/forward-logs-shared.js:27
[22594933ms] [ERROR] Unable to preventDefault inside passive event listener invocation. @ webpack-internal:///(app-pages-browser)/./node_modules/next/dist/compiled/react-dom/cjs/react-dom-client.development.js:3511
[22594942ms] [ERROR] Unable to preventDefault inside passive event listener invocation. @ webpack-internal:///(app-pages-browser)/./node_modules/next/dist/compiled/react-dom/cjs/react-dom-client.development.js:3511
[22597308ms] [LOG] [cache-update] sid= null poleTags= 58 shapes= 0 @ webpack-internal:///(app-pages-browser)/./node_modules/next/dist/next-devtools/shared/forward-logs-shared.js:27
[22597308ms] [WARNING] [cache-update] skipping save — no sessionId or db @ webpack-internal:///(app-pages-browser)/./node_modules/next/dist/next-devtools/shared/forward-logs-shared.js:27
[22599662ms] [LOG] [cache-update] sid= null poleTags= 59 shapes= 0 @ webpack-internal:///(app-pages-browser)/./node_modules/next/dist/next-devtools/shared/forward-logs-shared.js:27
[22599665ms] [WARNING] [cache-update] skipping save — no sessionId or db @ webpack-internal:///(app-pages-browser)/./node_modules/next/dist/next-devtools/shared/forward-logs-shared.js:27
[22601922ms] [LOG] [cache-update] sid= null poleTags= 59 shapes= 0 @ webpack-internal:///(app-pages-browser)/./node_modules/next/dist/next-devtools/shared/forward-logs-shared.js:27
[22601922ms] [WARNING] [cache-update] skipping save — no sessionId or db @ webpack-internal:///(app-pages-browser)/./node_modules/next/dist/next-devtools/shared/forward-logs-shared.js:27
[22604106ms] [LOG] [cache-update] sid= null poleTags= 59 shapes= 0 @ webpack-internal:///(app-pages-browser)/./node_modules/next/dist/next-devtools/shared/forward-logs-shared.js:27
[22604106ms] [WARNING] [cache-update] skipping save — no sessionId or db @ webpack-internal:///(app-pages-browser)/./node_modules/next/dist/next-devtools/shared/forward-logs-shared.js:27
[22605915ms] [ERROR] Failed to load resource: the server responded with a status of 500 (Internal Server Error) @ http://localhost:3000/api/v1/cable_spans/derive:0
[22624975ms] [ERROR] Failed to load resource: the server responded with a status of 500 (Internal Server Error) @ http://localhost:3000/api/v1/cable_spans/derive:0
[22629803ms] [ERROR] Failed to load resource: the server responded with a status of 500 (Internal Server Error) @ http://localhost:3000/api/v1/cable_spans/derive:0
[22778182ms] [WARNING] [session] could not resolve session: Error: Supabase not configured. Add NEXT_PUBLIC_SUPABASE_URL and NEXT_PUBLIC_SUPABASE_ANON_KEY to .env
    at throwNotConfigured (webpack-internal:///(app-pages-browser)/./app/hooks/useDatabase.ts:11:11)
    at useDatabase.useCallback[getSb] (webpack-internal:///(app-pages-browser)/./app/hooks/useDatabase.ts:16:71)
    at useDatabase.useCallback[checkForExistingSession] [as checkForExistingSession] (webpack-internal:///(app-pages-browser)/./app/hooks/useDatabase.ts:171:24)
    at Home.useCallback[resolveSessionId] (webpack-internal:///(app-pages-browser)/./app/page.tsx:98:43)
    at Home.useCallback[handleStartProcessing] (webpack-internal:///(app-pages-browser)/./app/page.tsx:218:13)
    at onClick (webpack-internal:///(app-pages-browser)/./app/components/LoadScreen.tsx:2150:46)
    at executeDispatch (webpack-internal:///(app-pages-browser)/./node_modules/next/dist/compiled/react-dom/cjs/react-dom-client.development.js:20544:9)
    at runWithFiberInDEV (webpack-internal:///(app-pages-browser)/./node_modules/next/dist/compiled/react-dom/cjs/react-dom-client.development.js:987:30)
    at processDispatchQueue (webpack-internal:///(app-pages-browser)/./node_modules/next/dist/compiled/react-dom/cjs/react-dom-client.development.js:20594:19)
    at eval (webpack-internal:///(app-pages-browser)/./node_modules/next/dist/compiled/react-dom/cjs/react-dom-client.development.js:21165:9)
    at batchedUpdates$1 (webpack-internal:///(app-pages-browser)/./node_modules/next/dist/compiled/react-dom/cjs/react-dom-client.development.js:3378:40)
    at dispatchEventForPluginEventSystem (webpack-internal:///(app-pages-browser)/./node_modules/next/dist/compiled/react-dom/cjs/react-dom-client.development.js:20748:7)
    at dispatchEvent (webpack-internal:///(app-pages-browser)/./node_modules/next/dist/compiled/react-dom/cjs/react-dom-client.development.js:25694:11)
    at dispatchDiscreteEvent (webpack-internal:///(app-pages-browser)/./node_modules/next/dist/compiled/react-dom/cjs/react-dom-client.development.js:25662:11) @ webpack-internal:///(app-pages-browser)/./node_modules/next/dist/next-devtools/shared/forward-logs-shared.js:27
[23047807ms] [LOG] [Fast Refresh] rebuilding @ webpack-internal:///(app-pages-browser)/./node_modules/next/dist/next-devtools/shared/forward-logs-shared.js:27
[23051926ms] [LOG] [Fast Refresh] done in 4118ms @ webpack-internal:///(app-pages-browser)/./node_modules/next/dist/next-devtools/shared/forward-logs-shared.js:27
[23063427ms] [LOG] [Fast Refresh] rebuilding @ webpack-internal:///(app-pages-browser)/./node_modules/next/dist/next-devtools/shared/forward-logs-shared.js:27
[23065802ms] [LOG] [Fast Refresh] done in 2375ms @ webpack-internal:///(app-pages-browser)/./node_modules/next/dist/next-devtools/shared/forward-logs-shared.js:27
[23091772ms] [LOG] [Fast Refresh] rebuilding @ webpack-internal:///(app-pages-browser)/./node_modules/next/dist/next-devtools/shared/forward-logs-shared.js:27
[23092613ms] [LOG] [Fast Refresh] done in 841ms @ webpack-internal:///(app-pages-browser)/./node_modules/next/dist/next-devtools/shared/forward-logs-shared.js:27
[24146893ms] [LOG] [PoleLayout mount] cachedData: poleDone=false tags=0 @ webpack-internal:///(app-pages-browser)/./node_modules/next/dist/next-devtools/shared/forward-logs-shared.js:27
[24146921ms] [LOG] [PoleLayout mount] cachedData: poleDone=false tags=0 @ webpack-internal:///(app-pages-browser)/./node_modules/next/dist/next-devtools/shared/forward-logs-shared.js:27
[24148999ms] [LOG] [Fast Refresh] rebuilding @ webpack-internal:///(app-pages-browser)/./node_modules/next/dist/next-devtools/shared/forward-logs-shared.js:27
[24150121ms] [LOG] [Fast Refresh] rebuilding @ webpack-internal:///(app-pages-browser)/./node_modules/next/dist/next-devtools/shared/forward-logs-shared.js:27
[24150782ms] [LOG] [Fast Refresh] done in 660ms @ webpack-internal:///(app-pages-browser)/./node_modules/next/dist/next-devtools/shared/forward-logs-shared.js:27
[24152069ms] [LOG] [cache-update] sid= null poleTags= 160 shapes= 0 @ webpack-internal:///(app-pages-browser)/./node_modules/next/dist/next-devtools/shared/forward-logs-shared.js:27
[24152073ms] [WARNING] [cache-update] skipping save — no sessionId or db @ webpack-internal:///(app-pages-browser)/./node_modules/next/dist/next-devtools/shared/forward-logs-shared.js:27
[24153453ms] [LOG] [Fast Refresh] done in 3331ms @ webpack-internal:///(app-pages-browser)/./node_modules/next/dist/next-devtools/shared/forward-logs-shared.js:27
[24154659ms] [LOG] [cache-update] sid= null poleTags= 160 shapes= 0 @ webpack-internal:///(app-pages-browser)/./node_modules/next/dist/next-devtools/shared/forward-logs-shared.js:27
[24154659ms] [WARNING] [cache-update] skipping save — no sessionId or db @ webpack-internal:///(app-pages-browser)/./node_modules/next/dist/next-devtools/shared/forward-logs-shared.js:27
[24310910ms] [LOG] [Fast Refresh] rebuilding @ webpack-internal:///(app-pages-browser)/./node_modules/next/dist/next-devtools/shared/forward-logs-shared.js:27
[24311753ms] [LOG] [Fast Refresh] done in 844ms @ webpack-internal:///(app-pages-browser)/./node_modules/next/dist/next-devtools/shared/forward-logs-shared.js:27
[24338908ms] [LOG] [Fast Refresh] rebuilding @ webpack-internal:///(app-pages-browser)/./node_modules/next/dist/next-devtools/shared/forward-logs-shared.js:27
[24339215ms] [LOG] [Fast Refresh] done in 307ms @ webpack-internal:///(app-pages-browser)/./node_modules/next/dist/next-devtools/shared/forward-logs-shared.js:27
[24627342ms] [ERROR] Failed to load resource: the server responded with a status of 502 (Bad Gateway) @ http://localhost:3000/api/pole_tags:0
[24630673ms] [INFO] %cDownload the React DevTools for a better development experience: https://react.dev/link/react-devtools font-weight:bold @ webpack-internal:///(app-pages-browser)/./node_modules/next/dist/next-devtools/shared/forward-logs-shared.js:27
[24630987ms] [LOG] [HMR] connected @ webpack-internal:///(app-pages-browser)/./node_modules/next/dist/next-devtools/shared/forward-logs-shared.js:27
[24631122ms] [ERROR] Failed to load resource: the server responded with a status of 500 (Internal Server Error) @ http://localhost:3000/api/files/list:0
[24631132ms] [LOG] [Fast Refresh] rebuilding @ webpack-internal:///(app-pages-browser)/./node_modules/next/dist/next-devtools/shared/forward-logs-shared.js:27
[24631624ms] [LOG] [Fast Refresh] done in 492ms @ webpack-internal:///(app-pages-browser)/./node_modules/next/dist/next-devtools/shared/forward-logs-shared.js:27
[24631672ms] [LOG] [Fast Refresh] rebuilding @ webpack-internal:///(app-pages-browser)/./node_modules/next/dist/next-devtools/shared/forward-logs-shared.js:27
[24632174ms] [LOG] [Fast Refresh] done in 501ms @ webpack-internal:///(app-pages-browser)/./node_modules/next/dist/next-devtools/shared/forward-logs-shared.js:27
[24668978ms] [INFO] %cDownload the React DevTools for a better development experience: https://react.dev/link/react-devtools font-weight:bold @ webpack-internal:///(app-pages-browser)/./node_modules/next/dist/next-devtools/shared/forward-logs-shared.js:27
[24669075ms] [LOG] [HMR] connected @ webpack-internal:///(app-pages-browser)/./node_modules/next/dist/next-devtools/shared/forward-logs-shared.js:27
[24779331ms] [WARNING] [session] could not resolve session: Error: Supabase not configured. Add NEXT_PUBLIC_SUPABASE_URL and NEXT_PUBLIC_SUPABASE_ANON_KEY to .env
    at throwNotConfigured (webpack-internal:///(app-pages-browser)/./app/hooks/useDatabase.ts:11:11)
    at useDatabase.useCallback[getSb] (webpack-internal:///(app-pages-browser)/./app/hooks/useDatabase.ts:16:71)
    at useDatabase.useCallback[checkForExistingSession] [as checkForExistingSession] (webpack-internal:///(app-pages-browser)/./app/hooks/useDatabase.ts:171:24)
    at Home.useCallback[resolveSessionId] (webpack-internal:///(app-pages-browser)/./app/page.tsx:98:43)
    at Home.useCallback[handleStartProcessing] (webpack-internal:///(app-pages-browser)/./app/page.tsx:218:13)
    at onClick (webpack-internal:///(app-pages-browser)/./app/components/LoadScreen.tsx:2150:46)
    at executeDispatch (webpack-internal:///(app-pages-browser)/./node_modules/next/dist/compiled/react-dom/cjs/react-dom-client.development.js:20544:9)
    at runWithFiberInDEV (webpack-internal:///(app-pages-browser)/./node_modules/next/dist/compiled/react-dom/cjs/react-dom-client.development.js:987:30)
    at processDispatchQueue (webpack-internal:///(app-pages-browser)/./node_modules/next/dist/compiled/react-dom/cjs/react-dom-client.development.js:20594:19)
    at eval (webpack-internal:///(app-pages-browser)/./node_modules/next/dist/compiled/react-dom/cjs/react-dom-client.development.js:21165:9)
    at batchedUpdates$1 (webpack-internal:///(app-pages-browser)/./node_modules/next/dist/compiled/react-dom/cjs/react-dom-client.development.js:3378:40)
    at dispatchEventForPluginEventSystem (webpack-internal:///(app-pages-browser)/./node_modules/next/dist/compiled/react-dom/cjs/react-dom-client.development.js:20748:7)
    at dispatchEvent (webpack-internal:///(app-pages-browser)/./node_modules/next/dist/compiled/react-dom/cjs/react-dom-client.development.js:25694:11)
    at dispatchDiscreteEvent (webpack-internal:///(app-pages-browser)/./node_modules/next/dist/compiled/react-dom/cjs/react-dom-client.development.js:25662:11) @ webpack-internal:///(app-pages-browser)/./node_modules/next/dist/next-devtools/shared/forward-logs-shared.js:27
[24813743ms] [LOG] [PoleLayout mount] cachedData: poleDone=false tags=0 @ webpack-internal:///(app-pages-browser)/./node_modules/next/dist/next-devtools/shared/forward-logs-shared.js:27
[24813759ms] [LOG] [PoleLayout mount] cachedData: poleDone=false tags=0 @ webpack-internal:///(app-pages-browser)/./node_modules/next/dist/next-devtools/shared/forward-logs-shared.js:27
[24813840ms] [LOG] [Fast Refresh] rebuilding @ webpack-internal:///(app-pages-browser)/./node_modules/next/dist/next-devtools/shared/forward-logs-shared.js:27
[24814619ms] [LOG] [Fast Refresh] rebuilding @ webpack-internal:///(app-pages-browser)/./node_modules/next/dist/next-devtools/shared/forward-logs-shared.js:27
[24815209ms] [LOG] [Fast Refresh] done in 590ms @ webpack-internal:///(app-pages-browser)/./node_modules/next/dist/next-devtools/shared/forward-logs-shared.js:27
[24817625ms] [LOG] [Fast Refresh] rebuilding @ webpack-internal:///(app-pages-browser)/./node_modules/next/dist/next-devtools/shared/forward-logs-shared.js:27
[24818148ms] [LOG] [Fast Refresh] done in 523ms @ webpack-internal:///(app-pages-browser)/./node_modules/next/dist/next-devtools/shared/forward-logs-shared.js:27
[24818877ms] [LOG] [cache-update] sid= null poleTags= 0 shapes= 0 @ webpack-internal:///(app-pages-browser)/./node_modules/next/dist/next-devtools/shared/forward-logs-shared.js:27
[24818878ms] [WARNING] [cache-update] skipping save — no sessionId or db @ webpack-internal:///(app-pages-browser)/./node_modules/next/dist/next-devtools/shared/forward-logs-shared.js:27
[24818970ms] [LOG] [Fast Refresh] rebuilding @ webpack-internal:///(app-pages-browser)/./node_modules/next/dist/next-devtools/shared/forward-logs-shared.js:27
[24819302ms] [LOG] [Fast Refresh] done in 333ms @ webpack-internal:///(app-pages-browser)/./node_modules/next/dist/next-devtools/shared/forward-logs-shared.js:27
[24819383ms] [LOG] [Fast Refresh] rebuilding @ webpack-internal:///(app-pages-browser)/./node_modules/next/dist/next-devtools/shared/forward-logs-shared.js:27
[24819687ms] [LOG] [Fast Refresh] done in 304ms @ webpack-internal:///(app-pages-browser)/./node_modules/next/dist/next-devtools/shared/forward-logs-shared.js:27
[24819848ms] [LOG] [Fast Refresh] rebuilding @ webpack-internal:///(app-pages-browser)/./node_modules/next/dist/next-devtools/shared/forward-logs-shared.js:27
[24820338ms] [LOG] [Fast Refresh] done in 490ms @ webpack-internal:///(app-pages-browser)/./node_modules/next/dist/next-devtools/shared/forward-logs-shared.js:27
[24821831ms] [LOG] [cache-update] sid= null poleTags= 0 shapes= 0 @ webpack-internal:///(app-pages-browser)/./node_modules/next/dist/next-devtools/shared/forward-logs-shared.js:27
[24821831ms] [WARNING] [cache-update] skipping save — no sessionId or db @ webpack-internal:///(app-pages-browser)/./node_modules/next/dist/next-devtools/shared/forward-logs-shared.js:27
[24823908ms] [LOG] [cache-update] sid= null poleTags= 0 shapes= 0 @ webpack-internal:///(app-pages-browser)/./node_modules/next/dist/next-devtools/shared/forward-logs-shared.js:27
[24823908ms] [WARNING] [cache-update] skipping save — no sessionId or db @ webpack-internal:///(app-pages-browser)/./node_modules/next/dist/next-devtools/shared/forward-logs-shared.js:27
[24825998ms] [LOG] [cache-update] sid= null poleTags= 0 shapes= 0 @ webpack-internal:///(app-pages-browser)/./node_modules/next/dist/next-devtools/shared/forward-logs-shared.js:27
[24825998ms] [WARNING] [cache-update] skipping save — no sessionId or db @ webpack-internal:///(app-pages-browser)/./node_modules/next/dist/next-devtools/shared/forward-logs-shared.js:27
[24828107ms] [LOG] [cache-update] sid= null poleTags= 0 shapes= 0 @ webpack-internal:///(app-pages-browser)/./node_modules/next/dist/next-devtools/shared/forward-logs-shared.js:27
[24828107ms] [WARNING] [cache-update] skipping save — no sessionId or db @ webpack-internal:///(app-pages-browser)/./node_modules/next/dist/next-devtools/shared/forward-logs-shared.js:27
[24830262ms] [LOG] [cache-update] sid= null poleTags= 0 shapes= 0 @ webpack-internal:///(app-pages-browser)/./node_modules/next/dist/next-devtools/shared/forward-logs-shared.js:27
[24830262ms] [WARNING] [cache-update] skipping save — no sessionId or db @ webpack-internal:///(app-pages-browser)/./node_modules/next/dist/next-devtools/shared/forward-logs-shared.js:27
[24832759ms] [LOG] [cache-update] sid= null poleTags= 0 shapes= 0 @ webpack-internal:///(app-pages-browser)/./node_modules/next/dist/next-devtools/shared/forward-logs-shared.js:27
[24832759ms] [WARNING] [cache-update] skipping save — no sessionId or db @ webpack-internal:///(app-pages-browser)/./node_modules/next/dist/next-devtools/shared/forward-logs-shared.js:27
[24839937ms] [LOG] [cache-update] sid= null poleTags= 0 shapes= 0 @ webpack-internal:///(app-pages-browser)/./node_modules/next/dist/next-devtools/shared/forward-logs-shared.js:27
[24839937ms] [WARNING] [cache-update] skipping save — no sessionId or db @ webpack-internal:///(app-pages-browser)/./node_modules/next/dist/next-devtools/shared/forward-logs-shared.js:27
[24840428ms] [LOG] [cache-update] sid= null poleTags= 0 shapes= 0 @ webpack-internal:///(app-pages-browser)/./node_modules/next/dist/next-devtools/shared/forward-logs-shared.js:27
[24840428ms] [WARNING] [cache-update] skipping save — no sessionId or db @ webpack-internal:///(app-pages-browser)/./node_modules/next/dist/next-devtools/shared/forward-logs-shared.js:27
[24841424ms] [LOG] [cache-update] sid= null poleTags= 0 shapes= 0 @ webpack-internal:///(app-pages-browser)/./node_modules/next/dist/next-devtools/shared/forward-logs-shared.js:27
[24841424ms] [WARNING] [cache-update] skipping save — no sessionId or db @ webpack-internal:///(app-pages-browser)/./node_modules/next/dist/next-devtools/shared/forward-logs-shared.js:27
[24842004ms] [LOG] [Fast Refresh] done in 22157ms @ webpack-internal:///(app-pages-browser)/./node_modules/next/dist/next-devtools/shared/forward-logs-shared.js:27
[24843553ms] [LOG] [cache-update] sid= null poleTags= 0 shapes= 0 @ webpack-internal:///(app-pages-browser)/./node_modules/next/dist/next-devtools/shared/forward-logs-shared.js:27
[24843553ms] [WARNING] [cache-update] skipping save — no sessionId or db @ webpack-internal:///(app-pages-browser)/./node_modules/next/dist/next-devtools/shared/forward-logs-shared.js:27
[24845881ms] [LOG] [cache-update] sid= null poleTags= 0 shapes= 0 @ webpack-internal:///(app-pages-browser)/./node_modules/next/dist/next-devtools/shared/forward-logs-shared.js:27
[24845881ms] [WARNING] [cache-update] skipping save — no sessionId or db @ webpack-internal:///(app-pages-browser)/./node_modules/next/dist/next-devtools/shared/forward-logs-shared.js:27
[24846784ms] [LOG] [cache-update] sid= null poleTags= 0 shapes= 151 @ webpack-internal:///(app-pages-browser)/./node_modules/next/dist/next-devtools/shared/forward-logs-shared.js:27
[24846784ms] [WARNING] [cache-update] skipping save — no sessionId or db @ webpack-internal:///(app-pages-browser)/./node_modules/next/dist/next-devtools/shared/forward-logs-shared.js:27
[24848092ms] [LOG] [cache-update] sid= null poleTags= 0 shapes= 0 @ webpack-internal:///(app-pages-browser)/./node_modules/next/dist/next-devtools/shared/forward-logs-shared.js:27
[24848092ms] [WARNING] [cache-update] skipping save — no sessionId or db @ webpack-internal:///(app-pages-browser)/./node_modules/next/dist/next-devtools/shared/forward-logs-shared.js:27
[24850700ms] [LOG] [cache-update] sid= null poleTags= 0 shapes= 0 @ webpack-internal:///(app-pages-browser)/./node_modules/next/dist/next-devtools/shared/forward-logs-shared.js:27
[24850700ms] [WARNING] [cache-update] skipping save — no sessionId or db @ webpack-internal:///(app-pages-browser)/./node_modules/next/dist/next-devtools/shared/forward-logs-shared.js:27
[24854021ms] [LOG] [cache-update] sid= null poleTags= 0 shapes= 0 @ webpack-internal:///(app-pages-browser)/./node_modules/next/dist/next-devtools/shared/forward-logs-shared.js:27
[24854022ms] [WARNING] [cache-update] skipping save — no sessionId or db @ webpack-internal:///(app-pages-browser)/./node_modules/next/dist/next-devtools/shared/forward-logs-shared.js:27
[24856437ms] [LOG] [cache-update] sid= null poleTags= 0 shapes= 0 @ webpack-internal:///(app-pages-browser)/./node_modules/next/dist/next-devtools/shared/forward-logs-shared.js:27
[24856437ms] [WARNING] [cache-update] skipping save — no sessionId or db @ webpack-internal:///(app-pages-browser)/./node_modules/next/dist/next-devtools/shared/forward-logs-shared.js:27
[24858647ms] [LOG] [cache-update] sid= null poleTags= 0 shapes= 0 @ webpack-internal:///(app-pages-browser)/./node_modules/next/dist/next-devtools/shared/forward-logs-shared.js:27
[24858647ms] [WARNING] [cache-update] skipping save — no sessionId or db @ webpack-internal:///(app-pages-browser)/./node_modules/next/dist/next-devtools/shared/forward-logs-shared.js:27
[24861669ms] [LOG] [cache-update] sid= null poleTags= 0 shapes= 0 @ webpack-internal:///(app-pages-browser)/./node_modules/next/dist/next-devtools/shared/forward-logs-shared.js:27
[24861669ms] [WARNING] [cache-update] skipping save — no sessionId or db @ webpack-internal:///(app-pages-browser)/./node_modules/next/dist/next-devtools/shared/forward-logs-shared.js:27
[24863749ms] [LOG] [cache-update] sid= null poleTags= 0 shapes= 0 @ webpack-internal:///(app-pages-browser)/./node_modules/next/dist/next-devtools/shared/forward-logs-shared.js:27
[24863750ms] [WARNING] [cache-update] skipping save — no sessionId or db @ webpack-internal:///(app-pages-browser)/./node_modules/next/dist/next-devtools/shared/forward-logs-shared.js:27
[24866239ms] [LOG] [cache-update] sid= null poleTags= 1 shapes= 0 @ webpack-internal:///(app-pages-browser)/./node_modules/next/dist/next-devtools/shared/forward-logs-shared.js:27
[24866240ms] [WARNING] [cache-update] skipping save — no sessionId or db @ webpack-internal:///(app-pages-browser)/./node_modules/next/dist/next-devtools/shared/forward-logs-shared.js:27
[24868291ms] [LOG] [cache-update] sid= null poleTags= 7 shapes= 0 @ webpack-internal:///(app-pages-browser)/./node_modules/next/dist/next-devtools/shared/forward-logs-shared.js:27
[24868291ms] [WARNING] [cache-update] skipping save — no sessionId or db @ webpack-internal:///(app-pages-browser)/./node_modules/next/dist/next-devtools/shared/forward-logs-shared.js:27
[24870352ms] [LOG] [cache-update] sid= null poleTags= 12 shapes= 0 @ webpack-internal:///(app-pages-browser)/./node_modules/next/dist/next-devtools/shared/forward-logs-shared.js:27
[24870353ms] [WARNING] [cache-update] skipping save — no sessionId or db @ webpack-internal:///(app-pages-browser)/./node_modules/next/dist/next-devtools/shared/forward-logs-shared.js:27
[24872404ms] [LOG] [cache-update] sid= null poleTags= 12 shapes= 0 @ webpack-internal:///(app-pages-browser)/./node_modules/next/dist/next-devtools/shared/forward-logs-shared.js:27
[24872405ms] [WARNING] [cache-update] skipping save — no sessionId or db @ webpack-internal:///(app-pages-browser)/./node_modules/next/dist/next-devtools/shared/forward-logs-shared.js:27
[24876432ms] [LOG] [cache-update] sid= null poleTags= 21 shapes= 0 @ webpack-internal:///(app-pages-browser)/./node_modules/next/dist/next-devtools/shared/forward-logs-shared.js:27
[24876432ms] [WARNING] [cache-update] skipping save — no sessionId or db @ webpack-internal:///(app-pages-browser)/./node_modules/next/dist/next-devtools/shared/forward-logs-shared.js:27
[24878529ms] [LOG] [cache-update] sid= null poleTags= 27 shapes= 0 @ webpack-internal:///(app-pages-browser)/./node_modules/next/dist/next-devtools/shared/forward-logs-shared.js:27
[24878530ms] [WARNING] [cache-update] skipping save — no sessionId or db @ webpack-internal:///(app-pages-browser)/./node_modules/next/dist/next-devtools/shared/forward-logs-shared.js:27
[24880736ms] [LOG] [cache-update] sid= null poleTags= 34 shapes= 0 @ webpack-internal:///(app-pages-browser)/./node_modules/next/dist/next-devtools/shared/forward-logs-shared.js:27
[24880736ms] [WARNING] [cache-update] skipping save — no sessionId or db @ webpack-internal:///(app-pages-browser)/./node_modules/next/dist/next-devtools/shared/forward-logs-shared.js:27
[24882823ms] [LOG] [cache-update] sid= null poleTags= 41 shapes= 0 @ webpack-internal:///(app-pages-browser)/./node_modules/next/dist/next-devtools/shared/forward-logs-shared.js:27
[24882824ms] [WARNING] [cache-update] skipping save — no sessionId or db @ webpack-internal:///(app-pages-browser)/./node_modules/next/dist/next-devtools/shared/forward-logs-shared.js:27
[24884890ms] [LOG] [cache-update] sid= null poleTags= 47 shapes= 0 @ webpack-internal:///(app-pages-browser)/./node_modules/next/dist/next-devtools/shared/forward-logs-shared.js:27
[24884890ms] [WARNING] [cache-update] skipping save — no sessionId or db @ webpack-internal:///(app-pages-browser)/./node_modules/next/dist/next-devtools/shared/forward-logs-shared.js:27
[24887011ms] [LOG] [cache-update] sid= null poleTags= 52 shapes= 0 @ webpack-internal:///(app-pages-browser)/./node_modules/next/dist/next-devtools/shared/forward-logs-shared.js:27
[24887012ms] [WARNING] [cache-update] skipping save — no sessionId or db @ webpack-internal:///(app-pages-browser)/./node_modules/next/dist/next-devtools/shared/forward-logs-shared.js:27
[24889136ms] [LOG] [cache-update] sid= null poleTags= 56 shapes= 0 @ webpack-internal:///(app-pages-browser)/./node_modules/next/dist/next-devtools/shared/forward-logs-shared.js:27
[24889136ms] [WARNING] [cache-update] skipping save — no sessionId or db @ webpack-internal:///(app-pages-browser)/./node_modules/next/dist/next-devtools/shared/forward-logs-shared.js:27
[24891207ms] [LOG] [cache-update] sid= null poleTags= 61 shapes= 0 @ webpack-internal:///(app-pages-browser)/./node_modules/next/dist/next-devtools/shared/forward-logs-shared.js:27
[24891207ms] [WARNING] [cache-update] skipping save — no sessionId or db @ webpack-internal:///(app-pages-browser)/./node_modules/next/dist/next-devtools/shared/forward-logs-shared.js:27
[24893281ms] [LOG] [cache-update] sid= null poleTags= 66 shapes= 0 @ webpack-internal:///(app-pages-browser)/./node_modules/next/dist/next-devtools/shared/forward-logs-shared.js:27
[24893281ms] [WARNING] [cache-update] skipping save — no sessionId or db @ webpack-internal:///(app-pages-browser)/./node_modules/next/dist/next-devtools/shared/forward-logs-shared.js:27
[24895367ms] [LOG] [cache-update] sid= null poleTags= 70 shapes= 0 @ webpack-internal:///(app-pages-browser)/./node_modules/next/dist/next-devtools/shared/forward-logs-shared.js:27
[24895367ms] [WARNING] [cache-update] skipping save — no sessionId or db @ webpack-internal:///(app-pages-browser)/./node_modules/next/dist/next-devtools/shared/forward-logs-shared.js:27
[24897459ms] [LOG] [cache-update] sid= null poleTags= 73 shapes= 0 @ webpack-internal:///(app-pages-browser)/./node_modules/next/dist/next-devtools/shared/forward-logs-shared.js:27
[24897459ms] [WARNING] [cache-update] skipping save — no sessionId or db @ webpack-internal:///(app-pages-browser)/./node_modules/next/dist/next-devtools/shared/forward-logs-shared.js:27
[24899591ms] [LOG] [cache-update] sid= null poleTags= 75 shapes= 0 @ webpack-internal:///(app-pages-browser)/./node_modules/next/dist/next-devtools/shared/forward-logs-shared.js:27
[24899591ms] [WARNING] [cache-update] skipping save — no sessionId or db @ webpack-internal:///(app-pages-browser)/./node_modules/next/dist/next-devtools/shared/forward-logs-shared.js:27
[24901672ms] [LOG] [cache-update] sid= null poleTags= 79 shapes= 0 @ webpack-internal:///(app-pages-browser)/./node_modules/next/dist/next-devtools/shared/forward-logs-shared.js:27
[24901672ms] [WARNING] [cache-update] skipping save — no sessionId or db @ webpack-internal:///(app-pages-browser)/./node_modules/next/dist/next-devtools/shared/forward-logs-shared.js:27
[24902444ms] [LOG] [cache-update] sid= null poleTags= 123 shapes= 0 @ webpack-internal:///(app-pages-browser)/./node_modules/next/dist/next-devtools/shared/forward-logs-shared.js:27
[24902444ms] [WARNING] [cache-update] skipping save — no sessionId or db @ webpack-internal:///(app-pages-browser)/./node_modules/next/dist/next-devtools/shared/forward-logs-shared.js:27
[24903740ms] [LOG] [cache-update] sid= null poleTags= 123 shapes= 0 @ webpack-internal:///(app-pages-browser)/./node_modules/next/dist/next-devtools/shared/forward-logs-shared.js:27
[24903740ms] [WARNING] [cache-update] skipping save — no sessionId or db @ webpack-internal:///(app-pages-browser)/./node_modules/next/dist/next-devtools/shared/forward-logs-shared.js:27
[24908359ms] [ERROR] Unable to preventDefault inside passive event listener invocation. @ webpack-internal:///(app-pages-browser)/./node_modules/next/dist/compiled/react-dom/cjs/react-dom-client.development.js:3511
[24909525ms] [ERROR] Unable to preventDefault inside passive event listener invocation. @ webpack-internal:///(app-pages-browser)/./node_modules/next/dist/compiled/react-dom/cjs/react-dom-client.development.js:3511
[24909535ms] [ERROR] Unable to preventDefault inside passive event listener invocation. @ webpack-internal:///(app-pages-browser)/./node_modules/next/dist/compiled/react-dom/cjs/react-dom-client.development.js:3511
[24909548ms] [ERROR] Unable to preventDefault inside passive event listener invocation. @ webpack-internal:///(app-pages-browser)/./node_modules/next/dist/compiled/react-dom/cjs/react-dom-client.development.js:3511
[24909610ms] [ERROR] Unable to preventDefault inside passive event listener invocation. @ webpack-internal:///(app-pages-browser)/./node_modules/next/dist/compiled/react-dom/cjs/react-dom-client.development.js:3511
[24909761ms] [ERROR] Unable to preventDefault inside passive event listener invocation. @ webpack-internal:///(app-pages-browser)/./node_modules/next/dist/compiled/react-dom/cjs/react-dom-client.development.js:3511
[24909792ms] [ERROR] Unable to preventDefault inside passive event listener invocation. @ webpack-internal:///(app-pages-browser)/./node_modules/next/dist/compiled/react-dom/cjs/react-dom-client.development.js:3511
[24909809ms] [ERROR] Unable to preventDefault inside passive event listener invocation. @ webpack-internal:///(app-pages-browser)/./node_modules/next/dist/compiled/react-dom/cjs/react-dom-client.development.js:3511
[24909825ms] [ERROR] Unable to preventDefault inside passive event listener invocation. @ webpack-internal:///(app-pages-browser)/./node_modules/next/dist/compiled/react-dom/cjs/react-dom-client.development.js:3511
[24909860ms] [ERROR] Unable to preventDefault inside passive event listener invocation. @ webpack-internal:///(app-pages-browser)/./node_modules/next/dist/compiled/react-dom/cjs/react-dom-client.development.js:3511
[24910038ms] [ERROR] Unable to preventDefault inside passive event listener invocation. @ webpack-internal:///(app-pages-browser)/./node_modules/next/dist/compiled/react-dom/cjs/react-dom-client.development.js:3511
[24910059ms] [ERROR] Unable to preventDefault inside passive event listener invocation. @ webpack-internal:///(app-pages-browser)/./node_modules/next/dist/compiled/react-dom/cjs/react-dom-client.development.js:3511
[24910075ms] [ERROR] Unable to preventDefault inside passive event listener invocation. @ webpack-internal:///(app-pages-browser)/./node_modules/next/dist/compiled/react-dom/cjs/react-dom-client.development.js:3511
[24913027ms] [ERROR] Unable to preventDefault inside passive event listener invocation. @ webpack-internal:///(app-pages-browser)/./node_modules/next/dist/compiled/react-dom/cjs/react-dom-client.development.js:3511
[24913061ms] [ERROR] Unable to preventDefault inside passive event listener invocation. @ webpack-internal:///(app-pages-browser)/./node_modules/next/dist/compiled/react-dom/cjs/react-dom-client.development.js:3511
[24913110ms] [ERROR] Unable to preventDefault inside passive event listener invocation. @ webpack-internal:///(app-pages-browser)/./node_modules/next/dist/compiled/react-dom/cjs/react-dom-client.development.js:3511
[24915681ms] [ERROR] Unable to preventDefault inside passive event listener invocation. @ webpack-internal:///(app-pages-browser)/./node_modules/next/dist/compiled/react-dom/cjs/react-dom-client.development.js:3511
[24915712ms] [ERROR] Unable to preventDefault inside passive event listener invocation. @ webpack-internal:///(app-pages-browser)/./node_modules/next/dist/compiled/react-dom/cjs/react-dom-client.development.js:3511
[24915750ms] [ERROR] Unable to preventDefault inside passive event listener invocation. @ webpack-internal:///(app-pages-browser)/./node_modules/next/dist/compiled/react-dom/cjs/react-dom-client.development.js:3511
[24915778ms] [ERROR] Unable to preventDefault inside passive event listener invocation. @ webpack-internal:///(app-pages-browser)/./node_modules/next/dist/compiled/react-dom/cjs/react-dom-client.development.js:3511
[24916111ms] [ERROR] Unable to preventDefault inside passive event listener invocation. @ webpack-internal:///(app-pages-browser)/./node_modules/next/dist/compiled/react-dom/cjs/react-dom-client.development.js:3511
[24916145ms] [ERROR] Unable to preventDefault inside passive event listener invocation. @ webpack-internal:///(app-pages-browser)/./node_modules/next/dist/compiled/react-dom/cjs/react-dom-client.development.js:3511
[24916162ms] [ERROR] Unable to preventDefault inside passive event listener invocation. @ webpack-internal:///(app-pages-browser)/./node_modules/next/dist/compiled/react-dom/cjs/react-dom-client.development.js:3511
[24916609ms] [ERROR] Unable to preventDefault inside passive event listener invocation. @ webpack-internal:///(app-pages-browser)/./node_modules/next/dist/compiled/react-dom/cjs/react-dom-client.development.js:3511
[24916614ms] [ERROR] Unable to preventDefault inside passive event listener invocation. @ webpack-internal:///(app-pages-browser)/./node_modules/next/dist/compiled/react-dom/cjs/react-dom-client.development.js:3511
[24916837ms] [ERROR] Unable to preventDefault inside passive event listener invocation. @ webpack-internal:///(app-pages-browser)/./node_modules/next/dist/compiled/react-dom/cjs/react-dom-client.development.js:3511
[24916861ms] [ERROR] Unable to preventDefault inside passive event listener invocation. @ webpack-internal:///(app-pages-browser)/./node_modules/next/dist/compiled/react-dom/cjs/react-dom-client.development.js:3511
[24922164ms] [ERROR] Unable to preventDefault inside passive event listener invocation. @ webpack-internal:///(app-pages-browser)/./node_modules/next/dist/compiled/react-dom/cjs/react-dom-client.development.js:3511
[24922219ms] [ERROR] Unable to preventDefault inside passive event listener invocation. @ webpack-internal:///(app-pages-browser)/./node_modules/next/dist/compiled/react-dom/cjs/react-dom-client.development.js:3511
[24922381ms] [ERROR] Unable to preventDefault inside passive event listener invocation. @ webpack-internal:///(app-pages-browser)/./node_modules/next/dist/compiled/react-dom/cjs/react-dom-client.development.js:3511
[24926070ms] [ERROR] Unable to preventDefault inside passive event listener invocation. @ webpack-internal:///(app-pages-browser)/./node_modules/next/dist/compiled/react-dom/cjs/react-dom-client.development.js:3511
[24926075ms] [ERROR] Unable to preventDefault inside passive event listener invocation. @ webpack-internal:///(app-pages-browser)/./node_modules/next/dist/compiled/react-dom/cjs/react-dom-client.development.js:3511
[24926108ms] [ERROR] Unable to preventDefault inside passive event listener invocation. @ webpack-internal:///(app-pages-browser)/./node_modules/next/dist/compiled/react-dom/cjs/react-dom-client.development.js:3511
[24926151ms] [ERROR] Unable to preventDefault inside passive event listener invocation. @ webpack-internal:///(app-pages-browser)/./node_modules/next/dist/compiled/react-dom/cjs/react-dom-client.development.js:3511
[24926316ms] [ERROR] Unable to preventDefault inside passive event listener invocation. @ webpack-internal:///(app-pages-browser)/./node_modules/next/dist/compiled/react-dom/cjs/react-dom-client.development.js:3511
[24926338ms] [ERROR] Unable to preventDefault inside passive event listener invocation. @ webpack-internal:///(app-pages-browser)/./node_modules/next/dist/compiled/react-dom/cjs/react-dom-client.development.js:3511
[24926352ms] [ERROR] Unable to preventDefault inside passive event listener invocation. @ webpack-internal:///(app-pages-browser)/./node_modules/next/dist/compiled/react-dom/cjs/react-dom-client.development.js:3511
[24926550ms] [ERROR] Unable to preventDefault inside passive event listener invocation. @ webpack-internal:///(app-pages-browser)/./node_modules/next/dist/compiled/react-dom/cjs/react-dom-client.development.js:3511
[24926564ms] [ERROR] Unable to preventDefault inside passive event listener invocation. @ webpack-internal:///(app-pages-browser)/./node_modules/next/dist/compiled/react-dom/cjs/react-dom-client.development.js:3511
[24926583ms] [ERROR] Unable to preventDefault inside passive event listener invocation. @ webpack-internal:///(app-pages-browser)/./node_modules/next/dist/compiled/react-dom/cjs/react-dom-client.development.js:3511
[24926650ms] [ERROR] Unable to preventDefault inside passive event listener invocation. @ webpack-internal:///(app-pages-browser)/./node_modules/next/dist/compiled/react-dom/cjs/react-dom-client.development.js:3511
[24926866ms] [ERROR] Unable to preventDefault inside passive event listener invocation. @ webpack-internal:///(app-pages-browser)/./node_modules/next/dist/compiled/react-dom/cjs/react-dom-client.development.js:3511
[24926901ms] [ERROR] Unable to preventDefault inside passive event listener invocation. @ webpack-internal:///(app-pages-browser)/./node_modules/next/dist/compiled/react-dom/cjs/react-dom-client.development.js:3511
[24927135ms] [ERROR] Unable to preventDefault inside passive event listener invocation. @ webpack-internal:///(app-pages-browser)/./node_modules/next/dist/compiled/react-dom/cjs/react-dom-client.development.js:3511
[24927168ms] [ERROR] Unable to preventDefault inside passive event listener invocation. @ webpack-internal:///(app-pages-browser)/./node_modules/next/dist/compiled/react-dom/cjs/react-dom-client.development.js:3511
[24931225ms] [ERROR] Unable to preventDefault inside passive event listener invocation. @ webpack-internal:///(app-pages-browser)/./node_modules/next/dist/compiled/react-dom/cjs/react-dom-client.development.js:3511
[24931268ms] [ERROR] Unable to preventDefault inside passive event listener invocation. @ webpack-internal:///(app-pages-browser)/./node_modules/next/dist/compiled/react-dom/cjs/react-dom-client.development.js:3511
[24931302ms] [ERROR] Unable to preventDefault inside passive event listener invocation. @ webpack-internal:///(app-pages-browser)/./node_modules/next/dist/compiled/react-dom/cjs/react-dom-client.development.js:3511
[24931559ms] [ERROR] Unable to preventDefault inside passive event listener invocation. @ webpack-internal:///(app-pages-browser)/./node_modules/next/dist/compiled/react-dom/cjs/react-dom-client.development.js:3511
[24931603ms] [ERROR] Unable to preventDefault inside passive event listener invocation. @ webpack-internal:///(app-pages-browser)/./node_modules/next/dist/compiled/react-dom/cjs/react-dom-client.development.js:3511
[24931963ms] [ERROR] Unable to preventDefault inside passive event listener invocation. @ webpack-internal:///(app-pages-browser)/./node_modules/next/dist/compiled/react-dom/cjs/react-dom-client.development.js:3511
[24932002ms] [ERROR] Unable to preventDefault inside passive event listener invocation. @ webpack-internal:///(app-pages-browser)/./node_modules/next/dist/compiled/react-dom/cjs/react-dom-client.development.js:3511
[24932018ms] [ERROR] Unable to preventDefault inside passive event listener invocation. @ webpack-internal:///(app-pages-browser)/./node_modules/next/dist/compiled/react-dom/cjs/react-dom-client.development.js:3511
[24932413ms] [ERROR] Unable to preventDefault inside passive event listener invocation. @ webpack-internal:///(app-pages-browser)/./node_modules/next/dist/compiled/react-dom/cjs/react-dom-client.development.js:3511
[24932452ms] [ERROR] Unable to preventDefault inside passive event listener invocation. @ webpack-internal:///(app-pages-browser)/./node_modules/next/dist/compiled/react-dom/cjs/react-dom-client.development.js:3511
[24932485ms] [ERROR] Unable to preventDefault inside passive event listener invocation. @ webpack-internal:///(app-pages-browser)/./node_modules/next/dist/compiled/react-dom/cjs/react-dom-client.development.js:3511
[24937555ms] [ERROR] Unable to preventDefault inside passive event listener invocation. @ webpack-internal:///(app-pages-browser)/./node_modules/next/dist/compiled/react-dom/cjs/react-dom-client.development.js:3511
[24937588ms] [ERROR] Unable to preventDefault inside passive event listener invocation. @ webpack-internal:///(app-pages-browser)/./node_modules/next/dist/compiled/react-dom/cjs/react-dom-client.development.js:3511
[24937606ms] [ERROR] Unable to preventDefault inside passive event listener invocation. @ webpack-internal:///(app-pages-browser)/./node_modules/next/dist/compiled/react-dom/cjs/react-dom-client.development.js:3511
[24937818ms] [ERROR] Unable to preventDefault inside passive event listener invocation. @ webpack-internal:///(app-pages-browser)/./node_modules/next/dist/compiled/react-dom/cjs/react-dom-client.development.js:3511
[24937856ms] [ERROR] Unable to preventDefault inside passive event listener invocation. @ webpack-internal:///(app-pages-browser)/./node_modules/next/dist/compiled/react-dom/cjs/react-dom-client.development.js:3511
[24937877ms] [ERROR] Unable to preventDefault inside passive event listener invocation. @ webpack-internal:///(app-pages-browser)/./node_modules/next/dist/compiled/react-dom/cjs/react-dom-client.development.js:3511
[24949216ms] [ERROR] Unable to preventDefault inside passive event listener invocation. @ webpack-internal:///(app-pages-browser)/./node_modules/next/dist/compiled/react-dom/cjs/react-dom-client.development.js:3511
[24949226ms] [ERROR] Unable to preventDefault inside passive event listener invocation. @ webpack-internal:///(app-pages-browser)/./node_modules/next/dist/compiled/react-dom/cjs/react-dom-client.development.js:3511
[24949243ms] [ERROR] Unable to preventDefault inside passive event listener invocation. @ webpack-internal:///(app-pages-browser)/./node_modules/next/dist/compiled/react-dom/cjs/react-dom-client.development.js:3511
[24970496ms] [ERROR] Unable to preventDefault inside passive event listener invocation. @ webpack-internal:///(app-pages-browser)/./node_modules/next/dist/compiled/react-dom/cjs/react-dom-client.development.js:3511
[24970501ms] [ERROR] Unable to preventDefault inside passive event listener invocation. @ webpack-internal:///(app-pages-browser)/./node_modules/next/dist/compiled/react-dom/cjs/react-dom-client.development.js:3511
[24970537ms] [ERROR] Unable to preventDefault inside passive event listener invocation. @ webpack-internal:///(app-pages-browser)/./node_modules/next/dist/compiled/react-dom/cjs/react-dom-client.development.js:3511
[24970712ms] [ERROR] Unable to preventDefault inside passive event listener invocation. @ webpack-internal:///(app-pages-browser)/./node_modules/next/dist/compiled/react-dom/cjs/react-dom-client.development.js:3511
[24970743ms] [ERROR] Unable to preventDefault inside passive event listener invocation. @ webpack-internal:///(app-pages-browser)/./node_modules/next/dist/compiled/react-dom/cjs/react-dom-client.development.js:3511
[24970761ms] [ERROR] Unable to preventDefault inside passive event listener invocation. @ webpack-internal:///(app-pages-browser)/./node_modules/next/dist/compiled/react-dom/cjs/react-dom-client.development.js:3511
[24970793ms] [ERROR] Unable to preventDefault inside passive event listener invocation. @ webpack-internal:///(app-pages-browser)/./node_modules/next/dist/compiled/react-dom/cjs/react-dom-client.development.js:3511
[24971110ms] [ERROR] Unable to preventDefault inside passive event listener invocation. @ webpack-internal:///(app-pages-browser)/./node_modules/next/dist/compiled/react-dom/cjs/react-dom-client.development.js:3511
[24971126ms] [ERROR] Unable to preventDefault inside passive event listener invocation. @ webpack-internal:///(app-pages-browser)/./node_modules/next/dist/compiled/react-dom/cjs/react-dom-client.development.js:3511
[24971250ms] [ERROR] Unable to preventDefault inside passive event listener invocation. @ webpack-internal:///(app-pages-browser)/./node_modules/next/dist/compiled/react-dom/cjs/react-dom-client.development.js:3511
[24971803ms] [ERROR] Unable to preventDefault inside passive event listener invocation. @ webpack-internal:///(app-pages-browser)/./node_modules/next/dist/compiled/react-dom/cjs/react-dom-client.development.js:3511
[24971837ms] [ERROR] Unable to preventDefault inside passive event listener invocation. @ webpack-internal:///(app-pages-browser)/./node_modules/next/dist/compiled/react-dom/cjs/react-dom-client.development.js:3511
[24971843ms] [ERROR] Unable to preventDefault inside passive event listener invocation. @ webpack-internal:///(app-pages-browser)/./node_modules/next/dist/compiled/react-dom/cjs/react-dom-client.development.js:3511
[24971853ms] [ERROR] Unable to preventDefault inside passive event listener invocation. @ webpack-internal:///(app-pages-browser)/./node_modules/next/dist/compiled/react-dom/cjs/react-dom-client.development.js:3511
[24971871ms] [ERROR] Unable to preventDefault inside passive event listener invocation. @ webpack-internal:///(app-pages-browser)/./node_modules/next/dist/compiled/react-dom/cjs/react-dom-client.development.js:3511
[24972135ms] [ERROR] Unable to preventDefault inside passive event listener invocation. @ webpack-internal:///(app-pages-browser)/./node_modules/next/dist/compiled/react-dom/cjs/react-dom-client.development.js:3511
[24972153ms] [ERROR] Unable to preventDefault inside passive event listener invocation. @ webpack-internal:///(app-pages-browser)/./node_modules/next/dist/compiled/react-dom/cjs/react-dom-client.development.js:3511
[24972170ms] [ERROR] Unable to preventDefault inside passive event listener invocation. @ webpack-internal:///(app-pages-browser)/./node_modules/next/dist/compiled/react-dom/cjs/react-dom-client.development.js:3511
[24972643ms] [ERROR] Unable to preventDefault inside passive event listener invocation. @ webpack-internal:///(app-pages-browser)/./node_modules/next/dist/compiled/react-dom/cjs/react-dom-client.development.js:3511
[24972655ms] [ERROR] Unable to preventDefault inside passive event listener invocation. @ webpack-internal:///(app-pages-browser)/./node_modules/next/dist/compiled/react-dom/cjs/react-dom-client.development.js:3511
[24972687ms] [ERROR] Unable to preventDefault inside passive event listener invocation. @ webpack-internal:///(app-pages-browser)/./node_modules/next/dist/compiled/react-dom/cjs/react-dom-client.development.js:3511
[24976973ms] [ERROR] Unable to preventDefault inside passive event listener invocation. @ webpack-internal:///(app-pages-browser)/./node_modules/next/dist/compiled/react-dom/cjs/react-dom-client.development.js:3511
[24976989ms] [ERROR] Unable to preventDefault inside passive event listener invocation. @ webpack-internal:///(app-pages-browser)/./node_modules/next/dist/compiled/react-dom/cjs/react-dom-client.development.js:3511
[24977033ms] [ERROR] Unable to preventDefault inside passive event listener invocation. @ webpack-internal:///(app-pages-browser)/./node_modules/next/dist/compiled/react-dom/cjs/react-dom-client.development.js:3511
[24983776ms] [ERROR] Unable to preventDefault inside passive event listener invocation. @ webpack-internal:///(app-pages-browser)/./node_modules/next/dist/compiled/react-dom/cjs/react-dom-client.development.js:3511
[24983877ms] [ERROR] Unable to preventDefault inside passive event listener invocation. @ webpack-internal:///(app-pages-browser)/./node_modules/next/dist/compiled/react-dom/cjs/react-dom-client.development.js:3511
[25003986ms] [ERROR] Unable to preventDefault inside passive event listener invocation. @ webpack-internal:///(app-pages-browser)/./node_modules/next/dist/compiled/react-dom/cjs/react-dom-client.development.js:3511
[25004001ms] [ERROR] Unable to preventDefault inside passive event listener invocation. @ webpack-internal:///(app-pages-browser)/./node_modules/next/dist/compiled/react-dom/cjs/react-dom-client.development.js:3511
[25004040ms] [ERROR] Unable to preventDefault inside passive event listener invocation. @ webpack-internal:///(app-pages-browser)/./node_modules/next/dist/compiled/react-dom/cjs/react-dom-client.development.js:3511
[25004224ms] [ERROR] Unable to preventDefault inside passive event listener invocation. @ webpack-internal:///(app-pages-browser)/./node_modules/next/dist/compiled/react-dom/cjs/react-dom-client.development.js:3511
[25004236ms] [ERROR] Unable to preventDefault inside passive event listener invocation. @ webpack-internal:///(app-pages-browser)/./node_modules/next/dist/compiled/react-dom/cjs/react-dom-client.development.js:3511
[25004273ms] [ERROR] Unable to preventDefault inside passive event listener invocation. @ webpack-internal:///(app-pages-browser)/./node_modules/next/dist/compiled/react-dom/cjs/react-dom-client.development.js:3511
[25004297ms] [ERROR] Unable to preventDefault inside passive event listener invocation. @ webpack-internal:///(app-pages-browser)/./node_modules/next/dist/compiled/react-dom/cjs/react-dom-client.development.js:3511
[25004719ms] [ERROR] Unable to preventDefault inside passive event listener invocation. @ webpack-internal:///(app-pages-browser)/./node_modules/next/dist/compiled/react-dom/cjs/react-dom-client.development.js:3511
[25004757ms] [ERROR] Unable to preventDefault inside passive event listener invocation. @ webpack-internal:///(app-pages-browser)/./node_modules/next/dist/compiled/react-dom/cjs/react-dom-client.development.js:3511
[25004802ms] [ERROR] Unable to preventDefault inside passive event listener invocation. @ webpack-internal:///(app-pages-browser)/./node_modules/next/dist/compiled/react-dom/cjs/react-dom-client.development.js:3511
[25020526ms] [ERROR] Unable to preventDefault inside passive event listener invocation. @ webpack-internal:///(app-pages-browser)/./node_modules/next/dist/compiled/react-dom/cjs/react-dom-client.development.js:3511
[25020532ms] [ERROR] Unable to preventDefault inside passive event listener invocation. @ webpack-internal:///(app-pages-browser)/./node_modules/next/dist/compiled/react-dom/cjs/react-dom-client.development.js:3511
[25020560ms] [ERROR] Unable to preventDefault inside passive event listener invocation. @ webpack-internal:///(app-pages-browser)/./node_modules/next/dist/compiled/react-dom/cjs/react-dom-client.development.js:3511
[25020565ms] [ERROR] Unable to preventDefault inside passive event listener invocation. @ webpack-internal:///(app-pages-browser)/./node_modules/next/dist/compiled/react-dom/cjs/react-dom-client.development.js:3511
[25020787ms] [ERROR] Unable to preventDefault inside passive event listener invocation. @ webpack-internal:///(app-pages-browser)/./node_modules/next/dist/compiled/react-dom/cjs/react-dom-client.development.js:3511
[25020809ms] [ERROR] Unable to preventDefault inside passive event listener invocation. @ webpack-internal:///(app-pages-browser)/./node_modules/next/dist/compiled/react-dom/cjs/react-dom-client.development.js:3511
[25020826ms] [ERROR] Unable to preventDefault inside passive event listener invocation. @ webpack-internal:///(app-pages-browser)/./node_modules/next/dist/compiled/react-dom/cjs/react-dom-client.development.js:3511
[25029514ms] [ERROR] Unable to preventDefault inside passive event listener invocation. @ webpack-internal:///(app-pages-browser)/./node_modules/next/dist/compiled/react-dom/cjs/react-dom-client.development.js:3511
[25029532ms] [ERROR] Unable to preventDefault inside passive event listener invocation. @ webpack-internal:///(app-pages-browser)/./node_modules/next/dist/compiled/react-dom/cjs/react-dom-client.development.js:3511
[25029557ms] [ERROR] Unable to preventDefault inside passive event listener invocation. @ webpack-internal:///(app-pages-browser)/./node_modules/next/dist/compiled/react-dom/cjs/react-dom-client.development.js:3511
[25029751ms] [ERROR] Unable to preventDefault inside passive event listener invocation. @ webpack-internal:///(app-pages-browser)/./node_modules/next/dist/compiled/react-dom/cjs/react-dom-client.development.js:3511
[25029770ms] [ERROR] Unable to preventDefault inside passive event listener invocation. @ webpack-internal:///(app-pages-browser)/./node_modules/next/dist/compiled/react-dom/cjs/react-dom-client.development.js:3511
[25029796ms] [ERROR] Unable to preventDefault inside passive event listener invocation. @ webpack-internal:///(app-pages-browser)/./node_modules/next/dist/compiled/react-dom/cjs/react-dom-client.development.js:3511
[25029864ms] [ERROR] Unable to preventDefault inside passive event listener invocation. @ webpack-internal:///(app-pages-browser)/./node_modules/next/dist/compiled/react-dom/cjs/react-dom-client.development.js:3511
[25032031ms] [ERROR] Unable to preventDefault inside passive event listener invocation. @ webpack-internal:///(app-pages-browser)/./node_modules/next/dist/compiled/react-dom/cjs/react-dom-client.development.js:3511
[25032049ms] [ERROR] Unable to preventDefault inside passive event listener invocation. @ webpack-internal:///(app-pages-browser)/./node_modules/next/dist/compiled/react-dom/cjs/react-dom-client.development.js:3511
[25032065ms] [ERROR] Unable to preventDefault inside passive event listener invocation. @ webpack-internal:///(app-pages-browser)/./node_modules/next/dist/compiled/react-dom/cjs/react-dom-client.development.js:3511
[25032131ms] [ERROR] Unable to preventDefault inside passive event listener invocation. @ webpack-internal:///(app-pages-browser)/./node_modules/next/dist/compiled/react-dom/cjs/react-dom-client.development.js:3511
[25032317ms] [ERROR] Unable to preventDefault inside passive event listener invocation. @ webpack-internal:///(app-pages-browser)/./node_modules/next/dist/compiled/react-dom/cjs/react-dom-client.development.js:3511
[25032348ms] [ERROR] Unable to preventDefault inside passive event listener invocation. @ webpack-internal:///(app-pages-browser)/./node_modules/next/dist/compiled/react-dom/cjs/react-dom-client.development.js:3511
[25032364ms] [ERROR] Unable to preventDefault inside passive event listener invocation. @ webpack-internal:///(app-pages-browser)/./node_modules/next/dist/compiled/react-dom/cjs/react-dom-client.development.js:3511
[25032701ms] [ERROR] Unable to preventDefault inside passive event listener invocation. @ webpack-internal:///(app-pages-browser)/./node_modules/next/dist/compiled/react-dom/cjs/react-dom-client.development.js:3511
[25032748ms] [ERROR] Unable to preventDefault inside passive event listener invocation. @ webpack-internal:///(app-pages-browser)/./node_modules/next/dist/compiled/react-dom/cjs/react-dom-client.development.js:3511
[25035582ms] [ERROR] Unable to preventDefault inside passive event listener invocation. @ webpack-internal:///(app-pages-browser)/./node_modules/next/dist/compiled/react-dom/cjs/react-dom-client.development.js:3511
[25035587ms] [ERROR] Unable to preventDefault inside passive event listener invocation. @ webpack-internal:///(app-pages-browser)/./node_modules/next/dist/compiled/react-dom/cjs/react-dom-client.development.js:3511
[25035617ms] [ERROR] Unable to preventDefault inside passive event listener invocation. @ webpack-internal:///(app-pages-browser)/./node_modules/next/dist/compiled/react-dom/cjs/react-dom-client.development.js:3511
[25035823ms] [ERROR] Unable to preventDefault inside passive event listener invocation. @ webpack-internal:///(app-pages-browser)/./node_modules/next/dist/compiled/react-dom/cjs/react-dom-client.development.js:3511
[25035866ms] [ERROR] Unable to preventDefault inside passive event listener invocation. @ webpack-internal:///(app-pages-browser)/./node_modules/next/dist/compiled/react-dom/cjs/react-dom-client.development.js:3511
[25035872ms] [ERROR] Unable to preventDefault inside passive event listener invocation. @ webpack-internal:///(app-pages-browser)/./node_modules/next/dist/compiled/react-dom/cjs/react-dom-client.development.js:3511
[25035900ms] [ERROR] Unable to preventDefault inside passive event listener invocation. @ webpack-internal:///(app-pages-browser)/./node_modules/next/dist/compiled/react-dom/cjs/react-dom-client.development.js:3511
[25036151ms] [ERROR] Unable to preventDefault inside passive event listener invocation. @ webpack-internal:///(app-pages-browser)/./node_modules/next/dist/compiled/react-dom/cjs/react-dom-client.development.js:3511
[25036183ms] [ERROR] Unable to preventDefault inside passive event listener invocation. @ webpack-internal:///(app-pages-browser)/./node_modules/next/dist/compiled/react-dom/cjs/react-dom-client.development.js:3511
[25036206ms] [ERROR] Unable to preventDefault inside passive event listener invocation. @ webpack-internal:///(app-pages-browser)/./node_modules/next/dist/compiled/react-dom/cjs/react-dom-client.development.js:3511
[25345924ms] [ERROR] Unable to preventDefault inside passive event listener invocation. @ webpack-internal:///(app-pages-browser)/./node_modules/next/dist/compiled/react-dom/cjs/react-dom-client.development.js:3511
[25345931ms] [ERROR] Unable to preventDefault inside passive event listener invocation. @ webpack-internal:///(app-pages-browser)/./node_modules/next/dist/compiled/react-dom/cjs/react-dom-client.development.js:3511
[25345938ms] [ERROR] Unable to preventDefault inside passive event listener invocation. @ webpack-internal:///(app-pages-browser)/./node_modules/next/dist/compiled/react-dom/cjs/react-dom-client.development.js:3511
[25345957ms] [ERROR] Unable to preventDefault inside passive event listener invocation. @ webpack-internal:///(app-pages-browser)/./node_modules/next/dist/compiled/react-dom/cjs/react-dom-client.development.js:3511
[25346187ms] [ERROR] Unable to preventDefault inside passive event listener invocation. @ webpack-internal:///(app-pages-browser)/./node_modules/next/dist/compiled/react-dom/cjs/react-dom-client.development.js:3511
[25346207ms] [ERROR] Unable to preventDefault inside passive event listener invocation. @ webpack-internal:///(app-pages-browser)/./node_modules/next/dist/compiled/react-dom/cjs/react-dom-client.development.js:3511
[25346224ms] [ERROR] Unable to preventDefault inside passive event listener invocation. @ webpack-internal:///(app-pages-browser)/./node_modules/next/dist/compiled/react-dom/cjs/react-dom-client.development.js:3511
[25346240ms] [ERROR] Unable to preventDefault inside passive event listener invocation. @ webpack-internal:///(app-pages-browser)/./node_modules/next/dist/compiled/react-dom/cjs/react-dom-client.development.js:3511
[25346290ms] [ERROR] Unable to preventDefault inside passive event listener invocation. @ webpack-internal:///(app-pages-browser)/./node_modules/next/dist/compiled/react-dom/cjs/react-dom-client.development.js:3511
[25346458ms] [ERROR] Unable to preventDefault inside passive event listener invocation. @ webpack-internal:///(app-pages-browser)/./node_modules/next/dist/compiled/react-dom/cjs/react-dom-client.development.js:3511
[25346476ms] [ERROR] Unable to preventDefault inside passive event listener invocation. @ webpack-internal:///(app-pages-browser)/./node_modules/next/dist/compiled/react-dom/cjs/react-dom-client.development.js:3511
[25346507ms] [ERROR] Unable to preventDefault inside passive event listener invocation. @ webpack-internal:///(app-pages-browser)/./node_modules/next/dist/compiled/react-dom/cjs/react-dom-client.development.js:3511
[25351043ms] [ERROR] Unable to preventDefault inside passive event listener invocation. @ webpack-internal:///(app-pages-browser)/./node_modules/next/dist/compiled/react-dom/cjs/react-dom-client.development.js:3511
[25351077ms] [ERROR] Unable to preventDefault inside passive event listener invocation. @ webpack-internal:///(app-pages-browser)/./node_modules/next/dist/compiled/react-dom/cjs/react-dom-client.development.js:3511
[25351109ms] [ERROR] Unable to preventDefault inside passive event listener invocation. @ webpack-internal:///(app-pages-browser)/./node_modules/next/dist/compiled/react-dom/cjs/react-dom-client.development.js:3511
[25351143ms] [ERROR] Unable to preventDefault inside passive event listener invocation. @ webpack-internal:///(app-pages-browser)/./node_modules/next/dist/compiled/react-dom/cjs/react-dom-client.development.js:3511
[25351311ms] [ERROR] Unable to preventDefault inside passive event listener invocation. @ webpack-internal:///(app-pages-browser)/./node_modules/next/dist/compiled/react-dom/cjs/react-dom-client.development.js:3511
[25351344ms] [ERROR] Unable to preventDefault inside passive event listener invocation. @ webpack-internal:///(app-pages-browser)/./node_modules/next/dist/compiled/react-dom/cjs/react-dom-client.development.js:3511
[25351378ms] [ERROR] Unable to preventDefault inside passive event listener invocation. @ webpack-internal:///(app-pages-browser)/./node_modules/next/dist/compiled/react-dom/cjs/react-dom-client.development.js:3511
[25352377ms] [ERROR] Unable to preventDefault inside passive event listener invocation. @ webpack-internal:///(app-pages-browser)/./node_modules/next/dist/compiled/react-dom/cjs/react-dom-client.development.js:3511
[25352394ms] [ERROR] Unable to preventDefault inside passive event listener invocation. @ webpack-internal:///(app-pages-browser)/./node_modules/next/dist/compiled/react-dom/cjs/react-dom-client.development.js:3511
[25352428ms] [ERROR] Unable to preventDefault inside passive event listener invocation. @ webpack-internal:///(app-pages-browser)/./node_modules/next/dist/compiled/react-dom/cjs/react-dom-client.development.js:3511
[25512976ms] [LOG] [Fast Refresh] rebuilding @ webpack-internal:///(app-pages-browser)/./node_modules/next/dist/next-devtools/shared/forward-logs-shared.js:27
[25517016ms] [LOG] [Fast Refresh] done in 4051ms @ webpack-internal:///(app-pages-browser)/./node_modules/next/dist/next-devtools/shared/forward-logs-shared.js:27
[25545474ms] [LOG] [Fast Refresh] rebuilding @ webpack-internal:///(app-pages-browser)/./node_modules/next/dist/next-devtools/shared/forward-logs-shared.js:27
[25546640ms] [LOG] [Fast Refresh] done in 1166ms @ webpack-internal:///(app-pages-browser)/./node_modules/next/dist/next-devtools/shared/forward-logs-shared.js:27
[25649958ms] [LOG] [Fast Refresh] rebuilding @ webpack-internal:///(app-pages-browser)/./node_modules/next/dist/next-devtools/shared/forward-logs-shared.js:27
[25650819ms] [LOG] [Fast Refresh] done in 861ms @ webpack-internal:///(app-pages-browser)/./node_modules/next/dist/next-devtools/shared/forward-logs-shared.js:27
[25677824ms] [LOG] [Fast Refresh] rebuilding @ webpack-internal:///(app-pages-browser)/./node_modules/next/dist/next-devtools/shared/forward-logs-shared.js:27
[25678274ms] [LOG] [Fast Refresh] done in 450ms @ webpack-internal:///(app-pages-browser)/./node_modules/next/dist/next-devtools/shared/forward-logs-shared.js:27
[25691198ms] [ERROR] Failed to load resource: the server responded with a status of 502 (Bad Gateway) @ http://localhost:3000/api/pole_tags:0
[25692792ms] [ERROR] Failed to load resource: the server responded with a status of 502 (Bad Gateway) @ http://localhost:3000/api/pole_tags:0
[25694830ms] [ERROR] Failed to load resource: the server responded with a status of 502 (Bad Gateway) @ http://localhost:3000/api/pole_tags:0
[25697167ms] [ERROR] Failed to load resource: the server responded with a status of 502 (Bad Gateway) @ http://localhost:3000/api/pole_tags:0
[25698802ms] [ERROR] Failed to load resource: the server responded with a status of 502 (Bad Gateway) @ http://localhost:3000/api/pole_tags:0
[25700798ms] [ERROR] Failed to load resource: the server responded with a status of 502 (Bad Gateway) @ http://localhost:3000/api/pole_tags:0
[25702766ms] [ERROR] Failed to load resource: the server responded with a status of 502 (Bad Gateway) @ http://localhost:3000/api/pole_tags:0
[25704772ms] [ERROR] Failed to load resource: the server responded with a status of 502 (Bad Gateway) @ http://localhost:3000/api/pole_tags:0
[25706780ms] [ERROR] Failed to load resource: the server responded with a status of 502 (Bad Gateway) @ http://localhost:3000/api/pole_tags:0
[25708789ms] [ERROR] Failed to load resource: the server responded with a status of 502 (Bad Gateway) @ http://localhost:3000/api/pole_tags:0
[25710770ms] [ERROR] Failed to load resource: the server responded with a status of 502 (Bad Gateway) @ http://localhost:3000/api/pole_tags:0
[25712760ms] [ERROR] Failed to load resource: the server responded with a status of 502 (Bad Gateway) @ http://localhost:3000/api/pole_tags:0
[25714743ms] [ERROR] Failed to load resource: the server responded with a status of 502 (Bad Gateway) @ http://localhost:3000/api/pole_tags:0
[25716819ms] [ERROR] Failed to load resource: the server responded with a status of 502 (Bad Gateway) @ http://localhost:3000/api/pole_tags:0
[25718803ms] [ERROR] Failed to load resource: the server responded with a status of 502 (Bad Gateway) @ http://localhost:3000/api/pole_tags:0
[25720841ms] [ERROR] Failed to load resource: the server responded with a status of 502 (Bad Gateway) @ http://localhost:3000/api/pole_tags:0
[25722771ms] [ERROR] Failed to load resource: the server responded with a status of 502 (Bad Gateway) @ http://localhost:3000/api/pole_tags:0
[25724747ms] [ERROR] Failed to load resource: the server responded with a status of 502 (Bad Gateway) @ http://localhost:3000/api/pole_tags:0
[25726730ms] [ERROR] Failed to load resource: the server responded with a status of 502 (Bad Gateway) @ http://localhost:3000/api/pole_tags:0
[25728724ms] [ERROR] Failed to load resource: the server responded with a status of 502 (Bad Gateway) @ http://localhost:3000/api/pole_tags:0
[25730752ms] [ERROR] Failed to load resource: the server responded with a status of 502 (Bad Gateway) @ http://localhost:3000/api/pole_tags:0
[25732734ms] [ERROR] Failed to load resource: the server responded with a status of 502 (Bad Gateway) @ http://localhost:3000/api/pole_tags:0
[25734735ms] [ERROR] Failed to load resource: the server responded with a status of 502 (Bad Gateway) @ http://localhost:3000/api/pole_tags:0
[25736720ms] [ERROR] Failed to load resource: the server responded with a status of 502 (Bad Gateway) @ http://localhost:3000/api/pole_tags:0
[25738821ms] [ERROR] Failed to load resource: the server responded with a status of 502 (Bad Gateway) @ http://localhost:3000/api/pole_tags:0
[25740748ms] [ERROR] Failed to load resource: the server responded with a status of 502 (Bad Gateway) @ http://localhost:3000/api/pole_tags:0
[25742789ms] [ERROR] Failed to load resource: the server responded with a status of 502 (Bad Gateway) @ http://localhost:3000/api/pole_tags:0
[25744756ms] [ERROR] Failed to load resource: the server responded with a status of 502 (Bad Gateway) @ http://localhost:3000/api/pole_tags:0
[25746728ms] [ERROR] Failed to load resource: the server responded with a status of 502 (Bad Gateway) @ http://localhost:3000/api/pole_tags:0
[25748730ms] [ERROR] Failed to load resource: the server responded with a status of 502 (Bad Gateway) @ http://localhost:3000/api/pole_tags:0
[25750738ms] [ERROR] Failed to load resource: the server responded with a status of 502 (Bad Gateway) @ http://localhost:3000/api/pole_tags:0
[25752747ms] [ERROR] Failed to load resource: the server responded with a status of 502 (Bad Gateway) @ http://localhost:3000/api/pole_tags:0
[25754726ms] [ERROR] Failed to load resource: the server responded with a status of 502 (Bad Gateway) @ http://localhost:3000/api/pole_tags:0
[25756754ms] [ERROR] Failed to load resource: the server responded with a status of 502 (Bad Gateway) @ http://localhost:3000/api/pole_tags:0
[25758777ms] [ERROR] Failed to load resource: the server responded with a status of 502 (Bad Gateway) @ http://localhost:3000/api/pole_tags:0
[25760731ms] [ERROR] Failed to load resource: the server responded with a status of 502 (Bad Gateway) @ http://localhost:3000/api/pole_tags:0
[25761786ms] [LOG] [Fast Refresh] rebuilding @ webpack-internal:///(app-pages-browser)/./node_modules/next/dist/next-devtools/shared/forward-logs-shared.js:27
[25763538ms] [ERROR] Failed to load resource: the server responded with a status of 502 (Bad Gateway) @ http://localhost:3000/api/pole_tags:0
[25763653ms] [LOG] [Fast Refresh] rebuilding @ webpack-internal:///(app-pages-browser)/./node_modules/next/dist/next-devtools/shared/forward-logs-shared.js:27
[25764336ms] [LOG] [Fast Refresh] done in 683ms @ webpack-internal:///(app-pages-browser)/./node_modules/next/dist/next-devtools/shared/forward-logs-shared.js:27
[25765477ms] [LOG] [Fast Refresh] rebuilding @ webpack-internal:///(app-pages-browser)/./node_modules/next/dist/next-devtools/shared/forward-logs-shared.js:27
[25765491ms] [ERROR] Failed to load resource: the server responded with a status of 502 (Bad Gateway) @ http://localhost:3000/api/pole_tags:0
[25765942ms] [LOG] [Fast Refresh] done in 465ms @ webpack-internal:///(app-pages-browser)/./node_modules/next/dist/next-devtools/shared/forward-logs-shared.js:27
[25768001ms] [LOG] [Fast Refresh] done in 2524ms @ webpack-internal:///(app-pages-browser)/./node_modules/next/dist/next-devtools/shared/forward-logs-shared.js:27
[25770533ms] [ERROR] Failed to load resource: the server responded with a status of 502 (Bad Gateway) @ http://localhost:3000/api/pole_tags:0
[25772785ms] [ERROR] Failed to load resource: the server responded with a status of 502 (Bad Gateway) @ http://localhost:3000/api/pole_tags:0
[25773788ms] [LOG] [Fast Refresh] rebuilding @ webpack-internal:///(app-pages-browser)/./node_modules/next/dist/next-devtools/shared/forward-logs-shared.js:27
[25774974ms] [ERROR] Failed to load resource: the server responded with a status of 502 (Bad Gateway) @ http://localhost:3000/api/pole_tags:0
[25775211ms] [LOG] [Fast Refresh] rebuilding @ webpack-internal:///(app-pages-browser)/./node_modules/next/dist/next-devtools/shared/forward-logs-shared.js:27
[25776392ms] [LOG] [Fast Refresh] done in 1181ms @ webpack-internal:///(app-pages-browser)/./node_modules/next/dist/next-devtools/shared/forward-logs-shared.js:27
[25776915ms] [ERROR] Failed to load resource: the server responded with a status of 502 (Bad Gateway) @ http://localhost:3000/api/pole_tags:0
[25777647ms] [LOG] [Fast Refresh] done in 2436ms @ webpack-internal:///(app-pages-browser)/./node_modules/next/dist/next-devtools/shared/forward-logs-shared.js:27
[25780385ms] [ERROR] Failed to load resource: the server responded with a status of 502 (Bad Gateway) @ http://localhost:3000/api/pole_tags:0
[25782366ms] [ERROR] Failed to load resource: the server responded with a status of 502 (Bad Gateway) @ http://localhost:3000/api/pole_tags:0
[25784384ms] [ERROR] Failed to load resource: the server responded with a status of 502 (Bad Gateway) @ http://localhost:3000/api/pole_tags:0
[25786355ms] [ERROR] Failed to load resource: the server responded with a status of 502 (Bad Gateway) @ http://localhost:3000/api/pole_tags:0
[25788338ms] [ERROR] Failed to load resource: the server responded with a status of 502 (Bad Gateway) @ http://localhost:3000/api/pole_tags:0
[25790359ms] [ERROR] Failed to load resource: the server responded with a status of 502 (Bad Gateway) @ http://localhost:3000/api/pole_tags:0
[25792332ms] [ERROR] Failed to load resource: the server responded with a status of 502 (Bad Gateway) @ http://localhost:3000/api/pole_tags:0
[25794329ms] [ERROR] Failed to load resource: the server responded with a status of 502 (Bad Gateway) @ http://localhost:3000/api/pole_tags:0
[25796360ms] [ERROR] Failed to load resource: the server responded with a status of 502 (Bad Gateway) @ http://localhost:3000/api/pole_tags:0
[25798345ms] [ERROR] Failed to load resource: the server responded with a status of 502 (Bad Gateway) @ http://localhost:3000/api/pole_tags:0
[25800327ms] [ERROR] Failed to load resource: the server responded with a status of 502 (Bad Gateway) @ http://localhost:3000/api/pole_tags:0
[25802349ms] [ERROR] Failed to load resource: the server responded with a status of 502 (Bad Gateway) @ http://localhost:3000/api/pole_tags:0
[25803719ms] [LOG] [Fast Refresh] rebuilding @ webpack-internal:///(app-pages-browser)/./node_modules/next/dist/next-devtools/shared/forward-logs-shared.js:27
[25804911ms] [ERROR] Failed to load resource: the server responded with a status of 502 (Bad Gateway) @ http://localhost:3000/api/pole_tags:0
[25805109ms] [LOG] [Fast Refresh] done in 1390ms @ webpack-internal:///(app-pages-browser)/./node_modules/next/dist/next-devtools/shared/forward-logs-shared.js:27
[25807590ms] [ERROR] Failed to load resource: the server responded with a status of 502 (Bad Gateway) @ http://localhost:3000/api/pole_tags:0
[25809568ms] [ERROR] Failed to load resource: the server responded with a status of 502 (Bad Gateway) @ http://localhost:3000/api/pole_tags:0
[25811613ms] [ERROR] Failed to load resource: the server responded with a status of 502 (Bad Gateway) @ http://localhost:3000/api/pole_tags:0
[25813572ms] [ERROR] Failed to load resource: the server responded with a status of 502 (Bad Gateway) @ http://localhost:3000/api/pole_tags:0
[25815597ms] [ERROR] Failed to load resource: the server responded with a status of 502 (Bad Gateway) @ http://localhost:3000/api/pole_tags:0
[25817576ms] [ERROR] Failed to load resource: the server responded with a status of 502 (Bad Gateway) @ http://localhost:3000/api/pole_tags:0
[25819566ms] [ERROR] Failed to load resource: the server responded with a status of 502 (Bad Gateway) @ http://localhost:3000/api/pole_tags:0
[25821586ms] [ERROR] Failed to load resource: the server responded with a status of 502 (Bad Gateway) @ http://localhost:3000/api/pole_tags:0
[25823565ms] [ERROR] Failed to load resource: the server responded with a status of 502 (Bad Gateway) @ http://localhost:3000/api/pole_tags:0
[25825600ms] [ERROR] Failed to load resource: the server responded with a status of 502 (Bad Gateway) @ http://localhost:3000/api/pole_tags:0
[25827590ms] [ERROR] Failed to load resource: the server responded with a status of 502 (Bad Gateway) @ http://localhost:3000/api/pole_tags:0
[25829572ms] [ERROR] Failed to load resource: the server responded with a status of 502 (Bad Gateway) @ http://localhost:3000/api/pole_tags:0
[25831583ms] [ERROR] Failed to load resource: the server responded with a status of 502 (Bad Gateway) @ http://localhost:3000/api/pole_tags:0
[25833563ms] [ERROR] Failed to load resource: the server responded with a status of 502 (Bad Gateway) @ http://localhost:3000/api/pole_tags:0
[25835566ms] [ERROR] Failed to load resource: the server responded with a status of 502 (Bad Gateway) @ http://localhost:3000/api/pole_tags:0
[25837785ms] [ERROR] Failed to load resource: the server responded with a status of 502 (Bad Gateway) @ http://localhost:3000/api/pole_tags:0
[25840323ms] [ERROR] Failed to load resource: the server responded with a status of 502 (Bad Gateway) @ http://localhost:3000/api/pole_tags:0
[25841646ms] [ERROR] Failed to load resource: the server responded with a status of 502 (Bad Gateway) @ http://localhost:3000/api/pole_tags:0
[25843594ms] [ERROR] Failed to load resource: the server responded with a status of 502 (Bad Gateway) @ http://localhost:3000/api/pole_tags:0
[25845689ms] [ERROR] Failed to load resource: the server responded with a status of 502 (Bad Gateway) @ http://localhost:3000/api/pole_tags:0
[25847582ms] [ERROR] Failed to load resource: the server responded with a status of 502 (Bad Gateway) @ http://localhost:3000/api/pole_tags:0
[25849598ms] [ERROR] Failed to load resource: the server responded with a status of 502 (Bad Gateway) @ http://localhost:3000/api/pole_tags:0
[25851585ms] [ERROR] Failed to load resource: the server responded with a status of 502 (Bad Gateway) @ http://localhost:3000/api/pole_tags:0
[25853579ms] [ERROR] Failed to load resource: the server responded with a status of 502 (Bad Gateway) @ http://localhost:3000/api/pole_tags:0
[25855576ms] [ERROR] Failed to load resource: the server responded with a status of 502 (Bad Gateway) @ http://localhost:3000/api/pole_tags:0
[25857566ms] [ERROR] Failed to load resource: the server responded with a status of 502 (Bad Gateway) @ http://localhost:3000/api/pole_tags:0
[25859568ms] [ERROR] Failed to load resource: the server responded with a status of 502 (Bad Gateway) @ http://localhost:3000/api/pole_tags:0
[25861567ms] [ERROR] Failed to load resource: the server responded with a status of 502 (Bad Gateway) @ http://localhost:3000/api/pole_tags:0
[25863566ms] [ERROR] Failed to load resource: the server responded with a status of 502 (Bad Gateway) @ http://localhost:3000/api/pole_tags:0
[25865612ms] [ERROR] Failed to load resource: the server responded with a status of 502 (Bad Gateway) @ http://localhost:3000/api/pole_tags:0
[25867560ms] [ERROR] Failed to load resource: the server responded with a status of 502 (Bad Gateway) @ http://localhost:3000/api/pole_tags:0
[25869570ms] [ERROR] Failed to load resource: the server responded with a status of 502 (Bad Gateway) @ http://localhost:3000/api/pole_tags:0
[25871572ms] [ERROR] Failed to load resource: the server responded with a status of 502 (Bad Gateway) @ http://localhost:3000/api/pole_tags:0
[25873569ms] [ERROR] Failed to load resource: the server responded with a status of 502 (Bad Gateway) @ http://localhost:3000/api/pole_tags:0
[25875579ms] [ERROR] Failed to load resource: the server responded with a status of 502 (Bad Gateway) @ http://localhost:3000/api/pole_tags:0
[25877586ms] [ERROR] Failed to load resource: the server responded with a status of 502 (Bad Gateway) @ http://localhost:3000/api/pole_tags:0
[25879566ms] [ERROR] Failed to load resource: the server responded with a status of 502 (Bad Gateway) @ http://localhost:3000/api/pole_tags:0
[25881565ms] [ERROR] Failed to load resource: the server responded with a status of 502 (Bad Gateway) @ http://localhost:3000/api/pole_tags:0
[25883574ms] [ERROR] Failed to load resource: the server responded with a status of 502 (Bad Gateway) @ http://localhost:3000/api/pole_tags:0
[25885568ms] [ERROR] Failed to load resource: the server responded with a status of 502 (Bad Gateway) @ http://localhost:3000/api/pole_tags:0
[25887564ms] [ERROR] Failed to load resource: the server responded with a status of 502 (Bad Gateway) @ http://localhost:3000/api/pole_tags:0
[25889586ms] [ERROR] Failed to load resource: the server responded with a status of 502 (Bad Gateway) @ http://localhost:3000/api/pole_tags:0
[25891567ms] [ERROR] Failed to load resource: the server responded with a status of 502 (Bad Gateway) @ http://localhost:3000/api/pole_tags:0
[25893565ms] [ERROR] Failed to load resource: the server responded with a status of 502 (Bad Gateway) @ http://localhost:3000/api/pole_tags:0
[25895577ms] [ERROR] Failed to load resource: the server responded with a status of 502 (Bad Gateway) @ http://localhost:3000/api/pole_tags:0
[25897571ms] [ERROR] Failed to load resource: the server responded with a status of 502 (Bad Gateway) @ http://localhost:3000/api/pole_tags:0
[25899701ms] [ERROR] Failed to load resource: the server responded with a status of 502 (Bad Gateway) @ http://localhost:3000/api/pole_tags:0
[25901565ms] [ERROR] Failed to load resource: the server responded with a status of 502 (Bad Gateway) @ http://localhost:3000/api/pole_tags:0
[25903562ms] [ERROR] Failed to load resource: the server responded with a status of 502 (Bad Gateway) @ http://localhost:3000/api/pole_tags:0
[25905575ms] [ERROR] Failed to load resource: the server responded with a status of 502 (Bad Gateway) @ http://localhost:3000/api/pole_tags:0
[25907563ms] [ERROR] Failed to load resource: the server responded with a status of 502 (Bad Gateway) @ http://localhost:3000/api/pole_tags:0
[25909564ms] [ERROR] Failed to load resource: the server responded with a status of 502 (Bad Gateway) @ http://localhost:3000/api/pole_tags:0
[25911629ms] [ERROR] Failed to load resource: the server responded with a status of 502 (Bad Gateway) @ http://localhost:3000/api/pole_tags:0
[25913565ms] [ERROR] Failed to load resource: the server responded with a status of 502 (Bad Gateway) @ http://localhost:3000/api/pole_tags:0
[25915561ms] [ERROR] Failed to load resource: the server responded with a status of 502 (Bad Gateway) @ http://localhost:3000/api/pole_tags:0
[25917559ms] [ERROR] Failed to load resource: the server responded with a status of 502 (Bad Gateway) @ http://localhost:3000/api/pole_tags:0
[25919608ms] [ERROR] Failed to load resource: the server responded with a status of 502 (Bad Gateway) @ http://localhost:3000/api/pole_tags:0
[25921567ms] [ERROR] Failed to load resource: the server responded with a status of 502 (Bad Gateway) @ http://localhost:3000/api/pole_tags:0
[25923560ms] [ERROR] Failed to load resource: the server responded with a status of 502 (Bad Gateway) @ http://localhost:3000/api/pole_tags:0
[25925578ms] [ERROR] Failed to load resource: the server responded with a status of 502 (Bad Gateway) @ http://localhost:3000/api/pole_tags:0
[25927562ms] [ERROR] Failed to load resource: the server responded with a status of 502 (Bad Gateway) @ http://localhost:3000/api/pole_tags:0
[25929570ms] [ERROR] Failed to load resource: the server responded with a status of 502 (Bad Gateway) @ http://localhost:3000/api/pole_tags:0
[25931645ms] [ERROR] Failed to load resource: the server responded with a status of 502 (Bad Gateway) @ http://localhost:3000/api/pole_tags:0
[25933621ms] [ERROR] Failed to load resource: the server responded with a status of 502 (Bad Gateway) @ http://localhost:3000/api/pole_tags:0
[25935570ms] [ERROR] Failed to load resource: the server responded with a status of 502 (Bad Gateway) @ http://localhost:3000/api/pole_tags:0
[25937570ms] [ERROR] Failed to load resource: the server responded with a status of 502 (Bad Gateway) @ http://localhost:3000/api/pole_tags:0
[25939582ms] [ERROR] Failed to load resource: the server responded with a status of 502 (Bad Gateway) @ http://localhost:3000/api/pole_tags:0
[25941573ms] [ERROR] Failed to load resource: the server responded with a status of 502 (Bad Gateway) @ http://localhost:3000/api/pole_tags:0
[25943570ms] [ERROR] Failed to load resource: the server responded with a status of 502 (Bad Gateway) @ http://localhost:3000/api/pole_tags:0
[25945572ms] [ERROR] Failed to load resource: the server responded with a status of 502 (Bad Gateway) @ http://localhost:3000/api/pole_tags:0
[25947567ms] [ERROR] Failed to load resource: the server responded with a status of 502 (Bad Gateway) @ http://localhost:3000/api/pole_tags:0
[25949579ms] [ERROR] Failed to load resource: the server responded with a status of 502 (Bad Gateway) @ http://localhost:3000/api/pole_tags:0
[25951575ms] [ERROR] Failed to load resource: the server responded with a status of 502 (Bad Gateway) @ http://localhost:3000/api/pole_tags:0
[25953583ms] [ERROR] Failed to load resource: the server responded with a status of 502 (Bad Gateway) @ http://localhost:3000/api/pole_tags:0
[25955568ms] [ERROR] Failed to load resource: the server responded with a status of 502 (Bad Gateway) @ http://localhost:3000/api/pole_tags:0
[25957570ms] [ERROR] Failed to load resource: the server responded with a status of 502 (Bad Gateway) @ http://localhost:3000/api/pole_tags:0
[25959651ms] [ERROR] Failed to load resource: the server responded with a status of 502 (Bad Gateway) @ http://localhost:3000/api/pole_tags:0
[25961566ms] [ERROR] Failed to load resource: the server responded with a status of 502 (Bad Gateway) @ http://localhost:3000/api/pole_tags:0
[25963564ms] [ERROR] Failed to load resource: the server responded with a status of 502 (Bad Gateway) @ http://localhost:3000/api/pole_tags:0
[25965568ms] [ERROR] Failed to load resource: the server responded with a status of 502 (Bad Gateway) @ http://localhost:3000/api/pole_tags:0
[25967566ms] [ERROR] Failed to load resource: the server responded with a status of 502 (Bad Gateway) @ http://localhost:3000/api/pole_tags:0
[25969570ms] [ERROR] Failed to load resource: the server responded with a status of 502 (Bad Gateway) @ http://localhost:3000/api/pole_tags:0
[25971566ms] [ERROR] Failed to load resource: the server responded with a status of 502 (Bad Gateway) @ http://localhost:3000/api/pole_tags:0
[25973577ms] [ERROR] Failed to load resource: the server responded with a status of 502 (Bad Gateway) @ http://localhost:3000/api/pole_tags:0
[25975570ms] [ERROR] Failed to load resource: the server responded with a status of 502 (Bad Gateway) @ http://localhost:3000/api/pole_tags:0
[25977566ms] [ERROR] Failed to load resource: the server responded with a status of 502 (Bad Gateway) @ http://localhost:3000/api/pole_tags:0
[25979578ms] [ERROR] Failed to load resource: the server responded with a status of 502 (Bad Gateway) @ http://localhost:3000/api/pole_tags:0
[25981576ms] [ERROR] Failed to load resource: the server responded with a status of 502 (Bad Gateway) @ http://localhost:3000/api/pole_tags:0
[25983565ms] [ERROR] Failed to load resource: the server responded with a status of 502 (Bad Gateway) @ http://localhost:3000/api/pole_tags:0
[25985579ms] [ERROR] Failed to load resource: the server responded with a status of 502 (Bad Gateway) @ http://localhost:3000/api/pole_tags:0
[25987570ms] [ERROR] Failed to load resource: the server responded with a status of 502 (Bad Gateway) @ http://localhost:3000/api/pole_tags:0
[25989565ms] [ERROR] Failed to load resource: the server responded with a status of 502 (Bad Gateway) @ http://localhost:3000/api/pole_tags:0
[25991578ms] [ERROR] Failed to load resource: the server responded with a status of 502 (Bad Gateway) @ http://localhost:3000/api/pole_tags:0
[25993575ms] [ERROR] Failed to load resource: the server responded with a status of 502 (Bad Gateway) @ http://localhost:3000/api/pole_tags:0
[25995568ms] [ERROR] Failed to load resource: the server responded with a status of 502 (Bad Gateway) @ http://localhost:3000/api/pole_tags:0
[25997568ms] [ERROR] Failed to load resource: the server responded with a status of 502 (Bad Gateway) @ http://localhost:3000/api/pole_tags:0
[25999567ms] [ERROR] Failed to load resource: the server responded with a status of 502 (Bad Gateway) @ http://localhost:3000/api/pole_tags:0
[26001558ms] [ERROR] Failed to load resource: the server responded with a status of 502 (Bad Gateway) @ http://localhost:3000/api/pole_tags:0
[26003578ms] [ERROR] Failed to load resource: the server responded with a status of 502 (Bad Gateway) @ http://localhost:3000/api/pole_tags:0
[26005637ms] [ERROR] Failed to load resource: the server responded with a status of 502 (Bad Gateway) @ http://localhost:3000/api/pole_tags:0
[26007576ms] [ERROR] Failed to load resource: the server responded with a status of 502 (Bad Gateway) @ http://localhost:3000/api/pole_tags:0
[26009572ms] [ERROR] Failed to load resource: the server responded with a status of 502 (Bad Gateway) @ http://localhost:3000/api/pole_tags:0
[26011570ms] [ERROR] Failed to load resource: the server responded with a status of 502 (Bad Gateway) @ http://localhost:3000/api/pole_tags:0
[26013585ms] [ERROR] Failed to load resource: the server responded with a status of 502 (Bad Gateway) @ http://localhost:3000/api/pole_tags:0
[26015571ms] [ERROR] Failed to load resource: the server responded with a status of 502 (Bad Gateway) @ http://localhost:3000/api/pole_tags:0
[26017566ms] [ERROR] Failed to load resource: the server responded with a status of 502 (Bad Gateway) @ http://localhost:3000/api/pole_tags:0
[26019565ms] [ERROR] Failed to load resource: the server responded with a status of 502 (Bad Gateway) @ http://localhost:3000/api/pole_tags:0
[26021568ms] [ERROR] Failed to load resource: the server responded with a status of 502 (Bad Gateway) @ http://localhost:3000/api/pole_tags:0
[26023575ms] [ERROR] Failed to load resource: the server responded with a status of 502 (Bad Gateway) @ http://localhost:3000/api/pole_tags:0
[26025569ms] [ERROR] Failed to load resource: the server responded with a status of 502 (Bad Gateway) @ http://localhost:3000/api/pole_tags:0
[26027562ms] [ERROR] Failed to load resource: the server responded with a status of 502 (Bad Gateway) @ http://localhost:3000/api/pole_tags:0
[26029574ms] [ERROR] Failed to load resource: the server responded with a status of 502 (Bad Gateway) @ http://localhost:3000/api/pole_tags:0
[26031568ms] [ERROR] Failed to load resource: the server responded with a status of 502 (Bad Gateway) @ http://localhost:3000/api/pole_tags:0
[26033566ms] [ERROR] Failed to load resource: the server responded with a status of 502 (Bad Gateway) @ http://localhost:3000/api/pole_tags:0
[26035574ms] [ERROR] Failed to load resource: the server responded with a status of 502 (Bad Gateway) @ http://localhost:3000/api/pole_tags:0
[26037572ms] [ERROR] Failed to load resource: the server responded with a status of 502 (Bad Gateway) @ http://localhost:3000/api/pole_tags:0
[26039574ms] [ERROR] Failed to load resource: the server responded with a status of 502 (Bad Gateway) @ http://localhost:3000/api/pole_tags:0
[26041566ms] [ERROR] Failed to load resource: the server responded with a status of 502 (Bad Gateway) @ http://localhost:3000/api/pole_tags:0
[26043574ms] [ERROR] Failed to load resource: the server responded with a status of 502 (Bad Gateway) @ http://localhost:3000/api/pole_tags:0
[26045597ms] [ERROR] Failed to load resource: the server responded with a status of 502 (Bad Gateway) @ http://localhost:3000/api/pole_tags:0
[26047567ms] [ERROR] Failed to load resource: the server responded with a status of 502 (Bad Gateway) @ http://localhost:3000/api/pole_tags:0
[26049569ms] [ERROR] Failed to load resource: the server responded with a status of 502 (Bad Gateway) @ http://localhost:3000/api/pole_tags:0
[26051589ms] [ERROR] Failed to load resource: the server responded with a status of 502 (Bad Gateway) @ http://localhost:3000/api/pole_tags:0
[26053579ms] [ERROR] Failed to load resource: the server responded with a status of 502 (Bad Gateway) @ http://localhost:3000/api/pole_tags:0
[26055566ms] [ERROR] Failed to load resource: the server responded with a status of 502 (Bad Gateway) @ http://localhost:3000/api/pole_tags:0
[26057574ms] [ERROR] Failed to load resource: the server responded with a status of 502 (Bad Gateway) @ http://localhost:3000/api/pole_tags:0
[26059560ms] [ERROR] Failed to load resource: the server responded with a status of 502 (Bad Gateway) @ http://localhost:3000/api/pole_tags:0
[26061568ms] [ERROR] Failed to load resource: the server responded with a status of 502 (Bad Gateway) @ http://localhost:3000/api/pole_tags:0
[26063585ms] [ERROR] Failed to load resource: the server responded with a status of 502 (Bad Gateway) @ http://localhost:3000/api/pole_tags:0
[26065570ms] [ERROR] Failed to load resource: the server responded with a status of 502 (Bad Gateway) @ http://localhost:3000/api/pole_tags:0
[26067584ms] [ERROR] Failed to load resource: the server responded with a status of 502 (Bad Gateway) @ http://localhost:3000/api/pole_tags:0
[26069567ms] [ERROR] Failed to load resource: the server responded with a status of 502 (Bad Gateway) @ http://localhost:3000/api/pole_tags:0
[26071576ms] [ERROR] Failed to load resource: the server responded with a status of 502 (Bad Gateway) @ http://localhost:3000/api/pole_tags:0
[26073577ms] [ERROR] Failed to load resource: the server responded with a status of 502 (Bad Gateway) @ http://localhost:3000/api/pole_tags:0
[26075574ms] [ERROR] Failed to load resource: the server responded with a status of 502 (Bad Gateway) @ http://localhost:3000/api/pole_tags:0
[26077581ms] [ERROR] Failed to load resource: the server responded with a status of 502 (Bad Gateway) @ http://localhost:3000/api/pole_tags:0
[26079575ms] [ERROR] Failed to load resource: the server responded with a status of 502 (Bad Gateway) @ http://localhost:3000/api/pole_tags:0
[26081567ms] [ERROR] Failed to load resource: the server responded with a status of 502 (Bad Gateway) @ http://localhost:3000/api/pole_tags:0
[26083579ms] [ERROR] Failed to load resource: the server responded with a status of 502 (Bad Gateway) @ http://localhost:3000/api/pole_tags:0
[26085569ms] [ERROR] Failed to load resource: the server responded with a status of 502 (Bad Gateway) @ http://localhost:3000/api/pole_tags:0
[26087567ms] [ERROR] Failed to load resource: the server responded with a status of 502 (Bad Gateway) @ http://localhost:3000/api/pole_tags:0
[26089566ms] [ERROR] Failed to load resource: the server responded with a status of 502 (Bad Gateway) @ http://localhost:3000/api/pole_tags:0
[26091576ms] [ERROR] Failed to load resource: the server responded with a status of 502 (Bad Gateway) @ http://localhost:3000/api/pole_tags:0
[26093568ms] [ERROR] Failed to load resource: the server responded with a status of 502 (Bad Gateway) @ http://localhost:3000/api/pole_tags:0
[26095570ms] [ERROR] Failed to load resource: the server responded with a status of 502 (Bad Gateway) @ http://localhost:3000/api/pole_tags:0
[26097579ms] [ERROR] Failed to load resource: the server responded with a status of 502 (Bad Gateway) @ http://localhost:3000/api/pole_tags:0
[26099569ms] [ERROR] Failed to load resource: the server responded with a status of 502 (Bad Gateway) @ http://localhost:3000/api/pole_tags:0
[26101565ms] [ERROR] Failed to load resource: the server responded with a status of 502 (Bad Gateway) @ http://localhost:3000/api/pole_tags:0
[26103565ms] [ERROR] Failed to load resource: the server responded with a status of 502 (Bad Gateway) @ http://localhost:3000/api/pole_tags:0
[26105568ms] [ERROR] Failed to load resource: the server responded with a status of 502 (Bad Gateway) @ http://localhost:3000/api/pole_tags:0
[26107582ms] [ERROR] Failed to load resource: the server responded with a status of 502 (Bad Gateway) @ http://localhost:3000/api/pole_tags:0
[26109575ms] [ERROR] Failed to load resource: the server responded with a status of 502 (Bad Gateway) @ http://localhost:3000/api/pole_tags:0
[26111577ms] [ERROR] Failed to load resource: the server responded with a status of 502 (Bad Gateway) @ http://localhost:3000/api/pole_tags:0
[26113582ms] [ERROR] Failed to load resource: the server responded with a status of 502 (Bad Gateway) @ http://localhost:3000/api/pole_tags:0
[26115575ms] [ERROR] Failed to load resource: the server responded with a status of 502 (Bad Gateway) @ http://localhost:3000/api/pole_tags:0
[26117570ms] [ERROR] Failed to load resource: the server responded with a status of 502 (Bad Gateway) @ http://localhost:3000/api/pole_tags:0
[26119584ms] [ERROR] Failed to load resource: the server responded with a status of 502 (Bad Gateway) @ http://localhost:3000/api/pole_tags:0
[26121573ms] [ERROR] Failed to load resource: the server responded with a status of 502 (Bad Gateway) @ http://localhost:3000/api/pole_tags:0
[26123566ms] [ERROR] Failed to load resource: the server responded with a status of 502 (Bad Gateway) @ http://localhost:3000/api/pole_tags:0
[26125575ms] [ERROR] Failed to load resource: the server responded with a status of 502 (Bad Gateway) @ http://localhost:3000/api/pole_tags:0
[26127571ms] [ERROR] Failed to load resource: the server responded with a status of 502 (Bad Gateway) @ http://localhost:3000/api/pole_tags:0
[26129577ms] [ERROR] Failed to load resource: the server responded with a status of 502 (Bad Gateway) @ http://localhost:3000/api/pole_tags:0
[26131568ms] [ERROR] Failed to load resource: the server responded with a status of 502 (Bad Gateway) @ http://localhost:3000/api/pole_tags:0
[26133564ms] [ERROR] Failed to load resource: the server responded with a status of 502 (Bad Gateway) @ http://localhost:3000/api/pole_tags:0
[26135569ms] [ERROR] Failed to load resource: the server responded with a status of 502 (Bad Gateway) @ http://localhost:3000/api/pole_tags:0
[26137576ms] [ERROR] Failed to load resource: the server responded with a status of 502 (Bad Gateway) @ http://localhost:3000/api/pole_tags:0
[26139565ms] [ERROR] Failed to load resource: the server responded with a status of 502 (Bad Gateway) @ http://localhost:3000/api/pole_tags:0
[26141566ms] [ERROR] Failed to load resource: the server responded with a status of 502 (Bad Gateway) @ http://localhost:3000/api/pole_tags:0
[26143568ms] [ERROR] Failed to load resource: the server responded with a status of 502 (Bad Gateway) @ http://localhost:3000/api/pole_tags:0
[26145565ms] [ERROR] Failed to load resource: the server responded with a status of 502 (Bad Gateway) @ http://localhost:3000/api/pole_tags:0
[26147563ms] [ERROR] Failed to load resource: the server responded with a status of 502 (Bad Gateway) @ http://localhost:3000/api/pole_tags:0
[26149561ms] [ERROR] Failed to load resource: the server responded with a status of 502 (Bad Gateway) @ http://localhost:3000/api/pole_tags:0
[26151568ms] [ERROR] Failed to load resource: the server responded with a status of 502 (Bad Gateway) @ http://localhost:3000/api/pole_tags:0
[26153566ms] [ERROR] Failed to load resource: the server responded with a status of 502 (Bad Gateway) @ http://localhost:3000/api/pole_tags:0
[26155565ms] [ERROR] Failed to load resource: the server responded with a status of 502 (Bad Gateway) @ http://localhost:3000/api/pole_tags:0
[26157588ms] [ERROR] Failed to load resource: the server responded with a status of 502 (Bad Gateway) @ http://localhost:3000/api/pole_tags:0
[26159564ms] [ERROR] Failed to load resource: the server responded with a status of 502 (Bad Gateway) @ http://localhost:3000/api/pole_tags:0
[26161571ms] [ERROR] Failed to load resource: the server responded with a status of 502 (Bad Gateway) @ http://localhost:3000/api/pole_tags:0
[26163573ms] [ERROR] Failed to load resource: the server responded with a status of 502 (Bad Gateway) @ http://localhost:3000/api/pole_tags:0
[26165581ms] [ERROR] Failed to load resource: the server responded with a status of 502 (Bad Gateway) @ http://localhost:3000/api/pole_tags:0
[26167586ms] [ERROR] Failed to load resource: the server responded with a status of 502 (Bad Gateway) @ http://localhost:3000/api/pole_tags:0
[26169576ms] [ERROR] Failed to load resource: the server responded with a status of 502 (Bad Gateway) @ http://localhost:3000/api/pole_tags:0
[26171566ms] [ERROR] Failed to load resource: the server responded with a status of 502 (Bad Gateway) @ http://localhost:3000/api/pole_tags:0
[26173572ms] [ERROR] Failed to load resource: the server responded with a status of 502 (Bad Gateway) @ http://localhost:3000/api/pole_tags:0
[26175570ms] [ERROR] Failed to load resource: the server responded with a status of 502 (Bad Gateway) @ http://localhost:3000/api/pole_tags:0
[26177565ms] [ERROR] Failed to load resource: the server responded with a status of 502 (Bad Gateway) @ http://localhost:3000/api/pole_tags:0
[26179564ms] [ERROR] Failed to load resource: the server responded with a status of 502 (Bad Gateway) @ http://localhost:3000/api/pole_tags:0
[26181571ms] [ERROR] Failed to load resource: the server responded with a status of 502 (Bad Gateway) @ http://localhost:3000/api/pole_tags:0
[26183563ms] [ERROR] Failed to load resource: the server responded with a status of 502 (Bad Gateway) @ http://localhost:3000/api/pole_tags:0
[26185578ms] [ERROR] Failed to load resource: the server responded with a status of 502 (Bad Gateway) @ http://localhost:3000/api/pole_tags:0
[26187578ms] [ERROR] Failed to load resource: the server responded with a status of 502 (Bad Gateway) @ http://localhost:3000/api/pole_tags:0
[26189571ms] [ERROR] Failed to load resource: the server responded with a status of 502 (Bad Gateway) @ http://localhost:3000/api/pole_tags:0
[26191590ms] [ERROR] Failed to load resource: the server responded with a status of 502 (Bad Gateway) @ http://localhost:3000/api/pole_tags:0
[26193582ms] [ERROR] Failed to load resource: the server responded with a status of 502 (Bad Gateway) @ http://localhost:3000/api/pole_tags:0
[26195642ms] [ERROR] Failed to load resource: the server responded with a status of 502 (Bad Gateway) @ http://localhost:3000/api/pole_tags:0
[26197586ms] [ERROR] Failed to load resource: the server responded with a status of 502 (Bad Gateway) @ http://localhost:3000/api/pole_tags:0
[26199588ms] [ERROR] Failed to load resource: the server responded with a status of 502 (Bad Gateway) @ http://localhost:3000/api/pole_tags:0
[26201577ms] [ERROR] Failed to load resource: the server responded with a status of 502 (Bad Gateway) @ http://localhost:3000/api/pole_tags:0
[26203581ms] [ERROR] Failed to load resource: the server responded with a status of 502 (Bad Gateway) @ http://localhost:3000/api/pole_tags:0
[26205609ms] [ERROR] Failed to load resource: the server responded with a status of 502 (Bad Gateway) @ http://localhost:3000/api/pole_tags:0
[26207620ms] [ERROR] Failed to load resource: the server responded with a status of 502 (Bad Gateway) @ http://localhost:3000/api/pole_tags:0
[26209575ms] [ERROR] Failed to load resource: the server responded with a status of 502 (Bad Gateway) @ http://localhost:3000/api/pole_tags:0
[26211564ms] [ERROR] Failed to load resource: the server responded with a status of 502 (Bad Gateway) @ http://localhost:3000/api/pole_tags:0
[26213558ms] [ERROR] Failed to load resource: the server responded with a status of 502 (Bad Gateway) @ http://localhost:3000/api/pole_tags:0
[26215568ms] [ERROR] Failed to load resource: the server responded with a status of 502 (Bad Gateway) @ http://localhost:3000/api/pole_tags:0
[26217568ms] [ERROR] Failed to load resource: the server responded with a status of 502 (Bad Gateway) @ http://localhost:3000/api/pole_tags:0
[26219660ms] [ERROR] Failed to load resource: the server responded with a status of 502 (Bad Gateway) @ http://localhost:3000/api/pole_tags:0
[26221569ms] [ERROR] Failed to load resource: the server responded with a status of 502 (Bad Gateway) @ http://localhost:3000/api/pole_tags:0
[26223580ms] [ERROR] Failed to load resource: the server responded with a status of 502 (Bad Gateway) @ http://localhost:3000/api/pole_tags:0
[26225577ms] [ERROR] Failed to load resource: the server responded with a status of 502 (Bad Gateway) @ http://localhost:3000/api/pole_tags:0
[26227582ms] [ERROR] Failed to load resource: the server responded with a status of 502 (Bad Gateway) @ http://localhost:3000/api/pole_tags:0
[26229589ms] [ERROR] Failed to load resource: the server responded with a status of 502 (Bad Gateway) @ http://localhost:3000/api/pole_tags:0
[26231576ms] [ERROR] Failed to load resource: the server responded with a status of 502 (Bad Gateway) @ http://localhost:3000/api/pole_tags:0
[26233586ms] [ERROR] Failed to load resource: the server responded with a status of 502 (Bad Gateway) @ http://localhost:3000/api/pole_tags:0
[26235580ms] [ERROR] Failed to load resource: the server responded with a status of 502 (Bad Gateway) @ http://localhost:3000/api/pole_tags:0
[26237568ms] [ERROR] Failed to load resource: the server responded with a status of 502 (Bad Gateway) @ http://localhost:3000/api/pole_tags:0
[26239565ms] [ERROR] Failed to load resource: the server responded with a status of 502 (Bad Gateway) @ http://localhost:3000/api/pole_tags:0
[26241571ms] [ERROR] Failed to load resource: the server responded with a status of 502 (Bad Gateway) @ http://localhost:3000/api/pole_tags:0
[26243570ms] [ERROR] Failed to load resource: the server responded with a status of 502 (Bad Gateway) @ http://localhost:3000/api/pole_tags:0
[26246242ms] [ERROR] Failed to load resource: the server responded with a status of 502 (Bad Gateway) @ http://localhost:3000/api/pole_tags:0
[26247693ms] [ERROR] Failed to load resource: the server responded with a status of 502 (Bad Gateway) @ http://localhost:3000/api/pole_tags:0
[26249596ms] [ERROR] Failed to load resource: the server responded with a status of 502 (Bad Gateway) @ http://localhost:3000/api/pole_tags:0
[26251587ms] [ERROR] Failed to load resource: the server responded with a status of 502 (Bad Gateway) @ http://localhost:3000/api/pole_tags:0
[26253577ms] [ERROR] Failed to load resource: the server responded with a status of 502 (Bad Gateway) @ http://localhost:3000/api/pole_tags:0
[26255592ms] [ERROR] Failed to load resource: the server responded with a status of 502 (Bad Gateway) @ http://localhost:3000/api/pole_tags:0
[26257600ms] [ERROR] Failed to load resource: the server responded with a status of 502 (Bad Gateway) @ http://localhost:3000/api/pole_tags:0
[26259569ms] [ERROR] Failed to load resource: the server responded with a status of 502 (Bad Gateway) @ http://localhost:3000/api/pole_tags:0
[26261590ms] [ERROR] Failed to load resource: the server responded with a status of 502 (Bad Gateway) @ http://localhost:3000/api/pole_tags:0
[26263573ms] [ERROR] Failed to load resource: the server responded with a status of 502 (Bad Gateway) @ http://localhost:3000/api/pole_tags:0
[26265639ms] [ERROR] Failed to load resource: the server responded with a status of 502 (Bad Gateway) @ http://localhost:3000/api/pole_tags:0
[26267581ms] [ERROR] Failed to load resource: the server responded with a status of 502 (Bad Gateway) @ http://localhost:3000/api/pole_tags:0
[26269564ms] [ERROR] Failed to load resource: the server responded with a status of 502 (Bad Gateway) @ http://localhost:3000/api/pole_tags:0
[26271571ms] [ERROR] Failed to load resource: the server responded with a status of 502 (Bad Gateway) @ http://localhost:3000/api/pole_tags:0
[26273570ms] [ERROR] Failed to load resource: the server responded with a status of 502 (Bad Gateway) @ http://localhost:3000/api/pole_tags:0
[26275585ms] [ERROR] Failed to load resource: the server responded with a status of 502 (Bad Gateway) @ http://localhost:3000/api/pole_tags:0
[26277570ms] [ERROR] Failed to load resource: the server responded with a status of 502 (Bad Gateway) @ http://localhost:3000/api/pole_tags:0
[26279572ms] [ERROR] Failed to load resource: the server responded with a status of 502 (Bad Gateway) @ http://localhost:3000/api/pole_tags:0
[26281619ms] [ERROR] Failed to load resource: the server responded with a status of 502 (Bad Gateway) @ http://localhost:3000/api/pole_tags:0
[26283568ms] [ERROR] Failed to load resource: the server responded with a status of 502 (Bad Gateway) @ http://localhost:3000/api/pole_tags:0
[26285568ms] [ERROR] Failed to load resource: the server responded with a status of 502 (Bad Gateway) @ http://localhost:3000/api/pole_tags:0
[26287575ms] [ERROR] Failed to load resource: the server responded with a status of 502 (Bad Gateway) @ http://localhost:3000/api/pole_tags:0
[26289563ms] [ERROR] Failed to load resource: the server responded with a status of 502 (Bad Gateway) @ http://localhost:3000/api/pole_tags:0
[26291581ms] [ERROR] Failed to load resource: the server responded with a status of 502 (Bad Gateway) @ http://localhost:3000/api/pole_tags:0
[26293585ms] [ERROR] Failed to load resource: the server responded with a status of 502 (Bad Gateway) @ http://localhost:3000/api/pole_tags:0
[26295578ms] [ERROR] Failed to load resource: the server responded with a status of 502 (Bad Gateway) @ http://localhost:3000/api/pole_tags:0
[26297578ms] [ERROR] Failed to load resource: the server responded with a status of 502 (Bad Gateway) @ http://localhost:3000/api/pole_tags:0
[26299574ms] [ERROR] Failed to load resource: the server responded with a status of 502 (Bad Gateway) @ http://localhost:3000/api/pole_tags:0
[26301562ms] [ERROR] Failed to load resource: the server responded with a status of 502 (Bad Gateway) @ http://localhost:3000/api/pole_tags:0
[26303562ms] [ERROR] Failed to load resource: the server responded with a status of 502 (Bad Gateway) @ http://localhost:3000/api/pole_tags:0
[26305580ms] [ERROR] Failed to load resource: the server responded with a status of 502 (Bad Gateway) @ http://localhost:3000/api/pole_tags:0
[26307571ms] [ERROR] Failed to load resource: the server responded with a status of 502 (Bad Gateway) @ http://localhost:3000/api/pole_tags:0
[26309577ms] [ERROR] Failed to load resource: the server responded with a status of 502 (Bad Gateway) @ http://localhost:3000/api/pole_tags:0
[26311572ms] [ERROR] Failed to load resource: the server responded with a status of 502 (Bad Gateway) @ http://localhost:3000/api/pole_tags:0
[26313569ms] [ERROR] Failed to load resource: the server responded with a status of 502 (Bad Gateway) @ http://localhost:3000/api/pole_tags:0
[26315577ms] [ERROR] Failed to load resource: the server responded with a status of 502 (Bad Gateway) @ http://localhost:3000/api/pole_tags:0
[26317571ms] [ERROR] Failed to load resource: the server responded with a status of 502 (Bad Gateway) @ http://localhost:3000/api/pole_tags:0
[26319569ms] [ERROR] Failed to load resource: the server responded with a status of 502 (Bad Gateway) @ http://localhost:3000/api/pole_tags:0
[26321569ms] [ERROR] Failed to load resource: the server responded with a status of 502 (Bad Gateway) @ http://localhost:3000/api/pole_tags:0
[26323583ms] [ERROR] Failed to load resource: the server responded with a status of 502 (Bad Gateway) @ http://localhost:3000/api/pole_tags:0
[26325592ms] [ERROR] Failed to load resource: the server responded with a status of 502 (Bad Gateway) @ http://localhost:3000/api/pole_tags:0
[26327565ms] [ERROR] Failed to load resource: the server responded with a status of 502 (Bad Gateway) @ http://localhost:3000/api/pole_tags:0
[26329580ms] [ERROR] Failed to load resource: the server responded with a status of 502 (Bad Gateway) @ http://localhost:3000/api/pole_tags:0
[26331573ms] [ERROR] Failed to load resource: the server responded with a status of 502 (Bad Gateway) @ http://localhost:3000/api/pole_tags:0
[26333569ms] [ERROR] Failed to load resource: the server responded with a status of 502 (Bad Gateway) @ http://localhost:3000/api/pole_tags:0
[26335570ms] [ERROR] Failed to load resource: the server responded with a status of 502 (Bad Gateway) @ http://localhost:3000/api/pole_tags:0
[26337565ms] [ERROR] Failed to load resource: the server responded with a status of 502 (Bad Gateway) @ http://localhost:3000/api/pole_tags:0
[26339565ms] [ERROR] Failed to load resource: the server responded with a status of 502 (Bad Gateway) @ http://localhost:3000/api/pole_tags:0
[26341569ms] [ERROR] Failed to load resource: the server responded with a status of 502 (Bad Gateway) @ http://localhost:3000/api/pole_tags:0
[26343571ms] [ERROR] Failed to load resource: the server responded with a status of 502 (Bad Gateway) @ http://localhost:3000/api/pole_tags:0
[26345569ms] [ERROR] Failed to load resource: the server responded with a status of 502 (Bad Gateway) @ http://localhost:3000/api/pole_tags:0
[26347577ms] [ERROR] Failed to load resource: the server responded with a status of 502 (Bad Gateway) @ http://localhost:3000/api/pole_tags:0
[26349580ms] [ERROR] Failed to load resource: the server responded with a status of 502 (Bad Gateway) @ http://localhost:3000/api/pole_tags:0
[26351571ms] [ERROR] Failed to load resource: the server responded with a status of 502 (Bad Gateway) @ http://localhost:3000/api/pole_tags:0
[26353565ms] [ERROR] Failed to load resource: the server responded with a status of 502 (Bad Gateway) @ http://localhost:3000/api/pole_tags:0
[26355588ms] [ERROR] Failed to load resource: the server responded with a status of 502 (Bad Gateway) @ http://localhost:3000/api/pole_tags:0
[26357578ms] [ERROR] Failed to load resource: the server responded with a status of 502 (Bad Gateway) @ http://localhost:3000/api/pole_tags:0
[26359566ms] [ERROR] Failed to load resource: the server responded with a status of 502 (Bad Gateway) @ http://localhost:3000/api/pole_tags:0
[26361567ms] [ERROR] Failed to load resource: the server responded with a status of 502 (Bad Gateway) @ http://localhost:3000/api/pole_tags:0
[26363571ms] [ERROR] Failed to load resource: the server responded with a status of 502 (Bad Gateway) @ http://localhost:3000/api/pole_tags:0
[26365578ms] [ERROR] Failed to load resource: the server responded with a status of 502 (Bad Gateway) @ http://localhost:3000/api/pole_tags:0
[26367567ms] [ERROR] Failed to load resource: the server responded with a status of 502 (Bad Gateway) @ http://localhost:3000/api/pole_tags:0
[26369563ms] [ERROR] Failed to load resource: the server responded with a status of 502 (Bad Gateway) @ http://localhost:3000/api/pole_tags:0
[26371572ms] [ERROR] Failed to load resource: the server responded with a status of 502 (Bad Gateway) @ http://localhost:3000/api/pole_tags:0
[26373566ms] [ERROR] Failed to load resource: the server responded with a status of 502 (Bad Gateway) @ http://localhost:3000/api/pole_tags:0
[26375567ms] [ERROR] Failed to load resource: the server responded with a status of 502 (Bad Gateway) @ http://localhost:3000/api/pole_tags:0
[26377570ms] [ERROR] Failed to load resource: the server responded with a status of 502 (Bad Gateway) @ http://localhost:3000/api/pole_tags:0
[26379574ms] [ERROR] Failed to load resource: the server responded with a status of 502 (Bad Gateway) @ http://localhost:3000/api/pole_tags:0
[26381567ms] [ERROR] Failed to load resource: the server responded with a status of 502 (Bad Gateway) @ http://localhost:3000/api/pole_tags:0
[26383567ms] [ERROR] Failed to load resource: the server responded with a status of 502 (Bad Gateway) @ http://localhost:3000/api/pole_tags:0
[26385564ms] [ERROR] Failed to load resource: the server responded with a status of 502 (Bad Gateway) @ http://localhost:3000/api/pole_tags:0
[26387571ms] [ERROR] Failed to load resource: the server responded with a status of 502 (Bad Gateway) @ http://localhost:3000/api/pole_tags:0
[26389577ms] [ERROR] Failed to load resource: the server responded with a status of 502 (Bad Gateway) @ http://localhost:3000/api/pole_tags:0
[26391579ms] [ERROR] Failed to load resource: the server responded with a status of 502 (Bad Gateway) @ http://localhost:3000/api/pole_tags:0
[26393584ms] [ERROR] Failed to load resource: the server responded with a status of 502 (Bad Gateway) @ http://localhost:3000/api/pole_tags:0
[26395566ms] [ERROR] Failed to load resource: the server responded with a status of 502 (Bad Gateway) @ http://localhost:3000/api/pole_tags:0
[26397577ms] [ERROR] Failed to load resource: the server responded with a status of 502 (Bad Gateway) @ http://localhost:3000/api/pole_tags:0
[26399568ms] [ERROR] Failed to load resource: the server responded with a status of 502 (Bad Gateway) @ http://localhost:3000/api/pole_tags:0
[26401570ms] [ERROR] Failed to load resource: the server responded with a status of 502 (Bad Gateway) @ http://localhost:3000/api/pole_tags:0
[26403585ms] [ERROR] Failed to load resource: the server responded with a status of 502 (Bad Gateway) @ http://localhost:3000/api/pole_tags:0
[26405575ms] [ERROR] Failed to load resource: the server responded with a status of 502 (Bad Gateway) @ http://localhost:3000/api/pole_tags:0
[26407567ms] [ERROR] Failed to load resource: the server responded with a status of 502 (Bad Gateway) @ http://localhost:3000/api/pole_tags:0
[26409577ms] [ERROR] Failed to load resource: the server responded with a status of 502 (Bad Gateway) @ http://localhost:3000/api/pole_tags:0
[26411562ms] [ERROR] Failed to load resource: the server responded with a status of 502 (Bad Gateway) @ http://localhost:3000/api/pole_tags:0
[26413571ms] [ERROR] Failed to load resource: the server responded with a status of 502 (Bad Gateway) @ http://localhost:3000/api/pole_tags:0
[26415574ms] [ERROR] Failed to load resource: the server responded with a status of 502 (Bad Gateway) @ http://localhost:3000/api/pole_tags:0
[26417566ms] [ERROR] Failed to load resource: the server responded with a status of 502 (Bad Gateway) @ http://localhost:3000/api/pole_tags:0
[26419567ms] [ERROR] Failed to load resource: the server responded with a status of 502 (Bad Gateway) @ http://localhost:3000/api/pole_tags:0
[26421568ms] [ERROR] Failed to load resource: the server responded with a status of 502 (Bad Gateway) @ http://localhost:3000/api/pole_tags:0
[26423569ms] [ERROR] Failed to load resource: the server responded with a status of 502 (Bad Gateway) @ http://localhost:3000/api/pole_tags:0
[26425579ms] [ERROR] Failed to load resource: the server responded with a status of 502 (Bad Gateway) @ http://localhost:3000/api/pole_tags:0
[26427573ms] [ERROR] Failed to load resource: the server responded with a status of 502 (Bad Gateway) @ http://localhost:3000/api/pole_tags:0
[26429603ms] [ERROR] Failed to load resource: the server responded with a status of 502 (Bad Gateway) @ http://localhost:3000/api/pole_tags:0
[26431570ms] [ERROR] Failed to load resource: the server responded with a status of 502 (Bad Gateway) @ http://localhost:3000/api/pole_tags:0
[26433564ms] [ERROR] Failed to load resource: the server responded with a status of 502 (Bad Gateway) @ http://localhost:3000/api/pole_tags:0
[26435572ms] [ERROR] Failed to load resource: the server responded with a status of 502 (Bad Gateway) @ http://localhost:3000/api/pole_tags:0
[26437566ms] [ERROR] Failed to load resource: the server responded with a status of 502 (Bad Gateway) @ http://localhost:3000/api/pole_tags:0
[26439567ms] [ERROR] Failed to load resource: the server responded with a status of 502 (Bad Gateway) @ http://localhost:3000/api/pole_tags:0
[26441570ms] [ERROR] Failed to load resource: the server responded with a status of 502 (Bad Gateway) @ http://localhost:3000/api/pole_tags:0
[26443577ms] [ERROR] Failed to load resource: the server responded with a status of 502 (Bad Gateway) @ http://localhost:3000/api/pole_tags:0
[26445570ms] [ERROR] Failed to load resource: the server responded with a status of 502 (Bad Gateway) @ http://localhost:3000/api/pole_tags:0
[26447570ms] [ERROR] Failed to load resource: the server responded with a status of 502 (Bad Gateway) @ http://localhost:3000/api/pole_tags:0
[26449571ms] [ERROR] Failed to load resource: the server responded with a status of 502 (Bad Gateway) @ http://localhost:3000/api/pole_tags:0
[26451579ms] [ERROR] Failed to load resource: the server responded with a status of 502 (Bad Gateway) @ http://localhost:3000/api/pole_tags:0
[26453571ms] [ERROR] Failed to load resource: the server responded with a status of 502 (Bad Gateway) @ http://localhost:3000/api/pole_tags:0
[26455590ms] [ERROR] Failed to load resource: the server responded with a status of 502 (Bad Gateway) @ http://localhost:3000/api/pole_tags:0
[26457567ms] [ERROR] Failed to load resource: the server responded with a status of 502 (Bad Gateway) @ http://localhost:3000/api/pole_tags:0
[26459571ms] [ERROR] Failed to load resource: the server responded with a status of 502 (Bad Gateway) @ http://localhost:3000/api/pole_tags:0
[26461565ms] [ERROR] Failed to load resource: the server responded with a status of 502 (Bad Gateway) @ http://localhost:3000/api/pole_tags:0
[26463570ms] [ERROR] Failed to load resource: the server responded with a status of 502 (Bad Gateway) @ http://localhost:3000/api/pole_tags:0
[26465577ms] [ERROR] Failed to load resource: the server responded with a status of 502 (Bad Gateway) @ http://localhost:3000/api/pole_tags:0
[26467572ms] [ERROR] Failed to load resource: the server responded with a status of 502 (Bad Gateway) @ http://localhost:3000/api/pole_tags:0
[26469566ms] [ERROR] Failed to load resource: the server responded with a status of 502 (Bad Gateway) @ http://localhost:3000/api/pole_tags:0
[26471580ms] [ERROR] Failed to load resource: the server responded with a status of 502 (Bad Gateway) @ http://localhost:3000/api/pole_tags:0
[26473578ms] [ERROR] Failed to load resource: the server responded with a status of 502 (Bad Gateway) @ http://localhost:3000/api/pole_tags:0
[26475585ms] [ERROR] Failed to load resource: the server responded with a status of 502 (Bad Gateway) @ http://localhost:3000/api/pole_tags:0
[26477595ms] [ERROR] Failed to load resource: the server responded with a status of 502 (Bad Gateway) @ http://localhost:3000/api/pole_tags:0
[26479575ms] [ERROR] Failed to load resource: the server responded with a status of 502 (Bad Gateway) @ http://localhost:3000/api/pole_tags:0
[26481571ms] [ERROR] Failed to load resource: the server responded with a status of 502 (Bad Gateway) @ http://localhost:3000/api/pole_tags:0
[26483562ms] [ERROR] Failed to load resource: the server responded with a status of 502 (Bad Gateway) @ http://localhost:3000/api/pole_tags:0
[26485575ms] [ERROR] Failed to load resource: the server responded with a status of 502 (Bad Gateway) @ http://localhost:3000/api/pole_tags:0
[26487569ms] [ERROR] Failed to load resource: the server responded with a status of 502 (Bad Gateway) @ http://localhost:3000/api/pole_tags:0
[26489567ms] [ERROR] Failed to load resource: the server responded with a status of 502 (Bad Gateway) @ http://localhost:3000/api/pole_tags:0
[26491577ms] [ERROR] Failed to load resource: the server responded with a status of 502 (Bad Gateway) @ http://localhost:3000/api/pole_tags:0
[26493564ms] [ERROR] Failed to load resource: the server responded with a status of 502 (Bad Gateway) @ http://localhost:3000/api/pole_tags:0
[26495589ms] [ERROR] Failed to load resource: the server responded with a status of 502 (Bad Gateway) @ http://localhost:3000/api/pole_tags:0
[26497563ms] [ERROR] Failed to load resource: the server responded with a status of 502 (Bad Gateway) @ http://localhost:3000/api/pole_tags:0
[26499579ms] [ERROR] Failed to load resource: the server responded with a status of 502 (Bad Gateway) @ http://localhost:3000/api/pole_tags:0
[26501569ms] [ERROR] Failed to load resource: the server responded with a status of 502 (Bad Gateway) @ http://localhost:3000/api/pole_tags:0
[26503568ms] [ERROR] Failed to load resource: the server responded with a status of 502 (Bad Gateway) @ http://localhost:3000/api/pole_tags:0
[26505567ms] [ERROR] Failed to load resource: the server responded with a status of 502 (Bad Gateway) @ http://localhost:3000/api/pole_tags:0
[26507574ms] [ERROR] Failed to load resource: the server responded with a status of 502 (Bad Gateway) @ http://localhost:3000/api/pole_tags:0
[26509569ms] [ERROR] Failed to load resource: the server responded with a status of 502 (Bad Gateway) @ http://localhost:3000/api/pole_tags:0
[26511561ms] [ERROR] Failed to load resource: the server responded with a status of 502 (Bad Gateway) @ http://localhost:3000/api/pole_tags:0
[26513565ms] [ERROR] Failed to load resource: the server responded with a status of 502 (Bad Gateway) @ http://localhost:3000/api/pole_tags:0
[26515576ms] [ERROR] Failed to load resource: the server responded with a status of 502 (Bad Gateway) @ http://localhost:3000/api/pole_tags:0
[26517579ms] [ERROR] Failed to load resource: the server responded with a status of 502 (Bad Gateway) @ http://localhost:3000/api/pole_tags:0
[26519571ms] [ERROR] Failed to load resource: the server responded with a status of 502 (Bad Gateway) @ http://localhost:3000/api/pole_tags:0
[26521572ms] [ERROR] Failed to load resource: the server responded with a status of 502 (Bad Gateway) @ http://localhost:3000/api/pole_tags:0
[26523599ms] [ERROR] Failed to load resource: the server responded with a status of 502 (Bad Gateway) @ http://localhost:3000/api/pole_tags:0
[26525568ms] [ERROR] Failed to load resource: the server responded with a status of 502 (Bad Gateway) @ http://localhost:3000/api/pole_tags:0
[26527573ms] [ERROR] Failed to load resource: the server responded with a status of 502 (Bad Gateway) @ http://localhost:3000/api/pole_tags:0
[26529574ms] [ERROR] Failed to load resource: the server responded with a status of 502 (Bad Gateway) @ http://localhost:3000/api/pole_tags:0
[26531578ms] [ERROR] Failed to load resource: the server responded with a status of 502 (Bad Gateway) @ http://localhost:3000/api/pole_tags:0
[26533582ms] [ERROR] Failed to load resource: the server responded with a status of 502 (Bad Gateway) @ http://localhost:3000/api/pole_tags:0
[26535599ms] [ERROR] Failed to load resource: the server responded with a status of 502 (Bad Gateway) @ http://localhost:3000/api/pole_tags:0
[26537581ms] [ERROR] Failed to load resource: the server responded with a status of 502 (Bad Gateway) @ http://localhost:3000/api/pole_tags:0
[26539569ms] [ERROR] Failed to load resource: the server responded with a status of 502 (Bad Gateway) @ http://localhost:3000/api/pole_tags:0
[26541575ms] [ERROR] Failed to load resource: the server responded with a status of 502 (Bad Gateway) @ http://localhost:3000/api/pole_tags:0
[26543570ms] [ERROR] Failed to load resource: the server responded with a status of 502 (Bad Gateway) @ http://localhost:3000/api/pole_tags:0
[26545586ms] [ERROR] Failed to load resource: the server responded with a status of 502 (Bad Gateway) @ http://localhost:3000/api/pole_tags:0
[26547576ms] [ERROR] Failed to load resource: the server responded with a status of 502 (Bad Gateway) @ http://localhost:3000/api/pole_tags:0
[26549591ms] [ERROR] Failed to load resource: the server responded with a status of 502 (Bad Gateway) @ http://localhost:3000/api/pole_tags:0
[26551595ms] [ERROR] Failed to load resource: the server responded with a status of 502 (Bad Gateway) @ http://localhost:3000/api/pole_tags:0
[26553568ms] [ERROR] Failed to load resource: the server responded with a status of 502 (Bad Gateway) @ http://localhost:3000/api/pole_tags:0
[26555567ms] [ERROR] Failed to load resource: the server responded with a status of 502 (Bad Gateway) @ http://localhost:3000/api/pole_tags:0
[26557567ms] [ERROR] Failed to load resource: the server responded with a status of 502 (Bad Gateway) @ http://localhost:3000/api/pole_tags:0
[26559588ms] [ERROR] Failed to load resource: the server responded with a status of 502 (Bad Gateway) @ http://localhost:3000/api/pole_tags:0
[26561571ms] [ERROR] Failed to load resource: the server responded with a status of 502 (Bad Gateway) @ http://localhost:3000/api/pole_tags:0
[26563569ms] [ERROR] Failed to load resource: the server responded with a status of 502 (Bad Gateway) @ http://localhost:3000/api/pole_tags:0
[26565565ms] [ERROR] Failed to load resource: the server responded with a status of 502 (Bad Gateway) @ http://localhost:3000/api/pole_tags:0
[26567576ms] [ERROR] Failed to load resource: the server responded with a status of 502 (Bad Gateway) @ http://localhost:3000/api/pole_tags:0
[26569573ms] [ERROR] Failed to load resource: the server responded with a status of 502 (Bad Gateway) @ http://localhost:3000/api/pole_tags:0
[26571561ms] [ERROR] Failed to load resource: the server responded with a status of 502 (Bad Gateway) @ http://localhost:3000/api/pole_tags:0
[26573565ms] [ERROR] Failed to load resource: the server responded with a status of 502 (Bad Gateway) @ http://localhost:3000/api/pole_tags:0
[26575564ms] [ERROR] Failed to load resource: the server responded with a status of 502 (Bad Gateway) @ http://localhost:3000/api/pole_tags:0
[26577569ms] [ERROR] Failed to load resource: the server responded with a status of 502 (Bad Gateway) @ http://localhost:3000/api/pole_tags:0
[26579580ms] [ERROR] Failed to load resource: the server responded with a status of 502 (Bad Gateway) @ http://localhost:3000/api/pole_tags:0
[26581568ms] [ERROR] Failed to load resource: the server responded with a status of 502 (Bad Gateway) @ http://localhost:3000/api/pole_tags:0
[26583606ms] [ERROR] Failed to load resource: the server responded with a status of 502 (Bad Gateway) @ http://localhost:3000/api/pole_tags:0
[26585570ms] [ERROR] Failed to load resource: the server responded with a status of 502 (Bad Gateway) @ http://localhost:3000/api/pole_tags:0
[26587562ms] [ERROR] Failed to load resource: the server responded with a status of 502 (Bad Gateway) @ http://localhost:3000/api/pole_tags:0
[26589576ms] [ERROR] Failed to load resource: the server responded with a status of 502 (Bad Gateway) @ http://localhost:3000/api/pole_tags:0
[26591567ms] [ERROR] Failed to load resource: the server responded with a status of 502 (Bad Gateway) @ http://localhost:3000/api/pole_tags:0
[26593587ms] [ERROR] Failed to load resource: the server responded with a status of 502 (Bad Gateway) @ http://localhost:3000/api/pole_tags:0
[26595564ms] [ERROR] Failed to load resource: the server responded with a status of 502 (Bad Gateway) @ http://localhost:3000/api/pole_tags:0
[26597565ms] [ERROR] Failed to load resource: the server responded with a status of 502 (Bad Gateway) @ http://localhost:3000/api/pole_tags:0
[26599568ms] [ERROR] Failed to load resource: the server responded with a status of 502 (Bad Gateway) @ http://localhost:3000/api/pole_tags:0
[26601569ms] [ERROR] Failed to load resource: the server responded with a status of 502 (Bad Gateway) @ http://localhost:3000/api/pole_tags:0
[26603569ms] [ERROR] Failed to load resource: the server responded with a status of 502 (Bad Gateway) @ http://localhost:3000/api/pole_tags:0
[26605596ms] [ERROR] Failed to load resource: the server responded with a status of 502 (Bad Gateway) @ http://localhost:3000/api/pole_tags:0
[26607560ms] [ERROR] Failed to load resource: the server responded with a status of 502 (Bad Gateway) @ http://localhost:3000/api/pole_tags:0
[26609565ms] [ERROR] Failed to load resource: the server responded with a status of 502 (Bad Gateway) @ http://localhost:3000/api/pole_tags:0
[26611576ms] [ERROR] Failed to load resource: the server responded with a status of 502 (Bad Gateway) @ http://localhost:3000/api/pole_tags:0
[26613565ms] [ERROR] Failed to load resource: the server responded with a status of 502 (Bad Gateway) @ http://localhost:3000/api/pole_tags:0
[26615568ms] [ERROR] Failed to load resource: the server responded with a status of 502 (Bad Gateway) @ http://localhost:3000/api/pole_tags:0
[26617572ms] [ERROR] Failed to load resource: the server responded with a status of 502 (Bad Gateway) @ http://localhost:3000/api/pole_tags:0
[26619571ms] [ERROR] Failed to load resource: the server responded with a status of 502 (Bad Gateway) @ http://localhost:3000/api/pole_tags:0
[26621572ms] [ERROR] Failed to load resource: the server responded with a status of 502 (Bad Gateway) @ http://localhost:3000/api/pole_tags:0
[26623561ms] [ERROR] Failed to load resource: the server responded with a status of 502 (Bad Gateway) @ http://localhost:3000/api/pole_tags:0
[26625570ms] [ERROR] Failed to load resource: the server responded with a status of 502 (Bad Gateway) @ http://localhost:3000/api/pole_tags:0
[26627561ms] [ERROR] Failed to load resource: the server responded with a status of 502 (Bad Gateway) @ http://localhost:3000/api/pole_tags:0
[26629566ms] [ERROR] Failed to load resource: the server responded with a status of 502 (Bad Gateway) @ http://localhost:3000/api/pole_tags:0
[26631567ms] [ERROR] Failed to load resource: the server responded with a status of 502 (Bad Gateway) @ http://localhost:3000/api/pole_tags:0
[26633566ms] [ERROR] Failed to load resource: the server responded with a status of 502 (Bad Gateway) @ http://localhost:3000/api/pole_tags:0
[26635576ms] [ERROR] Failed to load resource: the server responded with a status of 502 (Bad Gateway) @ http://localhost:3000/api/pole_tags:0
[26637576ms] [ERROR] Failed to load resource: the server responded with a status of 502 (Bad Gateway) @ http://localhost:3000/api/pole_tags:0
[26639571ms] [ERROR] Failed to load resource: the server responded with a status of 502 (Bad Gateway) @ http://localhost:3000/api/pole_tags:0
[26641564ms] [ERROR] Failed to load resource: the server responded with a status of 502 (Bad Gateway) @ http://localhost:3000/api/pole_tags:0
[26643570ms] [ERROR] Failed to load resource: the server responded with a status of 502 (Bad Gateway) @ http://localhost:3000/api/pole_tags:0
[26645568ms] [ERROR] Failed to load resource: the server responded with a status of 502 (Bad Gateway) @ http://localhost:3000/api/pole_tags:0
[26647565ms] [ERROR] Failed to load resource: the server responded with a status of 502 (Bad Gateway) @ http://localhost:3000/api/pole_tags:0
[26649566ms] [ERROR] Failed to load resource: the server responded with a status of 502 (Bad Gateway) @ http://localhost:3000/api/pole_tags:0
[26651567ms] [ERROR] Failed to load resource: the server responded with a status of 502 (Bad Gateway) @ http://localhost:3000/api/pole_tags:0
[26653581ms] [ERROR] Failed to load resource: the server responded with a status of 502 (Bad Gateway) @ http://localhost:3000/api/pole_tags:0
[26655565ms] [ERROR] Failed to load resource: the server responded with a status of 502 (Bad Gateway) @ http://localhost:3000/api/pole_tags:0
[26657569ms] [ERROR] Failed to load resource: the server responded with a status of 502 (Bad Gateway) @ http://localhost:3000/api/pole_tags:0
[26659567ms] [ERROR] Failed to load resource: the server responded with a status of 502 (Bad Gateway) @ http://localhost:3000/api/pole_tags:0
[26661582ms] [ERROR] Failed to load resource: the server responded with a status of 502 (Bad Gateway) @ http://localhost:3000/api/pole_tags:0
[26663565ms] [ERROR] Failed to load resource: the server responded with a status of 502 (Bad Gateway) @ http://localhost:3000/api/pole_tags:0
[26665566ms] [ERROR] Failed to load resource: the server responded with a status of 502 (Bad Gateway) @ http://localhost:3000/api/pole_tags:0
[26667570ms] [ERROR] Failed to load resource: the server responded with a status of 502 (Bad Gateway) @ http://localhost:3000/api/pole_tags:0
[26669565ms] [ERROR] Failed to load resource: the server responded with a status of 502 (Bad Gateway) @ http://localhost:3000/api/pole_tags:0
[26671572ms] [ERROR] Failed to load resource: the server responded with a status of 502 (Bad Gateway) @ http://localhost:3000/api/pole_tags:0
[26673577ms] [ERROR] Failed to load resource: the server responded with a status of 502 (Bad Gateway) @ http://localhost:3000/api/pole_tags:0
[26675560ms] [ERROR] Failed to load resource: the server responded with a status of 502 (Bad Gateway) @ http://localhost:3000/api/pole_tags:0
[26677569ms] [ERROR] Failed to load resource: the server responded with a status of 502 (Bad Gateway) @ http://localhost:3000/api/pole_tags:0
[26679561ms] [ERROR] Failed to load resource: the server responded with a status of 502 (Bad Gateway) @ http://localhost:3000/api/pole_tags:0
[26681563ms] [ERROR] Failed to load resource: the server responded with a status of 502 (Bad Gateway) @ http://localhost:3000/api/pole_tags:0
[26683592ms] [ERROR] Failed to load resource: the server responded with a status of 502 (Bad Gateway) @ http://localhost:3000/api/pole_tags:0
[26685580ms] [ERROR] Failed to load resource: the server responded with a status of 502 (Bad Gateway) @ http://localhost:3000/api/pole_tags:0
[26687572ms] [ERROR] Failed to load resource: the server responded with a status of 502 (Bad Gateway) @ http://localhost:3000/api/pole_tags:0
[26689609ms] [ERROR] Failed to load resource: the server responded with a status of 502 (Bad Gateway) @ http://localhost:3000/api/pole_tags:0
[26691578ms] [ERROR] Failed to load resource: the server responded with a status of 502 (Bad Gateway) @ http://localhost:3000/api/pole_tags:0
[26693578ms] [ERROR] Failed to load resource: the server responded with a status of 502 (Bad Gateway) @ http://localhost:3000/api/pole_tags:0
[26695578ms] [ERROR] Failed to load resource: the server responded with a status of 502 (Bad Gateway) @ http://localhost:3000/api/pole_tags:0
[26697560ms] [ERROR] Failed to load resource: the server responded with a status of 502 (Bad Gateway) @ http://localhost:3000/api/pole_tags:0
[26699565ms] [ERROR] Failed to load resource: the server responded with a status of 502 (Bad Gateway) @ http://localhost:3000/api/pole_tags:0
[26701572ms] [ERROR] Failed to load resource: the server responded with a status of 502 (Bad Gateway) @ http://localhost:3000/api/pole_tags:0
[26703570ms] [ERROR] Failed to load resource: the server responded with a status of 502 (Bad Gateway) @ http://localhost:3000/api/pole_tags:0
[26705566ms] [ERROR] Failed to load resource: the server responded with a status of 502 (Bad Gateway) @ http://localhost:3000/api/pole_tags:0
[26707564ms] [ERROR] Failed to load resource: the server responded with a status of 502 (Bad Gateway) @ http://localhost:3000/api/pole_tags:0
[26709570ms] [ERROR] Failed to load resource: the server responded with a status of 502 (Bad Gateway) @ http://localhost:3000/api/pole_tags:0
[26711582ms] [ERROR] Failed to load resource: the server responded with a status of 502 (Bad Gateway) @ http://localhost:3000/api/pole_tags:0
[26713582ms] [ERROR] Failed to load resource: the server responded with a status of 502 (Bad Gateway) @ http://localhost:3000/api/pole_tags:0
[26715575ms] [ERROR] Failed to load resource: the server responded with a status of 502 (Bad Gateway) @ http://localhost:3000/api/pole_tags:0
[26717590ms] [ERROR] Failed to load resource: the server responded with a status of 502 (Bad Gateway) @ http://localhost:3000/api/pole_tags:0
[26719577ms] [ERROR] Failed to load resource: the server responded with a status of 502 (Bad Gateway) @ http://localhost:3000/api/pole_tags:0
[26721567ms] [ERROR] Failed to load resource: the server responded with a status of 502 (Bad Gateway) @ http://localhost:3000/api/pole_tags:0
[26723610ms] [ERROR] Failed to load resource: the server responded with a status of 502 (Bad Gateway) @ http://localhost:3000/api/pole_tags:0
[26725581ms] [ERROR] Failed to load resource: the server responded with a status of 502 (Bad Gateway) @ http://localhost:3000/api/pole_tags:0
[26727568ms] [ERROR] Failed to load resource: the server responded with a status of 502 (Bad Gateway) @ http://localhost:3000/api/pole_tags:0
[26729573ms] [ERROR] Failed to load resource: the server responded with a status of 502 (Bad Gateway) @ http://localhost:3000/api/pole_tags:0
[26731570ms] [ERROR] Failed to load resource: the server responded with a status of 502 (Bad Gateway) @ http://localhost:3000/api/pole_tags:0
[26733669ms] [ERROR] Failed to load resource: the server responded with a status of 502 (Bad Gateway) @ http://localhost:3000/api/pole_tags:0
[26735622ms] [ERROR] Failed to load resource: the server responded with a status of 502 (Bad Gateway) @ http://localhost:3000/api/pole_tags:0
[26737615ms] [ERROR] Failed to load resource: the server responded with a status of 502 (Bad Gateway) @ http://localhost:3000/api/pole_tags:0
[26739590ms] [ERROR] Failed to load resource: the server responded with a status of 502 (Bad Gateway) @ http://localhost:3000/api/pole_tags:0
[26741578ms] [ERROR] Failed to load resource: the server responded with a status of 502 (Bad Gateway) @ http://localhost:3000/api/pole_tags:0
[26743601ms] [ERROR] Failed to load resource: the server responded with a status of 502 (Bad Gateway) @ http://localhost:3000/api/pole_tags:0
[26745567ms] [ERROR] Failed to load resource: the server responded with a status of 502 (Bad Gateway) @ http://localhost:3000/api/pole_tags:0
[26747579ms] [ERROR] Failed to load resource: the server responded with a status of 502 (Bad Gateway) @ http://localhost:3000/api/pole_tags:0
[26749594ms] [ERROR] Failed to load resource: the server responded with a status of 502 (Bad Gateway) @ http://localhost:3000/api/pole_tags:0
[26751582ms] [ERROR] Failed to load resource: the server responded with a status of 502 (Bad Gateway) @ http://localhost:3000/api/pole_tags:0
[26753582ms] [ERROR] Failed to load resource: the server responded with a status of 502 (Bad Gateway) @ http://localhost:3000/api/pole_tags:0
[26755596ms] [ERROR] Failed to load resource: the server responded with a status of 502 (Bad Gateway) @ http://localhost:3000/api/pole_tags:0
[26757568ms] [ERROR] Failed to load resource: the server responded with a status of 502 (Bad Gateway) @ http://localhost:3000/api/pole_tags:0
[26759568ms] [ERROR] Failed to load resource: the server responded with a status of 502 (Bad Gateway) @ http://localhost:3000/api/pole_tags:0
[26761593ms] [ERROR] Failed to load resource: the server responded with a status of 502 (Bad Gateway) @ http://localhost:3000/api/pole_tags:0
[26763566ms] [ERROR] Failed to load resource: the server responded with a status of 502 (Bad Gateway) @ http://localhost:3000/api/pole_tags:0
[26765602ms] [ERROR] Failed to load resource: the server responded with a status of 502 (Bad Gateway) @ http://localhost:3000/api/pole_tags:0
[26767569ms] [ERROR] Failed to load resource: the server responded with a status of 502 (Bad Gateway) @ http://localhost:3000/api/pole_tags:0
[26769583ms] [ERROR] Failed to load resource: the server responded with a status of 502 (Bad Gateway) @ http://localhost:3000/api/pole_tags:0
[26771589ms] [ERROR] Failed to load resource: the server responded with a status of 502 (Bad Gateway) @ http://localhost:3000/api/pole_tags:0
[26773580ms] [ERROR] Failed to load resource: the server responded with a status of 502 (Bad Gateway) @ http://localhost:3000/api/pole_tags:0
[26775581ms] [ERROR] Failed to load resource: the server responded with a status of 502 (Bad Gateway) @ http://localhost:3000/api/pole_tags:0
[26777569ms] [ERROR] Failed to load resource: the server responded with a status of 502 (Bad Gateway) @ http://localhost:3000/api/pole_tags:0
[26779591ms] [ERROR] Failed to load resource: the server responded with a status of 502 (Bad Gateway) @ http://localhost:3000/api/pole_tags:0
[26781586ms] [ERROR] Failed to load resource: the server responded with a status of 502 (Bad Gateway) @ http://localhost:3000/api/pole_tags:0
[26783606ms] [ERROR] Failed to load resource: the server responded with a status of 502 (Bad Gateway) @ http://localhost:3000/api/pole_tags:0
[26785632ms] [ERROR] Failed to load resource: the server responded with a status of 502 (Bad Gateway) @ http://localhost:3000/api/pole_tags:0
[26787626ms] [ERROR] Failed to load resource: the server responded with a status of 502 (Bad Gateway) @ http://localhost:3000/api/pole_tags:0
[26789568ms] [ERROR] Failed to load resource: the server responded with a status of 502 (Bad Gateway) @ http://localhost:3000/api/pole_tags:0
[26791569ms] [ERROR] Failed to load resource: the server responded with a status of 502 (Bad Gateway) @ http://localhost:3000/api/pole_tags:0
[26793566ms] [ERROR] Failed to load resource: the server responded with a status of 502 (Bad Gateway) @ http://localhost:3000/api/pole_tags:0
[26795569ms] [ERROR] Failed to load resource: the server responded with a status of 502 (Bad Gateway) @ http://localhost:3000/api/pole_tags:0
[26797573ms] [ERROR] Failed to load resource: the server responded with a status of 502 (Bad Gateway) @ http://localhost:3000/api/pole_tags:0
[26799571ms] [ERROR] Failed to load resource: the server responded with a status of 502 (Bad Gateway) @ http://localhost:3000/api/pole_tags:0
[26801695ms] [ERROR] Failed to load resource: the server responded with a status of 502 (Bad Gateway) @ http://localhost:3000/api/pole_tags:0
[26803594ms] [ERROR] Failed to load resource: the server responded with a status of 502 (Bad Gateway) @ http://localhost:3000/api/pole_tags:0
[26805575ms] [ERROR] Failed to load resource: the server responded with a status of 502 (Bad Gateway) @ http://localhost:3000/api/pole_tags:0
[26807570ms] [ERROR] Failed to load resource: the server responded with a status of 502 (Bad Gateway) @ http://localhost:3000/api/pole_tags:0
[26809571ms] [ERROR] Failed to load resource: the server responded with a status of 502 (Bad Gateway) @ http://localhost:3000/api/pole_tags:0
[26811584ms] [ERROR] Failed to load resource: the server responded with a status of 502 (Bad Gateway) @ http://localhost:3000/api/pole_tags:0
[26813575ms] [ERROR] Failed to load resource: the server responded with a status of 502 (Bad Gateway) @ http://localhost:3000/api/pole_tags:0
[26815571ms] [ERROR] Failed to load resource: the server responded with a status of 502 (Bad Gateway) @ http://localhost:3000/api/pole_tags:0
[26817586ms] [ERROR] Failed to load resource: the server responded with a status of 502 (Bad Gateway) @ http://localhost:3000/api/pole_tags:0
[26819572ms] [ERROR] Failed to load resource: the server responded with a status of 502 (Bad Gateway) @ http://localhost:3000/api/pole_tags:0
[26821573ms] [ERROR] Failed to load resource: the server responded with a status of 502 (Bad Gateway) @ http://localhost:3000/api/pole_tags:0
[26823579ms] [ERROR] Failed to load resource: the server responded with a status of 502 (Bad Gateway) @ http://localhost:3000/api/pole_tags:0
[26825568ms] [ERROR] Failed to load resource: the server responded with a status of 502 (Bad Gateway) @ http://localhost:3000/api/pole_tags:0
[26827598ms] [ERROR] Failed to load resource: the server responded with a status of 502 (Bad Gateway) @ http://localhost:3000/api/pole_tags:0
[26829564ms] [ERROR] Failed to load resource: the server responded with a status of 502 (Bad Gateway) @ http://localhost:3000/api/pole_tags:0
[26831580ms] [ERROR] Failed to load resource: the server responded with a status of 502 (Bad Gateway) @ http://localhost:3000/api/pole_tags:0
[26833573ms] [ERROR] Failed to load resource: the server responded with a status of 502 (Bad Gateway) @ http://localhost:3000/api/pole_tags:0
[26835578ms] [ERROR] Failed to load resource: the server responded with a status of 502 (Bad Gateway) @ http://localhost:3000/api/pole_tags:0
[26837568ms] [ERROR] Failed to load resource: the server responded with a status of 502 (Bad Gateway) @ http://localhost:3000/api/pole_tags:0
[26839570ms] [ERROR] Failed to load resource: the server responded with a status of 502 (Bad Gateway) @ http://localhost:3000/api/pole_tags:0
[26841564ms] [ERROR] Failed to load resource: the server responded with a status of 502 (Bad Gateway) @ http://localhost:3000/api/pole_tags:0
[26843565ms] [ERROR] Failed to load resource: the server responded with a status of 502 (Bad Gateway) @ http://localhost:3000/api/pole_tags:0
[26845570ms] [ERROR] Failed to load resource: the server responded with a status of 502 (Bad Gateway) @ http://localhost:3000/api/pole_tags:0
[26847559ms] [ERROR] Failed to load resource: the server responded with a status of 502 (Bad Gateway) @ http://localhost:3000/api/pole_tags:0
[26849582ms] [ERROR] Failed to load resource: the server responded with a status of 502 (Bad Gateway) @ http://localhost:3000/api/pole_tags:0
[26851584ms] [ERROR] Failed to load resource: the server responded with a status of 502 (Bad Gateway) @ http://localhost:3000/api/pole_tags:0
[26853566ms] [ERROR] Failed to load resource: the server responded with a status of 502 (Bad Gateway) @ http://localhost:3000/api/pole_tags:0
[26855564ms] [ERROR] Failed to load resource: the server responded with a status of 502 (Bad Gateway) @ http://localhost:3000/api/pole_tags:0
[26857579ms] [ERROR] Failed to load resource: the server responded with a status of 502 (Bad Gateway) @ http://localhost:3000/api/pole_tags:0
[26859570ms] [ERROR] Failed to load resource: the server responded with a status of 502 (Bad Gateway) @ http://localhost:3000/api/pole_tags:0
[26861563ms] [ERROR] Failed to load resource: the server responded with a status of 502 (Bad Gateway) @ http://localhost:3000/api/pole_tags:0
[26863562ms] [ERROR] Failed to load resource: the server responded with a status of 502 (Bad Gateway) @ http://localhost:3000/api/pole_tags:0
[26865570ms] [ERROR] Failed to load resource: the server responded with a status of 502 (Bad Gateway) @ http://localhost:3000/api/pole_tags:0
[26867575ms] [ERROR] Failed to load resource: the server responded with a status of 502 (Bad Gateway) @ http://localhost:3000/api/pole_tags:0
[26869562ms] [ERROR] Failed to load resource: the server responded with a status of 502 (Bad Gateway) @ http://localhost:3000/api/pole_tags:0
[26871564ms] [ERROR] Failed to load resource: the server responded with a status of 502 (Bad Gateway) @ http://localhost:3000/api/pole_tags:0
[26873592ms] [ERROR] Failed to load resource: the server responded with a status of 502 (Bad Gateway) @ http://localhost:3000/api/pole_tags:0
[26875569ms] [ERROR] Failed to load resource: the server responded with a status of 502 (Bad Gateway) @ http://localhost:3000/api/pole_tags:0
[26877567ms] [ERROR] Failed to load resource: the server responded with a status of 502 (Bad Gateway) @ http://localhost:3000/api/pole_tags:0
[26879573ms] [ERROR] Failed to load resource: the server responded with a status of 502 (Bad Gateway) @ http://localhost:3000/api/pole_tags:0
[26881578ms] [ERROR] Failed to load resource: the server responded with a status of 502 (Bad Gateway) @ http://localhost:3000/api/pole_tags:0
[26883577ms] [ERROR] Failed to load resource: the server responded with a status of 502 (Bad Gateway) @ http://localhost:3000/api/pole_tags:0
[26885574ms] [ERROR] Failed to load resource: the server responded with a status of 502 (Bad Gateway) @ http://localhost:3000/api/pole_tags:0
[26887571ms] [ERROR] Failed to load resource: the server responded with a status of 502 (Bad Gateway) @ http://localhost:3000/api/pole_tags:0
[26889563ms] [ERROR] Failed to load resource: the server responded with a status of 502 (Bad Gateway) @ http://localhost:3000/api/pole_tags:0
[26891583ms] [ERROR] Failed to load resource: the server responded with a status of 502 (Bad Gateway) @ http://localhost:3000/api/pole_tags:0
[26893584ms] [ERROR] Failed to load resource: the server responded with a status of 502 (Bad Gateway) @ http://localhost:3000/api/pole_tags:0
[26895569ms] [ERROR] Failed to load resource: the server responded with a status of 502 (Bad Gateway) @ http://localhost:3000/api/pole_tags:0
[26897594ms] [ERROR] Failed to load resource: the server responded with a status of 502 (Bad Gateway) @ http://localhost:3000/api/pole_tags:0
[26899569ms] [ERROR] Failed to load resource: the server responded with a status of 502 (Bad Gateway) @ http://localhost:3000/api/pole_tags:0
[26901585ms] [ERROR] Failed to load resource: the server responded with a status of 502 (Bad Gateway) @ http://localhost:3000/api/pole_tags:0
[26903579ms] [ERROR] Failed to load resource: the server responded with a status of 502 (Bad Gateway) @ http://localhost:3000/api/pole_tags:0
[26905579ms] [ERROR] Failed to load resource: the server responded with a status of 502 (Bad Gateway) @ http://localhost:3000/api/pole_tags:0
[26907569ms] [ERROR] Failed to load resource: the server responded with a status of 502 (Bad Gateway) @ http://localhost:3000/api/pole_tags:0
[26909579ms] [ERROR] Failed to load resource: the server responded with a status of 502 (Bad Gateway) @ http://localhost:3000/api/pole_tags:0
[26911569ms] [ERROR] Failed to load resource: the server responded with a status of 502 (Bad Gateway) @ http://localhost:3000/api/pole_tags:0
[26913571ms] [ERROR] Failed to load resource: the server responded with a status of 502 (Bad Gateway) @ http://localhost:3000/api/pole_tags:0
[26915572ms] [ERROR] Failed to load resource: the server responded with a status of 502 (Bad Gateway) @ http://localhost:3000/api/pole_tags:0
[26917564ms] [ERROR] Failed to load resource: the server responded with a status of 502 (Bad Gateway) @ http://localhost:3000/api/pole_tags:0
[26919571ms] [ERROR] Failed to load resource: the server responded with a status of 502 (Bad Gateway) @ http://localhost:3000/api/pole_tags:0
[26921626ms] [ERROR] Failed to load resource: the server responded with a status of 502 (Bad Gateway) @ http://localhost:3000/api/pole_tags:0
[26923577ms] [ERROR] Failed to load resource: the server responded with a status of 502 (Bad Gateway) @ http://localhost:3000/api/pole_tags:0
[26925572ms] [ERROR] Failed to load resource: the server responded with a status of 502 (Bad Gateway) @ http://localhost:3000/api/pole_tags:0
[26927568ms] [ERROR] Failed to load resource: the server responded with a status of 502 (Bad Gateway) @ http://localhost:3000/api/pole_tags:0
[26929572ms] [ERROR] Failed to load resource: the server responded with a status of 502 (Bad Gateway) @ http://localhost:3000/api/pole_tags:0
[26931572ms] [ERROR] Failed to load resource: the server responded with a status of 502 (Bad Gateway) @ http://localhost:3000/api/pole_tags:0
[26933576ms] [ERROR] Failed to load resource: the server responded with a status of 502 (Bad Gateway) @ http://localhost:3000/api/pole_tags:0
[26935563ms] [ERROR] Failed to load resource: the server responded with a status of 502 (Bad Gateway) @ http://localhost:3000/api/pole_tags:0
[26937579ms] [ERROR] Failed to load resource: the server responded with a status of 502 (Bad Gateway) @ http://localhost:3000/api/pole_tags:0
[26939568ms] [ERROR] Failed to load resource: the server responded with a status of 502 (Bad Gateway) @ http://localhost:3000/api/pole_tags:0
[26941564ms] [ERROR] Failed to load resource: the server responded with a status of 502 (Bad Gateway) @ http://localhost:3000/api/pole_tags:0
[26943577ms] [ERROR] Failed to load resource: the server responded with a status of 502 (Bad Gateway) @ http://localhost:3000/api/pole_tags:0
[26945567ms] [ERROR] Failed to load resource: the server responded with a status of 502 (Bad Gateway) @ http://localhost:3000/api/pole_tags:0
[26947572ms] [ERROR] Failed to load resource: the server responded with a status of 502 (Bad Gateway) @ http://localhost:3000/api/pole_tags:0
[26949565ms] [ERROR] Failed to load resource: the server responded with a status of 502 (Bad Gateway) @ http://localhost:3000/api/pole_tags:0
[26951572ms] [ERROR] Failed to load resource: the server responded with a status of 502 (Bad Gateway) @ http://localhost:3000/api/pole_tags:0
[26953585ms] [ERROR] Failed to load resource: the server responded with a status of 502 (Bad Gateway) @ http://localhost:3000/api/pole_tags:0
[26955568ms] [ERROR] Failed to load resource: the server responded with a status of 502 (Bad Gateway) @ http://localhost:3000/api/pole_tags:0
[26957581ms] [ERROR] Failed to load resource: the server responded with a status of 502 (Bad Gateway) @ http://localhost:3000/api/pole_tags:0
[26959569ms] [ERROR] Failed to load resource: the server responded with a status of 502 (Bad Gateway) @ http://localhost:3000/api/pole_tags:0
[26961562ms] [ERROR] Failed to load resource: the server responded with a status of 502 (Bad Gateway) @ http://localhost:3000/api/pole_tags:0
[26963575ms] [ERROR] Failed to load resource: the server responded with a status of 502 (Bad Gateway) @ http://localhost:3000/api/pole_tags:0
[26965592ms] [ERROR] Failed to load resource: the server responded with a status of 502 (Bad Gateway) @ http://localhost:3000/api/pole_tags:0
[26967572ms] [ERROR] Failed to load resource: the server responded with a status of 502 (Bad Gateway) @ http://localhost:3000/api/pole_tags:0
[26969569ms] [ERROR] Failed to load resource: the server responded with a status of 502 (Bad Gateway) @ http://localhost:3000/api/pole_tags:0
[26971563ms] [ERROR] Failed to load resource: the server responded with a status of 502 (Bad Gateway) @ http://localhost:3000/api/pole_tags:0
[26973585ms] [ERROR] Failed to load resource: the server responded with a status of 502 (Bad Gateway) @ http://localhost:3000/api/pole_tags:0
[26975568ms] [ERROR] Failed to load resource: the server responded with a status of 502 (Bad Gateway) @ http://localhost:3000/api/pole_tags:0
[26977579ms] [ERROR] Failed to load resource: the server responded with a status of 502 (Bad Gateway) @ http://localhost:3000/api/pole_tags:0
[26979565ms] [ERROR] Failed to load resource: the server responded with a status of 502 (Bad Gateway) @ http://localhost:3000/api/pole_tags:0
[26981573ms] [ERROR] Failed to load resource: the server responded with a status of 502 (Bad Gateway) @ http://localhost:3000/api/pole_tags:0
[26983584ms] [ERROR] Failed to load resource: the server responded with a status of 502 (Bad Gateway) @ http://localhost:3000/api/pole_tags:0
[26985571ms] [ERROR] Failed to load resource: the server responded with a status of 502 (Bad Gateway) @ http://localhost:3000/api/pole_tags:0
[26987565ms] [ERROR] Failed to load resource: the server responded with a status of 502 (Bad Gateway) @ http://localhost:3000/api/pole_tags:0
[26989563ms] [ERROR] Failed to load resource: the server responded with a status of 502 (Bad Gateway) @ http://localhost:3000/api/pole_tags:0
[26991563ms] [ERROR] Failed to load resource: the server responded with a status of 502 (Bad Gateway) @ http://localhost:3000/api/pole_tags:0
[26993564ms] [ERROR] Failed to load resource: the server responded with a status of 502 (Bad Gateway) @ http://localhost:3000/api/pole_tags:0
[26995560ms] [ERROR] Failed to load resource: the server responded with a status of 502 (Bad Gateway) @ http://localhost:3000/api/pole_tags:0
[26997579ms] [ERROR] Failed to load resource: the server responded with a status of 502 (Bad Gateway) @ http://localhost:3000/api/pole_tags:0
[26999568ms] [ERROR] Failed to load resource: the server responded with a status of 502 (Bad Gateway) @ http://localhost:3000/api/pole_tags:0
[27001569ms] [ERROR] Failed to load resource: the server responded with a status of 502 (Bad Gateway) @ http://localhost:3000/api/pole_tags:0
[27003578ms] [ERROR] Failed to load resource: the server responded with a status of 502 (Bad Gateway) @ http://localhost:3000/api/pole_tags:0
[27005570ms] [ERROR] Failed to load resource: the server responded with a status of 502 (Bad Gateway) @ http://localhost:3000/api/pole_tags:0
[27007567ms] [ERROR] Failed to load resource: the server responded with a status of 502 (Bad Gateway) @ http://localhost:3000/api/pole_tags:0
[27009725ms] [ERROR] Failed to load resource: the server responded with a status of 502 (Bad Gateway) @ http://localhost:3000/api/pole_tags:0
[27011576ms] [ERROR] Failed to load resource: the server responded with a status of 502 (Bad Gateway) @ http://localhost:3000/api/pole_tags:0
[27013590ms] [ERROR] Failed to load resource: the server responded with a status of 502 (Bad Gateway) @ http://localhost:3000/api/pole_tags:0
[27015567ms] [ERROR] Failed to load resource: the server responded with a status of 502 (Bad Gateway) @ http://localhost:3000/api/pole_tags:0
[27017581ms] [ERROR] Failed to load resource: the server responded with a status of 502 (Bad Gateway) @ http://localhost:3000/api/pole_tags:0
[27019572ms] [ERROR] Failed to load resource: the server responded with a status of 502 (Bad Gateway) @ http://localhost:3000/api/pole_tags:0
[27021569ms] [ERROR] Failed to load resource: the server responded with a status of 502 (Bad Gateway) @ http://localhost:3000/api/pole_tags:0
[27023572ms] [ERROR] Failed to load resource: the server responded with a status of 502 (Bad Gateway) @ http://localhost:3000/api/pole_tags:0
[27025579ms] [ERROR] Failed to load resource: the server responded with a status of 502 (Bad Gateway) @ http://localhost:3000/api/pole_tags:0
[27027587ms] [ERROR] Failed to load resource: the server responded with a status of 502 (Bad Gateway) @ http://localhost:3000/api/pole_tags:0
[27029569ms] [ERROR] Failed to load resource: the server responded with a status of 502 (Bad Gateway) @ http://localhost:3000/api/pole_tags:0
[27031579ms] [ERROR] Failed to load resource: the server responded with a status of 502 (Bad Gateway) @ http://localhost:3000/api/pole_tags:0
[27033578ms] [ERROR] Failed to load resource: the server responded with a status of 502 (Bad Gateway) @ http://localhost:3000/api/pole_tags:0
[27035575ms] [ERROR] Failed to load resource: the server responded with a status of 502 (Bad Gateway) @ http://localhost:3000/api/pole_tags:0
[27037567ms] [ERROR] Failed to load resource: the server responded with a status of 502 (Bad Gateway) @ http://localhost:3000/api/pole_tags:0
[27039587ms] [ERROR] Failed to load resource: the server responded with a status of 502 (Bad Gateway) @ http://localhost:3000/api/pole_tags:0
[27041587ms] [ERROR] Failed to load resource: the server responded with a status of 502 (Bad Gateway) @ http://localhost:3000/api/pole_tags:0
[27043580ms] [ERROR] Failed to load resource: the server responded with a status of 502 (Bad Gateway) @ http://localhost:3000/api/pole_tags:0
[27045571ms] [ERROR] Failed to load resource: the server responded with a status of 502 (Bad Gateway) @ http://localhost:3000/api/pole_tags:0
[27047577ms] [ERROR] Failed to load resource: the server responded with a status of 502 (Bad Gateway) @ http://localhost:3000/api/pole_tags:0
[27049612ms] [ERROR] Failed to load resource: the server responded with a status of 502 (Bad Gateway) @ http://localhost:3000/api/pole_tags:0
[27051582ms] [ERROR] Failed to load resource: the server responded with a status of 502 (Bad Gateway) @ http://localhost:3000/api/pole_tags:0
[27053586ms] [ERROR] Failed to load resource: the server responded with a status of 502 (Bad Gateway) @ http://localhost:3000/api/pole_tags:0
[27055598ms] [ERROR] Failed to load resource: the server responded with a status of 502 (Bad Gateway) @ http://localhost:3000/api/pole_tags:0
[27057582ms] [ERROR] Failed to load resource: the server responded with a status of 502 (Bad Gateway) @ http://localhost:3000/api/pole_tags:0
[27059595ms] [ERROR] Failed to load resource: the server responded with a status of 502 (Bad Gateway) @ http://localhost:3000/api/pole_tags:0
[27061594ms] [ERROR] Failed to load resource: the server responded with a status of 502 (Bad Gateway) @ http://localhost:3000/api/pole_tags:0
[27063583ms] [ERROR] Failed to load resource: the server responded with a status of 502 (Bad Gateway) @ http://localhost:3000/api/pole_tags:0
[27065570ms] [ERROR] Failed to load resource: the server responded with a status of 502 (Bad Gateway) @ http://localhost:3000/api/pole_tags:0
[27067578ms] [ERROR] Failed to load resource: the server responded with a status of 502 (Bad Gateway) @ http://localhost:3000/api/pole_tags:0
[27069568ms] [ERROR] Failed to load resource: the server responded with a status of 502 (Bad Gateway) @ http://localhost:3000/api/pole_tags:0
[27071579ms] [ERROR] Failed to load resource: the server responded with a status of 502 (Bad Gateway) @ http://localhost:3000/api/pole_tags:0
[27073582ms] [ERROR] Failed to load resource: the server responded with a status of 502 (Bad Gateway) @ http://localhost:3000/api/pole_tags:0
[27075631ms] [ERROR] Failed to load resource: the server responded with a status of 502 (Bad Gateway) @ http://localhost:3000/api/pole_tags:0
[27077595ms] [ERROR] Failed to load resource: the server responded with a status of 502 (Bad Gateway) @ http://localhost:3000/api/pole_tags:0
[27079594ms] [ERROR] Failed to load resource: the server responded with a status of 502 (Bad Gateway) @ http://localhost:3000/api/pole_tags:0
[27081602ms] [ERROR] Failed to load resource: the server responded with a status of 502 (Bad Gateway) @ http://localhost:3000/api/pole_tags:0
[27083574ms] [ERROR] Failed to load resource: the server responded with a status of 502 (Bad Gateway) @ http://localhost:3000/api/pole_tags:0
[27085571ms] [ERROR] Failed to load resource: the server responded with a status of 502 (Bad Gateway) @ http://localhost:3000/api/pole_tags:0
[27087673ms] [ERROR] Failed to load resource: the server responded with a status of 502 (Bad Gateway) @ http://localhost:3000/api/pole_tags:0
[27089595ms] [ERROR] Failed to load resource: the server responded with a status of 502 (Bad Gateway) @ http://localhost:3000/api/pole_tags:0
[27091575ms] [ERROR] Failed to load resource: the server responded with a status of 502 (Bad Gateway) @ http://localhost:3000/api/pole_tags:0
[27093585ms] [ERROR] Failed to load resource: the server responded with a status of 502 (Bad Gateway) @ http://localhost:3000/api/pole_tags:0
[27095568ms] [ERROR] Failed to load resource: the server responded with a status of 502 (Bad Gateway) @ http://localhost:3000/api/pole_tags:0
[27097613ms] [ERROR] Failed to load resource: the server responded with a status of 502 (Bad Gateway) @ http://localhost:3000/api/pole_tags:0
[27099581ms] [ERROR] Failed to load resource: the server responded with a status of 502 (Bad Gateway) @ http://localhost:3000/api/pole_tags:0
[27101570ms] [ERROR] Failed to load resource: the server responded with a status of 502 (Bad Gateway) @ http://localhost:3000/api/pole_tags:0
[27103586ms] [ERROR] Failed to load resource: the server responded with a status of 502 (Bad Gateway) @ http://localhost:3000/api/pole_tags:0
[27105609ms] [ERROR] Failed to load resource: the server responded with a status of 502 (Bad Gateway) @ http://localhost:3000/api/pole_tags:0
[27107566ms] [ERROR] Failed to load resource: the server responded with a status of 502 (Bad Gateway) @ http://localhost:3000/api/pole_tags:0
[27109563ms] [ERROR] Failed to load resource: the server responded with a status of 502 (Bad Gateway) @ http://localhost:3000/api/pole_tags:0
[27111580ms] [ERROR] Failed to load resource: the server responded with a status of 502 (Bad Gateway) @ http://localhost:3000/api/pole_tags:0
[27113581ms] [ERROR] Failed to load resource: the server responded with a status of 502 (Bad Gateway) @ http://localhost:3000/api/pole_tags:0
[27115573ms] [ERROR] Failed to load resource: the server responded with a status of 502 (Bad Gateway) @ http://localhost:3000/api/pole_tags:0
[27117766ms] [ERROR] Failed to load resource: the server responded with a status of 502 (Bad Gateway) @ http://localhost:3000/api/pole_tags:0
[27119572ms] [ERROR] Failed to load resource: the server responded with a status of 502 (Bad Gateway) @ http://localhost:3000/api/pole_tags:0
[27121574ms] [ERROR] Failed to load resource: the server responded with a status of 502 (Bad Gateway) @ http://localhost:3000/api/pole_tags:0
[27123577ms] [ERROR] Failed to load resource: the server responded with a status of 502 (Bad Gateway) @ http://localhost:3000/api/pole_tags:0
[27125595ms] [ERROR] Failed to load resource: the server responded with a status of 502 (Bad Gateway) @ http://localhost:3000/api/pole_tags:0
[27127576ms] [ERROR] Failed to load resource: the server responded with a status of 502 (Bad Gateway) @ http://localhost:3000/api/pole_tags:0
[27129594ms] [ERROR] Failed to load resource: the server responded with a status of 502 (Bad Gateway) @ http://localhost:3000/api/pole_tags:0
[27131569ms] [ERROR] Failed to load resource: the server responded with a status of 502 (Bad Gateway) @ http://localhost:3000/api/pole_tags:0
[27133586ms] [ERROR] Failed to load resource: the server responded with a status of 502 (Bad Gateway) @ http://localhost:3000/api/pole_tags:0
[27135579ms] [ERROR] Failed to load resource: the server responded with a status of 502 (Bad Gateway) @ http://localhost:3000/api/pole_tags:0
[27137570ms] [ERROR] Failed to load resource: the server responded with a status of 502 (Bad Gateway) @ http://localhost:3000/api/pole_tags:0
[27139626ms] [ERROR] Failed to load resource: the server responded with a status of 502 (Bad Gateway) @ http://localhost:3000/api/pole_tags:0
[27141566ms] [ERROR] Failed to load resource: the server responded with a status of 502 (Bad Gateway) @ http://localhost:3000/api/pole_tags:0
[27143578ms] [ERROR] Failed to load resource: the server responded with a status of 502 (Bad Gateway) @ http://localhost:3000/api/pole_tags:0
[27145633ms] [ERROR] Failed to load resource: the server responded with a status of 502 (Bad Gateway) @ http://localhost:3000/api/pole_tags:0
[27147567ms] [ERROR] Failed to load resource: the server responded with a status of 502 (Bad Gateway) @ http://localhost:3000/api/pole_tags:0
[27149586ms] [ERROR] Failed to load resource: the server responded with a status of 502 (Bad Gateway) @ http://localhost:3000/api/pole_tags:0
[27151570ms] [ERROR] Failed to load resource: the server responded with a status of 502 (Bad Gateway) @ http://localhost:3000/api/pole_tags:0
[27153626ms] [ERROR] Failed to load resource: the server responded with a status of 502 (Bad Gateway) @ http://localhost:3000/api/pole_tags:0
[27155582ms] [ERROR] Failed to load resource: the server responded with a status of 502 (Bad Gateway) @ http://localhost:3000/api/pole_tags:0
[27157564ms] [ERROR] Failed to load resource: the server responded with a status of 502 (Bad Gateway) @ http://localhost:3000/api/pole_tags:0
[27159571ms] [ERROR] Failed to load resource: the server responded with a status of 502 (Bad Gateway) @ http://localhost:3000/api/pole_tags:0
[27161569ms] [ERROR] Failed to load resource: the server responded with a status of 502 (Bad Gateway) @ http://localhost:3000/api/pole_tags:0
[27163570ms] [ERROR] Failed to load resource: the server responded with a status of 502 (Bad Gateway) @ http://localhost:3000/api/pole_tags:0
[27165569ms] [ERROR] Failed to load resource: the server responded with a status of 502 (Bad Gateway) @ http://localhost:3000/api/pole_tags:0
[27167585ms] [ERROR] Failed to load resource: the server responded with a status of 502 (Bad Gateway) @ http://localhost:3000/api/pole_tags:0
[27169566ms] [ERROR] Failed to load resource: the server responded with a status of 502 (Bad Gateway) @ http://localhost:3000/api/pole_tags:0
[27171571ms] [ERROR] Failed to load resource: the server responded with a status of 502 (Bad Gateway) @ http://localhost:3000/api/pole_tags:0
[27173585ms] [ERROR] Failed to load resource: the server responded with a status of 502 (Bad Gateway) @ http://localhost:3000/api/pole_tags:0
[27175566ms] [ERROR] Failed to load resource: the server responded with a status of 502 (Bad Gateway) @ http://localhost:3000/api/pole_tags:0
[27177577ms] [ERROR] Failed to load resource: the server responded with a status of 502 (Bad Gateway) @ http://localhost:3000/api/pole_tags:0
[27179583ms] [ERROR] Failed to load resource: the server responded with a status of 502 (Bad Gateway) @ http://localhost:3000/api/pole_tags:0
[27181567ms] [ERROR] Failed to load resource: the server responded with a status of 502 (Bad Gateway) @ http://localhost:3000/api/pole_tags:0
[27183568ms] [ERROR] Failed to load resource: the server responded with a status of 502 (Bad Gateway) @ http://localhost:3000/api/pole_tags:0
[27185577ms] [ERROR] Failed to load resource: the server responded with a status of 502 (Bad Gateway) @ http://localhost:3000/api/pole_tags:0
[27187578ms] [ERROR] Failed to load resource: the server responded with a status of 502 (Bad Gateway) @ http://localhost:3000/api/pole_tags:0
[27189576ms] [ERROR] Failed to load resource: the server responded with a status of 502 (Bad Gateway) @ http://localhost:3000/api/pole_tags:0
[27191580ms] [ERROR] Failed to load resource: the server responded with a status of 502 (Bad Gateway) @ http://localhost:3000/api/pole_tags:0
[27193564ms] [ERROR] Failed to load resource: the server responded with a status of 502 (Bad Gateway) @ http://localhost:3000/api/pole_tags:0
[27195569ms] [ERROR] Failed to load resource: the server responded with a status of 502 (Bad Gateway) @ http://localhost:3000/api/pole_tags:0
[27197577ms] [ERROR] Failed to load resource: the server responded with a status of 502 (Bad Gateway) @ http://localhost:3000/api/pole_tags:0
[27199569ms] [ERROR] Failed to load resource: the server responded with a status of 502 (Bad Gateway) @ http://localhost:3000/api/pole_tags:0
[27201568ms] [ERROR] Failed to load resource: the server responded with a status of 502 (Bad Gateway) @ http://localhost:3000/api/pole_tags:0
[27203573ms] [ERROR] Failed to load resource: the server responded with a status of 502 (Bad Gateway) @ http://localhost:3000/api/pole_tags:0
[27205572ms] [ERROR] Failed to load resource: the server responded with a status of 502 (Bad Gateway) @ http://localhost:3000/api/pole_tags:0
[27207563ms] [ERROR] Failed to load resource: the server responded with a status of 502 (Bad Gateway) @ http://localhost:3000/api/pole_tags:0
[27209586ms] [ERROR] Failed to load resource: the server responded with a status of 502 (Bad Gateway) @ http://localhost:3000/api/pole_tags:0
[27211579ms] [ERROR] Failed to load resource: the server responded with a status of 502 (Bad Gateway) @ http://localhost:3000/api/pole_tags:0
[27213570ms] [ERROR] Failed to load resource: the server responded with a status of 502 (Bad Gateway) @ http://localhost:3000/api/pole_tags:0
[27215585ms] [ERROR] Failed to load resource: the server responded with a status of 502 (Bad Gateway) @ http://localhost:3000/api/pole_tags:0
[27217567ms] [ERROR] Failed to load resource: the server responded with a status of 502 (Bad Gateway) @ http://localhost:3000/api/pole_tags:0
[27219567ms] [ERROR] Failed to load resource: the server responded with a status of 502 (Bad Gateway) @ http://localhost:3000/api/pole_tags:0
[27221571ms] [ERROR] Failed to load resource: the server responded with a status of 502 (Bad Gateway) @ http://localhost:3000/api/pole_tags:0
[27223562ms] [ERROR] Failed to load resource: the server responded with a status of 502 (Bad Gateway) @ http://localhost:3000/api/pole_tags:0
[27225576ms] [ERROR] Failed to load resource: the server responded with a status of 502 (Bad Gateway) @ http://localhost:3000/api/pole_tags:0
[27227574ms] [ERROR] Failed to load resource: the server responded with a status of 502 (Bad Gateway) @ http://localhost:3000/api/pole_tags:0
[27229571ms] [ERROR] Failed to load resource: the server responded with a status of 502 (Bad Gateway) @ http://localhost:3000/api/pole_tags:0
[27231575ms] [ERROR] Failed to load resource: the server responded with a status of 502 (Bad Gateway) @ http://localhost:3000/api/pole_tags:0
[27233582ms] [ERROR] Failed to load resource: the server responded with a status of 502 (Bad Gateway) @ http://localhost:3000/api/pole_tags:0
[27235568ms] [ERROR] Failed to load resource: the server responded with a status of 502 (Bad Gateway) @ http://localhost:3000/api/pole_tags:0
[27237583ms] [ERROR] Failed to load resource: the server responded with a status of 502 (Bad Gateway) @ http://localhost:3000/api/pole_tags:0
[27239627ms] [ERROR] Failed to load resource: the server responded with a status of 502 (Bad Gateway) @ http://localhost:3000/api/pole_tags:0
[27241579ms] [ERROR] Failed to load resource: the server responded with a status of 502 (Bad Gateway) @ http://localhost:3000/api/pole_tags:0
[27243587ms] [ERROR] Failed to load resource: the server responded with a status of 502 (Bad Gateway) @ http://localhost:3000/api/pole_tags:0
[27245588ms] [ERROR] Failed to load resource: the server responded with a status of 502 (Bad Gateway) @ http://localhost:3000/api/pole_tags:0
[27247566ms] [ERROR] Failed to load resource: the server responded with a status of 502 (Bad Gateway) @ http://localhost:3000/api/pole_tags:0
[27249585ms] [ERROR] Failed to load resource: the server responded with a status of 502 (Bad Gateway) @ http://localhost:3000/api/pole_tags:0
[27251580ms] [ERROR] Failed to load resource: the server responded with a status of 502 (Bad Gateway) @ http://localhost:3000/api/pole_tags:0
[27253585ms] [ERROR] Failed to load resource: the server responded with a status of 502 (Bad Gateway) @ http://localhost:3000/api/pole_tags:0
[27255616ms] [ERROR] Failed to load resource: the server responded with a status of 502 (Bad Gateway) @ http://localhost:3000/api/pole_tags:0
[27257574ms] [ERROR] Failed to load resource: the server responded with a status of 502 (Bad Gateway) @ http://localhost:3000/api/pole_tags:0
[27259602ms] [ERROR] Failed to load resource: the server responded with a status of 502 (Bad Gateway) @ http://localhost:3000/api/pole_tags:0
[27261574ms] [ERROR] Failed to load resource: the server responded with a status of 502 (Bad Gateway) @ http://localhost:3000/api/pole_tags:0
[27263591ms] [ERROR] Failed to load resource: the server responded with a status of 502 (Bad Gateway) @ http://localhost:3000/api/pole_tags:0
[27265577ms] [ERROR] Failed to load resource: the server responded with a status of 502 (Bad Gateway) @ http://localhost:3000/api/pole_tags:0
[27267564ms] [ERROR] Failed to load resource: the server responded with a status of 502 (Bad Gateway) @ http://localhost:3000/api/pole_tags:0
[27269580ms] [ERROR] Failed to load resource: the server responded with a status of 502 (Bad Gateway) @ http://localhost:3000/api/pole_tags:0
[27271572ms] [ERROR] Failed to load resource: the server responded with a status of 502 (Bad Gateway) @ http://localhost:3000/api/pole_tags:0
[27273595ms] [ERROR] Failed to load resource: the server responded with a status of 502 (Bad Gateway) @ http://localhost:3000/api/pole_tags:0
[27275569ms] [ERROR] Failed to load resource: the server responded with a status of 502 (Bad Gateway) @ http://localhost:3000/api/pole_tags:0
[27277585ms] [ERROR] Failed to load resource: the server responded with a status of 502 (Bad Gateway) @ http://localhost:3000/api/pole_tags:0
[27279586ms] [ERROR] Failed to load resource: the server responded with a status of 502 (Bad Gateway) @ http://localhost:3000/api/pole_tags:0
[27281576ms] [ERROR] Failed to load resource: the server responded with a status of 502 (Bad Gateway) @ http://localhost:3000/api/pole_tags:0
[27283599ms] [ERROR] Failed to load resource: the server responded with a status of 502 (Bad Gateway) @ http://localhost:3000/api/pole_tags:0
[27285583ms] [ERROR] Failed to load resource: the server responded with a status of 502 (Bad Gateway) @ http://localhost:3000/api/pole_tags:0
[27287568ms] [ERROR] Failed to load resource: the server responded with a status of 502 (Bad Gateway) @ http://localhost:3000/api/pole_tags:0
[27289659ms] [ERROR] Failed to load resource: the server responded with a status of 502 (Bad Gateway) @ http://localhost:3000/api/pole_tags:0
[27291571ms] [ERROR] Failed to load resource: the server responded with a status of 502 (Bad Gateway) @ http://localhost:3000/api/pole_tags:0
[27293561ms] [ERROR] Failed to load resource: the server responded with a status of 502 (Bad Gateway) @ http://localhost:3000/api/pole_tags:0
[27295577ms] [ERROR] Failed to load resource: the server responded with a status of 502 (Bad Gateway) @ http://localhost:3000/api/pole_tags:0
[27297579ms] [ERROR] Failed to load resource: the server responded with a status of 502 (Bad Gateway) @ http://localhost:3000/api/pole_tags:0
[27299594ms] [ERROR] Failed to load resource: the server responded with a status of 502 (Bad Gateway) @ http://localhost:3000/api/pole_tags:0
[27301645ms] [ERROR] Failed to load resource: the server responded with a status of 502 (Bad Gateway) @ http://localhost:3000/api/pole_tags:0
[27303599ms] [ERROR] Failed to load resource: the server responded with a status of 502 (Bad Gateway) @ http://localhost:3000/api/pole_tags:0
[27305585ms] [ERROR] Failed to load resource: the server responded with a status of 502 (Bad Gateway) @ http://localhost:3000/api/pole_tags:0
[27307957ms] [ERROR] Failed to load resource: the server responded with a status of 502 (Bad Gateway) @ http://localhost:3000/api/pole_tags:0
[27309608ms] [ERROR] Failed to load resource: the server responded with a status of 502 (Bad Gateway) @ http://localhost:3000/api/pole_tags:0
[27311612ms] [ERROR] Failed to load resource: the server responded with a status of 502 (Bad Gateway) @ http://localhost:3000/api/pole_tags:0
[27313612ms] [ERROR] Failed to load resource: the server responded with a status of 502 (Bad Gateway) @ http://localhost:3000/api/pole_tags:0
[27315580ms] [ERROR] Failed to load resource: the server responded with a status of 502 (Bad Gateway) @ http://localhost:3000/api/pole_tags:0
[27317598ms] [ERROR] Failed to load resource: the server responded with a status of 502 (Bad Gateway) @ http://localhost:3000/api/pole_tags:0
[27319573ms] [ERROR] Failed to load resource: the server responded with a status of 502 (Bad Gateway) @ http://localhost:3000/api/pole_tags:0
[27321651ms] [ERROR] Failed to load resource: the server responded with a status of 502 (Bad Gateway) @ http://localhost:3000/api/pole_tags:0
[27323568ms] [ERROR] Failed to load resource: the server responded with a status of 502 (Bad Gateway) @ http://localhost:3000/api/pole_tags:0
[27325571ms] [ERROR] Failed to load resource: the server responded with a status of 502 (Bad Gateway) @ http://localhost:3000/api/pole_tags:0
[27327574ms] [ERROR] Failed to load resource: the server responded with a status of 502 (Bad Gateway) @ http://localhost:3000/api/pole_tags:0
[27329591ms] [ERROR] Failed to load resource: the server responded with a status of 502 (Bad Gateway) @ http://localhost:3000/api/pole_tags:0
[27331587ms] [ERROR] Failed to load resource: the server responded with a status of 502 (Bad Gateway) @ http://localhost:3000/api/pole_tags:0
[27333582ms] [ERROR] Failed to load resource: the server responded with a status of 502 (Bad Gateway) @ http://localhost:3000/api/pole_tags:0
[27335581ms] [ERROR] Failed to load resource: the server responded with a status of 502 (Bad Gateway) @ http://localhost:3000/api/pole_tags:0
[27337571ms] [ERROR] Failed to load resource: the server responded with a status of 502 (Bad Gateway) @ http://localhost:3000/api/pole_tags:0
[27339615ms] [ERROR] Failed to load resource: the server responded with a status of 502 (Bad Gateway) @ http://localhost:3000/api/pole_tags:0
[27341579ms] [ERROR] Failed to load resource: the server responded with a status of 502 (Bad Gateway) @ http://localhost:3000/api/pole_tags:0
[27343581ms] [ERROR] Failed to load resource: the server responded with a status of 502 (Bad Gateway) @ http://localhost:3000/api/pole_tags:0
[27345574ms] [ERROR] Failed to load resource: the server responded with a status of 502 (Bad Gateway) @ http://localhost:3000/api/pole_tags:0
[27347586ms] [ERROR] Failed to load resource: the server responded with a status of 502 (Bad Gateway) @ http://localhost:3000/api/pole_tags:0
[27349674ms] [ERROR] Failed to load resource: the server responded with a status of 502 (Bad Gateway) @ http://localhost:3000/api/pole_tags:0
[27351568ms] [ERROR] Failed to load resource: the server responded with a status of 502 (Bad Gateway) @ http://localhost:3000/api/pole_tags:0
[27353588ms] [ERROR] Failed to load resource: the server responded with a status of 502 (Bad Gateway) @ http://localhost:3000/api/pole_tags:0
[27355597ms] [ERROR] Failed to load resource: the server responded with a status of 502 (Bad Gateway) @ http://localhost:3000/api/pole_tags:0
[27357585ms] [ERROR] Failed to load resource: the server responded with a status of 502 (Bad Gateway) @ http://localhost:3000/api/pole_tags:0
[27359585ms] [ERROR] Failed to load resource: the server responded with a status of 502 (Bad Gateway) @ http://localhost:3000/api/pole_tags:0
[27361646ms] [ERROR] Failed to load resource: the server responded with a status of 502 (Bad Gateway) @ http://localhost:3000/api/pole_tags:0
[27363724ms] [ERROR] Failed to load resource: the server responded with a status of 502 (Bad Gateway) @ http://localhost:3000/api/pole_tags:0
[27365618ms] [ERROR] Failed to load resource: the server responded with a status of 502 (Bad Gateway) @ http://localhost:3000/api/pole_tags:0
[27367618ms] [ERROR] Failed to load resource: the server responded with a status of 502 (Bad Gateway) @ http://localhost:3000/api/pole_tags:0
[27369577ms] [ERROR] Failed to load resource: the server responded with a status of 502 (Bad Gateway) @ http://localhost:3000/api/pole_tags:0
[27371570ms] [ERROR] Failed to load resource: the server responded with a status of 502 (Bad Gateway) @ http://localhost:3000/api/pole_tags:0
[27373578ms] [ERROR] Failed to load resource: the server responded with a status of 502 (Bad Gateway) @ http://localhost:3000/api/pole_tags:0
[27375581ms] [ERROR] Failed to load resource: the server responded with a status of 502 (Bad Gateway) @ http://localhost:3000/api/pole_tags:0
[27377596ms] [ERROR] Failed to load resource: the server responded with a status of 502 (Bad Gateway) @ http://localhost:3000/api/pole_tags:0
[27379593ms] [ERROR] Failed to load resource: the server responded with a status of 502 (Bad Gateway) @ http://localhost:3000/api/pole_tags:0
[27381584ms] [ERROR] Failed to load resource: the server responded with a status of 502 (Bad Gateway) @ http://localhost:3000/api/pole_tags:0
[27383565ms] [ERROR] Failed to load resource: the server responded with a status of 502 (Bad Gateway) @ http://localhost:3000/api/pole_tags:0
[27385566ms] [ERROR] Failed to load resource: the server responded with a status of 502 (Bad Gateway) @ http://localhost:3000/api/pole_tags:0
[27387567ms] [ERROR] Failed to load resource: the server responded with a status of 502 (Bad Gateway) @ http://localhost:3000/api/pole_tags:0
[27389602ms] [ERROR] Failed to load resource: the server responded with a status of 502 (Bad Gateway) @ http://localhost:3000/api/pole_tags:0
[27391569ms] [ERROR] Failed to load resource: the server responded with a status of 502 (Bad Gateway) @ http://localhost:3000/api/pole_tags:0
[27393561ms] [ERROR] Failed to load resource: the server responded with a status of 502 (Bad Gateway) @ http://localhost:3000/api/pole_tags:0
[27395561ms] [ERROR] Failed to load resource: the server responded with a status of 502 (Bad Gateway) @ http://localhost:3000/api/pole_tags:0
[27397580ms] [ERROR] Failed to load resource: the server responded with a status of 502 (Bad Gateway) @ http://localhost:3000/api/pole_tags:0
[27399570ms] [ERROR] Failed to load resource: the server responded with a status of 502 (Bad Gateway) @ http://localhost:3000/api/pole_tags:0
[27401590ms] [ERROR] Failed to load resource: the server responded with a status of 502 (Bad Gateway) @ http://localhost:3000/api/pole_tags:0
[27403580ms] [ERROR] Failed to load resource: the server responded with a status of 502 (Bad Gateway) @ http://localhost:3000/api/pole_tags:0
[27405570ms] [ERROR] Failed to load resource: the server responded with a status of 502 (Bad Gateway) @ http://localhost:3000/api/pole_tags:0
[27407579ms] [ERROR] Failed to load resource: the server responded with a status of 502 (Bad Gateway) @ http://localhost:3000/api/pole_tags:0
[27409575ms] [ERROR] Failed to load resource: the server responded with a status of 502 (Bad Gateway) @ http://localhost:3000/api/pole_tags:0
[27411582ms] [ERROR] Failed to load resource: the server responded with a status of 502 (Bad Gateway) @ http://localhost:3000/api/pole_tags:0
[27413594ms] [ERROR] Failed to load resource: the server responded with a status of 502 (Bad Gateway) @ http://localhost:3000/api/pole_tags:0
[27415593ms] [ERROR] Failed to load resource: the server responded with a status of 502 (Bad Gateway) @ http://localhost:3000/api/pole_tags:0
[27417573ms] [ERROR] Failed to load resource: the server responded with a status of 502 (Bad Gateway) @ http://localhost:3000/api/pole_tags:0
[27419579ms] [ERROR] Failed to load resource: the server responded with a status of 502 (Bad Gateway) @ http://localhost:3000/api/pole_tags:0
[27421569ms] [ERROR] Failed to load resource: the server responded with a status of 502 (Bad Gateway) @ http://localhost:3000/api/pole_tags:0
[27423589ms] [ERROR] Failed to load resource: the server responded with a status of 502 (Bad Gateway) @ http://localhost:3000/api/pole_tags:0
[27425567ms] [ERROR] Failed to load resource: the server responded with a status of 502 (Bad Gateway) @ http://localhost:3000/api/pole_tags:0
[27427570ms] [ERROR] Failed to load resource: the server responded with a status of 502 (Bad Gateway) @ http://localhost:3000/api/pole_tags:0
[27429567ms] [ERROR] Failed to load resource: the server responded with a status of 502 (Bad Gateway) @ http://localhost:3000/api/pole_tags:0
[27431574ms] [ERROR] Failed to load resource: the server responded with a status of 502 (Bad Gateway) @ http://localhost:3000/api/pole_tags:0
[27433567ms] [ERROR] Failed to load resource: the server responded with a status of 502 (Bad Gateway) @ http://localhost:3000/api/pole_tags:0
[27435583ms] [ERROR] Failed to load resource: the server responded with a status of 502 (Bad Gateway) @ http://localhost:3000/api/pole_tags:0
[27437569ms] [ERROR] Failed to load resource: the server responded with a status of 502 (Bad Gateway) @ http://localhost:3000/api/pole_tags:0
[27439589ms] [ERROR] Failed to load resource: the server responded with a status of 502 (Bad Gateway) @ http://localhost:3000/api/pole_tags:0
[27441579ms] [ERROR] Failed to load resource: the server responded with a status of 502 (Bad Gateway) @ http://localhost:3000/api/pole_tags:0
[27443567ms] [ERROR] Failed to load resource: the server responded with a status of 502 (Bad Gateway) @ http://localhost:3000/api/pole_tags:0
[27445589ms] [ERROR] Failed to load resource: the server responded with a status of 502 (Bad Gateway) @ http://localhost:3000/api/pole_tags:0
[27447609ms] [ERROR] Failed to load resource: the server responded with a status of 502 (Bad Gateway) @ http://localhost:3000/api/pole_tags:0
[27449579ms] [ERROR] Failed to load resource: the server responded with a status of 502 (Bad Gateway) @ http://localhost:3000/api/pole_tags:0
[27451595ms] [ERROR] Failed to load resource: the server responded with a status of 502 (Bad Gateway) @ http://localhost:3000/api/pole_tags:0
[27453579ms] [ERROR] Failed to load resource: the server responded with a status of 502 (Bad Gateway) @ http://localhost:3000/api/pole_tags:0
[27455577ms] [ERROR] Failed to load resource: the server responded with a status of 502 (Bad Gateway) @ http://localhost:3000/api/pole_tags:0
[27457579ms] [ERROR] Failed to load resource: the server responded with a status of 502 (Bad Gateway) @ http://localhost:3000/api/pole_tags:0
[27459581ms] [ERROR] Failed to load resource: the server responded with a status of 502 (Bad Gateway) @ http://localhost:3000/api/pole_tags:0
[27461575ms] [ERROR] Failed to load resource: the server responded with a status of 502 (Bad Gateway) @ http://localhost:3000/api/pole_tags:0
[27463565ms] [ERROR] Failed to load resource: the server responded with a status of 502 (Bad Gateway) @ http://localhost:3000/api/pole_tags:0
[27465595ms] [ERROR] Failed to load resource: the server responded with a status of 502 (Bad Gateway) @ http://localhost:3000/api/pole_tags:0
[27467570ms] [ERROR] Failed to load resource: the server responded with a status of 502 (Bad Gateway) @ http://localhost:3000/api/pole_tags:0
[27469574ms] [ERROR] Failed to load resource: the server responded with a status of 502 (Bad Gateway) @ http://localhost:3000/api/pole_tags:0
[27471569ms] [ERROR] Failed to load resource: the server responded with a status of 502 (Bad Gateway) @ http://localhost:3000/api/pole_tags:0
[27473584ms] [ERROR] Failed to load resource: the server responded with a status of 502 (Bad Gateway) @ http://localhost:3000/api/pole_tags:0
[27475606ms] [ERROR] Failed to load resource: the server responded with a status of 502 (Bad Gateway) @ http://localhost:3000/api/pole_tags:0
[27477590ms] [ERROR] Failed to load resource: the server responded with a status of 502 (Bad Gateway) @ http://localhost:3000/api/pole_tags:0
[27479584ms] [ERROR] Failed to load resource: the server responded with a status of 502 (Bad Gateway) @ http://localhost:3000/api/pole_tags:0
[27481582ms] [ERROR] Failed to load resource: the server responded with a status of 502 (Bad Gateway) @ http://localhost:3000/api/pole_tags:0
[27483567ms] [ERROR] Failed to load resource: the server responded with a status of 502 (Bad Gateway) @ http://localhost:3000/api/pole_tags:0
[27485587ms] [ERROR] Failed to load resource: the server responded with a status of 502 (Bad Gateway) @ http://localhost:3000/api/pole_tags:0
[27487582ms] [ERROR] Failed to load resource: the server responded with a status of 502 (Bad Gateway) @ http://localhost:3000/api/pole_tags:0
[27489574ms] [ERROR] Failed to load resource: the server responded with a status of 502 (Bad Gateway) @ http://localhost:3000/api/pole_tags:0
[27491576ms] [ERROR] Failed to load resource: the server responded with a status of 502 (Bad Gateway) @ http://localhost:3000/api/pole_tags:0
[27493569ms] [ERROR] Failed to load resource: the server responded with a status of 502 (Bad Gateway) @ http://localhost:3000/api/pole_tags:0
[27495582ms] [ERROR] Failed to load resource: the server responded with a status of 502 (Bad Gateway) @ http://localhost:3000/api/pole_tags:0
[27497568ms] [ERROR] Failed to load resource: the server responded with a status of 502 (Bad Gateway) @ http://localhost:3000/api/pole_tags:0
[27499566ms] [ERROR] Failed to load resource: the server responded with a status of 502 (Bad Gateway) @ http://localhost:3000/api/pole_tags:0
[27501578ms] [ERROR] Failed to load resource: the server responded with a status of 502 (Bad Gateway) @ http://localhost:3000/api/pole_tags:0
[27503573ms] [ERROR] Failed to load resource: the server responded with a status of 502 (Bad Gateway) @ http://localhost:3000/api/pole_tags:0
[27505586ms] [ERROR] Failed to load resource: the server responded with a status of 502 (Bad Gateway) @ http://localhost:3000/api/pole_tags:0
[27507565ms] [ERROR] Failed to load resource: the server responded with a status of 502 (Bad Gateway) @ http://localhost:3000/api/pole_tags:0
[27509586ms] [ERROR] Failed to load resource: the server responded with a status of 502 (Bad Gateway) @ http://localhost:3000/api/pole_tags:0
[27511751ms] [ERROR] Failed to load resource: the server responded with a status of 502 (Bad Gateway) @ http://localhost:3000/api/pole_tags:0
[27513567ms] [ERROR] Failed to load resource: the server responded with a status of 502 (Bad Gateway) @ http://localhost:3000/api/pole_tags:0
[27515575ms] [ERROR] Failed to load resource: the server responded with a status of 502 (Bad Gateway) @ http://localhost:3000/api/pole_tags:0
[27517565ms] [ERROR] Failed to load resource: the server responded with a status of 502 (Bad Gateway) @ http://localhost:3000/api/pole_tags:0
[27519577ms] [ERROR] Failed to load resource: the server responded with a status of 502 (Bad Gateway) @ http://localhost:3000/api/pole_tags:0
[27521566ms] [ERROR] Failed to load resource: the server responded with a status of 502 (Bad Gateway) @ http://localhost:3000/api/pole_tags:0
[27523564ms] [ERROR] Failed to load resource: the server responded with a status of 502 (Bad Gateway) @ http://localhost:3000/api/pole_tags:0
[27525566ms] [ERROR] Failed to load resource: the server responded with a status of 502 (Bad Gateway) @ http://localhost:3000/api/pole_tags:0
[27527565ms] [ERROR] Failed to load resource: the server responded with a status of 502 (Bad Gateway) @ http://localhost:3000/api/pole_tags:0
[27529564ms] [ERROR] Failed to load resource: the server responded with a status of 502 (Bad Gateway) @ http://localhost:3000/api/pole_tags:0
[27531568ms] [ERROR] Failed to load resource: the server responded with a status of 502 (Bad Gateway) @ http://localhost:3000/api/pole_tags:0
[27533567ms] [ERROR] Failed to load resource: the server responded with a status of 502 (Bad Gateway) @ http://localhost:3000/api/pole_tags:0
[27535566ms] [ERROR] Failed to load resource: the server responded with a status of 502 (Bad Gateway) @ http://localhost:3000/api/pole_tags:0
[27537599ms] [ERROR] Failed to load resource: the server responded with a status of 502 (Bad Gateway) @ http://localhost:3000/api/pole_tags:0
[27539564ms] [ERROR] Failed to load resource: the server responded with a status of 502 (Bad Gateway) @ http://localhost:3000/api/pole_tags:0
[27541626ms] [ERROR] Failed to load resource: the server responded with a status of 502 (Bad Gateway) @ http://localhost:3000/api/pole_tags:0
[27543573ms] [ERROR] Failed to load resource: the server responded with a status of 502 (Bad Gateway) @ http://localhost:3000/api/pole_tags:0
[27545581ms] [ERROR] Failed to load resource: the server responded with a status of 502 (Bad Gateway) @ http://localhost:3000/api/pole_tags:0
[27547575ms] [ERROR] Failed to load resource: the server responded with a status of 502 (Bad Gateway) @ http://localhost:3000/api/pole_tags:0
[27549572ms] [ERROR] Failed to load resource: the server responded with a status of 502 (Bad Gateway) @ http://localhost:3000/api/pole_tags:0
[27551569ms] [ERROR] Failed to load resource: the server responded with a status of 502 (Bad Gateway) @ http://localhost:3000/api/pole_tags:0
[27553572ms] [ERROR] Failed to load resource: the server responded with a status of 502 (Bad Gateway) @ http://localhost:3000/api/pole_tags:0
[27555566ms] [ERROR] Failed to load resource: the server responded with a status of 502 (Bad Gateway) @ http://localhost:3000/api/pole_tags:0
[27557644ms] [ERROR] Failed to load resource: the server responded with a status of 502 (Bad Gateway) @ http://localhost:3000/api/pole_tags:0
[27559575ms] [ERROR] Failed to load resource: the server responded with a status of 502 (Bad Gateway) @ http://localhost:3000/api/pole_tags:0
[27561581ms] [ERROR] Failed to load resource: the server responded with a status of 502 (Bad Gateway) @ http://localhost:3000/api/pole_tags:0
[27563575ms] [ERROR] Failed to load resource: the server responded with a status of 502 (Bad Gateway) @ http://localhost:3000/api/pole_tags:0
[27565579ms] [ERROR] Failed to load resource: the server responded with a status of 502 (Bad Gateway) @ http://localhost:3000/api/pole_tags:0
[27567626ms] [ERROR] Failed to load resource: the server responded with a status of 502 (Bad Gateway) @ http://localhost:3000/api/pole_tags:0
[27569580ms] [ERROR] Failed to load resource: the server responded with a status of 502 (Bad Gateway) @ http://localhost:3000/api/pole_tags:0
[27571566ms] [ERROR] Failed to load resource: the server responded with a status of 502 (Bad Gateway) @ http://localhost:3000/api/pole_tags:0
[27573583ms] [ERROR] Failed to load resource: the server responded with a status of 502 (Bad Gateway) @ http://localhost:3000/api/pole_tags:0
[27575577ms] [ERROR] Failed to load resource: the server responded with a status of 502 (Bad Gateway) @ http://localhost:3000/api/pole_tags:0
[27577568ms] [ERROR] Failed to load resource: the server responded with a status of 502 (Bad Gateway) @ http://localhost:3000/api/pole_tags:0
[27579581ms] [ERROR] Failed to load resource: the server responded with a status of 502 (Bad Gateway) @ http://localhost:3000/api/pole_tags:0
[27581573ms] [ERROR] Failed to load resource: the server responded with a status of 502 (Bad Gateway) @ http://localhost:3000/api/pole_tags:0
[27583571ms] [ERROR] Failed to load resource: the server responded with a status of 502 (Bad Gateway) @ http://localhost:3000/api/pole_tags:0
[27585586ms] [ERROR] Failed to load resource: the server responded with a status of 502 (Bad Gateway) @ http://localhost:3000/api/pole_tags:0
[27587561ms] [ERROR] Failed to load resource: the server responded with a status of 502 (Bad Gateway) @ http://localhost:3000/api/pole_tags:0
[27589562ms] [ERROR] Failed to load resource: the server responded with a status of 502 (Bad Gateway) @ http://localhost:3000/api/pole_tags:0
[27591583ms] [ERROR] Failed to load resource: the server responded with a status of 502 (Bad Gateway) @ http://localhost:3000/api/pole_tags:0
[27593574ms] [ERROR] Failed to load resource: the server responded with a status of 502 (Bad Gateway) @ http://localhost:3000/api/pole_tags:0
[27595598ms] [ERROR] Failed to load resource: the server responded with a status of 502 (Bad Gateway) @ http://localhost:3000/api/pole_tags:0
[27597563ms] [ERROR] Failed to load resource: the server responded with a status of 502 (Bad Gateway) @ http://localhost:3000/api/pole_tags:0
[27599579ms] [ERROR] Failed to load resource: the server responded with a status of 502 (Bad Gateway) @ http://localhost:3000/api/pole_tags:0
[27601599ms] [ERROR] Failed to load resource: the server responded with a status of 502 (Bad Gateway) @ http://localhost:3000/api/pole_tags:0
[27603661ms] [ERROR] Failed to load resource: the server responded with a status of 502 (Bad Gateway) @ http://localhost:3000/api/pole_tags:0
[27605601ms] [ERROR] Failed to load resource: the server responded with a status of 502 (Bad Gateway) @ http://localhost:3000/api/pole_tags:0
[27607616ms] [ERROR] Failed to load resource: the server responded with a status of 502 (Bad Gateway) @ http://localhost:3000/api/pole_tags:0
[27609622ms] [ERROR] Failed to load resource: the server responded with a status of 502 (Bad Gateway) @ http://localhost:3000/api/pole_tags:0
[27611634ms] [ERROR] Failed to load resource: the server responded with a status of 502 (Bad Gateway) @ http://localhost:3000/api/pole_tags:0
[27613586ms] [ERROR] Failed to load resource: the server responded with a status of 502 (Bad Gateway) @ http://localhost:3000/api/pole_tags:0
[27615589ms] [ERROR] Failed to load resource: the server responded with a status of 502 (Bad Gateway) @ http://localhost:3000/api/pole_tags:0
[27617588ms] [ERROR] Failed to load resource: the server responded with a status of 502 (Bad Gateway) @ http://localhost:3000/api/pole_tags:0
[27619582ms] [ERROR] Failed to load resource: the server responded with a status of 502 (Bad Gateway) @ http://localhost:3000/api/pole_tags:0
[27621581ms] [ERROR] Failed to load resource: the server responded with a status of 502 (Bad Gateway) @ http://localhost:3000/api/pole_tags:0
[27623577ms] [ERROR] Failed to load resource: the server responded with a status of 502 (Bad Gateway) @ http://localhost:3000/api/pole_tags:0
[27625576ms] [ERROR] Failed to load resource: the server responded with a status of 502 (Bad Gateway) @ http://localhost:3000/api/pole_tags:0
[27627578ms] [ERROR] Failed to load resource: the server responded with a status of 502 (Bad Gateway) @ http://localhost:3000/api/pole_tags:0
[27629605ms] [ERROR] Failed to load resource: the server responded with a status of 502 (Bad Gateway) @ http://localhost:3000/api/pole_tags:0
[27631593ms] [ERROR] Failed to load resource: the server responded with a status of 502 (Bad Gateway) @ http://localhost:3000/api/pole_tags:0
[27633581ms] [ERROR] Failed to load resource: the server responded with a status of 502 (Bad Gateway) @ http://localhost:3000/api/pole_tags:0
[27635597ms] [ERROR] Failed to load resource: the server responded with a status of 502 (Bad Gateway) @ http://localhost:3000/api/pole_tags:0
[27637614ms] [ERROR] Failed to load resource: the server responded with a status of 502 (Bad Gateway) @ http://localhost:3000/api/pole_tags:0
[27639564ms] [ERROR] Failed to load resource: the server responded with a status of 502 (Bad Gateway) @ http://localhost:3000/api/pole_tags:0
[27641584ms] [ERROR] Failed to load resource: the server responded with a status of 502 (Bad Gateway) @ http://localhost:3000/api/pole_tags:0
[27643568ms] [ERROR] Failed to load resource: the server responded with a status of 502 (Bad Gateway) @ http://localhost:3000/api/pole_tags:0
[27645562ms] [ERROR] Failed to load resource: the server responded with a status of 502 (Bad Gateway) @ http://localhost:3000/api/pole_tags:0
[27647580ms] [ERROR] Failed to load resource: the server responded with a status of 502 (Bad Gateway) @ http://localhost:3000/api/pole_tags:0
[27649577ms] [ERROR] Failed to load resource: the server responded with a status of 502 (Bad Gateway) @ http://localhost:3000/api/pole_tags:0
[27651574ms] [ERROR] Failed to load resource: the server responded with a status of 502 (Bad Gateway) @ http://localhost:3000/api/pole_tags:0
[27653601ms] [ERROR] Failed to load resource: the server responded with a status of 502 (Bad Gateway) @ http://localhost:3000/api/pole_tags:0
[27655584ms] [ERROR] Failed to load resource: the server responded with a status of 502 (Bad Gateway) @ http://localhost:3000/api/pole_tags:0
[27657599ms] [ERROR] Failed to load resource: the server responded with a status of 502 (Bad Gateway) @ http://localhost:3000/api/pole_tags:0
[27659641ms] [ERROR] Failed to load resource: the server responded with a status of 502 (Bad Gateway) @ http://localhost:3000/api/pole_tags:0
[27661570ms] [ERROR] Failed to load resource: the server responded with a status of 502 (Bad Gateway) @ http://localhost:3000/api/pole_tags:0
[27663570ms] [ERROR] Failed to load resource: the server responded with a status of 502 (Bad Gateway) @ http://localhost:3000/api/pole_tags:0
[27665577ms] [ERROR] Failed to load resource: the server responded with a status of 502 (Bad Gateway) @ http://localhost:3000/api/pole_tags:0
[27667572ms] [ERROR] Failed to load resource: the server responded with a status of 502 (Bad Gateway) @ http://localhost:3000/api/pole_tags:0
[27669596ms] [ERROR] Failed to load resource: the server responded with a status of 502 (Bad Gateway) @ http://localhost:3000/api/pole_tags:0
[27671583ms] [ERROR] Failed to load resource: the server responded with a status of 502 (Bad Gateway) @ http://localhost:3000/api/pole_tags:0
[27673566ms] [ERROR] Failed to load resource: the server responded with a status of 502 (Bad Gateway) @ http://localhost:3000/api/pole_tags:0
[27675575ms] [ERROR] Failed to load resource: the server responded with a status of 502 (Bad Gateway) @ http://localhost:3000/api/pole_tags:0
[27677577ms] [ERROR] Failed to load resource: the server responded with a status of 502 (Bad Gateway) @ http://localhost:3000/api/pole_tags:0
[27679596ms] [ERROR] Failed to load resource: the server responded with a status of 502 (Bad Gateway) @ http://localhost:3000/api/pole_tags:0
[27681584ms] [ERROR] Failed to load resource: the server responded with a status of 502 (Bad Gateway) @ http://localhost:3000/api/pole_tags:0
[27683583ms] [ERROR] Failed to load resource: the server responded with a status of 502 (Bad Gateway) @ http://localhost:3000/api/pole_tags:0
[27685571ms] [ERROR] Failed to load resource: the server responded with a status of 502 (Bad Gateway) @ http://localhost:3000/api/pole_tags:0
[27687562ms] [ERROR] Failed to load resource: the server responded with a status of 502 (Bad Gateway) @ http://localhost:3000/api/pole_tags:0
[27689575ms] [ERROR] Failed to load resource: the server responded with a status of 502 (Bad Gateway) @ http://localhost:3000/api/pole_tags:0
[27691745ms] [ERROR] Failed to load resource: the server responded with a status of 502 (Bad Gateway) @ http://localhost:3000/api/pole_tags:0
[27693564ms] [ERROR] Failed to load resource: the server responded with a status of 502 (Bad Gateway) @ http://localhost:3000/api/pole_tags:0
[27695572ms] [ERROR] Failed to load resource: the server responded with a status of 502 (Bad Gateway) @ http://localhost:3000/api/pole_tags:0
[27697562ms] [ERROR] Failed to load resource: the server responded with a status of 502 (Bad Gateway) @ http://localhost:3000/api/pole_tags:0
[27699567ms] [ERROR] Failed to load resource: the server responded with a status of 502 (Bad Gateway) @ http://localhost:3000/api/pole_tags:0
[27701576ms] [ERROR] Failed to load resource: the server responded with a status of 502 (Bad Gateway) @ http://localhost:3000/api/pole_tags:0
[27703611ms] [ERROR] Failed to load resource: the server responded with a status of 502 (Bad Gateway) @ http://localhost:3000/api/pole_tags:0
[27705622ms] [ERROR] Failed to load resource: the server responded with a status of 502 (Bad Gateway) @ http://localhost:3000/api/pole_tags:0
[27707567ms] [ERROR] Failed to load resource: the server responded with a status of 502 (Bad Gateway) @ http://localhost:3000/api/pole_tags:0
[27709585ms] [ERROR] Failed to load resource: the server responded with a status of 502 (Bad Gateway) @ http://localhost:3000/api/pole_tags:0
[27711568ms] [ERROR] Failed to load resource: the server responded with a status of 502 (Bad Gateway) @ http://localhost:3000/api/pole_tags:0
[27713571ms] [ERROR] Failed to load resource: the server responded with a status of 502 (Bad Gateway) @ http://localhost:3000/api/pole_tags:0
[27715569ms] [ERROR] Failed to load resource: the server responded with a status of 502 (Bad Gateway) @ http://localhost:3000/api/pole_tags:0
[27717592ms] [ERROR] Failed to load resource: the server responded with a status of 502 (Bad Gateway) @ http://localhost:3000/api/pole_tags:0
[27719578ms] [ERROR] Failed to load resource: the server responded with a status of 502 (Bad Gateway) @ http://localhost:3000/api/pole_tags:0
[27721565ms] [ERROR] Failed to load resource: the server responded with a status of 502 (Bad Gateway) @ http://localhost:3000/api/pole_tags:0
[27723570ms] [ERROR] Failed to load resource: the server responded with a status of 502 (Bad Gateway) @ http://localhost:3000/api/pole_tags:0
[27725577ms] [ERROR] Failed to load resource: the server responded with a status of 502 (Bad Gateway) @ http://localhost:3000/api/pole_tags:0
[27727576ms] [ERROR] Failed to load resource: the server responded with a status of 502 (Bad Gateway) @ http://localhost:3000/api/pole_tags:0
[27729704ms] [ERROR] Failed to load resource: the server responded with a status of 502 (Bad Gateway) @ http://localhost:3000/api/pole_tags:0
[27731570ms] [ERROR] Failed to load resource: the server responded with a status of 502 (Bad Gateway) @ http://localhost:3000/api/pole_tags:0
[27733562ms] [ERROR] Failed to load resource: the server responded with a status of 502 (Bad Gateway) @ http://localhost:3000/api/pole_tags:0
[27735570ms] [ERROR] Failed to load resource: the server responded with a status of 502 (Bad Gateway) @ http://localhost:3000/api/pole_tags:0
[27737565ms] [ERROR] Failed to load resource: the server responded with a status of 502 (Bad Gateway) @ http://localhost:3000/api/pole_tags:0
[27739567ms] [ERROR] Failed to load resource: the server responded with a status of 502 (Bad Gateway) @ http://localhost:3000/api/pole_tags:0
[27741568ms] [ERROR] Failed to load resource: the server responded with a status of 502 (Bad Gateway) @ http://localhost:3000/api/pole_tags:0
[27743563ms] [ERROR] Failed to load resource: the server responded with a status of 502 (Bad Gateway) @ http://localhost:3000/api/pole_tags:0
[27745562ms] [ERROR] Failed to load resource: the server responded with a status of 502 (Bad Gateway) @ http://localhost:3000/api/pole_tags:0
[27747573ms] [ERROR] Failed to load resource: the server responded with a status of 502 (Bad Gateway) @ http://localhost:3000/api/pole_tags:0
[27749624ms] [ERROR] Failed to load resource: the server responded with a status of 502 (Bad Gateway) @ http://localhost:3000/api/pole_tags:0
[27751582ms] [ERROR] Failed to load resource: the server responded with a status of 502 (Bad Gateway) @ http://localhost:3000/api/pole_tags:0
[27753566ms] [ERROR] Failed to load resource: the server responded with a status of 502 (Bad Gateway) @ http://localhost:3000/api/pole_tags:0
[27755559ms] [ERROR] Failed to load resource: the server responded with a status of 502 (Bad Gateway) @ http://localhost:3000/api/pole_tags:0
[27757570ms] [ERROR] Failed to load resource: the server responded with a status of 502 (Bad Gateway) @ http://localhost:3000/api/pole_tags:0
[27759570ms] [ERROR] Failed to load resource: the server responded with a status of 502 (Bad Gateway) @ http://localhost:3000/api/pole_tags:0
[27761590ms] [ERROR] Failed to load resource: the server responded with a status of 502 (Bad Gateway) @ http://localhost:3000/api/pole_tags:0
[27763579ms] [ERROR] Failed to load resource: the server responded with a status of 502 (Bad Gateway) @ http://localhost:3000/api/pole_tags:0
[27765565ms] [ERROR] Failed to load resource: the server responded with a status of 502 (Bad Gateway) @ http://localhost:3000/api/pole_tags:0
[27767582ms] [ERROR] Failed to load resource: the server responded with a status of 502 (Bad Gateway) @ http://localhost:3000/api/pole_tags:0
[27769586ms] [ERROR] Failed to load resource: the server responded with a status of 502 (Bad Gateway) @ http://localhost:3000/api/pole_tags:0
[27771574ms] [ERROR] Failed to load resource: the server responded with a status of 502 (Bad Gateway) @ http://localhost:3000/api/pole_tags:0
[27773574ms] [ERROR] Failed to load resource: the server responded with a status of 502 (Bad Gateway) @ http://localhost:3000/api/pole_tags:0
[27775568ms] [ERROR] Failed to load resource: the server responded with a status of 502 (Bad Gateway) @ http://localhost:3000/api/pole_tags:0
[27777581ms] [ERROR] Failed to load resource: the server responded with a status of 502 (Bad Gateway) @ http://localhost:3000/api/pole_tags:0
[27786701ms] [INFO] %cDownload the React DevTools for a better development experience: https://react.dev/link/react-devtools font-weight:bold @ webpack-internal:///(app-pages-browser)/./node_modules/next/dist/next-devtools/shared/forward-logs-shared.js:27
[27787565ms] [LOG] [HMR] connected @ webpack-internal:///(app-pages-browser)/./node_modules/next/dist/next-devtools/shared/forward-logs-shared.js:27
[27809354ms] [WARNING] [session] could not resolve session: Error: Supabase not configured. Add NEXT_PUBLIC_SUPABASE_URL and NEXT_PUBLIC_SUPABASE_ANON_KEY to .env
    at throwNotConfigured (webpack-internal:///(app-pages-browser)/./app/hooks/useDatabase.ts:11:11)
    at useDatabase.useCallback[getSb] (webpack-internal:///(app-pages-browser)/./app/hooks/useDatabase.ts:16:71)
    at useDatabase.useCallback[checkForExistingSession] [as checkForExistingSession] (webpack-internal:///(app-pages-browser)/./app/hooks/useDatabase.ts:171:24)
    at Home.useCallback[resolveSessionId] (webpack-internal:///(app-pages-browser)/./app/page.tsx:98:43)
    at Home.useCallback[handleStartProcessing] (webpack-internal:///(app-pages-browser)/./app/page.tsx:218:13)
    at onClick (webpack-internal:///(app-pages-browser)/./app/components/LoadScreen.tsx:2150:46)
    at executeDispatch (webpack-internal:///(app-pages-browser)/./node_modules/next/dist/compiled/react-dom/cjs/react-dom-client.development.js:20544:9)
    at runWithFiberInDEV (webpack-internal:///(app-pages-browser)/./node_modules/next/dist/compiled/react-dom/cjs/react-dom-client.development.js:987:30)
    at processDispatchQueue (webpack-internal:///(app-pages-browser)/./node_modules/next/dist/compiled/react-dom/cjs/react-dom-client.development.js:20594:19)
    at eval (webpack-internal:///(app-pages-browser)/./node_modules/next/dist/compiled/react-dom/cjs/react-dom-client.development.js:21165:9)
    at batchedUpdates$1 (webpack-internal:///(app-pages-browser)/./node_modules/next/dist/compiled/react-dom/cjs/react-dom-client.development.js:3378:40)
    at dispatchEventForPluginEventSystem (webpack-internal:///(app-pages-browser)/./node_modules/next/dist/compiled/react-dom/cjs/react-dom-client.development.js:20748:7)
    at dispatchEvent (webpack-internal:///(app-pages-browser)/./node_modules/next/dist/compiled/react-dom/cjs/react-dom-client.development.js:25694:11)
    at dispatchDiscreteEvent (webpack-internal:///(app-pages-browser)/./node_modules/next/dist/compiled/react-dom/cjs/react-dom-client.development.js:25662:11) @ webpack-internal:///(app-pages-browser)/./node_modules/next/dist/next-devtools/shared/forward-logs-shared.js:27
[27906753ms] [LOG] [PoleLayout mount] cachedData: poleDone=false tags=0 @ webpack-internal:///(app-pages-browser)/./node_modules/next/dist/next-devtools/shared/forward-logs-shared.js:27
[27906802ms] [LOG] [PoleLayout mount] cachedData: poleDone=false tags=0 @ webpack-internal:///(app-pages-browser)/./node_modules/next/dist/next-devtools/shared/forward-logs-shared.js:27
[28317975ms] [LOG] [cache-update] sid= null poleTags= 0 shapes= 0 @ webpack-internal:///(app-pages-browser)/./node_modules/next/dist/next-devtools/shared/forward-logs-shared.js:27
[28317987ms] [WARNING] [cache-update] skipping save — no sessionId or db @ webpack-internal:///(app-pages-browser)/./node_modules/next/dist/next-devtools/shared/forward-logs-shared.js:27
[28326313ms] [LOG] [cache-update] sid= null poleTags= 0 shapes= 0 @ webpack-internal:///(app-pages-browser)/./node_modules/next/dist/next-devtools/shared/forward-logs-shared.js:27
[28326314ms] [WARNING] [cache-update] skipping save — no sessionId or db @ webpack-internal:///(app-pages-browser)/./node_modules/next/dist/next-devtools/shared/forward-logs-shared.js:27
[28328448ms] [LOG] [cache-update] sid= null poleTags= 0 shapes= 0 @ webpack-internal:///(app-pages-browser)/./node_modules/next/dist/next-devtools/shared/forward-logs-shared.js:27
[28328448ms] [WARNING] [cache-update] skipping save — no sessionId or db @ webpack-internal:///(app-pages-browser)/./node_modules/next/dist/next-devtools/shared/forward-logs-shared.js:27
[28330662ms] [LOG] [cache-update] sid= null poleTags= 0 shapes= 0 @ webpack-internal:///(app-pages-browser)/./node_modules/next/dist/next-devtools/shared/forward-logs-shared.js:27
[28330662ms] [WARNING] [cache-update] skipping save — no sessionId or db @ webpack-internal:///(app-pages-browser)/./node_modules/next/dist/next-devtools/shared/forward-logs-shared.js:27
[28332792ms] [LOG] [cache-update] sid= null poleTags= 0 shapes= 0 @ webpack-internal:///(app-pages-browser)/./node_modules/next/dist/next-devtools/shared/forward-logs-shared.js:27
[28332792ms] [WARNING] [cache-update] skipping save — no sessionId or db @ webpack-internal:///(app-pages-browser)/./node_modules/next/dist/next-devtools/shared/forward-logs-shared.js:27
[28335241ms] [LOG] [cache-update] sid= null poleTags= 0 shapes= 0 @ webpack-internal:///(app-pages-browser)/./node_modules/next/dist/next-devtools/shared/forward-logs-shared.js:27
[28335242ms] [WARNING] [cache-update] skipping save — no sessionId or db @ webpack-internal:///(app-pages-browser)/./node_modules/next/dist/next-devtools/shared/forward-logs-shared.js:27
[28337335ms] [LOG] [cache-update] sid= null poleTags= 0 shapes= 0 @ webpack-internal:///(app-pages-browser)/./node_modules/next/dist/next-devtools/shared/forward-logs-shared.js:27
[28337336ms] [WARNING] [cache-update] skipping save — no sessionId or db @ webpack-internal:///(app-pages-browser)/./node_modules/next/dist/next-devtools/shared/forward-logs-shared.js:27
[28338976ms] [LOG] [cache-update] sid= null poleTags= 0 shapes= 151 @ webpack-internal:///(app-pages-browser)/./node_modules/next/dist/next-devtools/shared/forward-logs-shared.js:27
[28338976ms] [WARNING] [cache-update] skipping save — no sessionId or db @ webpack-internal:///(app-pages-browser)/./node_modules/next/dist/next-devtools/shared/forward-logs-shared.js:27
[28339754ms] [LOG] [cache-update] sid= null poleTags= 0 shapes= 0 @ webpack-internal:///(app-pages-browser)/./node_modules/next/dist/next-devtools/shared/forward-logs-shared.js:27
[28339755ms] [WARNING] [cache-update] skipping save — no sessionId or db @ webpack-internal:///(app-pages-browser)/./node_modules/next/dist/next-devtools/shared/forward-logs-shared.js:27
[28341943ms] [LOG] [cache-update] sid= null poleTags= 0 shapes= 0 @ webpack-internal:///(app-pages-browser)/./node_modules/next/dist/next-devtools/shared/forward-logs-shared.js:27
[28341943ms] [WARNING] [cache-update] skipping save — no sessionId or db @ webpack-internal:///(app-pages-browser)/./node_modules/next/dist/next-devtools/shared/forward-logs-shared.js:27
[28344200ms] [LOG] [cache-update] sid= null poleTags= 0 shapes= 0 @ webpack-internal:///(app-pages-browser)/./node_modules/next/dist/next-devtools/shared/forward-logs-shared.js:27
[28344200ms] [WARNING] [cache-update] skipping save — no sessionId or db @ webpack-internal:///(app-pages-browser)/./node_modules/next/dist/next-devtools/shared/forward-logs-shared.js:27
[28348433ms] [LOG] [cache-update] sid= null poleTags= 1 shapes= 0 @ webpack-internal:///(app-pages-browser)/./node_modules/next/dist/next-devtools/shared/forward-logs-shared.js:27
[28348433ms] [WARNING] [cache-update] skipping save — no sessionId or db @ webpack-internal:///(app-pages-browser)/./node_modules/next/dist/next-devtools/shared/forward-logs-shared.js:27
[28348914ms] [LOG] [cache-update] sid= null poleTags= 1 shapes= 0 @ webpack-internal:///(app-pages-browser)/./node_modules/next/dist/next-devtools/shared/forward-logs-shared.js:27
[28348914ms] [WARNING] [cache-update] skipping save — no sessionId or db @ webpack-internal:///(app-pages-browser)/./node_modules/next/dist/next-devtools/shared/forward-logs-shared.js:27
[28350974ms] [LOG] [cache-update] sid= null poleTags= 1 shapes= 0 @ webpack-internal:///(app-pages-browser)/./node_modules/next/dist/next-devtools/shared/forward-logs-shared.js:27
[28350975ms] [WARNING] [cache-update] skipping save — no sessionId or db @ webpack-internal:///(app-pages-browser)/./node_modules/next/dist/next-devtools/shared/forward-logs-shared.js:27
[28353942ms] [LOG] [cache-update] sid= null poleTags= 1 shapes= 0 @ webpack-internal:///(app-pages-browser)/./node_modules/next/dist/next-devtools/shared/forward-logs-shared.js:27
[28353942ms] [WARNING] [cache-update] skipping save — no sessionId or db @ webpack-internal:///(app-pages-browser)/./node_modules/next/dist/next-devtools/shared/forward-logs-shared.js:27
[28356090ms] [LOG] [cache-update] sid= null poleTags= 1 shapes= 0 @ webpack-internal:///(app-pages-browser)/./node_modules/next/dist/next-devtools/shared/forward-logs-shared.js:27
[28356091ms] [WARNING] [cache-update] skipping save — no sessionId or db @ webpack-internal:///(app-pages-browser)/./node_modules/next/dist/next-devtools/shared/forward-logs-shared.js:27
[28358267ms] [LOG] [cache-update] sid= null poleTags= 1 shapes= 0 @ webpack-internal:///(app-pages-browser)/./node_modules/next/dist/next-devtools/shared/forward-logs-shared.js:27
[28358267ms] [WARNING] [cache-update] skipping save — no sessionId or db @ webpack-internal:///(app-pages-browser)/./node_modules/next/dist/next-devtools/shared/forward-logs-shared.js:27
[28360412ms] [LOG] [cache-update] sid= null poleTags= 1 shapes= 0 @ webpack-internal:///(app-pages-browser)/./node_modules/next/dist/next-devtools/shared/forward-logs-shared.js:27
[28360413ms] [WARNING] [cache-update] skipping save — no sessionId or db @ webpack-internal:///(app-pages-browser)/./node_modules/next/dist/next-devtools/shared/forward-logs-shared.js:27
[28362584ms] [LOG] [cache-update] sid= null poleTags= 1 shapes= 0 @ webpack-internal:///(app-pages-browser)/./node_modules/next/dist/next-devtools/shared/forward-logs-shared.js:27
[28362585ms] [WARNING] [cache-update] skipping save — no sessionId or db @ webpack-internal:///(app-pages-browser)/./node_modules/next/dist/next-devtools/shared/forward-logs-shared.js:27
[28364764ms] [LOG] [cache-update] sid= null poleTags= 1 shapes= 0 @ webpack-internal:///(app-pages-browser)/./node_modules/next/dist/next-devtools/shared/forward-logs-shared.js:27
[28364765ms] [WARNING] [cache-update] skipping save — no sessionId or db @ webpack-internal:///(app-pages-browser)/./node_modules/next/dist/next-devtools/shared/forward-logs-shared.js:27
[28366911ms] [LOG] [cache-update] sid= null poleTags= 1 shapes= 0 @ webpack-internal:///(app-pages-browser)/./node_modules/next/dist/next-devtools/shared/forward-logs-shared.js:27
[28366912ms] [WARNING] [cache-update] skipping save — no sessionId or db @ webpack-internal:///(app-pages-browser)/./node_modules/next/dist/next-devtools/shared/forward-logs-shared.js:27
[28369270ms] [LOG] [cache-update] sid= null poleTags= 1 shapes= 0 @ webpack-internal:///(app-pages-browser)/./node_modules/next/dist/next-devtools/shared/forward-logs-shared.js:27
[28369271ms] [WARNING] [cache-update] skipping save — no sessionId or db @ webpack-internal:///(app-pages-browser)/./node_modules/next/dist/next-devtools/shared/forward-logs-shared.js:27
[28371459ms] [LOG] [cache-update] sid= null poleTags= 1 shapes= 0 @ webpack-internal:///(app-pages-browser)/./node_modules/next/dist/next-devtools/shared/forward-logs-shared.js:27
[28371459ms] [WARNING] [cache-update] skipping save — no sessionId or db @ webpack-internal:///(app-pages-browser)/./node_modules/next/dist/next-devtools/shared/forward-logs-shared.js:27
[28374997ms] [LOG] [cache-update] sid= null poleTags= 1 shapes= 0 @ webpack-internal:///(app-pages-browser)/./node_modules/next/dist/next-devtools/shared/forward-logs-shared.js:27
[28374997ms] [WARNING] [cache-update] skipping save — no sessionId or db @ webpack-internal:///(app-pages-browser)/./node_modules/next/dist/next-devtools/shared/forward-logs-shared.js:27
[28377121ms] [LOG] [cache-update] sid= null poleTags= 1 shapes= 0 @ webpack-internal:///(app-pages-browser)/./node_modules/next/dist/next-devtools/shared/forward-logs-shared.js:27
[28377122ms] [WARNING] [cache-update] skipping save — no sessionId or db @ webpack-internal:///(app-pages-browser)/./node_modules/next/dist/next-devtools/shared/forward-logs-shared.js:27
[28379437ms] [LOG] [cache-update] sid= null poleTags= 1 shapes= 0 @ webpack-internal:///(app-pages-browser)/./node_modules/next/dist/next-devtools/shared/forward-logs-shared.js:27
[28379438ms] [WARNING] [cache-update] skipping save — no sessionId or db @ webpack-internal:///(app-pages-browser)/./node_modules/next/dist/next-devtools/shared/forward-logs-shared.js:27
[28382249ms] [LOG] [cache-update] sid= null poleTags= 1 shapes= 0 @ webpack-internal:///(app-pages-browser)/./node_modules/next/dist/next-devtools/shared/forward-logs-shared.js:27
[28382250ms] [WARNING] [cache-update] skipping save — no sessionId or db @ webpack-internal:///(app-pages-browser)/./node_modules/next/dist/next-devtools/shared/forward-logs-shared.js:27
[28384394ms] [LOG] [cache-update] sid= null poleTags= 1 shapes= 0 @ webpack-internal:///(app-pages-browser)/./node_modules/next/dist/next-devtools/shared/forward-logs-shared.js:27
[28384394ms] [WARNING] [cache-update] skipping save — no sessionId or db @ webpack-internal:///(app-pages-browser)/./node_modules/next/dist/next-devtools/shared/forward-logs-shared.js:27
[28387952ms] [LOG] [cache-update] sid= null poleTags= 1 shapes= 0 @ webpack-internal:///(app-pages-browser)/./node_modules/next/dist/next-devtools/shared/forward-logs-shared.js:27
[28387952ms] [WARNING] [cache-update] skipping save — no sessionId or db @ webpack-internal:///(app-pages-browser)/./node_modules/next/dist/next-devtools/shared/forward-logs-shared.js:27
[28390119ms] [LOG] [cache-update] sid= null poleTags= 1 shapes= 0 @ webpack-internal:///(app-pages-browser)/./node_modules/next/dist/next-devtools/shared/forward-logs-shared.js:27
[28390119ms] [WARNING] [cache-update] skipping save — no sessionId or db @ webpack-internal:///(app-pages-browser)/./node_modules/next/dist/next-devtools/shared/forward-logs-shared.js:27
[28392557ms] [LOG] [cache-update] sid= null poleTags= 1 shapes= 0 @ webpack-internal:///(app-pages-browser)/./node_modules/next/dist/next-devtools/shared/forward-logs-shared.js:27
[28392558ms] [WARNING] [cache-update] skipping save — no sessionId or db @ webpack-internal:///(app-pages-browser)/./node_modules/next/dist/next-devtools/shared/forward-logs-shared.js:27
[28394720ms] [LOG] [cache-update] sid= null poleTags= 1 shapes= 0 @ webpack-internal:///(app-pages-browser)/./node_modules/next/dist/next-devtools/shared/forward-logs-shared.js:27
[28394720ms] [WARNING] [cache-update] skipping save — no sessionId or db @ webpack-internal:///(app-pages-browser)/./node_modules/next/dist/next-devtools/shared/forward-logs-shared.js:27
[28396927ms] [LOG] [cache-update] sid= null poleTags= 1 shapes= 0 @ webpack-internal:///(app-pages-browser)/./node_modules/next/dist/next-devtools/shared/forward-logs-shared.js:27
[28396928ms] [WARNING] [cache-update] skipping save — no sessionId or db @ webpack-internal:///(app-pages-browser)/./node_modules/next/dist/next-devtools/shared/forward-logs-shared.js:27
[28400622ms] [LOG] [cache-update] sid= null poleTags= 4 shapes= 0 @ webpack-internal:///(app-pages-browser)/./node_modules/next/dist/next-devtools/shared/forward-logs-shared.js:27
[28400623ms] [WARNING] [cache-update] skipping save — no sessionId or db @ webpack-internal:///(app-pages-browser)/./node_modules/next/dist/next-devtools/shared/forward-logs-shared.js:27
[28402846ms] [LOG] [cache-update] sid= null poleTags= 5 shapes= 0 @ webpack-internal:///(app-pages-browser)/./node_modules/next/dist/next-devtools/shared/forward-logs-shared.js:27
[28402846ms] [WARNING] [cache-update] skipping save — no sessionId or db @ webpack-internal:///(app-pages-browser)/./node_modules/next/dist/next-devtools/shared/forward-logs-shared.js:27
[28405552ms] [LOG] [cache-update] sid= null poleTags= 6 shapes= 0 @ webpack-internal:///(app-pages-browser)/./node_modules/next/dist/next-devtools/shared/forward-logs-shared.js:27
[28405556ms] [WARNING] [cache-update] skipping save — no sessionId or db @ webpack-internal:///(app-pages-browser)/./node_modules/next/dist/next-devtools/shared/forward-logs-shared.js:27
[28407799ms] [LOG] [cache-update] sid= null poleTags= 6 shapes= 0 @ webpack-internal:///(app-pages-browser)/./node_modules/next/dist/next-devtools/shared/forward-logs-shared.js:27
[28407800ms] [WARNING] [cache-update] skipping save — no sessionId or db @ webpack-internal:///(app-pages-browser)/./node_modules/next/dist/next-devtools/shared/forward-logs-shared.js:27
[28409983ms] [LOG] [cache-update] sid= null poleTags= 6 shapes= 0 @ webpack-internal:///(app-pages-browser)/./node_modules/next/dist/next-devtools/shared/forward-logs-shared.js:27
[28409983ms] [WARNING] [cache-update] skipping save — no sessionId or db @ webpack-internal:///(app-pages-browser)/./node_modules/next/dist/next-devtools/shared/forward-logs-shared.js:27
[28412153ms] [LOG] [cache-update] sid= null poleTags= 6 shapes= 0 @ webpack-internal:///(app-pages-browser)/./node_modules/next/dist/next-devtools/shared/forward-logs-shared.js:27
[28412153ms] [WARNING] [cache-update] skipping save — no sessionId or db @ webpack-internal:///(app-pages-browser)/./node_modules/next/dist/next-devtools/shared/forward-logs-shared.js:27
[28414255ms] [LOG] [cache-update] sid= null poleTags= 6 shapes= 0 @ webpack-internal:///(app-pages-browser)/./node_modules/next/dist/next-devtools/shared/forward-logs-shared.js:27
[28414255ms] [WARNING] [cache-update] skipping save — no sessionId or db @ webpack-internal:///(app-pages-browser)/./node_modules/next/dist/next-devtools/shared/forward-logs-shared.js:27
[28416411ms] [LOG] [cache-update] sid= null poleTags= 6 shapes= 0 @ webpack-internal:///(app-pages-browser)/./node_modules/next/dist/next-devtools/shared/forward-logs-shared.js:27
[28416412ms] [WARNING] [cache-update] skipping save — no sessionId or db @ webpack-internal:///(app-pages-browser)/./node_modules/next/dist/next-devtools/shared/forward-logs-shared.js:27
[28419371ms] [LOG] [cache-update] sid= null poleTags= 7 shapes= 0 @ webpack-internal:///(app-pages-browser)/./node_modules/next/dist/next-devtools/shared/forward-logs-shared.js:27
[28419372ms] [WARNING] [cache-update] skipping save — no sessionId or db @ webpack-internal:///(app-pages-browser)/./node_modules/next/dist/next-devtools/shared/forward-logs-shared.js:27
[28423522ms] [LOG] [cache-update] sid= null poleTags= 7 shapes= 0 @ webpack-internal:///(app-pages-browser)/./node_modules/next/dist/next-devtools/shared/forward-logs-shared.js:27
[28423524ms] [WARNING] [cache-update] skipping save — no sessionId or db @ webpack-internal:///(app-pages-browser)/./node_modules/next/dist/next-devtools/shared/forward-logs-shared.js:27
[28424274ms] [LOG] [cache-update] sid= null poleTags= 7 shapes= 0 @ webpack-internal:///(app-pages-browser)/./node_modules/next/dist/next-devtools/shared/forward-logs-shared.js:27
[28424274ms] [WARNING] [cache-update] skipping save — no sessionId or db @ webpack-internal:///(app-pages-browser)/./node_modules/next/dist/next-devtools/shared/forward-logs-shared.js:27
[28426390ms] [LOG] [cache-update] sid= null poleTags= 7 shapes= 0 @ webpack-internal:///(app-pages-browser)/./node_modules/next/dist/next-devtools/shared/forward-logs-shared.js:27
[28426390ms] [WARNING] [cache-update] skipping save — no sessionId or db @ webpack-internal:///(app-pages-browser)/./node_modules/next/dist/next-devtools/shared/forward-logs-shared.js:27
[28428516ms] [LOG] [cache-update] sid= null poleTags= 7 shapes= 0 @ webpack-internal:///(app-pages-browser)/./node_modules/next/dist/next-devtools/shared/forward-logs-shared.js:27
[28428517ms] [WARNING] [cache-update] skipping save — no sessionId or db @ webpack-internal:///(app-pages-browser)/./node_modules/next/dist/next-devtools/shared/forward-logs-shared.js:27
[28430646ms] [LOG] [cache-update] sid= null poleTags= 7 shapes= 0 @ webpack-internal:///(app-pages-browser)/./node_modules/next/dist/next-devtools/shared/forward-logs-shared.js:27
[28430648ms] [WARNING] [cache-update] skipping save — no sessionId or db @ webpack-internal:///(app-pages-browser)/./node_modules/next/dist/next-devtools/shared/forward-logs-shared.js:27
[28432791ms] [LOG] [cache-update] sid= null poleTags= 7 shapes= 0 @ webpack-internal:///(app-pages-browser)/./node_modules/next/dist/next-devtools/shared/forward-logs-shared.js:27
[28432791ms] [WARNING] [cache-update] skipping save — no sessionId or db @ webpack-internal:///(app-pages-browser)/./node_modules/next/dist/next-devtools/shared/forward-logs-shared.js:27
[28434971ms] [LOG] [cache-update] sid= null poleTags= 7 shapes= 0 @ webpack-internal:///(app-pages-browser)/./node_modules/next/dist/next-devtools/shared/forward-logs-shared.js:27
[28434971ms] [WARNING] [cache-update] skipping save — no sessionId or db @ webpack-internal:///(app-pages-browser)/./node_modules/next/dist/next-devtools/shared/forward-logs-shared.js:27
[28437147ms] [LOG] [cache-update] sid= null poleTags= 7 shapes= 0 @ webpack-internal:///(app-pages-browser)/./node_modules/next/dist/next-devtools/shared/forward-logs-shared.js:27
[28437147ms] [WARNING] [cache-update] skipping save — no sessionId or db @ webpack-internal:///(app-pages-browser)/./node_modules/next/dist/next-devtools/shared/forward-logs-shared.js:27
[28439299ms] [LOG] [cache-update] sid= null poleTags= 7 shapes= 0 @ webpack-internal:///(app-pages-browser)/./node_modules/next/dist/next-devtools/shared/forward-logs-shared.js:27
[28439299ms] [WARNING] [cache-update] skipping save — no sessionId or db @ webpack-internal:///(app-pages-browser)/./node_modules/next/dist/next-devtools/shared/forward-logs-shared.js:27
[28441663ms] [LOG] [cache-update] sid= null poleTags= 7 shapes= 0 @ webpack-internal:///(app-pages-browser)/./node_modules/next/dist/next-devtools/shared/forward-logs-shared.js:27
[28441663ms] [WARNING] [cache-update] skipping save — no sessionId or db @ webpack-internal:///(app-pages-browser)/./node_modules/next/dist/next-devtools/shared/forward-logs-shared.js:27
[28444719ms] [LOG] [cache-update] sid= null poleTags= 7 shapes= 0 @ webpack-internal:///(app-pages-browser)/./node_modules/next/dist/next-devtools/shared/forward-logs-shared.js:27
[28444719ms] [WARNING] [cache-update] skipping save — no sessionId or db @ webpack-internal:///(app-pages-browser)/./node_modules/next/dist/next-devtools/shared/forward-logs-shared.js:27
[28448145ms] [LOG] [cache-update] sid= null poleTags= 7 shapes= 0 @ webpack-internal:///(app-pages-browser)/./node_modules/next/dist/next-devtools/shared/forward-logs-shared.js:27
[28448145ms] [WARNING] [cache-update] skipping save — no sessionId or db @ webpack-internal:///(app-pages-browser)/./node_modules/next/dist/next-devtools/shared/forward-logs-shared.js:27
[28451431ms] [LOG] [cache-update] sid= null poleTags= 8 shapes= 0 @ webpack-internal:///(app-pages-browser)/./node_modules/next/dist/next-devtools/shared/forward-logs-shared.js:27
[28451432ms] [WARNING] [cache-update] skipping save — no sessionId or db @ webpack-internal:///(app-pages-browser)/./node_modules/next/dist/next-devtools/shared/forward-logs-shared.js:27
[28454452ms] [LOG] [cache-update] sid= null poleTags= 8 shapes= 0 @ webpack-internal:///(app-pages-browser)/./node_modules/next/dist/next-devtools/shared/forward-logs-shared.js:27
[28454452ms] [WARNING] [cache-update] skipping save — no sessionId or db @ webpack-internal:///(app-pages-browser)/./node_modules/next/dist/next-devtools/shared/forward-logs-shared.js:27
[28456741ms] [LOG] [cache-update] sid= null poleTags= 8 shapes= 0 @ webpack-internal:///(app-pages-browser)/./node_modules/next/dist/next-devtools/shared/forward-logs-shared.js:27
[28456742ms] [WARNING] [cache-update] skipping save — no sessionId or db @ webpack-internal:///(app-pages-browser)/./node_modules/next/dist/next-devtools/shared/forward-logs-shared.js:27
[28459453ms] [LOG] [cache-update] sid= null poleTags= 8 shapes= 0 @ webpack-internal:///(app-pages-browser)/./node_modules/next/dist/next-devtools/shared/forward-logs-shared.js:27
[28459455ms] [WARNING] [cache-update] skipping save — no sessionId or db @ webpack-internal:///(app-pages-browser)/./node_modules/next/dist/next-devtools/shared/forward-logs-shared.js:27
[28463541ms] [LOG] [cache-update] sid= null poleTags= 8 shapes= 0 @ webpack-internal:///(app-pages-browser)/./node_modules/next/dist/next-devtools/shared/forward-logs-shared.js:27
[28463542ms] [WARNING] [cache-update] skipping save — no sessionId or db @ webpack-internal:///(app-pages-browser)/./node_modules/next/dist/next-devtools/shared/forward-logs-shared.js:27
[28468262ms] [LOG] [cache-update] sid= null poleTags= 10 shapes= 0 @ webpack-internal:///(app-pages-browser)/./node_modules/next/dist/next-devtools/shared/forward-logs-shared.js:27
[28468263ms] [WARNING] [cache-update] skipping save — no sessionId or db @ webpack-internal:///(app-pages-browser)/./node_modules/next/dist/next-devtools/shared/forward-logs-shared.js:27
[28469272ms] [LOG] [cache-update] sid= null poleTags= 10 shapes= 0 @ webpack-internal:///(app-pages-browser)/./node_modules/next/dist/next-devtools/shared/forward-logs-shared.js:27
[28469276ms] [WARNING] [cache-update] skipping save — no sessionId or db @ webpack-internal:///(app-pages-browser)/./node_modules/next/dist/next-devtools/shared/forward-logs-shared.js:27
[28470417ms] [LOG] [cache-update] sid= null poleTags= 10 shapes= 0 @ webpack-internal:///(app-pages-browser)/./node_modules/next/dist/next-devtools/shared/forward-logs-shared.js:27
[28470418ms] [WARNING] [cache-update] skipping save — no sessionId or db @ webpack-internal:///(app-pages-browser)/./node_modules/next/dist/next-devtools/shared/forward-logs-shared.js:27
[28475077ms] [LOG] [cache-update] sid= null poleTags= 12 shapes= 0 @ webpack-internal:///(app-pages-browser)/./node_modules/next/dist/next-devtools/shared/forward-logs-shared.js:27
[28475077ms] [WARNING] [cache-update] skipping save — no sessionId or db @ webpack-internal:///(app-pages-browser)/./node_modules/next/dist/next-devtools/shared/forward-logs-shared.js:27
[28476814ms] [LOG] [cache-update] sid= null poleTags= 12 shapes= 0 @ webpack-internal:///(app-pages-browser)/./node_modules/next/dist/next-devtools/shared/forward-logs-shared.js:27
[28476815ms] [WARNING] [cache-update] skipping save — no sessionId or db @ webpack-internal:///(app-pages-browser)/./node_modules/next/dist/next-devtools/shared/forward-logs-shared.js:27
[28479077ms] [LOG] [cache-update] sid= null poleTags= 12 shapes= 0 @ webpack-internal:///(app-pages-browser)/./node_modules/next/dist/next-devtools/shared/forward-logs-shared.js:27
[28479077ms] [WARNING] [cache-update] skipping save — no sessionId or db @ webpack-internal:///(app-pages-browser)/./node_modules/next/dist/next-devtools/shared/forward-logs-shared.js:27
[28482436ms] [LOG] [cache-update] sid= null poleTags= 12 shapes= 0 @ webpack-internal:///(app-pages-browser)/./node_modules/next/dist/next-devtools/shared/forward-logs-shared.js:27
[28482436ms] [WARNING] [cache-update] skipping save — no sessionId or db @ webpack-internal:///(app-pages-browser)/./node_modules/next/dist/next-devtools/shared/forward-logs-shared.js:27
[28485447ms] [LOG] [cache-update] sid= null poleTags= 12 shapes= 0 @ webpack-internal:///(app-pages-browser)/./node_modules/next/dist/next-devtools/shared/forward-logs-shared.js:27
[28485447ms] [WARNING] [cache-update] skipping save — no sessionId or db @ webpack-internal:///(app-pages-browser)/./node_modules/next/dist/next-devtools/shared/forward-logs-shared.js:27
[28491306ms] [LOG] [cache-update] sid= null poleTags= 12 shapes= 0 @ webpack-internal:///(app-pages-browser)/./node_modules/next/dist/next-devtools/shared/forward-logs-shared.js:27
[28491307ms] [WARNING] [cache-update] skipping save — no sessionId or db @ webpack-internal:///(app-pages-browser)/./node_modules/next/dist/next-devtools/shared/forward-logs-shared.js:27
[28494773ms] [LOG] [cache-update] sid= null poleTags= 12 shapes= 0 @ webpack-internal:///(app-pages-browser)/./node_modules/next/dist/next-devtools/shared/forward-logs-shared.js:27
[28494773ms] [WARNING] [cache-update] skipping save — no sessionId or db @ webpack-internal:///(app-pages-browser)/./node_modules/next/dist/next-devtools/shared/forward-logs-shared.js:27
[28496785ms] [LOG] [cache-update] sid= null poleTags= 12 shapes= 0 @ webpack-internal:///(app-pages-browser)/./node_modules/next/dist/next-devtools/shared/forward-logs-shared.js:27
[28496786ms] [WARNING] [cache-update] skipping save — no sessionId or db @ webpack-internal:///(app-pages-browser)/./node_modules/next/dist/next-devtools/shared/forward-logs-shared.js:27
[28500128ms] [LOG] [cache-update] sid= null poleTags= 12 shapes= 0 @ webpack-internal:///(app-pages-browser)/./node_modules/next/dist/next-devtools/shared/forward-logs-shared.js:27
[28500128ms] [WARNING] [cache-update] skipping save — no sessionId or db @ webpack-internal:///(app-pages-browser)/./node_modules/next/dist/next-devtools/shared/forward-logs-shared.js:27
[28502905ms] [LOG] [cache-update] sid= null poleTags= 12 shapes= 0 @ webpack-internal:///(app-pages-browser)/./node_modules/next/dist/next-devtools/shared/forward-logs-shared.js:27
[28502905ms] [WARNING] [cache-update] skipping save — no sessionId or db @ webpack-internal:///(app-pages-browser)/./node_modules/next/dist/next-devtools/shared/forward-logs-shared.js:27
[28505140ms] [LOG] [cache-update] sid= null poleTags= 12 shapes= 0 @ webpack-internal:///(app-pages-browser)/./node_modules/next/dist/next-devtools/shared/forward-logs-shared.js:27
[28505140ms] [WARNING] [cache-update] skipping save — no sessionId or db @ webpack-internal:///(app-pages-browser)/./node_modules/next/dist/next-devtools/shared/forward-logs-shared.js:27
[28507323ms] [LOG] [cache-update] sid= null poleTags= 12 shapes= 0 @ webpack-internal:///(app-pages-browser)/./node_modules/next/dist/next-devtools/shared/forward-logs-shared.js:27
[28507323ms] [WARNING] [cache-update] skipping save — no sessionId or db @ webpack-internal:///(app-pages-browser)/./node_modules/next/dist/next-devtools/shared/forward-logs-shared.js:27
[28509708ms] [LOG] [cache-update] sid= null poleTags= 12 shapes= 0 @ webpack-internal:///(app-pages-browser)/./node_modules/next/dist/next-devtools/shared/forward-logs-shared.js:27
[28509708ms] [WARNING] [cache-update] skipping save — no sessionId or db @ webpack-internal:///(app-pages-browser)/./node_modules/next/dist/next-devtools/shared/forward-logs-shared.js:27
[28513292ms] [LOG] [cache-update] sid= null poleTags= 12 shapes= 0 @ webpack-internal:///(app-pages-browser)/./node_modules/next/dist/next-devtools/shared/forward-logs-shared.js:27
[28513292ms] [WARNING] [cache-update] skipping save — no sessionId or db @ webpack-internal:///(app-pages-browser)/./node_modules/next/dist/next-devtools/shared/forward-logs-shared.js:27
[28515628ms] [LOG] [cache-update] sid= null poleTags= 12 shapes= 0 @ webpack-internal:///(app-pages-browser)/./node_modules/next/dist/next-devtools/shared/forward-logs-shared.js:27
[28515629ms] [WARNING] [cache-update] skipping save — no sessionId or db @ webpack-internal:///(app-pages-browser)/./node_modules/next/dist/next-devtools/shared/forward-logs-shared.js:27
[28518241ms] [LOG] [cache-update] sid= null poleTags= 12 shapes= 0 @ webpack-internal:///(app-pages-browser)/./node_modules/next/dist/next-devtools/shared/forward-logs-shared.js:27
[28518242ms] [WARNING] [cache-update] skipping save — no sessionId or db @ webpack-internal:///(app-pages-browser)/./node_modules/next/dist/next-devtools/shared/forward-logs-shared.js:27
[28521063ms] [LOG] [cache-update] sid= null poleTags= 15 shapes= 0 @ webpack-internal:///(app-pages-browser)/./node_modules/next/dist/next-devtools/shared/forward-logs-shared.js:27
[28521064ms] [WARNING] [cache-update] skipping save — no sessionId or db @ webpack-internal:///(app-pages-browser)/./node_modules/next/dist/next-devtools/shared/forward-logs-shared.js:27
[28524001ms] [LOG] [cache-update] sid= null poleTags= 15 shapes= 0 @ webpack-internal:///(app-pages-browser)/./node_modules/next/dist/next-devtools/shared/forward-logs-shared.js:27
[28524002ms] [WARNING] [cache-update] skipping save — no sessionId or db @ webpack-internal:///(app-pages-browser)/./node_modules/next/dist/next-devtools/shared/forward-logs-shared.js:27
[28526509ms] [LOG] [cache-update] sid= null poleTags= 15 shapes= 0 @ webpack-internal:///(app-pages-browser)/./node_modules/next/dist/next-devtools/shared/forward-logs-shared.js:27
[28526509ms] [WARNING] [cache-update] skipping save — no sessionId or db @ webpack-internal:///(app-pages-browser)/./node_modules/next/dist/next-devtools/shared/forward-logs-shared.js:27
[28529071ms] [LOG] [cache-update] sid= null poleTags= 15 shapes= 0 @ webpack-internal:///(app-pages-browser)/./node_modules/next/dist/next-devtools/shared/forward-logs-shared.js:27
[28529071ms] [WARNING] [cache-update] skipping save — no sessionId or db @ webpack-internal:///(app-pages-browser)/./node_modules/next/dist/next-devtools/shared/forward-logs-shared.js:27
[28531452ms] [LOG] [cache-update] sid= null poleTags= 15 shapes= 0 @ webpack-internal:///(app-pages-browser)/./node_modules/next/dist/next-devtools/shared/forward-logs-shared.js:27
[28531453ms] [WARNING] [cache-update] skipping save — no sessionId or db @ webpack-internal:///(app-pages-browser)/./node_modules/next/dist/next-devtools/shared/forward-logs-shared.js:27
[28534523ms] [LOG] [cache-update] sid= null poleTags= 15 shapes= 0 @ webpack-internal:///(app-pages-browser)/./node_modules/next/dist/next-devtools/shared/forward-logs-shared.js:27
[28534523ms] [WARNING] [cache-update] skipping save — no sessionId or db @ webpack-internal:///(app-pages-browser)/./node_modules/next/dist/next-devtools/shared/forward-logs-shared.js:27
[28540091ms] [LOG] [cache-update] sid= null poleTags= 17 shapes= 0 @ webpack-internal:///(app-pages-browser)/./node_modules/next/dist/next-devtools/shared/forward-logs-shared.js:27
[28540091ms] [WARNING] [cache-update] skipping save — no sessionId or db @ webpack-internal:///(app-pages-browser)/./node_modules/next/dist/next-devtools/shared/forward-logs-shared.js:27
[28542279ms] [LOG] [cache-update] sid= null poleTags= 17 shapes= 0 @ webpack-internal:///(app-pages-browser)/./node_modules/next/dist/next-devtools/shared/forward-logs-shared.js:27
[28542279ms] [WARNING] [cache-update] skipping save — no sessionId or db @ webpack-internal:///(app-pages-browser)/./node_modules/next/dist/next-devtools/shared/forward-logs-shared.js:27
[28547091ms] [LOG] [cache-update] sid= null poleTags= 17 shapes= 0 @ webpack-internal:///(app-pages-browser)/./node_modules/next/dist/next-devtools/shared/forward-logs-shared.js:27
[28547092ms] [WARNING] [cache-update] skipping save — no sessionId or db @ webpack-internal:///(app-pages-browser)/./node_modules/next/dist/next-devtools/shared/forward-logs-shared.js:27
[28548499ms] [LOG] [cache-update] sid= null poleTags= 17 shapes= 0 @ webpack-internal:///(app-pages-browser)/./node_modules/next/dist/next-devtools/shared/forward-logs-shared.js:27
[28548499ms] [WARNING] [cache-update] skipping save — no sessionId or db @ webpack-internal:///(app-pages-browser)/./node_modules/next/dist/next-devtools/shared/forward-logs-shared.js:27
[28550342ms] [LOG] [cache-update] sid= null poleTags= 17 shapes= 0 @ webpack-internal:///(app-pages-browser)/./node_modules/next/dist/next-devtools/shared/forward-logs-shared.js:27
[28550342ms] [WARNING] [cache-update] skipping save — no sessionId or db @ webpack-internal:///(app-pages-browser)/./node_modules/next/dist/next-devtools/shared/forward-logs-shared.js:27
[28553637ms] [LOG] [cache-update] sid= null poleTags= 17 shapes= 0 @ webpack-internal:///(app-pages-browser)/./node_modules/next/dist/next-devtools/shared/forward-logs-shared.js:27
[28553637ms] [WARNING] [cache-update] skipping save — no sessionId or db @ webpack-internal:///(app-pages-browser)/./node_modules/next/dist/next-devtools/shared/forward-logs-shared.js:27
[28559666ms] [LOG] [cache-update] sid= null poleTags= 19 shapes= 0 @ webpack-internal:///(app-pages-browser)/./node_modules/next/dist/next-devtools/shared/forward-logs-shared.js:27
[28559666ms] [WARNING] [cache-update] skipping save — no sessionId or db @ webpack-internal:///(app-pages-browser)/./node_modules/next/dist/next-devtools/shared/forward-logs-shared.js:27
[28561405ms] [LOG] [cache-update] sid= null poleTags= 19 shapes= 0 @ webpack-internal:///(app-pages-browser)/./node_modules/next/dist/next-devtools/shared/forward-logs-shared.js:27
[28561406ms] [WARNING] [cache-update] skipping save — no sessionId or db @ webpack-internal:///(app-pages-browser)/./node_modules/next/dist/next-devtools/shared/forward-logs-shared.js:27
[28564562ms] [LOG] [cache-update] sid= null poleTags= 19 shapes= 0 @ webpack-internal:///(app-pages-browser)/./node_modules/next/dist/next-devtools/shared/forward-logs-shared.js:27
[28564562ms] [WARNING] [cache-update] skipping save — no sessionId or db @ webpack-internal:///(app-pages-browser)/./node_modules/next/dist/next-devtools/shared/forward-logs-shared.js:27
[28570667ms] [ERROR] Unable to preventDefault inside passive event listener invocation. @ webpack-internal:///(app-pages-browser)/./node_modules/next/dist/compiled/react-dom/cjs/react-dom-client.development.js:3511
[28570747ms] [ERROR] Unable to preventDefault inside passive event listener invocation. @ webpack-internal:///(app-pages-browser)/./node_modules/next/dist/compiled/react-dom/cjs/react-dom-client.development.js:3511
[28572544ms] [LOG] [cache-update] sid= null poleTags= 19 shapes= 0 @ webpack-internal:///(app-pages-browser)/./node_modules/next/dist/next-devtools/shared/forward-logs-shared.js:27
[28572545ms] [WARNING] [cache-update] skipping save — no sessionId or db @ webpack-internal:///(app-pages-browser)/./node_modules/next/dist/next-devtools/shared/forward-logs-shared.js:27
[28575938ms] [LOG] [cache-update] sid= null poleTags= 19 shapes= 0 @ webpack-internal:///(app-pages-browser)/./node_modules/next/dist/next-devtools/shared/forward-logs-shared.js:27
[28575938ms] [WARNING] [cache-update] skipping save — no sessionId or db @ webpack-internal:///(app-pages-browser)/./node_modules/next/dist/next-devtools/shared/forward-logs-shared.js:27
[28581503ms] [LOG] [cache-update] sid= null poleTags= 21 shapes= 0 @ webpack-internal:///(app-pages-browser)/./node_modules/next/dist/next-devtools/shared/forward-logs-shared.js:27
[28581504ms] [WARNING] [cache-update] skipping save — no sessionId or db @ webpack-internal:///(app-pages-browser)/./node_modules/next/dist/next-devtools/shared/forward-logs-shared.js:27
[28588443ms] [LOG] [cache-update] sid= null poleTags= 22 shapes= 0 @ webpack-internal:///(app-pages-browser)/./node_modules/next/dist/next-devtools/shared/forward-logs-shared.js:27
[28588444ms] [WARNING] [cache-update] skipping save — no sessionId or db @ webpack-internal:///(app-pages-browser)/./node_modules/next/dist/next-devtools/shared/forward-logs-shared.js:27
[28591888ms] [LOG] [cache-update] sid= null poleTags= 22 shapes= 0 @ webpack-internal:///(app-pages-browser)/./node_modules/next/dist/next-devtools/shared/forward-logs-shared.js:27
[28591888ms] [WARNING] [cache-update] skipping save — no sessionId or db @ webpack-internal:///(app-pages-browser)/./node_modules/next/dist/next-devtools/shared/forward-logs-shared.js:27
[28593850ms] [LOG] [cache-update] sid= null poleTags= 22 shapes= 0 @ webpack-internal:///(app-pages-browser)/./node_modules/next/dist/next-devtools/shared/forward-logs-shared.js:27
[28593850ms] [WARNING] [cache-update] skipping save — no sessionId or db @ webpack-internal:///(app-pages-browser)/./node_modules/next/dist/next-devtools/shared/forward-logs-shared.js:27
[28596366ms] [LOG] [cache-update] sid= null poleTags= 22 shapes= 0 @ webpack-internal:///(app-pages-browser)/./node_modules/next/dist/next-devtools/shared/forward-logs-shared.js:27
[28596367ms] [WARNING] [cache-update] skipping save — no sessionId or db @ webpack-internal:///(app-pages-browser)/./node_modules/next/dist/next-devtools/shared/forward-logs-shared.js:27
[28600213ms] [LOG] [cache-update] sid= null poleTags= 24 shapes= 0 @ webpack-internal:///(app-pages-browser)/./node_modules/next/dist/next-devtools/shared/forward-logs-shared.js:27
[28600215ms] [WARNING] [cache-update] skipping save — no sessionId or db @ webpack-internal:///(app-pages-browser)/./node_modules/next/dist/next-devtools/shared/forward-logs-shared.js:27
[28602250ms] [LOG] [cache-update] sid= null poleTags= 24 shapes= 0 @ webpack-internal:///(app-pages-browser)/./node_modules/next/dist/next-devtools/shared/forward-logs-shared.js:27
[28602251ms] [WARNING] [cache-update] skipping save — no sessionId or db @ webpack-internal:///(app-pages-browser)/./node_modules/next/dist/next-devtools/shared/forward-logs-shared.js:27
[28607587ms] [LOG] [cache-update] sid= null poleTags= 26 shapes= 0 @ webpack-internal:///(app-pages-browser)/./node_modules/next/dist/next-devtools/shared/forward-logs-shared.js:27
[28607587ms] [WARNING] [cache-update] skipping save — no sessionId or db @ webpack-internal:///(app-pages-browser)/./node_modules/next/dist/next-devtools/shared/forward-logs-shared.js:27
[28609323ms] [LOG] [cache-update] sid= null poleTags= 26 shapes= 0 @ webpack-internal:///(app-pages-browser)/./node_modules/next/dist/next-devtools/shared/forward-logs-shared.js:27
[28609324ms] [WARNING] [cache-update] skipping save — no sessionId or db @ webpack-internal:///(app-pages-browser)/./node_modules/next/dist/next-devtools/shared/forward-logs-shared.js:27
[28615326ms] [LOG] [cache-update] sid= null poleTags= 28 shapes= 0 @ webpack-internal:///(app-pages-browser)/./node_modules/next/dist/next-devtools/shared/forward-logs-shared.js:27
[28615326ms] [WARNING] [cache-update] skipping save — no sessionId or db @ webpack-internal:///(app-pages-browser)/./node_modules/next/dist/next-devtools/shared/forward-logs-shared.js:27
[28618974ms] [LOG] [cache-update] sid= null poleTags= 29 shapes= 0 @ webpack-internal:///(app-pages-browser)/./node_modules/next/dist/next-devtools/shared/forward-logs-shared.js:27
[28618975ms] [WARNING] [cache-update] skipping save — no sessionId or db @ webpack-internal:///(app-pages-browser)/./node_modules/next/dist/next-devtools/shared/forward-logs-shared.js:27
[28624375ms] [LOG] [cache-update] sid= null poleTags= 31 shapes= 0 @ webpack-internal:///(app-pages-browser)/./node_modules/next/dist/next-devtools/shared/forward-logs-shared.js:27
[28624376ms] [WARNING] [cache-update] skipping save — no sessionId or db @ webpack-internal:///(app-pages-browser)/./node_modules/next/dist/next-devtools/shared/forward-logs-shared.js:27
[28627282ms] [LOG] [cache-update] sid= null poleTags= 35 shapes= 0 @ webpack-internal:///(app-pages-browser)/./node_modules/next/dist/next-devtools/shared/forward-logs-shared.js:27
[28627283ms] [WARNING] [cache-update] skipping save — no sessionId or db @ webpack-internal:///(app-pages-browser)/./node_modules/next/dist/next-devtools/shared/forward-logs-shared.js:27
[28632312ms] [LOG] [cache-update] sid= null poleTags= 39 shapes= 0 @ webpack-internal:///(app-pages-browser)/./node_modules/next/dist/next-devtools/shared/forward-logs-shared.js:27
[28632313ms] [WARNING] [cache-update] skipping save — no sessionId or db @ webpack-internal:///(app-pages-browser)/./node_modules/next/dist/next-devtools/shared/forward-logs-shared.js:27
[28636525ms] [LOG] [cache-update] sid= null poleTags= 39 shapes= 0 @ webpack-internal:///(app-pages-browser)/./node_modules/next/dist/next-devtools/shared/forward-logs-shared.js:27
[28636525ms] [WARNING] [cache-update] skipping save — no sessionId or db @ webpack-internal:///(app-pages-browser)/./node_modules/next/dist/next-devtools/shared/forward-logs-shared.js:27
[28638295ms] [LOG] [cache-update] sid= null poleTags= 39 shapes= 0 @ webpack-internal:///(app-pages-browser)/./node_modules/next/dist/next-devtools/shared/forward-logs-shared.js:27
[28638295ms] [WARNING] [cache-update] skipping save — no sessionId or db @ webpack-internal:///(app-pages-browser)/./node_modules/next/dist/next-devtools/shared/forward-logs-shared.js:27
[28642508ms] [LOG] [cache-update] sid= null poleTags= 40 shapes= 0 @ webpack-internal:///(app-pages-browser)/./node_modules/next/dist/next-devtools/shared/forward-logs-shared.js:27
[28642509ms] [WARNING] [cache-update] skipping save — no sessionId or db @ webpack-internal:///(app-pages-browser)/./node_modules/next/dist/next-devtools/shared/forward-logs-shared.js:27
[28645901ms] [LOG] [cache-update] sid= null poleTags= 40 shapes= 0 @ webpack-internal:///(app-pages-browser)/./node_modules/next/dist/next-devtools/shared/forward-logs-shared.js:27
[28645901ms] [WARNING] [cache-update] skipping save — no sessionId or db @ webpack-internal:///(app-pages-browser)/./node_modules/next/dist/next-devtools/shared/forward-logs-shared.js:27
[28648298ms] [LOG] [cache-update] sid= null poleTags= 40 shapes= 0 @ webpack-internal:///(app-pages-browser)/./node_modules/next/dist/next-devtools/shared/forward-logs-shared.js:27
[28648298ms] [WARNING] [cache-update] skipping save — no sessionId or db @ webpack-internal:///(app-pages-browser)/./node_modules/next/dist/next-devtools/shared/forward-logs-shared.js:27
[28652006ms] [LOG] [cache-update] sid= null poleTags= 40 shapes= 0 @ webpack-internal:///(app-pages-browser)/./node_modules/next/dist/next-devtools/shared/forward-logs-shared.js:27
[28652006ms] [WARNING] [cache-update] skipping save — no sessionId or db @ webpack-internal:///(app-pages-browser)/./node_modules/next/dist/next-devtools/shared/forward-logs-shared.js:27
[28654505ms] [LOG] [cache-update] sid= null poleTags= 43 shapes= 0 @ webpack-internal:///(app-pages-browser)/./node_modules/next/dist/next-devtools/shared/forward-logs-shared.js:27
[28654505ms] [WARNING] [cache-update] skipping save — no sessionId or db @ webpack-internal:///(app-pages-browser)/./node_modules/next/dist/next-devtools/shared/forward-logs-shared.js:27
[28658640ms] [LOG] [cache-update] sid= null poleTags= 46 shapes= 0 @ webpack-internal:///(app-pages-browser)/./node_modules/next/dist/next-devtools/shared/forward-logs-shared.js:27
[28658641ms] [WARNING] [cache-update] skipping save — no sessionId or db @ webpack-internal:///(app-pages-browser)/./node_modules/next/dist/next-devtools/shared/forward-logs-shared.js:27
[28667534ms] [LOG] [cache-update] sid= null poleTags= 51 shapes= 0 @ webpack-internal:///(app-pages-browser)/./node_modules/next/dist/next-devtools/shared/forward-logs-shared.js:27
[28667534ms] [WARNING] [cache-update] skipping save — no sessionId or db @ webpack-internal:///(app-pages-browser)/./node_modules/next/dist/next-devtools/shared/forward-logs-shared.js:27
[28674852ms] [LOG] [cache-update] sid= null poleTags= 59 shapes= 0 @ webpack-internal:///(app-pages-browser)/./node_modules/next/dist/next-devtools/shared/forward-logs-shared.js:27
[28674853ms] [WARNING] [cache-update] skipping save — no sessionId or db @ webpack-internal:///(app-pages-browser)/./node_modules/next/dist/next-devtools/shared/forward-logs-shared.js:27
[28678207ms] [LOG] [cache-update] sid= null poleTags= 62 shapes= 0 @ webpack-internal:///(app-pages-browser)/./node_modules/next/dist/next-devtools/shared/forward-logs-shared.js:27
[28678208ms] [WARNING] [cache-update] skipping save — no sessionId or db @ webpack-internal:///(app-pages-browser)/./node_modules/next/dist/next-devtools/shared/forward-logs-shared.js:27
[28682505ms] [LOG] [cache-update] sid= null poleTags= 67 shapes= 0 @ webpack-internal:///(app-pages-browser)/./node_modules/next/dist/next-devtools/shared/forward-logs-shared.js:27
[28682505ms] [WARNING] [cache-update] skipping save — no sessionId or db @ webpack-internal:///(app-pages-browser)/./node_modules/next/dist/next-devtools/shared/forward-logs-shared.js:27
[28688618ms] [LOG] [cache-update] sid= null poleTags= 72 shapes= 0 @ webpack-internal:///(app-pages-browser)/./node_modules/next/dist/next-devtools/shared/forward-logs-shared.js:27
[28688618ms] [WARNING] [cache-update] skipping save — no sessionId or db @ webpack-internal:///(app-pages-browser)/./node_modules/next/dist/next-devtools/shared/forward-logs-shared.js:27
[28702961ms] [LOG] [cache-update] sid= null poleTags= 77 shapes= 0 @ webpack-internal:///(app-pages-browser)/./node_modules/next/dist/next-devtools/shared/forward-logs-shared.js:27
[28702961ms] [WARNING] [cache-update] skipping save — no sessionId or db @ webpack-internal:///(app-pages-browser)/./node_modules/next/dist/next-devtools/shared/forward-logs-shared.js:27
[28705812ms] [LOG] [cache-update] sid= null poleTags= 81 shapes= 0 @ webpack-internal:///(app-pages-browser)/./node_modules/next/dist/next-devtools/shared/forward-logs-shared.js:27
[28705812ms] [WARNING] [cache-update] skipping save — no sessionId or db @ webpack-internal:///(app-pages-browser)/./node_modules/next/dist/next-devtools/shared/forward-logs-shared.js:27
[28707295ms] [LOG] [cache-update] sid= null poleTags= 81 shapes= 0 @ webpack-internal:///(app-pages-browser)/./node_modules/next/dist/next-devtools/shared/forward-logs-shared.js:27
[28707296ms] [WARNING] [cache-update] skipping save — no sessionId or db @ webpack-internal:///(app-pages-browser)/./node_modules/next/dist/next-devtools/shared/forward-logs-shared.js:27
[28708254ms] [LOG] [cache-update] sid= null poleTags= 123 shapes= 0 @ webpack-internal:///(app-pages-browser)/./node_modules/next/dist/next-devtools/shared/forward-logs-shared.js:27
[28708255ms] [WARNING] [cache-update] skipping save — no sessionId or db @ webpack-internal:///(app-pages-browser)/./node_modules/next/dist/next-devtools/shared/forward-logs-shared.js:27
[28708572ms] [LOG] [cache-update] sid= null poleTags= 123 shapes= 0 @ webpack-internal:///(app-pages-browser)/./node_modules/next/dist/next-devtools/shared/forward-logs-shared.js:27
[28708572ms] [WARNING] [cache-update] skipping save — no sessionId or db @ webpack-internal:///(app-pages-browser)/./node_modules/next/dist/next-devtools/shared/forward-logs-shared.js:27
[28708573ms] [LOG] [cache-update] sid= null poleTags= 123 shapes= 0 @ webpack-internal:///(app-pages-browser)/./node_modules/next/dist/next-devtools/shared/forward-logs-shared.js:27
[28708573ms] [WARNING] [cache-update] skipping save — no sessionId or db @ webpack-internal:///(app-pages-browser)/./node_modules/next/dist/next-devtools/shared/forward-logs-shared.js:27
[28708575ms] [LOG] [cache-update] sid= null poleTags= 123 shapes= 0 @ webpack-internal:///(app-pages-browser)/./node_modules/next/dist/next-devtools/shared/forward-logs-shared.js:27
[28708575ms] [WARNING] [cache-update] skipping save — no sessionId or db @ webpack-internal:///(app-pages-browser)/./node_modules/next/dist/next-devtools/shared/forward-logs-shared.js:27
[28708576ms] [LOG] [cache-update] sid= null poleTags= 123 shapes= 0 @ webpack-internal:///(app-pages-browser)/./node_modules/next/dist/next-devtools/shared/forward-logs-shared.js:27
[28708576ms] [WARNING] [cache-update] skipping save — no sessionId or db @ webpack-internal:///(app-pages-browser)/./node_modules/next/dist/next-devtools/shared/forward-logs-shared.js:27
[28709034ms] [LOG] [cache-update] sid= null poleTags= 123 shapes= 0 @ webpack-internal:///(app-pages-browser)/./node_modules/next/dist/next-devtools/shared/forward-logs-shared.js:27
[28709034ms] [WARNING] [cache-update] skipping save — no sessionId or db @ webpack-internal:///(app-pages-browser)/./node_modules/next/dist/next-devtools/shared/forward-logs-shared.js:27
[28709191ms] [LOG] [cache-update] sid= null poleTags= 123 shapes= 0 @ webpack-internal:///(app-pages-browser)/./node_modules/next/dist/next-devtools/shared/forward-logs-shared.js:27
[28709191ms] [WARNING] [cache-update] skipping save — no sessionId or db @ webpack-internal:///(app-pages-browser)/./node_modules/next/dist/next-devtools/shared/forward-logs-shared.js:27
[28709365ms] [LOG] [cache-update] sid= null poleTags= 123 shapes= 0 @ webpack-internal:///(app-pages-browser)/./node_modules/next/dist/next-devtools/shared/forward-logs-shared.js:27
[28709365ms] [WARNING] [cache-update] skipping save — no sessionId or db @ webpack-internal:///(app-pages-browser)/./node_modules/next/dist/next-devtools/shared/forward-logs-shared.js:27
[28709365ms] [LOG] [cache-update] sid= null poleTags= 123 shapes= 0 @ webpack-internal:///(app-pages-browser)/./node_modules/next/dist/next-devtools/shared/forward-logs-shared.js:27
[28709366ms] [WARNING] [cache-update] skipping save — no sessionId or db @ webpack-internal:///(app-pages-browser)/./node_modules/next/dist/next-devtools/shared/forward-logs-shared.js:27
[28709366ms] [LOG] [cache-update] sid= null poleTags= 123 shapes= 0 @ webpack-internal:///(app-pages-browser)/./node_modules/next/dist/next-devtools/shared/forward-logs-shared.js:27
[28709366ms] [WARNING] [cache-update] skipping save — no sessionId or db @ webpack-internal:///(app-pages-browser)/./node_modules/next/dist/next-devtools/shared/forward-logs-shared.js:27
[28709533ms] [LOG] [cache-update] sid= null poleTags= 123 shapes= 0 @ webpack-internal:///(app-pages-browser)/./node_modules/next/dist/next-devtools/shared/forward-logs-shared.js:27
[28709533ms] [WARNING] [cache-update] skipping save — no sessionId or db @ webpack-internal:///(app-pages-browser)/./node_modules/next/dist/next-devtools/shared/forward-logs-shared.js:27
[28709680ms] [LOG] [cache-update] sid= null poleTags= 123 shapes= 0 @ webpack-internal:///(app-pages-browser)/./node_modules/next/dist/next-devtools/shared/forward-logs-shared.js:27
[28709680ms] [WARNING] [cache-update] skipping save — no sessionId or db @ webpack-internal:///(app-pages-browser)/./node_modules/next/dist/next-devtools/shared/forward-logs-shared.js:27
[28710161ms] [LOG] [cache-update] sid= null poleTags= 123 shapes= 0 @ webpack-internal:///(app-pages-browser)/./node_modules/next/dist/next-devtools/shared/forward-logs-shared.js:27
[28710161ms] [WARNING] [cache-update] skipping save — no sessionId or db @ webpack-internal:///(app-pages-browser)/./node_modules/next/dist/next-devtools/shared/forward-logs-shared.js:27
[28710205ms] [LOG] [cache-update] sid= null poleTags= 123 shapes= 0 @ webpack-internal:///(app-pages-browser)/./node_modules/next/dist/next-devtools/shared/forward-logs-shared.js:27
[28710206ms] [WARNING] [cache-update] skipping save — no sessionId or db @ webpack-internal:///(app-pages-browser)/./node_modules/next/dist/next-devtools/shared/forward-logs-shared.js:27
[28710251ms] [LOG] [cache-update] sid= null poleTags= 123 shapes= 0 @ webpack-internal:///(app-pages-browser)/./node_modules/next/dist/next-devtools/shared/forward-logs-shared.js:27
[28710251ms] [WARNING] [cache-update] skipping save — no sessionId or db @ webpack-internal:///(app-pages-browser)/./node_modules/next/dist/next-devtools/shared/forward-logs-shared.js:27
[28710401ms] [LOG] [cache-update] sid= null poleTags= 123 shapes= 0 @ webpack-internal:///(app-pages-browser)/./node_modules/next/dist/next-devtools/shared/forward-logs-shared.js:27
[28710402ms] [WARNING] [cache-update] skipping save — no sessionId or db @ webpack-internal:///(app-pages-browser)/./node_modules/next/dist/next-devtools/shared/forward-logs-shared.js:27
[28710578ms] [LOG] [cache-update] sid= null poleTags= 123 shapes= 0 @ webpack-internal:///(app-pages-browser)/./node_modules/next/dist/next-devtools/shared/forward-logs-shared.js:27
[28710578ms] [WARNING] [cache-update] skipping save — no sessionId or db @ webpack-internal:///(app-pages-browser)/./node_modules/next/dist/next-devtools/shared/forward-logs-shared.js:27
[28710579ms] [LOG] [cache-update] sid= null poleTags= 123 shapes= 0 @ webpack-internal:///(app-pages-browser)/./node_modules/next/dist/next-devtools/shared/forward-logs-shared.js:27
[28710579ms] [WARNING] [cache-update] skipping save — no sessionId or db @ webpack-internal:///(app-pages-browser)/./node_modules/next/dist/next-devtools/shared/forward-logs-shared.js:27
[28711044ms] [LOG] [cache-update] sid= null poleTags= 123 shapes= 0 @ webpack-internal:///(app-pages-browser)/./node_modules/next/dist/next-devtools/shared/forward-logs-shared.js:27
[28711044ms] [WARNING] [cache-update] skipping save — no sessionId or db @ webpack-internal:///(app-pages-browser)/./node_modules/next/dist/next-devtools/shared/forward-logs-shared.js:27
[28711179ms] [LOG] [cache-update] sid= null poleTags= 123 shapes= 0 @ webpack-internal:///(app-pages-browser)/./node_modules/next/dist/next-devtools/shared/forward-logs-shared.js:27
[28711180ms] [WARNING] [cache-update] skipping save — no sessionId or db @ webpack-internal:///(app-pages-browser)/./node_modules/next/dist/next-devtools/shared/forward-logs-shared.js:27
[28711377ms] [LOG] [cache-update] sid= null poleTags= 123 shapes= 0 @ webpack-internal:///(app-pages-browser)/./node_modules/next/dist/next-devtools/shared/forward-logs-shared.js:27
[28711377ms] [WARNING] [cache-update] skipping save — no sessionId or db @ webpack-internal:///(app-pages-browser)/./node_modules/next/dist/next-devtools/shared/forward-logs-shared.js:27
[28711439ms] [LOG] [cache-update] sid= null poleTags= 123 shapes= 0 @ webpack-internal:///(app-pages-browser)/./node_modules/next/dist/next-devtools/shared/forward-logs-shared.js:27
[28711440ms] [WARNING] [cache-update] skipping save — no sessionId or db @ webpack-internal:///(app-pages-browser)/./node_modules/next/dist/next-devtools/shared/forward-logs-shared.js:27
[28711683ms] [LOG] [cache-update] sid= null poleTags= 123 shapes= 0 @ webpack-internal:///(app-pages-browser)/./node_modules/next/dist/next-devtools/shared/forward-logs-shared.js:27
[28711683ms] [WARNING] [cache-update] skipping save — no sessionId or db @ webpack-internal:///(app-pages-browser)/./node_modules/next/dist/next-devtools/shared/forward-logs-shared.js:27
[28711824ms] [LOG] [cache-update] sid= null poleTags= 123 shapes= 0 @ webpack-internal:///(app-pages-browser)/./node_modules/next/dist/next-devtools/shared/forward-logs-shared.js:27
[28711827ms] [WARNING] [cache-update] skipping save — no sessionId or db @ webpack-internal:///(app-pages-browser)/./node_modules/next/dist/next-devtools/shared/forward-logs-shared.js:27
[28711959ms] [LOG] [cache-update] sid= null poleTags= 123 shapes= 0 @ webpack-internal:///(app-pages-browser)/./node_modules/next/dist/next-devtools/shared/forward-logs-shared.js:27
[28711959ms] [WARNING] [cache-update] skipping save — no sessionId or db @ webpack-internal:///(app-pages-browser)/./node_modules/next/dist/next-devtools/shared/forward-logs-shared.js:27
[28712111ms] [LOG] [cache-update] sid= null poleTags= 123 shapes= 0 @ webpack-internal:///(app-pages-browser)/./node_modules/next/dist/next-devtools/shared/forward-logs-shared.js:27
[28712112ms] [WARNING] [cache-update] skipping save — no sessionId or db @ webpack-internal:///(app-pages-browser)/./node_modules/next/dist/next-devtools/shared/forward-logs-shared.js:27
[28712112ms] [LOG] [cache-update] sid= null poleTags= 123 shapes= 0 @ webpack-internal:///(app-pages-browser)/./node_modules/next/dist/next-devtools/shared/forward-logs-shared.js:27
[28712112ms] [WARNING] [cache-update] skipping save — no sessionId or db @ webpack-internal:///(app-pages-browser)/./node_modules/next/dist/next-devtools/shared/forward-logs-shared.js:27
[28712112ms] [LOG] [cache-update] sid= null poleTags= 123 shapes= 0 @ webpack-internal:///(app-pages-browser)/./node_modules/next/dist/next-devtools/shared/forward-logs-shared.js:27
[28712112ms] [WARNING] [cache-update] skipping save — no sessionId or db @ webpack-internal:///(app-pages-browser)/./node_modules/next/dist/next-devtools/shared/forward-logs-shared.js:27
[28712302ms] [LOG] [cache-update] sid= null poleTags= 123 shapes= 0 @ webpack-internal:///(app-pages-browser)/./node_modules/next/dist/next-devtools/shared/forward-logs-shared.js:27
[28712302ms] [WARNING] [cache-update] skipping save — no sessionId or db @ webpack-internal:///(app-pages-browser)/./node_modules/next/dist/next-devtools/shared/forward-logs-shared.js:27
[28712779ms] [LOG] [cache-update] sid= null poleTags= 123 shapes= 0 @ webpack-internal:///(app-pages-browser)/./node_modules/next/dist/next-devtools/shared/forward-logs-shared.js:27
[28712780ms] [WARNING] [cache-update] skipping save — no sessionId or db @ webpack-internal:///(app-pages-browser)/./node_modules/next/dist/next-devtools/shared/forward-logs-shared.js:27
[28712934ms] [LOG] [cache-update] sid= null poleTags= 123 shapes= 0 @ webpack-internal:///(app-pages-browser)/./node_modules/next/dist/next-devtools/shared/forward-logs-shared.js:27
[28712934ms] [WARNING] [cache-update] skipping save — no sessionId or db @ webpack-internal:///(app-pages-browser)/./node_modules/next/dist/next-devtools/shared/forward-logs-shared.js:27
[28713083ms] [LOG] [cache-update] sid= null poleTags= 123 shapes= 0 @ webpack-internal:///(app-pages-browser)/./node_modules/next/dist/next-devtools/shared/forward-logs-shared.js:27
[28713083ms] [WARNING] [cache-update] skipping save — no sessionId or db @ webpack-internal:///(app-pages-browser)/./node_modules/next/dist/next-devtools/shared/forward-logs-shared.js:27
[28713083ms] [LOG] [cache-update] sid= null poleTags= 123 shapes= 0 @ webpack-internal:///(app-pages-browser)/./node_modules/next/dist/next-devtools/shared/forward-logs-shared.js:27
[28713084ms] [WARNING] [cache-update] skipping save — no sessionId or db @ webpack-internal:///(app-pages-browser)/./node_modules/next/dist/next-devtools/shared/forward-logs-shared.js:27
[28713084ms] [LOG] [cache-update] sid= null poleTags= 123 shapes= 0 @ webpack-internal:///(app-pages-browser)/./node_modules/next/dist/next-devtools/shared/forward-logs-shared.js:27
[28713084ms] [WARNING] [cache-update] skipping save — no sessionId or db @ webpack-internal:///(app-pages-browser)/./node_modules/next/dist/next-devtools/shared/forward-logs-shared.js:27
[28713250ms] [LOG] [cache-update] sid= null poleTags= 123 shapes= 0 @ webpack-internal:///(app-pages-browser)/./node_modules/next/dist/next-devtools/shared/forward-logs-shared.js:27
[28713251ms] [WARNING] [cache-update] skipping save — no sessionId or db @ webpack-internal:///(app-pages-browser)/./node_modules/next/dist/next-devtools/shared/forward-logs-shared.js:27
[28713251ms] [LOG] [cache-update] sid= null poleTags= 123 shapes= 0 @ webpack-internal:///(app-pages-browser)/./node_modules/next/dist/next-devtools/shared/forward-logs-shared.js:27
[28713251ms] [WARNING] [cache-update] skipping save — no sessionId or db @ webpack-internal:///(app-pages-browser)/./node_modules/next/dist/next-devtools/shared/forward-logs-shared.js:27
[28713895ms] [LOG] [cache-update] sid= null poleTags= 123 shapes= 0 @ webpack-internal:///(app-pages-browser)/./node_modules/next/dist/next-devtools/shared/forward-logs-shared.js:27
[28713896ms] [WARNING] [cache-update] skipping save — no sessionId or db @ webpack-internal:///(app-pages-browser)/./node_modules/next/dist/next-devtools/shared/forward-logs-shared.js:27
[28713928ms] [LOG] [cache-update] sid= null poleTags= 123 shapes= 0 @ webpack-internal:///(app-pages-browser)/./node_modules/next/dist/next-devtools/shared/forward-logs-shared.js:27
[28713928ms] [WARNING] [cache-update] skipping save — no sessionId or db @ webpack-internal:///(app-pages-browser)/./node_modules/next/dist/next-devtools/shared/forward-logs-shared.js:27
[28714088ms] [LOG] [cache-update] sid= null poleTags= 123 shapes= 0 @ webpack-internal:///(app-pages-browser)/./node_modules/next/dist/next-devtools/shared/forward-logs-shared.js:27
[28714088ms] [WARNING] [cache-update] skipping save — no sessionId or db @ webpack-internal:///(app-pages-browser)/./node_modules/next/dist/next-devtools/shared/forward-logs-shared.js:27
[28714088ms] [LOG] [cache-update] sid= null poleTags= 123 shapes= 0 @ webpack-internal:///(app-pages-browser)/./node_modules/next/dist/next-devtools/shared/forward-logs-shared.js:27
[28714088ms] [WARNING] [cache-update] skipping save — no sessionId or db @ webpack-internal:///(app-pages-browser)/./node_modules/next/dist/next-devtools/shared/forward-logs-shared.js:27
[28714089ms] [LOG] [cache-update] sid= null poleTags= 123 shapes= 0 @ webpack-internal:///(app-pages-browser)/./node_modules/next/dist/next-devtools/shared/forward-logs-shared.js:27
[28714089ms] [WARNING] [cache-update] skipping save — no sessionId or db @ webpack-internal:///(app-pages-browser)/./node_modules/next/dist/next-devtools/shared/forward-logs-shared.js:27
[28714390ms] [LOG] [cache-update] sid= null poleTags= 123 shapes= 0 @ webpack-internal:///(app-pages-browser)/./node_modules/next/dist/next-devtools/shared/forward-logs-shared.js:27
[28714390ms] [WARNING] [cache-update] skipping save — no sessionId or db @ webpack-internal:///(app-pages-browser)/./node_modules/next/dist/next-devtools/shared/forward-logs-shared.js:27
[28714620ms] [LOG] [cache-update] sid= null poleTags= 123 shapes= 0 @ webpack-internal:///(app-pages-browser)/./node_modules/next/dist/next-devtools/shared/forward-logs-shared.js:27
[28714620ms] [WARNING] [cache-update] skipping save — no sessionId or db @ webpack-internal:///(app-pages-browser)/./node_modules/next/dist/next-devtools/shared/forward-logs-shared.js:27
[28715019ms] [LOG] [cache-update] sid= null poleTags= 123 shapes= 0 @ webpack-internal:///(app-pages-browser)/./node_modules/next/dist/next-devtools/shared/forward-logs-shared.js:27
[28715020ms] [WARNING] [cache-update] skipping save — no sessionId or db @ webpack-internal:///(app-pages-browser)/./node_modules/next/dist/next-devtools/shared/forward-logs-shared.js:27
[28715189ms] [LOG] [cache-update] sid= null poleTags= 123 shapes= 0 @ webpack-internal:///(app-pages-browser)/./node_modules/next/dist/next-devtools/shared/forward-logs-shared.js:27
[28715189ms] [WARNING] [cache-update] skipping save — no sessionId or db @ webpack-internal:///(app-pages-browser)/./node_modules/next/dist/next-devtools/shared/forward-logs-shared.js:27
[28715189ms] [LOG] [cache-update] sid= null poleTags= 123 shapes= 0 @ webpack-internal:///(app-pages-browser)/./node_modules/next/dist/next-devtools/shared/forward-logs-shared.js:27
[28715189ms] [WARNING] [cache-update] skipping save — no sessionId or db @ webpack-internal:///(app-pages-browser)/./node_modules/next/dist/next-devtools/shared/forward-logs-shared.js:27
[28715189ms] [LOG] [cache-update] sid= null poleTags= 123 shapes= 0 @ webpack-internal:///(app-pages-browser)/./node_modules/next/dist/next-devtools/shared/forward-logs-shared.js:27
[28715190ms] [WARNING] [cache-update] skipping save — no sessionId or db @ webpack-internal:///(app-pages-browser)/./node_modules/next/dist/next-devtools/shared/forward-logs-shared.js:27
[28715642ms] [LOG] [cache-update] sid= null poleTags= 123 shapes= 0 @ webpack-internal:///(app-pages-browser)/./node_modules/next/dist/next-devtools/shared/forward-logs-shared.js:27
[28715642ms] [WARNING] [cache-update] skipping save — no sessionId or db @ webpack-internal:///(app-pages-browser)/./node_modules/next/dist/next-devtools/shared/forward-logs-shared.js:27
[28715895ms] [LOG] [cache-update] sid= null poleTags= 123 shapes= 0 @ webpack-internal:///(app-pages-browser)/./node_modules/next/dist/next-devtools/shared/forward-logs-shared.js:27
[28715895ms] [WARNING] [cache-update] skipping save — no sessionId or db @ webpack-internal:///(app-pages-browser)/./node_modules/next/dist/next-devtools/shared/forward-logs-shared.js:27
[28715941ms] [LOG] [cache-update] sid= null poleTags= 123 shapes= 0 @ webpack-internal:///(app-pages-browser)/./node_modules/next/dist/next-devtools/shared/forward-logs-shared.js:27
[28715942ms] [WARNING] [cache-update] skipping save — no sessionId or db @ webpack-internal:///(app-pages-browser)/./node_modules/next/dist/next-devtools/shared/forward-logs-shared.js:27
[28716086ms] [LOG] [cache-update] sid= null poleTags= 123 shapes= 0 @ webpack-internal:///(app-pages-browser)/./node_modules/next/dist/next-devtools/shared/forward-logs-shared.js:27
[28716086ms] [WARNING] [cache-update] skipping save — no sessionId or db @ webpack-internal:///(app-pages-browser)/./node_modules/next/dist/next-devtools/shared/forward-logs-shared.js:27
[28716473ms] [LOG] [cache-update] sid= null poleTags= 123 shapes= 0 @ webpack-internal:///(app-pages-browser)/./node_modules/next/dist/next-devtools/shared/forward-logs-shared.js:27
[28716473ms] [WARNING] [cache-update] skipping save — no sessionId or db @ webpack-internal:///(app-pages-browser)/./node_modules/next/dist/next-devtools/shared/forward-logs-shared.js:27
[28716609ms] [LOG] [cache-update] sid= null poleTags= 123 shapes= 0 @ webpack-internal:///(app-pages-browser)/./node_modules/next/dist/next-devtools/shared/forward-logs-shared.js:27
[28716609ms] [WARNING] [cache-update] skipping save — no sessionId or db @ webpack-internal:///(app-pages-browser)/./node_modules/next/dist/next-devtools/shared/forward-logs-shared.js:27
[28717040ms] [LOG] [cache-update] sid= null poleTags= 123 shapes= 0 @ webpack-internal:///(app-pages-browser)/./node_modules/next/dist/next-devtools/shared/forward-logs-shared.js:27
[28717040ms] [WARNING] [cache-update] skipping save — no sessionId or db @ webpack-internal:///(app-pages-browser)/./node_modules/next/dist/next-devtools/shared/forward-logs-shared.js:27
[28717222ms] [LOG] [cache-update] sid= null poleTags= 123 shapes= 0 @ webpack-internal:///(app-pages-browser)/./node_modules/next/dist/next-devtools/shared/forward-logs-shared.js:27
[28717222ms] [WARNING] [cache-update] skipping save — no sessionId or db @ webpack-internal:///(app-pages-browser)/./node_modules/next/dist/next-devtools/shared/forward-logs-shared.js:27
[28717260ms] [LOG] [cache-update] sid= null poleTags= 123 shapes= 0 @ webpack-internal:///(app-pages-browser)/./node_modules/next/dist/next-devtools/shared/forward-logs-shared.js:27
[28717260ms] [WARNING] [cache-update] skipping save — no sessionId or db @ webpack-internal:///(app-pages-browser)/./node_modules/next/dist/next-devtools/shared/forward-logs-shared.js:27
[28717421ms] [LOG] [cache-update] sid= null poleTags= 123 shapes= 0 @ webpack-internal:///(app-pages-browser)/./node_modules/next/dist/next-devtools/shared/forward-logs-shared.js:27
[28717422ms] [WARNING] [cache-update] skipping save — no sessionId or db @ webpack-internal:///(app-pages-browser)/./node_modules/next/dist/next-devtools/shared/forward-logs-shared.js:27
[28717422ms] [LOG] [cache-update] sid= null poleTags= 123 shapes= 0 @ webpack-internal:///(app-pages-browser)/./node_modules/next/dist/next-devtools/shared/forward-logs-shared.js:27
[28717423ms] [WARNING] [cache-update] skipping save — no sessionId or db @ webpack-internal:///(app-pages-browser)/./node_modules/next/dist/next-devtools/shared/forward-logs-shared.js:27
[28717675ms] [LOG] [cache-update] sid= null poleTags= 123 shapes= 0 @ webpack-internal:///(app-pages-browser)/./node_modules/next/dist/next-devtools/shared/forward-logs-shared.js:27
[28717676ms] [WARNING] [cache-update] skipping save — no sessionId or db @ webpack-internal:///(app-pages-browser)/./node_modules/next/dist/next-devtools/shared/forward-logs-shared.js:27
[28718485ms] [LOG] [cache-update] sid= null poleTags= 123 shapes= 0 @ webpack-internal:///(app-pages-browser)/./node_modules/next/dist/next-devtools/shared/forward-logs-shared.js:27
[28718485ms] [WARNING] [cache-update] skipping save — no sessionId or db @ webpack-internal:///(app-pages-browser)/./node_modules/next/dist/next-devtools/shared/forward-logs-shared.js:27
[28718689ms] [LOG] [cache-update] sid= null poleTags= 123 shapes= 0 @ webpack-internal:///(app-pages-browser)/./node_modules/next/dist/next-devtools/shared/forward-logs-shared.js:27
[28718690ms] [WARNING] [cache-update] skipping save — no sessionId or db @ webpack-internal:///(app-pages-browser)/./node_modules/next/dist/next-devtools/shared/forward-logs-shared.js:27
[28718902ms] [LOG] [cache-update] sid= null poleTags= 123 shapes= 0 @ webpack-internal:///(app-pages-browser)/./node_modules/next/dist/next-devtools/shared/forward-logs-shared.js:27
[28718902ms] [WARNING] [cache-update] skipping save — no sessionId or db @ webpack-internal:///(app-pages-browser)/./node_modules/next/dist/next-devtools/shared/forward-logs-shared.js:27
[28718902ms] [LOG] [cache-update] sid= null poleTags= 123 shapes= 0 @ webpack-internal:///(app-pages-browser)/./node_modules/next/dist/next-devtools/shared/forward-logs-shared.js:27
[28718902ms] [WARNING] [cache-update] skipping save — no sessionId or db @ webpack-internal:///(app-pages-browser)/./node_modules/next/dist/next-devtools/shared/forward-logs-shared.js:27
[28719142ms] [LOG] [cache-update] sid= null poleTags= 123 shapes= 0 @ webpack-internal:///(app-pages-browser)/./node_modules/next/dist/next-devtools/shared/forward-logs-shared.js:27
[28719142ms] [WARNING] [cache-update] skipping save — no sessionId or db @ webpack-internal:///(app-pages-browser)/./node_modules/next/dist/next-devtools/shared/forward-logs-shared.js:27
[28719143ms] [LOG] [cache-update] sid= null poleTags= 123 shapes= 0 @ webpack-internal:///(app-pages-browser)/./node_modules/next/dist/next-devtools/shared/forward-logs-shared.js:27
[28719143ms] [WARNING] [cache-update] skipping save — no sessionId or db @ webpack-internal:///(app-pages-browser)/./node_modules/next/dist/next-devtools/shared/forward-logs-shared.js:27
[28719536ms] [LOG] [cache-update] sid= null poleTags= 123 shapes= 0 @ webpack-internal:///(app-pages-browser)/./node_modules/next/dist/next-devtools/shared/forward-logs-shared.js:27
[28719537ms] [WARNING] [cache-update] skipping save — no sessionId or db @ webpack-internal:///(app-pages-browser)/./node_modules/next/dist/next-devtools/shared/forward-logs-shared.js:27
[28720182ms] [LOG] [cache-update] sid= null poleTags= 123 shapes= 0 @ webpack-internal:///(app-pages-browser)/./node_modules/next/dist/next-devtools/shared/forward-logs-shared.js:27
[28720183ms] [WARNING] [cache-update] skipping save — no sessionId or db @ webpack-internal:///(app-pages-browser)/./node_modules/next/dist/next-devtools/shared/forward-logs-shared.js:27
[28720406ms] [LOG] [cache-update] sid= null poleTags= 123 shapes= 0 @ webpack-internal:///(app-pages-browser)/./node_modules/next/dist/next-devtools/shared/forward-logs-shared.js:27
[28720406ms] [WARNING] [cache-update] skipping save — no sessionId or db @ webpack-internal:///(app-pages-browser)/./node_modules/next/dist/next-devtools/shared/forward-logs-shared.js:27
[28720407ms] [LOG] [cache-update] sid= null poleTags= 123 shapes= 0 @ webpack-internal:///(app-pages-browser)/./node_modules/next/dist/next-devtools/shared/forward-logs-shared.js:27
[28720407ms] [WARNING] [cache-update] skipping save — no sessionId or db @ webpack-internal:///(app-pages-browser)/./node_modules/next/dist/next-devtools/shared/forward-logs-shared.js:27
[28720407ms] [LOG] [cache-update] sid= null poleTags= 123 shapes= 0 @ webpack-internal:///(app-pages-browser)/./node_modules/next/dist/next-devtools/shared/forward-logs-shared.js:27
[28720407ms] [WARNING] [cache-update] skipping save — no sessionId or db @ webpack-internal:///(app-pages-browser)/./node_modules/next/dist/next-devtools/shared/forward-logs-shared.js:27
[28720408ms] [LOG] [cache-update] sid= null poleTags= 123 shapes= 0 @ webpack-internal:///(app-pages-browser)/./node_modules/next/dist/next-devtools/shared/forward-logs-shared.js:27
[28720408ms] [WARNING] [cache-update] skipping save — no sessionId or db @ webpack-internal:///(app-pages-browser)/./node_modules/next/dist/next-devtools/shared/forward-logs-shared.js:27
[28720595ms] [LOG] [cache-update] sid= null poleTags= 123 shapes= 0 @ webpack-internal:///(app-pages-browser)/./node_modules/next/dist/next-devtools/shared/forward-logs-shared.js:27
[28720595ms] [WARNING] [cache-update] skipping save — no sessionId or db @ webpack-internal:///(app-pages-browser)/./node_modules/next/dist/next-devtools/shared/forward-logs-shared.js:27
[28721139ms] [LOG] [cache-update] sid= null poleTags= 123 shapes= 0 @ webpack-internal:///(app-pages-browser)/./node_modules/next/dist/next-devtools/shared/forward-logs-shared.js:27
[28721139ms] [WARNING] [cache-update] skipping save — no sessionId or db @ webpack-internal:///(app-pages-browser)/./node_modules/next/dist/next-devtools/shared/forward-logs-shared.js:27
[28721600ms] [LOG] [cache-update] sid= null poleTags= 123 shapes= 0 @ webpack-internal:///(app-pages-browser)/./node_modules/next/dist/next-devtools/shared/forward-logs-shared.js:27
[28721600ms] [WARNING] [cache-update] skipping save — no sessionId or db @ webpack-internal:///(app-pages-browser)/./node_modules/next/dist/next-devtools/shared/forward-logs-shared.js:27
[28721767ms] [LOG] [cache-update] sid= null poleTags= 123 shapes= 0 @ webpack-internal:///(app-pages-browser)/./node_modules/next/dist/next-devtools/shared/forward-logs-shared.js:27
[28721767ms] [WARNING] [cache-update] skipping save — no sessionId or db @ webpack-internal:///(app-pages-browser)/./node_modules/next/dist/next-devtools/shared/forward-logs-shared.js:27
[28721767ms] [LOG] [cache-update] sid= null poleTags= 123 shapes= 0 @ webpack-internal:///(app-pages-browser)/./node_modules/next/dist/next-devtools/shared/forward-logs-shared.js:27
[28721767ms] [WARNING] [cache-update] skipping save — no sessionId or db @ webpack-internal:///(app-pages-browser)/./node_modules/next/dist/next-devtools/shared/forward-logs-shared.js:27
[28721767ms] [LOG] [cache-update] sid= null poleTags= 123 shapes= 0 @ webpack-internal:///(app-pages-browser)/./node_modules/next/dist/next-devtools/shared/forward-logs-shared.js:27
[28721767ms] [WARNING] [cache-update] skipping save — no sessionId or db @ webpack-internal:///(app-pages-browser)/./node_modules/next/dist/next-devtools/shared/forward-logs-shared.js:27
[28722474ms] [LOG] [cache-update] sid= null poleTags= 123 shapes= 0 @ webpack-internal:///(app-pages-browser)/./node_modules/next/dist/next-devtools/shared/forward-logs-shared.js:27
[28722474ms] [WARNING] [cache-update] skipping save — no sessionId or db @ webpack-internal:///(app-pages-browser)/./node_modules/next/dist/next-devtools/shared/forward-logs-shared.js:27
[28722764ms] [LOG] [cache-update] sid= null poleTags= 123 shapes= 0 @ webpack-internal:///(app-pages-browser)/./node_modules/next/dist/next-devtools/shared/forward-logs-shared.js:27
[28722764ms] [WARNING] [cache-update] skipping save — no sessionId or db @ webpack-internal:///(app-pages-browser)/./node_modules/next/dist/next-devtools/shared/forward-logs-shared.js:27
[28722958ms] [LOG] [cache-update] sid= null poleTags= 123 shapes= 0 @ webpack-internal:///(app-pages-browser)/./node_modules/next/dist/next-devtools/shared/forward-logs-shared.js:27
[28722958ms] [WARNING] [cache-update] skipping save — no sessionId or db @ webpack-internal:///(app-pages-browser)/./node_modules/next/dist/next-devtools/shared/forward-logs-shared.js:27
[28723110ms] [LOG] [cache-update] sid= null poleTags= 123 shapes= 0 @ webpack-internal:///(app-pages-browser)/./node_modules/next/dist/next-devtools/shared/forward-logs-shared.js:27
[28723110ms] [WARNING] [cache-update] skipping save — no sessionId or db @ webpack-internal:///(app-pages-browser)/./node_modules/next/dist/next-devtools/shared/forward-logs-shared.js:27
[28723297ms] [LOG] [cache-update] sid= null poleTags= 123 shapes= 0 @ webpack-internal:///(app-pages-browser)/./node_modules/next/dist/next-devtools/shared/forward-logs-shared.js:27
[28723297ms] [WARNING] [cache-update] skipping save — no sessionId or db @ webpack-internal:///(app-pages-browser)/./node_modules/next/dist/next-devtools/shared/forward-logs-shared.js:27
[28723438ms] [LOG] [cache-update] sid= null poleTags= 123 shapes= 0 @ webpack-internal:///(app-pages-browser)/./node_modules/next/dist/next-devtools/shared/forward-logs-shared.js:27
[28723438ms] [WARNING] [cache-update] skipping save — no sessionId or db @ webpack-internal:///(app-pages-browser)/./node_modules/next/dist/next-devtools/shared/forward-logs-shared.js:27
[28723645ms] [LOG] [cache-update] sid= null poleTags= 123 shapes= 0 @ webpack-internal:///(app-pages-browser)/./node_modules/next/dist/next-devtools/shared/forward-logs-shared.js:27
[28723645ms] [WARNING] [cache-update] skipping save — no sessionId or db @ webpack-internal:///(app-pages-browser)/./node_modules/next/dist/next-devtools/shared/forward-logs-shared.js:27
[28723742ms] [LOG] [cache-update] sid= null poleTags= 123 shapes= 0 @ webpack-internal:///(app-pages-browser)/./node_modules/next/dist/next-devtools/shared/forward-logs-shared.js:27
[28723742ms] [WARNING] [cache-update] skipping save — no sessionId or db @ webpack-internal:///(app-pages-browser)/./node_modules/next/dist/next-devtools/shared/forward-logs-shared.js:27
[28723781ms] [LOG] [cache-update] sid= null poleTags= 123 shapes= 0 @ webpack-internal:///(app-pages-browser)/./node_modules/next/dist/next-devtools/shared/forward-logs-shared.js:27
[28723781ms] [WARNING] [cache-update] skipping save — no sessionId or db @ webpack-internal:///(app-pages-browser)/./node_modules/next/dist/next-devtools/shared/forward-logs-shared.js:27
[28723954ms] [LOG] [cache-update] sid= null poleTags= 123 shapes= 0 @ webpack-internal:///(app-pages-browser)/./node_modules/next/dist/next-devtools/shared/forward-logs-shared.js:27
[28723954ms] [WARNING] [cache-update] skipping save — no sessionId or db @ webpack-internal:///(app-pages-browser)/./node_modules/next/dist/next-devtools/shared/forward-logs-shared.js:27
[28723955ms] [LOG] [cache-update] sid= null poleTags= 123 shapes= 0 @ webpack-internal:///(app-pages-browser)/./node_modules/next/dist/next-devtools/shared/forward-logs-shared.js:27
[28723955ms] [WARNING] [cache-update] skipping save — no sessionId or db @ webpack-internal:///(app-pages-browser)/./node_modules/next/dist/next-devtools/shared/forward-logs-shared.js:27
[28723955ms] [LOG] [cache-update] sid= null poleTags= 123 shapes= 0 @ webpack-internal:///(app-pages-browser)/./node_modules/next/dist/next-devtools/shared/forward-logs-shared.js:27
[28723955ms] [WARNING] [cache-update] skipping save — no sessionId or db @ webpack-internal:///(app-pages-browser)/./node_modules/next/dist/next-devtools/shared/forward-logs-shared.js:27
[28724638ms] [LOG] [cache-update] sid= null poleTags= 123 shapes= 0 @ webpack-internal:///(app-pages-browser)/./node_modules/next/dist/next-devtools/shared/forward-logs-shared.js:27
[28724638ms] [WARNING] [cache-update] skipping save — no sessionId or db @ webpack-internal:///(app-pages-browser)/./node_modules/next/dist/next-devtools/shared/forward-logs-shared.js:27
[28724782ms] [LOG] [cache-update] sid= null poleTags= 123 shapes= 0 @ webpack-internal:///(app-pages-browser)/./node_modules/next/dist/next-devtools/shared/forward-logs-shared.js:27
[28724782ms] [WARNING] [cache-update] skipping save — no sessionId or db @ webpack-internal:///(app-pages-browser)/./node_modules/next/dist/next-devtools/shared/forward-logs-shared.js:27
[28724810ms] [LOG] [cache-update] sid= null poleTags= 123 shapes= 0 @ webpack-internal:///(app-pages-browser)/./node_modules/next/dist/next-devtools/shared/forward-logs-shared.js:27
[28724811ms] [WARNING] [cache-update] skipping save — no sessionId or db @ webpack-internal:///(app-pages-browser)/./node_modules/next/dist/next-devtools/shared/forward-logs-shared.js:27
[28724942ms] [LOG] [cache-update] sid= null poleTags= 123 shapes= 0 @ webpack-internal:///(app-pages-browser)/./node_modules/next/dist/next-devtools/shared/forward-logs-shared.js:27
[28724942ms] [WARNING] [cache-update] skipping save — no sessionId or db @ webpack-internal:///(app-pages-browser)/./node_modules/next/dist/next-devtools/shared/forward-logs-shared.js:27
[28725078ms] [LOG] [cache-update] sid= null poleTags= 123 shapes= 0 @ webpack-internal:///(app-pages-browser)/./node_modules/next/dist/next-devtools/shared/forward-logs-shared.js:27
[28725079ms] [WARNING] [cache-update] skipping save — no sessionId or db @ webpack-internal:///(app-pages-browser)/./node_modules/next/dist/next-devtools/shared/forward-logs-shared.js:27
[28725107ms] [LOG] [cache-update] sid= null poleTags= 123 shapes= 0 @ webpack-internal:///(app-pages-browser)/./node_modules/next/dist/next-devtools/shared/forward-logs-shared.js:27
[28725107ms] [WARNING] [cache-update] skipping save — no sessionId or db @ webpack-internal:///(app-pages-browser)/./node_modules/next/dist/next-devtools/shared/forward-logs-shared.js:27
[28725357ms] [LOG] [cache-update] sid= null poleTags= 123 shapes= 0 @ webpack-internal:///(app-pages-browser)/./node_modules/next/dist/next-devtools/shared/forward-logs-shared.js:27
[28725357ms] [WARNING] [cache-update] skipping save — no sessionId or db @ webpack-internal:///(app-pages-browser)/./node_modules/next/dist/next-devtools/shared/forward-logs-shared.js:27
[28725703ms] [LOG] [cache-update] sid= null poleTags= 123 shapes= 0 @ webpack-internal:///(app-pages-browser)/./node_modules/next/dist/next-devtools/shared/forward-logs-shared.js:27
[28725703ms] [WARNING] [cache-update] skipping save — no sessionId or db @ webpack-internal:///(app-pages-browser)/./node_modules/next/dist/next-devtools/shared/forward-logs-shared.js:27
[28725823ms] [LOG] [cache-update] sid= null poleTags= 123 shapes= 0 @ webpack-internal:///(app-pages-browser)/./node_modules/next/dist/next-devtools/shared/forward-logs-shared.js:27
[28725823ms] [WARNING] [cache-update] skipping save — no sessionId or db @ webpack-internal:///(app-pages-browser)/./node_modules/next/dist/next-devtools/shared/forward-logs-shared.js:27
[28725823ms] [LOG] [cache-update] sid= null poleTags= 123 shapes= 0 @ webpack-internal:///(app-pages-browser)/./node_modules/next/dist/next-devtools/shared/forward-logs-shared.js:27
[28725823ms] [WARNING] [cache-update] skipping save — no sessionId or db @ webpack-internal:///(app-pages-browser)/./node_modules/next/dist/next-devtools/shared/forward-logs-shared.js:27
[28725936ms] [LOG] [cache-update] sid= null poleTags= 123 shapes= 0 @ webpack-internal:///(app-pages-browser)/./node_modules/next/dist/next-devtools/shared/forward-logs-shared.js:27
[28725936ms] [WARNING] [cache-update] skipping save — no sessionId or db @ webpack-internal:///(app-pages-browser)/./node_modules/next/dist/next-devtools/shared/forward-logs-shared.js:27
[28726082ms] [LOG] [cache-update] sid= null poleTags= 123 shapes= 0 @ webpack-internal:///(app-pages-browser)/./node_modules/next/dist/next-devtools/shared/forward-logs-shared.js:27
[28726082ms] [WARNING] [cache-update] skipping save — no sessionId or db @ webpack-internal:///(app-pages-browser)/./node_modules/next/dist/next-devtools/shared/forward-logs-shared.js:27
[28726128ms] [LOG] [cache-update] sid= null poleTags= 123 shapes= 0 @ webpack-internal:///(app-pages-browser)/./node_modules/next/dist/next-devtools/shared/forward-logs-shared.js:27
[28726129ms] [WARNING] [cache-update] skipping save — no sessionId or db @ webpack-internal:///(app-pages-browser)/./node_modules/next/dist/next-devtools/shared/forward-logs-shared.js:27
[28726270ms] [LOG] [cache-update] sid= null poleTags= 123 shapes= 0 @ webpack-internal:///(app-pages-browser)/./node_modules/next/dist/next-devtools/shared/forward-logs-shared.js:27
[28726271ms] [WARNING] [cache-update] skipping save — no sessionId or db @ webpack-internal:///(app-pages-browser)/./node_modules/next/dist/next-devtools/shared/forward-logs-shared.js:27
[28726418ms] [LOG] [cache-update] sid= null poleTags= 123 shapes= 0 @ webpack-internal:///(app-pages-browser)/./node_modules/next/dist/next-devtools/shared/forward-logs-shared.js:27
[28726418ms] [WARNING] [cache-update] skipping save — no sessionId or db @ webpack-internal:///(app-pages-browser)/./node_modules/next/dist/next-devtools/shared/forward-logs-shared.js:27
[28726495ms] [LOG] [cache-update] sid= null poleTags= 123 shapes= 0 @ webpack-internal:///(app-pages-browser)/./node_modules/next/dist/next-devtools/shared/forward-logs-shared.js:27
[28726495ms] [WARNING] [cache-update] skipping save — no sessionId or db @ webpack-internal:///(app-pages-browser)/./node_modules/next/dist/next-devtools/shared/forward-logs-shared.js:27
[28726665ms] [LOG] [cache-update] sid= null poleTags= 123 shapes= 0 @ webpack-internal:///(app-pages-browser)/./node_modules/next/dist/next-devtools/shared/forward-logs-shared.js:27
[28726666ms] [WARNING] [cache-update] skipping save — no sessionId or db @ webpack-internal:///(app-pages-browser)/./node_modules/next/dist/next-devtools/shared/forward-logs-shared.js:27
[28726719ms] [LOG] [cache-update] sid= null poleTags= 123 shapes= 0 @ webpack-internal:///(app-pages-browser)/./node_modules/next/dist/next-devtools/shared/forward-logs-shared.js:27
[28726720ms] [WARNING] [cache-update] skipping save — no sessionId or db @ webpack-internal:///(app-pages-browser)/./node_modules/next/dist/next-devtools/shared/forward-logs-shared.js:27
[28726949ms] [LOG] [cache-update] sid= null poleTags= 123 shapes= 0 @ webpack-internal:///(app-pages-browser)/./node_modules/next/dist/next-devtools/shared/forward-logs-shared.js:27
[28726950ms] [WARNING] [cache-update] skipping save — no sessionId or db @ webpack-internal:///(app-pages-browser)/./node_modules/next/dist/next-devtools/shared/forward-logs-shared.js:27
[28727097ms] [LOG] [cache-update] sid= null poleTags= 123 shapes= 0 @ webpack-internal:///(app-pages-browser)/./node_modules/next/dist/next-devtools/shared/forward-logs-shared.js:27
[28727097ms] [WARNING] [cache-update] skipping save — no sessionId or db @ webpack-internal:///(app-pages-browser)/./node_modules/next/dist/next-devtools/shared/forward-logs-shared.js:27
[28727098ms] [LOG] [cache-update] sid= null poleTags= 123 shapes= 0 @ webpack-internal:///(app-pages-browser)/./node_modules/next/dist/next-devtools/shared/forward-logs-shared.js:27
[28727098ms] [WARNING] [cache-update] skipping save — no sessionId or db @ webpack-internal:///(app-pages-browser)/./node_modules/next/dist/next-devtools/shared/forward-logs-shared.js:27
[28727224ms] [LOG] [cache-update] sid= null poleTags= 123 shapes= 0 @ webpack-internal:///(app-pages-browser)/./node_modules/next/dist/next-devtools/shared/forward-logs-shared.js:27
[28727224ms] [WARNING] [cache-update] skipping save — no sessionId or db @ webpack-internal:///(app-pages-browser)/./node_modules/next/dist/next-devtools/shared/forward-logs-shared.js:27
[28727406ms] [LOG] [cache-update] sid= null poleTags= 123 shapes= 0 @ webpack-internal:///(app-pages-browser)/./node_modules/next/dist/next-devtools/shared/forward-logs-shared.js:27
[28727406ms] [WARNING] [cache-update] skipping save — no sessionId or db @ webpack-internal:///(app-pages-browser)/./node_modules/next/dist/next-devtools/shared/forward-logs-shared.js:27
[28727601ms] [LOG] [cache-update] sid= null poleTags= 123 shapes= 0 @ webpack-internal:///(app-pages-browser)/./node_modules/next/dist/next-devtools/shared/forward-logs-shared.js:27
[28727601ms] [WARNING] [cache-update] skipping save — no sessionId or db @ webpack-internal:///(app-pages-browser)/./node_modules/next/dist/next-devtools/shared/forward-logs-shared.js:27
[28870433ms] [ERROR] Unable to preventDefault inside passive event listener invocation. @ webpack-internal:///(app-pages-browser)/./node_modules/next/dist/compiled/react-dom/cjs/react-dom-client.development.js:3511
[28870451ms] [ERROR] Unable to preventDefault inside passive event listener invocation. @ webpack-internal:///(app-pages-browser)/./node_modules/next/dist/compiled/react-dom/cjs/react-dom-client.development.js:3511
[28870484ms] [ERROR] Unable to preventDefault inside passive event listener invocation. @ webpack-internal:///(app-pages-browser)/./node_modules/next/dist/compiled/react-dom/cjs/react-dom-client.development.js:3511
[28870686ms] [ERROR] Unable to preventDefault inside passive event listener invocation. @ webpack-internal:///(app-pages-browser)/./node_modules/next/dist/compiled/react-dom/cjs/react-dom-client.development.js:3511
[28870729ms] [ERROR] Unable to preventDefault inside passive event listener invocation. @ webpack-internal:///(app-pages-browser)/./node_modules/next/dist/compiled/react-dom/cjs/react-dom-client.development.js:3511
[28870794ms] [ERROR] Unable to preventDefault inside passive event listener invocation. @ webpack-internal:///(app-pages-browser)/./node_modules/next/dist/compiled/react-dom/cjs/react-dom-client.development.js:3511
[28877783ms] [ERROR] Unable to preventDefault inside passive event listener invocation. @ webpack-internal:///(app-pages-browser)/./node_modules/next/dist/compiled/react-dom/cjs/react-dom-client.development.js:3511
[28877807ms] [ERROR] Unable to preventDefault inside passive event listener invocation. @ webpack-internal:///(app-pages-browser)/./node_modules/next/dist/compiled/react-dom/cjs/react-dom-client.development.js:3511
[28877857ms] [ERROR] Unable to preventDefault inside passive event listener invocation. @ webpack-internal:///(app-pages-browser)/./node_modules/next/dist/compiled/react-dom/cjs/react-dom-client.development.js:3511
[28877904ms] [ERROR] Unable to preventDefault inside passive event listener invocation. @ webpack-internal:///(app-pages-browser)/./node_modules/next/dist/compiled/react-dom/cjs/react-dom-client.development.js:3511
[28878137ms] [ERROR] Unable to preventDefault inside passive event listener invocation. @ webpack-internal:///(app-pages-browser)/./node_modules/next/dist/compiled/react-dom/cjs/react-dom-client.development.js:3511
[28878144ms] [ERROR] Unable to preventDefault inside passive event listener invocation. @ webpack-internal:///(app-pages-browser)/./node_modules/next/dist/compiled/react-dom/cjs/react-dom-client.development.js:3511
[28878358ms] [ERROR] Unable to preventDefault inside passive event listener invocation. @ webpack-internal:///(app-pages-browser)/./node_modules/next/dist/compiled/react-dom/cjs/react-dom-client.development.js:3511
[28878408ms] [ERROR] Unable to preventDefault inside passive event listener invocation. @ webpack-internal:///(app-pages-browser)/./node_modules/next/dist/compiled/react-dom/cjs/react-dom-client.development.js:3511
[28878669ms] [ERROR] Unable to preventDefault inside passive event listener invocation. @ webpack-internal:///(app-pages-browser)/./node_modules/next/dist/compiled/react-dom/cjs/react-dom-client.development.js:3511
[28878752ms] [ERROR] Unable to preventDefault inside passive event listener invocation. @ webpack-internal:///(app-pages-browser)/./node_modules/next/dist/compiled/react-dom/cjs/react-dom-client.development.js:3511
[28879254ms] [ERROR] Unable to preventDefault inside passive event listener invocation. @ webpack-internal:///(app-pages-browser)/./node_modules/next/dist/compiled/react-dom/cjs/react-dom-client.development.js:3511
[28879287ms] [ERROR] Unable to preventDefault inside passive event listener invocation. @ webpack-internal:///(app-pages-browser)/./node_modules/next/dist/compiled/react-dom/cjs/react-dom-client.development.js:3511
[28879301ms] [ERROR] Unable to preventDefault inside passive event listener invocation. @ webpack-internal:///(app-pages-browser)/./node_modules/next/dist/compiled/react-dom/cjs/react-dom-client.development.js:3511
[28879322ms] [ERROR] Unable to preventDefault inside passive event listener invocation. @ webpack-internal:///(app-pages-browser)/./node_modules/next/dist/compiled/react-dom/cjs/react-dom-client.development.js:3511
[28879770ms] [ERROR] Unable to preventDefault inside passive event listener invocation. @ webpack-internal:///(app-pages-browser)/./node_modules/next/dist/compiled/react-dom/cjs/react-dom-client.development.js:3511
[28879809ms] [ERROR] Unable to preventDefault inside passive event listener invocation. @ webpack-internal:///(app-pages-browser)/./node_modules/next/dist/compiled/react-dom/cjs/react-dom-client.development.js:3511
[28880149ms] [ERROR] Unable to preventDefault inside passive event listener invocation. @ webpack-internal:///(app-pages-browser)/./node_modules/next/dist/compiled/react-dom/cjs/react-dom-client.development.js:3511
[28880168ms] [ERROR] Unable to preventDefault inside passive event listener invocation. @ webpack-internal:///(app-pages-browser)/./node_modules/next/dist/compiled/react-dom/cjs/react-dom-client.development.js:3511
[28880392ms] [ERROR] Unable to preventDefault inside passive event listener invocation. @ webpack-internal:///(app-pages-browser)/./node_modules/next/dist/compiled/react-dom/cjs/react-dom-client.development.js:3511
[28880405ms] [ERROR] Unable to preventDefault inside passive event listener invocation. @ webpack-internal:///(app-pages-browser)/./node_modules/next/dist/compiled/react-dom/cjs/react-dom-client.development.js:3511
[28880418ms] [ERROR] Unable to preventDefault inside passive event listener invocation. @ webpack-internal:///(app-pages-browser)/./node_modules/next/dist/compiled/react-dom/cjs/react-dom-client.development.js:3511
[28880458ms] [ERROR] Unable to preventDefault inside passive event listener invocation. @ webpack-internal:///(app-pages-browser)/./node_modules/next/dist/compiled/react-dom/cjs/react-dom-client.development.js:3511
[28880663ms] [ERROR] Unable to preventDefault inside passive event listener invocation. @ webpack-internal:///(app-pages-browser)/./node_modules/next/dist/compiled/react-dom/cjs/react-dom-client.development.js:3511
[28880693ms] [ERROR] Unable to preventDefault inside passive event listener invocation. @ webpack-internal:///(app-pages-browser)/./node_modules/next/dist/compiled/react-dom/cjs/react-dom-client.development.js:3511
[28880711ms] [ERROR] Unable to preventDefault inside passive event listener invocation. @ webpack-internal:///(app-pages-browser)/./node_modules/next/dist/compiled/react-dom/cjs/react-dom-client.development.js:3511
[28906766ms] [ERROR] Failed to load resource: the server responded with a status of 500 (Internal Server Error) @ http://localhost:3000/api/v1/cable_spans/derive:0
[28906819ms] [LOG] [Fast Refresh] rebuilding @ webpack-internal:///(app-pages-browser)/./node_modules/next/dist/next-devtools/shared/forward-logs-shared.js:27
[28908837ms] [ERROR] Unable to preventDefault inside passive event listener invocation. @ webpack-internal:///(app-pages-browser)/./node_modules/next/dist/compiled/react-dom/cjs/react-dom-client.development.js:3511
[28908853ms] [ERROR] Unable to preventDefault inside passive event listener invocation. @ webpack-internal:///(app-pages-browser)/./node_modules/next/dist/compiled/react-dom/cjs/react-dom-client.development.js:3511
[28908876ms] [ERROR] Unable to preventDefault inside passive event listener invocation. @ webpack-internal:///(app-pages-browser)/./node_modules/next/dist/compiled/react-dom/cjs/react-dom-client.development.js:3511
[28908885ms] [ERROR] Unable to preventDefault inside passive event listener invocation. @ webpack-internal:///(app-pages-browser)/./node_modules/next/dist/compiled/react-dom/cjs/react-dom-client.development.js:3511
[28908911ms] [ERROR] Unable to preventDefault inside passive event listener invocation. @ webpack-internal:///(app-pages-browser)/./node_modules/next/dist/compiled/react-dom/cjs/react-dom-client.development.js:3511
[28909104ms] [ERROR] Unable to preventDefault inside passive event listener invocation. @ webpack-internal:///(app-pages-browser)/./node_modules/next/dist/compiled/react-dom/cjs/react-dom-client.development.js:3511
[28909125ms] [ERROR] Unable to preventDefault inside passive event listener invocation. @ webpack-internal:///(app-pages-browser)/./node_modules/next/dist/compiled/react-dom/cjs/react-dom-client.development.js:3511
[28909140ms] [ERROR] Unable to preventDefault inside passive event listener invocation. @ webpack-internal:///(app-pages-browser)/./node_modules/next/dist/compiled/react-dom/cjs/react-dom-client.development.js:3511
[28909151ms] [ERROR] Unable to preventDefault inside passive event listener invocation. @ webpack-internal:///(app-pages-browser)/./node_modules/next/dist/compiled/react-dom/cjs/react-dom-client.development.js:3511
[28909370ms] [ERROR] Unable to preventDefault inside passive event listener invocation. @ webpack-internal:///(app-pages-browser)/./node_modules/next/dist/compiled/react-dom/cjs/react-dom-client.development.js:3511
[28909387ms] [ERROR] Unable to preventDefault inside passive event listener invocation. @ webpack-internal:///(app-pages-browser)/./node_modules/next/dist/compiled/react-dom/cjs/react-dom-client.development.js:3511
[28909404ms] [ERROR] Unable to preventDefault inside passive event listener invocation. @ webpack-internal:///(app-pages-browser)/./node_modules/next/dist/compiled/react-dom/cjs/react-dom-client.development.js:3511
[28909553ms] [LOG] [Fast Refresh] rebuilding @ webpack-internal:///(app-pages-browser)/./node_modules/next/dist/next-devtools/shared/forward-logs-shared.js:27
[28909641ms] [ERROR] Unable to preventDefault inside passive event listener invocation. @ webpack-internal:///(app-pages-browser)/./node_modules/next/dist/compiled/react-dom/cjs/react-dom-client.development.js:3511
[28909656ms] [ERROR] Unable to preventDefault inside passive event listener invocation. @ webpack-internal:///(app-pages-browser)/./node_modules/next/dist/compiled/react-dom/cjs/react-dom-client.development.js:3511
[28909672ms] [ERROR] Unable to preventDefault inside passive event listener invocation. @ webpack-internal:///(app-pages-browser)/./node_modules/next/dist/compiled/react-dom/cjs/react-dom-client.development.js:3511
[28909688ms] [ERROR] Unable to preventDefault inside passive event listener invocation. @ webpack-internal:///(app-pages-browser)/./node_modules/next/dist/compiled/react-dom/cjs/react-dom-client.development.js:3511
[28909762ms] [LOG] [Fast Refresh] done in 208ms @ webpack-internal:///(app-pages-browser)/./node_modules/next/dist/next-devtools/shared/forward-logs-shared.js:27
[28916096ms] [LOG] [Fast Refresh] done in 6544ms @ webpack-internal:///(app-pages-browser)/./node_modules/next/dist/next-devtools/shared/forward-logs-shared.js:27
[28932438ms] [ERROR] Unable to preventDefault inside passive event listener invocation. @ webpack-internal:///(app-pages-browser)/./node_modules/next/dist/compiled/react-dom/cjs/react-dom-client.development.js:3511
[28932447ms] [ERROR] Unable to preventDefault inside passive event listener invocation. @ webpack-internal:///(app-pages-browser)/./node_modules/next/dist/compiled/react-dom/cjs/react-dom-client.development.js:3511
[28932460ms] [ERROR] Unable to preventDefault inside passive event listener invocation. @ webpack-internal:///(app-pages-browser)/./node_modules/next/dist/compiled/react-dom/cjs/react-dom-client.development.js:3511
[28932656ms] [ERROR] Unable to preventDefault inside passive event listener invocation. @ webpack-internal:///(app-pages-browser)/./node_modules/next/dist/compiled/react-dom/cjs/react-dom-client.development.js:3511
[28932675ms] [ERROR] Unable to preventDefault inside passive event listener invocation. @ webpack-internal:///(app-pages-browser)/./node_modules/next/dist/compiled/react-dom/cjs/react-dom-client.development.js:3511
[28932699ms] [ERROR] Unable to preventDefault inside passive event listener invocation. @ webpack-internal:///(app-pages-browser)/./node_modules/next/dist/compiled/react-dom/cjs/react-dom-client.development.js:3511
[28932922ms] [ERROR] Unable to preventDefault inside passive event listener invocation. @ webpack-internal:///(app-pages-browser)/./node_modules/next/dist/compiled/react-dom/cjs/react-dom-client.development.js:3511
[28932938ms] [ERROR] Unable to preventDefault inside passive event listener invocation. @ webpack-internal:///(app-pages-browser)/./node_modules/next/dist/compiled/react-dom/cjs/react-dom-client.development.js:3511
[28932971ms] [ERROR] Unable to preventDefault inside passive event listener invocation. @ webpack-internal:///(app-pages-browser)/./node_modules/next/dist/compiled/react-dom/cjs/react-dom-client.development.js:3511
[28944373ms] [ERROR] Unable to preventDefault inside passive event listener invocation. @ webpack-internal:///(app-pages-browser)/./node_modules/next/dist/compiled/react-dom/cjs/react-dom-client.development.js:3511
[28944424ms] [ERROR] Unable to preventDefault inside passive event listener invocation. @ webpack-internal:///(app-pages-browser)/./node_modules/next/dist/compiled/react-dom/cjs/react-dom-client.development.js:3511
[28944442ms] [ERROR] Unable to preventDefault inside passive event listener invocation. @ webpack-internal:///(app-pages-browser)/./node_modules/next/dist/compiled/react-dom/cjs/react-dom-client.development.js:3511
[28944639ms] [ERROR] Unable to preventDefault inside passive event listener invocation. @ webpack-internal:///(app-pages-browser)/./node_modules/next/dist/compiled/react-dom/cjs/react-dom-client.development.js:3511
[28944686ms] [ERROR] Unable to preventDefault inside passive event listener invocation. @ webpack-internal:///(app-pages-browser)/./node_modules/next/dist/compiled/react-dom/cjs/react-dom-client.development.js:3511
[28944731ms] [ERROR] Unable to preventDefault inside passive event listener invocation. @ webpack-internal:///(app-pages-browser)/./node_modules/next/dist/compiled/react-dom/cjs/react-dom-client.development.js:3511
[28944960ms] [ERROR] Unable to preventDefault inside passive event listener invocation. @ webpack-internal:///(app-pages-browser)/./node_modules/next/dist/compiled/react-dom/cjs/react-dom-client.development.js:3511
[28944983ms] [ERROR] Unable to preventDefault inside passive event listener invocation. @ webpack-internal:///(app-pages-browser)/./node_modules/next/dist/compiled/react-dom/cjs/react-dom-client.development.js:3511
[28945007ms] [ERROR] Unable to preventDefault inside passive event listener invocation. @ webpack-internal:///(app-pages-browser)/./node_modules/next/dist/compiled/react-dom/cjs/react-dom-client.development.js:3511
[28945737ms] [ERROR] Unable to preventDefault inside passive event listener invocation. @ webpack-internal:///(app-pages-browser)/./node_modules/next/dist/compiled/react-dom/cjs/react-dom-client.development.js:3511
[28945758ms] [ERROR] Unable to preventDefault inside passive event listener invocation. @ webpack-internal:///(app-pages-browser)/./node_modules/next/dist/compiled/react-dom/cjs/react-dom-client.development.js:3511
[28945806ms] [ERROR] Unable to preventDefault inside passive event listener invocation. @ webpack-internal:///(app-pages-browser)/./node_modules/next/dist/compiled/react-dom/cjs/react-dom-client.development.js:3511
[28964235ms] [ERROR] Failed to load resource: the server responded with a status of 502 (Bad Gateway) @ http://localhost:3000/api/pole_tags:0
[28966017ms] [ERROR] Failed to load resource: the server responded with a status of 502 (Bad Gateway) @ http://localhost:3000/api/pole_tags:0
[28967993ms] [ERROR] Failed to load resource: the server responded with a status of 502 (Bad Gateway) @ http://localhost:3000/api/pole_tags:0
[28969973ms] [ERROR] Failed to load resource: the server responded with a status of 502 (Bad Gateway) @ http://localhost:3000/api/pole_tags:0
[28972106ms] [ERROR] Failed to load resource: the server responded with a status of 502 (Bad Gateway) @ http://localhost:3000/api/pole_tags:0
[28974546ms] [ERROR] Failed to load resource: the server responded with a status of 502 (Bad Gateway) @ http://localhost:3000/api/pole_tags:0
[28976052ms] [ERROR] Failed to load resource: the server responded with a status of 502 (Bad Gateway) @ http://localhost:3000/api/pole_tags:0
[28977987ms] [ERROR] Failed to load resource: the server responded with a status of 502 (Bad Gateway) @ http://localhost:3000/api/pole_tags:0
[28982694ms] [ERROR] Failed to load resource: the server responded with a status of 502 (Bad Gateway) @ http://localhost:3000/api/pole_tags:0
[28984715ms] [ERROR] Failed to load resource: the server responded with a status of 502 (Bad Gateway) @ http://localhost:3000/api/pole_tags:0
[28987250ms] [ERROR] Failed to load resource: the server responded with a status of 502 (Bad Gateway) @ http://localhost:3000/api/pole_tags:0
[28988718ms] [ERROR] Failed to load resource: the server responded with a status of 502 (Bad Gateway) @ http://localhost:3000/api/pole_tags:0
[28990627ms] [ERROR] Failed to load resource: the server responded with a status of 502 (Bad Gateway) @ http://localhost:3000/api/pole_tags:0
[28992797ms] [ERROR] Failed to load resource: the server responded with a status of 502 (Bad Gateway) @ http://localhost:3000/api/pole_tags:0
[28994628ms] [ERROR] Failed to load resource: the server responded with a status of 502 (Bad Gateway) @ http://localhost:3000/api/pole_tags:0
[28996634ms] [ERROR] Failed to load resource: the server responded with a status of 502 (Bad Gateway) @ http://localhost:3000/api/pole_tags:0
[28998628ms] [ERROR] Failed to load resource: the server responded with a status of 502 (Bad Gateway) @ http://localhost:3000/api/pole_tags:0
[29000640ms] [ERROR] Failed to load resource: the server responded with a status of 502 (Bad Gateway) @ http://localhost:3000/api/pole_tags:0
[29002639ms] [ERROR] Failed to load resource: the server responded with a status of 502 (Bad Gateway) @ http://localhost:3000/api/pole_tags:0
[29004634ms] [ERROR] Failed to load resource: the server responded with a status of 502 (Bad Gateway) @ http://localhost:3000/api/pole_tags:0
[29006650ms] [ERROR] Failed to load resource: the server responded with a status of 502 (Bad Gateway) @ http://localhost:3000/api/pole_tags:0
[29008640ms] [ERROR] Failed to load resource: the server responded with a status of 502 (Bad Gateway) @ http://localhost:3000/api/pole_tags:0
[29010623ms] [ERROR] Failed to load resource: the server responded with a status of 502 (Bad Gateway) @ http://localhost:3000/api/pole_tags:0
[29012774ms] [ERROR] Failed to load resource: the server responded with a status of 502 (Bad Gateway) @ http://localhost:3000/api/pole_tags:0
[29014842ms] [ERROR] Failed to load resource: the server responded with a status of 502 (Bad Gateway) @ http://localhost:3000/api/pole_tags:0
[29016616ms] [ERROR] Failed to load resource: the server responded with a status of 502 (Bad Gateway) @ http://localhost:3000/api/pole_tags:0
[29018621ms] [ERROR] Failed to load resource: the server responded with a status of 502 (Bad Gateway) @ http://localhost:3000/api/pole_tags:0
[29020628ms] [ERROR] Failed to load resource: the server responded with a status of 502 (Bad Gateway) @ http://localhost:3000/api/pole_tags:0
[29022632ms] [ERROR] Failed to load resource: the server responded with a status of 502 (Bad Gateway) @ http://localhost:3000/api/pole_tags:0
[29024625ms] [ERROR] Failed to load resource: the server responded with a status of 502 (Bad Gateway) @ http://localhost:3000/api/pole_tags:0
[29026650ms] [ERROR] Failed to load resource: the server responded with a status of 502 (Bad Gateway) @ http://localhost:3000/api/pole_tags:0
[29028892ms] [ERROR] Failed to load resource: the server responded with a status of 502 (Bad Gateway) @ http://localhost:3000/api/pole_tags:0
[29030630ms] [ERROR] Failed to load resource: the server responded with a status of 502 (Bad Gateway) @ http://localhost:3000/api/pole_tags:0
[29032650ms] [ERROR] Failed to load resource: the server responded with a status of 502 (Bad Gateway) @ http://localhost:3000/api/pole_tags:0
[29034631ms] [ERROR] Failed to load resource: the server responded with a status of 502 (Bad Gateway) @ http://localhost:3000/api/pole_tags:0
[29036651ms] [ERROR] Failed to load resource: the server responded with a status of 502 (Bad Gateway) @ http://localhost:3000/api/pole_tags:0
[29038628ms] [ERROR] Failed to load resource: the server responded with a status of 502 (Bad Gateway) @ http://localhost:3000/api/pole_tags:0
[29040706ms] [ERROR] Failed to load resource: the server responded with a status of 502 (Bad Gateway) @ http://localhost:3000/api/pole_tags:0
[29042637ms] [ERROR] Failed to load resource: the server responded with a status of 502 (Bad Gateway) @ http://localhost:3000/api/pole_tags:0
[29044654ms] [ERROR] Failed to load resource: the server responded with a status of 502 (Bad Gateway) @ http://localhost:3000/api/pole_tags:0
[29046660ms] [ERROR] Failed to load resource: the server responded with a status of 502 (Bad Gateway) @ http://localhost:3000/api/pole_tags:0
[29048707ms] [ERROR] Failed to load resource: the server responded with a status of 502 (Bad Gateway) @ http://localhost:3000/api/pole_tags:0
[29050703ms] [ERROR] Failed to load resource: the server responded with a status of 502 (Bad Gateway) @ http://localhost:3000/api/pole_tags:0
[29052957ms] [ERROR] Failed to load resource: the server responded with a status of 502 (Bad Gateway) @ http://localhost:3000/api/pole_tags:0
[29054654ms] [ERROR] Failed to load resource: the server responded with a status of 502 (Bad Gateway) @ http://localhost:3000/api/pole_tags:0
[29056645ms] [ERROR] Failed to load resource: the server responded with a status of 502 (Bad Gateway) @ http://localhost:3000/api/pole_tags:0
[29058623ms] [ERROR] Failed to load resource: the server responded with a status of 502 (Bad Gateway) @ http://localhost:3000/api/pole_tags:0
[29060638ms] [ERROR] Failed to load resource: the server responded with a status of 502 (Bad Gateway) @ http://localhost:3000/api/pole_tags:0
[29062621ms] [ERROR] Failed to load resource: the server responded with a status of 502 (Bad Gateway) @ http://localhost:3000/api/pole_tags:0
[29064639ms] [ERROR] Failed to load resource: the server responded with a status of 502 (Bad Gateway) @ http://localhost:3000/api/pole_tags:0
[29066641ms] [ERROR] Failed to load resource: the server responded with a status of 502 (Bad Gateway) @ http://localhost:3000/api/pole_tags:0
[29068691ms] [ERROR] Failed to load resource: the server responded with a status of 502 (Bad Gateway) @ http://localhost:3000/api/pole_tags:0
[29070675ms] [ERROR] Failed to load resource: the server responded with a status of 502 (Bad Gateway) @ http://localhost:3000/api/pole_tags:0
[29072662ms] [ERROR] Failed to load resource: the server responded with a status of 502 (Bad Gateway) @ http://localhost:3000/api/pole_tags:0
[29074649ms] [ERROR] Failed to load resource: the server responded with a status of 502 (Bad Gateway) @ http://localhost:3000/api/pole_tags:0
[29076924ms] [ERROR] Failed to load resource: the server responded with a status of 502 (Bad Gateway) @ http://localhost:3000/api/pole_tags:0
[29078648ms] [ERROR] Failed to load resource: the server responded with a status of 502 (Bad Gateway) @ http://localhost:3000/api/pole_tags:0
[29080644ms] [ERROR] Failed to load resource: the server responded with a status of 502 (Bad Gateway) @ http://localhost:3000/api/pole_tags:0
[29082760ms] [ERROR] Failed to load resource: the server responded with a status of 502 (Bad Gateway) @ http://localhost:3000/api/pole_tags:0
[29084630ms] [ERROR] Failed to load resource: the server responded with a status of 502 (Bad Gateway) @ http://localhost:3000/api/pole_tags:0
[29086683ms] [ERROR] Failed to load resource: the server responded with a status of 502 (Bad Gateway) @ http://localhost:3000/api/pole_tags:0
[29088619ms] [ERROR] Failed to load resource: the server responded with a status of 502 (Bad Gateway) @ http://localhost:3000/api/pole_tags:0
[29090630ms] [ERROR] Failed to load resource: the server responded with a status of 502 (Bad Gateway) @ http://localhost:3000/api/pole_tags:0
[29092635ms] [ERROR] Failed to load resource: the server responded with a status of 502 (Bad Gateway) @ http://localhost:3000/api/pole_tags:0
[29094629ms] [ERROR] Failed to load resource: the server responded with a status of 502 (Bad Gateway) @ http://localhost:3000/api/pole_tags:0
[29096688ms] [ERROR] Failed to load resource: the server responded with a status of 502 (Bad Gateway) @ http://localhost:3000/api/pole_tags:0
[29098669ms] [ERROR] Failed to load resource: the server responded with a status of 502 (Bad Gateway) @ http://localhost:3000/api/pole_tags:0
[29100634ms] [ERROR] Failed to load resource: the server responded with a status of 502 (Bad Gateway) @ http://localhost:3000/api/pole_tags:0
[29102623ms] [ERROR] Failed to load resource: the server responded with a status of 502 (Bad Gateway) @ http://localhost:3000/api/pole_tags:0
[29104625ms] [ERROR] Failed to load resource: the server responded with a status of 502 (Bad Gateway) @ http://localhost:3000/api/pole_tags:0
[29106629ms] [ERROR] Failed to load resource: the server responded with a status of 502 (Bad Gateway) @ http://localhost:3000/api/pole_tags:0
[29108644ms] [ERROR] Failed to load resource: the server responded with a status of 502 (Bad Gateway) @ http://localhost:3000/api/pole_tags:0
[29110619ms] [ERROR] Failed to load resource: the server responded with a status of 502 (Bad Gateway) @ http://localhost:3000/api/pole_tags:0
[29112625ms] [ERROR] Failed to load resource: the server responded with a status of 502 (Bad Gateway) @ http://localhost:3000/api/pole_tags:0
[29114626ms] [ERROR] Failed to load resource: the server responded with a status of 502 (Bad Gateway) @ http://localhost:3000/api/pole_tags:0
[29116620ms] [ERROR] Failed to load resource: the server responded with a status of 502 (Bad Gateway) @ http://localhost:3000/api/pole_tags:0
[29118619ms] [ERROR] Failed to load resource: the server responded with a status of 502 (Bad Gateway) @ http://localhost:3000/api/pole_tags:0
[29120619ms] [ERROR] Failed to load resource: the server responded with a status of 502 (Bad Gateway) @ http://localhost:3000/api/pole_tags:0
[29122617ms] [ERROR] Failed to load resource: the server responded with a status of 502 (Bad Gateway) @ http://localhost:3000/api/pole_tags:0
[29124633ms] [ERROR] Failed to load resource: the server responded with a status of 502 (Bad Gateway) @ http://localhost:3000/api/pole_tags:0
[29126619ms] [ERROR] Failed to load resource: the server responded with a status of 502 (Bad Gateway) @ http://localhost:3000/api/pole_tags:0
[29128631ms] [ERROR] Failed to load resource: the server responded with a status of 502 (Bad Gateway) @ http://localhost:3000/api/pole_tags:0
[29130626ms] [ERROR] Failed to load resource: the server responded with a status of 502 (Bad Gateway) @ http://localhost:3000/api/pole_tags:0
[29132630ms] [ERROR] Failed to load resource: the server responded with a status of 502 (Bad Gateway) @ http://localhost:3000/api/pole_tags:0
[29134636ms] [ERROR] Failed to load resource: the server responded with a status of 502 (Bad Gateway) @ http://localhost:3000/api/pole_tags:0
[29136638ms] [ERROR] Failed to load resource: the server responded with a status of 502 (Bad Gateway) @ http://localhost:3000/api/pole_tags:0
[29138650ms] [ERROR] Failed to load resource: the server responded with a status of 502 (Bad Gateway) @ http://localhost:3000/api/pole_tags:0
[29140653ms] [ERROR] Failed to load resource: the server responded with a status of 502 (Bad Gateway) @ http://localhost:3000/api/pole_tags:0
[29142661ms] [ERROR] Failed to load resource: the server responded with a status of 502 (Bad Gateway) @ http://localhost:3000/api/pole_tags:0
[29144652ms] [ERROR] Failed to load resource: the server responded with a status of 502 (Bad Gateway) @ http://localhost:3000/api/pole_tags:0
[29146634ms] [ERROR] Failed to load resource: the server responded with a status of 502 (Bad Gateway) @ http://localhost:3000/api/pole_tags:0
[29148620ms] [ERROR] Failed to load resource: the server responded with a status of 502 (Bad Gateway) @ http://localhost:3000/api/pole_tags:0
[29150617ms] [ERROR] Failed to load resource: the server responded with a status of 502 (Bad Gateway) @ http://localhost:3000/api/pole_tags:0
[29152665ms] [ERROR] Failed to load resource: the server responded with a status of 502 (Bad Gateway) @ http://localhost:3000/api/pole_tags:0
[29154622ms] [ERROR] Failed to load resource: the server responded with a status of 502 (Bad Gateway) @ http://localhost:3000/api/pole_tags:0
[29156617ms] [ERROR] Failed to load resource: the server responded with a status of 502 (Bad Gateway) @ http://localhost:3000/api/pole_tags:0
[29158620ms] [ERROR] Failed to load resource: the server responded with a status of 502 (Bad Gateway) @ http://localhost:3000/api/pole_tags:0
[29160625ms] [ERROR] Failed to load resource: the server responded with a status of 502 (Bad Gateway) @ http://localhost:3000/api/pole_tags:0
[29162631ms] [ERROR] Failed to load resource: the server responded with a status of 502 (Bad Gateway) @ http://localhost:3000/api/pole_tags:0
[29164631ms] [ERROR] Failed to load resource: the server responded with a status of 502 (Bad Gateway) @ http://localhost:3000/api/pole_tags:0
[29166624ms] [ERROR] Failed to load resource: the server responded with a status of 502 (Bad Gateway) @ http://localhost:3000/api/pole_tags:0
[29168623ms] [ERROR] Failed to load resource: the server responded with a status of 502 (Bad Gateway) @ http://localhost:3000/api/pole_tags:0
[29170620ms] [ERROR] Failed to load resource: the server responded with a status of 502 (Bad Gateway) @ http://localhost:3000/api/pole_tags:0
[29172632ms] [ERROR] Failed to load resource: the server responded with a status of 502 (Bad Gateway) @ http://localhost:3000/api/pole_tags:0
[29174619ms] [ERROR] Failed to load resource: the server responded with a status of 502 (Bad Gateway) @ http://localhost:3000/api/pole_tags:0
[29176641ms] [ERROR] Failed to load resource: the server responded with a status of 502 (Bad Gateway) @ http://localhost:3000/api/pole_tags:0
[29178620ms] [ERROR] Failed to load resource: the server responded with a status of 502 (Bad Gateway) @ http://localhost:3000/api/pole_tags:0
[29180634ms] [ERROR] Failed to load resource: the server responded with a status of 502 (Bad Gateway) @ http://localhost:3000/api/pole_tags:0
[29182697ms] [ERROR] Failed to load resource: the server responded with a status of 502 (Bad Gateway) @ http://localhost:3000/api/pole_tags:0
[29184655ms] [ERROR] Failed to load resource: the server responded with a status of 502 (Bad Gateway) @ http://localhost:3000/api/pole_tags:0
[29186639ms] [ERROR] Failed to load resource: the server responded with a status of 502 (Bad Gateway) @ http://localhost:3000/api/pole_tags:0
[29188680ms] [ERROR] Failed to load resource: the server responded with a status of 502 (Bad Gateway) @ http://localhost:3000/api/pole_tags:0
[29190626ms] [ERROR] Failed to load resource: the server responded with a status of 502 (Bad Gateway) @ http://localhost:3000/api/pole_tags:0
[29192629ms] [ERROR] Failed to load resource: the server responded with a status of 502 (Bad Gateway) @ http://localhost:3000/api/pole_tags:0
[29194624ms] [ERROR] Failed to load resource: the server responded with a status of 502 (Bad Gateway) @ http://localhost:3000/api/pole_tags:0
[29196620ms] [ERROR] Failed to load resource: the server responded with a status of 502 (Bad Gateway) @ http://localhost:3000/api/pole_tags:0
[29198632ms] [ERROR] Failed to load resource: the server responded with a status of 502 (Bad Gateway) @ http://localhost:3000/api/pole_tags:0
[29200634ms] [ERROR] Failed to load resource: the server responded with a status of 502 (Bad Gateway) @ http://localhost:3000/api/pole_tags:0
[29202629ms] [ERROR] Failed to load resource: the server responded with a status of 502 (Bad Gateway) @ http://localhost:3000/api/pole_tags:0
[29204634ms] [ERROR] Failed to load resource: the server responded with a status of 502 (Bad Gateway) @ http://localhost:3000/api/pole_tags:0
[29206661ms] [ERROR] Failed to load resource: the server responded with a status of 502 (Bad Gateway) @ http://localhost:3000/api/pole_tags:0
[29208639ms] [ERROR] Failed to load resource: the server responded with a status of 502 (Bad Gateway) @ http://localhost:3000/api/pole_tags:0
[29210625ms] [ERROR] Failed to load resource: the server responded with a status of 502 (Bad Gateway) @ http://localhost:3000/api/pole_tags:0
[29212744ms] [ERROR] Failed to load resource: the server responded with a status of 502 (Bad Gateway) @ http://localhost:3000/api/pole_tags:0
[29214623ms] [ERROR] Failed to load resource: the server responded with a status of 502 (Bad Gateway) @ http://localhost:3000/api/pole_tags:0
[29216636ms] [ERROR] Failed to load resource: the server responded with a status of 502 (Bad Gateway) @ http://localhost:3000/api/pole_tags:0
[29218624ms] [ERROR] Failed to load resource: the server responded with a status of 502 (Bad Gateway) @ http://localhost:3000/api/pole_tags:0
[29220622ms] [ERROR] Failed to load resource: the server responded with a status of 502 (Bad Gateway) @ http://localhost:3000/api/pole_tags:0
[29222619ms] [ERROR] Failed to load resource: the server responded with a status of 502 (Bad Gateway) @ http://localhost:3000/api/pole_tags:0
[29224619ms] [ERROR] Failed to load resource: the server responded with a status of 502 (Bad Gateway) @ http://localhost:3000/api/pole_tags:0
[29226624ms] [ERROR] Failed to load resource: the server responded with a status of 502 (Bad Gateway) @ http://localhost:3000/api/pole_tags:0
[29228632ms] [ERROR] Failed to load resource: the server responded with a status of 502 (Bad Gateway) @ http://localhost:3000/api/pole_tags:0
[29230617ms] [ERROR] Failed to load resource: the server responded with a status of 502 (Bad Gateway) @ http://localhost:3000/api/pole_tags:0
[29232693ms] [ERROR] Failed to load resource: the server responded with a status of 502 (Bad Gateway) @ http://localhost:3000/api/pole_tags:0
[29234642ms] [ERROR] Failed to load resource: the server responded with a status of 502 (Bad Gateway) @ http://localhost:3000/api/pole_tags:0
[29236748ms] [ERROR] Failed to load resource: the server responded with a status of 502 (Bad Gateway) @ http://localhost:3000/api/pole_tags:0
[29237273ms] [ERROR] Unable to preventDefault inside passive event listener invocation. @ webpack-internal:///(app-pages-browser)/./node_modules/next/dist/compiled/react-dom/cjs/react-dom-client.development.js:3511
[29237327ms] [ERROR] Unable to preventDefault inside passive event listener invocation. @ webpack-internal:///(app-pages-browser)/./node_modules/next/dist/compiled/react-dom/cjs/react-dom-client.development.js:3511
[29237552ms] [ERROR] Unable to preventDefault inside passive event listener invocation. @ webpack-internal:///(app-pages-browser)/./node_modules/next/dist/compiled/react-dom/cjs/react-dom-client.development.js:3511
[29237593ms] [ERROR] Unable to preventDefault inside passive event listener invocation. @ webpack-internal:///(app-pages-browser)/./node_modules/next/dist/compiled/react-dom/cjs/react-dom-client.development.js:3511
[29237602ms] [ERROR] Unable to preventDefault inside passive event listener invocation. @ webpack-internal:///(app-pages-browser)/./node_modules/next/dist/compiled/react-dom/cjs/react-dom-client.development.js:3511
[29237792ms] [ERROR] Unable to preventDefault inside passive event listener invocation. @ webpack-internal:///(app-pages-browser)/./node_modules/next/dist/compiled/react-dom/cjs/react-dom-client.development.js:3511
[29237831ms] [ERROR] Unable to preventDefault inside passive event listener invocation. @ webpack-internal:///(app-pages-browser)/./node_modules/next/dist/compiled/react-dom/cjs/react-dom-client.development.js:3511
[29238036ms] [ERROR] Unable to preventDefault inside passive event listener invocation. @ webpack-internal:///(app-pages-browser)/./node_modules/next/dist/compiled/react-dom/cjs/react-dom-client.development.js:3511
[29238082ms] [ERROR] Unable to preventDefault inside passive event listener invocation. @ webpack-internal:///(app-pages-browser)/./node_modules/next/dist/compiled/react-dom/cjs/react-dom-client.development.js:3511
[29238105ms] [ERROR] Unable to preventDefault inside passive event listener invocation. @ webpack-internal:///(app-pages-browser)/./node_modules/next/dist/compiled/react-dom/cjs/react-dom-client.development.js:3511
[29240044ms] [ERROR] Unable to preventDefault inside passive event listener invocation. @ webpack-internal:///(app-pages-browser)/./node_modules/next/dist/compiled/react-dom/cjs/react-dom-client.development.js:3511
[29240117ms] [ERROR] Unable to preventDefault inside passive event listener invocation. @ webpack-internal:///(app-pages-browser)/./node_modules/next/dist/compiled/react-dom/cjs/react-dom-client.development.js:3511
[29240592ms] [ERROR] Failed to load resource: the server responded with a status of 502 (Bad Gateway) @ http://localhost:3000/api/pole_tags:0
[29241147ms] [LOG] [Fast Refresh] rebuilding @ webpack-internal:///(app-pages-browser)/./node_modules/next/dist/next-devtools/shared/forward-logs-shared.js:27
[29246173ms] [LOG] [Fast Refresh] done in 5029ms @ webpack-internal:///(app-pages-browser)/./node_modules/next/dist/next-devtools/shared/forward-logs-shared.js:27
[29246640ms] [ERROR] Failed to load resource: the server responded with a status of 502 (Bad Gateway) @ http://localhost:3000/api/pole_tags:0
[29264170ms] [ERROR] Failed to load resource: the server responded with a status of 502 (Bad Gateway) @ http://localhost:3000/api/pole_tags:0
[29266134ms] [ERROR] Failed to load resource: the server responded with a status of 502 (Bad Gateway) @ http://localhost:3000/api/pole_tags:0
[29267269ms] [LOG] [Fast Refresh] rebuilding @ webpack-internal:///(app-pages-browser)/./node_modules/next/dist/next-devtools/shared/forward-logs-shared.js:27
[29268490ms] [ERROR] Failed to load resource: the server responded with a status of 502 (Bad Gateway) @ http://localhost:3000/api/pole_tags:0
[29270370ms] [LOG] [Fast Refresh] done in 3101ms @ webpack-internal:///(app-pages-browser)/./node_modules/next/dist/next-devtools/shared/forward-logs-shared.js:27
[29270777ms] [ERROR] Failed to load resource: the server responded with a status of 502 (Bad Gateway) @ http://localhost:3000/api/pole_tags:0
[29273424ms] [ERROR] Failed to load resource: the server responded with a status of 502 (Bad Gateway) @ http://localhost:3000/api/pole_tags:0
[29275392ms] [ERROR] Failed to load resource: the server responded with a status of 502 (Bad Gateway) @ http://localhost:3000/api/pole_tags:0
[29277372ms] [ERROR] Failed to load resource: the server responded with a status of 502 (Bad Gateway) @ http://localhost:3000/api/pole_tags:0
[29279404ms] [ERROR] Failed to load resource: the server responded with a status of 502 (Bad Gateway) @ http://localhost:3000/api/pole_tags:0
[29281407ms] [ERROR] Failed to load resource: the server responded with a status of 502 (Bad Gateway) @ http://localhost:3000/api/pole_tags:0
[29283374ms] [ERROR] Failed to load resource: the server responded with a status of 502 (Bad Gateway) @ http://localhost:3000/api/pole_tags:0
[29285376ms] [ERROR] Failed to load resource: the server responded with a status of 502 (Bad Gateway) @ http://localhost:3000/api/pole_tags:0
[29287364ms] [ERROR] Failed to load resource: the server responded with a status of 502 (Bad Gateway) @ http://localhost:3000/api/pole_tags:0
[29289370ms] [ERROR] Failed to load resource: the server responded with a status of 502 (Bad Gateway) @ http://localhost:3000/api/pole_tags:0
[29291364ms] [ERROR] Failed to load resource: the server responded with a status of 502 (Bad Gateway) @ http://localhost:3000/api/pole_tags:0
[29293362ms] [ERROR] Failed to load resource: the server responded with a status of 502 (Bad Gateway) @ http://localhost:3000/api/pole_tags:0
[29295382ms] [ERROR] Failed to load resource: the server responded with a status of 502 (Bad Gateway) @ http://localhost:3000/api/pole_tags:0
[29297376ms] [ERROR] Failed to load resource: the server responded with a status of 502 (Bad Gateway) @ http://localhost:3000/api/pole_tags:0
[29299365ms] [ERROR] Failed to load resource: the server responded with a status of 502 (Bad Gateway) @ http://localhost:3000/api/pole_tags:0
[29301366ms] [ERROR] Failed to load resource: the server responded with a status of 502 (Bad Gateway) @ http://localhost:3000/api/pole_tags:0
[29301667ms] [LOG] [Fast Refresh] rebuilding @ webpack-internal:///(app-pages-browser)/./node_modules/next/dist/next-devtools/shared/forward-logs-shared.js:27
[29302867ms] [LOG] [Fast Refresh] done in 1200ms @ webpack-internal:///(app-pages-browser)/./node_modules/next/dist/next-devtools/shared/forward-logs-shared.js:27
[29305342ms] [ERROR] Failed to load resource: the server responded with a status of 502 (Bad Gateway) @ http://localhost:3000/api/pole_tags:0
[29307342ms] [ERROR] Failed to load resource: the server responded with a status of 502 (Bad Gateway) @ http://localhost:3000/api/pole_tags:0
[29309355ms] [ERROR] Failed to load resource: the server responded with a status of 502 (Bad Gateway) @ http://localhost:3000/api/pole_tags:0
[29311342ms] [ERROR] Failed to load resource: the server responded with a status of 502 (Bad Gateway) @ http://localhost:3000/api/pole_tags:0
[29313348ms] [ERROR] Failed to load resource: the server responded with a status of 502 (Bad Gateway) @ http://localhost:3000/api/pole_tags:0
[29315342ms] [ERROR] Failed to load resource: the server responded with a status of 502 (Bad Gateway) @ http://localhost:3000/api/pole_tags:0
[29317342ms] [ERROR] Failed to load resource: the server responded with a status of 502 (Bad Gateway) @ http://localhost:3000/api/pole_tags:0
[29319343ms] [ERROR] Failed to load resource: the server responded with a status of 502 (Bad Gateway) @ http://localhost:3000/api/pole_tags:0
[29321341ms] [ERROR] Failed to load resource: the server responded with a status of 502 (Bad Gateway) @ http://localhost:3000/api/pole_tags:0
[29323365ms] [ERROR] Failed to load resource: the server responded with a status of 502 (Bad Gateway) @ http://localhost:3000/api/pole_tags:0
[29325396ms] [ERROR] Failed to load resource: the server responded with a status of 502 (Bad Gateway) @ http://localhost:3000/api/pole_tags:0
[29327651ms] [ERROR] Failed to load resource: the server responded with a status of 502 (Bad Gateway) @ http://localhost:3000/api/pole_tags:0
[29329382ms] [ERROR] Failed to load resource: the server responded with a status of 502 (Bad Gateway) @ http://localhost:3000/api/pole_tags:0
[29331346ms] [ERROR] Failed to load resource: the server responded with a status of 502 (Bad Gateway) @ http://localhost:3000/api/pole_tags:0
[29333348ms] [ERROR] Failed to load resource: the server responded with a status of 502 (Bad Gateway) @ http://localhost:3000/api/pole_tags:0
[29335365ms] [ERROR] Failed to load resource: the server responded with a status of 502 (Bad Gateway) @ http://localhost:3000/api/pole_tags:0
[29337339ms] [ERROR] Failed to load resource: the server responded with a status of 502 (Bad Gateway) @ http://localhost:3000/api/pole_tags:0
[29339339ms] [ERROR] Failed to load resource: the server responded with a status of 502 (Bad Gateway) @ http://localhost:3000/api/pole_tags:0
[29341369ms] [ERROR] Failed to load resource: the server responded with a status of 502 (Bad Gateway) @ http://localhost:3000/api/pole_tags:0
[29343350ms] [ERROR] Failed to load resource: the server responded with a status of 502 (Bad Gateway) @ http://localhost:3000/api/pole_tags:0
[29345341ms] [ERROR] Failed to load resource: the server responded with a status of 502 (Bad Gateway) @ http://localhost:3000/api/pole_tags:0
[29347333ms] [ERROR] Failed to load resource: the server responded with a status of 502 (Bad Gateway) @ http://localhost:3000/api/pole_tags:0
[29349342ms] [ERROR] Failed to load resource: the server responded with a status of 502 (Bad Gateway) @ http://localhost:3000/api/pole_tags:0
[29351355ms] [ERROR] Failed to load resource: the server responded with a status of 502 (Bad Gateway) @ http://localhost:3000/api/pole_tags:0
[29353338ms] [ERROR] Failed to load resource: the server responded with a status of 502 (Bad Gateway) @ http://localhost:3000/api/pole_tags:0
[29355360ms] [ERROR] Failed to load resource: the server responded with a status of 502 (Bad Gateway) @ http://localhost:3000/api/pole_tags:0
[29357332ms] [ERROR] Failed to load resource: the server responded with a status of 502 (Bad Gateway) @ http://localhost:3000/api/pole_tags:0
[29359335ms] [ERROR] Failed to load resource: the server responded with a status of 502 (Bad Gateway) @ http://localhost:3000/api/pole_tags:0
[29361568ms] [ERROR] Failed to load resource: the server responded with a status of 502 (Bad Gateway) @ http://localhost:3000/api/pole_tags:0
[29363342ms] [ERROR] Failed to load resource: the server responded with a status of 502 (Bad Gateway) @ http://localhost:3000/api/pole_tags:0
[29365341ms] [ERROR] Failed to load resource: the server responded with a status of 502 (Bad Gateway) @ http://localhost:3000/api/pole_tags:0
[29367340ms] [ERROR] Failed to load resource: the server responded with a status of 502 (Bad Gateway) @ http://localhost:3000/api/pole_tags:0
[29369365ms] [ERROR] Failed to load resource: the server responded with a status of 502 (Bad Gateway) @ http://localhost:3000/api/pole_tags:0
[29371339ms] [ERROR] Failed to load resource: the server responded with a status of 502 (Bad Gateway) @ http://localhost:3000/api/pole_tags:0
[29373339ms] [ERROR] Failed to load resource: the server responded with a status of 502 (Bad Gateway) @ http://localhost:3000/api/pole_tags:0
[29375340ms] [ERROR] Failed to load resource: the server responded with a status of 502 (Bad Gateway) @ http://localhost:3000/api/pole_tags:0
[29377338ms] [ERROR] Failed to load resource: the server responded with a status of 502 (Bad Gateway) @ http://localhost:3000/api/pole_tags:0
[29379378ms] [ERROR] Failed to load resource: the server responded with a status of 502 (Bad Gateway) @ http://localhost:3000/api/pole_tags:0
[29381379ms] [ERROR] Failed to load resource: the server responded with a status of 502 (Bad Gateway) @ http://localhost:3000/api/pole_tags:0
[29383343ms] [ERROR] Failed to load resource: the server responded with a status of 502 (Bad Gateway) @ http://localhost:3000/api/pole_tags:0
[29385344ms] [ERROR] Failed to load resource: the server responded with a status of 502 (Bad Gateway) @ http://localhost:3000/api/pole_tags:0
[29387365ms] [ERROR] Failed to load resource: the server responded with a status of 502 (Bad Gateway) @ http://localhost:3000/api/pole_tags:0
[29389339ms] [ERROR] Failed to load resource: the server responded with a status of 502 (Bad Gateway) @ http://localhost:3000/api/pole_tags:0
[29391347ms] [ERROR] Failed to load resource: the server responded with a status of 502 (Bad Gateway) @ http://localhost:3000/api/pole_tags:0
[29393342ms] [ERROR] Failed to load resource: the server responded with a status of 502 (Bad Gateway) @ http://localhost:3000/api/pole_tags:0
[29395341ms] [ERROR] Failed to load resource: the server responded with a status of 502 (Bad Gateway) @ http://localhost:3000/api/pole_tags:0
[29397347ms] [ERROR] Failed to load resource: the server responded with a status of 502 (Bad Gateway) @ http://localhost:3000/api/pole_tags:0
[29399351ms] [ERROR] Failed to load resource: the server responded with a status of 502 (Bad Gateway) @ http://localhost:3000/api/pole_tags:0
[29401338ms] [ERROR] Failed to load resource: the server responded with a status of 502 (Bad Gateway) @ http://localhost:3000/api/pole_tags:0
[29403357ms] [ERROR] Failed to load resource: the server responded with a status of 502 (Bad Gateway) @ http://localhost:3000/api/pole_tags:0
[29405379ms] [ERROR] Failed to load resource: the server responded with a status of 502 (Bad Gateway) @ http://localhost:3000/api/pole_tags:0
[29407383ms] [ERROR] Failed to load resource: the server responded with a status of 502 (Bad Gateway) @ http://localhost:3000/api/pole_tags:0
[29409342ms] [ERROR] Failed to load resource: the server responded with a status of 502 (Bad Gateway) @ http://localhost:3000/api/pole_tags:0
[29411491ms] [ERROR] Failed to load resource: the server responded with a status of 502 (Bad Gateway) @ http://localhost:3000/api/pole_tags:0
[29413391ms] [ERROR] Failed to load resource: the server responded with a status of 502 (Bad Gateway) @ http://localhost:3000/api/pole_tags:0
[29415359ms] [ERROR] Failed to load resource: the server responded with a status of 502 (Bad Gateway) @ http://localhost:3000/api/pole_tags:0
[29417345ms] [ERROR] Failed to load resource: the server responded with a status of 502 (Bad Gateway) @ http://localhost:3000/api/pole_tags:0
[29419354ms] [ERROR] Failed to load resource: the server responded with a status of 502 (Bad Gateway) @ http://localhost:3000/api/pole_tags:0
[29421363ms] [ERROR] Failed to load resource: the server responded with a status of 502 (Bad Gateway) @ http://localhost:3000/api/pole_tags:0
[29423343ms] [ERROR] Failed to load resource: the server responded with a status of 502 (Bad Gateway) @ http://localhost:3000/api/pole_tags:0
[29425295ms] [LOG] [Fast Refresh] rebuilding @ webpack-internal:///(app-pages-browser)/./node_modules/next/dist/next-devtools/shared/forward-logs-shared.js:27
[29425416ms] [ERROR] Failed to load resource: the server responded with a status of 502 (Bad Gateway) @ http://localhost:3000/api/pole_tags:0
[29427443ms] [LOG] [Fast Refresh] rebuilding @ webpack-internal:///(app-pages-browser)/./node_modules/next/dist/next-devtools/shared/forward-logs-shared.js:27
[29428134ms] [ERROR] Failed to load resource: the server responded with a status of 502 (Bad Gateway) @ http://localhost:3000/api/pole_tags:0
[29428497ms] [LOG] [Fast Refresh] done in 1054ms @ webpack-internal:///(app-pages-browser)/./node_modules/next/dist/next-devtools/shared/forward-logs-shared.js:27
[29429975ms] [ERROR] Failed to load resource: the server responded with a status of 502 (Bad Gateway) @ http://localhost:3000/api/pole_tags:0
[29430275ms] [LOG] [Fast Refresh] rebuilding @ webpack-internal:///(app-pages-browser)/./node_modules/next/dist/next-devtools/shared/forward-logs-shared.js:27
[29430964ms] [LOG] [Fast Refresh] done in 689ms @ webpack-internal:///(app-pages-browser)/./node_modules/next/dist/next-devtools/shared/forward-logs-shared.js:27
[29432196ms] [ERROR] Failed to load resource: the server responded with a status of 502 (Bad Gateway) @ http://localhost:3000/api/pole_tags:0
[29433015ms] [LOG] [Fast Refresh] done in 2740ms @ webpack-internal:///(app-pages-browser)/./node_modules/next/dist/next-devtools/shared/forward-logs-shared.js:27
[29435501ms] [ERROR] Failed to load resource: the server responded with a status of 502 (Bad Gateway) @ http://localhost:3000/api/pole_tags:0
[29437456ms] [ERROR] Failed to load resource: the server responded with a status of 502 (Bad Gateway) @ http://localhost:3000/api/pole_tags:0
[29439465ms] [ERROR] Failed to load resource: the server responded with a status of 502 (Bad Gateway) @ http://localhost:3000/api/pole_tags:0
[29441455ms] [ERROR] Failed to load resource: the server responded with a status of 502 (Bad Gateway) @ http://localhost:3000/api/pole_tags:0
[29443290ms] [LOG] [Fast Refresh] rebuilding @ webpack-internal:///(app-pages-browser)/./node_modules/next/dist/next-devtools/shared/forward-logs-shared.js:27
[29443697ms] [ERROR] Failed to load resource: the server responded with a status of 502 (Bad Gateway) @ http://localhost:3000/api/pole_tags:0
[29445582ms] [LOG] [Fast Refresh] done in 2293ms @ webpack-internal:///(app-pages-browser)/./node_modules/next/dist/next-devtools/shared/forward-logs-shared.js:27
[29445744ms] [ERROR] Failed to load resource: the server responded with a status of 502 (Bad Gateway) @ http://localhost:3000/api/pole_tags:0
[29448282ms] [ERROR] Failed to load resource: the server responded with a status of 502 (Bad Gateway) @ http://localhost:3000/api/pole_tags:0
[29450290ms] [ERROR] Failed to load resource: the server responded with a status of 502 (Bad Gateway) @ http://localhost:3000/api/pole_tags:0
[29452291ms] [ERROR] Failed to load resource: the server responded with a status of 502 (Bad Gateway) @ http://localhost:3000/api/pole_tags:0
[29454284ms] [ERROR] Failed to load resource: the server responded with a status of 502 (Bad Gateway) @ http://localhost:3000/api/pole_tags:0
[29456278ms] [ERROR] Failed to load resource: the server responded with a status of 502 (Bad Gateway) @ http://localhost:3000/api/pole_tags:0
[29458328ms] [LOG] [Fast Refresh] rebuilding @ webpack-internal:///(app-pages-browser)/./node_modules/next/dist/next-devtools/shared/forward-logs-shared.js:27
[29458340ms] [ERROR] Failed to load resource: the server responded with a status of 502 (Bad Gateway) @ http://localhost:3000/api/pole_tags:0
[29459280ms] [LOG] [Fast Refresh] done in 951ms @ webpack-internal:///(app-pages-browser)/./node_modules/next/dist/next-devtools/shared/forward-logs-shared.js:27
[29461745ms] [ERROR] Failed to load resource: the server responded with a status of 502 (Bad Gateway) @ http://localhost:3000/api/pole_tags:0
[29463733ms] [ERROR] Failed to load resource: the server responded with a status of 502 (Bad Gateway) @ http://localhost:3000/api/pole_tags:0
[29465727ms] [ERROR] Failed to load resource: the server responded with a status of 502 (Bad Gateway) @ http://localhost:3000/api/pole_tags:0
[29467730ms] [ERROR] Failed to load resource: the server responded with a status of 502 (Bad Gateway) @ http://localhost:3000/api/pole_tags:0
[29469737ms] [ERROR] Failed to load resource: the server responded with a status of 502 (Bad Gateway) @ http://localhost:3000/api/pole_tags:0
[29471755ms] [ERROR] Failed to load resource: the server responded with a status of 502 (Bad Gateway) @ http://localhost:3000/api/pole_tags:0
[29473734ms] [ERROR] Failed to load resource: the server responded with a status of 502 (Bad Gateway) @ http://localhost:3000/api/pole_tags:0
[29475752ms] [ERROR] Failed to load resource: the server responded with a status of 502 (Bad Gateway) @ http://localhost:3000/api/pole_tags:0
[29477729ms] [ERROR] Failed to load resource: the server responded with a status of 502 (Bad Gateway) @ http://localhost:3000/api/pole_tags:0
[29479739ms] [ERROR] Failed to load resource: the server responded with a status of 502 (Bad Gateway) @ http://localhost:3000/api/pole_tags:0
[29481777ms] [ERROR] Failed to load resource: the server responded with a status of 502 (Bad Gateway) @ http://localhost:3000/api/pole_tags:0
[29483775ms] [ERROR] Failed to load resource: the server responded with a status of 502 (Bad Gateway) @ http://localhost:3000/api/pole_tags:0
[29485734ms] [ERROR] Failed to load resource: the server responded with a status of 502 (Bad Gateway) @ http://localhost:3000/api/pole_tags:0
[29487751ms] [ERROR] Failed to load resource: the server responded with a status of 502 (Bad Gateway) @ http://localhost:3000/api/pole_tags:0
[29489779ms] [ERROR] Failed to load resource: the server responded with a status of 502 (Bad Gateway) @ http://localhost:3000/api/pole_tags:0
[29491786ms] [ERROR] Failed to load resource: the server responded with a status of 502 (Bad Gateway) @ http://localhost:3000/api/pole_tags:0
[29491890ms] [LOG] [Fast Refresh] rebuilding @ webpack-internal:///(app-pages-browser)/./node_modules/next/dist/next-devtools/shared/forward-logs-shared.js:27
[29492991ms] [LOG] [Fast Refresh] done in 1101ms @ webpack-internal:///(app-pages-browser)/./node_modules/next/dist/next-devtools/shared/forward-logs-shared.js:27
[29495591ms] [ERROR] Failed to load resource: the server responded with a status of 502 (Bad Gateway) @ http://localhost:3000/api/pole_tags:0
[29497592ms] [ERROR] Failed to load resource: the server responded with a status of 502 (Bad Gateway) @ http://localhost:3000/api/pole_tags:0
[29499761ms] [ERROR] Failed to load resource: the server responded with a status of 502 (Bad Gateway) @ http://localhost:3000/api/pole_tags:0
[29501780ms] [ERROR] Failed to load resource: the server responded with a status of 502 (Bad Gateway) @ http://localhost:3000/api/pole_tags:0
[29503618ms] [ERROR] Failed to load resource: the server responded with a status of 502 (Bad Gateway) @ http://localhost:3000/api/pole_tags:0
[29505595ms] [ERROR] Failed to load resource: the server responded with a status of 502 (Bad Gateway) @ http://localhost:3000/api/pole_tags:0
[29507809ms] [ERROR] Failed to load resource: the server responded with a status of 502 (Bad Gateway) @ http://localhost:3000/api/pole_tags:0
[29509590ms] [ERROR] Failed to load resource: the server responded with a status of 502 (Bad Gateway) @ http://localhost:3000/api/pole_tags:0
[29511604ms] [ERROR] Failed to load resource: the server responded with a status of 502 (Bad Gateway) @ http://localhost:3000/api/pole_tags:0
[29513601ms] [ERROR] Failed to load resource: the server responded with a status of 502 (Bad Gateway) @ http://localhost:3000/api/pole_tags:0
[29515576ms] [ERROR] Failed to load resource: the server responded with a status of 502 (Bad Gateway) @ http://localhost:3000/api/pole_tags:0
[29517580ms] [ERROR] Failed to load resource: the server responded with a status of 502 (Bad Gateway) @ http://localhost:3000/api/pole_tags:0
[29519668ms] [ERROR] Failed to load resource: the server responded with a status of 502 (Bad Gateway) @ http://localhost:3000/api/pole_tags:0
[29521582ms] [ERROR] Failed to load resource: the server responded with a status of 502 (Bad Gateway) @ http://localhost:3000/api/pole_tags:0
[29523582ms] [ERROR] Failed to load resource: the server responded with a status of 502 (Bad Gateway) @ http://localhost:3000/api/pole_tags:0
[29525599ms] [ERROR] Failed to load resource: the server responded with a status of 502 (Bad Gateway) @ http://localhost:3000/api/pole_tags:0
[29527610ms] [ERROR] Failed to load resource: the server responded with a status of 502 (Bad Gateway) @ http://localhost:3000/api/pole_tags:0
[29529592ms] [ERROR] Failed to load resource: the server responded with a status of 502 (Bad Gateway) @ http://localhost:3000/api/pole_tags:0
[29531592ms] [ERROR] Failed to load resource: the server responded with a status of 502 (Bad Gateway) @ http://localhost:3000/api/pole_tags:0
[29533633ms] [ERROR] Failed to load resource: the server responded with a status of 502 (Bad Gateway) @ http://localhost:3000/api/pole_tags:0
[29535730ms] [ERROR] Failed to load resource: the server responded with a status of 502 (Bad Gateway) @ http://localhost:3000/api/pole_tags:0
[29537645ms] [ERROR] Failed to load resource: the server responded with a status of 502 (Bad Gateway) @ http://localhost:3000/api/pole_tags:0
[29539892ms] [ERROR] Failed to load resource: the server responded with a status of 502 (Bad Gateway) @ http://localhost:3000/api/pole_tags:0
[29541630ms] [ERROR] Failed to load resource: the server responded with a status of 502 (Bad Gateway) @ http://localhost:3000/api/pole_tags:0
[29543591ms] [ERROR] Failed to load resource: the server responded with a status of 502 (Bad Gateway) @ http://localhost:3000/api/pole_tags:0
[29545581ms] [ERROR] Failed to load resource: the server responded with a status of 502 (Bad Gateway) @ http://localhost:3000/api/pole_tags:0
[29547597ms] [ERROR] Failed to load resource: the server responded with a status of 502 (Bad Gateway) @ http://localhost:3000/api/pole_tags:0
[29549576ms] [ERROR] Failed to load resource: the server responded with a status of 502 (Bad Gateway) @ http://localhost:3000/api/pole_tags:0
[29551589ms] [ERROR] Failed to load resource: the server responded with a status of 502 (Bad Gateway) @ http://localhost:3000/api/pole_tags:0
[29553570ms] [ERROR] Failed to load resource: the server responded with a status of 502 (Bad Gateway) @ http://localhost:3000/api/pole_tags:0
[29555576ms] [ERROR] Failed to load resource: the server responded with a status of 502 (Bad Gateway) @ http://localhost:3000/api/pole_tags:0
[29557571ms] [ERROR] Failed to load resource: the server responded with a status of 502 (Bad Gateway) @ http://localhost:3000/api/pole_tags:0
[29559588ms] [ERROR] Failed to load resource: the server responded with a status of 502 (Bad Gateway) @ http://localhost:3000/api/pole_tags:0
[29561582ms] [ERROR] Failed to load resource: the server responded with a status of 502 (Bad Gateway) @ http://localhost:3000/api/pole_tags:0
[29563576ms] [ERROR] Failed to load resource: the server responded with a status of 502 (Bad Gateway) @ http://localhost:3000/api/pole_tags:0
[29565571ms] [ERROR] Failed to load resource: the server responded with a status of 502 (Bad Gateway) @ http://localhost:3000/api/pole_tags:0
[29567675ms] [ERROR] Failed to load resource: the server responded with a status of 502 (Bad Gateway) @ http://localhost:3000/api/pole_tags:0
[29569580ms] [ERROR] Failed to load resource: the server responded with a status of 502 (Bad Gateway) @ http://localhost:3000/api/pole_tags:0
[29571581ms] [ERROR] Failed to load resource: the server responded with a status of 502 (Bad Gateway) @ http://localhost:3000/api/pole_tags:0
[29573575ms] [ERROR] Failed to load resource: the server responded with a status of 502 (Bad Gateway) @ http://localhost:3000/api/pole_tags:0
[29575619ms] [ERROR] Failed to load resource: the server responded with a status of 502 (Bad Gateway) @ http://localhost:3000/api/pole_tags:0
[29577580ms] [ERROR] Failed to load resource: the server responded with a status of 502 (Bad Gateway) @ http://localhost:3000/api/pole_tags:0
[29579597ms] [ERROR] Failed to load resource: the server responded with a status of 502 (Bad Gateway) @ http://localhost:3000/api/pole_tags:0
[29581586ms] [ERROR] Failed to load resource: the server responded with a status of 502 (Bad Gateway) @ http://localhost:3000/api/pole_tags:0
[29583583ms] [ERROR] Failed to load resource: the server responded with a status of 502 (Bad Gateway) @ http://localhost:3000/api/pole_tags:0
[29585571ms] [ERROR] Failed to load resource: the server responded with a status of 502 (Bad Gateway) @ http://localhost:3000/api/pole_tags:0
[29587629ms] [ERROR] Failed to load resource: the server responded with a status of 502 (Bad Gateway) @ http://localhost:3000/api/pole_tags:0
[29589577ms] [ERROR] Failed to load resource: the server responded with a status of 502 (Bad Gateway) @ http://localhost:3000/api/pole_tags:0
[29591593ms] [ERROR] Failed to load resource: the server responded with a status of 502 (Bad Gateway) @ http://localhost:3000/api/pole_tags:0
[29593572ms] [ERROR] Failed to load resource: the server responded with a status of 502 (Bad Gateway) @ http://localhost:3000/api/pole_tags:0
[29595595ms] [ERROR] Failed to load resource: the server responded with a status of 502 (Bad Gateway) @ http://localhost:3000/api/pole_tags:0
[29597592ms] [ERROR] Failed to load resource: the server responded with a status of 502 (Bad Gateway) @ http://localhost:3000/api/pole_tags:0
[29599582ms] [ERROR] Failed to load resource: the server responded with a status of 502 (Bad Gateway) @ http://localhost:3000/api/pole_tags:0
[29601566ms] [ERROR] Failed to load resource: the server responded with a status of 502 (Bad Gateway) @ http://localhost:3000/api/pole_tags:0
[29603588ms] [ERROR] Failed to load resource: the server responded with a status of 502 (Bad Gateway) @ http://localhost:3000/api/pole_tags:0
[29605606ms] [ERROR] Failed to load resource: the server responded with a status of 502 (Bad Gateway) @ http://localhost:3000/api/pole_tags:0
[29607605ms] [ERROR] Failed to load resource: the server responded with a status of 502 (Bad Gateway) @ http://localhost:3000/api/pole_tags:0
[29609586ms] [ERROR] Failed to load resource: the server responded with a status of 502 (Bad Gateway) @ http://localhost:3000/api/pole_tags:0
[29611910ms] [ERROR] Failed to load resource: the server responded with a status of 502 (Bad Gateway) @ http://localhost:3000/api/pole_tags:0
[29613575ms] [ERROR] Failed to load resource: the server responded with a status of 502 (Bad Gateway) @ http://localhost:3000/api/pole_tags:0
[29615613ms] [ERROR] Failed to load resource: the server responded with a status of 502 (Bad Gateway) @ http://localhost:3000/api/pole_tags:0
[29617576ms] [ERROR] Failed to load resource: the server responded with a status of 502 (Bad Gateway) @ http://localhost:3000/api/pole_tags:0
[29619586ms] [ERROR] Failed to load resource: the server responded with a status of 502 (Bad Gateway) @ http://localhost:3000/api/pole_tags:0
[29621608ms] [ERROR] Failed to load resource: the server responded with a status of 502 (Bad Gateway) @ http://localhost:3000/api/pole_tags:0
[29623580ms] [ERROR] Failed to load resource: the server responded with a status of 502 (Bad Gateway) @ http://localhost:3000/api/pole_tags:0
[29625603ms] [ERROR] Failed to load resource: the server responded with a status of 502 (Bad Gateway) @ http://localhost:3000/api/pole_tags:0
[29627589ms] [ERROR] Failed to load resource: the server responded with a status of 502 (Bad Gateway) @ http://localhost:3000/api/pole_tags:0
[29629586ms] [ERROR] Failed to load resource: the server responded with a status of 502 (Bad Gateway) @ http://localhost:3000/api/pole_tags:0
[29631571ms] [ERROR] Failed to load resource: the server responded with a status of 502 (Bad Gateway) @ http://localhost:3000/api/pole_tags:0
[29633602ms] [ERROR] Failed to load resource: the server responded with a status of 502 (Bad Gateway) @ http://localhost:3000/api/pole_tags:0
[29635590ms] [ERROR] Failed to load resource: the server responded with a status of 502 (Bad Gateway) @ http://localhost:3000/api/pole_tags:0
[29637582ms] [ERROR] Failed to load resource: the server responded with a status of 502 (Bad Gateway) @ http://localhost:3000/api/pole_tags:0
[29639575ms] [ERROR] Failed to load resource: the server responded with a status of 502 (Bad Gateway) @ http://localhost:3000/api/pole_tags:0
[29641574ms] [ERROR] Failed to load resource: the server responded with a status of 502 (Bad Gateway) @ http://localhost:3000/api/pole_tags:0
[29643593ms] [ERROR] Failed to load resource: the server responded with a status of 502 (Bad Gateway) @ http://localhost:3000/api/pole_tags:0
[29645590ms] [ERROR] Failed to load resource: the server responded with a status of 502 (Bad Gateway) @ http://localhost:3000/api/pole_tags:0
[29647579ms] [ERROR] Failed to load resource: the server responded with a status of 502 (Bad Gateway) @ http://localhost:3000/api/pole_tags:0
[29649581ms] [ERROR] Failed to load resource: the server responded with a status of 502 (Bad Gateway) @ http://localhost:3000/api/pole_tags:0
[29651577ms] [ERROR] Failed to load resource: the server responded with a status of 502 (Bad Gateway) @ http://localhost:3000/api/pole_tags:0
[29653743ms] [ERROR] Failed to load resource: the server responded with a status of 502 (Bad Gateway) @ http://localhost:3000/api/pole_tags:0
[29655628ms] [ERROR] Failed to load resource: the server responded with a status of 502 (Bad Gateway) @ http://localhost:3000/api/pole_tags:0
[29657570ms] [ERROR] Failed to load resource: the server responded with a status of 502 (Bad Gateway) @ http://localhost:3000/api/pole_tags:0
[29659034ms] [LOG] [Fast Refresh] rebuilding @ webpack-internal:///(app-pages-browser)/./node_modules/next/dist/next-devtools/shared/forward-logs-shared.js:27
[29660131ms] [ERROR] Failed to load resource: the server responded with a status of 502 (Bad Gateway) @ http://localhost:3000/api/pole_tags:0
[29660983ms] [LOG] [Fast Refresh] done in 1949ms @ webpack-internal:///(app-pages-browser)/./node_modules/next/dist/next-devtools/shared/forward-logs-shared.js:27
[29662238ms] [LOG] [Fast Refresh] rebuilding @ webpack-internal:///(app-pages-browser)/./node_modules/next/dist/next-devtools/shared/forward-logs-shared.js:27
[29663781ms] [LOG] [Fast Refresh] done in 1544ms @ webpack-internal:///(app-pages-browser)/./node_modules/next/dist/next-devtools/shared/forward-logs-shared.js:27
[29664098ms] [ERROR] Failed to load resource: the server responded with a status of 502 (Bad Gateway) @ http://localhost:3000/api/pole_tags:0
[29666488ms] [ERROR] Failed to load resource: the server responded with a status of 502 (Bad Gateway) @ http://localhost:3000/api/pole_tags:0
[29668488ms] [ERROR] Failed to load resource: the server responded with a status of 502 (Bad Gateway) @ http://localhost:3000/api/pole_tags:0
[29670484ms] [ERROR] Failed to load resource: the server responded with a status of 502 (Bad Gateway) @ http://localhost:3000/api/pole_tags:0
[29672520ms] [ERROR] Failed to load resource: the server responded with a status of 502 (Bad Gateway) @ http://localhost:3000/api/pole_tags:0
[29674538ms] [ERROR] Failed to load resource: the server responded with a status of 502 (Bad Gateway) @ http://localhost:3000/api/pole_tags:0
[29676496ms] [ERROR] Failed to load resource: the server responded with a status of 502 (Bad Gateway) @ http://localhost:3000/api/pole_tags:0
[29678488ms] [ERROR] Failed to load resource: the server responded with a status of 502 (Bad Gateway) @ http://localhost:3000/api/pole_tags:0
[29680492ms] [ERROR] Failed to load resource: the server responded with a status of 502 (Bad Gateway) @ http://localhost:3000/api/pole_tags:0
[29682494ms] [ERROR] Failed to load resource: the server responded with a status of 502 (Bad Gateway) @ http://localhost:3000/api/pole_tags:0
[29684481ms] [ERROR] Failed to load resource: the server responded with a status of 502 (Bad Gateway) @ http://localhost:3000/api/pole_tags:0
[29686477ms] [ERROR] Failed to load resource: the server responded with a status of 502 (Bad Gateway) @ http://localhost:3000/api/pole_tags:0
[29688483ms] [ERROR] Failed to load resource: the server responded with a status of 502 (Bad Gateway) @ http://localhost:3000/api/pole_tags:0
[29690480ms] [ERROR] Failed to load resource: the server responded with a status of 502 (Bad Gateway) @ http://localhost:3000/api/pole_tags:0
[29692487ms] [ERROR] Failed to load resource: the server responded with a status of 502 (Bad Gateway) @ http://localhost:3000/api/pole_tags:0
[29694481ms] [ERROR] Failed to load resource: the server responded with a status of 502 (Bad Gateway) @ http://localhost:3000/api/pole_tags:0
[29696484ms] [ERROR] Failed to load resource: the server responded with a status of 502 (Bad Gateway) @ http://localhost:3000/api/pole_tags:0
[29698476ms] [ERROR] Failed to load resource: the server responded with a status of 502 (Bad Gateway) @ http://localhost:3000/api/pole_tags:0
[29700487ms] [ERROR] Failed to load resource: the server responded with a status of 502 (Bad Gateway) @ http://localhost:3000/api/pole_tags:0
[29702480ms] [ERROR] Failed to load resource: the server responded with a status of 502 (Bad Gateway) @ http://localhost:3000/api/pole_tags:0
[29704493ms] [ERROR] Failed to load resource: the server responded with a status of 502 (Bad Gateway) @ http://localhost:3000/api/pole_tags:0
[29706478ms] [ERROR] Failed to load resource: the server responded with a status of 502 (Bad Gateway) @ http://localhost:3000/api/pole_tags:0
[29708487ms] [ERROR] Failed to load resource: the server responded with a status of 502 (Bad Gateway) @ http://localhost:3000/api/pole_tags:0
[29710479ms] [ERROR] Failed to load resource: the server responded with a status of 502 (Bad Gateway) @ http://localhost:3000/api/pole_tags:0
[29712489ms] [ERROR] Failed to load resource: the server responded with a status of 502 (Bad Gateway) @ http://localhost:3000/api/pole_tags:0
[29714479ms] [ERROR] Failed to load resource: the server responded with a status of 502 (Bad Gateway) @ http://localhost:3000/api/pole_tags:0
[29716499ms] [ERROR] Failed to load resource: the server responded with a status of 502 (Bad Gateway) @ http://localhost:3000/api/pole_tags:0
[29718484ms] [ERROR] Failed to load resource: the server responded with a status of 502 (Bad Gateway) @ http://localhost:3000/api/pole_tags:0
[29720485ms] [ERROR] Failed to load resource: the server responded with a status of 502 (Bad Gateway) @ http://localhost:3000/api/pole_tags:0
[29722479ms] [ERROR] Failed to load resource: the server responded with a status of 502 (Bad Gateway) @ http://localhost:3000/api/pole_tags:0
[29724494ms] [ERROR] Failed to load resource: the server responded with a status of 502 (Bad Gateway) @ http://localhost:3000/api/pole_tags:0
[29726479ms] [ERROR] Failed to load resource: the server responded with a status of 502 (Bad Gateway) @ http://localhost:3000/api/pole_tags:0
[29728488ms] [ERROR] Failed to load resource: the server responded with a status of 502 (Bad Gateway) @ http://localhost:3000/api/pole_tags:0
[29730487ms] [ERROR] Failed to load resource: the server responded with a status of 502 (Bad Gateway) @ http://localhost:3000/api/pole_tags:0
[29732504ms] [ERROR] Failed to load resource: the server responded with a status of 502 (Bad Gateway) @ http://localhost:3000/api/pole_tags:0
[29734477ms] [ERROR] Failed to load resource: the server responded with a status of 502 (Bad Gateway) @ http://localhost:3000/api/pole_tags:0
[29736486ms] [ERROR] Failed to load resource: the server responded with a status of 502 (Bad Gateway) @ http://localhost:3000/api/pole_tags:0
[29738503ms] [ERROR] Failed to load resource: the server responded with a status of 502 (Bad Gateway) @ http://localhost:3000/api/pole_tags:0
[29740501ms] [ERROR] Failed to load resource: the server responded with a status of 502 (Bad Gateway) @ http://localhost:3000/api/pole_tags:0
[29742485ms] [ERROR] Failed to load resource: the server responded with a status of 502 (Bad Gateway) @ http://localhost:3000/api/pole_tags:0
[29744488ms] [ERROR] Failed to load resource: the server responded with a status of 502 (Bad Gateway) @ http://localhost:3000/api/pole_tags:0
[29746480ms] [ERROR] Failed to load resource: the server responded with a status of 502 (Bad Gateway) @ http://localhost:3000/api/pole_tags:0
[29748526ms] [ERROR] Failed to load resource: the server responded with a status of 502 (Bad Gateway) @ http://localhost:3000/api/pole_tags:0
[29750480ms] [ERROR] Failed to load resource: the server responded with a status of 502 (Bad Gateway) @ http://localhost:3000/api/pole_tags:0
[29752506ms] [ERROR] Failed to load resource: the server responded with a status of 502 (Bad Gateway) @ http://localhost:3000/api/pole_tags:0
[29754496ms] [ERROR] Failed to load resource: the server responded with a status of 502 (Bad Gateway) @ http://localhost:3000/api/pole_tags:0
[29756495ms] [ERROR] Failed to load resource: the server responded with a status of 502 (Bad Gateway) @ http://localhost:3000/api/pole_tags:0
[29758481ms] [ERROR] Failed to load resource: the server responded with a status of 502 (Bad Gateway) @ http://localhost:3000/api/pole_tags:0
[29760484ms] [ERROR] Failed to load resource: the server responded with a status of 502 (Bad Gateway) @ http://localhost:3000/api/pole_tags:0
[29762485ms] [ERROR] Failed to load resource: the server responded with a status of 502 (Bad Gateway) @ http://localhost:3000/api/pole_tags:0
[29764479ms] [ERROR] Failed to load resource: the server responded with a status of 502 (Bad Gateway) @ http://localhost:3000/api/pole_tags:0
[29766482ms] [ERROR] Failed to load resource: the server responded with a status of 502 (Bad Gateway) @ http://localhost:3000/api/pole_tags:0
[29768490ms] [ERROR] Failed to load resource: the server responded with a status of 502 (Bad Gateway) @ http://localhost:3000/api/pole_tags:0
[29770475ms] [ERROR] Failed to load resource: the server responded with a status of 502 (Bad Gateway) @ http://localhost:3000/api/pole_tags:0
[29772503ms] [ERROR] Failed to load resource: the server responded with a status of 502 (Bad Gateway) @ http://localhost:3000/api/pole_tags:0
[29774483ms] [ERROR] Failed to load resource: the server responded with a status of 502 (Bad Gateway) @ http://localhost:3000/api/pole_tags:0
[29776486ms] [ERROR] Failed to load resource: the server responded with a status of 502 (Bad Gateway) @ http://localhost:3000/api/pole_tags:0
[29778477ms] [ERROR] Failed to load resource: the server responded with a status of 502 (Bad Gateway) @ http://localhost:3000/api/pole_tags:0
[29780487ms] [ERROR] Failed to load resource: the server responded with a status of 502 (Bad Gateway) @ http://localhost:3000/api/pole_tags:0
[29782487ms] [ERROR] Failed to load resource: the server responded with a status of 502 (Bad Gateway) @ http://localhost:3000/api/pole_tags:0
[29784492ms] [ERROR] Failed to load resource: the server responded with a status of 502 (Bad Gateway) @ http://localhost:3000/api/pole_tags:0
[29786487ms] [ERROR] Failed to load resource: the server responded with a status of 502 (Bad Gateway) @ http://localhost:3000/api/pole_tags:0
[29788487ms] [ERROR] Failed to load resource: the server responded with a status of 502 (Bad Gateway) @ http://localhost:3000/api/pole_tags:0
[29790477ms] [ERROR] Failed to load resource: the server responded with a status of 502 (Bad Gateway) @ http://localhost:3000/api/pole_tags:0
[29792500ms] [ERROR] Failed to load resource: the server responded with a status of 502 (Bad Gateway) @ http://localhost:3000/api/pole_tags:0
[29794474ms] [ERROR] Failed to load resource: the server responded with a status of 502 (Bad Gateway) @ http://localhost:3000/api/pole_tags:0
[29797542ms] [ERROR] Failed to load resource: the server responded with a status of 502 (Bad Gateway) @ http://localhost:3000/api/pole_tags:0
[29799534ms] [ERROR] Failed to load resource: the server responded with a status of 502 (Bad Gateway) @ http://localhost:3000/api/pole_tags:0
[29801532ms] [ERROR] Failed to load resource: the server responded with a status of 502 (Bad Gateway) @ http://localhost:3000/api/pole_tags:0
[29803561ms] [ERROR] Failed to load resource: the server responded with a status of 502 (Bad Gateway) @ http://localhost:3000/api/pole_tags:0
[29805571ms] [ERROR] Failed to load resource: the server responded with a status of 502 (Bad Gateway) @ http://localhost:3000/api/pole_tags:0
[29807528ms] [ERROR] Failed to load resource: the server responded with a status of 502 (Bad Gateway) @ http://localhost:3000/api/pole_tags:0
[29809525ms] [ERROR] Failed to load resource: the server responded with a status of 502 (Bad Gateway) @ http://localhost:3000/api/pole_tags:0
[29811532ms] [ERROR] Failed to load resource: the server responded with a status of 502 (Bad Gateway) @ http://localhost:3000/api/pole_tags:0
[29813531ms] [ERROR] Failed to load resource: the server responded with a status of 502 (Bad Gateway) @ http://localhost:3000/api/pole_tags:0
[29815525ms] [ERROR] Failed to load resource: the server responded with a status of 502 (Bad Gateway) @ http://localhost:3000/api/pole_tags:0
[29817538ms] [ERROR] Failed to load resource: the server responded with a status of 502 (Bad Gateway) @ http://localhost:3000/api/pole_tags:0
[29819535ms] [ERROR] Failed to load resource: the server responded with a status of 502 (Bad Gateway) @ http://localhost:3000/api/pole_tags:0
[29821531ms] [ERROR] Failed to load resource: the server responded with a status of 502 (Bad Gateway) @ http://localhost:3000/api/pole_tags:0
[29823532ms] [ERROR] Failed to load resource: the server responded with a status of 502 (Bad Gateway) @ http://localhost:3000/api/pole_tags:0
[29825538ms] [ERROR] Failed to load resource: the server responded with a status of 502 (Bad Gateway) @ http://localhost:3000/api/pole_tags:0
[29827529ms] [ERROR] Failed to load resource: the server responded with a status of 502 (Bad Gateway) @ http://localhost:3000/api/pole_tags:0
[29829530ms] [ERROR] Failed to load resource: the server responded with a status of 502 (Bad Gateway) @ http://localhost:3000/api/pole_tags:0
[29831527ms] [ERROR] Failed to load resource: the server responded with a status of 502 (Bad Gateway) @ http://localhost:3000/api/pole_tags:0
[29833532ms] [ERROR] Failed to load resource: the server responded with a status of 502 (Bad Gateway) @ http://localhost:3000/api/pole_tags:0
[29835533ms] [ERROR] Failed to load resource: the server responded with a status of 502 (Bad Gateway) @ http://localhost:3000/api/pole_tags:0
[29837562ms] [ERROR] Failed to load resource: the server responded with a status of 502 (Bad Gateway) @ http://localhost:3000/api/pole_tags:0
[29839531ms] [ERROR] Failed to load resource: the server responded with a status of 502 (Bad Gateway) @ http://localhost:3000/api/pole_tags:0
[29841531ms] [ERROR] Failed to load resource: the server responded with a status of 502 (Bad Gateway) @ http://localhost:3000/api/pole_tags:0
[29843532ms] [ERROR] Failed to load resource: the server responded with a status of 502 (Bad Gateway) @ http://localhost:3000/api/pole_tags:0
[29845547ms] [ERROR] Failed to load resource: the server responded with a status of 502 (Bad Gateway) @ http://localhost:3000/api/pole_tags:0
[29847531ms] [ERROR] Failed to load resource: the server responded with a status of 502 (Bad Gateway) @ http://localhost:3000/api/pole_tags:0
[29849530ms] [ERROR] Failed to load resource: the server responded with a status of 502 (Bad Gateway) @ http://localhost:3000/api/pole_tags:0
[29851539ms] [ERROR] Failed to load resource: the server responded with a status of 502 (Bad Gateway) @ http://localhost:3000/api/pole_tags:0
[29853525ms] [ERROR] Failed to load resource: the server responded with a status of 502 (Bad Gateway) @ http://localhost:3000/api/pole_tags:0
[29855552ms] [ERROR] Failed to load resource: the server responded with a status of 502 (Bad Gateway) @ http://localhost:3000/api/pole_tags:0
[29857550ms] [ERROR] Failed to load resource: the server responded with a status of 502 (Bad Gateway) @ http://localhost:3000/api/pole_tags:0
[29859599ms] [ERROR] Failed to load resource: the server responded with a status of 502 (Bad Gateway) @ http://localhost:3000/api/pole_tags:0
[29861529ms] [ERROR] Failed to load resource: the server responded with a status of 502 (Bad Gateway) @ http://localhost:3000/api/pole_tags:0
[29863532ms] [ERROR] Failed to load resource: the server responded with a status of 502 (Bad Gateway) @ http://localhost:3000/api/pole_tags:0
[29865541ms] [ERROR] Failed to load resource: the server responded with a status of 502 (Bad Gateway) @ http://localhost:3000/api/pole_tags:0
[29867689ms] [ERROR] Failed to load resource: the server responded with a status of 502 (Bad Gateway) @ http://localhost:3000/api/pole_tags:0
[29869540ms] [ERROR] Failed to load resource: the server responded with a status of 502 (Bad Gateway) @ http://localhost:3000/api/pole_tags:0
[29871535ms] [ERROR] Failed to load resource: the server responded with a status of 502 (Bad Gateway) @ http://localhost:3000/api/pole_tags:0
[29873527ms] [ERROR] Failed to load resource: the server responded with a status of 502 (Bad Gateway) @ http://localhost:3000/api/pole_tags:0
[29875531ms] [ERROR] Failed to load resource: the server responded with a status of 502 (Bad Gateway) @ http://localhost:3000/api/pole_tags:0
[29877534ms] [ERROR] Failed to load resource: the server responded with a status of 502 (Bad Gateway) @ http://localhost:3000/api/pole_tags:0
[29879535ms] [ERROR] Failed to load resource: the server responded with a status of 502 (Bad Gateway) @ http://localhost:3000/api/pole_tags:0
[29881534ms] [ERROR] Failed to load resource: the server responded with a status of 502 (Bad Gateway) @ http://localhost:3000/api/pole_tags:0
[29883524ms] [ERROR] Failed to load resource: the server responded with a status of 502 (Bad Gateway) @ http://localhost:3000/api/pole_tags:0
[29885531ms] [ERROR] Failed to load resource: the server responded with a status of 502 (Bad Gateway) @ http://localhost:3000/api/pole_tags:0
[29887528ms] [ERROR] Failed to load resource: the server responded with a status of 502 (Bad Gateway) @ http://localhost:3000/api/pole_tags:0
[29889529ms] [ERROR] Failed to load resource: the server responded with a status of 502 (Bad Gateway) @ http://localhost:3000/api/pole_tags:0
[29891533ms] [ERROR] Failed to load resource: the server responded with a status of 502 (Bad Gateway) @ http://localhost:3000/api/pole_tags:0
[29893526ms] [ERROR] Failed to load resource: the server responded with a status of 502 (Bad Gateway) @ http://localhost:3000/api/pole_tags:0
[29895523ms] [ERROR] Failed to load resource: the server responded with a status of 502 (Bad Gateway) @ http://localhost:3000/api/pole_tags:0
[29897526ms] [ERROR] Failed to load resource: the server responded with a status of 502 (Bad Gateway) @ http://localhost:3000/api/pole_tags:0
[29899536ms] [ERROR] Failed to load resource: the server responded with a status of 502 (Bad Gateway) @ http://localhost:3000/api/pole_tags:0
[29901542ms] [ERROR] Failed to load resource: the server responded with a status of 502 (Bad Gateway) @ http://localhost:3000/api/pole_tags:0
[29903527ms] [ERROR] Failed to load resource: the server responded with a status of 502 (Bad Gateway) @ http://localhost:3000/api/pole_tags:0
[29905523ms] [ERROR] Failed to load resource: the server responded with a status of 502 (Bad Gateway) @ http://localhost:3000/api/pole_tags:0
[29907531ms] [ERROR] Failed to load resource: the server responded with a status of 502 (Bad Gateway) @ http://localhost:3000/api/pole_tags:0
[29909536ms] [ERROR] Failed to load resource: the server responded with a status of 502 (Bad Gateway) @ http://localhost:3000/api/pole_tags:0
[29911534ms] [ERROR] Failed to load resource: the server responded with a status of 502 (Bad Gateway) @ http://localhost:3000/api/pole_tags:0
[29913527ms] [ERROR] Failed to load resource: the server responded with a status of 502 (Bad Gateway) @ http://localhost:3000/api/pole_tags:0
[29915525ms] [ERROR] Failed to load resource: the server responded with a status of 502 (Bad Gateway) @ http://localhost:3000/api/pole_tags:0
[29917533ms] [ERROR] Failed to load resource: the server responded with a status of 502 (Bad Gateway) @ http://localhost:3000/api/pole_tags:0
[29919532ms] [ERROR] Failed to load resource: the server responded with a status of 502 (Bad Gateway) @ http://localhost:3000/api/pole_tags:0
[29921535ms] [ERROR] Failed to load resource: the server responded with a status of 502 (Bad Gateway) @ http://localhost:3000/api/pole_tags:0
[29923532ms] [ERROR] Failed to load resource: the server responded with a status of 502 (Bad Gateway) @ http://localhost:3000/api/pole_tags:0
[29925525ms] [ERROR] Failed to load resource: the server responded with a status of 502 (Bad Gateway) @ http://localhost:3000/api/pole_tags:0
[29927527ms] [ERROR] Failed to load resource: the server responded with a status of 502 (Bad Gateway) @ http://localhost:3000/api/pole_tags:0
[29929526ms] [ERROR] Failed to load resource: the server responded with a status of 502 (Bad Gateway) @ http://localhost:3000/api/pole_tags:0
[29931532ms] [ERROR] Failed to load resource: the server responded with a status of 502 (Bad Gateway) @ http://localhost:3000/api/pole_tags:0
[29933528ms] [ERROR] Failed to load resource: the server responded with a status of 502 (Bad Gateway) @ http://localhost:3000/api/pole_tags:0
[29935523ms] [ERROR] Failed to load resource: the server responded with a status of 502 (Bad Gateway) @ http://localhost:3000/api/pole_tags:0
[29937545ms] [ERROR] Failed to load resource: the server responded with a status of 502 (Bad Gateway) @ http://localhost:3000/api/pole_tags:0
[29939533ms] [ERROR] Failed to load resource: the server responded with a status of 502 (Bad Gateway) @ http://localhost:3000/api/pole_tags:0
[29941529ms] [ERROR] Failed to load resource: the server responded with a status of 502 (Bad Gateway) @ http://localhost:3000/api/pole_tags:0
[29943534ms] [ERROR] Failed to load resource: the server responded with a status of 502 (Bad Gateway) @ http://localhost:3000/api/pole_tags:0
[29945525ms] [ERROR] Failed to load resource: the server responded with a status of 502 (Bad Gateway) @ http://localhost:3000/api/pole_tags:0
[29947529ms] [ERROR] Failed to load resource: the server responded with a status of 502 (Bad Gateway) @ http://localhost:3000/api/pole_tags:0
[29949531ms] [ERROR] Failed to load resource: the server responded with a status of 502 (Bad Gateway) @ http://localhost:3000/api/pole_tags:0
[29951533ms] [ERROR] Failed to load resource: the server responded with a status of 502 (Bad Gateway) @ http://localhost:3000/api/pole_tags:0
[29953645ms] [ERROR] Failed to load resource: the server responded with a status of 502 (Bad Gateway) @ http://localhost:3000/api/pole_tags:0
[29955529ms] [ERROR] Failed to load resource: the server responded with a status of 502 (Bad Gateway) @ http://localhost:3000/api/pole_tags:0
[29957530ms] [ERROR] Failed to load resource: the server responded with a status of 502 (Bad Gateway) @ http://localhost:3000/api/pole_tags:0
[29959531ms] [ERROR] Failed to load resource: the server responded with a status of 502 (Bad Gateway) @ http://localhost:3000/api/pole_tags:0
[29961531ms] [ERROR] Failed to load resource: the server responded with a status of 502 (Bad Gateway) @ http://localhost:3000/api/pole_tags:0
[29963532ms] [ERROR] Failed to load resource: the server responded with a status of 502 (Bad Gateway) @ http://localhost:3000/api/pole_tags:0
[29965536ms] [ERROR] Failed to load resource: the server responded with a status of 502 (Bad Gateway) @ http://localhost:3000/api/pole_tags:0
[29967528ms] [ERROR] Failed to load resource: the server responded with a status of 502 (Bad Gateway) @ http://localhost:3000/api/pole_tags:0
[29969535ms] [ERROR] Failed to load resource: the server responded with a status of 502 (Bad Gateway) @ http://localhost:3000/api/pole_tags:0
[29971531ms] [ERROR] Failed to load resource: the server responded with a status of 502 (Bad Gateway) @ http://localhost:3000/api/pole_tags:0
[29973539ms] [ERROR] Failed to load resource: the server responded with a status of 502 (Bad Gateway) @ http://localhost:3000/api/pole_tags:0
[29975528ms] [ERROR] Failed to load resource: the server responded with a status of 502 (Bad Gateway) @ http://localhost:3000/api/pole_tags:0
[29977539ms] [ERROR] Failed to load resource: the server responded with a status of 502 (Bad Gateway) @ http://localhost:3000/api/pole_tags:0
[29979531ms] [ERROR] Failed to load resource: the server responded with a status of 502 (Bad Gateway) @ http://localhost:3000/api/pole_tags:0
[29981524ms] [ERROR] Failed to load resource: the server responded with a status of 502 (Bad Gateway) @ http://localhost:3000/api/pole_tags:0
[29983531ms] [ERROR] Failed to load resource: the server responded with a status of 502 (Bad Gateway) @ http://localhost:3000/api/pole_tags:0
[29985527ms] [ERROR] Failed to load resource: the server responded with a status of 502 (Bad Gateway) @ http://localhost:3000/api/pole_tags:0
[29987530ms] [ERROR] Failed to load resource: the server responded with a status of 502 (Bad Gateway) @ http://localhost:3000/api/pole_tags:0
[29989528ms] [ERROR] Failed to load resource: the server responded with a status of 502 (Bad Gateway) @ http://localhost:3000/api/pole_tags:0
[29991524ms] [ERROR] Failed to load resource: the server responded with a status of 502 (Bad Gateway) @ http://localhost:3000/api/pole_tags:0
[29993538ms] [ERROR] Failed to load resource: the server responded with a status of 502 (Bad Gateway) @ http://localhost:3000/api/pole_tags:0
[29995529ms] [ERROR] Failed to load resource: the server responded with a status of 502 (Bad Gateway) @ http://localhost:3000/api/pole_tags:0
[29997537ms] [ERROR] Failed to load resource: the server responded with a status of 502 (Bad Gateway) @ http://localhost:3000/api/pole_tags:0
[29999539ms] [ERROR] Failed to load resource: the server responded with a status of 502 (Bad Gateway) @ http://localhost:3000/api/pole_tags:0
[30001523ms] [ERROR] Failed to load resource: the server responded with a status of 502 (Bad Gateway) @ http://localhost:3000/api/pole_tags:0
[30003539ms] [ERROR] Failed to load resource: the server responded with a status of 502 (Bad Gateway) @ http://localhost:3000/api/pole_tags:0
[30005530ms] [ERROR] Failed to load resource: the server responded with a status of 502 (Bad Gateway) @ http://localhost:3000/api/pole_tags:0
[30007537ms] [ERROR] Failed to load resource: the server responded with a status of 502 (Bad Gateway) @ http://localhost:3000/api/pole_tags:0
[30009527ms] [ERROR] Failed to load resource: the server responded with a status of 502 (Bad Gateway) @ http://localhost:3000/api/pole_tags:0
[30011528ms] [ERROR] Failed to load resource: the server responded with a status of 502 (Bad Gateway) @ http://localhost:3000/api/pole_tags:0
[30013530ms] [ERROR] Failed to load resource: the server responded with a status of 502 (Bad Gateway) @ http://localhost:3000/api/pole_tags:0
[30015525ms] [ERROR] Failed to load resource: the server responded with a status of 502 (Bad Gateway) @ http://localhost:3000/api/pole_tags:0
[30017530ms] [ERROR] Failed to load resource: the server responded with a status of 502 (Bad Gateway) @ http://localhost:3000/api/pole_tags:0
[30019529ms] [ERROR] Failed to load resource: the server responded with a status of 502 (Bad Gateway) @ http://localhost:3000/api/pole_tags:0
[30021541ms] [ERROR] Failed to load resource: the server responded with a status of 502 (Bad Gateway) @ http://localhost:3000/api/pole_tags:0
[30023531ms] [ERROR] Failed to load resource: the server responded with a status of 502 (Bad Gateway) @ http://localhost:3000/api/pole_tags:0
[30025530ms] [ERROR] Failed to load resource: the server responded with a status of 502 (Bad Gateway) @ http://localhost:3000/api/pole_tags:0
[30027543ms] [ERROR] Failed to load resource: the server responded with a status of 502 (Bad Gateway) @ http://localhost:3000/api/pole_tags:0
[30029542ms] [ERROR] Failed to load resource: the server responded with a status of 502 (Bad Gateway) @ http://localhost:3000/api/pole_tags:0
[30031540ms] [ERROR] Failed to load resource: the server responded with a status of 502 (Bad Gateway) @ http://localhost:3000/api/pole_tags:0
[30033534ms] [ERROR] Failed to load resource: the server responded with a status of 502 (Bad Gateway) @ http://localhost:3000/api/pole_tags:0
[30035525ms] [ERROR] Failed to load resource: the server responded with a status of 502 (Bad Gateway) @ http://localhost:3000/api/pole_tags:0
[30037528ms] [ERROR] Failed to load resource: the server responded with a status of 502 (Bad Gateway) @ http://localhost:3000/api/pole_tags:0
[30039544ms] [ERROR] Failed to load resource: the server responded with a status of 502 (Bad Gateway) @ http://localhost:3000/api/pole_tags:0
[30041523ms] [ERROR] Failed to load resource: the server responded with a status of 502 (Bad Gateway) @ http://localhost:3000/api/pole_tags:0
[30043532ms] [ERROR] Failed to load resource: the server responded with a status of 502 (Bad Gateway) @ http://localhost:3000/api/pole_tags:0
[30045525ms] [ERROR] Failed to load resource: the server responded with a status of 502 (Bad Gateway) @ http://localhost:3000/api/pole_tags:0
[30047532ms] [ERROR] Failed to load resource: the server responded with a status of 502 (Bad Gateway) @ http://localhost:3000/api/pole_tags:0
[30049529ms] [ERROR] Failed to load resource: the server responded with a status of 502 (Bad Gateway) @ http://localhost:3000/api/pole_tags:0
[30051541ms] [ERROR] Failed to load resource: the server responded with a status of 502 (Bad Gateway) @ http://localhost:3000/api/pole_tags:0
[30053533ms] [ERROR] Failed to load resource: the server responded with a status of 502 (Bad Gateway) @ http://localhost:3000/api/pole_tags:0
[30055532ms] [ERROR] Failed to load resource: the server responded with a status of 502 (Bad Gateway) @ http://localhost:3000/api/pole_tags:0
[30057534ms] [ERROR] Failed to load resource: the server responded with a status of 502 (Bad Gateway) @ http://localhost:3000/api/pole_tags:0
[30059535ms] [ERROR] Failed to load resource: the server responded with a status of 502 (Bad Gateway) @ http://localhost:3000/api/pole_tags:0
[30061525ms] [ERROR] Failed to load resource: the server responded with a status of 502 (Bad Gateway) @ http://localhost:3000/api/pole_tags:0
[30063533ms] [ERROR] Failed to load resource: the server responded with a status of 502 (Bad Gateway) @ http://localhost:3000/api/pole_tags:0
[30065529ms] [ERROR] Failed to load resource: the server responded with a status of 502 (Bad Gateway) @ http://localhost:3000/api/pole_tags:0
[30067535ms] [ERROR] Failed to load resource: the server responded with a status of 502 (Bad Gateway) @ http://localhost:3000/api/pole_tags:0
[30069530ms] [ERROR] Failed to load resource: the server responded with a status of 502 (Bad Gateway) @ http://localhost:3000/api/pole_tags:0
[30071526ms] [ERROR] Failed to load resource: the server responded with a status of 502 (Bad Gateway) @ http://localhost:3000/api/pole_tags:0
[30073549ms] [ERROR] Failed to load resource: the server responded with a status of 502 (Bad Gateway) @ http://localhost:3000/api/pole_tags:0
[30075528ms] [ERROR] Failed to load resource: the server responded with a status of 502 (Bad Gateway) @ http://localhost:3000/api/pole_tags:0
[30077542ms] [ERROR] Failed to load resource: the server responded with a status of 502 (Bad Gateway) @ http://localhost:3000/api/pole_tags:0
[30079529ms] [ERROR] Failed to load resource: the server responded with a status of 502 (Bad Gateway) @ http://localhost:3000/api/pole_tags:0
[30081534ms] [ERROR] Failed to load resource: the server responded with a status of 502 (Bad Gateway) @ http://localhost:3000/api/pole_tags:0
[30083531ms] [ERROR] Failed to load resource: the server responded with a status of 502 (Bad Gateway) @ http://localhost:3000/api/pole_tags:0
[30085531ms] [ERROR] Failed to load resource: the server responded with a status of 502 (Bad Gateway) @ http://localhost:3000/api/pole_tags:0
[30087528ms] [ERROR] Failed to load resource: the server responded with a status of 502 (Bad Gateway) @ http://localhost:3000/api/pole_tags:0
[30089530ms] [ERROR] Failed to load resource: the server responded with a status of 502 (Bad Gateway) @ http://localhost:3000/api/pole_tags:0
[30091531ms] [ERROR] Failed to load resource: the server responded with a status of 502 (Bad Gateway) @ http://localhost:3000/api/pole_tags:0
[30093528ms] [ERROR] Failed to load resource: the server responded with a status of 502 (Bad Gateway) @ http://localhost:3000/api/pole_tags:0
[30095529ms] [ERROR] Failed to load resource: the server responded with a status of 502 (Bad Gateway) @ http://localhost:3000/api/pole_tags:0
[30097533ms] [ERROR] Failed to load resource: the server responded with a status of 502 (Bad Gateway) @ http://localhost:3000/api/pole_tags:0
[30099546ms] [ERROR] Failed to load resource: the server responded with a status of 502 (Bad Gateway) @ http://localhost:3000/api/pole_tags:0
[30101522ms] [ERROR] Failed to load resource: the server responded with a status of 502 (Bad Gateway) @ http://localhost:3000/api/pole_tags:0
[30103528ms] [ERROR] Failed to load resource: the server responded with a status of 502 (Bad Gateway) @ http://localhost:3000/api/pole_tags:0
[30105528ms] [ERROR] Failed to load resource: the server responded with a status of 502 (Bad Gateway) @ http://localhost:3000/api/pole_tags:0
[30107534ms] [ERROR] Failed to load resource: the server responded with a status of 502 (Bad Gateway) @ http://localhost:3000/api/pole_tags:0
[30109526ms] [ERROR] Failed to load resource: the server responded with a status of 502 (Bad Gateway) @ http://localhost:3000/api/pole_tags:0
[30111527ms] [ERROR] Failed to load resource: the server responded with a status of 502 (Bad Gateway) @ http://localhost:3000/api/pole_tags:0
[30113535ms] [ERROR] Failed to load resource: the server responded with a status of 502 (Bad Gateway) @ http://localhost:3000/api/pole_tags:0
[30115531ms] [ERROR] Failed to load resource: the server responded with a status of 502 (Bad Gateway) @ http://localhost:3000/api/pole_tags:0
[30117530ms] [ERROR] Failed to load resource: the server responded with a status of 502 (Bad Gateway) @ http://localhost:3000/api/pole_tags:0
[30119529ms] [ERROR] Failed to load resource: the server responded with a status of 502 (Bad Gateway) @ http://localhost:3000/api/pole_tags:0
[30121547ms] [ERROR] Failed to load resource: the server responded with a status of 502 (Bad Gateway) @ http://localhost:3000/api/pole_tags:0
[30123548ms] [ERROR] Failed to load resource: the server responded with a status of 502 (Bad Gateway) @ http://localhost:3000/api/pole_tags:0
[30125529ms] [ERROR] Failed to load resource: the server responded with a status of 502 (Bad Gateway) @ http://localhost:3000/api/pole_tags:0
[30127546ms] [ERROR] Failed to load resource: the server responded with a status of 502 (Bad Gateway) @ http://localhost:3000/api/pole_tags:0
[30129532ms] [ERROR] Failed to load resource: the server responded with a status of 502 (Bad Gateway) @ http://localhost:3000/api/pole_tags:0
[30131528ms] [ERROR] Failed to load resource: the server responded with a status of 502 (Bad Gateway) @ http://localhost:3000/api/pole_tags:0
[30133529ms] [ERROR] Failed to load resource: the server responded with a status of 502 (Bad Gateway) @ http://localhost:3000/api/pole_tags:0
[30135531ms] [ERROR] Failed to load resource: the server responded with a status of 502 (Bad Gateway) @ http://localhost:3000/api/pole_tags:0
[30137539ms] [ERROR] Failed to load resource: the server responded with a status of 502 (Bad Gateway) @ http://localhost:3000/api/pole_tags:0
[30139537ms] [ERROR] Failed to load resource: the server responded with a status of 502 (Bad Gateway) @ http://localhost:3000/api/pole_tags:0
[30141543ms] [ERROR] Failed to load resource: the server responded with a status of 502 (Bad Gateway) @ http://localhost:3000/api/pole_tags:0
[30143531ms] [ERROR] Failed to load resource: the server responded with a status of 502 (Bad Gateway) @ http://localhost:3000/api/pole_tags:0
[30145583ms] [ERROR] Failed to load resource: the server responded with a status of 502 (Bad Gateway) @ http://localhost:3000/api/pole_tags:0
[30147534ms] [ERROR] Failed to load resource: the server responded with a status of 502 (Bad Gateway) @ http://localhost:3000/api/pole_tags:0
[30149534ms] [ERROR] Failed to load resource: the server responded with a status of 502 (Bad Gateway) @ http://localhost:3000/api/pole_tags:0
[30151538ms] [ERROR] Failed to load resource: the server responded with a status of 502 (Bad Gateway) @ http://localhost:3000/api/pole_tags:0
[30153528ms] [ERROR] Failed to load resource: the server responded with a status of 502 (Bad Gateway) @ http://localhost:3000/api/pole_tags:0
[30155536ms] [ERROR] Failed to load resource: the server responded with a status of 502 (Bad Gateway) @ http://localhost:3000/api/pole_tags:0
[30157533ms] [ERROR] Failed to load resource: the server responded with a status of 502 (Bad Gateway) @ http://localhost:3000/api/pole_tags:0
[30159542ms] [ERROR] Failed to load resource: the server responded with a status of 502 (Bad Gateway) @ http://localhost:3000/api/pole_tags:0
[30161527ms] [ERROR] Failed to load resource: the server responded with a status of 502 (Bad Gateway) @ http://localhost:3000/api/pole_tags:0
[30163541ms] [ERROR] Failed to load resource: the server responded with a status of 502 (Bad Gateway) @ http://localhost:3000/api/pole_tags:0
[30165555ms] [ERROR] Failed to load resource: the server responded with a status of 502 (Bad Gateway) @ http://localhost:3000/api/pole_tags:0
[30167526ms] [ERROR] Failed to load resource: the server responded with a status of 502 (Bad Gateway) @ http://localhost:3000/api/pole_tags:0
[30169529ms] [ERROR] Failed to load resource: the server responded with a status of 502 (Bad Gateway) @ http://localhost:3000/api/pole_tags:0
[30171527ms] [ERROR] Failed to load resource: the server responded with a status of 502 (Bad Gateway) @ http://localhost:3000/api/pole_tags:0
[30173537ms] [ERROR] Failed to load resource: the server responded with a status of 502 (Bad Gateway) @ http://localhost:3000/api/pole_tags:0
[30175531ms] [ERROR] Failed to load resource: the server responded with a status of 502 (Bad Gateway) @ http://localhost:3000/api/pole_tags:0
[30177536ms] [ERROR] Failed to load resource: the server responded with a status of 502 (Bad Gateway) @ http://localhost:3000/api/pole_tags:0
[30179533ms] [ERROR] Failed to load resource: the server responded with a status of 502 (Bad Gateway) @ http://localhost:3000/api/pole_tags:0
[30181528ms] [ERROR] Failed to load resource: the server responded with a status of 502 (Bad Gateway) @ http://localhost:3000/api/pole_tags:0
[30183537ms] [ERROR] Failed to load resource: the server responded with a status of 502 (Bad Gateway) @ http://localhost:3000/api/pole_tags:0
[30185530ms] [ERROR] Failed to load resource: the server responded with a status of 502 (Bad Gateway) @ http://localhost:3000/api/pole_tags:0
[30187526ms] [ERROR] Failed to load resource: the server responded with a status of 502 (Bad Gateway) @ http://localhost:3000/api/pole_tags:0
[30189539ms] [ERROR] Failed to load resource: the server responded with a status of 502 (Bad Gateway) @ http://localhost:3000/api/pole_tags:0
[30191527ms] [ERROR] Failed to load resource: the server responded with a status of 502 (Bad Gateway) @ http://localhost:3000/api/pole_tags:0
[30193578ms] [ERROR] Failed to load resource: the server responded with a status of 502 (Bad Gateway) @ http://localhost:3000/api/pole_tags:0
[30195532ms] [ERROR] Failed to load resource: the server responded with a status of 502 (Bad Gateway) @ http://localhost:3000/api/pole_tags:0
[30197535ms] [ERROR] Failed to load resource: the server responded with a status of 502 (Bad Gateway) @ http://localhost:3000/api/pole_tags:0
[30199525ms] [ERROR] Failed to load resource: the server responded with a status of 502 (Bad Gateway) @ http://localhost:3000/api/pole_tags:0
[30201541ms] [ERROR] Failed to load resource: the server responded with a status of 502 (Bad Gateway) @ http://localhost:3000/api/pole_tags:0
[30203532ms] [ERROR] Failed to load resource: the server responded with a status of 502 (Bad Gateway) @ http://localhost:3000/api/pole_tags:0
[30205533ms] [ERROR] Failed to load resource: the server responded with a status of 502 (Bad Gateway) @ http://localhost:3000/api/pole_tags:0
[30207537ms] [ERROR] Failed to load resource: the server responded with a status of 502 (Bad Gateway) @ http://localhost:3000/api/pole_tags:0
[30209534ms] [ERROR] Failed to load resource: the server responded with a status of 502 (Bad Gateway) @ http://localhost:3000/api/pole_tags:0
[30211531ms] [ERROR] Failed to load resource: the server responded with a status of 502 (Bad Gateway) @ http://localhost:3000/api/pole_tags:0
[30213533ms] [ERROR] Failed to load resource: the server responded with a status of 502 (Bad Gateway) @ http://localhost:3000/api/pole_tags:0
[30215533ms] [ERROR] Failed to load resource: the server responded with a status of 502 (Bad Gateway) @ http://localhost:3000/api/pole_tags:0
[30217534ms] [ERROR] Failed to load resource: the server responded with a status of 502 (Bad Gateway) @ http://localhost:3000/api/pole_tags:0
[30219532ms] [ERROR] Failed to load resource: the server responded with a status of 502 (Bad Gateway) @ http://localhost:3000/api/pole_tags:0
[30221566ms] [ERROR] Failed to load resource: the server responded with a status of 502 (Bad Gateway) @ http://localhost:3000/api/pole_tags:0
[30223527ms] [ERROR] Failed to load resource: the server responded with a status of 502 (Bad Gateway) @ http://localhost:3000/api/pole_tags:0
[30225539ms] [ERROR] Failed to load resource: the server responded with a status of 502 (Bad Gateway) @ http://localhost:3000/api/pole_tags:0
[30227527ms] [ERROR] Failed to load resource: the server responded with a status of 502 (Bad Gateway) @ http://localhost:3000/api/pole_tags:0
[30229539ms] [ERROR] Failed to load resource: the server responded with a status of 502 (Bad Gateway) @ http://localhost:3000/api/pole_tags:0
[30231528ms] [ERROR] Failed to load resource: the server responded with a status of 502 (Bad Gateway) @ http://localhost:3000/api/pole_tags:0
[30233536ms] [ERROR] Failed to load resource: the server responded with a status of 502 (Bad Gateway) @ http://localhost:3000/api/pole_tags:0
[30235530ms] [ERROR] Failed to load resource: the server responded with a status of 502 (Bad Gateway) @ http://localhost:3000/api/pole_tags:0
[30237530ms] [ERROR] Failed to load resource: the server responded with a status of 502 (Bad Gateway) @ http://localhost:3000/api/pole_tags:0
[30239534ms] [ERROR] Failed to load resource: the server responded with a status of 502 (Bad Gateway) @ http://localhost:3000/api/pole_tags:0
[30241532ms] [ERROR] Failed to load resource: the server responded with a status of 502 (Bad Gateway) @ http://localhost:3000/api/pole_tags:0
[30243550ms] [ERROR] Failed to load resource: the server responded with a status of 502 (Bad Gateway) @ http://localhost:3000/api/pole_tags:0
[30245529ms] [ERROR] Failed to load resource: the server responded with a status of 502 (Bad Gateway) @ http://localhost:3000/api/pole_tags:0
[30247524ms] [ERROR] Failed to load resource: the server responded with a status of 502 (Bad Gateway) @ http://localhost:3000/api/pole_tags:0
[30249530ms] [ERROR] Failed to load resource: the server responded with a status of 502 (Bad Gateway) @ http://localhost:3000/api/pole_tags:0
[30251530ms] [ERROR] Failed to load resource: the server responded with a status of 502 (Bad Gateway) @ http://localhost:3000/api/pole_tags:0
[30253740ms] [ERROR] Failed to load resource: the server responded with a status of 502 (Bad Gateway) @ http://localhost:3000/api/pole_tags:0
[30255539ms] [ERROR] Failed to load resource: the server responded with a status of 502 (Bad Gateway) @ http://localhost:3000/api/pole_tags:0
[30257531ms] [ERROR] Failed to load resource: the server responded with a status of 502 (Bad Gateway) @ http://localhost:3000/api/pole_tags:0
[30259526ms] [ERROR] Failed to load resource: the server responded with a status of 502 (Bad Gateway) @ http://localhost:3000/api/pole_tags:0
[30261536ms] [ERROR] Failed to load resource: the server responded with a status of 502 (Bad Gateway) @ http://localhost:3000/api/pole_tags:0
[30263535ms] [ERROR] Failed to load resource: the server responded with a status of 502 (Bad Gateway) @ http://localhost:3000/api/pole_tags:0
[30265530ms] [ERROR] Failed to load resource: the server responded with a status of 502 (Bad Gateway) @ http://localhost:3000/api/pole_tags:0
[30267533ms] [ERROR] Failed to load resource: the server responded with a status of 502 (Bad Gateway) @ http://localhost:3000/api/pole_tags:0
[30269534ms] [ERROR] Failed to load resource: the server responded with a status of 502 (Bad Gateway) @ http://localhost:3000/api/pole_tags:0
[30271531ms] [ERROR] Failed to load resource: the server responded with a status of 502 (Bad Gateway) @ http://localhost:3000/api/pole_tags:0
[30273529ms] [ERROR] Failed to load resource: the server responded with a status of 502 (Bad Gateway) @ http://localhost:3000/api/pole_tags:0
[30275527ms] [ERROR] Failed to load resource: the server responded with a status of 502 (Bad Gateway) @ http://localhost:3000/api/pole_tags:0
[30277525ms] [ERROR] Failed to load resource: the server responded with a status of 502 (Bad Gateway) @ http://localhost:3000/api/pole_tags:0
[30279521ms] [ERROR] Failed to load resource: the server responded with a status of 502 (Bad Gateway) @ http://localhost:3000/api/pole_tags:0
[30281528ms] [ERROR] Failed to load resource: the server responded with a status of 502 (Bad Gateway) @ http://localhost:3000/api/pole_tags:0
[30283566ms] [ERROR] Failed to load resource: the server responded with a status of 502 (Bad Gateway) @ http://localhost:3000/api/pole_tags:0
[30285536ms] [ERROR] Failed to load resource: the server responded with a status of 502 (Bad Gateway) @ http://localhost:3000/api/pole_tags:0
[30287547ms] [ERROR] Failed to load resource: the server responded with a status of 502 (Bad Gateway) @ http://localhost:3000/api/pole_tags:0
[30289536ms] [ERROR] Failed to load resource: the server responded with a status of 502 (Bad Gateway) @ http://localhost:3000/api/pole_tags:0
[30291542ms] [ERROR] Failed to load resource: the server responded with a status of 502 (Bad Gateway) @ http://localhost:3000/api/pole_tags:0
[30293534ms] [ERROR] Failed to load resource: the server responded with a status of 502 (Bad Gateway) @ http://localhost:3000/api/pole_tags:0
[30295538ms] [ERROR] Failed to load resource: the server responded with a status of 502 (Bad Gateway) @ http://localhost:3000/api/pole_tags:0
[30297566ms] [ERROR] Failed to load resource: the server responded with a status of 502 (Bad Gateway) @ http://localhost:3000/api/pole_tags:0
[30299546ms] [ERROR] Failed to load resource: the server responded with a status of 502 (Bad Gateway) @ http://localhost:3000/api/pole_tags:0
[30301529ms] [ERROR] Failed to load resource: the server responded with a status of 502 (Bad Gateway) @ http://localhost:3000/api/pole_tags:0
[30303575ms] [ERROR] Failed to load resource: the server responded with a status of 502 (Bad Gateway) @ http://localhost:3000/api/pole_tags:0
[30305539ms] [ERROR] Failed to load resource: the server responded with a status of 502 (Bad Gateway) @ http://localhost:3000/api/pole_tags:0
[30307533ms] [ERROR] Failed to load resource: the server responded with a status of 502 (Bad Gateway) @ http://localhost:3000/api/pole_tags:0
[30309530ms] [ERROR] Failed to load resource: the server responded with a status of 502 (Bad Gateway) @ http://localhost:3000/api/pole_tags:0
[30311549ms] [ERROR] Failed to load resource: the server responded with a status of 502 (Bad Gateway) @ http://localhost:3000/api/pole_tags:0
[30313554ms] [ERROR] Failed to load resource: the server responded with a status of 502 (Bad Gateway) @ http://localhost:3000/api/pole_tags:0
[30315527ms] [ERROR] Failed to load resource: the server responded with a status of 502 (Bad Gateway) @ http://localhost:3000/api/pole_tags:0
[30317531ms] [ERROR] Failed to load resource: the server responded with a status of 502 (Bad Gateway) @ http://localhost:3000/api/pole_tags:0
[30319541ms] [ERROR] Failed to load resource: the server responded with a status of 502 (Bad Gateway) @ http://localhost:3000/api/pole_tags:0
[30321545ms] [ERROR] Failed to load resource: the server responded with a status of 502 (Bad Gateway) @ http://localhost:3000/api/pole_tags:0
[30323552ms] [ERROR] Failed to load resource: the server responded with a status of 502 (Bad Gateway) @ http://localhost:3000/api/pole_tags:0
[30325572ms] [ERROR] Failed to load resource: the server responded with a status of 502 (Bad Gateway) @ http://localhost:3000/api/pole_tags:0
[30327531ms] [ERROR] Failed to load resource: the server responded with a status of 502 (Bad Gateway) @ http://localhost:3000/api/pole_tags:0
[30329553ms] [ERROR] Failed to load resource: the server responded with a status of 502 (Bad Gateway) @ http://localhost:3000/api/pole_tags:0
[30331551ms] [ERROR] Failed to load resource: the server responded with a status of 502 (Bad Gateway) @ http://localhost:3000/api/pole_tags:0
[30333547ms] [ERROR] Failed to load resource: the server responded with a status of 502 (Bad Gateway) @ http://localhost:3000/api/pole_tags:0
[30335543ms] [ERROR] Failed to load resource: the server responded with a status of 502 (Bad Gateway) @ http://localhost:3000/api/pole_tags:0
[30337525ms] [ERROR] Failed to load resource: the server responded with a status of 502 (Bad Gateway) @ http://localhost:3000/api/pole_tags:0
[30339543ms] [ERROR] Failed to load resource: the server responded with a status of 502 (Bad Gateway) @ http://localhost:3000/api/pole_tags:0
[30341530ms] [ERROR] Failed to load resource: the server responded with a status of 502 (Bad Gateway) @ http://localhost:3000/api/pole_tags:0
[30343539ms] [ERROR] Failed to load resource: the server responded with a status of 502 (Bad Gateway) @ http://localhost:3000/api/pole_tags:0
[30345562ms] [ERROR] Failed to load resource: the server responded with a status of 502 (Bad Gateway) @ http://localhost:3000/api/pole_tags:0
[30347528ms] [ERROR] Failed to load resource: the server responded with a status of 502 (Bad Gateway) @ http://localhost:3000/api/pole_tags:0
[30349530ms] [ERROR] Failed to load resource: the server responded with a status of 502 (Bad Gateway) @ http://localhost:3000/api/pole_tags:0
[30351525ms] [ERROR] Failed to load resource: the server responded with a status of 502 (Bad Gateway) @ http://localhost:3000/api/pole_tags:0
[30353544ms] [ERROR] Failed to load resource: the server responded with a status of 502 (Bad Gateway) @ http://localhost:3000/api/pole_tags:0
[30355537ms] [ERROR] Failed to load resource: the server responded with a status of 502 (Bad Gateway) @ http://localhost:3000/api/pole_tags:0
[30357526ms] [ERROR] Failed to load resource: the server responded with a status of 502 (Bad Gateway) @ http://localhost:3000/api/pole_tags:0
[30359534ms] [ERROR] Failed to load resource: the server responded with a status of 502 (Bad Gateway) @ http://localhost:3000/api/pole_tags:0
[30361532ms] [ERROR] Failed to load resource: the server responded with a status of 502 (Bad Gateway) @ http://localhost:3000/api/pole_tags:0
[30363546ms] [ERROR] Failed to load resource: the server responded with a status of 502 (Bad Gateway) @ http://localhost:3000/api/pole_tags:0
[30365526ms] [ERROR] Failed to load resource: the server responded with a status of 502 (Bad Gateway) @ http://localhost:3000/api/pole_tags:0
[30367523ms] [ERROR] Failed to load resource: the server responded with a status of 502 (Bad Gateway) @ http://localhost:3000/api/pole_tags:0
[30369527ms] [ERROR] Failed to load resource: the server responded with a status of 502 (Bad Gateway) @ http://localhost:3000/api/pole_tags:0
[30371532ms] [ERROR] Failed to load resource: the server responded with a status of 502 (Bad Gateway) @ http://localhost:3000/api/pole_tags:0
[30373536ms] [ERROR] Failed to load resource: the server responded with a status of 502 (Bad Gateway) @ http://localhost:3000/api/pole_tags:0
[30375528ms] [ERROR] Failed to load resource: the server responded with a status of 502 (Bad Gateway) @ http://localhost:3000/api/pole_tags:0
[30377531ms] [ERROR] Failed to load resource: the server responded with a status of 502 (Bad Gateway) @ http://localhost:3000/api/pole_tags:0
[30379530ms] [ERROR] Failed to load resource: the server responded with a status of 502 (Bad Gateway) @ http://localhost:3000/api/pole_tags:0
[30381543ms] [ERROR] Failed to load resource: the server responded with a status of 502 (Bad Gateway) @ http://localhost:3000/api/pole_tags:0
[30383530ms] [ERROR] Failed to load resource: the server responded with a status of 502 (Bad Gateway) @ http://localhost:3000/api/pole_tags:0
[30385549ms] [ERROR] Failed to load resource: the server responded with a status of 502 (Bad Gateway) @ http://localhost:3000/api/pole_tags:0
[30387528ms] [ERROR] Failed to load resource: the server responded with a status of 502 (Bad Gateway) @ http://localhost:3000/api/pole_tags:0
[30389555ms] [ERROR] Failed to load resource: the server responded with a status of 502 (Bad Gateway) @ http://localhost:3000/api/pole_tags:0
[30391621ms] [ERROR] Failed to load resource: the server responded with a status of 502 (Bad Gateway) @ http://localhost:3000/api/pole_tags:0
[30393529ms] [ERROR] Failed to load resource: the server responded with a status of 502 (Bad Gateway) @ http://localhost:3000/api/pole_tags:0
[30395538ms] [ERROR] Failed to load resource: the server responded with a status of 502 (Bad Gateway) @ http://localhost:3000/api/pole_tags:0
[30397544ms] [ERROR] Failed to load resource: the server responded with a status of 502 (Bad Gateway) @ http://localhost:3000/api/pole_tags:0
[30399536ms] [ERROR] Failed to load resource: the server responded with a status of 502 (Bad Gateway) @ http://localhost:3000/api/pole_tags:0
[30401529ms] [ERROR] Failed to load resource: the server responded with a status of 502 (Bad Gateway) @ http://localhost:3000/api/pole_tags:0
[30403530ms] [ERROR] Failed to load resource: the server responded with a status of 502 (Bad Gateway) @ http://localhost:3000/api/pole_tags:0
[30405534ms] [ERROR] Failed to load resource: the server responded with a status of 502 (Bad Gateway) @ http://localhost:3000/api/pole_tags:0
[30407527ms] [ERROR] Failed to load resource: the server responded with a status of 502 (Bad Gateway) @ http://localhost:3000/api/pole_tags:0
[30409531ms] [ERROR] Failed to load resource: the server responded with a status of 502 (Bad Gateway) @ http://localhost:3000/api/pole_tags:0
[30411544ms] [ERROR] Failed to load resource: the server responded with a status of 502 (Bad Gateway) @ http://localhost:3000/api/pole_tags:0
[30413544ms] [ERROR] Failed to load resource: the server responded with a status of 502 (Bad Gateway) @ http://localhost:3000/api/pole_tags:0
[30415535ms] [ERROR] Failed to load resource: the server responded with a status of 502 (Bad Gateway) @ http://localhost:3000/api/pole_tags:0
[30417531ms] [ERROR] Failed to load resource: the server responded with a status of 502 (Bad Gateway) @ http://localhost:3000/api/pole_tags:0
[30419562ms] [ERROR] Failed to load resource: the server responded with a status of 502 (Bad Gateway) @ http://localhost:3000/api/pole_tags:0
[30421531ms] [ERROR] Failed to load resource: the server responded with a status of 502 (Bad Gateway) @ http://localhost:3000/api/pole_tags:0
[30423533ms] [ERROR] Failed to load resource: the server responded with a status of 502 (Bad Gateway) @ http://localhost:3000/api/pole_tags:0
[30425543ms] [ERROR] Failed to load resource: the server responded with a status of 502 (Bad Gateway) @ http://localhost:3000/api/pole_tags:0
[30427531ms] [ERROR] Failed to load resource: the server responded with a status of 502 (Bad Gateway) @ http://localhost:3000/api/pole_tags:0
[30429544ms] [ERROR] Failed to load resource: the server responded with a status of 502 (Bad Gateway) @ http://localhost:3000/api/pole_tags:0
[30431535ms] [ERROR] Failed to load resource: the server responded with a status of 502 (Bad Gateway) @ http://localhost:3000/api/pole_tags:0
[30433537ms] [ERROR] Failed to load resource: the server responded with a status of 502 (Bad Gateway) @ http://localhost:3000/api/pole_tags:0
[30435542ms] [ERROR] Failed to load resource: the server responded with a status of 502 (Bad Gateway) @ http://localhost:3000/api/pole_tags:0
[30437542ms] [ERROR] Failed to load resource: the server responded with a status of 502 (Bad Gateway) @ http://localhost:3000/api/pole_tags:0
[30439543ms] [ERROR] Failed to load resource: the server responded with a status of 502 (Bad Gateway) @ http://localhost:3000/api/pole_tags:0
[30441539ms] [ERROR] Failed to load resource: the server responded with a status of 502 (Bad Gateway) @ http://localhost:3000/api/pole_tags:0
[30443535ms] [ERROR] Failed to load resource: the server responded with a status of 502 (Bad Gateway) @ http://localhost:3000/api/pole_tags:0
[30445539ms] [ERROR] Failed to load resource: the server responded with a status of 502 (Bad Gateway) @ http://localhost:3000/api/pole_tags:0
[30447542ms] [ERROR] Failed to load resource: the server responded with a status of 502 (Bad Gateway) @ http://localhost:3000/api/pole_tags:0
[30449547ms] [ERROR] Failed to load resource: the server responded with a status of 502 (Bad Gateway) @ http://localhost:3000/api/pole_tags:0
[30451543ms] [ERROR] Failed to load resource: the server responded with a status of 502 (Bad Gateway) @ http://localhost:3000/api/pole_tags:0
[30453545ms] [ERROR] Failed to load resource: the server responded with a status of 502 (Bad Gateway) @ http://localhost:3000/api/pole_tags:0
[30455533ms] [ERROR] Failed to load resource: the server responded with a status of 502 (Bad Gateway) @ http://localhost:3000/api/pole_tags:0
[30457546ms] [ERROR] Failed to load resource: the server responded with a status of 502 (Bad Gateway) @ http://localhost:3000/api/pole_tags:0
[30459537ms] [ERROR] Failed to load resource: the server responded with a status of 502 (Bad Gateway) @ http://localhost:3000/api/pole_tags:0
[30461533ms] [ERROR] Failed to load resource: the server responded with a status of 502 (Bad Gateway) @ http://localhost:3000/api/pole_tags:0
[30463536ms] [ERROR] Failed to load resource: the server responded with a status of 502 (Bad Gateway) @ http://localhost:3000/api/pole_tags:0
[30465538ms] [ERROR] Failed to load resource: the server responded with a status of 502 (Bad Gateway) @ http://localhost:3000/api/pole_tags:0
[30467543ms] [ERROR] Failed to load resource: the server responded with a status of 502 (Bad Gateway) @ http://localhost:3000/api/pole_tags:0
[30469529ms] [ERROR] Failed to load resource: the server responded with a status of 502 (Bad Gateway) @ http://localhost:3000/api/pole_tags:0
[30471527ms] [ERROR] Failed to load resource: the server responded with a status of 502 (Bad Gateway) @ http://localhost:3000/api/pole_tags:0
[30473524ms] [ERROR] Failed to load resource: the server responded with a status of 502 (Bad Gateway) @ http://localhost:3000/api/pole_tags:0
[30475548ms] [ERROR] Failed to load resource: the server responded with a status of 502 (Bad Gateway) @ http://localhost:3000/api/pole_tags:0
[30477542ms] [ERROR] Failed to load resource: the server responded with a status of 502 (Bad Gateway) @ http://localhost:3000/api/pole_tags:0
[30479533ms] [ERROR] Failed to load resource: the server responded with a status of 502 (Bad Gateway) @ http://localhost:3000/api/pole_tags:0
[30481542ms] [ERROR] Failed to load resource: the server responded with a status of 502 (Bad Gateway) @ http://localhost:3000/api/pole_tags:0
[30483530ms] [ERROR] Failed to load resource: the server responded with a status of 502 (Bad Gateway) @ http://localhost:3000/api/pole_tags:0
[30485539ms] [ERROR] Failed to load resource: the server responded with a status of 502 (Bad Gateway) @ http://localhost:3000/api/pole_tags:0
[30487542ms] [ERROR] Failed to load resource: the server responded with a status of 502 (Bad Gateway) @ http://localhost:3000/api/pole_tags:0
[30489545ms] [ERROR] Failed to load resource: the server responded with a status of 502 (Bad Gateway) @ http://localhost:3000/api/pole_tags:0
[30491571ms] [ERROR] Failed to load resource: the server responded with a status of 502 (Bad Gateway) @ http://localhost:3000/api/pole_tags:0
[30493550ms] [ERROR] Failed to load resource: the server responded with a status of 502 (Bad Gateway) @ http://localhost:3000/api/pole_tags:0
[30495636ms] [ERROR] Failed to load resource: the server responded with a status of 502 (Bad Gateway) @ http://localhost:3000/api/pole_tags:0
[30497534ms] [ERROR] Failed to load resource: the server responded with a status of 502 (Bad Gateway) @ http://localhost:3000/api/pole_tags:0
[30499535ms] [ERROR] Failed to load resource: the server responded with a status of 502 (Bad Gateway) @ http://localhost:3000/api/pole_tags:0
[30501544ms] [ERROR] Failed to load resource: the server responded with a status of 502 (Bad Gateway) @ http://localhost:3000/api/pole_tags:0
[30503529ms] [ERROR] Failed to load resource: the server responded with a status of 502 (Bad Gateway) @ http://localhost:3000/api/pole_tags:0
[30505534ms] [ERROR] Failed to load resource: the server responded with a status of 502 (Bad Gateway) @ http://localhost:3000/api/pole_tags:0
[30507533ms] [ERROR] Failed to load resource: the server responded with a status of 502 (Bad Gateway) @ http://localhost:3000/api/pole_tags:0
[30509539ms] [ERROR] Failed to load resource: the server responded with a status of 502 (Bad Gateway) @ http://localhost:3000/api/pole_tags:0
[30511534ms] [ERROR] Failed to load resource: the server responded with a status of 502 (Bad Gateway) @ http://localhost:3000/api/pole_tags:0
[30513536ms] [ERROR] Failed to load resource: the server responded with a status of 502 (Bad Gateway) @ http://localhost:3000/api/pole_tags:0
[30515558ms] [ERROR] Failed to load resource: the server responded with a status of 502 (Bad Gateway) @ http://localhost:3000/api/pole_tags:0
[30517540ms] [ERROR] Failed to load resource: the server responded with a status of 502 (Bad Gateway) @ http://localhost:3000/api/pole_tags:0
[30519546ms] [ERROR] Failed to load resource: the server responded with a status of 502 (Bad Gateway) @ http://localhost:3000/api/pole_tags:0
[30521539ms] [ERROR] Failed to load resource: the server responded with a status of 502 (Bad Gateway) @ http://localhost:3000/api/pole_tags:0
[30523531ms] [ERROR] Failed to load resource: the server responded with a status of 502 (Bad Gateway) @ http://localhost:3000/api/pole_tags:0
[30525551ms] [ERROR] Failed to load resource: the server responded with a status of 502 (Bad Gateway) @ http://localhost:3000/api/pole_tags:0
[30527536ms] [ERROR] Failed to load resource: the server responded with a status of 502 (Bad Gateway) @ http://localhost:3000/api/pole_tags:0
[30529532ms] [ERROR] Failed to load resource: the server responded with a status of 502 (Bad Gateway) @ http://localhost:3000/api/pole_tags:0
[30531551ms] [ERROR] Failed to load resource: the server responded with a status of 502 (Bad Gateway) @ http://localhost:3000/api/pole_tags:0
[30533567ms] [ERROR] Failed to load resource: the server responded with a status of 502 (Bad Gateway) @ http://localhost:3000/api/pole_tags:0
[30535549ms] [ERROR] Failed to load resource: the server responded with a status of 502 (Bad Gateway) @ http://localhost:3000/api/pole_tags:0
[30537536ms] [ERROR] Failed to load resource: the server responded with a status of 502 (Bad Gateway) @ http://localhost:3000/api/pole_tags:0
[30539533ms] [ERROR] Failed to load resource: the server responded with a status of 502 (Bad Gateway) @ http://localhost:3000/api/pole_tags:0
[30541551ms] [ERROR] Failed to load resource: the server responded with a status of 502 (Bad Gateway) @ http://localhost:3000/api/pole_tags:0
[30543534ms] [ERROR] Failed to load resource: the server responded with a status of 502 (Bad Gateway) @ http://localhost:3000/api/pole_tags:0
[30545539ms] [ERROR] Failed to load resource: the server responded with a status of 502 (Bad Gateway) @ http://localhost:3000/api/pole_tags:0
[30547528ms] [ERROR] Failed to load resource: the server responded with a status of 502 (Bad Gateway) @ http://localhost:3000/api/pole_tags:0
[30549534ms] [ERROR] Failed to load resource: the server responded with a status of 502 (Bad Gateway) @ http://localhost:3000/api/pole_tags:0
[30551592ms] [ERROR] Failed to load resource: the server responded with a status of 502 (Bad Gateway) @ http://localhost:3000/api/pole_tags:0
[30553563ms] [ERROR] Failed to load resource: the server responded with a status of 502 (Bad Gateway) @ http://localhost:3000/api/pole_tags:0
[30555536ms] [ERROR] Failed to load resource: the server responded with a status of 502 (Bad Gateway) @ http://localhost:3000/api/pole_tags:0
[30557529ms] [ERROR] Failed to load resource: the server responded with a status of 502 (Bad Gateway) @ http://localhost:3000/api/pole_tags:0
[30559529ms] [ERROR] Failed to load resource: the server responded with a status of 502 (Bad Gateway) @ http://localhost:3000/api/pole_tags:0
[30561560ms] [ERROR] Failed to load resource: the server responded with a status of 502 (Bad Gateway) @ http://localhost:3000/api/pole_tags:0
[30563538ms] [ERROR] Failed to load resource: the server responded with a status of 502 (Bad Gateway) @ http://localhost:3000/api/pole_tags:0
[30565529ms] [ERROR] Failed to load resource: the server responded with a status of 502 (Bad Gateway) @ http://localhost:3000/api/pole_tags:0
[30567534ms] [ERROR] Failed to load resource: the server responded with a status of 502 (Bad Gateway) @ http://localhost:3000/api/pole_tags:0
[30569530ms] [ERROR] Failed to load resource: the server responded with a status of 502 (Bad Gateway) @ http://localhost:3000/api/pole_tags:0
[30571538ms] [ERROR] Failed to load resource: the server responded with a status of 502 (Bad Gateway) @ http://localhost:3000/api/pole_tags:0
[30573547ms] [ERROR] Failed to load resource: the server responded with a status of 502 (Bad Gateway) @ http://localhost:3000/api/pole_tags:0
[30575532ms] [ERROR] Failed to load resource: the server responded with a status of 502 (Bad Gateway) @ http://localhost:3000/api/pole_tags:0
[30577544ms] [ERROR] Failed to load resource: the server responded with a status of 502 (Bad Gateway) @ http://localhost:3000/api/pole_tags:0
[30579532ms] [ERROR] Failed to load resource: the server responded with a status of 502 (Bad Gateway) @ http://localhost:3000/api/pole_tags:0
[30581569ms] [ERROR] Failed to load resource: the server responded with a status of 502 (Bad Gateway) @ http://localhost:3000/api/pole_tags:0
[30583540ms] [ERROR] Failed to load resource: the server responded with a status of 502 (Bad Gateway) @ http://localhost:3000/api/pole_tags:0
[30585536ms] [ERROR] Failed to load resource: the server responded with a status of 502 (Bad Gateway) @ http://localhost:3000/api/pole_tags:0
[30587555ms] [ERROR] Failed to load resource: the server responded with a status of 502 (Bad Gateway) @ http://localhost:3000/api/pole_tags:0
[30589611ms] [ERROR] Failed to load resource: the server responded with a status of 502 (Bad Gateway) @ http://localhost:3000/api/pole_tags:0
[30591545ms] [ERROR] Failed to load resource: the server responded with a status of 502 (Bad Gateway) @ http://localhost:3000/api/pole_tags:0
[30593541ms] [ERROR] Failed to load resource: the server responded with a status of 502 (Bad Gateway) @ http://localhost:3000/api/pole_tags:0
[30595543ms] [ERROR] Failed to load resource: the server responded with a status of 502 (Bad Gateway) @ http://localhost:3000/api/pole_tags:0
[30597530ms] [ERROR] Failed to load resource: the server responded with a status of 502 (Bad Gateway) @ http://localhost:3000/api/pole_tags:0
[30599552ms] [ERROR] Failed to load resource: the server responded with a status of 502 (Bad Gateway) @ http://localhost:3000/api/pole_tags:0
[30601533ms] [ERROR] Failed to load resource: the server responded with a status of 502 (Bad Gateway) @ http://localhost:3000/api/pole_tags:0
[30603536ms] [ERROR] Failed to load resource: the server responded with a status of 502 (Bad Gateway) @ http://localhost:3000/api/pole_tags:0
[30605545ms] [ERROR] Failed to load resource: the server responded with a status of 502 (Bad Gateway) @ http://localhost:3000/api/pole_tags:0
[30607565ms] [ERROR] Failed to load resource: the server responded with a status of 502 (Bad Gateway) @ http://localhost:3000/api/pole_tags:0
[30609540ms] [ERROR] Failed to load resource: the server responded with a status of 502 (Bad Gateway) @ http://localhost:3000/api/pole_tags:0
[30611553ms] [ERROR] Failed to load resource: the server responded with a status of 502 (Bad Gateway) @ http://localhost:3000/api/pole_tags:0
[30613538ms] [ERROR] Failed to load resource: the server responded with a status of 502 (Bad Gateway) @ http://localhost:3000/api/pole_tags:0
[30615546ms] [ERROR] Failed to load resource: the server responded with a status of 502 (Bad Gateway) @ http://localhost:3000/api/pole_tags:0
[30617537ms] [ERROR] Failed to load resource: the server responded with a status of 502 (Bad Gateway) @ http://localhost:3000/api/pole_tags:0
[30619532ms] [ERROR] Failed to load resource: the server responded with a status of 502 (Bad Gateway) @ http://localhost:3000/api/pole_tags:0
[30621545ms] [ERROR] Failed to load resource: the server responded with a status of 502 (Bad Gateway) @ http://localhost:3000/api/pole_tags:0
[30623529ms] [ERROR] Failed to load resource: the server responded with a status of 502 (Bad Gateway) @ http://localhost:3000/api/pole_tags:0
[30625539ms] [ERROR] Failed to load resource: the server responded with a status of 502 (Bad Gateway) @ http://localhost:3000/api/pole_tags:0
[30627545ms] [ERROR] Failed to load resource: the server responded with a status of 502 (Bad Gateway) @ http://localhost:3000/api/pole_tags:0
[30629578ms] [ERROR] Failed to load resource: the server responded with a status of 502 (Bad Gateway) @ http://localhost:3000/api/pole_tags:0
[30631544ms] [ERROR] Failed to load resource: the server responded with a status of 502 (Bad Gateway) @ http://localhost:3000/api/pole_tags:0
[30633566ms] [ERROR] Failed to load resource: the server responded with a status of 502 (Bad Gateway) @ http://localhost:3000/api/pole_tags:0
[30635532ms] [ERROR] Failed to load resource: the server responded with a status of 502 (Bad Gateway) @ http://localhost:3000/api/pole_tags:0
[30637545ms] [ERROR] Failed to load resource: the server responded with a status of 502 (Bad Gateway) @ http://localhost:3000/api/pole_tags:0
[30639532ms] [ERROR] Failed to load resource: the server responded with a status of 502 (Bad Gateway) @ http://localhost:3000/api/pole_tags:0
[30641534ms] [ERROR] Failed to load resource: the server responded with a status of 502 (Bad Gateway) @ http://localhost:3000/api/pole_tags:0
[30643562ms] [ERROR] Failed to load resource: the server responded with a status of 502 (Bad Gateway) @ http://localhost:3000/api/pole_tags:0
[30645535ms] [ERROR] Failed to load resource: the server responded with a status of 502 (Bad Gateway) @ http://localhost:3000/api/pole_tags:0
[30647547ms] [ERROR] Failed to load resource: the server responded with a status of 502 (Bad Gateway) @ http://localhost:3000/api/pole_tags:0
[30649551ms] [ERROR] Failed to load resource: the server responded with a status of 502 (Bad Gateway) @ http://localhost:3000/api/pole_tags:0
[30651536ms] [ERROR] Failed to load resource: the server responded with a status of 502 (Bad Gateway) @ http://localhost:3000/api/pole_tags:0
[30653567ms] [ERROR] Failed to load resource: the server responded with a status of 502 (Bad Gateway) @ http://localhost:3000/api/pole_tags:0
[30655535ms] [ERROR] Failed to load resource: the server responded with a status of 502 (Bad Gateway) @ http://localhost:3000/api/pole_tags:0
[30657538ms] [ERROR] Failed to load resource: the server responded with a status of 502 (Bad Gateway) @ http://localhost:3000/api/pole_tags:0
[30659534ms] [ERROR] Failed to load resource: the server responded with a status of 502 (Bad Gateway) @ http://localhost:3000/api/pole_tags:0
[30661530ms] [ERROR] Failed to load resource: the server responded with a status of 502 (Bad Gateway) @ http://localhost:3000/api/pole_tags:0
[30663557ms] [ERROR] Failed to load resource: the server responded with a status of 502 (Bad Gateway) @ http://localhost:3000/api/pole_tags:0
[30665538ms] [ERROR] Failed to load resource: the server responded with a status of 502 (Bad Gateway) @ http://localhost:3000/api/pole_tags:0
[30667540ms] [ERROR] Failed to load resource: the server responded with a status of 502 (Bad Gateway) @ http://localhost:3000/api/pole_tags:0
[30669529ms] [ERROR] Failed to load resource: the server responded with a status of 502 (Bad Gateway) @ http://localhost:3000/api/pole_tags:0
[30671562ms] [ERROR] Failed to load resource: the server responded with a status of 502 (Bad Gateway) @ http://localhost:3000/api/pole_tags:0
[30673530ms] [ERROR] Failed to load resource: the server responded with a status of 502 (Bad Gateway) @ http://localhost:3000/api/pole_tags:0
[30675533ms] [ERROR] Failed to load resource: the server responded with a status of 502 (Bad Gateway) @ http://localhost:3000/api/pole_tags:0
[30677537ms] [ERROR] Failed to load resource: the server responded with a status of 502 (Bad Gateway) @ http://localhost:3000/api/pole_tags:0
[30679533ms] [ERROR] Failed to load resource: the server responded with a status of 502 (Bad Gateway) @ http://localhost:3000/api/pole_tags:0
[30681552ms] [ERROR] Failed to load resource: the server responded with a status of 502 (Bad Gateway) @ http://localhost:3000/api/pole_tags:0
[30683528ms] [ERROR] Failed to load resource: the server responded with a status of 502 (Bad Gateway) @ http://localhost:3000/api/pole_tags:0
[30685544ms] [ERROR] Failed to load resource: the server responded with a status of 502 (Bad Gateway) @ http://localhost:3000/api/pole_tags:0
[30687535ms] [ERROR] Failed to load resource: the server responded with a status of 502 (Bad Gateway) @ http://localhost:3000/api/pole_tags:0
[30689526ms] [ERROR] Failed to load resource: the server responded with a status of 502 (Bad Gateway) @ http://localhost:3000/api/pole_tags:0
[30691542ms] [ERROR] Failed to load resource: the server responded with a status of 502 (Bad Gateway) @ http://localhost:3000/api/pole_tags:0
[30693540ms] [ERROR] Failed to load resource: the server responded with a status of 502 (Bad Gateway) @ http://localhost:3000/api/pole_tags:0
[30695562ms] [ERROR] Failed to load resource: the server responded with a status of 502 (Bad Gateway) @ http://localhost:3000/api/pole_tags:0
[30697534ms] [ERROR] Failed to load resource: the server responded with a status of 502 (Bad Gateway) @ http://localhost:3000/api/pole_tags:0
[30699530ms] [ERROR] Failed to load resource: the server responded with a status of 502 (Bad Gateway) @ http://localhost:3000/api/pole_tags:0
[30701543ms] [ERROR] Failed to load resource: the server responded with a status of 502 (Bad Gateway) @ http://localhost:3000/api/pole_tags:0
[30703540ms] [ERROR] Failed to load resource: the server responded with a status of 502 (Bad Gateway) @ http://localhost:3000/api/pole_tags:0
[30705552ms] [ERROR] Failed to load resource: the server responded with a status of 502 (Bad Gateway) @ http://localhost:3000/api/pole_tags:0
[30707535ms] [ERROR] Failed to load resource: the server responded with a status of 502 (Bad Gateway) @ http://localhost:3000/api/pole_tags:0
[30709530ms] [ERROR] Failed to load resource: the server responded with a status of 502 (Bad Gateway) @ http://localhost:3000/api/pole_tags:0
[30711548ms] [ERROR] Failed to load resource: the server responded with a status of 502 (Bad Gateway) @ http://localhost:3000/api/pole_tags:0
[30713580ms] [ERROR] Failed to load resource: the server responded with a status of 502 (Bad Gateway) @ http://localhost:3000/api/pole_tags:0
[30715543ms] [ERROR] Failed to load resource: the server responded with a status of 502 (Bad Gateway) @ http://localhost:3000/api/pole_tags:0
[30717528ms] [ERROR] Failed to load resource: the server responded with a status of 502 (Bad Gateway) @ http://localhost:3000/api/pole_tags:0
[30719532ms] [ERROR] Failed to load resource: the server responded with a status of 502 (Bad Gateway) @ http://localhost:3000/api/pole_tags:0
[30721534ms] [ERROR] Failed to load resource: the server responded with a status of 502 (Bad Gateway) @ http://localhost:3000/api/pole_tags:0
[30723542ms] [ERROR] Failed to load resource: the server responded with a status of 502 (Bad Gateway) @ http://localhost:3000/api/pole_tags:0
[30725527ms] [ERROR] Failed to load resource: the server responded with a status of 502 (Bad Gateway) @ http://localhost:3000/api/pole_tags:0
[30727540ms] [ERROR] Failed to load resource: the server responded with a status of 502 (Bad Gateway) @ http://localhost:3000/api/pole_tags:0
[30729535ms] [ERROR] Failed to load resource: the server responded with a status of 502 (Bad Gateway) @ http://localhost:3000/api/pole_tags:0
[30731531ms] [ERROR] Failed to load resource: the server responded with a status of 502 (Bad Gateway) @ http://localhost:3000/api/pole_tags:0
[30733546ms] [ERROR] Failed to load resource: the server responded with a status of 502 (Bad Gateway) @ http://localhost:3000/api/pole_tags:0
[30735539ms] [ERROR] Failed to load resource: the server responded with a status of 502 (Bad Gateway) @ http://localhost:3000/api/pole_tags:0
[30737537ms] [ERROR] Failed to load resource: the server responded with a status of 502 (Bad Gateway) @ http://localhost:3000/api/pole_tags:0
[30739535ms] [ERROR] Failed to load resource: the server responded with a status of 502 (Bad Gateway) @ http://localhost:3000/api/pole_tags:0
[30741592ms] [ERROR] Failed to load resource: the server responded with a status of 502 (Bad Gateway) @ http://localhost:3000/api/pole_tags:0
[30743529ms] [ERROR] Failed to load resource: the server responded with a status of 502 (Bad Gateway) @ http://localhost:3000/api/pole_tags:0
[30745530ms] [ERROR] Failed to load resource: the server responded with a status of 502 (Bad Gateway) @ http://localhost:3000/api/pole_tags:0
[30747543ms] [ERROR] Failed to load resource: the server responded with a status of 502 (Bad Gateway) @ http://localhost:3000/api/pole_tags:0
[30749546ms] [ERROR] Failed to load resource: the server responded with a status of 502 (Bad Gateway) @ http://localhost:3000/api/pole_tags:0
[30751539ms] [ERROR] Failed to load resource: the server responded with a status of 502 (Bad Gateway) @ http://localhost:3000/api/pole_tags:0
[30753530ms] [ERROR] Failed to load resource: the server responded with a status of 502 (Bad Gateway) @ http://localhost:3000/api/pole_tags:0
[30755534ms] [ERROR] Failed to load resource: the server responded with a status of 502 (Bad Gateway) @ http://localhost:3000/api/pole_tags:0
[30757554ms] [ERROR] Failed to load resource: the server responded with a status of 502 (Bad Gateway) @ http://localhost:3000/api/pole_tags:0
[30759537ms] [ERROR] Failed to load resource: the server responded with a status of 502 (Bad Gateway) @ http://localhost:3000/api/pole_tags:0
[30761555ms] [ERROR] Failed to load resource: the server responded with a status of 502 (Bad Gateway) @ http://localhost:3000/api/pole_tags:0
[30763547ms] [ERROR] Failed to load resource: the server responded with a status of 502 (Bad Gateway) @ http://localhost:3000/api/pole_tags:0
[30765536ms] [ERROR] Failed to load resource: the server responded with a status of 502 (Bad Gateway) @ http://localhost:3000/api/pole_tags:0
[30767532ms] [ERROR] Failed to load resource: the server responded with a status of 502 (Bad Gateway) @ http://localhost:3000/api/pole_tags:0
[30769540ms] [ERROR] Failed to load resource: the server responded with a status of 502 (Bad Gateway) @ http://localhost:3000/api/pole_tags:0
[30771536ms] [ERROR] Failed to load resource: the server responded with a status of 502 (Bad Gateway) @ http://localhost:3000/api/pole_tags:0
[30773544ms] [ERROR] Failed to load resource: the server responded with a status of 502 (Bad Gateway) @ http://localhost:3000/api/pole_tags:0
[30775562ms] [ERROR] Failed to load resource: the server responded with a status of 502 (Bad Gateway) @ http://localhost:3000/api/pole_tags:0
[30777541ms] [ERROR] Failed to load resource: the server responded with a status of 502 (Bad Gateway) @ http://localhost:3000/api/pole_tags:0
[30779540ms] [ERROR] Failed to load resource: the server responded with a status of 502 (Bad Gateway) @ http://localhost:3000/api/pole_tags:0
[30781545ms] [ERROR] Failed to load resource: the server responded with a status of 502 (Bad Gateway) @ http://localhost:3000/api/pole_tags:0
[30783534ms] [ERROR] Failed to load resource: the server responded with a status of 502 (Bad Gateway) @ http://localhost:3000/api/pole_tags:0
[30785546ms] [ERROR] Failed to load resource: the server responded with a status of 502 (Bad Gateway) @ http://localhost:3000/api/pole_tags:0
[30787546ms] [ERROR] Failed to load resource: the server responded with a status of 502 (Bad Gateway) @ http://localhost:3000/api/pole_tags:0
[30789534ms] [ERROR] Failed to load resource: the server responded with a status of 502 (Bad Gateway) @ http://localhost:3000/api/pole_tags:0
[30791551ms] [ERROR] Failed to load resource: the server responded with a status of 502 (Bad Gateway) @ http://localhost:3000/api/pole_tags:0
[30793533ms] [ERROR] Failed to load resource: the server responded with a status of 502 (Bad Gateway) @ http://localhost:3000/api/pole_tags:0
[30795531ms] [ERROR] Failed to load resource: the server responded with a status of 502 (Bad Gateway) @ http://localhost:3000/api/pole_tags:0
[30797548ms] [ERROR] Failed to load resource: the server responded with a status of 502 (Bad Gateway) @ http://localhost:3000/api/pole_tags:0
[30799536ms] [ERROR] Failed to load resource: the server responded with a status of 502 (Bad Gateway) @ http://localhost:3000/api/pole_tags:0
[30801542ms] [ERROR] Failed to load resource: the server responded with a status of 502 (Bad Gateway) @ http://localhost:3000/api/pole_tags:0
[30803535ms] [ERROR] Failed to load resource: the server responded with a status of 502 (Bad Gateway) @ http://localhost:3000/api/pole_tags:0
[30805524ms] [ERROR] Failed to load resource: the server responded with a status of 502 (Bad Gateway) @ http://localhost:3000/api/pole_tags:0
[30807560ms] [ERROR] Failed to load resource: the server responded with a status of 502 (Bad Gateway) @ http://localhost:3000/api/pole_tags:0
[30809536ms] [ERROR] Failed to load resource: the server responded with a status of 502 (Bad Gateway) @ http://localhost:3000/api/pole_tags:0
[30811540ms] [ERROR] Failed to load resource: the server responded with a status of 502 (Bad Gateway) @ http://localhost:3000/api/pole_tags:0
[30813580ms] [ERROR] Failed to load resource: the server responded with a status of 502 (Bad Gateway) @ http://localhost:3000/api/pole_tags:0
[30815544ms] [ERROR] Failed to load resource: the server responded with a status of 502 (Bad Gateway) @ http://localhost:3000/api/pole_tags:0
[30817531ms] [ERROR] Failed to load resource: the server responded with a status of 502 (Bad Gateway) @ http://localhost:3000/api/pole_tags:0
[30819565ms] [ERROR] Failed to load resource: the server responded with a status of 502 (Bad Gateway) @ http://localhost:3000/api/pole_tags:0
[30821547ms] [ERROR] Failed to load resource: the server responded with a status of 502 (Bad Gateway) @ http://localhost:3000/api/pole_tags:0
[30823534ms] [ERROR] Failed to load resource: the server responded with a status of 502 (Bad Gateway) @ http://localhost:3000/api/pole_tags:0
[30825534ms] [ERROR] Failed to load resource: the server responded with a status of 502 (Bad Gateway) @ http://localhost:3000/api/pole_tags:0
[30827537ms] [ERROR] Failed to load resource: the server responded with a status of 502 (Bad Gateway) @ http://localhost:3000/api/pole_tags:0
[30829536ms] [ERROR] Failed to load resource: the server responded with a status of 502 (Bad Gateway) @ http://localhost:3000/api/pole_tags:0
[30831554ms] [ERROR] Failed to load resource: the server responded with a status of 502 (Bad Gateway) @ http://localhost:3000/api/pole_tags:0
[30833552ms] [ERROR] Failed to load resource: the server responded with a status of 502 (Bad Gateway) @ http://localhost:3000/api/pole_tags:0
[30835548ms] [ERROR] Failed to load resource: the server responded with a status of 502 (Bad Gateway) @ http://localhost:3000/api/pole_tags:0
[30837532ms] [ERROR] Failed to load resource: the server responded with a status of 502 (Bad Gateway) @ http://localhost:3000/api/pole_tags:0
[30839543ms] [ERROR] Failed to load resource: the server responded with a status of 502 (Bad Gateway) @ http://localhost:3000/api/pole_tags:0
[30841571ms] [ERROR] Failed to load resource: the server responded with a status of 502 (Bad Gateway) @ http://localhost:3000/api/pole_tags:0
[30843542ms] [ERROR] Failed to load resource: the server responded with a status of 502 (Bad Gateway) @ http://localhost:3000/api/pole_tags:0
[30845533ms] [ERROR] Failed to load resource: the server responded with a status of 502 (Bad Gateway) @ http://localhost:3000/api/pole_tags:0
[30847546ms] [ERROR] Failed to load resource: the server responded with a status of 502 (Bad Gateway) @ http://localhost:3000/api/pole_tags:0
[30849545ms] [ERROR] Failed to load resource: the server responded with a status of 502 (Bad Gateway) @ http://localhost:3000/api/pole_tags:0
[30851544ms] [ERROR] Failed to load resource: the server responded with a status of 502 (Bad Gateway) @ http://localhost:3000/api/pole_tags:0
[30853532ms] [ERROR] Failed to load resource: the server responded with a status of 502 (Bad Gateway) @ http://localhost:3000/api/pole_tags:0
[30855529ms] [ERROR] Failed to load resource: the server responded with a status of 502 (Bad Gateway) @ http://localhost:3000/api/pole_tags:0
[30857549ms] [ERROR] Failed to load resource: the server responded with a status of 502 (Bad Gateway) @ http://localhost:3000/api/pole_tags:0
[30859532ms] [ERROR] Failed to load resource: the server responded with a status of 502 (Bad Gateway) @ http://localhost:3000/api/pole_tags:0
[30861546ms] [ERROR] Failed to load resource: the server responded with a status of 502 (Bad Gateway) @ http://localhost:3000/api/pole_tags:0
[30863539ms] [ERROR] Failed to load resource: the server responded with a status of 502 (Bad Gateway) @ http://localhost:3000/api/pole_tags:0
[30865526ms] [ERROR] Failed to load resource: the server responded with a status of 502 (Bad Gateway) @ http://localhost:3000/api/pole_tags:0
[30867547ms] [ERROR] Failed to load resource: the server responded with a status of 502 (Bad Gateway) @ http://localhost:3000/api/pole_tags:0
[30869565ms] [ERROR] Failed to load resource: the server responded with a status of 502 (Bad Gateway) @ http://localhost:3000/api/pole_tags:0
[30871538ms] [ERROR] Failed to load resource: the server responded with a status of 502 (Bad Gateway) @ http://localhost:3000/api/pole_tags:0
[30873541ms] [ERROR] Failed to load resource: the server responded with a status of 502 (Bad Gateway) @ http://localhost:3000/api/pole_tags:0
[30875532ms] [ERROR] Failed to load resource: the server responded with a status of 502 (Bad Gateway) @ http://localhost:3000/api/pole_tags:0
[30877550ms] [ERROR] Failed to load resource: the server responded with a status of 502 (Bad Gateway) @ http://localhost:3000/api/pole_tags:0
[30879555ms] [ERROR] Failed to load resource: the server responded with a status of 502 (Bad Gateway) @ http://localhost:3000/api/pole_tags:0
[30881542ms] [ERROR] Failed to load resource: the server responded with a status of 502 (Bad Gateway) @ http://localhost:3000/api/pole_tags:0
[30883538ms] [ERROR] Failed to load resource: the server responded with a status of 502 (Bad Gateway) @ http://localhost:3000/api/pole_tags:0
[30885552ms] [ERROR] Failed to load resource: the server responded with a status of 502 (Bad Gateway) @ http://localhost:3000/api/pole_tags:0
[30887536ms] [ERROR] Failed to load resource: the server responded with a status of 502 (Bad Gateway) @ http://localhost:3000/api/pole_tags:0
[30889529ms] [ERROR] Failed to load resource: the server responded with a status of 502 (Bad Gateway) @ http://localhost:3000/api/pole_tags:0
[30891529ms] [ERROR] Failed to load resource: the server responded with a status of 502 (Bad Gateway) @ http://localhost:3000/api/pole_tags:0
[30893541ms] [ERROR] Failed to load resource: the server responded with a status of 502 (Bad Gateway) @ http://localhost:3000/api/pole_tags:0
[30895533ms] [ERROR] Failed to load resource: the server responded with a status of 502 (Bad Gateway) @ http://localhost:3000/api/pole_tags:0
[30897652ms] [ERROR] Failed to load resource: the server responded with a status of 502 (Bad Gateway) @ http://localhost:3000/api/pole_tags:0
[30899544ms] [ERROR] Failed to load resource: the server responded with a status of 502 (Bad Gateway) @ http://localhost:3000/api/pole_tags:0
[30901541ms] [ERROR] Failed to load resource: the server responded with a status of 502 (Bad Gateway) @ http://localhost:3000/api/pole_tags:0
[30903541ms] [ERROR] Failed to load resource: the server responded with a status of 502 (Bad Gateway) @ http://localhost:3000/api/pole_tags:0
[30905537ms] [ERROR] Failed to load resource: the server responded with a status of 502 (Bad Gateway) @ http://localhost:3000/api/pole_tags:0
[30907555ms] [ERROR] Failed to load resource: the server responded with a status of 502 (Bad Gateway) @ http://localhost:3000/api/pole_tags:0
[30909540ms] [ERROR] Failed to load resource: the server responded with a status of 502 (Bad Gateway) @ http://localhost:3000/api/pole_tags:0
[30911536ms] [ERROR] Failed to load resource: the server responded with a status of 502 (Bad Gateway) @ http://localhost:3000/api/pole_tags:0
[30913545ms] [ERROR] Failed to load resource: the server responded with a status of 502 (Bad Gateway) @ http://localhost:3000/api/pole_tags:0
[30915550ms] [ERROR] Failed to load resource: the server responded with a status of 502 (Bad Gateway) @ http://localhost:3000/api/pole_tags:0
[30917537ms] [ERROR] Failed to load resource: the server responded with a status of 502 (Bad Gateway) @ http://localhost:3000/api/pole_tags:0
[30919543ms] [ERROR] Failed to load resource: the server responded with a status of 502 (Bad Gateway) @ http://localhost:3000/api/pole_tags:0
[30921547ms] [ERROR] Failed to load resource: the server responded with a status of 502 (Bad Gateway) @ http://localhost:3000/api/pole_tags:0
[30923545ms] [ERROR] Failed to load resource: the server responded with a status of 502 (Bad Gateway) @ http://localhost:3000/api/pole_tags:0
[30925571ms] [ERROR] Failed to load resource: the server responded with a status of 502 (Bad Gateway) @ http://localhost:3000/api/pole_tags:0
[30927531ms] [ERROR] Failed to load resource: the server responded with a status of 502 (Bad Gateway) @ http://localhost:3000/api/pole_tags:0
[30929535ms] [ERROR] Failed to load resource: the server responded with a status of 502 (Bad Gateway) @ http://localhost:3000/api/pole_tags:0
[30931529ms] [ERROR] Failed to load resource: the server responded with a status of 502 (Bad Gateway) @ http://localhost:3000/api/pole_tags:0
[30933548ms] [ERROR] Failed to load resource: the server responded with a status of 502 (Bad Gateway) @ http://localhost:3000/api/pole_tags:0
[30935531ms] [ERROR] Failed to load resource: the server responded with a status of 502 (Bad Gateway) @ http://localhost:3000/api/pole_tags:0
[30937530ms] [ERROR] Failed to load resource: the server responded with a status of 502 (Bad Gateway) @ http://localhost:3000/api/pole_tags:0
[30939529ms] [ERROR] Failed to load resource: the server responded with a status of 502 (Bad Gateway) @ http://localhost:3000/api/pole_tags:0
[30941530ms] [ERROR] Failed to load resource: the server responded with a status of 502 (Bad Gateway) @ http://localhost:3000/api/pole_tags:0
[30943541ms] [ERROR] Failed to load resource: the server responded with a status of 502 (Bad Gateway) @ http://localhost:3000/api/pole_tags:0
[30945525ms] [ERROR] Failed to load resource: the server responded with a status of 502 (Bad Gateway) @ http://localhost:3000/api/pole_tags:0
[30947542ms] [ERROR] Failed to load resource: the server responded with a status of 502 (Bad Gateway) @ http://localhost:3000/api/pole_tags:0
[30949532ms] [ERROR] Failed to load resource: the server responded with a status of 502 (Bad Gateway) @ http://localhost:3000/api/pole_tags:0
[30951542ms] [ERROR] Failed to load resource: the server responded with a status of 502 (Bad Gateway) @ http://localhost:3000/api/pole_tags:0
[30953552ms] [ERROR] Failed to load resource: the server responded with a status of 502 (Bad Gateway) @ http://localhost:3000/api/pole_tags:0
[30955540ms] [ERROR] Failed to load resource: the server responded with a status of 502 (Bad Gateway) @ http://localhost:3000/api/pole_tags:0
[30957541ms] [ERROR] Failed to load resource: the server responded with a status of 502 (Bad Gateway) @ http://localhost:3000/api/pole_tags:0
[30959542ms] [ERROR] Failed to load resource: the server responded with a status of 502 (Bad Gateway) @ http://localhost:3000/api/pole_tags:0
[30961531ms] [ERROR] Failed to load resource: the server responded with a status of 502 (Bad Gateway) @ http://localhost:3000/api/pole_tags:0
[30963531ms] [ERROR] Failed to load resource: the server responded with a status of 502 (Bad Gateway) @ http://localhost:3000/api/pole_tags:0
[30965533ms] [ERROR] Failed to load resource: the server responded with a status of 502 (Bad Gateway) @ http://localhost:3000/api/pole_tags:0
[30967533ms] [ERROR] Failed to load resource: the server responded with a status of 502 (Bad Gateway) @ http://localhost:3000/api/pole_tags:0
[30969529ms] [ERROR] Failed to load resource: the server responded with a status of 502 (Bad Gateway) @ http://localhost:3000/api/pole_tags:0
[30971532ms] [ERROR] Failed to load resource: the server responded with a status of 502 (Bad Gateway) @ http://localhost:3000/api/pole_tags:0
[30973547ms] [ERROR] Failed to load resource: the server responded with a status of 502 (Bad Gateway) @ http://localhost:3000/api/pole_tags:0
[30975539ms] [ERROR] Failed to load resource: the server responded with a status of 502 (Bad Gateway) @ http://localhost:3000/api/pole_tags:0
[30977554ms] [ERROR] Failed to load resource: the server responded with a status of 502 (Bad Gateway) @ http://localhost:3000/api/pole_tags:0
[30979534ms] [ERROR] Failed to load resource: the server responded with a status of 502 (Bad Gateway) @ http://localhost:3000/api/pole_tags:0
[30981527ms] [ERROR] Failed to load resource: the server responded with a status of 502 (Bad Gateway) @ http://localhost:3000/api/pole_tags:0
[30983530ms] [ERROR] Failed to load resource: the server responded with a status of 502 (Bad Gateway) @ http://localhost:3000/api/pole_tags:0
[30985532ms] [ERROR] Failed to load resource: the server responded with a status of 502 (Bad Gateway) @ http://localhost:3000/api/pole_tags:0
[30987542ms] [ERROR] Failed to load resource: the server responded with a status of 502 (Bad Gateway) @ http://localhost:3000/api/pole_tags:0
[30989539ms] [ERROR] Failed to load resource: the server responded with a status of 502 (Bad Gateway) @ http://localhost:3000/api/pole_tags:0
[30991542ms] [ERROR] Failed to load resource: the server responded with a status of 502 (Bad Gateway) @ http://localhost:3000/api/pole_tags:0
[30993531ms] [ERROR] Failed to load resource: the server responded with a status of 502 (Bad Gateway) @ http://localhost:3000/api/pole_tags:0
[30995544ms] [ERROR] Failed to load resource: the server responded with a status of 502 (Bad Gateway) @ http://localhost:3000/api/pole_tags:0
[30997556ms] [ERROR] Failed to load resource: the server responded with a status of 502 (Bad Gateway) @ http://localhost:3000/api/pole_tags:0
[30999529ms] [ERROR] Failed to load resource: the server responded with a status of 502 (Bad Gateway) @ http://localhost:3000/api/pole_tags:0
[31001531ms] [ERROR] Failed to load resource: the server responded with a status of 502 (Bad Gateway) @ http://localhost:3000/api/pole_tags:0
[31003532ms] [ERROR] Failed to load resource: the server responded with a status of 502 (Bad Gateway) @ http://localhost:3000/api/pole_tags:0
[31005536ms] [ERROR] Failed to load resource: the server responded with a status of 502 (Bad Gateway) @ http://localhost:3000/api/pole_tags:0
[31007543ms] [ERROR] Failed to load resource: the server responded with a status of 502 (Bad Gateway) @ http://localhost:3000/api/pole_tags:0
[31009535ms] [ERROR] Failed to load resource: the server responded with a status of 502 (Bad Gateway) @ http://localhost:3000/api/pole_tags:0
[31011546ms] [ERROR] Failed to load resource: the server responded with a status of 502 (Bad Gateway) @ http://localhost:3000/api/pole_tags:0
[31013531ms] [ERROR] Failed to load resource: the server responded with a status of 502 (Bad Gateway) @ http://localhost:3000/api/pole_tags:0
[31015525ms] [ERROR] Failed to load resource: the server responded with a status of 502 (Bad Gateway) @ http://localhost:3000/api/pole_tags:0
[31017536ms] [ERROR] Failed to load resource: the server responded with a status of 502 (Bad Gateway) @ http://localhost:3000/api/pole_tags:0
[31019629ms] [ERROR] Failed to load resource: the server responded with a status of 502 (Bad Gateway) @ http://localhost:3000/api/pole_tags:0
[31021548ms] [ERROR] Failed to load resource: the server responded with a status of 502 (Bad Gateway) @ http://localhost:3000/api/pole_tags:0
[31023529ms] [ERROR] Failed to load resource: the server responded with a status of 502 (Bad Gateway) @ http://localhost:3000/api/pole_tags:0
[31025544ms] [ERROR] Failed to load resource: the server responded with a status of 502 (Bad Gateway) @ http://localhost:3000/api/pole_tags:0
[31027540ms] [ERROR] Failed to load resource: the server responded with a status of 502 (Bad Gateway) @ http://localhost:3000/api/pole_tags:0
[31029538ms] [ERROR] Failed to load resource: the server responded with a status of 502 (Bad Gateway) @ http://localhost:3000/api/pole_tags:0
[31031527ms] [ERROR] Failed to load resource: the server responded with a status of 502 (Bad Gateway) @ http://localhost:3000/api/pole_tags:0
[31033528ms] [ERROR] Failed to load resource: the server responded with a status of 502 (Bad Gateway) @ http://localhost:3000/api/pole_tags:0
[31035532ms] [ERROR] Failed to load resource: the server responded with a status of 502 (Bad Gateway) @ http://localhost:3000/api/pole_tags:0
[31037539ms] [ERROR] Failed to load resource: the server responded with a status of 502 (Bad Gateway) @ http://localhost:3000/api/pole_tags:0
[31039534ms] [ERROR] Failed to load resource: the server responded with a status of 502 (Bad Gateway) @ http://localhost:3000/api/pole_tags:0
[31041528ms] [ERROR] Failed to load resource: the server responded with a status of 502 (Bad Gateway) @ http://localhost:3000/api/pole_tags:0
[31043532ms] [ERROR] Failed to load resource: the server responded with a status of 502 (Bad Gateway) @ http://localhost:3000/api/pole_tags:0
[31045526ms] [ERROR] Failed to load resource: the server responded with a status of 502 (Bad Gateway) @ http://localhost:3000/api/pole_tags:0
[31047547ms] [ERROR] Failed to load resource: the server responded with a status of 502 (Bad Gateway) @ http://localhost:3000/api/pole_tags:0
[31049545ms] [ERROR] Failed to load resource: the server responded with a status of 502 (Bad Gateway) @ http://localhost:3000/api/pole_tags:0
[31051556ms] [ERROR] Failed to load resource: the server responded with a status of 502 (Bad Gateway) @ http://localhost:3000/api/pole_tags:0
[31053537ms] [ERROR] Failed to load resource: the server responded with a status of 502 (Bad Gateway) @ http://localhost:3000/api/pole_tags:0
[31055532ms] [ERROR] Failed to load resource: the server responded with a status of 502 (Bad Gateway) @ http://localhost:3000/api/pole_tags:0
[31057536ms] [ERROR] Failed to load resource: the server responded with a status of 502 (Bad Gateway) @ http://localhost:3000/api/pole_tags:0
[31059534ms] [ERROR] Failed to load resource: the server responded with a status of 502 (Bad Gateway) @ http://localhost:3000/api/pole_tags:0
[31061539ms] [ERROR] Failed to load resource: the server responded with a status of 502 (Bad Gateway) @ http://localhost:3000/api/pole_tags:0
[31063533ms] [ERROR] Failed to load resource: the server responded with a status of 502 (Bad Gateway) @ http://localhost:3000/api/pole_tags:0
[31065526ms] [ERROR] Failed to load resource: the server responded with a status of 502 (Bad Gateway) @ http://localhost:3000/api/pole_tags:0
[31067642ms] [ERROR] Failed to load resource: the server responded with a status of 502 (Bad Gateway) @ http://localhost:3000/api/pole_tags:0
[31069528ms] [ERROR] Failed to load resource: the server responded with a status of 502 (Bad Gateway) @ http://localhost:3000/api/pole_tags:0
[31071545ms] [ERROR] Failed to load resource: the server responded with a status of 502 (Bad Gateway) @ http://localhost:3000/api/pole_tags:0
[31073609ms] [ERROR] Failed to load resource: the server responded with a status of 502 (Bad Gateway) @ http://localhost:3000/api/pole_tags:0
[31075589ms] [ERROR] Failed to load resource: the server responded with a status of 502 (Bad Gateway) @ http://localhost:3000/api/pole_tags:0
[31077526ms] [ERROR] Failed to load resource: the server responded with a status of 502 (Bad Gateway) @ http://localhost:3000/api/pole_tags:0
[31079525ms] [ERROR] Failed to load resource: the server responded with a status of 502 (Bad Gateway) @ http://localhost:3000/api/pole_tags:0
[31081534ms] [ERROR] Failed to load resource: the server responded with a status of 502 (Bad Gateway) @ http://localhost:3000/api/pole_tags:0
[31083533ms] [ERROR] Failed to load resource: the server responded with a status of 502 (Bad Gateway) @ http://localhost:3000/api/pole_tags:0
[31085584ms] [ERROR] Failed to load resource: the server responded with a status of 502 (Bad Gateway) @ http://localhost:3000/api/pole_tags:0
[31087934ms] [ERROR] Failed to load resource: the server responded with a status of 502 (Bad Gateway) @ http://localhost:3000/api/pole_tags:0
[31089589ms] [ERROR] Failed to load resource: the server responded with a status of 502 (Bad Gateway) @ http://localhost:3000/api/pole_tags:0
[31091581ms] [ERROR] Failed to load resource: the server responded with a status of 502 (Bad Gateway) @ http://localhost:3000/api/pole_tags:0
[31093659ms] [ERROR] Failed to load resource: the server responded with a status of 502 (Bad Gateway) @ http://localhost:3000/api/pole_tags:0
[31095697ms] [ERROR] Failed to load resource: the server responded with a status of 502 (Bad Gateway) @ http://localhost:3000/api/pole_tags:0
[31097531ms] [ERROR] Failed to load resource: the server responded with a status of 502 (Bad Gateway) @ http://localhost:3000/api/pole_tags:0
[31099531ms] [ERROR] Failed to load resource: the server responded with a status of 502 (Bad Gateway) @ http://localhost:3000/api/pole_tags:0
[31101535ms] [ERROR] Failed to load resource: the server responded with a status of 502 (Bad Gateway) @ http://localhost:3000/api/pole_tags:0
[31103532ms] [ERROR] Failed to load resource: the server responded with a status of 502 (Bad Gateway) @ http://localhost:3000/api/pole_tags:0
[31105529ms] [ERROR] Failed to load resource: the server responded with a status of 502 (Bad Gateway) @ http://localhost:3000/api/pole_tags:0
[31107576ms] [ERROR] Unable to preventDefault inside passive event listener invocation. @ webpack-internal:///(app-pages-browser)/./node_modules/next/dist/compiled/react-dom/cjs/react-dom-client.development.js:3511
[31107600ms] [ERROR] Unable to preventDefault inside passive event listener invocation. @ webpack-internal:///(app-pages-browser)/./node_modules/next/dist/compiled/react-dom/cjs/react-dom-client.development.js:3511
[31107725ms] [ERROR] Unable to preventDefault inside passive event listener invocation. @ webpack-internal:///(app-pages-browser)/./node_modules/next/dist/compiled/react-dom/cjs/react-dom-client.development.js:3511
[31107973ms] [ERROR] Unable to preventDefault inside passive event listener invocation. @ webpack-internal:///(app-pages-browser)/./node_modules/next/dist/compiled/react-dom/cjs/react-dom-client.development.js:3511
[31108000ms] [ERROR] Unable to preventDefault inside passive event listener invocation. @ webpack-internal:///(app-pages-browser)/./node_modules/next/dist/compiled/react-dom/cjs/react-dom-client.development.js:3511
[31109692ms] [ERROR] Unable to preventDefault inside passive event listener invocation. @ webpack-internal:///(app-pages-browser)/./node_modules/next/dist/compiled/react-dom/cjs/react-dom-client.development.js:3511
[31109734ms] [ERROR] Unable to preventDefault inside passive event listener invocation. @ webpack-internal:///(app-pages-browser)/./node_modules/next/dist/compiled/react-dom/cjs/react-dom-client.development.js:3511
[31109948ms] [ERROR] Unable to preventDefault inside passive event listener invocation. @ webpack-internal:///(app-pages-browser)/./node_modules/next/dist/compiled/react-dom/cjs/react-dom-client.development.js:3511
[31113856ms] [ERROR] Unable to preventDefault inside passive event listener invocation. @ webpack-internal:///(app-pages-browser)/./node_modules/next/dist/compiled/react-dom/cjs/react-dom-client.development.js:3511
[31113887ms] [ERROR] Unable to preventDefault inside passive event listener invocation. @ webpack-internal:///(app-pages-browser)/./node_modules/next/dist/compiled/react-dom/cjs/react-dom-client.development.js:3511
[31113907ms] [ERROR] Unable to preventDefault inside passive event listener invocation. @ webpack-internal:///(app-pages-browser)/./node_modules/next/dist/compiled/react-dom/cjs/react-dom-client.development.js:3511
[31113987ms] [ERROR] Unable to preventDefault inside passive event listener invocation. @ webpack-internal:///(app-pages-browser)/./node_modules/next/dist/compiled/react-dom/cjs/react-dom-client.development.js:3511
[31114159ms] [ERROR] Unable to preventDefault inside passive event listener invocation. @ webpack-internal:///(app-pages-browser)/./node_modules/next/dist/compiled/react-dom/cjs/react-dom-client.development.js:3511
[31114187ms] [ERROR] Unable to preventDefault inside passive event listener invocation. @ webpack-internal:///(app-pages-browser)/./node_modules/next/dist/compiled/react-dom/cjs/react-dom-client.development.js:3511
[31114220ms] [ERROR] Unable to preventDefault inside passive event listener invocation. @ webpack-internal:///(app-pages-browser)/./node_modules/next/dist/compiled/react-dom/cjs/react-dom-client.development.js:3511
[31118088ms] [ERROR] Unable to preventDefault inside passive event listener invocation. @ webpack-internal:///(app-pages-browser)/./node_modules/next/dist/compiled/react-dom/cjs/react-dom-client.development.js:3511
[31118121ms] [ERROR] Unable to preventDefault inside passive event listener invocation. @ webpack-internal:///(app-pages-browser)/./node_modules/next/dist/compiled/react-dom/cjs/react-dom-client.development.js:3511
[31118139ms] [ERROR] Unable to preventDefault inside passive event listener invocation. @ webpack-internal:///(app-pages-browser)/./node_modules/next/dist/compiled/react-dom/cjs/react-dom-client.development.js:3511
[31118188ms] [ERROR] Unable to preventDefault inside passive event listener invocation. @ webpack-internal:///(app-pages-browser)/./node_modules/next/dist/compiled/react-dom/cjs/react-dom-client.development.js:3511
[31119872ms] [ERROR] Unable to preventDefault inside passive event listener invocation. @ webpack-internal:///(app-pages-browser)/./node_modules/next/dist/compiled/react-dom/cjs/react-dom-client.development.js:3511
[31119889ms] [ERROR] Unable to preventDefault inside passive event listener invocation. @ webpack-internal:///(app-pages-browser)/./node_modules/next/dist/compiled/react-dom/cjs/react-dom-client.development.js:3511
[31122250ms] [ERROR] Unable to preventDefault inside passive event listener invocation. @ webpack-internal:///(app-pages-browser)/./node_modules/next/dist/compiled/react-dom/cjs/react-dom-client.development.js:3511
[31122306ms] [ERROR] Unable to preventDefault inside passive event listener invocation. @ webpack-internal:///(app-pages-browser)/./node_modules/next/dist/compiled/react-dom/cjs/react-dom-client.development.js:3511
[31122357ms] [ERROR] Unable to preventDefault inside passive event listener invocation. @ webpack-internal:///(app-pages-browser)/./node_modules/next/dist/compiled/react-dom/cjs/react-dom-client.development.js:3511
[31125725ms] [ERROR] Failed to load resource: the server responded with a status of 502 (Bad Gateway) @ http://localhost:3000/api/pole_tags:0
[31127717ms] [ERROR] Failed to load resource: the server responded with a status of 502 (Bad Gateway) @ http://localhost:3000/api/pole_tags:0
[31129709ms] [ERROR] Failed to load resource: the server responded with a status of 502 (Bad Gateway) @ http://localhost:3000/api/pole_tags:0
[31131715ms] [ERROR] Failed to load resource: the server responded with a status of 502 (Bad Gateway) @ http://localhost:3000/api/pole_tags:0
[31133711ms] [ERROR] Failed to load resource: the server responded with a status of 502 (Bad Gateway) @ http://localhost:3000/api/pole_tags:0
[31136379ms] [ERROR] Unable to preventDefault inside passive event listener invocation. @ webpack-internal:///(app-pages-browser)/./node_modules/next/dist/compiled/react-dom/cjs/react-dom-client.development.js:3511
[31136429ms] [ERROR] Unable to preventDefault inside passive event listener invocation. @ webpack-internal:///(app-pages-browser)/./node_modules/next/dist/compiled/react-dom/cjs/react-dom-client.development.js:3511
[31136726ms] [ERROR] Unable to preventDefault inside passive event listener invocation. @ webpack-internal:///(app-pages-browser)/./node_modules/next/dist/compiled/react-dom/cjs/react-dom-client.development.js:3511
[31136780ms] [ERROR] Unable to preventDefault inside passive event listener invocation. @ webpack-internal:///(app-pages-browser)/./node_modules/next/dist/compiled/react-dom/cjs/react-dom-client.development.js:3511
[31143034ms] [ERROR] Unable to preventDefault inside passive event listener invocation. @ webpack-internal:///(app-pages-browser)/./node_modules/next/dist/compiled/react-dom/cjs/react-dom-client.development.js:3511
[31143050ms] [ERROR] Unable to preventDefault inside passive event listener invocation. @ webpack-internal:///(app-pages-browser)/./node_modules/next/dist/compiled/react-dom/cjs/react-dom-client.development.js:3511
[31143101ms] [ERROR] Unable to preventDefault inside passive event listener invocation. @ webpack-internal:///(app-pages-browser)/./node_modules/next/dist/compiled/react-dom/cjs/react-dom-client.development.js:3511
[31143347ms] [ERROR] Unable to preventDefault inside passive event listener invocation. @ webpack-internal:///(app-pages-browser)/./node_modules/next/dist/compiled/react-dom/cjs/react-dom-client.development.js:3511
[31143383ms] [ERROR] Unable to preventDefault inside passive event listener invocation. @ webpack-internal:///(app-pages-browser)/./node_modules/next/dist/compiled/react-dom/cjs/react-dom-client.development.js:3511
[31143473ms] [ERROR] Unable to preventDefault inside passive event listener invocation. @ webpack-internal:///(app-pages-browser)/./node_modules/next/dist/compiled/react-dom/cjs/react-dom-client.development.js:3511
[31143655ms] [ERROR] Unable to preventDefault inside passive event listener invocation. @ webpack-internal:///(app-pages-browser)/./node_modules/next/dist/compiled/react-dom/cjs/react-dom-client.development.js:3511
[31143675ms] [ERROR] Unable to preventDefault inside passive event listener invocation. @ webpack-internal:///(app-pages-browser)/./node_modules/next/dist/compiled/react-dom/cjs/react-dom-client.development.js:3511
[31143684ms] [ERROR] Unable to preventDefault inside passive event listener invocation. @ webpack-internal:///(app-pages-browser)/./node_modules/next/dist/compiled/react-dom/cjs/react-dom-client.development.js:3511
[31143703ms] [ERROR] Unable to preventDefault inside passive event listener invocation. @ webpack-internal:///(app-pages-browser)/./node_modules/next/dist/compiled/react-dom/cjs/react-dom-client.development.js:3511
[31143734ms] [ERROR] Unable to preventDefault inside passive event listener invocation. @ webpack-internal:///(app-pages-browser)/./node_modules/next/dist/compiled/react-dom/cjs/react-dom-client.development.js:3511
[31143937ms] [ERROR] Unable to preventDefault inside passive event listener invocation. @ webpack-internal:///(app-pages-browser)/./node_modules/next/dist/compiled/react-dom/cjs/react-dom-client.development.js:3511
[31143966ms] [ERROR] Unable to preventDefault inside passive event listener invocation. @ webpack-internal:///(app-pages-browser)/./node_modules/next/dist/compiled/react-dom/cjs/react-dom-client.development.js:3511
[31143978ms] [ERROR] Unable to preventDefault inside passive event listener invocation. @ webpack-internal:///(app-pages-browser)/./node_modules/next/dist/compiled/react-dom/cjs/react-dom-client.development.js:3511
[31145717ms] [ERROR] Unable to preventDefault inside passive event listener invocation. @ webpack-internal:///(app-pages-browser)/./node_modules/next/dist/compiled/react-dom/cjs/react-dom-client.development.js:3511
[31145752ms] [ERROR] Unable to preventDefault inside passive event listener invocation. @ webpack-internal:///(app-pages-browser)/./node_modules/next/dist/compiled/react-dom/cjs/react-dom-client.development.js:3511
[31145785ms] [ERROR] Unable to preventDefault inside passive event listener invocation. @ webpack-internal:///(app-pages-browser)/./node_modules/next/dist/compiled/react-dom/cjs/react-dom-client.development.js:3511
[31146011ms] [ERROR] Unable to preventDefault inside passive event listener invocation. @ webpack-internal:///(app-pages-browser)/./node_modules/next/dist/compiled/react-dom/cjs/react-dom-client.development.js:3511
[31146051ms] [ERROR] Unable to preventDefault inside passive event listener invocation. @ webpack-internal:///(app-pages-browser)/./node_modules/next/dist/compiled/react-dom/cjs/react-dom-client.development.js:3511
[31146085ms] [ERROR] Unable to preventDefault inside passive event listener invocation. @ webpack-internal:///(app-pages-browser)/./node_modules/next/dist/compiled/react-dom/cjs/react-dom-client.development.js:3511
[31146835ms] [ERROR] Unable to preventDefault inside passive event listener invocation. @ webpack-internal:///(app-pages-browser)/./node_modules/next/dist/compiled/react-dom/cjs/react-dom-client.development.js:3511
[31146851ms] [ERROR] Unable to preventDefault inside passive event listener invocation. @ webpack-internal:///(app-pages-browser)/./node_modules/next/dist/compiled/react-dom/cjs/react-dom-client.development.js:3511
[31146884ms] [ERROR] Unable to preventDefault inside passive event listener invocation. @ webpack-internal:///(app-pages-browser)/./node_modules/next/dist/compiled/react-dom/cjs/react-dom-client.development.js:3511
[31147000ms] [ERROR] Failed to load resource: the server responded with a status of 502 (Bad Gateway) @ http://localhost:3000/api/pole_tags:0
[31147197ms] [ERROR] Unable to preventDefault inside passive event listener invocation. @ webpack-internal:///(app-pages-browser)/./node_modules/next/dist/compiled/react-dom/cjs/react-dom-client.development.js:3511
[31147235ms] [ERROR] Unable to preventDefault inside passive event listener invocation. @ webpack-internal:///(app-pages-browser)/./node_modules/next/dist/compiled/react-dom/cjs/react-dom-client.development.js:3511
[31147268ms] [ERROR] Unable to preventDefault inside passive event listener invocation. @ webpack-internal:///(app-pages-browser)/./node_modules/next/dist/compiled/react-dom/cjs/react-dom-client.development.js:3511
[31149000ms] [ERROR] Failed to load resource: the server responded with a status of 502 (Bad Gateway) @ http://localhost:3000/api/pole_tags:0
[31150989ms] [ERROR] Failed to load resource: the server responded with a status of 502 (Bad Gateway) @ http://localhost:3000/api/pole_tags:0
[31152994ms] [ERROR] Failed to load resource: the server responded with a status of 502 (Bad Gateway) @ http://localhost:3000/api/pole_tags:0
[31155150ms] [ERROR] Failed to load resource: the server responded with a status of 502 (Bad Gateway) @ http://localhost:3000/api/pole_tags:0
[31156997ms] [ERROR] Failed to load resource: the server responded with a status of 502 (Bad Gateway) @ http://localhost:3000/api/pole_tags:0
[31163405ms] [INFO] %cDownload the React DevTools for a better development experience: https://react.dev/link/react-devtools font-weight:bold @ webpack-internal:///(app-pages-browser)/./node_modules/next/dist/next-devtools/shared/forward-logs-shared.js:27
[31163883ms] [LOG] [HMR] connected @ webpack-internal:///(app-pages-browser)/./node_modules/next/dist/next-devtools/shared/forward-logs-shared.js:27
[31164192ms] [ERROR] Failed to load resource: the server responded with a status of 500 (Internal Server Error) @ http://localhost:3000/api/files/list:0
[31164232ms] [LOG] [Fast Refresh] rebuilding @ webpack-internal:///(app-pages-browser)/./node_modules/next/dist/next-devtools/shared/forward-logs-shared.js:27
[31165341ms] [LOG] [Fast Refresh] done in 1110ms @ webpack-internal:///(app-pages-browser)/./node_modules/next/dist/next-devtools/shared/forward-logs-shared.js:27
[31165502ms] [LOG] [Fast Refresh] rebuilding @ webpack-internal:///(app-pages-browser)/./node_modules/next/dist/next-devtools/shared/forward-logs-shared.js:27
[31166325ms] [LOG] [Fast Refresh] done in 822ms @ webpack-internal:///(app-pages-browser)/./node_modules/next/dist/next-devtools/shared/forward-logs-shared.js:27
[31184525ms] [INFO] %cDownload the React DevTools for a better development experience: https://react.dev/link/react-devtools font-weight:bold @ webpack-internal:///(app-pages-browser)/./node_modules/next/dist/next-devtools/shared/forward-logs-shared.js:27
[31184727ms] [LOG] [HMR] connected @ webpack-internal:///(app-pages-browser)/./node_modules/next/dist/next-devtools/shared/forward-logs-shared.js:27
[31184993ms] [ERROR] Failed to load resource: the server responded with a status of 500 (Internal Server Error) @ http://localhost:3000/api/files/list:0
[31568066ms] [INFO] %cDownload the React DevTools for a better development experience: https://react.dev/link/react-devtools font-weight:bold @ webpack-internal:///(app-pages-browser)/./node_modules/next/dist/next-devtools/shared/forward-logs-shared.js:27
[31568561ms] [LOG] [HMR] connected @ webpack-internal:///(app-pages-browser)/./node_modules/next/dist/next-devtools/shared/forward-logs-shared.js:27
