  0
SECTION
  2
HEADER
  9
$ACADVER
  1
AC1032
  9
$ACADMAINTVER
 90
      228
  9
$DWGCODEPAGE
  3
ANSI_1252
  9
$LASTSAVEDBY
  1
Autodesk
  9
$REQUIREDVERSIONS
160
                 0
  9
$INSBASE
 10
0.0
 20
0.0
 30
0.0
  9
$EXTMIN
 10
407.3963681672516
 20
41.20071792796011
 30
0.0
  9
$EXTMAX
 10
979.5269767272797
 20
939.1114839880227
 30
0.0
  9
$LIMMIN
 10
0.0
 20
0.0
  9
$LIMMAX
 10
420.0
 20
297.0
  9
$ORTHOMODE
 70
     0
  9
$REGENMODE
 70
     1
  9
$FILLMODE
 70
     1
  9
$QTEXTMODE
 70
     0
  9
$MIRRTEXT
 70
     0
  9
$LTSCALE
 40
1.0
  9
$ATTMODE
 70
     1
  9
$TEXTSIZE
 40
2.5
  9
$TRACEWID
 40
1.0
  9
$TEXTSTYLE
  7
Standard
  9
$CLAYER
  8
0
  9
$CELTYPE
  6
ByLayer
  9
$CECOLOR
 62
   256
  9
$CELTSCALE
 40
1.0
  9
$DISPSILH
 70
     0
  9
$DIMSCALE
 40
1.0
  9
$DIMASZ
 40
2.5
  9
$DIMEXO
 40
0.625
  9
$DIMDLI
 40
3.75
  9
$DIMRND
 40
0.0
  9
$DIMDLE
 40
0.0
  9
$DIMEXE
 40
1.25
  9
$DIMTP
 40
0.0
  9
$DIMTM
 40
0.0
  9
$DIMTXT
 40
2.5
  9
$DIMCEN
 40
2.5
  9
$DIMTSZ
 40
0.0
  9
$DIMTOL
 70
     0
  9
$DIMLIM
 70
     0
  9
$DIMTIH
 70
     0
  9
$DIMTOH
 70
     0
  9
$DIMSE1
 70
     0
  9
$DIMSE2
 70
     0
  9
$DIMTAD
 70
     1
  9
$DIMZIN
 70
     8
  9
$DIMBLK
  1

  9
$DIMASO
 70
     1
  9
$DIMSHO
 70
     1
  9
$DIMPOST
  1

  9
$DIMAPOST
  1

  9
$DIMALT
 70
     0
  9
$DIMALTD
 70
     3
  9
$DIMALTF
 40
0.03937007874016
  9
$DIMLFAC
 40
1.0
  9
$DIMTOFL
 70
     1
  9
$DIMTVP
 40
0.0
  9
$DIMTIX
 70
     0
  9
$DIMSOXD
 70
     0
  9
$DIMSAH
 70
     0
  9
$DIMBLK1
  1

  9
$DIMBLK2
  1

  9
$DIMSTYLE
  2
ISO-25
  9
$DIMCLRD
 70
     0
  9
$DIMCLRE
 70
     0
  9
$DIMCLRT
 70
     0
  9
$DIMTFAC
 40
1.0
  9
$DIMGAP
 40
0.625
  9
$DIMJUST
 70
     0
  9
$DIMSD1
 70
     0
  9
$DIMSD2
 70
     0
  9
$DIMTOLJ
 70
     0
  9
$DIMTZIN
 70
     8
  9
$DIMALTZ
 70
     0
  9
$DIMALTTZ
 70
     0
  9
$DIMUPT
 70
     0
  9
$DIMDEC
 70
     2
  9
$DIMTDEC
 70
     2
  9
$DIMALTU
 70
     2
  9
$DIMALTTD
 70
     3
  9
$DIMTXSTY
  7
Standard
  9
$DIMAUNIT
 70
     0
  9
$DIMADEC
 70
     0
  9
$DIMALTRND
 40
0.0
  9
$DIMAZIN
 70
     0
  9
$DIMDSEP
 70
    44
  9
$DIMATFIT
 70
     3
  9
$DIMFRAC
 70
     0
  9
$DIMLDRBLK
  1

  9
$DIMLUNIT
 70
     2
  9
$DIMLWD
 70
    -2
  9
$DIMLWE
 70
    -2
  9
$DIMTMOVE
 70
     0
  9
$DIMFXL
 40
1.0
  9
$DIMFXLON
 70
     0
  9
$DIMJOGANG
 40
0.7853981633974483
  9
$DIMTFILL
 70
     0
  9
$DIMTFILLCLR
 70
     0
  9
$DIMARCSYM
 70
     0
  9
$DIMLTYPE
  6

  9
$DIMLTEX1
  6

  9
$DIMLTEX2
  6

  9
$DIMTXTDIRECTION
 70
     0
  9
$LUNITS
 70
     2
  9
$LUPREC
 70
     4
  9
$SKETCHINC
 40
1.0
  9
$FILLETRAD
 40
0.0
  9
$AUNITS
 70
     0
  9
$AUPREC
 70
     0
  9
$MENU
  1
.
  9
$ELEVATION
 40
0.0
  9
$PELEVATION
 40
0.0
  9
$THICKNESS
 40
0.0
  9
$LIMCHECK
 70
     0
  9
$CHAMFERA
 40
0.0
  9
$CHAMFERB
 40
0.0
  9
$CHAMFERC
 40
0.0
  9
$CHAMFERD
 40
0.0
  9
$SKPOLY
 70
     0
  9
$TDCREATE
 40
2461289.153564815
  9
$TDUCREATE
 40
2461288.820231481
  9
$TDUPDATE
 40
2461289.153564815
  9
$TDUUPDATE
 40
2461288.820231481
  9
$TDINDWG
 40
0.0000810185
  9
$TDUSRTIMER
 40
0.0000810185
  9
$USRTIMER
 70
     1
  9
$ANGBASE
 50
0.0
  9
$ANGDIR
 70
     0
  9
$PDMODE
 70
     0
  9
$PDSIZE
 40
0.0
  9
$PLINEWID
 40
0.0
  9
$SPLFRAME
 70
     0
  9
$SPLINETYPE
 70
     6
  9
$SPLINESEGS
 70
     8
  9
$HANDSEED
  5
888
  9
$SURFTAB1
 70
     6
  9
$SURFTAB2
 70
     6
  9
$SURFTYPE
 70
     6
  9
$SURFU
 70
     6
  9
$SURFV
 70
     6
  9
$UCSBASE
  2

  9
$UCSNAME
  2

  9
$UCSORG
 10
0.0
 20
0.0
 30
0.0
  9
$UCSXDIR
 10
1.0
 20
0.0
 30
0.0
  9
$UCSYDIR
 10
0.0
 20
1.0
 30
0.0
  9
$UCSORTHOREF
  2

  9
$UCSORTHOVIEW
 70
     0
  9
$UCSORGTOP
 10
0.0
 20
0.0
 30
0.0
  9
$UCSORGBOTTOM
 10
0.0
 20
0.0
 30
0.0
  9
$UCSORGLEFT
 10
0.0
 20
0.0
 30
0.0
  9
$UCSORGRIGHT
 10
0.0
 20
0.0
 30
0.0
  9
$UCSORGFRONT
 10
0.0
 20
0.0
 30
0.0
  9
$UCSORGBACK
 10
0.0
 20
0.0
 30
0.0
  9
$PUCSBASE
  2

  9
$PUCSNAME
  2

  9
$PUCSORG
 10
0.0
 20
0.0
 30
0.0
  9
$PUCSXDIR
 10
1.0
 20
0.0
 30
0.0
  9
$PUCSYDIR
 10
0.0
 20
1.0
 30
0.0
  9
$PUCSORTHOREF
  2

  9
$PUCSORTHOVIEW
 70
     0
  9
$PUCSORGTOP
 10
0.0
 20
0.0
 30
0.0
  9
$PUCSORGBOTTOM
 10
0.0
 20
0.0
 30
0.0
  9
$PUCSORGLEFT
 10
0.0
 20
0.0
 30
0.0
  9
$PUCSORGRIGHT
 10
0.0
 20
0.0
 30
0.0
  9
$PUCSORGFRONT
 10
0.0
 20
0.0
 30
0.0
  9
$PUCSORGBACK
 10
0.0
 20
0.0
 30
0.0
  9
$USERI1
 70
     0
  9
$USERI2
 70
     0
  9
$USERI3
 70
     0
  9
$USERI4
 70
     0
  9
$USERI5
 70
     0
  9
$USERR1
 40
0.0
  9
$USERR2
 40
0.0
  9
$USERR3
 40
0.0
  9
$USERR4
 40
0.0
  9
$USERR5
 40
0.0
  9
$WORLDVIEW
 70
     1
  9
$SHADEDGE
 70
     3
  9
$SHADEDIF
 70
    70
  9
$TILEMODE
 70
     1
  9
$MAXACTVP
 70
    64
  9
$PINSBASE
 10
0.0
 20
0.0
 30
0.0
  9
$PLIMCHECK
 70
     0
  9
$PEXTMIN
 10
0.0
 20
0.0
 30
0.0
  9
$PEXTMAX
 10
0.0
 20
0.0
 30
0.0
  9
$PLIMMIN
 10
0.0
 20
0.0
  9
$PLIMMAX
 10
12.0
 20
9.0
  9
$UNITMODE
 70
     0
  9
$VISRETAIN
 70
     1
  9
$PLINEGEN
 70
     0
  9
$PSLTSCALE
 70
     1
  9
$TREEDEPTH
 70
  3020
  9
$CMLSTYLE
  2
Standard
  9
$CMLJUST
 70
     0
  9
$CMLSCALE
 40
20.0
  9
$PROXYGRAPHICS
 70
     1
  9
$MEASUREMENT
 70
     1
  9
$CELWEIGHT
370
    -1
  9
$ENDCAPS
280
     0
  9
$JOINSTYLE
280
     0
  9
$LWDISPLAY
290
     0
  9
$INSUNITS
 70
     4
  9
$HYPERLINKBASE
  1

  9
$STYLESHEET
  1

  9
$XEDIT
290
     1
  9
$CEPSNTYPE
380
     0
  9
$PSTYLEMODE
290
     1
  9
$FINGERPRINTGUID
  2
{79956B29-46B6-1944-8F9B-B9ED49DCE07B}
  9
$VERSIONGUID
  2
{265A5473-D45D-4B1C-ABB7-7FF2E3BD06BB}
  9
$EXTNAMES
290
     1
  9
$PSVPSCALE
 40
0.0
  9
$OLESTARTUP
290
     0
  9
$SORTENTS
280
   127
  9
$INDEXCTL
280
     0
  9
$HIDETEXT
280
     1
  9
$XCLIPFRAME
280
     2
  9
$HALOGAP
280
     0
  9
$OBSCOLOR
 70
   257
  9
$OBSLTYPE
280
     0
  9
$INTERSECTIONDISPLAY
280
     0
  9
$INTERSECTIONCOLOR
 70
   257
  9
$DIMASSOC
280
     2
  9
$PROJECTNAME
  1

  9
$CAMERADISPLAY
290
     0
  9
$LENSLENGTH
 40
50.0
  9
$CAMERAHEIGHT
 40
0.0
  9
$STEPSPERSEC
 40
2.0
  9
$STEPSIZE
 40
6.0
  9
$3DDWFPREC
 40
2.0
  9
$PSOLWIDTH
 40
5.0
  9
$PSOLHEIGHT
 40
80.0
  9
$LOFTANG1
 40
1.570796326794896
  9
$LOFTANG2
 40
1.570796326794896
  9
$LOFTMAG1
 40
0.0
  9
$LOFTMAG2
 40
0.0
  9
$LOFTPARAM
 70
     7
  9
$LOFTNORMALS
280
     1
  9
$LATITUDE
 40
37.795
  9
$LONGITUDE
 40
-122.394
  9
$NORTHDIRECTION
 40
0.0
  9
$TIMEZONE
 70
 -8000
  9
$LIGHTGLYPHDISPLAY
280
     1
  9
$TILEMODELIGHTSYNCH
280
     1
  9
$CMATERIAL
347
EC
  9
$SOLIDHIST
280
     0
  9
$SHOWHIST
280
     1
  9
$DWFFRAME
280
     2
  9
$DGNFRAME
280
     0
  9
$REALWORLDSCALE
290
     1
  9
$INTERFERECOLOR
 62
     1
  9
$INTERFEREOBJVS
345
F9
  9
$INTERFEREVPVS
346
F6
  9
$CSHADOW
280
     0
  9
$SHADOWPLANELOCATION
 40
0.0
  0
ENDSEC
  0
SECTION
  2
CLASSES
  0
CLASS
  1
ACDBDICTIONARYWDFLT
  2
AcDbDictionaryWithDefault
  3
ObjectDBX Classes
 90
        0
 91
        1
280
     0
281
     0
  0
CLASS
  1
DICTIONARYVAR
  2
AcDbDictionaryVar
  3
ObjectDBX Classes
 90
        0
 91
       11
280
     0
281
     0
  0
CLASS
  1
TABLESTYLE
  2
AcDbTableStyle
  3
ObjectDBX Classes
 90
     4095
 91
        1
280
     0
281
     0
  0
CLASS
  1
MATERIAL
  2
AcDbMaterial
  3
ObjectDBX Classes
 90
     1153
 91
        3
280
     0
281
     0
  0
CLASS
  1
VISUALSTYLE
  2
AcDbVisualStyle
  3
ObjectDBX Classes
 90
     4095
 91
       24
280
     0
281
     0
  0
CLASS
  1
SCALE
  2
AcDbScale
  3
ObjectDBX Classes
 90
     1153
 91
       17
280
     0
281
     0
  0
CLASS
  1
MLEADERSTYLE
  2
AcDbMLeaderStyle
  3
ACDB_MLEADERSTYLE_CLASS
 90
     4095
 91
        2
280
     0
281
     0
  0
CLASS
  1
CELLSTYLEMAP
  2
AcDbCellStyleMap
  3
ObjectDBX Classes
 90
     1152
 91
        1
280
     0
281
     0
  0
CLASS
  1
EXACXREFPANELOBJECT
  2
ExAcXREFPanelObject
  3
EXAC_ESW
 90
     1025
 91
        0
280
     0
281
     0
  0
CLASS
  1
NPOCOLLECTION
  2
AcDbImpNonPersistentObjectsCollection
  3
ObjectDBX Classes
 90
     1153
 91
        0
280
     0
281
     0
  0
CLASS
  1
LAYER_INDEX
  2
AcDbLayerIndex
  3
ObjectDBX Classes
 90
        0
 91
        0
280
     0
281
     0
  0
CLASS
  1
SPATIAL_INDEX
  2
AcDbSpatialIndex
  3
ObjectDBX Classes
 90
        0
 91
        0
280
     0
281
     0
  0
CLASS
  1
IDBUFFER
  2
AcDbIdBuffer
  3
ObjectDBX Classes
 90
        0
 91
        0
280
     0
281
     0
  0
CLASS
  1
ACDBSECTIONVIEWSTYLE
  2
AcDbSectionViewStyle
  3
ObjectDBX Classes
 90
     1025
 91
        1
280
     0
281
     0
  0
CLASS
  1
ACDBDETAILVIEWSTYLE
  2
AcDbDetailViewStyle
  3
ObjectDBX Classes
 90
     1025
 91
        1
280
     0
281
     0
  0
ENDSEC
  0
SECTION
  2
TABLES
  0
TABLE
  2
VPORT
  5
8
330
0
100
AcDbSymbolTable
 70
     1
  0
VPORT
  5
EA
330
8
100
AcDbSymbolTableRecord
100
AcDbViewportTableRecord
  2
*Active
 70
     0
 10
0.0
 20
0.0
 11
1.0
 21
1.0
 12
693.4622682037246
 22
490.160491994011
 13
0.0
 23
0.0
 14
10.0
 24
10.0
 15
10.0
 25
10.0
 16
0.0
 26
0.0
 36
1.0
 17
0.0
 27
0.0
 37
0.0
 40
1032.587281586226
 41
1.765478424015009
 42
50.0
 43
0.0
 44
0.0
 50
0.0
 51
0.0
 71
     0
 72
  1000
 73
     1
 74
     3
 75
     0
 76
     1
 77
     0
 78
     0
281
     0
 65
     1
110
0.0
120
0.0
130
0.0
111
1.0
121
0.0
131
0.0
112
0.0
122
1.0
132
0.0
 79
     0
146
0.0
348
F5
 60
     3
 61
     5
292
     1
282
     1
141
0.0
142
0.0
 63
   250
421
  3355443
1001
ACAD_NAV_VCDISPLAY
1070
     3
  0
ENDTAB
  0
TABLE
  2
LTYPE
  5
5
330
0
100
AcDbSymbolTable
 70
     1
  0
LTYPE
  5
14
330
5
100
AcDbSymbolTableRecord
100
AcDbLinetypeTableRecord
  2
ByBlock
 70
     0
  3

 72
    65
 73
     0
 40
0.0
  0
LTYPE
  5
15
330
5
100
AcDbSymbolTableRecord
100
AcDbLinetypeTableRecord
  2
ByLayer
 70
     0
  3

 72
    65
 73
     0
 40
0.0
  0
LTYPE
  5
16
330
5
100
AcDbSymbolTableRecord
100
AcDbLinetypeTableRecord
  2
Continuous
 70
     0
  3
Solid line
 72
    65
 73
     0
 40
0.0
  0
ENDTAB
  0
TABLE
  2
LAYER
  5
2
102
{ACAD_XDICTIONARY
360
1FF
102
}
330
0
100
AcDbSymbolTable
 70
    19
  0
LAYER
  5
10
102
{ACAD_XDICTIONARY
360
13C
102
}
330
2
100
AcDbSymbolTableRecord
100
AcDbLayerTableRecord
  2
0
 70
     0
 62
     7
  6
Continuous
370
    -3
390
F
347
EE
348
0
  0
LAYER
  5
2AB
330
2
100
AcDbSymbolTableRecord
100
AcDbLayerTableRecord
  2
PDF_Level 22
 70
     0
 62
     1
  6
Continuous
370
    -3
390
F
347
EE
348
0
  0
LAYER
  5
2AC
330
2
100
AcDbSymbolTableRecord
100
AcDbLayerTableRecord
  2
PDF_RICKLEE_COAXCABLE
 70
     0
 62
    32
420
 14511616
  6
Continuous
370
    -3
390
F
347
EE
348
0
  0
LAYER
  5
2AD
330
2
100
AcDbSymbolTableRecord
100
AcDbLayerTableRecord
  2
PDF_Level 21
 70
     0
 62
     1
  6
Continuous
370
    -3
390
F
347
EE
348
0
  0
LAYER
  5
2AE
330
2
100
AcDbSymbolTableRecord
100
AcDbLayerTableRecord
  2
PDF_Level 1
 70
     0
 62
     1
  6
Continuous
370
    -3
390
F
347
EE
348
0
  0
LAYER
  5
2AF
330
2
100
AcDbSymbolTableRecord
100
AcDbLayerTableRecord
  2
PDF_RICKLEE_NODEDETAILS
 70
     0
 62
    92
420
    47104
  6
Continuous
370
    -3
390
F
347
EE
348
0
  0
LAYER
  5
2B0
330
2
100
AcDbSymbolTableRecord
100
AcDbLayerTableRecord
  2
PDF_Level 35
 70
     0
 62
     1
  6
Continuous
370
    -3
390
F
347
EE
348
0
  0
LAYER
  5
2B1
330
2
100
AcDbSymbolTableRecord
100
AcDbLayerTableRecord
  2
PDF_RICKLEE_POWERSUPPLY
 70
     0
 62
     1
  6
Continuous
370
    -3
390
F
347
EE
348
0
  0
LAYER
  5
2B2
330
2
100
AcDbSymbolTableRecord
100
AcDbLayerTableRecord
  2
PDF_RICKLEE_ENDOFTAPOFFBLOCK
 70
     0
 62
   132
420
    56797
  6
Continuous
370
    -3
390
F
347
EE
348
0
  0
LAYER
  5
2B3
330
2
100
AcDbSymbolTableRecord
100
AcDbLayerTableRecord
  2
PDF_RICKLEE_AMPBLOCK
 70
     0
 62
     7
  6
Continuous
370
    -3
390
F
347
EE
348
0
  0
LAYER
  5
2B4
330
2
100
AcDbSymbolTableRecord
100
AcDbLayerTableRecord
  2
PDF_RICKLEE_NODEBOUNDARY
 70
     0
 62
    92
420
    47104
  6
Continuous
370
    -3
390
F
347
EE
348
0
  0
LAYER
  5
2B5
330
2
100
AcDbSymbolTableRecord
100
AcDbLayerTableRecord
  2
PDF_SKY-Lipa$0$RICKLEE_ROAD
 70
     0
 62
   251
420
  6513766
  6
Continuous
370
    -3
390
F
347
EE
348
0
  0
LAYER
  5
2B6
330
2
100
AcDbSymbolTableRecord
100
AcDbLayerTableRecord
  2
PDF_SKY-Lipa$0$RICKLEE_STRAND
 70
     0
 62
     8
420
  7763574
  6
Continuous
370
    -3
390
F
347
EE
348
0
  0
LAYER
  5
2B7
330
2
100
AcDbSymbolTableRecord
100
AcDbLayerTableRecord
  2
PDF_SKY-Lipa$0$RICKLEE_STRANDDISTANCE
 70
     0
 62
     8
420
  7763574
  6
Continuous
370
    -3
390
F
347
EE
348
0
  0
LAYER
  5
2B8
330
2
100
AcDbSymbolTableRecord
100
AcDbLayerTableRecord
  2
PDF_SKY-Lipa$0$RICKLEE_HOUSECOUNT
 70
     0
 62
     3
  6
Continuous
370
    -3
390
F
347
EE
348
0
  0
LAYER
  5
2B9
330
2
100
AcDbSymbolTableRecord
100
AcDbLayerTableRecord
  2
PDF_SKY-Lipa$0$LANDMARK
 70
     0
 62
     7
  6
Continuous
370
    -3
390
F
347
EE
348
0
  0
LAYER
  5
2BA
330
2
100
AcDbSymbolTableRecord
100
AcDbLayerTableRecord
  2
PDF_SKY-Lipa$0$POLE NUMBER
 70
     0
 62
     5
  6
Continuous
370
    -3
390
F
347
EE
348
0
  0
LAYER
  5
2BB
330
2
100
AcDbSymbolTableRecord
100
AcDbLayerTableRecord
  2
PDF_SKY-Lipa$0$RICKLEE_POLEPED
 70
     0
 62
     8
420
  7763574
  6
Continuous
370
    -3
390
F
347
EE
348
0
  0
LAYER
  5
2BE
330
2
100
AcDbSymbolTableRecord
100
AcDbLayerTableRecord
  2
PDF_Text
 70
     0
 62
     7
  6
Continuous
370
    -3
390
F
347
EE
348
0
  0
ENDTAB
  0
TABLE
  2
STYLE
  5
3
330
0
100
AcDbSymbolTable
 70
     4
  0
STYLE
  5
11
330
3
100
AcDbSymbolTableRecord
100
AcDbTextStyleTableRecord
  2
Standard
 70
     0
 40
0.0
 41
1.0
 50
0.0
 71
     0
 42
2.5
  3
arial.ttf
  4

1001
ACAD
1000
Arial
1071
       34
  0
STYLE
  5
132
330
3
100
AcDbSymbolTableRecord
100
AcDbTextStyleTableRecord
  2
Annotative
 70
     0
 40
0.0
 41
1.0
 50
0.0
 71
     0
 42
2.5
  3
arial.ttf
  4

1001
AcadAnnotative
1000
AnnotativeData
1002
{
1070
     1
1070
     1
1002
}
1001
ACAD
1000
Arial
1071
       34
  0
STYLE
  5
2BD
330
3
100
AcDbSymbolTableRecord
100
AcDbTextStyleTableRecord
  2
PDF Arial Narrow
 70
     0
 40
0.0
 41
1.0
 50
0.0
 71
     0
 42
2.5
  3
ARIALN.TTF
  4

1001
ACAD
1000
Arial Narrow
1071
      256
  0
STYLE
  5
2C0
330
3
100
AcDbSymbolTableRecord
100
AcDbTextStyleTableRecord
  2
PDF ArialMT
 70
     0
 40
0.0
 41
1.0
 50
0.0
 71
     0
 42
2.5
  3
arial.ttf
  4

1001
ACAD
1000
Arial
1071
      256
  0
ENDTAB
  0
TABLE
  2
VIEW
  5
6
330
0
100
AcDbSymbolTable
 70
     0
  0
ENDTAB
  0
TABLE
  2
UCS
  5
7
330
0
100
AcDbSymbolTable
 70
     0
  0
ENDTAB
  0
TABLE
  2
APPID
  5
9
330
0
100
AcDbSymbolTable
 70
     8
  0
APPID
  5
12
330
9
100
AcDbSymbolTableRecord
100
AcDbRegAppTableRecord
  2
ACAD
 70
     0
  0
APPID
  5
9E
330
9
100
AcDbSymbolTableRecord
100
AcDbRegAppTableRecord
  2
ACAD_PSEXT
 70
     0
  0
APPID
  5
133
330
9
100
AcDbSymbolTableRecord
100
AcDbRegAppTableRecord
  2
AcadAnnoPO
 70
     0
  0
APPID
  5
134
330
9
100
AcDbSymbolTableRecord
100
AcDbRegAppTableRecord
  2
AcadAnnotative
 70
     0
  0
APPID
  5
135
330
9
100
AcDbSymbolTableRecord
100
AcDbRegAppTableRecord
  2
ACAD_DSTYLE_DIMJAG
 70
     0
  0
APPID
  5
136
330
9
100
AcDbSymbolTableRecord
100
AcDbRegAppTableRecord
  2
ACAD_DSTYLE_DIMTALN
 70
     0
  0
APPID
  5
165
330
9
100
AcDbSymbolTableRecord
100
AcDbRegAppTableRecord
  2
ACAD_MLEADERVER
 70
     0
  0
APPID
  5
217
330
9
100
AcDbSymbolTableRecord
100
AcDbRegAppTableRecord
  2
ACAD_NAV_VCDISPLAY
 70
     0
  0
ENDTAB
  0
TABLE
  2
DIMSTYLE
  5
A
330
0
100
AcDbSymbolTable
 70
     3
100
AcDbDimStyleTable
 71
     2
340
27
340
137
  0
DIMSTYLE
105
1B0
330
A
100
AcDbSymbolTableRecord
100
AcDbDimStyleTableRecord
  2
Standard
 70
     0
340
11
  0
DIMSTYLE
105
137
330
A
100
AcDbSymbolTableRecord
100
AcDbDimStyleTableRecord
  2
Annotative
 70
     0
 40
0.0
 41
2.5
 42
0.625
 43
3.75
 44
1.25
 73
     0
 74
     0
 77
     1
 78
     8
140
2.5
141
2.5
143
0.03937007874016
147
0.625
171
     3
172
     1
271
     2
272
     2
274
     3
278
    44
283
     0
284
     8
340
11
1001
AcadAnnotative
1000
AnnotativeData
1002
{
1070
     1
1070
     1
1002
}
1001
ACAD_DSTYLE_DIMJAG
1070
   388
1040
1.5
1001
ACAD_DSTYLE_DIMTALN
1070
   392
1070
     0
  0
DIMSTYLE
105
27
330
A
100
AcDbSymbolTableRecord
100
AcDbDimStyleTableRecord
  2
ISO-25
 70
     0
 41
2.5
 42
0.625
 43
3.75
 44
1.25
 73
     0
 74
     0
 77
     1
 78
     8
140
2.5
141
2.5
143
0.03937007874016
147
0.625
171
     3
172
     1
271
     2
272
     2
274
     3
278
    44
283
     0
284
     8
340
11
  0
ENDTAB
  0
TABLE
  2
BLOCK_RECORD
  5
1
330
0
100
AcDbSymbolTable
 70
     1
  0
BLOCK_RECORD
  5
1F
102
{ACAD_XDICTIONARY
360
1CE
102
}
330
1
100
AcDbSymbolTableRecord
100
AcDbBlockTableRecord
  2
*Model_Space
340
22
 70
     0
280
     1
281
     0
  0
BLOCK_RECORD
  5
D2
330
1
100
AcDbSymbolTableRecord
100
AcDbBlockTableRecord
  2
*Paper_Space
340
D3
 70
     0
280
     1
281
     0
  0
BLOCK_RECORD
  5
D6
330
1
100
AcDbSymbolTableRecord
100
AcDbBlockTableRecord
  2
*Paper_Space0
340
D7
 70
     0
280
     1
281
     0
  0
ENDTAB
  0
ENDSEC
  0
SECTION
  2
BLOCKS
  0
BLOCK
  5
20
330
1F
100
AcDbEntity
  8
0
100
AcDbBlockBegin
  2
*Model_Space
 70
     0
 10
0.0
 20
0.0
 30
0.0
  3
*Model_Space
  1

  0
ENDBLK
  5
21
330
1F
100
AcDbEntity
  8
0
100
AcDbBlockEnd
  0
BLOCK
  5
D4
330
D2
100
AcDbEntity
 67
     1
  8
0
100
AcDbBlockBegin
  2
*Paper_Space
 70
     0
 10
0.0
 20
0.0
 30
0.0
  3
*Paper_Space
  1

  0
ENDBLK
  5
D5
330
D2
100
AcDbEntity
 67
     1
  8
0
100
AcDbBlockEnd
  0
BLOCK
  5
D8
330
D6
100
AcDbEntity
 67
     1
  8
0
100
AcDbBlockBegin
  2
*Paper_Space0
 70
     0
 10
0.0
 20
0.0
 30
0.0
  3
*Paper_Space0
  1

  0
ENDBLK
  5
D9
330
D6
100
AcDbEntity
 67
     1
  8
0
100
AcDbBlockEnd
  0
ENDSEC
  0
SECTION
  2
ENTITIES
  0
LWPOLYLINE
  5
2C1
330
1F
100
AcDbEntity
  8
PDF_Level 22
370
     9
100
AcDbPolyline
 90
        8
 70
     1
 43
0.0
 10
688.6656775854386
 20
466.1775389025806
 10
686.5888032971085
 20
467.1665266589283
 10
684.314131457509
 20
466.3753364538502
 10
683.3251437011613
 20
464.1995633898853
 10
684.1163339062394
 20
462.0237903259205
 10
686.1932081945695
 20
461.0348025695729
 10
688.467880034169
 20
461.7270939990162
 10
689.4568677905166
 20
463.902867062981
  0
LWPOLYLINE
  5
2C2
330
1F
100
AcDbEntity
  8
PDF_Level 22
370
     9
100
AcDbPolyline
 90
       14
 70
     0
 43
0.0
 10
685.0064228869523
 20
462.9138793066334
 10
684.9075241113175
 20
463.0127780822682
 10
684.709726560048
 20
463.2105756335377
 10
684.6108277844132
 20
463.3094744091725
 10
684.6108277844132
 20
463.6061707360767
 10
684.8086253356828
 20
464.0017658386159
 10
685.0064228869523
 20
464.1006646142506
 10
685.105321662587
 20
464.1006646142506
 10
685.4020179894913
 20
464.1006646142506
 10
685.6987143163957
 20
464.0017658386159
 10
685.8965118676651
 20
463.8039682873463
 10
686.1932081945695
 20
463.4083731848073
 10
686.9843983996475
 20
461.9248915502858
 10
687.5777910534561
 20
463.2105756335377
  0
LWPOLYLINE
  5
2C3
330
1F
100
AcDbEntity
  8
PDF_Level 22
370
     9
100
AcDbPolyline
 90
       15
 70
     0
 43
0.0
 10
685.3031192138566
 20
465.1885511462331
 10
685.7976130920304
 20
466.1775389025806
 10
686.5888032971085
 20
465.1885511462331
 10
686.6877020727432
 20
465.4852474731373
 10
686.8854996240128
 20
465.5841462487721
 10
687.0832971752824
 20
465.5841462487721
 10
687.4788922778214
 20
465.4852474731373
 10
687.7755886047257
 20
465.3863486975025
 10
688.0722849316299
 20
465.0896523705982
 10
688.2700824828995
 20
464.7929560436939
 10
688.1711837072647
 20
464.4962597167896
 10
688.0722849316299
 20
464.1995633898853
 10
687.8744873803604
 20
464.0017658386159
 10
687.676689829091
 20
463.902867062981
 10
687.3799935021866
 20
464.0017658386159
  0
LWPOLYLINE
  5
2C4
330
1F
100
AcDbEntity
  8
PDF_Level 22
370
     9
100
AcDbPolyline
 90
        4
 70
     1
 43
0.0
 10
709.3355216931042
 20
517.8026997839275
 10
710.8190033276257
 20
523.1432336682048
 10
716.1595372119029
 20
521.5608532580485
 10
714.6760555773815
 20
516.3192181494061
  0
LWPOLYLINE
  5
2C5
330
1F
100
AcDbEntity
  8
PDF_Level 22
370
     9
100
AcDbPolyline
 90
        4
 70
     0
 43
0.0
 10
711.3134972057995
 20
518.0004973351969
 10
711.3134972057995
 20
518.2971936621013
 10
711.0168008788953
 20
518.7916875402752
 10
713.7859665966686
 20
518.0004973351969
  0
LWPOLYLINE
  5
2C6
330
1F
100
AcDbEntity
  8
PDF_Level 22
370
     9
100
AcDbPolyline
 90
        4
 70
     0
 43
0.0
 10
714.5771568017468
 20
520.4729667260663
 10
711.7090923083386
 20
521.363055706779
 10
713.1925739428601
 20
519.5828777453532
 10
713.7859665966686
 20
521.363055706779
  0
LWPOLYLINE
  5
2C7
330
1F
100
AcDbEntity
  8
PDF_RICKLEE_COAXCABLE
370
     0
100
AcDbPolyline
 90
        3
 70
     0
 43
0.0
 10
693.4128188159072
 20
463.0127780822682
 10
692.2260335082901
 20
460.9359037939381
 10
690.544754322499
 20
457.8700417492605
  0
LWPOLYLINE
  5
2C8
330
1F
100
AcDbEntity
  8
PDF_RICKLEE_COAXCABLE
370
     0
100
AcDbPolyline
 90
        2
 70
     0
 43
0.0
 10
689.6546653417861
 20
456.1887625634695
 10
687.8744873803604
 20
452.9251029675223
  0
LWPOLYLINE
  5
2C9
330
1F
100
AcDbEntity
  8
PDF_RICKLEE_COAXCABLE
370
     0
100
AcDbPolyline
 90
        2
 70
     0
 43
0.0
 10
686.9843983996475
 20
451.3427225573661
 10
685.105321662587
 20
447.980164185784
  0
LWPOLYLINE
  5
2CA
330
1F
100
AcDbEntity
  8
PDF_RICKLEE_COAXCABLE
370
     0
100
AcDbPolyline
 90
        2
 70
     0
 43
0.0
 10
684.2152326818742
 20
446.3977837756279
 10
682.4350547204484
 20
443.0352254040458
  0
LWPOLYLINE
  5
2CB
330
1F
100
AcDbEntity
  8
PDF_RICKLEE_COAXCABLE
370
     0
100
AcDbPolyline
 90
        2
 70
     0
 43
0.0
 10
681.5449657397355
 20
441.4528449938896
 10
679.7647877783098
 20
438.1891853979424
  0
LWPOLYLINE
  5
2CC
330
1F
100
AcDbEntity
  8
PDF_RICKLEE_COAXCABLE
370
     0
100
AcDbPolyline
 90
        2
 70
     0
 43
0.0
 10
678.8746987975969
 20
436.5079062121514
 10
676.9956220605364
 20
433.2442466162042
  0
LWPOLYLINE
  5
2CD
330
1F
100
AcDbEntity
  8
PDF_RICKLEE_COAXCABLE
370
     0
100
AcDbPolyline
 90
        2
 70
     0
 43
0.0
 10
676.1055330798235
 20
431.5629674304132
 10
674.3253551183977
 20
428.299307834466
  0
LWPOLYLINE
  5
2CE
330
1F
100
AcDbEntity
  8
PDF_RICKLEE_COAXCABLE
370
     0
100
AcDbPolyline
 90
        2
 70
     0
 43
0.0
 10
673.4352661376849
 20
426.6180286486751
 10
671.6550881762591
 20
423.3543690527278
  0
LWPOLYLINE
  5
2CF
330
1F
100
AcDbEntity
  8
PDF_RICKLEE_COAXCABLE
370
     0
100
AcDbPolyline
 90
        2
 70
     0
 43
0.0
 10
670.7649991955462
 20
421.6730898669368
 10
668.8859224584858
 20
418.4094302709896
  0
LWPOLYLINE
  5
2D0
330
1F
100
AcDbEntity
  8
PDF_RICKLEE_COAXCABLE
370
     0
100
AcDbPolyline
 90
        2
 70
     0
 43
0.0
 10
667.9958334777729
 20
416.8270498608334
 10
666.2156555163472
 20
413.4644914892514
  0
LWPOLYLINE
  5
2D1
330
1F
100
AcDbEntity
  8
PDF_RICKLEE_COAXCABLE
370
     0
100
AcDbPolyline
 90
        2
 70
     0
 43
0.0
 10
665.3255665356343
 20
411.8821110790952
 10
663.6442873498432
 20
408.8162490344175
  0
LWPOLYLINE
  5
2D2
330
1F
100
AcDbEntity
  8
PDF_Level 22
 62
     7
370
     9
100
AcDbPolyline
 90
        4
 70
     1
 43
0.0
 10
669.4793151122943
 20
410.1019331176694
 10
662.7541983691303
 20
397.9373837145935
 10
655.7323852990621
 20
401.7944359643492
 10
662.4575020422261
 20
413.9589853674253
  0
LWPOLYLINE
  5
2D3
330
1F
100
AcDbEntity
  8
PDF_Level 22
 62
     7
370
     9
100
AcDbPolyline
 90
        3
 70
     0
 43
0.0
 10
665.2266677599994
 20
409.6074392394956
 10
663.8420849011128
 20
408.4206539318784
 10
664.1387812280171
 20
410.2008318933042
  0
LWPOLYLINE
  5
2D4
330
1F
100
AcDbEntity
  8
PDF_Level 22
 62
     7
370
     9
100
AcDbPolyline
 90
        2
 70
     0
 43
0.0
 10
664.7321738818257
 20
409.2118441369565
 10
664.0398824523823
 20
409.6074392394956
  0
LWPOLYLINE
  5
2D5
330
1F
100
AcDbEntity
  8
PDF_Level 21
370
     9
100
AcDbPolyline
 90
        3
 70
     1
 43
0.0
 10
667.7980359265033
 20
409.5085404638608
 10
662.6552995934956
 20
406.3437796435484
 10
662.5564008178608
 20
412.376604957269
  0
LWPOLYLINE
  5
2D6
330
1F
100
AcDbEntity
  8
PDF_Level 22
 62
     7
370
     9
100
AcDbPolyline
 90
        2
 70
     0
 43
0.0
 10
665.0288702087299
 20
407.728362502435
 10
662.8530971447651
 20
403.6735127014098
  0
LWPOLYLINE
  5
2D7
330
1F
100
AcDbEntity
  8
PDF_Level 22
 62
     7
370
     9
100
AcDbPolyline
 90
        2
 70
     0
 43
0.0
 10
662.4575020422261
 20
409.2118441369565
 10
657.9081583630269
 20
400.7065494323668
  0
CIRCLE
  5
2D8
330
1F
100
AcDbEntity
  8
PDF_Level 22
 62
     7
370
     9
100
AcDbCircle
 10
661.7421710406198
 20
401.5618530847598
 30
0.0
 40
2.324043055548231
  0
LWPOLYLINE
  5
2D9
330
1F
100
AcDbEntity
  8
PDF_Level 22
370
     9
100
AcDbPolyline
 90
       14
 70
     0
 43
0.0
 10
662.3586032665913
 20
401.6955371887145
 10
662.4575020422261
 20
401.5966384130797
 10
662.5564008178608
 20
401.4977396374449
 10
662.5564008178608
 20
401.3988408618102
 10
662.5564008178608
 20
401.2010433105406
 10
662.4575020422261
 20
400.9043469836363
 10
662.2597044909565
 20
400.8054482080016
 10
662.1608057153217
 20
400.7065494323668
 10
661.9630081640523
 20
400.7065494323668
 10
661.7652106127827
 20
400.8054482080016
 10
661.6663118371479
 20
401.0032457592711
 10
661.5674130615132
 20
401.2999420861754
 10
661.2707167346088
 20
402.3878286181578
 10
660.6773240808003
 20
401.3988408618102
  0
LWPOLYLINE
  5
2DA
330
1F
100
AcDbEntity
  8
PDF_RICKLEE_COAXCABLE
370
     0
100
AcDbPolyline
 90
        2
 70
     0
 43
0.0
 10
647.5237869213767
 20
379.4433126708926
 10
646.0403052868553
 20
376.773045728754
  0
LWPOLYLINE
  5
2DB
330
1F
100
AcDbEntity
  8
PDF_RICKLEE_COAXCABLE
370
     0
100
AcDbPolyline
 90
        2
 70
     0
 43
0.0
 10
645.1502163061424
 20
375.1906653185977
 10
643.3700383447166
 20
371.9270057226505
  0
LWPOLYLINE
  5
2DC
330
1F
100
AcDbEntity
  8
PDF_RICKLEE_COAXCABLE
370
     0
100
AcDbPolyline
 90
        2
 70
     0
 43
0.0
 10
642.381050588369
 20
370.2457265368595
 10
640.6008726269432
 20
366.9820669409123
  0
LWPOLYLINE
  5
2DD
330
1F
100
AcDbEntity
  8
PDF_RICKLEE_COAXCABLE
370
     0
100
AcDbPolyline
 90
        2
 70
     0
 43
0.0
 10
639.7107836462303
 20
365.3007877551213
 10
637.9306056848045
 20
362.0371281591741
  0
LWPOLYLINE
  5
2DE
330
1F
100
AcDbEntity
  8
PDF_RICKLEE_COAXCABLE
370
     0
100
AcDbPolyline
 90
        2
 70
     0
 43
0.0
 10
636.9416179284569
 20
360.3558489733831
 10
635.1614399670312
 20
357.0921893774359
  0
LWPOLYLINE
  5
2DF
330
1F
100
AcDbEntity
  8
PDF_RICKLEE_COAXCABLE
370
     0
100
AcDbPolyline
 90
        2
 70
     0
 43
0.0
 10
634.2713509863183
 20
355.5098089672796
 10
632.7878693517968
 20
352.839542025141
  0
LWPOLYLINE
  5
2E0
330
1F
100
AcDbEntity
  8
PDF_Level 22
370
     9
100
AcDbPolyline
 90
        8
 70
     1
 43
0.0
 10
670.3694040930072
 20
462.7160817553639
 10
668.1936310290424
 20
463.7050695117116
 10
666.0178579650776
 20
462.8149805309987
 10
665.1277689843647
 20
460.5403086913991
 10
666.0178579650776
 20
458.3645356274343
 10
668.1936310290424
 20
457.4744466467214
 10
670.3694040930072
 20
458.3645356274343
 10
671.2594930737201
 20
460.5403086913991
  0
LWPOLYLINE
  5
2E1
330
1F
100
AcDbEntity
  8
PDF_Level 22
370
     9
100
AcDbPolyline
 90
       14
 70
     0
 43
0.0
 10
666.9079469457905
 20
459.4524221594167
 10
666.8090481701557
 20
459.4524221594167
 10
666.6112506188861
 20
459.6502197106862
 10
666.5123518432514
 20
459.8480172619558
 10
666.4134530676165
 20
460.0458148132253
 10
666.6112506188861
 20
460.4414099157644
 10
666.8090481701557
 20
460.6392074670338
 10
667.0068457214252
 20
460.6392074670338
 10
667.3035420483294
 20
460.6392074670338
 10
667.501339599599
 20
460.5403086913991
 10
667.6991371508686
 20
460.3425111401295
 10
667.9958334777729
 20
459.9469160375905
 10
668.8859224584858
 20
458.463434403069
 10
669.4793151122943
 20
459.8480172619558
  0
LWPOLYLINE
  5
2E2
330
1F
100
AcDbEntity
  8
PDF_Level 22
370
     9
100
AcDbPolyline
 90
       16
 70
     1
 43
0.0
 10
667.3035420483294
 20
462.0237903259205
 10
667.3035420483294
 20
461.7270939990162
 10
667.6002383752338
 20
461.430397672112
 10
668.1936310290424
 20
461.0348025695729
 10
668.5892261315814
 20
460.8370050183034
 10
669.1826187853901
 20
460.7381062426687
 10
669.6771126635638
 20
460.7381062426687
 10
669.9738089904681
 20
460.9359037939381
 10
669.9738089904681
 20
461.1337013452077
 10
669.9738089904681
 20
461.5292964477467
 10
669.6771126635638
 20
461.825992774651
 10
669.0837200097553
 20
462.2215878771901
 10
668.6881249072162
 20
462.3204866528249
 10
668.0947322534076
 20
462.5182842040944
 10
667.6002383752338
 20
462.5182842040944
 10
667.3035420483294
 20
462.2215878771901
  0
LWPOLYLINE
  5
2E3
330
1F
100
AcDbEntity
  8
PDF_Level 22
370
     9
100
AcDbPolyline
 90
        8
 70
     1
 43
0.0
 10
643.7656334472556
 20
467.3643242101978
 10
644.5568236523338
 20
469.6389960497974
 10
643.4689371203513
 20
471.7158703381275
 10
641.1942652807518
 20
472.4081617675708
 10
639.1173909924217
 20
471.3202752355884
 10
638.3262007873436
 20
469.1445021716236
 10
639.414087319326
 20
466.9687291076588
 10
641.6887591589256
 20
466.2764376782154
  0
LWPOLYLINE
  5
2E4
330
1F
100
AcDbEntity
  8
PDF_Level 22
370
     9
100
AcDbPolyline
 90
        4
 70
     0
 43
0.0
 10
640.2052775244042
 20
470.627983806145
 10
640.5019738513084
 20
470.7268825817798
 10
640.8975689538475
 20
471.0235789086842
 10
640.0074799731346
 20
468.2544131909107
  0
LWPOLYLINE
  5
2E5
330
1F
100
AcDbEntity
  8
PDF_Level 22
370
     9
100
AcDbPolyline
 90
        3
 70
     0
 43
0.0
 10
641.9854554858298
 20
470.627983806145
 10
643.3700383447166
 20
470.232388703606
 10
641.4909616076561
 20
467.7599193127369
  0
LWPOLYLINE
  5
2E6
330
1F
100
AcDbEntity
  8
PDF_RICKLEE_COAXCABLE
370
     0
100
AcDbPolyline
 90
        2
 70
     0
 43
0.0
 10
638.7217958898827
 20
470.232388703606
 10
635.260338742666
 20
471.3202752355884
  0
LWPOLYLINE
  5
2E7
330
1F
100
AcDbEntity
  8
PDF_RICKLEE_COAXCABLE
370
     0
100
AcDbPolyline
 90
        2
 70
     0
 43
0.0
 10
633.4801607812401
 20
471.8147691137622
 10
629.9198048583887
 20
473.0015544213793
  0
LWPOLYLINE
  5
2E8
330
1F
100
AcDbEntity
  8
PDF_RICKLEE_COAXCABLE
370
     0
100
AcDbPolyline
 90
        2
 70
     0
 43
0.0
 10
628.1396268969629
 20
473.4960482995532
 10
624.777068525381
 20
474.5839348315356
  0
LWPOLYLINE
  5
2E9
330
1F
100
AcDbEntity
  8
PDF_Level 22
370
     9
100
AcDbPolyline
 90
        8
 70
     1
 43
0.0
 10
624.1836758715724
 20
473.5949470751879
 10
624.9748660766505
 20
475.7707201391528
 10
623.8869795446681
 20
477.9464932031175
 10
621.6123077050684
 20
478.6387846325609
 10
619.5354334167384
 20
477.5508981005785
 10
618.7442432116603
 20
475.276226260979
 10
619.8321297436428
 20
473.1993519726489
 10
622.1068015832424
 20
472.5070605432056
  0
LWPOLYLINE
  5
2EA
330
1F
100
AcDbEntity
  8
PDF_Level 22
370
     9
100
AcDbPolyline
 90
        4
 70
     0
 43
0.0
 10
620.6233199487209
 20
476.8586066711351
 10
620.8211174999903
 20
476.95750544677
 10
621.3156113781642
 20
477.2542017736742
 10
620.4255223974513
 20
474.4850360559008
  0
LWPOLYLINE
  5
2EB
330
1F
100
AcDbEntity
  8
PDF_Level 22
370
     9
100
AcDbPolyline
 90
        4
 70
     0
 43
0.0
 10
622.5023966857813
 20
473.7927446264575
 10
623.2935868908595
 20
476.5619103442308
 10
621.810105256338
 20
475.0784287097094
 10
623.1946881152246
 20
474.5839348315356
  0
LWPOLYLINE
  5
2EC
330
1F
100
AcDbEntity
  8
PDF_Level 21
370
     9
100
AcDbPolyline
 90
        5
 70
     0
 43
0.0
 10
589.8658007263092
 20
462.5182842040944
 10
587.9867239892487
 20
462.8149805309987
 10
589.2724080725006
 20
464.3973609411549
 10
589.8658007263092
 20
462.5182842040944
 10
589.1735092968658
 20
464.2984621655201
  0
LWPOLYLINE
  5
2ED
330
1F
100
AcDbEntity
  8
PDF_Level 21
370
     9
100
AcDbPolyline
 90
        2
 70
     0
 43
0.0
 10
589.074610521231
 20
464.1995633898853
 10
589.7669019506745
 20
462.5182842040944
  0
LWPOLYLINE
  5
2EE
330
1F
100
AcDbEntity
  8
PDF_Level 21
370
     9
100
AcDbPolyline
 90
        2
 70
     0
 43
0.0
 10
589.074610521231
 20
464.1006646142506
 10
589.6680031750397
 20
462.5182842040944
  0
LWPOLYLINE
  5
2EF
330
1F
100
AcDbEntity
  8
PDF_Level 21
370
     9
100
AcDbPolyline
 90
        2
 70
     0
 43
0.0
 10
588.9757117455964
 20
464.1006646142506
 10
589.5691043994049
 20
462.6171829797292
  0
LWPOLYLINE
  5
2F0
330
1F
100
AcDbEntity
  8
PDF_Level 21
370
     9
100
AcDbPolyline
 90
        2
 70
     0
 43
0.0
 10
588.9757117455964
 20
464.0017658386159
 10
589.4702056237702
 20
462.6171829797292
  0
LWPOLYLINE
  5
2F1
330
1F
100
AcDbEntity
  8
PDF_Level 21
370
     9
100
AcDbPolyline
 90
        2
 70
     0
 43
0.0
 10
588.8768129699616
 20
463.902867062981
 10
589.3713068481353
 20
462.6171829797292
  0
LWPOLYLINE
  5
2F2
330
1F
100
AcDbEntity
  8
PDF_Level 21
370
     9
100
AcDbPolyline
 90
        3
 70
     0
 43
0.0
 10
589.1735092968658
 20
462.6171829797292
 10
588.7779141943268
 20
463.8039682873463
 10
589.2724080725006
 20
462.6171829797292
  0
LWPOLYLINE
  5
2F3
330
1F
100
AcDbEntity
  8
PDF_Level 21
370
     9
100
AcDbPolyline
 90
        2
 70
     0
 43
0.0
 10
588.679015418692
 20
463.7050695117116
 10
589.074610521231
 20
462.6171829797292
  0
LWPOLYLINE
  5
2F4
330
1F
100
AcDbEntity
  8
PDF_Level 21
370
     9
100
AcDbPolyline
 90
        2
 70
     0
 43
0.0
 10
588.679015418692
 20
463.6061707360767
 10
588.9757117455964
 20
462.7160817553639
  0
LWPOLYLINE
  5
2F5
330
1F
100
AcDbEntity
  8
PDF_Level 21
370
     9
100
AcDbPolyline
 90
        2
 70
     0
 43
0.0
 10
588.5801166430573
 20
463.507271960442
 10
588.8768129699616
 20
462.7160817553639
  0
LWPOLYLINE
  5
2F6
330
1F
100
AcDbEntity
  8
PDF_Level 21
370
     9
100
AcDbPolyline
 90
        2
 70
     0
 43
0.0
 10
588.4812178674224
 20
463.507271960442
 10
588.7779141943268
 20
462.7160817553639
  0
LWPOLYLINE
  5
2F7
330
1F
100
AcDbEntity
  8
PDF_Level 21
370
     9
100
AcDbPolyline
 90
        2
 70
     0
 43
0.0
 10
588.3823190917877
 20
463.4083731848073
 10
588.679015418692
 20
462.7160817553639
  0
LWPOLYLINE
  5
2F8
330
1F
100
AcDbEntity
  8
PDF_Level 21
370
     9
100
AcDbPolyline
 90
        2
 70
     0
 43
0.0
 10
588.3823190917877
 20
463.3094744091725
 10
588.5801166430573
 20
462.7160817553639
  0
LWPOLYLINE
  5
2F9
330
1F
100
AcDbEntity
  8
PDF_Level 21
370
     9
100
AcDbPolyline
 90
        2
 70
     0
 43
0.0
 10
588.2834203161531
 20
463.2105756335377
 10
588.4812178674224
 20
462.7160817553639
  0
LWPOLYLINE
  5
2FA
330
1F
100
AcDbEntity
  8
PDF_Level 21
370
     9
100
AcDbPolyline
 90
        2
 70
     0
 43
0.0
 10
588.2834203161531
 20
463.111676857903
 10
588.3823190917877
 20
462.8149805309987
  0
LWPOLYLINE
  5
2FB
330
1F
100
AcDbEntity
  8
PDF_Level 21
370
     9
100
AcDbPolyline
 90
        2
 70
     0
 43
0.0
 10
588.1845215405182
 20
463.111676857903
 10
588.2834203161531
 20
462.8149805309987
  0
LWPOLYLINE
  5
2FC
330
1F
100
AcDbEntity
  8
PDF_Level 21
370
     9
100
AcDbPolyline
 90
        2
 70
     0
 43
0.0
 10
588.0856227648835
 20
463.0127780822682
 10
588.1845215405182
 20
462.8149805309987
  0
LWPOLYLINE
  5
2FD
330
1F
100
AcDbEntity
  8
PDF_Level 21
370
     9
100
AcDbPolyline
 90
        2
 70
     0
 43
0.0
 10
588.0856227648835
 20
462.9138793066334
 10
588.0856227648835
 20
462.8149805309987
  0
LWPOLYLINE
  5
2FE
330
1F
100
AcDbEntity
  8
PDF_Level 21
370
     9
100
AcDbPolyline
 90
        3
 70
     1
 43
0.0
 10
590.0635982775788
 20
462.4193854284596
 10
587.7889264379791
 20
462.8149805309987
 10
589.2724080725006
 20
464.4962597167896
  0
LWPOLYLINE
  5
2FF
330
1F
100
AcDbEntity
  8
PDF_Level 21
370
     9
100
AcDbPolyline
 90
        3
 70
     1
 43
0.0
 10
596.5909174694732
 20
461.2326001208424
 10
587.5911288867097
 20
462.7160817553639
 10
593.4261566491606
 20
469.7378948254321
  0
LWPOLYLINE
  5
300
330
1F
100
AcDbEntity
  8
PDF_Level 22
 62
     7
370
     9
100
AcDbPolyline
 90
        3
 70
     0
 43
0.0
 10
592.1404725659088
 20
462.7160817553639
 10
594.0195493029693
 20
463.4083731848073
 10
593.6239542004302
 20
464.4962597167896
  0
LWPOLYLINE
  5
301
330
1F
100
AcDbEntity
  8
PDF_Level 22
 62
     7
370
     9
100
AcDbPolyline
 90
        5
 70
     0
 43
0.0
 10
593.4261566491606
 20
464.9907535949635
 10
591.5470799121002
 20
464.2984621655201
 10
593.2283590978912
 20
465.6830450244068
 10
590.9536872582917
 20
465.7819438000416
 10
592.9316627709869
 20
466.4742352294849
  0
LWPOLYLINE
  5
302
330
1F
100
AcDbEntity
  8
PDF_Level 22
370
     9
100
AcDbPolyline
 90
        8
 70
     1
 43
0.0
 10
588.0856227648835
 20
461.6281952233816
 10
587.2944325598053
 20
463.8039682873463
 10
585.1186594958405
 20
464.7929560436939
 10
582.9428864318757
 20
464.0017658386159
 10
581.953898675528
 20
461.825992774651
 10
582.7450888806062
 20
459.6502197106862
 10
584.920861944571
 20
458.6612319543386
 10
587.0966350085358
 20
459.4524221594167
  0
LWPOLYLINE
  5
303
330
1F
100
AcDbEntity
  8
PDF_Level 22
370
     9
100
AcDbPolyline
 90
       14
 70
     0
 43
0.0
 10
583.23958275878
 20
461.825992774651
 10
583.1406839831453
 20
461.9248915502858
 10
583.1406839831453
 20
462.2215878771901
 10
583.23958275878
 20
462.4193854284596
 10
583.3384815344147
 20
462.6171829797292
 10
583.7340766369538
 20
462.8149805309987
 10
584.030772963858
 20
462.7160817553639
 10
584.1296717394929
 20
462.6171829797292
 10
584.3274692907624
 20
462.4193854284596
 10
584.4263680663972
 20
462.1226891015553
 10
584.4263680663972
 20
461.825992774651
 10
584.3274692907624
 20
461.430397672112
 10
583.9318741882234
 20
459.749118486321
 10
585.2175582714753
 20
460.2436123644948
  0
LWPOLYLINE
  5
304
330
1F
100
AcDbEntity
  8
PDF_Level 22
370
     9
100
AcDbPolyline
 90
       15
 70
     0
 43
0.0
 10
585.0197607202058
 20
463.2105756335377
 10
586.1076472521882
 20
463.6061707360767
 10
585.9098497009187
 20
462.4193854284596
 10
586.2065460278229
 20
462.5182842040944
 10
586.4043435790924
 20
462.4193854284596
 10
586.5032423547273
 20
462.3204866528249
 10
586.7999386816316
 20
462.0237903259205
 10
586.8988374572662
 20
461.7270939990162
 10
586.8988374572662
 20
461.3314988964772
 10
586.7999386816316
 20
461.0348025695729
 10
586.602141130362
 20
460.7381062426687
 10
586.3054448034577
 20
460.6392074670338
 10
586.0087484765535
 20
460.6392074670338
 10
585.8109509252839
 20
460.7381062426687
 10
585.6131533740144
 20
461.0348025695729
  0
LWPOLYLINE
  5
305
330
1F
100
AcDbEntity
  8
PDF_Level 22
370
     9
100
AcDbPolyline
 90
        8
 70
     1
 43
0.0
 10
574.2397941760165
 20
498.2207422082442
 10
571.9651223364169
 20
497.5284507788009
 10
570.8772358044345
 20
495.352677714836
 10
571.6684260095127
 20
493.1769046508712
 10
573.7453002978427
 20
492.0890181188888
 10
576.0199721374423
 20
492.7813095483322
 10
577.1078586694247
 20
494.957082612297
 10
576.3166684643465
 20
497.1328556762618
  0
LWPOLYLINE
  5
306
330
1F
100
AcDbEntity
  8
PDF_Level 22
370
     9
100
AcDbPolyline
 90
       14
 70
     0
 43
0.0
 10
573.8441990734775
 20
493.3747022021408
 10
573.6464015222079
 20
493.3747022021408
 10
573.3497051953036
 20
493.3747022021408
 10
573.2508064196688
 20
493.3747022021408
 10
573.0530088683994
 20
493.5724997534103
 10
572.8552113171298
 20
493.9680948559494
 10
572.9541100927646
 20
494.1658924072188
 10
573.0530088683994
 20
494.3636899584884
 10
573.2508064196688
 20
494.4625887341232
 10
573.5475027465732
 20
494.561487509758
 10
573.8441990734775
 20
494.561487509758
 10
574.3386929516512
 20
494.561487509758
 10
575.9210733618075
 20
493.9680948559494
 10
575.4265794836336
 20
495.352677714836
  0
LWPOLYLINE
  5
307
330
1F
100
AcDbEntity
  8
PDF_Level 22
370
     9
100
AcDbPolyline
 90
       15
 70
     0
 43
0.0
 10
572.4596162145907
 20
495.2537789392013
 10
572.1629198876865
 20
496.2427666955489
 10
573.3497051953036
 20
496.0449691442794
 10
573.2508064196688
 20
496.3416654711837
 10
573.3497051953036
 20
496.5394630224532
 10
573.4486039709383
 20
496.7372605737227
 10
573.7453002978427
 20
496.9350581249923
 10
574.0419966247469
 20
497.033956900627
 10
574.4375917272861
 20
497.033956900627
 10
574.833186829825
 20
496.9350581249923
 10
575.0309843810946
 20
496.7372605737227
 10
575.1298831567294
 20
496.4405642468185
 10
575.0309843810946
 20
496.0449691442794
 10
575.0309843810946
 20
495.9460703686446
 10
574.7342880541903
 20
495.7482728173751
  0
LWPOLYLINE
  5
308
330
1F
100
AcDbEntity
  8
PDF_RICKLEE_COAXCABLE
370
     0
100
AcDbPolyline
 90
        2
 70
     0
 43
0.0
 10
573.0530088683994
 20
498.0229446569747
 10
571.8662235607821
 20
501.7810981310957
  0
LWPOLYLINE
  5
309
330
1F
100
AcDbEntity
  8
PDF_RICKLEE_COAXCABLE
370
     0
100
AcDbPolyline
 90
        2
 70
     0
 43
0.0
 10
571.2728309069736
 20
503.5612760925214
 10
570.0860455993564
 20
507.121632015373
  0
LWPOLYLINE
  5
30A
330
1F
100
AcDbEntity
  8
PDF_RICKLEE_COAXCABLE
370
     0
100
AcDbPolyline
 90
        2
 70
     0
 43
0.0
 10
569.4926529455479
 20
508.9018099767987
 10
568.3058676379306
 20
512.4621658996502
  0
LWPOLYLINE
  5
30B
330
1F
100
AcDbEntity
  8
PDF_RICKLEE_COAXCABLE
370
     0
100
AcDbPolyline
 90
        2
 70
     0
 43
0.0
 10
567.7124749841221
 20
514.2423438610761
 10
566.525689676505
 20
517.8026997839275
  0
LWPOLYLINE
  5
30C
330
1F
100
AcDbEntity
  8
PDF_RICKLEE_COAXCABLE
370
     0
100
AcDbPolyline
 90
        2
 70
     0
 43
0.0
 10
565.9322970226964
 20
519.5828777453532
 10
564.8444104907139
 20
523.1432336682048
  0
LWPOLYLINE
  5
30D
330
1F
100
AcDbEntity
  8
PDF_RICKLEE_COAXCABLE
370
     0
100
AcDbPolyline
 90
        2
 70
     0
 43
0.0
 10
564.2510178369053
 20
524.9234116296305
 10
563.0642325292881
 20
528.483767552482
  0
LWPOLYLINE
  5
30E
330
1F
100
AcDbEntity
  8
PDF_RICKLEE_COAXCABLE
370
     0
100
AcDbPolyline
 90
        2
 70
     0
 43
0.0
 10
562.4708398754795
 20
530.2639455139078
 10
561.2840545678624
 20
534.0220989880288
  0
LWPOLYLINE
  5
30F
330
1F
100
AcDbEntity
  8
PDF_Level 22
370
     9
100
AcDbPolyline
 90
        8
 70
     1
 43
0.0
 10
560.591763138419
 20
539.758227974845
 10
558.3170912988195
 20
539.0659365454019
 10
557.2292047668371
 20
536.890163481437
 10
558.0203949719151
 20
534.7143904174722
 10
560.0972692602453
 20
533.6265038854898
 10
562.3719410998448
 20
534.3187953149331
 10
563.4598276318272
 20
536.4945683788979
 10
562.6686374267491
 20
538.6703414428628
  0
LWPOLYLINE
  5
310
330
1F
100
AcDbEntity
  8
PDF_Level 22
370
     9
100
AcDbPolyline
 90
       14
 70
     0
 43
0.0
 10
560.0972692602453
 20
535.0110867443764
 10
559.9983704846104
 20
534.9121879687418
 10
559.7016741577061
 20
535.0110867443764
 10
559.5038766064366
 20
535.0110867443764
 10
559.3060790551671
 20
535.208884295646
 10
559.2071802795324
 20
535.604479398185
 10
559.3060790551671
 20
535.8022769494546
 10
559.4049778308019
 20
535.9011757250893
 10
559.6027753820713
 20
536.0989732763589
 10
559.8994717089757
 20
536.1978720519937
 10
560.1961680358799
 20
536.1978720519937
 10
560.591763138419
 20
536.0989732763589
 10
562.2730423242101
 20
535.604479398185
 10
561.7785484460362
 20
536.9890622570717
  0
LWPOLYLINE
  5
311
330
1F
100
AcDbEntity
  8
PDF_Level 22
370
     9
100
AcDbPolyline
 90
       16
 70
     1
 43
0.0
 10
558.6137876257238
 20
537.1868598083413
 10
558.910483952628
 20
536.9890622570717
 10
559.3060790551671
 20
536.890163481437
 10
559.9983704846104
 20
536.9890622570717
 10
560.3939655871495
 20
537.1868598083413
 10
561.0862570165928
 20
537.4835561352456
 10
561.3829533434972
 20
537.7802524621499
 10
561.3829533434972
 20
538.1758475646889
 10
561.3829533434972
 20
538.3736451159584
 10
561.0862570165928
 20
538.5714426672279
 10
560.6906619140538
 20
538.6703414428628
 10
559.9983704846104
 20
538.5714426672279
 10
559.6027753820713
 20
538.3736451159584
 10
558.910483952628
 20
538.0769487890542
 10
558.6137876257238
 20
537.7802524621499
 10
558.6137876257238
 20
537.3846573596108
  0
LWPOLYLINE
  5
312
330
1F
100
AcDbEntity
  8
PDF_RICKLEE_COAXCABLE
370
     0
100
AcDbPolyline
 90
        2
 70
     0
 43
0.0
 10
559.4049778308019
 20
539.5604304235757
 10
558.2181925231846
 20
543.1207863464272
  0
LWPOLYLINE
  5
313
330
1F
100
AcDbEntity
  8
PDF_RICKLEE_COAXCABLE
370
     0
100
AcDbPolyline
 90
        2
 70
     0
 43
0.0
 10
557.6247998693761
 20
544.900964307853
 10
556.4380145617589
 20
548.4613202307043
  0
LWPOLYLINE
  5
314
330
1F
100
AcDbEntity
  8
PDF_RICKLEE_COAXCABLE
370
     0
100
AcDbPolyline
 90
        2
 70
     0
 43
0.0
 10
555.8446219079503
 20
550.2414981921301
 10
554.756735375968
 20
553.8018541149816
  0
LWPOLYLINE
  5
315
330
1F
100
AcDbEntity
  8
PDF_RICKLEE_COAXCABLE
370
     0
100
AcDbPolyline
 90
        2
 70
     0
 43
0.0
 10
554.1633427221594
 20
555.5820320764074
 10
552.9765574145422
 20
559.1423879992589
  0
LWPOLYLINE
  5
316
330
1F
100
AcDbEntity
  8
PDF_RICKLEE_COAXCABLE
370
     0
100
AcDbPolyline
 90
        2
 70
     0
 43
0.0
 10
552.3831647607336
 20
560.9225659606846
 10
551.1963794531165
 20
564.4829218835361
  0
LWPOLYLINE
  5
317
330
1F
100
AcDbEntity
  8
PDF_RICKLEE_COAXCABLE
370
     0
100
AcDbPolyline
 90
        2
 70
     0
 43
0.0
 10
550.6029867993079
 20
566.2630998449619
 10
549.4162014916907
 20
569.8234557678135
  0
LWPOLYLINE
  5
318
330
1F
100
AcDbEntity
  8
PDF_RICKLEE_COAXCABLE
370
     0
100
AcDbPolyline
 90
        2
 70
     0
 43
0.0
 10
629.9198048583887
 20
347.6968056921333
 10
627.9418293456934
 20
344.037550993647
  0
LWPOLYLINE
  5
319
330
1F
100
AcDbEntity
  8
PDF_RICKLEE_COAXCABLE
370
     0
100
AcDbPolyline
 90
        2
 70
     0
 43
0.0
 10
627.0517403649805
 20
342.3562718078561
 10
625.2715624035547
 20
339.0926122119088
  0
LWPOLYLINE
  5
31A
330
1F
100
AcDbEntity
  8
PDF_RICKLEE_COAXCABLE
370
     0
100
AcDbPolyline
 90
        2
 70
     0
 43
0.0
 10
624.3814734228419
 20
337.4113330261179
 10
622.6012954614161
 20
334.1476734301707
  0
LWPOLYLINE
  5
31B
330
1F
100
AcDbEntity
  8
PDF_RICKLEE_COAXCABLE
370
     0
100
AcDbPolyline
 90
        2
 70
     0
 43
0.0
 10
621.7112064807032
 20
332.4663942443796
 10
619.8321297436428
 20
329.2027346484324
  0
LWPOLYLINE
  5
31C
330
1F
100
AcDbEntity
  8
PDF_RICKLEE_COAXCABLE
370
     0
100
AcDbPolyline
 90
        2
 70
     0
 43
0.0
 10
618.9420407629299
 20
327.5214554626414
 10
617.1618628015042
 20
324.2577958666942
  0
LWPOLYLINE
  5
31D
330
1F
100
AcDbEntity
  8
PDF_RICKLEE_COAXCABLE
370
     0
100
AcDbPolyline
 90
        2
 70
     0
 43
0.0
 10
616.2717738207913
 20
322.675415456538
 10
614.4915958593655
 20
319.312857084956
  0
LWPOLYLINE
  5
31E
330
1F
100
AcDbEntity
  8
PDF_RICKLEE_COAXCABLE
370
     0
100
AcDbPolyline
 90
        2
 70
     0
 43
0.0
 10
613.6015068786526
 20
317.7304766747998
 10
611.8213289172269
 20
314.3679183032178
  0
LWPOLYLINE
  5
31F
330
1F
100
AcDbEntity
  8
PDF_RICKLEE_COAXCABLE
370
     0
100
AcDbPolyline
 90
        3
 70
     0
 43
0.0
 10
610.8323411608791
 20
312.7855378930616
 10
608.8543656481839
 20
309.1262831945753
 10
606.6785925842191
 20
305.07143339355
  0
CIRCLE
  5
320
330
1F
100
AcDbEntity
  8
PDF_Level 21
370
     9
100
AcDbCircle
 10
569.070245515585
 20
236.3941818160356
 30
0.0
 40
3.313143419555815
  0
LWPOLYLINE
  5
321
330
1F
100
AcDbEntity
  8
PDF_Level 21
370
     9
100
AcDbPolyline
 90
       14
 70
     0
 43
0.0
 10
568.1080700866612
 20
236.0400880004847
 10
567.9102725353916
 20
236.1389867761194
 10
567.7124749841221
 20
236.3367843273889
 10
567.7124749841221
 20
236.5345818786585
 10
567.6135762084872
 20
236.732379429928
 10
567.8113737597568
 20
237.127974532467
 10
568.1080700866612
 20
237.2268733081018
 10
568.2069688622958
 20
237.2268733081018
 10
568.5036651892001
 20
237.2268733081018
 10
568.8003615161045
 20
237.127974532467
 10
568.9981590673739
 20
236.8312782055627
 10
569.1959566186435
 20
236.4356831030237
 10
569.9871468237216
 20
234.9522014685022
 10
570.679438253165
 20
236.1389867761194
  0
LWPOLYLINE
  5
322
330
1F
100
AcDbEntity
  8
PDF_Level 22
370
     9
100
AcDbPolyline
 90
        8
 70
     1
 43
0.0
 10
565.8333982470615
 20
241.4795206603967
 10
563.7565239587315
 20
242.6663059680138
 10
561.4818521191319
 20
241.9740145385705
 10
560.2950668115147
 20
239.8971402502404
 10
560.9873582409581
 20
237.6224684106408
 10
563.0642325292881
 20
236.5345818786585
 10
565.3389043688877
 20
237.127974532467
 10
566.4267909008701
 20
239.2048488207971
  0
LWPOLYLINE
  5
323
330
1F
100
AcDbEntity
  8
PDF_Level 22
370
     9
100
AcDbPolyline
 90
       14
 70
     0
 43
0.0
 10
561.9763459973057
 20
238.6114561669885
 10
561.877447221671
 20
238.6114561669885
 10
561.6796496704014
 20
238.9081524938928
 10
561.5807508947667
 20
239.0070512695276
 10
561.5807508947667
 20
239.3037475964319
 10
561.7785484460362
 20
239.6004439233362
 10
561.9763459973057
 20
239.7982414746057
 10
562.1741435485753
 20
239.7982414746057
 10
562.4708398754795
 20
239.6993426989709
 10
562.7675362023839
 20
239.6004439233362
 10
562.8664349780186
 20
239.4026463720666
 10
563.1631313049228
 20
239.0070512695276
 10
563.8554227343662
 20
237.4246708593713
 10
564.5477141638095
 20
238.7103549426233
  0
LWPOLYLINE
  5
324
330
1F
100
AcDbEntity
  8
PDF_Level 22
370
     9
100
AcDbPolyline
 90
       16
 70
     1
 43
0.0
 10
562.6686374267491
 20
241.1828243334924
 10
562.5697386511143
 20
240.7872292309533
 10
562.8664349780186
 20
240.490532904049
 10
563.4598276318272
 20
239.9960390258752
 10
563.7565239587315
 20
239.7982414746057
 10
564.4488153881749
 20
239.6004439233362
 10
564.9433092663486
 20
239.6004439233362
 10
565.1411068176182
 20
239.7982414746057
 10
565.2400055932529
 20
239.9960390258752
 10
565.3389043688877
 20
240.2927353527795
 10
565.0422080419835
 20
240.6883304553185
 10
564.4488153881749
 20
241.0839255578576
 10
564.1521190612706
 20
241.2817231091271
 10
563.4598276318272
 20
241.5784194360314
 10
562.9653337536534
 20
241.5784194360314
 10
562.7675362023839
 20
241.3806218847619
  0
LWPOLYLINE
  5
325
330
1F
100
AcDbEntity
  8
PDF_Level 22
370
     9
100
AcDbPolyline
 90
        4
 70
     1
 43
0.0
 10
562.3719410998448
 20
243.6552937243615
 10
564.9433092663486
 20
248.5013337304649
 10
569.7893492724521
 20
245.8310667883263
 10
567.1190823303135
 20
240.9850267822228
  0
LWPOLYLINE
  5
326
330
1F
100
AcDbEntity
  8
PDF_Level 22
370
     9
100
AcDbPolyline
 90
        4
 70
     0
 43
0.0
 10
564.3499166125401
 20
243.457496173092
 10
564.3499166125401
 20
243.7541924999962
 10
564.1521190612706
 20
244.24868637817
 10
566.7234872277743
 20
242.8641035192834
  0
LWPOLYLINE
  5
327
330
1F
100
AcDbEntity
  8
PDF_Level 22
370
     9
100
AcDbPolyline
 90
        3
 70
     0
 43
0.0
 10
564.8444104907139
 20
245.4354716857872
 10
565.7344994714268
 20
247.0178520959434
 10
567.6135762084872
 20
244.5453827050743
  0
LWPOLYLINE
  5
328
330
1F
100
AcDbEntity
  8
PDF_Level 22
370
     9
100
AcDbPolyline
 90
        4
 70
     1
 43
0.0
 10
601.2391599243072
 20
314.1701207519483
 10
603.9094268664457
 20
319.0161607580517
 10
608.6565680969144
 20
316.3458938159131
 10
605.9863011547758
 20
311.4998538098096
  0
LWPOLYLINE
  5
329
330
1F
100
AcDbEntity
  8
PDF_Level 22
370
     9
100
AcDbPolyline
 90
       28
 70
     1
 43
0.0
 10
603.5138317639066
 20
315.7525011621045
 10
603.4149329882719
 20
315.2580072839307
 10
603.6127305395414
 20
315.0602097326611
 10
603.9094268664457
 20
314.9613109570264
 10
604.2061231933501
 20
314.8624121813916
 10
604.4039207446195
 20
315.0602097326611
 10
604.7995158471586
 20
315.4558048352002
 10
605.1951109496976
 20
315.7525011621045
 10
605.491807276602
 20
315.950298713374
 10
605.887402379141
 20
315.8513999377392
 10
606.1840987060453
 20
315.6536023864697
 10
606.3818962573147
 20
315.4558048352002
 10
606.4807950329496
 20
315.2580072839307
 10
606.3818962573147
 20
314.7635134057568
 10
606.0851999304105
 20
314.3679183032178
 10
605.7885036035062
 20
314.0712219763135
 10
605.5907060522367
 20
313.9723232006788
 10
605.2940097253324
 20
313.9723232006788
 10
604.8984146227934
 20
314.1701207519483
 10
604.7006170715238
 20
314.4668170788526
 10
604.6017182958891
 20
314.8624121813916
 10
604.7006170715238
 20
315.2580072839307
 10
604.7995158471586
 20
315.8513999377392
 10
604.8984146227934
 20
316.1480962646435
 10
604.7006170715238
 20
316.3458938159131
 10
604.4039207446195
 20
316.5436913671826
 10
604.1072244177152
 20
316.5436913671826
 10
603.8105280908109
 20
316.2469950402783
  0
LWPOLYLINE
  5
32A
330
1F
100
AcDbEntity
  8
PDF_Level 1
370
     9
100
AcDbPolyline
 90
        2
 70
     0
 43
0.0
 10
606.2829974816801
 20
317.7304766747998
 10
607.6675803405668
 20
320.1040472900341
  0
LWPOLYLINE
  5
32B
330
1F
100
AcDbEntity
  8
PDF_Level 1
370
     9
100
AcDbPolyline
 90
        2
 70
     0
 43
0.0
 10
605.6896048278714
 20
321.0930350463818
 10
609.645555853262
 20
319.0161607580517
  0
LWPOLYLINE
  5
32C
330
1F
100
AcDbEntity
  8
PDF_RICKLEE_COAXCABLE
370
     0
100
AcDbPolyline
 90
        2
 70
     0
 43
0.0
 10
542.7899835241616
 20
188.8653720227021
 10
541.8009957678139
 20
186.9862952856416
  0
LWPOLYLINE
  5
32D
330
1F
100
AcDbEntity
  8
PDF_RICKLEE_COAXCABLE
370
     0
100
AcDbPolyline
 90
        2
 70
     0
 43
0.0
 10
540.910906787101
 20
185.4039148754854
 10
539.1307288256752
 20
182.0413565039034
  0
LWPOLYLINE
  5
32E
330
1F
100
AcDbEntity
  8
PDF_RICKLEE_COAXCABLE
370
     0
100
AcDbPolyline
 90
        2
 70
     0
 43
0.0
 10
538.2406398449623
 20
180.4589760937472
 10
536.3615631079018
 20
177.0964177221652
  0
LWPOLYLINE
  5
32F
330
1F
100
AcDbEntity
  8
PDF_RICKLEE_COAXCABLE
370
     0
100
AcDbPolyline
 90
        2
 70
     0
 43
0.0
 10
535.471474127189
 20
175.514037312009
 10
533.6912961657632
 20
172.2503777160618
  0
LWPOLYLINE
  5
330
330
1F
100
AcDbEntity
  8
PDF_RICKLEE_COAXCABLE
370
     0
100
AcDbPolyline
 90
        2
 70
     0
 43
0.0
 10
532.8012071850503
 20
170.5690985302708
 10
531.0210292236246
 20
167.3054389343236
  0
LWPOLYLINE
  5
331
330
1F
100
AcDbEntity
  8
PDF_RICKLEE_COAXCABLE
370
     0
100
AcDbPolyline
 90
        2
 70
     0
 43
0.0
 10
530.1309402429117
 20
165.6241597485326
 10
528.350762281486
 20
162.3605001525854
  0
LWPOLYLINE
  5
332
330
1F
100
AcDbEntity
  8
PDF_RICKLEE_COAXCABLE
370
     0
100
AcDbPolyline
 90
        2
 70
     0
 43
0.0
 10
527.3617745251383
 20
160.6792209667944
 10
525.5815965637125
 20
157.4155613708471
  0
LWPOLYLINE
  5
333
330
1F
100
AcDbEntity
  8
PDF_RICKLEE_COAXCABLE
370
     0
100
AcDbPolyline
 90
        2
 70
     0
 43
0.0
 10
524.6915075829997
 20
155.7342821850562
 10
522.9113296215739
 20
152.470622589109
  0
LWPOLYLINE
  5
334
330
1F
100
AcDbEntity
  8
PDF_RICKLEE_COAXCABLE
370
     0
100
AcDbPolyline
 90
        2
 70
     0
 43
0.0
 10
522.0212406408611
 20
150.789343403318
 10
520.2410626794353
 20
147.5256838073707
  0
LWPOLYLINE
  5
335
330
1F
100
AcDbEntity
  8
PDF_RICKLEE_COAXCABLE
370
     0
100
AcDbPolyline
 90
        2
 70
     0
 43
0.0
 10
519.3509736987224
 20
145.8444046215797
 10
518.3619859423747
 20
144.064226660154
  0
LWPOLYLINE
  5
336
330
1F
100
AcDbEntity
  8
PDF_Level 22
370
     9
100
AcDbPolyline
 90
        8
 70
     1
 43
0.0
 10
546.5481369982825
 20
193.2169181506317
 10
544.4712627099525
 20
194.4037034582489
 10
542.1965908703529
 20
193.7114120288056
 10
541.1087043383705
 20
191.6345377404755
 10
541.7020969921791
 20
189.3598659008759
 10
543.7789712805091
 20
188.2719793688935
 10
546.0536431201087
 20
188.8653720227021
 10
547.2404284277258
 20
190.9422463110322
  0
LWPOLYLINE
  5
337
330
1F
100
AcDbEntity
  8
PDF_Level 22
370
     9
100
AcDbPolyline
 90
       14
 70
     0
 43
0.0
 10
542.7899835241616
 20
190.3488536572236
 10
542.592185972892
 20
190.3488536572236
 10
542.3943884216225
 20
190.6455499841279
 10
542.3943884216225
 20
190.7444487597627
 10
542.2954896459876
 20
191.041145086667
 10
542.4932871972572
 20
191.3378414135712
 10
542.7899835241616
 20
191.5356389648407
 10
542.8888822997962
 20
191.5356389648407
 10
543.1855786267005
 20
191.436740189206
 10
543.4822749536049
 20
191.3378414135712
 10
543.6800725048743
 20
191.1400438623017
 10
543.8778700561439
 20
190.7444487597627
 10
544.5701614855872
 20
189.1620683496064
 10
545.3613516906654
 20
190.4477524328584
  0
LWPOLYLINE
  5
338
330
1F
100
AcDbEntity
  8
PDF_Level 22
370
     9
100
AcDbPolyline
 90
       16
 70
     1
 43
0.0
 10
543.3833761779701
 20
192.9202218237275
 10
543.3833761779701
 20
192.6235254968232
 10
543.5811737292396
 20
192.2279303942841
 10
544.1745663830483
 20
191.7334365161103
 10
544.5701614855872
 20
191.5356389648407
 10
545.1635541393958
 20
191.3378414135712
 10
545.6580480175697
 20
191.3378414135712
 10
545.954744344474
 20
191.5356389648407
 10
546.0536431201087
 20
191.7334365161103
 10
546.0536431201087
 20
192.0301328430146
 10
545.7569467932044
 20
192.4257279455536
 10
545.2624529150305
 20
192.8213230480927
 10
544.8668578124916
 20
193.0191205993622
 10
544.1745663830483
 20
193.3158169262665
 10
543.7789712805091
 20
193.3158169262665
 10
543.4822749536049
 20
193.118019374997
  0
LWPOLYLINE
  5
339
330
1F
100
AcDbEntity
  8
PDF_Level 22
370
     9
100
AcDbPolyline
 90
        8
 70
     1
 43
0.0
 10
519.2520749230876
 20
143.3719352307107
 10
517.1752006347576
 20
144.459821762693
 10
514.900528795158
 20
143.8664291088845
 10
513.8126422631756
 20
141.7895548205544
 10
514.4060349169842
 20
139.5148829809549
 10
516.4829092053143
 20
138.3280976733377
 10
518.7575810449138
 20
139.020389102781
 10
519.9443663525309
 20
141.0972633911111
  0
LWPOLYLINE
  5
33A
330
1F
100
AcDbEntity
  8
PDF_Level 22
370
     9
100
AcDbPolyline
 90
        4
 70
     0
 43
0.0
 10
515.296123897697
 20
140.4049719616677
 10
515.296123897697
 20
140.701668288572
 10
515.0983263464276
 20
141.1961621667458
 10
517.5707957372967
 20
139.8115793078591
  0
LWPOLYLINE
  5
33B
330
1F
100
AcDbEntity
  8
PDF_Level 22
370
     9
100
AcDbPolyline
 90
        4
 70
     0
 43
0.0
 10
518.6586822692791
 20
141.6906560449197
 10
516.0873141027752
 20
143.0752389038064
 10
517.2740994103924
 20
141.1961621667458
 10
518.0652896154705
 20
142.5807450256325
  0
LWPOLYLINE
  5
33C
330
1F
100
AcDbEntity
  8
PDF_Level 22
370
     9
100
AcDbPolyline
 90
        4
 70
     1
 43
0.0
 10
517.7685932885662
 20
137.4380086926248
 10
515.1972251220623
 20
132.5919686865214
 10
510.3511851159589
 20
135.0644380773905
 10
512.823654506828
 20
140.0093768591287
  0
LWPOLYLINE
  5
33D
330
1F
100
AcDbEntity
  8
PDF_Level 22
370
     9
100
AcDbPolyline
 90
       28
 70
     1
 43
0.0
 10
515.4939214489665
 20
135.8556282824686
 10
515.4939214489665
 20
136.2512233850077
 10
515.3950226733318
 20
136.5479197119119
 10
515.0983263464276
 20
136.6468184875467
 10
514.8016300195234
 20
136.6468184875467
 10
514.504933692619
 20
136.4490209362771
 10
514.1093385900799
 20
136.0534258337381
 10
513.8126422631756
 20
135.7567295068338
 10
513.4170471606365
 20
135.6578307311991
 10
513.1203508337323
 20
135.6578307311991
 10
512.823654506828
 20
135.8556282824686
 10
512.6258569555584
 20
136.0534258337381
 10
512.5269581799236
 20
136.2512233850077
 10
512.6258569555584
 20
136.6468184875467
 10
512.823654506828
 20
137.2402111413553
 10
513.1203508337323
 20
137.5369074682596
 10
513.3181483850019
 20
137.5369074682596
 10
513.7137434875409
 20
137.5369074682596
 10
514.0104398144451
 20
137.33910991699
 10
514.2082373657147
 20
137.1413123657205
 10
514.3071361413494
 20
136.7457172631815
 10
514.3071361413494
 20
136.3501221606424
 10
514.1093385900799
 20
135.7567295068338
 10
514.1093385900799
 20
135.4600331799295
 10
514.3071361413494
 20
135.1633368530253
 10
514.6038324682538
 20
135.0644380773905
 10
514.900528795158
 20
135.0644380773905
 10
515.1972251220623
 20
135.3611344042948
  0
LWPOLYLINE
  5
33E
330
1F
100
AcDbEntity
  8
PDF_Level 1
370
     9
100
AcDbPolyline
 90
        2
 70
     0
 43
0.0
 10
512.7247557311932
 20
133.7787539941385
 10
511.5379704235761
 20
131.4051833789042
  0
LWPOLYLINE
  5
33F
330
1F
100
AcDbEntity
  8
PDF_Level 1
370
     9
100
AcDbPolyline
 90
        2
 70
     0
 43
0.0
 10
513.5159459362713
 20
130.4161956225566
 10
509.461096135246
 20
132.3941711352518
  0
LWPOLYLINE
  5
340
330
1F
100
AcDbEntity
  8
PDF_Level 21
370
     9
100
AcDbPolyline
 90
        5
 70
     0
 43
0.0
 10
742.1699152038459
 20
573.7794067932039
 10
745.3346760241584
 20
570.8124435241611
 10
741.2798262231331
 20
571.3069374023349
 10
744.8401821459846
 20
569.2300631140049
 10
740.5875347936897
 20
568.6366704601963
  0
LWPOLYLINE
  5
342
330
1F
100
AcDbEntity
  8
PDF_RICKLEE_COAXCABLE
370
     0
100
AcDbPolyline
 90
        3
 70
     0
 43
0.0
 10
750.7741086840704
 20
619.2728435851954
 10
751.763096440418
 20
622.6354019567775
 10
752.6531854211309
 20
625.5034664501856
  0
LWPOLYLINE
  5
343
330
1F
100
AcDbEntity
  8
PDF_RICKLEE_COAXCABLE
370
     0
100
AcDbPolyline
 90
        2
 70
     0
 43
0.0
 10
753.2465780749395
 20
627.2836444116113
 10
754.3344646069219
 20
630.8440003344628
  0
LWPOLYLINE
  5
344
330
1F
100
AcDbEntity
  8
PDF_RICKLEE_COAXCABLE
370
     0
100
AcDbPolyline
 90
        2
 70
     0
 43
0.0
 10
754.9278572607305
 20
632.6241782958886
 10
756.0157437927129
 20
636.1845342187401
  0
LWPOLYLINE
  5
345
330
1F
100
AcDbEntity
  8
PDF_RICKLEE_COAXCABLE
370
     0
100
AcDbPolyline
 90
        2
 70
     0
 43
0.0
 10
756.6091364465214
 20
637.9647121801659
 10
757.6970229785039
 20
641.6239668786521
  0
LWPOLYLINE
  5
346
330
1F
100
AcDbEntity
  8
PDF_RICKLEE_COAXCABLE
370
     0
100
AcDbPolyline
 90
        2
 70
     0
 43
0.0
 10
758.2904156323125
 20
643.4041448400779
 10
759.3783021642949
 20
646.9645007629294
  0
LWPOLYLINE
  5
347
330
1F
100
AcDbEntity
  8
PDF_RICKLEE_COAXCABLE
370
     0
100
AcDbPolyline
 90
        2
 70
     0
 43
0.0
 10
759.9716948181034
 20
648.7446787243552
 10
761.0595813500858
 20
652.3050346472067
  0
LWPOLYLINE
  5
348
330
1F
100
AcDbEntity
  8
PDF_RICKLEE_COAXCABLE
370
     0
100
AcDbPolyline
 90
        2
 70
     0
 43
0.0
 10
761.6529740038944
 20
654.0852126086324
 10
762.7408605358769
 20
657.6455685314839
  0
LWPOLYLINE
  5
349
330
1F
100
AcDbEntity
  8
PDF_RICKLEE_COAXCABLE
370
     0
100
AcDbPolyline
 90
        2
 70
     0
 43
0.0
 10
763.3342531896854
 20
659.4257464929097
 10
764.5210384973026
 20
663.085001191396
  0
LWPOLYLINE
  5
34A
330
1F
100
AcDbEntity
  8
PDF_RICKLEE_COAXCABLE
370
     0
100
AcDbPolyline
 90
        2
 70
     0
 43
0.0
 10
765.0155323754765
 20
664.8651791528217
 10
766.2023176830936
 20
668.4255350756732
  0
LWPOLYLINE
  5
34B
330
1F
100
AcDbEntity
  8
PDF_RICKLEE_COAXCABLE
370
     0
100
AcDbPolyline
 90
        2
 70
     0
 43
0.0
 10
766.6968115612673
 20
670.205713037099
 10
767.8835968688846
 20
673.7660689599505
  0
LWPOLYLINE
  5
34C
330
1F
100
AcDbEntity
  8
PDF_RICKLEE_COAXCABLE
370
     0
100
AcDbPolyline
 90
        3
 70
     0
 43
0.0
 10
768.3780907470584
 20
675.5462469213763
 10
769.2681797277713
 20
678.4143114147845
 10
770.0593699328494
 20
680.7878820300187
  0
LWPOLYLINE
  5
34D
330
1F
100
AcDbEntity
  8
PDF_RICKLEE_COAXCABLE
370
     0
100
AcDbPolyline
 90
        3
 70
     0
 43
0.0
 10
784.0040972973512
 20
725.4901286169321
 10
784.6963887267945
 20
727.8636992321665
 10
785.9820728100465
 20
731.9185490331918
  0
LWPOLYLINE
  5
34E
330
1F
100
AcDbEntity
  8
PDF_RICKLEE_COAXCABLE
370
     0
100
AcDbPolyline
 90
        2
 70
     0
 43
0.0
 10
786.575465463855
 20
733.6987269946176
 10
787.7622507714721
 20
737.3579816931038
  0
LWPOLYLINE
  5
34F
330
1F
100
AcDbEntity
  8
PDF_RICKLEE_COAXCABLE
370
     0
100
AcDbPolyline
 90
        2
 70
     0
 43
0.0
 10
788.2567446496461
 20
739.1381596545295
 10
789.4435299572632
 20
742.6985155773811
  0
LWPOLYLINE
  5
350
330
1F
100
AcDbEntity
  8
PDF_RICKLEE_COAXCABLE
370
     0
100
AcDbPolyline
 90
        2
 70
     0
 43
0.0
 10
789.9380238354369
 20
744.4786935388068
 10
791.1248091430542
 20
748.0390494616584
  0
LWPOLYLINE
  5
351
330
1F
100
AcDbEntity
  8
PDF_RICKLEE_COAXCABLE
370
     0
100
AcDbPolyline
 90
        2
 70
     0
 43
0.0
 10
791.7182017968627
 20
749.8192274230842
 10
792.8060883288451
 20
753.3795833459357
  0
LWPOLYLINE
  5
352
330
1F
100
AcDbEntity
  8
PDF_RICKLEE_COAXCABLE
370
     0
100
AcDbPolyline
 90
        2
 70
     0
 43
0.0
 10
793.3994809826537
 20
755.1597613073613
 10
794.4873675146362
 20
758.7201172302128
  0
LWPOLYLINE
  5
353
330
1F
100
AcDbEntity
  8
PDF_RICKLEE_COAXCABLE
370
     0
100
AcDbPolyline
 90
        2
 70
     0
 43
0.0
 10
795.0807601684447
 20
760.5991939672734
 10
796.1686467004271
 20
764.1595498901249
  0
LWPOLYLINE
  5
354
330
1F
100
AcDbEntity
  8
PDF_RICKLEE_COAXCABLE
370
     0
100
AcDbPolyline
 90
        2
 70
     0
 43
0.0
 10
796.7620393542357
 20
765.9397278515506
 10
797.849925886218
 20
769.5000837744021
  0
LWPOLYLINE
  5
355
330
1F
100
AcDbEntity
  8
PDF_RICKLEE_COAXCABLE
370
     0
100
AcDbPolyline
 90
        2
 70
     0
 43
0.0
 10
798.4433185400267
 20
771.2802617358279
 10
799.5312050720091
 20
774.8406176586794
  0
LWPOLYLINE
  5
356
330
1F
100
AcDbEntity
  8
PDF_RICKLEE_COAXCABLE
370
     0
100
AcDbPolyline
 90
        2
 70
     0
 43
0.0
 10
800.1245977258177
 20
776.6207956201052
 10
801.3113830334349
 20
780.1811515429567
  0
LWPOLYLINE
  5
357
330
1F
100
AcDbEntity
  8
PDF_RICKLEE_COAXCABLE
370
     0
100
AcDbPolyline
 90
        3
 70
     0
 43
0.0
 10
801.8058769116088
 20
782.0602282800172
 10
803.0915609948605
 20
786.1150780810425
 10
804.0805487512082
 20
789.0820413500854
  0
LWPOLYLINE
  5
358
330
1F
100
AcDbEntity
  8
PDF_RICKLEE_COAXCABLE
370
     0
100
AcDbPolyline
 90
        2
 70
     0
 43
0.0
 10
795.1796589440795
 20
785.8183817541382
 10
794.3884687390013
 20
783.1481148119997
  0
LWPOLYLINE
  5
359
330
1F
100
AcDbEntity
  8
PDF_RICKLEE_COAXCABLE
370
     0
100
AcDbPolyline
 90
        2
 70
     0
 43
0.0
 10
793.7950760851927
 20
781.3679368505739
 10
792.6082907775756
 20
777.7086821520875
  0
LWPOLYLINE
  5
35A
330
1F
100
AcDbEntity
  8
PDF_RICKLEE_COAXCABLE
370
     0
100
AcDbPolyline
 90
        2
 70
     0
 43
0.0
 10
792.1137968994018
 20
775.9285041906618
 10
790.9270115917847
 20
772.3681482678102
  0
LWPOLYLINE
  5
35B
330
1F
100
AcDbEntity
  8
PDF_RICKLEE_COAXCABLE
370
     0
100
AcDbPolyline
 90
        2
 70
     0
 43
0.0
 10
790.4325177136109
 20
770.5879703063845
 10
789.2457324059936
 20
767.027614383533
  0
LWPOLYLINE
  5
35C
330
1F
100
AcDbEntity
  8
PDF_RICKLEE_COAXCABLE
370
     0
100
AcDbPolyline
 90
        2
 70
     0
 43
0.0
 10
788.7512385278198
 20
765.2474364221072
 10
787.5644532202027
 20
761.6870804992558
  0
LWPOLYLINE
  5
35D
330
1F
100
AcDbEntity
  8
PDF_RICKLEE_COAXCABLE
370
     0
100
AcDbPolyline
 90
        2
 70
     0
 43
0.0
 10
787.0699593420288
 20
759.9069025378301
 10
785.8831740344117
 20
756.2476478393437
  0
LWPOLYLINE
  5
35E
330
1F
100
AcDbEntity
  8
PDF_RICKLEE_COAXCABLE
370
     0
100
AcDbPolyline
 90
        2
 70
     0
 43
0.0
 10
785.3886801562379
 20
754.4674698779179
 10
784.2018948486207
 20
750.9071139550664
  0
LWPOLYLINE
  5
35F
330
1F
100
AcDbEntity
  8
PDF_RICKLEE_COAXCABLE
370
     0
100
AcDbPolyline
 90
        2
 70
     0
 43
0.0
 10
783.7074009704468
 20
749.1269359936408
 10
782.5206156628297
 20
745.5665800707893
  0
LWPOLYLINE
  5
360
330
1F
100
AcDbEntity
  8
PDF_RICKLEE_COAXCABLE
370
     0
100
AcDbPolyline
 90
        2
 70
     0
 43
0.0
 10
782.0261217846558
 20
743.7864021093635
 10
780.8393364770387
 20
740.226046186512
  0
LWPOLYLINE
  5
361
330
1F
100
AcDbEntity
  8
PDF_RICKLEE_COAXCABLE
370
     0
100
AcDbPolyline
 90
        2
 70
     0
 43
0.0
 10
780.3448425988649
 20
738.4458682250862
 10
779.454753618152
 20
735.6767025073128
  0
LWPOLYLINE
  5
362
330
1F
100
AcDbEntity
  8
PDF_Level 22
370
     9
100
AcDbPolyline
 90
        8
 70
     1
 43
0.0
 10
735.7414947875862
 20
593.5591619201568
 10
733.5657217236214
 20
594.3503521252349
 10
731.3899486596566
 20
593.2624655932524
 10
730.6976572302133
 20
590.987793753653
 10
731.7855437621958
 20
588.9109194653229
 10
734.0602156017953
 20
588.1197292602449
 10
736.1370898901253
 20
589.2076157922272
 10
736.8293813195687
 20
591.4822876318267
  0
LWPOLYLINE
  5
363
330
1F
100
AcDbEntity
  8
PDF_Level 22
370
     9
100
AcDbPolyline
 90
        4
 70
     0
 43
0.0
 10
732.4778351916391
 20
589.9988059973053
 10
732.3789364160043
 20
590.2955023242096
 10
732.0822400891
 20
590.6910974267487
 10
734.8514058068734
 20
589.8010084460358
  0
LWPOLYLINE
  5
364
330
1F
100
AcDbEntity
  8
PDF_Level 22
370
     9
100
AcDbPolyline
 90
        3
 70
     0
 43
0.0
 10
732.4778351916391
 20
591.7789839587311
 10
732.873430294178
 20
593.1635668176178
 10
735.3458996850472
 20
591.2844900805573
  0
LWPOLYLINE
  5
365
330
1F
100
AcDbEntity
  8
PDF_Level 21
370
     9
100
AcDbPolyline
 90
        5
 70
     0
 43
0.0
 10
735.1481021337776
 20
587.1307415038971
 10
732.1811388647347
 20
583.9659806835847
 10
732.7745315185433
 20
588.1197292602449
 10
730.5987584545785
 20
584.5593733373934
 10
730.0053658007699
 20
588.8120206896882
  0
LWPOLYLINE
  5
367
330
1F
100
AcDbEntity
  8
PDF_RICKLEE_NODEDETAILS
370
    13
100
AcDbPolyline
 90
        2
 70
     0
 43
0.0
 10
414.9138666284115
 20
910.3319402783062
 10
472.2751564965746
 20
910.2330415026715
  0
LWPOLYLINE
  5
368
330
1F
100
AcDbEntity
  8
PDF_RICKLEE_NODEDETAILS
370
    13
100
AcDbPolyline
 90
        6
 70
     1
 43
0.0
 10
643.6667346716209
 20
592.3723766125397
 10
643.6667346716209
 20
585.5483610937409
 10
640.4030750756736
 20
592.3723766125397
 10
640.4030750756736
 20
585.5483610937409
 10
640.4030750756736
 20
592.3723766125397
 10
643.6667346716209
 20
585.5483610937409
  0
LWPOLYLINE
  5
369
330
1F
100
AcDbEntity
  8
PDF_RICKLEE_NODEDETAILS
370
    13
100
AcDbPolyline
 90
       20
 70
     1
 43
0.0
 10
646.930394267568
 20
592.3723766125397
 10
646.4359003893942
 20
592.0756802856353
 10
646.0403052868553
 20
591.383388856192
 10
645.7436089599509
 20
590.7899962023834
 10
645.5458114086813
 20
589.8010084460358
 10
645.5458114086813
 20
588.1197292602449
 10
645.7436089599509
 20
587.1307415038971
 10
645.9414065112205
 20
586.5373488500885
 10
646.4359003893942
 20
585.8450574206452
 10
646.930394267568
 20
585.5483610937409
 10
647.8204832482809
 20
585.5483610937409
 10
648.3149771264548
 20
585.8450574206452
 10
648.8094710046286
 20
586.5373488500885
 10
649.0072685558981
 20
587.1307415038971
 10
649.3039648828024
 20
588.1197292602449
 10
649.3039648828024
 20
589.8010084460358
 10
649.0072685558981
 20
590.7899962023834
 10
648.8094710046286
 20
591.383388856192
 10
648.3149771264548
 20
592.0756802856353
 10
647.8204832482809
 20
592.3723766125397
  0
LWPOLYLINE
  5
36A
330
1F
100
AcDbEntity
  8
PDF_RICKLEE_NODEDETAILS
370
    13
100
AcDbPolyline
 90
       12
 70
     1
 43
0.0
 10
650.6885477416891
 20
585.5483610937409
 10
650.6885477416891
 20
592.3723766125397
 10
652.2709281518453
 20
592.3723766125397
 10
652.9632195812887
 20
592.0756802856353
 10
653.4577134594625
 20
591.383388856192
 10
653.6555110107321
 20
590.7899962023834
 10
653.9522073376364
 20
589.8010084460358
 10
653.9522073376364
 20
588.1197292602449
 10
653.6555110107321
 20
587.1307415038971
 10
653.4577134594625
 20
586.5373488500885
 10
652.9632195812887
 20
585.8450574206452
 10
652.2709281518453
 20
585.5483610937409
  0
LWPOLYLINE
  5
36B
330
1F
100
AcDbEntity
  8
PDF_RICKLEE_NODEDETAILS
370
    13
100
AcDbPolyline
 90
        6
 70
     1
 43
0.0
 10
658.6004497924703
 20
585.5483610937409
 10
655.5345877477925
 20
585.5483610937409
 10
655.5345877477925
 20
592.3723766125397
 10
658.6004497924703
 20
592.3723766125397
 10
655.5345877477925
 20
592.3723766125397
 10
655.5345877477925
 20
585.5483610937409
  0
LWPOLYLINE
  5
36C
330
1F
100
AcDbEntity
  8
PDF_RICKLEE_NODEDETAILS
370
    13
100
AcDbPolyline
 90
        2
 70
     1
 43
0.0
 10
657.4136644848531
 20
589.1087170165924
 10
655.5345877477925
 20
589.1087170165924
  0
LWPOLYLINE
  5
36E
330
1F
100
AcDbEntity
  8
PDF_RICKLEE_NODEDETAILS
370
    13
100
AcDbPolyline
 90
        4
 70
     1
 43
0.0
 10
660.1828302026265
 20
590.0977047729401
 10
659.9850326513569
 20
589.8010084460358
 10
660.1828302026265
 20
589.4054133434967
 10
660.4795265295308
 20
589.8010084460358
  0
LWPOLYLINE
  5
36F
330
1F
100
AcDbEntity
  8
PDF_RICKLEE_NODEDETAILS
370
    13
100
AcDbPolyline
 90
        4
 70
     1
 43
0.0
 10
660.1828302026265
 20
586.1417537475495
 10
659.9850326513569
 20
585.8450574206452
 10
660.1828302026265
 20
585.5483610937409
 10
660.4795265295308
 20
585.8450574206452
  0
LWPOLYLINE
  5
370
330
1F
100
AcDbEntity
  8
PDF_RICKLEE_NODEDETAILS
370
    13
100
AcDbPolyline
 90
        4
 70
     1
 43
0.0
 10
666.3145542919818
 20
585.5483610937409
 10
663.4464897985736
 20
585.5483610937409
 10
663.4464897985736
 20
592.3723766125397
 10
663.4464897985736
 20
585.5483610937409
  0
LWPOLYLINE
  5
371
330
1F
100
AcDbEntity
  8
PDF_RICKLEE_NODEDETAILS
370
    13
100
AcDbPolyline
 90
       20
 70
     1
 43
0.0
 10
667.4024408239643
 20
588.8120206896882
 10
669.5782138879291
 20
588.8120206896882
 10
670.2705053173724
 20
589.1087170165924
 10
670.468302868642
 20
589.4054133434967
 10
670.6661004199114
 20
590.0977047729401
 10
670.6661004199114
 20
591.0866925292877
 10
670.468302868642
 20
591.6800851830963
 10
670.2705053173724
 20
592.0756802856353
 10
669.5782138879291
 20
592.3723766125397
 10
667.4024408239643
 20
592.3723766125397
 10
667.4024408239643
 20
585.5483610937409
 10
667.4024408239643
 20
592.3723766125397
 10
669.5782138879291
 20
592.3723766125397
 10
670.2705053173724
 20
592.0756802856353
 10
670.468302868642
 20
591.6800851830963
 10
670.6661004199114
 20
591.0866925292877
 10
670.6661004199114
 20
590.0977047729401
 10
670.468302868642
 20
589.4054133434967
 10
670.2705053173724
 20
589.1087170165924
 10
669.5782138879291
 20
588.8120206896882
  0
LWPOLYLINE
  5
372
330
1F
100
AcDbEntity
  8
PDF_RICKLEE_NODEDETAILS
370
    13
100
AcDbPolyline
 90
        4
 70
     1
 43
0.0
 10
676.1055330798235
 20
585.5483610937409
 10
674.2264563427631
 20
592.3723766125397
 10
672.3473796057024
 20
585.5483610937409
 10
674.2264563427631
 20
592.3723766125397
  0
LWPOLYLINE
  5
373
330
1F
100
AcDbEntity
  8
PDF_RICKLEE_NODEDETAILS
370
    13
100
AcDbPolyline
 90
        2
 70
     1
 43
0.0
 10
675.4132416503802
 20
587.8230329333405
 10
673.0396710351458
 20
587.8230329333405
  0
LWPOLYLINE
  5
374
330
1F
100
AcDbEntity
  8
PDF_RICKLEE_NODEDETAILS
370
    13
100
AcDbPolyline
 90
        6
 70
     1
 43
0.0
 10
678.6769012463273
 20
585.5483610937409
 10
678.6769012463273
 20
592.3723766125397
 10
677.984609816884
 20
591.383388856192
 10
677.4901159387102
 20
591.0866925292877
 10
677.984609816884
 20
591.383388856192
 10
678.6769012463273
 20
592.3723766125397
  0
LWPOLYLINE
  5
375
330
1F
100
AcDbEntity
  8
PDF_RICKLEE_NODEDETAILS
370
    13
100
AcDbPolyline
 90
        6
 70
     1
 43
0.0
 10
682.3361559448136
 20
585.5483610937409
 10
682.3361559448136
 20
592.3723766125397
 10
681.6438645153702
 20
591.383388856192
 10
681.2482694128313
 20
591.0866925292877
 10
681.6438645153702
 20
591.383388856192
 10
682.3361559448136
 20
592.3723766125397
  0
LWPOLYLINE
  5
376
330
1F
100
AcDbEntity
  8
PDF_RICKLEE_NODEDETAILS
370
    13
100
AcDbPolyline
 90
       32
 70
     1
 43
0.0
 10
684.9075241113175
 20
586.8340451769928
 10
685.2042204382217
 20
586.1417537475495
 10
685.4020179894913
 20
585.8450574206452
 10
686.0943094189346
 20
585.4494623181061
 10
686.786600848378
 20
585.4494623181061
 10
687.4788922778214
 20
585.8450574206452
 10
687.9733861559953
 20
586.4384500744538
 10
688.1711837072647
 20
587.4274378308014
 10
688.1711837072647
 20
588.1197292602449
 10
687.9733861559953
 20
589.1087170165924
 10
687.4788922778214
 20
589.7021096704009
 10
686.786600848378
 20
590.0977047729401
 10
686.0943094189346
 20
590.0977047729401
 10
685.4020179894913
 20
589.7021096704009
 10
685.2042204382217
 20
589.4054133434967
 10
685.4020179894913
 20
592.3723766125397
 10
687.7755886047257
 20
592.3723766125397
 10
685.4020179894913
 20
592.3723766125397
 10
685.2042204382217
 20
589.4054133434967
 10
685.4020179894913
 20
589.7021096704009
 10
686.0943094189346
 20
590.0977047729401
 10
686.786600848378
 20
590.0977047729401
 10
687.4788922778214
 20
589.7021096704009
 10
687.9733861559953
 20
589.1087170165924
 10
688.1711837072647
 20
588.1197292602449
 10
688.1711837072647
 20
587.4274378308014
 10
687.9733861559953
 20
586.4384500744538
 10
687.4788922778214
 20
585.8450574206452
 10
686.786600848378
 20
585.4494623181061
 10
686.0943094189346
 20
585.4494623181061
 10
685.4020179894913
 20
585.8450574206452
 10
685.2042204382217
 20
586.1417537475495
  0
LWPOLYLINE
  5
377
330
1F
100
AcDbEntity
  8
PDF_RICKLEE_NODEDETAILS
370
    13
100
AcDbPolyline
 90
        2
 70
     0
 43
0.0
 10
635.0625411913965
 20
583.1747904785065
 10
692.5227298351943
 20
583.1747904785065
  0
LWPOLYLINE
  5
378
330
1F
100
AcDbEntity
  8
PDF_RICKLEE_NODEDETAILS
370
    13
100
AcDbPolyline
 90
       11
 70
     0
 43
0.0
 10
650.1940538635153
 20
576.3507749597079
 10
650.1940538635153
 20
580.2078272094637
 10
651.4797379467673
 20
580.2078272094637
 10
651.8753330493062
 20
580.1089284338289
 10
651.974231824941
 20
579.9111308825594
 10
652.1720293762106
 20
579.5155357800203
 10
652.1720293762106
 20
578.9221431262117
 10
651.974231824941
 20
578.5265480236727
 10
651.8753330493062
 20
578.4276492480379
 10
651.4797379467673
 20
578.2298516967683
 10
650.1940538635153
 20
578.2298516967683
  0
LWPOLYLINE
  5
379
330
1F
100
AcDbEntity
  8
PDF_RICKLEE_NODEDETAILS
370
    13
100
AcDbPolyline
 90
       20
 70
     0
 43
0.0
 10
655.0400938696188
 20
579.7133333312898
 10
654.8422963183492
 20
580.1089284338289
 10
654.3478024401754
 20
580.2078272094637
 10
653.8533085620017
 20
580.2078272094637
 10
653.3588146838277
 20
580.1089284338289
 10
653.1610171325582
 20
579.7133333312898
 10
653.1610171325582
 20
579.3177382287508
 10
653.2599159081931
 20
578.9221431262117
 10
653.3588146838277
 20
578.7243455749423
 10
653.6555110107321
 20
578.5265480236727
 10
654.545599991445
 20
578.2298516967683
 10
654.8422963183492
 20
578.0320541454989
 10
654.9411950939839
 20
577.8342565942294
 10
655.0400938696188
 20
577.4386614916902
 10
655.0400938696188
 20
576.8452688378816
 10
654.8422963183492
 20
576.5485725109774
 10
654.3478024401754
 20
576.3507749597079
 10
653.8533085620017
 20
576.3507749597079
 10
653.3588146838277
 20
576.5485725109774
 10
653.1610171325582
 20
576.8452688378816
  0
LWPOLYLINE
  5
37A
330
1F
100
AcDbEntity
  8
PDF_RICKLEE_NODEDETAILS
370
    13
100
AcDbPolyline
 90
        2
 70
     0
 43
0.0
 10
657.0180693823139
 20
580.2078272094637
 10
656.0290816259664
 20
575.0650908764559
  0
LWPOLYLINE
  5
37B
330
1F
100
AcDbEntity
  8
PDF_RICKLEE_NODEDETAILS
370
    13
100
AcDbPolyline
 90
        2
 70
     0
 43
0.0
 10
657.9081583630269
 20
580.2078272094637
 10
656.9191706066793
 20
575.0650908764559
  0
LWPOLYLINE
  5
37C
330
1F
100
AcDbEntity
  8
PDF_RICKLEE_NODEDETAILS
370
    13
100
AcDbPolyline
 90
        2
 70
     0
 43
0.0
 10
656.0290816259664
 20
578.2298516967683
 10
658.0070571386617
 20
578.2298516967683
  0
LWPOLYLINE
  5
37D
330
1F
100
AcDbEntity
  8
PDF_RICKLEE_NODEDETAILS
370
    13
100
AcDbPolyline
 90
        2
 70
     0
 43
0.0
 10
655.9301828503317
 20
577.0430663891512
 10
657.9081583630269
 20
577.0430663891512
  0
LWPOLYLINE
  5
37E
330
1F
100
AcDbEntity
  8
PDF_RICKLEE_NODEDETAILS
370
    13
100
AcDbPolyline
 90
        4
 70
     1
 43
0.0
 10
658.699348568105
 20
578.9221431262117
 10
658.6004497924703
 20
578.7243455749423
 10
658.699348568105
 20
578.5265480236727
 10
658.8971461193746
 20
578.7243455749423
  0
LWPOLYLINE
  5
37F
330
1F
100
AcDbEntity
  8
PDF_RICKLEE_NODEDETAILS
370
    13
100
AcDbPolyline
 90
        4
 70
     1
 43
0.0
 10
658.699348568105
 20
576.7463700622469
 10
658.6004497924703
 20
576.5485725109774
 10
658.699348568105
 20
576.3507749597079
 10
658.8971461193746
 20
576.5485725109774
  0
LWPOLYLINE
  5
380
330
1F
100
AcDbEntity
  8
PDF_RICKLEE_NODEDETAILS
370
    13
100
AcDbPolyline
 90
        3
 70
     0
 43
0.0
 10
660.6773240808003
 20
580.2078272094637
 10
660.6773240808003
 20
576.3507749597079
 10
662.3586032665913
 20
576.3507749597079
  0
LWPOLYLINE
  5
381
330
1F
100
AcDbEntity
  8
PDF_RICKLEE_NODEDETAILS
370
    13
100
AcDbPolyline
 90
       11
 70
     0
 43
0.0
 10
663.0508946960347
 20
576.3507749597079
 10
663.0508946960347
 20
580.2078272094637
 10
664.3365787792865
 20
580.2078272094637
 10
664.7321738818257
 20
580.0100296581941
 10
664.8310726574605
 20
579.8122321069246
 10
665.0288702087299
 20
579.5155357800203
 10
665.0288702087299
 20
578.9221431262117
 10
664.8310726574605
 20
578.5265480236727
 10
664.7321738818257
 20
578.3287504724031
 10
664.3365787792865
 20
578.2298516967683
 10
663.0508946960347
 20
578.2298516967683
  0
LWPOLYLINE
  5
382
330
1F
100
AcDbEntity
  8
PDF_RICKLEE_NODEDETAILS
370
    13
100
AcDbPolyline
 90
        3
 70
     0
 43
0.0
 10
666.0178579650776
 20
576.3507749597079
 10
667.10574449706
 20
580.2078272094637
 10
668.1936310290424
 20
576.3507749597079
  0
LWPOLYLINE
  5
383
330
1F
100
AcDbEntity
  8
PDF_RICKLEE_NODEDETAILS
370
    13
100
AcDbPolyline
 90
        2
 70
     0
 43
0.0
 10
666.4134530676165
 20
577.6364590429598
 10
667.7980359265033
 20
577.6364590429598
  0
LWPOLYLINE
  5
384
330
1F
100
AcDbEntity
  8
PDF_RICKLEE_NODEDETAILS
370
    13
100
AcDbPolyline
 90
        4
 70
     0
 43
0.0
 10
669.0837200097553
 20
579.5155357800203
 10
669.3804163366595
 20
579.7133333312898
 10
669.7760114391987
 20
580.2078272094637
 10
669.7760114391987
 20
576.3507749597079
  0
LWPOLYLINE
  5
385
330
1F
100
AcDbEntity
  8
PDF_RICKLEE_NODEDETAILS
370
    13
100
AcDbPolyline
 90
        4
 70
     0
 43
0.0
 10
671.2594930737201
 20
579.5155357800203
 10
671.5561894006243
 20
579.7133333312898
 10
672.0506832787982
 20
580.2078272094637
 10
672.0506832787982
 20
576.3507749597079
  0
LWPOLYLINE
  5
386
330
1F
100
AcDbEntity
  8
PDF_RICKLEE_NODEDETAILS
370
    13
100
AcDbPolyline
 90
       17
 70
     0
 43
0.0
 10
675.2154440991106
 20
580.2078272094637
 10
673.8308612402239
 20
580.2078272094637
 10
673.7319624645891
 20
578.5265480236727
 10
673.8308612402239
 20
578.7243455749423
 10
674.2264563427631
 20
578.9221431262117
 10
674.622051445302
 20
578.9221431262117
 10
675.1165453234758
 20
578.7243455749423
 10
675.3143428747454
 20
578.3287504724031
 10
675.5121404260149
 20
577.8342565942294
 10
675.5121404260149
 20
577.4386614916902
 10
675.3143428747454
 20
576.8452688378816
 10
675.1165453234758
 20
576.4496737353426
 10
674.622051445302
 20
576.3507749597079
 10
674.2264563427631
 20
576.3507749597079
 10
673.8308612402239
 20
576.4496737353426
 10
673.6330636889544
 20
576.6474712866121
 10
673.5341649133196
 20
577.0430663891512
  0
LWPOLYLINE
  5
387
330
1F
100
AcDbEntity
  8
PDF_RICKLEE_NODEDETAILS
370
    13
100
AcDbPolyline
 90
        3
 70
     0
 43
0.0
 10
676.3033306310931
 20
576.3507749597079
 10
677.4901159387102
 20
580.2078272094637
 10
678.5780024706927
 20
576.251876184073
  0
LWPOLYLINE
  5
388
330
1F
100
AcDbEntity
  8
PDF_RICKLEE_NODEDETAILS
370
    13
100
AcDbPolyline
 90
        2
 70
     0
 43
0.0
 10
676.7978245092669
 20
577.6364590429598
 10
678.1824073681535
 20
577.6364590429598
  0
LWPOLYLINE
  5
389
330
1F
100
AcDbEntity
  8
PDF_RICKLEE_NODEDETAILS
370
    13
100
AcDbPolyline
 90
       11
 70
     0
 43
0.0
 10
429.9464805248957
 20
903.4090259838727
 10
429.9464805248957
 20
907.3649770092632
 10
431.2321646081476
 20
907.3649770092632
 10
431.6277597106867
 20
907.1671794579938
 10
431.8255572619562
 20
906.9693819067243
 10
431.9244560375909
 20
906.5737868041852
 10
431.9244560375909
 20
906.0792929260113
 10
431.8255572619562
 20
905.6836978234724
 10
431.6277597106867
 20
905.4859002722027
 10
431.2321646081476
 20
905.2881027209332
 10
429.9464805248957
 20
905.2881027209332
  0
LWPOLYLINE
  5
38A
330
1F
100
AcDbEntity
  8
PDF_RICKLEE_NODEDETAILS
370
    13
100
AcDbPolyline
 90
       20
 70
     0
 43
0.0
 10
434.8914193066339
 20
906.7715843554546
 10
434.5947229797296
 20
907.1671794579938
 10
434.1991278771906
 20
907.3649770092632
 10
433.605735223382
 20
907.3649770092632
 10
433.2101401208429
 20
907.1671794579938
 10
432.9134437939385
 20
906.7715843554546
 10
432.9134437939385
 20
906.3759892529157
 10
433.0123425695734
 20
906.0792929260113
 10
433.2101401208429
 20
905.8814953747418
 10
433.5068364477471
 20
905.6836978234724
 10
434.2980266528253
 20
905.2881027209332
 10
434.5947229797296
 20
905.0903051696638
 10
434.6936217553643
 20
904.8925076183943
 10
434.8914193066339
 20
904.5958112914899
 10
434.8914193066339
 20
904.0024186376813
 10
434.5947229797296
 20
903.6068235351423
 10
434.1991278771906
 20
903.4090259838727
 10
433.605735223382
 20
903.4090259838727
 10
433.2101401208429
 20
903.6068235351423
 10
432.9134437939385
 20
904.0024186376813
  0
LWPOLYLINE
  5
38B
330
1F
100
AcDbEntity
  8
PDF_RICKLEE_NODEDETAILS
370
    13
100
AcDbPolyline
 90
        2
 70
     0
 43
0.0
 10
436.8693948193292
 20
907.3649770092632
 10
435.8804070629815
 20
902.1233419006208
  0
LWPOLYLINE
  5
38C
330
1F
100
AcDbEntity
  8
PDF_RICKLEE_NODEDETAILS
370
    13
100
AcDbPolyline
 90
        2
 70
     0
 43
0.0
 10
437.6605850244073
 20
907.3649770092632
 10
436.6715972680596
 20
902.1233419006208
  0
LWPOLYLINE
  5
38D
330
1F
100
AcDbEntity
  8
PDF_RICKLEE_NODEDETAILS
370
    13
100
AcDbPolyline
 90
        2
 70
     0
 43
0.0
 10
435.8804070629815
 20
905.2881027209332
 10
437.8583825756768
 20
905.2881027209332
  0
LWPOLYLINE
  5
38E
330
1F
100
AcDbEntity
  8
PDF_RICKLEE_NODEDETAILS
370
    13
100
AcDbPolyline
 90
        2
 70
     0
 43
0.0
 10
435.682609511712
 20
904.2002161889509
 10
437.6605850244073
 20
904.2002161889509
  0
LWPOLYLINE
  5
38F
330
1F
100
AcDbEntity
  8
PDF_RICKLEE_NODEDETAILS
370
    13
100
AcDbPolyline
 90
        4
 70
     1
 43
0.0
 10
438.5506740051202
 20
906.0792929260113
 10
438.3528764538506
 20
905.8814953747418
 10
438.5506740051202
 20
905.6836978234724
 10
438.6495727807549
 20
905.8814953747418
  0
LWPOLYLINE
  5
390
330
1F
100
AcDbEntity
  8
PDF_RICKLEE_NODEDETAILS
370
    13
100
AcDbPolyline
 90
        4
 70
     1
 43
0.0
 10
438.5506740051202
 20
903.8046210864118
 10
438.3528764538506
 20
903.6068235351423
 10
438.5506740051202
 20
903.4090259838727
 10
438.6495727807549
 20
903.6068235351423
  0
LWPOLYLINE
  5
391
330
1F
100
AcDbEntity
  8
PDF_RICKLEE_NODEDETAILS
370
    13
100
AcDbPolyline
 90
        3
 70
     0
 43
0.0
 10
440.4297507421807
 20
907.3649770092632
 10
440.4297507421807
 20
903.4090259838727
 10
442.1110299279717
 20
903.4090259838727
  0
LWPOLYLINE
  5
392
330
1F
100
AcDbEntity
  8
PDF_RICKLEE_NODEDETAILS
370
    13
100
AcDbPolyline
 90
       11
 70
     0
 43
0.0
 10
442.803321357415
 20
903.4090259838727
 10
442.9022201330497
 20
907.3649770092632
 10
444.0890054406669
 20
907.3649770092632
 10
444.484600543206
 20
907.1671794579938
 10
444.6823980944755
 20
906.9693819067243
 10
444.7812968701103
 20
906.5737868041852
 10
444.7812968701103
 20
905.9803941503766
 10
444.6823980944755
 20
905.6836978234724
 10
444.484600543206
 20
905.4859002722027
 10
444.0890054406669
 20
905.2881027209332
 10
442.803321357415
 20
905.2881027209332
  0
LWPOLYLINE
  5
393
330
1F
100
AcDbEntity
  8
PDF_RICKLEE_NODEDETAILS
370
    13
100
AcDbPolyline
 90
        3
 70
     0
 43
0.0
 10
445.7702846264579
 20
903.4090259838727
 10
446.9570699340751
 20
907.3649770092632
 10
448.0449564660575
 20
903.4090259838727
  0
LWPOLYLINE
  5
394
330
1F
100
AcDbEntity
  8
PDF_RICKLEE_NODEDETAILS
370
    13
100
AcDbPolyline
 90
        2
 70
     0
 43
0.0
 10
446.1658797289969
 20
904.6947100671246
 10
447.6493613635184
 20
904.6947100671246
  0
LWPOLYLINE
  5
395
330
1F
100
AcDbEntity
  8
PDF_RICKLEE_NODEDETAILS
370
    13
100
AcDbPolyline
 90
        4
 70
     0
 43
0.0
 10
448.8361466711356
 20
906.5737868041852
 10
449.1328429980399
 20
906.7715843554546
 10
449.5284381005789
 20
907.3649770092632
 10
449.5284381005789
 20
903.4090259838727
  0
LWPOLYLINE
  5
396
330
1F
100
AcDbEntity
  8
PDF_RICKLEE_NODEDETAILS
370
    13
100
AcDbPolyline
 90
        4
 70
     0
 43
0.0
 10
451.1108185107352
 20
906.5737868041852
 10
451.4075148376394
 20
906.7715843554546
 10
451.8031099401786
 20
907.3649770092632
 10
451.8031099401786
 20
903.4090259838727
  0
LWPOLYLINE
  5
397
330
1F
100
AcDbEntity
  8
PDF_RICKLEE_NODEDETAILS
370
    13
100
AcDbPolyline
 90
       28
 70
     1
 43
0.0
 10
454.0777817797781
 20
907.3649770092632
 10
453.5832879016043
 20
907.1671794579938
 10
453.4843891259695
 20
906.7715843554546
 10
453.4843891259695
 20
906.3759892529157
 10
453.5832879016043
 20
905.9803941503766
 10
453.8799842285086
 20
905.7825965991071
 10
454.4733768823172
 20
905.6836978234724
 10
454.8689719848562
 20
905.4859002722027
 10
455.1656683117605
 20
905.0903051696638
 10
455.2645670873953
 20
904.6947100671246
 10
455.2645670873953
 20
904.101317413316
 10
455.1656683117605
 20
903.8046210864118
 10
455.0667695361258
 20
903.6068235351423
 10
454.5722756579519
 20
903.4090259838727
 10
454.0777817797781
 20
903.4090259838727
 10
453.5832879016043
 20
903.6068235351423
 10
453.4843891259695
 20
903.8046210864118
 10
453.3854903503348
 20
904.101317413316
 10
453.3854903503348
 20
904.6947100671246
 10
453.4843891259695
 20
905.0903051696638
 10
453.7810854528738
 20
905.4859002722027
 10
454.1766805554129
 20
905.6836978234724
 10
454.7700732092215
 20
905.7825965991071
 10
455.0667695361258
 20
905.9803941503766
 10
455.1656683117605
 20
906.3759892529157
 10
455.1656683117605
 20
906.7715843554546
 10
455.0667695361258
 20
907.1671794579938
 10
454.5722756579519
 20
907.3649770092632
  0
LWPOLYLINE
  5
398
330
1F
100
AcDbEntity
  8
PDF_RICKLEE_NODEDETAILS
370
    13
100
AcDbPolyline
 90
        3
 70
     0
 43
0.0
 10
456.1546560681081
 20
903.4090259838727
 10
457.2425426000905
 20
907.2660782336285
 10
458.330429132073
 20
903.4090259838727
  0
LWPOLYLINE
  5
399
330
1F
100
AcDbEntity
  8
PDF_RICKLEE_NODEDETAILS
370
    13
100
AcDbPolyline
 90
        2
 70
     0
 43
0.0
 10
456.5502511706472
 20
904.6947100671246
 10
457.9348340295338
 20
904.6947100671246
  0
LWPOLYLINE
  5
39A
330
1F
100
AcDbEntity
  8
PDF_RICKLEE_COAXCABLE
370
     0
100
AcDbPolyline
 90
        2
 70
     0
 43
0.0
 10
663.743186125478
 20
400.3109543298277
 10
667.0068457214252
 20
398.530776368402
  0
LWPOLYLINE
  5
39B
330
1F
100
AcDbEntity
  8
PDF_RICKLEE_COAXCABLE
370
     0
100
AcDbPolyline
 90
        2
 70
     0
 43
0.0
 10
666.2156555163472
 20
396.9483959582459
 10
664.4354775549214
 20
393.6847363622986
  0
LWPOLYLINE
  5
39C
330
1F
100
AcDbEntity
  8
PDF_RICKLEE_COAXCABLE
370
     0
100
AcDbPolyline
 90
        2
 70
     0
 43
0.0
 10
663.5453885742085
 20
392.0034571765076
 10
661.7652106127827
 20
388.6408988049256
  0
LWPOLYLINE
  5
39D
330
1F
100
AcDbEntity
  8
PDF_RICKLEE_COAXCABLE
370
     0
100
AcDbPolyline
 90
        2
 70
     0
 43
0.0
 10
660.8751216320698
 20
387.0585183947694
 10
659.094943670644
 20
383.6959600231874
  0
LWPOLYLINE
  5
39E
330
1F
100
AcDbEntity
  8
PDF_RICKLEE_COAXCABLE
370
     0
100
AcDbPolyline
 90
        2
 70
     0
 43
0.0
 10
657.5125632604879
 20
384.3882514526308
 10
654.1500048889059
 20
386.0695306384218
  0
LWPOLYLINE
  5
39F
330
1F
100
AcDbEntity
  8
PDF_RICKLEE_COAXCABLE
370
     0
100
AcDbPolyline
 90
        3
 70
     0
 43
0.0
 10
652.4687257031149
 20
386.8607208434999
 10
651.7764342736716
 20
387.256315946039
 10
650.3918514147849
 20
384.5860490039003
  0
LWPOLYLINE
  5
3A0
330
1F
100
AcDbEntity
  8
PDF_RICKLEE_COAXCABLE
370
     0
100
AcDbPolyline
 90
        3
 70
     0
 43
0.0
 10
653.7544097863668
 20
396.1572057531677
 10
652.8643208056539
 20
394.5748253430115
 10
652.1720293762106
 20
394.9704204455505
  0
LWPOLYLINE
  5
3A1
330
1F
100
AcDbEntity
  8
PDF_RICKLEE_COAXCABLE
370
     0
100
AcDbPolyline
 90
        3
 70
     0
 43
0.0
 10
650.5896489660544
 20
395.8605094262635
 10
649.2050661071677
 20
396.5528008557068
 10
650.3918514147849
 20
398.530776368402
  0
LWPOLYLINE
  5
3A2
330
1F
100
AcDbEntity
  8
PDF_RICKLEE_COAXCABLE
370
     0
100
AcDbPolyline
 90
        2
 70
     0
 43
0.0
 10
651.2819403954977
 20
400.212055554193
 10
653.0621183569235
 20
403.4757151501402
  0
LWPOLYLINE
  5
3A3
330
1F
100
AcDbEntity
  8
PDF_RICKLEE_COAXCABLE
370
     0
100
AcDbPolyline
 90
        2
 70
     0
 43
0.0
 10
653.9522073376364
 20
405.0580955602964
 10
655.8312840746968
 20
408.3217551562436
  0
LWPOLYLINE
  5
3A4
330
1F
100
AcDbEntity
  8
PDF_RICKLEE_COAXCABLE
370
     0
100
AcDbPolyline
 90
        2
 70
     0
 43
0.0
 10
656.7213730554097
 20
410.0030343420347
 10
658.5015510168354
 20
413.2666939379818
  0
LWPOLYLINE
  5
3A5
330
1F
100
AcDbEntity
  8
PDF_RICKLEE_COAXCABLE
370
     0
100
AcDbPolyline
 90
        2
 70
     0
 43
0.0
 10
659.3916399975483
 20
414.9479731237729
 10
661.2707167346088
 20
418.2116327197201
  0
LWPOLYLINE
  5
3A6
330
1F
100
AcDbEntity
  8
PDF_RICKLEE_COAXCABLE
370
     0
100
AcDbPolyline
 90
        2
 70
     0
 43
0.0
 10
662.1608057153217
 20
419.8929119055111
 10
663.9409836767476
 20
423.1565715014583
  0
LWPOLYLINE
  5
3A7
330
1F
100
AcDbEntity
  8
PDF_RICKLEE_COAXCABLE
370
     0
100
AcDbPolyline
 90
        2
 70
     0
 43
0.0
 10
664.8310726574605
 20
424.7389519116145
 10
666.7101493945209
 20
428.1015102831965
  0
LWPOLYLINE
  5
3A8
330
1F
100
AcDbEntity
  8
PDF_RICKLEE_COAXCABLE
370
     0
100
AcDbPolyline
 90
        2
 70
     0
 43
0.0
 10
667.6002383752338
 20
429.6838906933527
 10
669.3804163366595
 20
432.9475502892999
  0
LWPOLYLINE
  5
3A9
330
1F
100
AcDbEntity
  8
PDF_RICKLEE_COAXCABLE
370
     0
100
AcDbPolyline
 90
        2
 70
     0
 43
0.0
 10
670.2705053173724
 20
434.6288294750909
 10
672.1495820544329
 20
437.8924890710381
  0
LWPOLYLINE
  5
3AA
330
1F
100
AcDbEntity
  8
PDF_RICKLEE_COAXCABLE
370
     0
100
AcDbPolyline
 90
        2
 70
     0
 43
0.0
 10
673.0396710351458
 20
439.5737682568292
 10
674.8198489965716
 20
442.8374278527764
  0
LWPOLYLINE
  5
3AB
330
1F
100
AcDbEntity
  8
PDF_RICKLEE_COAXCABLE
370
     0
100
AcDbPolyline
 90
        2
 70
     0
 43
0.0
 10
675.8088367529191
 20
444.4198082629325
 10
677.5890147143449
 20
447.7823666345146
  0
LWPOLYLINE
  5
3AC
330
1F
100
AcDbEntity
  8
PDF_RICKLEE_COAXCABLE
370
     0
100
AcDbPolyline
 90
        2
 70
     0
 43
0.0
 10
678.4791036950579
 20
449.3647470446708
 10
680.2592816564835
 20
452.6284066406179
  0
LWPOLYLINE
  5
3AD
330
1F
100
AcDbEntity
  8
PDF_RICKLEE_COAXCABLE
370
     0
100
AcDbPolyline
 90
        2
 70
     0
 43
0.0
 10
681.2482694128313
 20
454.309685826409
 10
683.028447374257
 20
457.5733454223562
  0
LWPOLYLINE
  5
3AE
330
1F
100
AcDbEntity
  8
PDF_RICKLEE_COAXCABLE
370
     0
100
AcDbPolyline
 90
        2
 70
     0
 43
0.0
 10
683.9185363549699
 20
459.2546246081472
 10
685.2042204382217
 20
461.5292964477467
  0
LWPOLYLINE
  5
3AF
330
1F
100
AcDbEntity
  8
PDF_Level 35
 62
     7
370
     9
100
AcDbPolyline
 90
        2
 70
     0
 43
0.0
 10
739.4996482617073
 20
581.6913088439851
 10
738.4117617297249
 20
583.5703855810456
  0
LWPOLYLINE
  5
3B0
330
1F
100
AcDbEntity
  8
PDF_Level 35
 62
     7
370
     9
100
AcDbPolyline
 90
        2
 70
     0
 43
0.0
 10
739.4007494860725
 20
581.5924100683504
 10
738.3128629540902
 20
583.4714868054109
  0
LWPOLYLINE
  5
3B1
330
1F
100
AcDbEntity
  8
PDF_Level 35
 62
     7
370
     9
100
AcDbPolyline
 90
        2
 70
     0
 43
0.0
 10
739.2029519348031
 20
581.5924100683504
 10
738.2139641784553
 20
583.2736892541413
  0
LWPOLYLINE
  5
3B2
330
1F
100
AcDbEntity
  8
PDF_Level 35
 62
     7
370
     9
100
AcDbPolyline
 90
        4
 70
     1
 43
0.0
 10
738.1150654028206
 20
583.0758917028719
 10
739.3018507104377
 20
583.7681831323152
 10
740.1919396911506
 20
582.2847014977937
 10
739.0051543835335
 20
581.5924100683504
  0
LWPOLYLINE
  5
3B3
330
1F
100
AcDbEntity
  8
PDF_Level 35
 62
     7
370
     9
100
AcDbPolyline
 90
        5
 70
     0
 43
0.0
 10
740.1919396911506
 20
582.4824990490632
 10
738.7084580566291
 20
581.6913088439851
 10
738.0161666271858
 20
582.8780941516023
 10
739.4996482617073
 20
583.7681831323152
 10
740.1919396911506
 20
582.581397824698
  0
LWPOLYLINE
  5
3B4
330
1F
100
AcDbEntity
  8
PDF_Level 35
 62
     7
370
     9
100
AcDbPolyline
 90
        3
 70
     0
 43
0.0
 10
740.1919396911506
 20
582.7791953759676
 10
738.5106605053597
 20
581.7902076196198
 10
738.0161666271858
 20
582.581397824698
  0
LWPOLYLINE
  5
3B5
330
1F
100
AcDbEntity
  8
PDF_Level 35
 62
     7
370
     9
100
AcDbPolyline
 90
        2
 70
     0
 43
0.0
 10
739.7963445886116
 20
581.8891063952547
 10
738.7084580566291
 20
583.7681831323152
  0
LWPOLYLINE
  5
3B6
330
1F
100
AcDbEntity
  8
PDF_Level 35
 62
     7
370
     9
100
AcDbPolyline
 90
        2
 70
     0
 43
0.0
 10
739.9941421398811
 20
581.9880051708894
 10
738.9062556078987
 20
583.7681831323152
  0
LWPOLYLINE
  5
3B7
330
1F
100
AcDbEntity
  8
PDF_Level 35
 62
     7
370
     9
100
AcDbPolyline
 90
        2
 70
     0
 43
0.0
 10
740.0930409155158
 20
582.0869039465242
 10
739.1040531591682
 20
583.7681831323152
  0
LWPOLYLINE
  5
3BA
330
1F
100
AcDbEntity
  8
PDF_Level 35
 62
     7
370
     9
100
AcDbPolyline
 90
        2
 70
     0
 43
0.0
 10
740.1919396911506
 20
582.8780941516023
 10
739.7963445886116
 20
583.5703855810456
  0
LWPOLYLINE
  5
3BB
330
1F
100
AcDbEntity
  8
PDF_Level 35
 62
     7
370
     9
100
AcDbPolyline
 90
        2
 70
     0
 43
0.0
 10
739.6974458129768
 20
581.7902076196198
 10
738.6095592809944
 20
583.6692843566805
  0
CIRCLE
  5
3BC
330
1F
100
AcDbEntity
  8
PDF_Level 35
 62
     7
370
     9
100
AcDbCircle
 10
739.1830311200719
 20
582.7517785860269
 30
0.0
 40
1.137452324971508
  0
LWPOLYLINE
  5
3BD
330
1F
100
AcDbEntity
  8
PDF_Level 35
 62
     7
370
     9
100
AcDbPolyline
 90
        2
 70
     0
 43
0.0
 10
738.3128629540902
 20
581.9880051708894
 10
740.1919396911506
 20
583.0758917028719
  0
LWPOLYLINE
  5
3BE
330
1F
100
AcDbEntity
  8
PDF_Level 35
 62
     7
370
     9
100
AcDbPolyline
 90
        2
 70
     0
 43
0.0
 10
740.1919396911506
 20
582.9769929272371
 10
738.4117617297249
 20
581.8891063952547
  0
LWPOLYLINE
  5
3C2
330
1F
100
AcDbEntity
  8
PDF_Level 35
 62
     7
370
     9
100
AcDbPolyline
 90
        2
 70
     0
 43
0.0
 10
739.9941421398811
 20
582.0869039465242
 10
739.3018507104377
 20
581.5924100683504
  0
LWPOLYLINE
  5
3C3
330
1F
100
AcDbEntity
  8
PDF_Level 35
 62
     7
370
     9
100
AcDbPolyline
 90
        2
 70
     0
 43
0.0
 10
738.1150654028206
 20
582.2847014977937
 10
739.9941421398811
 20
583.3725880297761
  0
LWPOLYLINE
  5
3C4
330
1F
100
AcDbEntity
  8
PDF_Level 35
 62
     7
370
     9
100
AcDbPolyline
 90
        2
 70
     0
 43
0.0
 10
739.8952433642464
 20
583.5703855810456
 10
738.0161666271858
 20
582.4824990490632
  0
LWPOLYLINE
  5
3C5
330
1F
100
AcDbEntity
  8
PDF_Level 35
 62
     7
370
     9
100
AcDbPolyline
 90
        2
 70
     0
 43
0.0
 10
739.6974458129768
 20
583.6692843566805
 10
738.0161666271858
 20
582.6802966003327
  0
LWPOLYLINE
  5
3C8
330
1F
100
AcDbEntity
  8
PDF_Level 35
 62
     7
370
     9
100
AcDbPolyline
 90
        2
 70
     0
 43
0.0
 10
739.0051543835335
 20
583.7681831323152
 10
738.2139641784553
 20
583.3725880297761
  0
LWPOLYLINE
  5
3C9
330
1F
100
AcDbEntity
  8
PDF_Level 35
 62
     7
370
     9
100
AcDbPolyline
 90
        2
 70
     0
 43
0.0
 10
740.0930409155158
 20
583.2736892541413
 10
738.2139641784553
 20
582.185802722159
  0
LWPOLYLINE
  5
3CA
330
1F
100
AcDbEntity
  8
PDF_RICKLEE_COAXCABLE
370
     0
100
AcDbPolyline
 90
        3
 70
     0
 43
0.0
 10
719.8187919103892
 20
520.8685618286051
 10
718.8298041540416
 20
517.7038010082927
 10
718.1375127245983
 20
515.3302303930583
  0
LWPOLYLINE
  5
3CB
330
1F
100
AcDbEntity
  8
PDF_RICKLEE_COAXCABLE
370
     0
100
AcDbPolyline
 90
        2
 70
     0
 43
0.0
 10
717.5441200707897
 20
513.5500524316326
 10
716.4562335388072
 20
509.9896965087812
  0
LWPOLYLINE
  5
3CC
330
1F
100
AcDbEntity
  8
PDF_RICKLEE_COAXCABLE
370
     0
100
AcDbPolyline
 90
        2
 70
     0
 43
0.0
 10
715.8628408849986
 20
508.2095185473554
 10
714.7749543530162
 20
504.6491626245039
  0
LWPOLYLINE
  5
3CD
330
1F
100
AcDbEntity
  8
PDF_RICKLEE_COAXCABLE
370
     0
100
AcDbPolyline
 90
        2
 70
     0
 43
0.0
 10
714.1815616992077
 20
502.8689846630781
 10
713.0936751672253
 20
499.2097299645918
  0
LWPOLYLINE
  5
3CE
330
1F
100
AcDbEntity
  8
PDF_RICKLEE_COAXCABLE
370
     0
100
AcDbPolyline
 90
        2
 70
     0
 43
0.0
 10
712.401383737782
 20
497.5284507788009
 10
710.5223070007213
 20
494.2647911828537
  0
LWPOLYLINE
  5
3CF
330
1F
100
AcDbEntity
  8
PDF_RICKLEE_COAXCABLE
370
     0
100
AcDbPolyline
 90
        2
 70
     0
 43
0.0
 10
709.6322180200086
 20
492.5835119970627
 10
707.8520400585828
 20
489.3198524011155
  0
LWPOLYLINE
  5
3D0
330
1F
100
AcDbEntity
  8
PDF_RICKLEE_COAXCABLE
370
     0
100
AcDbPolyline
 90
        2
 70
     0
 43
0.0
 10
706.9619510778699
 20
487.6385732153244
 10
705.1817731164442
 20
484.3749136193773
  0
LWPOLYLINE
  5
3D1
330
1F
100
AcDbEntity
  8
PDF_RICKLEE_COAXCABLE
370
     0
100
AcDbPolyline
 90
        2
 70
     0
 43
0.0
 10
704.1927853600965
 20
482.7925332092211
 10
702.4126073986708
 20
479.429974837639
  0
LWPOLYLINE
  5
3D2
330
1F
100
AcDbEntity
  8
PDF_RICKLEE_COAXCABLE
370
     0
100
AcDbPolyline
 90
        2
 70
     0
 43
0.0
 10
701.5225184179579
 20
477.8475944274829
 10
699.7423404565321
 20
474.5839348315356
  0
LWPOLYLINE
  5
3D3
330
1F
100
AcDbEntity
  8
PDF_RICKLEE_COAXCABLE
370
     0
100
AcDbPolyline
 90
        2
 70
     0
 43
0.0
 10
698.8522514758192
 20
472.9026556457446
 10
696.9731747387587
 20
469.6389960497974
  0
LWPOLYLINE
  5
3D4
330
1F
100
AcDbEntity
  8
PDF_RICKLEE_COAXCABLE
370
     0
100
AcDbPolyline
 90
        2
 70
     0
 43
0.0
 10
696.0830857580458
 20
467.9577168640064
 10
694.3029077966201
 20
464.6940572680592
  0
LWPOLYLINE
  5
3D6
330
1F
100
AcDbEntity
  8
PDF_RICKLEE_COAXCABLE
370
     0
100
AcDbPolyline
 90
        2
 70
     0
 43
0.0
 10
660.9740204077046
 20
399.2230677978454
 10
659.5894375488179
 20
396.7505984069763
  0
LWPOLYLINE
  5
3D7
330
1F
100
AcDbEntity
  8
PDF_RICKLEE_COAXCABLE
370
     0
100
AcDbPolyline
 90
        2
 70
     0
 43
0.0
 10
658.699348568105
 20
395.1682179968201
 10
656.9191706066793
 20
391.9045584008729
  0
LWPOLYLINE
  5
3D8
330
1F
100
AcDbEntity
  8
PDF_RICKLEE_COAXCABLE
370
     0
100
AcDbPolyline
 90
        3
 70
     0
 43
0.0
 10
655.9301828503317
 20
390.2232792150818
 10
655.7323852990621
 20
389.7287853369081
 10
652.8643208056539
 20
391.3111657470643
  0
LWPOLYLINE
  5
3D9
330
1F
100
AcDbEntity
  8
PDF_RICKLEE_COAXCABLE
370
     0
100
AcDbPolyline
 90
        2
 70
     0
 43
0.0
 10
651.2819403954977
 20
392.2012547277772
 10
647.9193820239157
 20
393.9814326892029
  0
LWPOLYLINE
  5
3DA
330
1F
100
AcDbEntity
  8
PDF_RICKLEE_COAXCABLE
370
     0
100
AcDbPolyline
 90
        2
 70
     0
 43
0.0
 10
646.3370016137595
 20
394.8715216699158
 10
642.9744432421776
 20
396.7505984069763
  0
LWPOLYLINE
  5
3DB
330
1F
100
AcDbEntity
  8
PDF_RICKLEE_COAXCABLE
370
     0
100
AcDbPolyline
 90
        2
 70
     0
 43
0.0
 10
641.3920628320213
 20
397.6406873876892
 10
638.1284032360741
 20
399.4208653491149
  0
LWPOLYLINE
  5
3DC
330
1F
100
AcDbEntity
  8
PDF_RICKLEE_COAXCABLE
370
     0
100
AcDbPolyline
 90
        2
 70
     0
 43
0.0
 10
637.1394154797265
 20
400.5087518810973
 10
638.9195934411522
 20
403.8713102526793
  0
LWPOLYLINE
  5
3DD
330
1F
100
AcDbEntity
  8
PDF_RICKLEE_COAXCABLE
370
     0
100
AcDbPolyline
 90
        2
 70
     0
 43
0.0
 10
639.8096824218651
 20
405.5525894384703
 10
641.4909616076561
 20
408.8162490344175
  0
LWPOLYLINE
  5
3DE
330
1F
100
AcDbEntity
  8
PDF_RICKLEE_COAXCABLE
370
     0
100
AcDbPolyline
 90
        2
 70
     0
 43
0.0
 10
642.381050588369
 20
410.4975282202085
 10
644.0623297741599
 20
413.8600865917904
  0
LWPOLYLINE
  5
3DF
330
1F
100
AcDbEntity
  8
PDF_RICKLEE_COAXCABLE
370
     0
100
AcDbPolyline
 90
        2
 70
     0
 43
0.0
 10
644.9524187548728
 20
415.5413657775814
 10
646.7325967162986
 20
418.8050253735286
  0
LWPOLYLINE
  5
3E0
330
1F
100
AcDbEntity
  8
PDF_RICKLEE_COAXCABLE
370
     0
100
AcDbPolyline
 90
        2
 70
     0
 43
0.0
 10
647.5237869213767
 20
420.4863045593196
 10
649.3039648828024
 20
423.8488629309016
  0
LWPOLYLINE
  5
3E1
330
1F
100
AcDbEntity
  8
PDF_RICKLEE_COAXCABLE
370
     0
100
AcDbPolyline
 90
        2
 70
     0
 43
0.0
 10
650.1940538635153
 20
425.5301421166926
 10
651.8753330493062
 20
428.7938017126398
  0
LWPOLYLINE
  5
3E2
330
1F
100
AcDbEntity
  8
PDF_RICKLEE_COAXCABLE
370
     0
100
AcDbPolyline
 90
        2
 70
     0
 43
0.0
 10
652.7654220300192
 20
430.4750808984308
 10
654.545599991445
 20
433.8376392700128
  0
LWPOLYLINE
  5
3E3
330
1F
100
AcDbEntity
  8
PDF_RICKLEE_COAXCABLE
370
     0
100
AcDbPolyline
 90
        2
 70
     0
 43
0.0
 10
655.3367901965231
 20
435.4200196801691
 10
657.1169681579488
 20
438.782578051751
  0
LWPOLYLINE
  5
3E4
330
1F
100
AcDbEntity
  8
PDF_RICKLEE_COAXCABLE
370
     0
100
AcDbPolyline
 90
        2
 70
     0
 43
0.0
 10
658.0070571386617
 20
440.463857237542
 10
659.6883363244527
 20
443.826415609124
  0
LWPOLYLINE
  5
3E5
330
1F
100
AcDbEntity
  8
PDF_RICKLEE_COAXCABLE
370
     0
100
AcDbPolyline
 90
        2
 70
     0
 43
0.0
 10
660.5784253051655
 20
445.4087960192802
 10
662.2597044909565
 20
448.7713543908622
  0
LWPOLYLINE
  5
3E6
330
1F
100
AcDbEntity
  8
PDF_RICKLEE_COAXCABLE
370
     0
100
AcDbPolyline
 90
        2
 70
     0
 43
0.0
 10
663.1497934716694
 20
450.4526335766532
 10
664.9299714330951
 20
453.7162931726004
  0
LWPOLYLINE
  5
3E7
330
1F
100
AcDbEntity
  8
PDF_RICKLEE_COAXCABLE
370
     0
100
AcDbPolyline
 90
        2
 70
     0
 43
0.0
 10
665.820060413808
 20
455.3975723583914
 10
667.10574449706
 20
457.9689405248952
  0
LWPOLYLINE
  5
3E8
330
1F
100
AcDbEntity
  8
PDF_RICKLEE_COAXCABLE
370
     0
100
AcDbPolyline
 90
        2
 70
     0
 43
0.0
 10
687.7755886047257
 20
466.7709315563892
 10
689.8524628930557
 20
470.7268825817798
  0
LWPOLYLINE
  5
3E9
330
1F
100
AcDbEntity
  8
PDF_RICKLEE_COAXCABLE
370
     0
100
AcDbPolyline
 90
        2
 70
     0
 43
0.0
 10
690.7425518737686
 20
472.309262991936
 10
692.5227298351943
 20
475.671821363518
  0
LWPOLYLINE
  5
3EA
330
1F
100
AcDbEntity
  8
PDF_RICKLEE_COAXCABLE
370
     0
100
AcDbPolyline
 90
        2
 70
     0
 43
0.0
 10
693.4128188159072
 20
477.2542017736742
 10
695.192996777333
 20
480.6167601452562
  0
LWPOLYLINE
  5
3EB
330
1F
100
AcDbEntity
  8
PDF_RICKLEE_COAXCABLE
370
     0
100
AcDbPolyline
 90
        2
 70
     0
 43
0.0
 10
696.0830857580458
 20
482.1991405554125
 10
697.8632637194716
 20
485.5616989269944
  0
LWPOLYLINE
  5
3EC
330
1F
100
AcDbEntity
  8
PDF_RICKLEE_COAXCABLE
370
     0
100
AcDbPolyline
 90
        2
 70
     0
 43
0.0
 10
698.7533527001845
 20
487.1440793371506
 10
700.5335306616102
 20
490.5066377087327
  0
LWPOLYLINE
  5
3ED
330
1F
100
AcDbEntity
  8
PDF_RICKLEE_COAXCABLE
370
     0
100
AcDbPolyline
 90
        2
 70
     0
 43
0.0
 10
701.4236196423231
 20
492.0890181188888
 10
703.2037976037488
 20
495.4515764904709
  0
LWPOLYLINE
  5
3EE
330
1F
100
AcDbEntity
  8
PDF_RICKLEE_COAXCABLE
370
     0
100
AcDbPolyline
 90
        2
 70
     0
 43
0.0
 10
704.1927853600965
 20
497.033956900627
 10
705.9729633215223
 20
500.396515272209
  0
LWPOLYLINE
  5
3EF
330
1F
100
AcDbEntity
  8
PDF_RICKLEE_COAXCABLE
370
     0
100
AcDbPolyline
 90
        2
 70
     0
 43
0.0
 10
706.6652547509656
 20
502.077794458
 10
707.9509388342176
 20
505.6381503808515
  0
LWPOLYLINE
  5
3F0
330
1F
100
AcDbEntity
  8
PDF_RICKLEE_COAXCABLE
370
     0
100
AcDbPolyline
 90
        2
 70
     0
 43
0.0
 10
708.5443314880262
 20
507.4183283422773
 10
710.1267118981824
 20
511.5720769189374
  0
LWPOLYLINE
  5
3F1
330
1F
100
AcDbEntity
  8
PDF_RICKLEE_NODEDETAILS
370
    13
100
AcDbPolyline
 90
        4
 70
     0
 43
0.0
 10
420.155501737054
 20
912.6066121179057
 10
420.155501737054
 20
919.5295264123393
 10
423.4191613330012
 20
912.6066121179057
 10
423.4191613330012
 20
919.5295264123393
  0
LWPOLYLINE
  5
3F2
330
1F
100
AcDbEntity
  8
PDF_RICKLEE_NODEDETAILS
370
    13
100
AcDbPolyline
 90
       20
 70
     1
 43
0.0
 10
426.6828209289484
 20
919.5295264123393
 10
426.2872258264094
 20
919.1339313098001
 10
425.7927319482355
 20
918.5405386559917
 10
425.594934396966
 20
917.8482472265484
 10
425.2982380700617
 20
916.8592594702007
 10
425.2982380700617
 20
915.2768790600445
 10
425.594934396966
 20
914.2878913036968
 10
425.7927319482355
 20
913.5955998742534
 10
426.2872258264094
 20
913.0022072204448
 10
426.6828209289484
 20
912.6066121179057
 10
427.6718086852961
 20
912.6066121179057
 10
428.1663025634699
 20
913.0022072204448
 10
428.561897666009
 20
913.5955998742534
 10
428.8585939929133
 20
914.2878913036968
 10
429.0563915441828
 20
915.2768790600445
 10
429.0563915441828
 20
916.8592594702007
 10
428.8585939929133
 20
917.8482472265484
 10
428.561897666009
 20
918.5405386559917
 10
428.1663025634699
 20
919.1339313098001
 10
427.6718086852961
 20
919.5295264123393
  0
LWPOLYLINE
  5
3F3
330
1F
100
AcDbEntity
  8
PDF_RICKLEE_NODEDETAILS
370
    13
100
AcDbPolyline
 90
       12
 70
     1
 43
0.0
 10
430.4409744030695
 20
912.6066121179057
 10
430.4409744030695
 20
919.5295264123393
 10
432.1222535888605
 20
919.5295264123393
 10
432.8145450183038
 20
919.1339313098001
 10
433.2101401208429
 20
918.5405386559917
 10
433.5068364477471
 20
917.8482472265484
 10
433.7046339990167
 20
916.8592594702007
 10
433.7046339990167
 20
915.2768790600445
 10
433.5068364477471
 20
914.2878913036968
 10
433.2101401208429
 20
913.5955998742534
 10
432.8145450183038
 20
913.0022072204448
 10
432.1222535888605
 20
912.6066121179057
  0
LWPOLYLINE
  5
3F4
330
1F
100
AcDbEntity
  8
PDF_RICKLEE_NODEDETAILS
370
    13
100
AcDbPolyline
 90
        4
 70
     0
 43
0.0
 10
438.3528764538506
 20
912.6066121179057
 10
435.3859131848077
 20
912.6066121179057
 10
435.3859131848077
 20
919.5295264123393
 10
438.3528764538506
 20
919.5295264123393
  0
LWPOLYLINE
  5
3F5
330
1F
100
AcDbEntity
  8
PDF_RICKLEE_NODEDETAILS
370
    13
100
AcDbPolyline
 90
        2
 70
     0
 43
0.0
 10
435.3859131848077
 20
916.2658668163921
 10
437.2649899218682
 20
916.2658668163921
  0
LWPOLYLINE
  5
3F7
330
1F
100
AcDbEntity
  8
PDF_RICKLEE_NODEDETAILS
370
    13
100
AcDbPolyline
 90
        4
 70
     1
 43
0.0
 10
440.0341556396416
 20
917.1559557971049
 10
439.7374593127373
 20
916.8592594702007
 10
440.0341556396416
 20
916.5625631432964
 10
440.2319531909111
 20
916.8592594702007
  0
LWPOLYLINE
  5
3F8
330
1F
100
AcDbEntity
  8
PDF_RICKLEE_NODEDETAILS
370
    13
100
AcDbPolyline
 90
        4
 70
     1
 43
0.0
 10
440.0341556396416
 20
913.2989035473491
 10
439.7374593127373
 20
913.0022072204448
 10
440.0341556396416
 20
912.6066121179057
 10
440.2319531909111
 20
912.9033084448101
  0
LWPOLYLINE
  5
3F9
330
1F
100
AcDbEntity
  8
PDF_RICKLEE_NODEDETAILS
370
    13
100
AcDbPolyline
 90
        3
 70
     0
 43
0.0
 10
443.2978152355889
 20
919.4306276367045
 10
443.2978152355889
 20
912.6066121179057
 10
446.0669809533622
 20
912.6066121179057
  0
LWPOLYLINE
  5
3FA
330
1F
100
AcDbEntity
  8
PDF_RICKLEE_NODEDETAILS
370
    13
100
AcDbPolyline
 90
       11
 70
     0
 43
0.0
 10
447.2537662609794
 20
912.6066121179057
 10
447.2537662609794
 20
919.4306276367045
 10
449.3306405493094
 20
919.4306276367045
 10
450.0229319787528
 20
919.1339313098001
 10
450.3196283056571
 20
918.8372349828959
 10
450.5174258569266
 20
918.1449435534526
 10
450.5174258569266
 20
917.1559557971049
 10
450.3196283056571
 20
916.5625631432964
 10
450.0229319787528
 20
916.1669680407573
 10
449.3306405493094
 20
915.8702717138531
 10
447.2537662609794
 20
915.8702717138531
  0
LWPOLYLINE
  5
3FB
330
1F
100
AcDbEntity
  8
PDF_RICKLEE_NODEDETAILS
370
    13
100
AcDbPolyline
 90
        3
 70
     0
 43
0.0
 10
452.0998062670828
 20
912.6066121179057
 10
453.9788830041433
 20
919.4306276367045
 10
455.8579597412038
 20
912.6066121179057
  0
LWPOLYLINE
  5
3FC
330
1F
100
AcDbEntity
  8
PDF_RICKLEE_NODEDETAILS
370
    13
100
AcDbPolyline
 90
        2
 70
     0
 43
0.0
 10
452.7920976965261
 20
914.8812839575054
 10
455.1656683117605
 20
914.8812839575054
  0
LWPOLYLINE
  5
3FD
330
1F
100
AcDbEntity
  8
PDF_RICKLEE_NODEDETAILS
370
    13
100
AcDbPolyline
 90
        4
 70
     0
 43
0.0
 10
457.2425426000905
 20
918.1449435534526
 10
457.7370364782644
 20
918.4416398803568
 10
458.4293279077077
 20
919.4306276367045
 10
458.4293279077077
 20
912.6066121179057
  0
LWPOLYLINE
  5
3FE
330
1F
100
AcDbEntity
  8
PDF_RICKLEE_NODEDETAILS
370
    13
100
AcDbPolyline
 90
        4
 70
     0
 43
0.0
 10
461.0006960742116
 20
918.1449435534526
 10
461.4951899523854
 20
918.4416398803568
 10
462.1874813818287
 20
919.4306276367045
 10
462.1874813818287
 20
912.6066121179057
  0
LWPOLYLINE
  5
3FF
330
1F
100
AcDbEntity
  8
PDF_RICKLEE_NODEDETAILS
370
    13
100
AcDbPolyline
 90
       28
 70
     1
 43
0.0
 10
465.9456348559498
 20
919.4306276367045
 10
465.1544446508717
 20
919.1339313098001
 10
464.9566470996021
 20
918.4416398803568
 10
464.9566470996021
 20
917.8482472265484
 10
465.1544446508717
 20
917.1559557971049
 10
465.6489385290455
 20
916.8592594702007
 10
466.6379262853931
 20
916.4636643676615
 10
467.3302177148364
 20
916.1669680407573
 10
467.7258128173756
 20
915.5735753869487
 10
468.0225091442799
 20
914.8812839575054
 10
468.0225091442799
 20
913.8922962011577
 10
467.7258128173756
 20
913.2000047717143
 10
467.528015266106
 20
912.9033084448101
 10
466.8357238366627
 20
912.6066121179057
 10
465.846736080315
 20
912.6066121179057
 10
465.1544446508717
 20
912.9033084448101
 10
464.9566470996021
 20
913.2000047717143
 10
464.7588495483326
 20
913.8922962011577
 10
464.7588495483326
 20
914.8812839575054
 10
464.9566470996021
 20
915.5735753869487
 10
465.451140977776
 20
916.1669680407573
 10
466.1434324072193
 20
916.4636643676615
 10
467.0335213879322
 20
916.8592594702007
 10
467.528015266106
 20
917.1559557971049
 10
467.7258128173756
 20
917.8482472265484
 10
467.7258128173756
 20
918.4416398803568
 10
467.528015266106
 20
919.1339313098001
 10
466.8357238366627
 20
919.4306276367045
  0
LWPOLYLINE
  5
400
330
1F
100
AcDbEntity
  8
PDF_RICKLEE_COAXCABLE
370
     0
100
AcDbPolyline
 90
        2
 70
     0
 43
0.0
 10
813.377033660876
 20
843.9708618273794
 10
812.1902483532588
 20
840.1138095776238
  0
LWPOLYLINE
  5
401
330
1F
100
AcDbEntity
  8
PDF_RICKLEE_COAXCABLE
370
     0
100
AcDbPolyline
 90
        2
 70
     0
 43
0.0
 10
811.5968556994502
 20
838.333631616198
 10
810.5089691674679
 20
834.7732756933464
  0
LWPOLYLINE
  5
402
330
1F
100
AcDbEntity
  8
PDF_RICKLEE_COAXCABLE
370
     0
100
AcDbPolyline
 90
        2
 70
     0
 43
0.0
 10
809.9155765136593
 20
832.9930977319206
 10
808.8276899816769
 20
829.3338430334344
  0
LWPOLYLINE
  5
403
330
1F
100
AcDbEntity
  8
PDF_RICKLEE_COAXCABLE
370
     0
100
AcDbPolyline
 90
        2
 70
     0
 43
0.0
 10
808.2342973278683
 20
827.5536650720086
 10
807.1464107958858
 20
823.9933091491572
  0
LWPOLYLINE
  5
404
330
1F
100
AcDbEntity
  8
PDF_RICKLEE_COAXCABLE
370
     0
100
AcDbPolyline
 90
        2
 70
     0
 43
0.0
 10
806.5530181420774
 20
822.2131311877314
 10
805.4651316100949
 20
818.6527752648798
  0
LWPOLYLINE
  5
405
330
1F
100
AcDbEntity
  8
PDF_RICKLEE_COAXCABLE
370
     0
100
AcDbPolyline
 90
        2
 70
     0
 43
0.0
 10
804.8717389562863
 20
816.8725973034542
 10
803.7838524243039
 20
813.2133426049678
  0
LWPOLYLINE
  5
406
330
1F
100
AcDbEntity
  8
PDF_RICKLEE_COAXCABLE
370
     0
100
AcDbPolyline
 90
        2
 70
     0
 43
0.0
 10
803.1904597704954
 20
811.433164643542
 10
802.102573238513
 20
807.8728087206906
  0
LWPOLYLINE
  5
407
330
1F
100
AcDbEntity
  8
PDF_RICKLEE_COAXCABLE
370
     0
100
AcDbPolyline
 90
        2
 70
     0
 43
0.0
 10
801.5091805847044
 20
806.0926307592648
 10
800.4212940527221
 20
802.5322748364134
  0
LWPOLYLINE
  5
408
330
1F
100
AcDbEntity
  8
PDF_RICKLEE_COAXCABLE
370
     0
100
AcDbPolyline
 90
        2
 70
     0
 43
0.0
 10
799.8279013989134
 20
800.7520968749876
 10
798.7400148669309
 20
797.1917409521361
  0
LWPOLYLINE
  5
409
330
1F
100
AcDbEntity
  8
PDF_RICKLEE_COAXCABLE
370
     0
100
AcDbPolyline
 90
        2
 70
     0
 43
0.0
 10
798.1466222131224
 20
795.4115629907104
 10
796.9598369055053
 20
791.4556119653198
  0
LWPOLYLINE
  5
40B
330
1F
100
AcDbEntity
  8
PDF_RICKLEE_COAXCABLE
370
     0
100
AcDbPolyline
 90
        2
 70
     0
 43
0.0
 10
605.7885036035062
 20
303.390154207759
 10
603.9094268664457
 20
300.1264946118118
  0
LWPOLYLINE
  5
40C
330
1F
100
AcDbEntity
  8
PDF_RICKLEE_COAXCABLE
370
     0
100
AcDbPolyline
 90
        2
 70
     0
 43
0.0
 10
603.0193378857328
 20
298.5441142016555
 10
601.2391599243072
 20
295.1815558300735
  0
LWPOLYLINE
  5
40D
330
1F
100
AcDbEntity
  8
PDF_RICKLEE_COAXCABLE
370
     0
100
AcDbPolyline
 90
        2
 70
     0
 43
0.0
 10
600.3490709435943
 20
293.5991754199173
 10
598.5688929821684
 20
290.2366170483353
  0
LWPOLYLINE
  5
40E
330
1F
100
AcDbEntity
  8
PDF_RICKLEE_COAXCABLE
370
     0
100
AcDbPolyline
 90
        2
 70
     0
 43
0.0
 10
597.5799052258208
 20
288.6542366381791
 10
595.799727264395
 20
285.3905770422319
  0
LWPOLYLINE
  5
40F
330
1F
100
AcDbEntity
  8
PDF_RICKLEE_COAXCABLE
370
     0
100
AcDbPolyline
 90
        2
 70
     0
 43
0.0
 10
594.9096382836821
 20
283.7092978564409
 10
593.1294603222564
 20
280.4456382604938
  0
LWPOLYLINE
  5
410
330
1F
100
AcDbEntity
  8
PDF_RICKLEE_COAXCABLE
370
     0
100
AcDbPolyline
 90
        2
 70
     0
 43
0.0
 10
592.2393713415435
 20
278.7643590747027
 10
590.3602946044831
 20
275.5006994787555
  0
LWPOLYLINE
  5
411
330
1F
100
AcDbEntity
  8
PDF_RICKLEE_COAXCABLE
370
     0
100
AcDbPolyline
 90
        2
 70
     0
 43
0.0
 10
589.4702056237702
 20
273.8194202929645
 10
587.6900276623444
 20
270.5557606970173
  0
LWPOLYLINE
  5
412
330
1F
100
AcDbEntity
  8
PDF_RICKLEE_COAXCABLE
370
     0
100
AcDbPolyline
 90
        2
 70
     0
 43
0.0
 10
586.7999386816316
 20
268.9733802868611
 10
584.920861944571
 20
265.6108219152791
  0
LWPOLYLINE
  5
413
330
1F
100
AcDbEntity
  8
PDF_RICKLEE_COAXCABLE
370
     0
100
AcDbPolyline
 90
        2
 70
     0
 43
0.0
 10
584.030772963858
 20
264.0284415051229
 10
582.2505950024324
 20
260.6658831335409
  0
LWPOLYLINE
  5
414
330
1F
100
AcDbEntity
  8
PDF_RICKLEE_COAXCABLE
370
     0
100
AcDbPolyline
 90
        2
 70
     0
 43
0.0
 10
581.3605060217195
 20
259.0835027233846
 10
579.5803280602938
 20
255.8198431274374
  0
LWPOLYLINE
  5
415
330
1F
100
AcDbEntity
  8
PDF_RICKLEE_COAXCABLE
370
     0
100
AcDbPolyline
 90
        2
 70
     0
 43
0.0
 10
578.5913403039461
 20
254.1385639416465
 10
576.8111623425203
 20
250.8749043456993
  0
LWPOLYLINE
  5
416
330
1F
100
AcDbEntity
  8
PDF_RICKLEE_COAXCABLE
370
     0
100
AcDbPolyline
 90
        2
 70
     0
 43
0.0
 10
575.9210733618075
 20
249.1936251599083
 10
573.6464015222079
 20
245.1387753588829
  0
LWPOLYLINE
  5
417
330
1F
100
AcDbEntity
  8
PDF_RICKLEE_COAXCABLE
370
     0
100
AcDbPolyline
 90
        2
 70
     0
 43
0.0
 10
665.424465311269
 20
461.5292964477467
 10
661.0729191833394
 20
462.9138793066334
  0
LWPOLYLINE
  5
418
330
1F
100
AcDbEntity
  8
PDF_RICKLEE_COAXCABLE
370
     0
100
AcDbPolyline
 90
        2
 70
     0
 43
0.0
 10
659.2927412219136
 20
463.507271960442
 10
655.7323852990621
 20
464.6940572680592
  0
LWPOLYLINE
  5
419
330
1F
100
AcDbEntity
  8
PDF_RICKLEE_COAXCABLE
370
     0
100
AcDbPolyline
 90
        2
 70
     0
 43
0.0
 10
653.9522073376364
 20
465.2874499218677
 10
650.3918514147849
 20
466.3753364538502
  0
LWPOLYLINE
  5
41A
330
1F
100
AcDbEntity
  8
PDF_RICKLEE_COAXCABLE
370
     0
100
AcDbPolyline
 90
        2
 70
     0
 43
0.0
 10
648.6116734533591
 20
466.9687291076588
 10
644.3590261010642
 20
468.3533119665455
  0
LWPOLYLINE
  5
41B
330
1F
100
AcDbEntity
  8
PDF_RICKLEE_COAXCABLE
370
     0
100
AcDbPolyline
 90
        2
 70
     0
 43
0.0
 10
744.3456882678106
 20
624.1188835912989
 10
743.2578017358284
 20
620.7563252197169
  0
LWPOLYLINE
  5
41C
330
1F
100
AcDbEntity
  8
PDF_RICKLEE_COAXCABLE
370
     0
100
AcDbPolyline
 90
        2
 70
     0
 43
0.0
 10
742.6644090820198
 20
618.9761472582912
 10
741.5765225500373
 20
615.4157913354397
  0
LWPOLYLINE
  5
41D
330
1F
100
AcDbEntity
  8
PDF_RICKLEE_COAXCABLE
370
     0
100
AcDbPolyline
 90
        2
 70
     0
 43
0.0
 10
740.9831298962288
 20
613.6356133740139
 10
739.7963445886116
 20
609.9763586755276
  0
LWPOLYLINE
  5
41E
330
1F
100
AcDbEntity
  8
PDF_RICKLEE_COAXCABLE
370
     0
100
AcDbPolyline
 90
        2
 70
     0
 43
0.0
 10
739.2029519348031
 20
608.1961807141019
 10
738.1150654028206
 20
604.6358247912504
  0
LWPOLYLINE
  5
41F
330
1F
100
AcDbEntity
  8
PDF_RICKLEE_COAXCABLE
370
     0
100
AcDbPolyline
 90
        2
 70
     0
 43
0.0
 10
737.521672749012
 20
602.8556468298246
 10
736.4337862170295
 20
599.2952909069731
  0
LWPOLYLINE
  5
420
330
1F
100
AcDbEntity
  8
PDF_RICKLEE_COAXCABLE
370
     0
100
AcDbPolyline
 90
        2
 70
     0
 43
0.0
 10
735.840393563221
 20
597.5151129455475
 10
734.7525070312387
 20
594.1525545739653
  0
LWPOLYLINE
  5
421
330
1F
100
AcDbEntity
  8
PDF_RICKLEE_COAXCABLE
370
     0
100
AcDbPolyline
 90
        2
 70
     0
 43
0.0
 10
567.6135762084872
 20
233.765416160885
 10
566.6245884521397
 20
231.8863394238245
  0
LWPOLYLINE
  5
422
330
1F
100
AcDbEntity
  8
PDF_RICKLEE_COAXCABLE
370
     0
100
AcDbPolyline
 90
        2
 70
     0
 43
0.0
 10
565.7344994714268
 20
230.3039590136684
 10
563.8554227343662
 20
226.9414006420863
  0
LWPOLYLINE
  5
423
330
1F
100
AcDbEntity
  8
PDF_RICKLEE_COAXCABLE
370
     0
100
AcDbPolyline
 90
        2
 70
     0
 43
0.0
 10
562.9653337536534
 20
225.3590202319301
 10
561.1851557922276
 20
222.0953606359829
  0
LWPOLYLINE
  5
424
330
1F
100
AcDbEntity
  8
PDF_RICKLEE_COAXCABLE
370
     0
100
AcDbPolyline
 90
        2
 70
     0
 43
0.0
 10
560.1961680358799
 20
220.4140814501919
 10
558.4159900744542
 20
217.1504218542447
  0
LWPOLYLINE
  5
425
330
1F
100
AcDbEntity
  8
PDF_RICKLEE_COAXCABLE
370
     0
100
AcDbPolyline
 90
        2
 70
     0
 43
0.0
 10
557.5259010937413
 20
215.4691426684537
 10
555.7457231323156
 20
212.2054830725065
  0
LWPOLYLINE
  5
426
330
1F
100
AcDbEntity
  8
PDF_RICKLEE_COAXCABLE
370
     0
100
AcDbPolyline
 90
        2
 70
     0
 43
0.0
 10
554.756735375968
 20
210.6231026623503
 10
552.9765574145422
 20
207.2605442907683
  0
LWPOLYLINE
  5
427
330
1F
100
AcDbEntity
  8
PDF_RICKLEE_COAXCABLE
370
     0
100
AcDbPolyline
 90
        2
 70
     0
 43
0.0
 10
552.0864684338294
 20
205.6781638806121
 10
550.3062904724036
 20
202.4145042846648
  0
LWPOLYLINE
  5
428
330
1F
100
AcDbEntity
  8
PDF_RICKLEE_COAXCABLE
370
     0
100
AcDbPolyline
 90
        2
 70
     0
 43
0.0
 10
549.317302716056
 20
200.7332250988739
 10
547.5371247546302
 20
197.4695655029266
  0
LWPOLYLINE
  5
429
330
1F
100
AcDbEntity
  8
PDF_RICKLEE_COAXCABLE
370
     0
100
AcDbPolyline
 90
        2
 70
     0
 43
0.0
 10
546.6470357739173
 20
195.7882863171356
 10
545.6580480175697
 20
194.0081083557099
  0
LWPOLYLINE
  5
42A
330
1F
100
AcDbEntity
  8
PDF_Level 22
370
     9
100
AcDbPolyline
 90
        8
 70
     1
 43
0.0
 10
657.5125632604879
 20
400.6076506567321
 10
655.4356889721579
 20
401.7944359643492
 10
653.1610171325582
 20
401.1021445349059
 10
651.974231824941
 20
399.0252702465759
 10
652.6665232543844
 20
396.7505984069763
 10
654.7433975427146
 20
395.6627118749939
 10
657.0180693823139
 20
396.2561045288025
 10
658.1059559142964
 20
398.3329788171325
  0
LWPOLYLINE
  5
42B
330
1F
100
AcDbEntity
  8
PDF_Level 22
370
     9
100
AcDbPolyline
 90
       14
 70
     0
 43
0.0
 10
653.6555110107321
 20
397.6406873876892
 10
653.5566122350973
 20
397.7395861633239
 10
653.3588146838277
 20
397.9373837145935
 10
653.2599159081931
 20
398.0362824902282
 10
653.2599159081931
 20
398.3329788171325
 10
653.4577134594625
 20
398.6296751440368
 10
653.6555110107321
 20
398.8274726953063
 10
653.8533085620017
 20
398.8274726953063
 10
654.1500048889059
 20
398.7285739196716
 10
654.3478024401754
 20
398.6296751440368
 10
654.545599991445
 20
398.4318775927673
 10
654.8422963183492
 20
398.0362824902282
 10
655.5345877477925
 20
396.453902080072
 10
656.2268791772359
 20
397.7395861633239
  0
LWPOLYLINE
  5
42C
330
1F
100
AcDbEntity
  8
PDF_Level 22
370
     9
100
AcDbPolyline
 90
       15
 70
     0
 43
0.0
 10
654.051106113271
 20
399.816460451654
 10
654.6444987670797
 20
400.8054482080016
 10
655.3367901965231
 20
399.816460451654
 10
655.4356889721579
 20
400.0142580029234
 10
655.6334865234273
 20
400.212055554193
 10
655.8312840746968
 20
400.212055554193
 10
656.2268791772359
 20
400.1131567785582
 10
656.5235755041402
 20
399.9153592272887
 10
656.8202718310446
 20
399.6186629003844
 10
656.9191706066793
 20
399.3219665734802
 10
656.9191706066793
 20
399.0252702465759
 10
656.7213730554097
 20
398.7285739196716
 10
656.5235755041402
 20
398.530776368402
 10
656.3257779528706
 20
398.530776368402
 10
656.0290816259664
 20
398.530776368402
  0
LWPOLYLINE
  5
42D
330
1F
100
AcDbEntity
  8
PDF_Level 21
370
     9
100
AcDbPolyline
 90
        3
 70
     1
 43
0.0
 10
763.7298482922245
 20
682.9636550939835
 10
762.2463666577031
 20
681.5790722350969
 10
761.850771555164
 20
683.5570477477921
  0
LWPOLYLINE
  5
42E
330
1F
100
AcDbEntity
  8
PDF_Level 21
370
     9
100
AcDbPolyline
 90
        3
 70
     0
 43
0.0
 10
761.850771555164
 20
683.4581489721574
 10
763.6309495165898
 20
682.8647563183487
 10
761.9496703307987
 20
683.3592501965227
  0
LWPOLYLINE
  5
42F
330
1F
100
AcDbEntity
  8
PDF_Level 21
370
     9
100
AcDbPolyline
 90
        2
 70
     0
 43
0.0
 10
761.9496703307987
 20
683.2603514208878
 10
763.532050740955
 20
682.7658575427141
  0
LWPOLYLINE
  5
430
330
1F
100
AcDbEntity
  8
PDF_Level 21
370
     9
100
AcDbPolyline
 90
        3
 70
     0
 43
0.0
 10
761.9496703307987
 20
683.1614526452531
 10
763.4331519653202
 20
682.6669587670793
 10
761.9496703307987
 20
683.0625538696183
  0
LWPOLYLINE
  5
431
330
1F
100
AcDbEntity
  8
PDF_Level 21
370
     9
100
AcDbPolyline
 90
        2
 70
     0
 43
0.0
 10
761.9496703307987
 20
682.9636550939835
 10
763.3342531896854
 20
682.5680599914445
  0
LWPOLYLINE
  5
432
330
1F
100
AcDbEntity
  8
PDF_Level 21
370
     9
100
AcDbPolyline
 90
        2
 70
     0
 43
0.0
 10
762.0485691064335
 20
682.8647563183487
 10
763.2353544140507
 20
682.4691612158098
  0
LWPOLYLINE
  5
433
330
1F
100
AcDbEntity
  8
PDF_Level 21
370
     9
100
AcDbPolyline
 90
        3
 70
     0
 43
0.0
 10
763.1364556384158
 20
682.3702624401749
 10
762.0485691064335
 20
682.7658575427141
 10
763.1364556384158
 20
682.4691612158098
  0
LWPOLYLINE
  5
434
330
1F
100
AcDbEntity
  8
PDF_Level 21
370
     9
100
AcDbPolyline
 90
        2
 70
     0
 43
0.0
 10
762.0485691064335
 20
682.6669587670793
 10
763.0375568627812
 20
682.2713636645402
  0
LWPOLYLINE
  5
435
330
1F
100
AcDbEntity
  8
PDF_Level 21
370
     9
100
AcDbPolyline
 90
        2
 70
     0
 43
0.0
 10
762.0485691064335
 20
682.5680599914445
 10
762.9386580871464
 20
682.2713636645402
  0
LWPOLYLINE
  5
436
330
1F
100
AcDbEntity
  8
PDF_Level 21
370
     9
100
AcDbPolyline
 90
        2
 70
     0
 43
0.0
 10
762.1474678820683
 20
682.3702624401749
 10
762.8397593115116
 20
682.1724648889054
  0
LWPOLYLINE
  5
437
330
1F
100
AcDbEntity
  8
PDF_Level 21
370
     9
100
AcDbPolyline
 90
        2
 70
     0
 43
0.0
 10
762.1474678820683
 20
682.2713636645402
 10
762.8397593115116
 20
682.0735661132706
  0
LWPOLYLINE
  5
438
330
1F
100
AcDbEntity
  8
PDF_Level 21
370
     9
100
AcDbPolyline
 90
        2
 70
     0
 43
0.0
 10
762.1474678820683
 20
682.1724648889054
 10
762.7408605358769
 20
682.0735661132706
  0
LWPOLYLINE
  5
439
330
1F
100
AcDbEntity
  8
PDF_Level 21
370
     9
100
AcDbPolyline
 90
        2
 70
     0
 43
0.0
 10
762.1474678820683
 20
682.0735661132706
 10
762.6419617602421
 20
681.974667337636
  0
LWPOLYLINE
  5
43A
330
1F
100
AcDbEntity
  8
PDF_Level 21
370
     9
100
AcDbPolyline
 90
        2
 70
     0
 43
0.0
 10
762.2463666577031
 20
681.974667337636
 10
762.5430629846073
 20
681.8757685620012
  0
LWPOLYLINE
  5
43B
330
1F
100
AcDbEntity
  8
PDF_Level 21
370
     9
100
AcDbPolyline
 90
        3
 70
     0
 43
0.0
 10
762.4441642089725
 20
681.7768697863664
 10
762.2463666577031
 20
681.8757685620012
 10
762.5430629846073
 20
681.7768697863664
  0
LWPOLYLINE
  5
43C
330
1F
100
AcDbEntity
  8
PDF_Level 21
370
     9
100
AcDbPolyline
 90
        2
 70
     0
 43
0.0
 10
762.2463666577031
 20
681.7768697863664
 10
762.3452654333378
 20
681.6779710107316
  0
LWPOLYLINE
  5
43D
330
1F
100
AcDbEntity
  8
PDF_Level 21
370
     9
100
AcDbPolyline
 90
        3
 70
     1
 43
0.0
 10
763.927645843494
 20
682.9636550939835
 10
762.2463666577031
 20
681.480173459462
 10
761.7518727795292
 20
683.6559465234269
  0
LWPOLYLINE
  5
43E
330
1F
100
AcDbEntity
  8
PDF_Level 21
370
     9
100
AcDbPolyline
 90
        3
 70
     1
 43
0.0
 10
768.8725846252322
 20
687.3152012219131
 10
762.1474678820683
 20
681.1834771325578
 10
760.169492369373
 20
690.1832657153213
  0
LWPOLYLINE
  5
43F
330
1F
100
AcDbEntity
  8
PDF_Level 22
 62
     7
370
     9
100
AcDbPolyline
 90
        3
 70
     0
 43
0.0
 10
764.9166335998416
 20
684.7438330554093
 10
765.6089250292851
 20
686.7218085681046
 10
764.4221397216679
 20
687.1174036706436
  0
LWPOLYLINE
  5
440
330
1F
100
AcDbEntity
  8
PDF_Level 22
 62
     7
370
     9
100
AcDbPolyline
 90
        5
 70
     0
 43
0.0
 10
764.0265446191287
 20
687.2163024462784
 10
763.3342531896854
 20
685.3372257092179
 10
763.2353544140507
 20
687.5129987731827
 10
761.850771555164
 20
685.7328208117569
 10
762.5430629846073
 20
687.7107963244522
  0
LWPOLYLINE
  5
441
330
1F
100
AcDbEntity
  8
PDF_Level 35
 62
     7
370
     9
100
AcDbPolyline
 90
        4
 70
     1
 43
0.0
 10
728.6207829418832
 20
564.0873267809971
 10
734.8514058068734
 20
584.262677010489
 10
743.4555992870979
 20
581.5924100683504
 10
737.2249764221077
 20
561.4170598388585
  0
CIRCLE
  5
442
330
1F
100
AcDbEntity
  8
PDF_Level 35
 62
     7
370
     9
100
AcDbCircle
 10
734.5345878932326
 20
568.0152577089749
 30
0.0
 40
3.807825853457583
  0
LWPOLYLINE
  5
443
330
1F
100
AcDbEntity
  8
PDF_Level 35
 62
     7
370
     9
100
AcDbPolyline
 90
        2
 70
     0
 43
0.0
 10
734.1591143774301
 20
564.7796182104404
 10
732.3789364160043
 20
569.4278606652743
  0
LWPOLYLINE
  5
444
330
1F
100
AcDbEntity
  8
PDF_Level 35
370
     9
100
AcDbPolyline
 90
        4
 70
     1
 43
0.0
 10
732.7745315185433
 20
567.4498851525791
 10
732.3789364160043
 20
569.4278606652743
 10
733.367924172352
 20
567.6476827038486
 10
732.9723290698129
 20
567.9443790307529
  0
LWPOLYLINE
  5
445
330
1F
100
AcDbEntity
  8
PDF_Level 35
370
     9
100
AcDbPolyline
 90
        3
 70
     0
 43
0.0
 10
733.2690253967172
 20
567.8454802551182
 10
732.873430294178
 20
568.0432778063877
 10
732.7745315185433
 20
567.5487839282139
  0
LWPOLYLINE
  5
447
330
1F
100
AcDbEntity
  8
PDF_Level 35
370
     9
100
AcDbPolyline
 90
        3
 70
     0
 43
0.0
 10
732.6756327429087
 20
567.6476827038486
 10
732.873430294178
 20
568.0432778063877
 10
733.367924172352
 20
567.7465814794834
  0
LWPOLYLINE
  5
44A
330
1F
100
AcDbEntity
  8
PDF_Level 35
370
     9
100
AcDbPolyline
 90
        3
 70
     0
 43
0.0
 10
732.7745315185433
 20
567.8454802551182
 10
732.3789364160043
 20
569.2300631140049
 10
733.0712278454476
 20
567.9443790307529
  0
LWPOLYLINE
  5
44B
330
1F
100
AcDbEntity
  8
PDF_Level 35
 62
     7
370
     9
100
AcDbPolyline
 90
        2
 70
     0
 43
0.0
 10
736.8293813195687
 20
566.4608973962315
 10
734.8514058068734
 20
571.1091398510653
  0
LWPOLYLINE
  5
44C
330
1F
100
AcDbEntity
  8
PDF_Level 35
370
     9
100
AcDbPolyline
 90
        4
 70
     1
 43
0.0
 10
735.3458996850472
 20
569.2300631140049
 10
734.7525070312387
 20
571.2080386267001
 10
735.9392923388558
 20
569.4278606652743
 10
735.444798460682
 20
569.7245569921786
  0
LWPOLYLINE
  5
44D
330
1F
100
AcDbEntity
  8
PDF_Level 35
370
     9
100
AcDbPolyline
 90
        3
 70
     0
 43
0.0
 10
735.7414947875862
 20
569.6256582165439
 10
735.3458996850472
 20
569.8234557678135
 10
735.2470009094124
 20
569.4278606652743
  0
LWPOLYLINE
  5
450
330
1F
100
AcDbEntity
  8
PDF_Level 35
370
     9
100
AcDbPolyline
 90
        3
 70
     0
 43
0.0
 10
735.840393563221
 20
569.5267594409091
 10
735.444798460682
 20
569.8234557678135
 10
735.2470009094124
 20
569.3289618896397
  0
LWPOLYLINE
  5
452
330
1F
100
AcDbEntity
  8
PDF_Level 35
370
     9
100
AcDbPolyline
 90
        3
 70
     0
 43
0.0
 10
735.3458996850472
 20
569.6256582165439
 10
734.8514058068734
 20
571.0102410754306
 10
735.5436972363167
 20
569.7245569921786
  0
LWPOLYLINE
  5
453
330
1F
100
AcDbEntity
  8
PDF_Level 35
370
     9
100
AcDbPolyline
 90
        3
 70
     1
 43
0.0
 10
734.0602156017953
 20
576.3507749597079
 10
738.3128629540902
 20
580.3067259850983
 10
739.598547037342
 20
574.5705969982821
  0
LWPOLYLINE
  5
454
330
1F
100
AcDbEntity
  8
PDF_Level 35
370
     9
100
AcDbPolyline
 90
        2
 70
     0
 43
0.0
 10
739.598547037342
 20
574.8672933251864
 10
734.2580131530647
 20
576.4496737353426
  0
LWPOLYLINE
  5
455
330
1F
100
AcDbEntity
  8
PDF_Level 35
370
     9
100
AcDbPolyline
 90
        2
 70
     0
 43
0.0
 10
739.4996482617073
 20
575.1639896520908
 10
734.4558107043343
 20
576.6474712866121
  0
LWPOLYLINE
  5
456
330
1F
100
AcDbEntity
  8
PDF_Level 35
370
     9
100
AcDbPolyline
 90
        2
 70
     0
 43
0.0
 10
739.4996482617073
 20
575.3617872033601
 10
734.6536082556038
 20
576.8452688378816
  0
LWPOLYLINE
  5
457
330
1F
100
AcDbEntity
  8
PDF_Level 35
370
     9
100
AcDbPolyline
 90
        2
 70
     0
 43
0.0
 10
739.4007494860725
 20
575.6584835302645
 10
734.8514058068734
 20
577.0430663891512
  0
LWPOLYLINE
  5
458
330
1F
100
AcDbEntity
  8
PDF_Level 35
370
     9
100
AcDbPolyline
 90
        2
 70
     0
 43
0.0
 10
739.3018507104377
 20
575.9551798571687
 10
735.0492033581429
 20
577.2408639404208
  0
LWPOLYLINE
  5
459
330
1F
100
AcDbEntity
  8
PDF_Level 35
370
     9
100
AcDbPolyline
 90
        2
 70
     0
 43
0.0
 10
739.3018507104377
 20
576.1529774084383
 10
735.2470009094124
 20
577.4386614916902
  0
LWPOLYLINE
  5
45A
330
1F
100
AcDbEntity
  8
PDF_Level 35
370
     9
100
AcDbPolyline
 90
        2
 70
     0
 43
0.0
 10
739.2029519348031
 20
576.4496737353426
 10
735.444798460682
 20
577.6364590429598
  0
LWPOLYLINE
  5
45B
330
1F
100
AcDbEntity
  8
PDF_Level 35
370
     9
100
AcDbPolyline
 90
        2
 70
     0
 43
0.0
 10
739.1040531591682
 20
576.7463700622469
 10
735.7414947875862
 20
577.8342565942294
  0
LWPOLYLINE
  5
45C
330
1F
100
AcDbEntity
  8
PDF_Level 35
370
     9
100
AcDbPolyline
 90
        2
 70
     0
 43
0.0
 10
739.1040531591682
 20
577.0430663891512
 10
735.840393563221
 20
578.0320541454989
  0
LWPOLYLINE
  5
45D
330
1F
100
AcDbEntity
  8
PDF_Level 35
370
     9
100
AcDbPolyline
 90
        2
 70
     0
 43
0.0
 10
739.0051543835335
 20
577.2408639404208
 10
736.0381911144905
 20
578.2298516967683
  0
LWPOLYLINE
  5
45E
330
1F
100
AcDbEntity
  8
PDF_Level 35
370
     9
100
AcDbPolyline
 90
        2
 70
     0
 43
0.0
 10
738.9062556078987
 20
577.6364590429598
 10
736.3348874413949
 20
578.4276492480379
  0
LWPOLYLINE
  5
45F
330
1F
100
AcDbEntity
  8
PDF_Level 35
370
     9
100
AcDbPolyline
 90
        2
 70
     0
 43
0.0
 10
738.9062556078987
 20
577.9331553698641
 10
736.5326849926644
 20
578.6254467993074
  0
LWPOLYLINE
  5
460
330
1F
100
AcDbEntity
  8
PDF_Level 35
370
     9
100
AcDbPolyline
 90
        2
 70
     0
 43
0.0
 10
738.8073568322639
 20
578.2298516967683
 10
736.8293813195687
 20
578.8232443505769
  0
LWPOLYLINE
  5
461
330
1F
100
AcDbEntity
  8
PDF_Level 35
370
     9
100
AcDbPolyline
 90
        2
 70
     0
 43
0.0
 10
738.7084580566291
 20
578.5265480236727
 10
737.0271788708382
 20
579.0210419018465
  0
LWPOLYLINE
  5
462
330
1F
100
AcDbEntity
  8
PDF_Level 35
370
     9
100
AcDbPolyline
 90
        2
 70
     0
 43
0.0
 10
738.7084580566291
 20
578.8232443505769
 10
737.3238751977424
 20
579.3177382287508
  0
LWPOLYLINE
  5
463
330
1F
100
AcDbEntity
  8
PDF_Level 35
370
     9
100
AcDbPolyline
 90
        2
 70
     0
 43
0.0
 10
738.6095592809944
 20
579.1199406774812
 10
737.4227739733773
 20
579.5155357800203
  0
LWPOLYLINE
  5
464
330
1F
100
AcDbEntity
  8
PDF_Level 35
370
     9
100
AcDbPolyline
 90
        2
 70
     0
 43
0.0
 10
738.5106605053597
 20
579.4166370043856
 10
737.7194703002816
 20
579.7133333312898
  0
LWPOLYLINE
  5
465
330
1F
100
AcDbEntity
  8
PDF_Level 35
370
     9
100
AcDbPolyline
 90
        2
 70
     0
 43
0.0
 10
738.5106605053597
 20
579.614434555655
 10
737.917267851551
 20
579.8122321069246
  0
LWPOLYLINE
  5
466
330
1F
100
AcDbEntity
  8
PDF_Level 35
370
     9
100
AcDbPolyline
 90
        2
 70
     0
 43
0.0
 10
738.4117617297249
 20
579.9111308825594
 10
738.0161666271858
 20
580.0100296581941
  0
LWPOLYLINE
  5
467
330
1F
100
AcDbEntity
  8
PDF_Level 35
370
     9
100
AcDbPolyline
 90
        3
 70
     1
 43
0.0
 10
733.5657217236214
 20
576.251876184073
 10
738.5106605053597
 20
580.8012198632723
 10
740.0930409155158
 20
574.175001895743
  0
LWPOLYLINE
  5
468
330
1F
100
AcDbEntity
  8
PDF_RICKLEE_COAXCABLE
370
     0
100
AcDbPolyline
 90
        2
 70
     0
 43
0.0
 10
733.1701266210824
 20
563.296136575919
 10
732.1811388647347
 20
560.2302745312413
  0
LWPOLYLINE
  5
469
330
1F
100
AcDbEntity
  8
PDF_RICKLEE_COAXCABLE
370
     0
100
AcDbPolyline
 90
        2
 70
     0
 43
0.0
 10
731.6866449865609
 20
558.3511977941808
 10
730.4998596789438
 20
554.7908418713293
  0
LWPOLYLINE
  5
46A
330
1F
100
AcDbEntity
  8
PDF_RICKLEE_COAXCABLE
370
     0
100
AcDbPolyline
 90
        2
 70
     0
 43
0.0
 10
729.9064670251351
 20
553.0106639099035
 10
728.8185804931528
 20
549.450307987052
  0
LWPOLYLINE
  5
46B
330
1F
100
AcDbEntity
  8
PDF_RICKLEE_COAXCABLE
370
     0
100
AcDbPolyline
 90
        2
 70
     0
 43
0.0
 10
728.2251878393442
 20
547.6701300256263
 10
727.1373013073618
 20
544.1097741027747
  0
LWPOLYLINE
  5
46C
330
1F
100
AcDbEntity
  8
PDF_RICKLEE_COAXCABLE
370
     0
100
AcDbPolyline
 90
        2
 70
     0
 43
0.0
 10
726.5439086535532
 20
542.329596141349
 10
725.4560221215708
 20
538.7692402184975
  0
LWPOLYLINE
  5
46D
330
1F
100
AcDbEntity
  8
PDF_RICKLEE_COAXCABLE
370
     0
100
AcDbPolyline
 90
        2
 70
     0
 43
0.0
 10
724.8626294677621
 20
536.890163481437
 10
723.7747429357798
 20
533.3298075585855
  0
LWPOLYLINE
  5
46E
330
1F
100
AcDbEntity
  8
PDF_RICKLEE_COAXCABLE
370
     0
100
AcDbPolyline
 90
        2
 70
     0
 43
0.0
 10
723.1813502819712
 20
531.5496295971597
 10
722.0934637499888
 20
527.9892736743082
  0
LWPOLYLINE
  5
46F
330
1F
100
AcDbEntity
  8
PDF_RICKLEE_COAXCABLE
370
     0
100
AcDbPolyline
 90
        2
 70
     0
 43
0.0
 10
721.5000710961803
 20
526.2090957128825
 10
720.4121845641979
 20
522.6487397900309
  0
LWPOLYLINE
  5
472
330
1F
100
AcDbEntity
  8
PDF_RICKLEE_COAXCABLE
370
     0
100
AcDbPolyline
 90
        2
 70
     0
 43
0.0
 10
804.5750426293821
 20
790.8622193115112
 10
805.7618279369991
 20
794.4225752343627
  0
LWPOLYLINE
  5
473
330
1F
100
AcDbEntity
  8
PDF_RICKLEE_COAXCABLE
370
     0
100
AcDbPolyline
 90
        2
 70
     0
 43
0.0
 10
806.2563218151732
 20
796.2027531957884
 10
807.4431071227902
 20
799.7631091186399
  0
LWPOLYLINE
  5
474
330
1F
100
AcDbEntity
  8
PDF_RICKLEE_COAXCABLE
370
     0
100
AcDbPolyline
 90
        2
 70
     0
 43
0.0
 10
807.9376010009641
 20
801.5432870800657
 10
809.1243863085813
 20
805.202541778552
  0
LWPOLYLINE
  5
475
330
1F
100
AcDbEntity
  8
PDF_RICKLEE_COAXCABLE
370
     0
100
AcDbPolyline
 90
        2
 70
     0
 43
0.0
 10
809.6188801867551
 20
806.9827197399776
 10
810.8056654943721
 20
810.5430756628292
  0
LWPOLYLINE
  5
476
330
1F
100
AcDbEntity
  8
PDF_RICKLEE_COAXCABLE
370
     0
100
AcDbPolyline
 90
        2
 70
     0
 43
0.0
 10
811.300159372546
 20
812.323253624255
 10
812.4869446801632
 20
815.8836095471064
  0
LWPOLYLINE
  5
477
330
1F
100
AcDbEntity
  8
PDF_RICKLEE_COAXCABLE
370
     0
100
AcDbPolyline
 90
        2
 70
     0
 43
0.0
 10
812.9814385583369
 20
817.6637875085322
 10
814.1682238659543
 20
821.2241434313838
  0
LWPOLYLINE
  5
478
330
1F
100
AcDbEntity
  8
PDF_RICKLEE_COAXCABLE
370
     0
100
AcDbPolyline
 90
        2
 70
     0
 43
0.0
 10
814.6627177441279
 20
823.1032201684442
 10
815.8495030517451
 20
826.6635760912958
  0
LWPOLYLINE
  5
479
330
1F
100
AcDbEntity
  8
PDF_RICKLEE_COAXCABLE
370
     0
100
AcDbPolyline
 90
        2
 70
     0
 43
0.0
 10
816.343996929919
 20
828.4437540527216
 10
817.5307822375362
 20
832.004109975573
  0
LWPOLYLINE
  5
47A
330
1F
100
AcDbEntity
  8
PDF_RICKLEE_COAXCABLE
370
     0
100
AcDbPolyline
 90
        2
 70
     0
 43
0.0
 10
818.0252761157099
 20
833.7842879369988
 10
819.0142638720576
 20
836.7512512060416
  0
LWPOLYLINE
  5
47B
330
1F
100
AcDbEntity
  8
PDF_Level 21
370
     9
100
AcDbPolyline
 90
        5
 70
     0
 43
0.0
 10
544.8668578124916
 20
574.8672933251864
 10
545.5591492419349
 20
579.1199406774812
 10
547.4382259789954
 20
575.460685978995
 10
547.1415296520912
 20
579.614434555655
 10
550.108492921134
 20
576.4496737353426
  0
LWPOLYLINE
  5
47D
330
1F
100
AcDbEntity
  8
PDF_Level 22
370
     9
100
AcDbPolyline
 90
        8
 70
     1
 43
0.0
 10
798.0477234374876
 20
790.9611180871459
 10
795.773051597888
 20
791.6534095165894
 10
793.696177309558
 20
790.5655229846069
 10
793.0038858801147
 20
788.2908511450072
 10
794.0917724120971
 20
786.2139768566772
 10
796.267545476062
 20
785.5216854272339
 10
798.4433185400267
 20
786.6095719592164
 10
799.1356099694701
 20
788.8842437988159
  0
LWPOLYLINE
  5
47E
330
1F
100
AcDbEntity
  8
PDF_Level 22
370
     9
100
AcDbPolyline
 90
       14
 70
     0
 43
0.0
 10
794.8829626171751
 20
787.202964613025
 10
794.6851650659056
 20
787.3018633886597
 10
794.4873675146362
 20
787.4996609399292
 10
794.3884687390013
 20
787.5985597155639
 10
794.2895699633666
 20
787.7963572668335
 10
794.3884687390013
 20
788.1919523693726
 10
794.5862662902709
 20
788.3897499206421
 10
794.7840638415405
 20
788.4886486962768
 10
795.0807601684447
 20
788.4886486962768
 10
795.3774564953491
 20
788.3897499206421
 10
795.5752540466185
 20
788.1919523693726
 10
795.8719503735228
 20
787.8952560424683
 10
796.8609381298705
 20
786.5106731835816
 10
797.3554320080443
 20
787.8952560424683
  0
LWPOLYLINE
  5
47F
330
1F
100
AcDbEntity
  8
PDF_Level 22
370
     9
100
AcDbPolyline
 90
       15
 70
     0
 43
0.0
 10
794.7840638415405
 20
789.4776364526245
 10
795.1796589440795
 20
790.5655229846069
 10
796.0697479247924
 20
789.6754340038939
 10
796.1686467004271
 20
789.9721303307983
 10
796.3664442516966
 20
790.1699278820679
 10
796.4653430273314
 20
790.1699278820679
 10
796.8609381298705
 20
790.1699278820679
 10
797.1576344567747
 20
790.071029106433
 10
797.5532295593138
 20
789.8732315551635
 10
797.7510271105833
 20
789.5765352282593
 10
797.7510271105833
 20
789.279838901355
 10
797.6521283349486
 20
788.9831425744506
 10
797.4543307836791
 20
788.6864462475464
 10
797.2565332324095
 20
788.5875474719116
 10
796.9598369055053
 20
788.5875474719116
  0
LWPOLYLINE
  5
480
330
1F
100
AcDbEntity
  8
PDF_Level 22
370
     9
100
AcDbPolyline
 90
        8
 70
     1
 43
0.0
 10
712.796978840321
 20
516.714813251945
 10
710.5223070007213
 20
517.3082059057537
 10
708.4454327123913
 20
516.2203193737712
 10
707.753141282948
 20
513.9456475341717
 10
708.9399265905651
 20
511.8687732458417
 10
711.2145984301648
 20
511.1764818163983
 10
713.2914727184948
 20
512.3632671240154
 10
713.8848653723035
 20
514.6379389636151
  0
LWPOLYLINE
  5
481
330
1F
100
AcDbEntity
  8
PDF_Level 22
370
     9
100
AcDbPolyline
 90
        4
 70
     0
 43
0.0
 10
709.6322180200086
 20
513.0555585534589
 10
709.5333192443738
 20
513.2533561047284
 10
709.2366229174695
 20
513.6489512072674
 10
712.0057886352428
 20
512.9566597778241
  0
LWPOLYLINE
  5
482
330
1F
100
AcDbEntity
  8
PDF_Level 22
370
     9
100
AcDbPolyline
 90
        3
 70
     0
 43
0.0
 10
709.5333192443738
 20
514.7368377392498
 10
709.9289143469128
 20
516.1214205981366
 10
712.401383737782
 20
514.4401414123456
  0
LWPOLYLINE
  5
483
330
1F
100
AcDbEntity
  8
PDF_Level 22
370
     9
100
AcDbPolyline
 90
        8
 70
     1
 43
0.0
 10
816.2450981542843
 20
849.1135981603871
 10
813.9704263146846
 20
849.8058895898306
 10
811.8935520263546
 20
848.7180030578482
 10
811.2012605969113
 20
846.4433312182487
 10
812.2891471288935
 20
844.3664569299185
 10
814.4649201928585
 20
843.6741655004752
 10
816.6406932568232
 20
844.7620520324576
 10
817.3329846862666
 20
847.0367238720571
  0
LWPOLYLINE
  5
484
330
1F
100
AcDbEntity
  8
PDF_Level 22
370
     9
100
AcDbPolyline
 90
       14
 70
     0
 43
0.0
 10
813.0803373339718
 20
845.3554446862662
 10
812.8825397827023
 20
845.454343461901
 10
812.6847422314327
 20
845.6521410131704
 10
812.5858434557979
 20
845.7510397888054
 10
812.4869446801632
 20
845.9488373400748
 10
812.5858434557979
 20
846.3444324426138
 10
812.7836410070676
 20
846.5422299938834
 10
812.9814385583369
 20
846.6411287695182
 10
813.2781348852413
 20
846.6411287695182
 10
813.5748312121457
 20
846.5422299938834
 10
813.7726287634151
 20
846.3444324426138
 10
814.0693250903193
 20
846.0477361157096
 10
815.0583128466671
 20
844.6631532568229
 10
815.5528067248409
 20
846.0477361157096
  0
LWPOLYLINE
  5
485
330
1F
100
AcDbEntity
  8
PDF_Level 22
370
     9
100
AcDbPolyline
 90
       15
 70
     0
 43
0.0
 10
812.9814385583369
 20
847.6301165258657
 10
813.377033660876
 20
848.7180030578482
 10
814.267122641589
 20
847.8279140771354
 10
814.3660214172237
 20
848.1246104040396
 10
814.4649201928585
 20
848.3224079553091
 10
814.6627177441279
 20
848.3224079553091
 10
815.0583128466671
 20
848.3224079553091
 10
815.3550091735713
 20
848.2235091796743
 10
815.7506042761104
 20
848.0257116284048
 10
815.9484018273799
 20
847.7290153015005
 10
815.9484018273799
 20
847.4323189745962
 10
815.8495030517451
 20
847.135622647692
 10
815.6517055004757
 20
846.8389263207876
 10
815.4539079492062
 20
846.7400275451529
 10
815.1572116223018
 20
846.7400275451529
  0
LWPOLYLINE
  5
486
330
1F
100
AcDbEntity
  8
PDF_RICKLEE_COAXCABLE
370
     0
100
AcDbPolyline
 90
        2
 70
     0
 43
0.0
 10
619.1398383141994
 20
474.4850360559008
 10
617.3596603527736
 20
473.7927446264575
  0
LWPOLYLINE
  5
487
330
1F
100
AcDbEntity
  8
PDF_RICKLEE_COAXCABLE
370
     0
100
AcDbPolyline
 90
        2
 70
     0
 43
0.0
 10
615.5794823913479
 20
473.1004531970142
 10
612.0191264684964
 20
471.8147691137622
  0
LWPOLYLINE
  5
488
330
1F
100
AcDbEntity
  8
PDF_RICKLEE_COAXCABLE
370
     0
100
AcDbPolyline
 90
        2
 70
     0
 43
0.0
 10
610.3378472827054
 20
471.1224776843188
 10
606.7774913598539
 20
469.836793601067
  0
LWPOLYLINE
  5
489
330
1F
100
AcDbEntity
  8
PDF_RICKLEE_COAXCABLE
370
     0
100
AcDbPolyline
 90
        2
 70
     0
 43
0.0
 10
604.9973133984281
 20
469.1445021716236
 10
601.5358562512114
 20
467.8588180883716
  0
LWPOLYLINE
  5
48A
330
1F
100
AcDbEntity
  8
PDF_RICKLEE_COAXCABLE
370
     0
100
AcDbPolyline
 90
        2
 70
     0
 43
0.0
 10
599.7556782897857
 20
467.1665266589283
 10
596.2942211425688
 20
465.8808425756764
  0
LWPOLYLINE
  5
48B
330
1F
100
AcDbEntity
  8
PDF_RICKLEE_COAXCABLE
370
     0
100
AcDbPolyline
 90
        2
 70
     0
 43
0.0
 10
594.5140431811431
 20
465.1885511462331
 10
592.6349664440826
 20
464.4962597167896
  0
LWPOLYLINE
  5
48C
330
1F
100
AcDbEntity
  8
PDF_RICKLEE_COAXCABLE
370
     0
100
AcDbPolyline
 90
        2
 70
     0
 43
0.0
 10
777.6745756567262
 20
730.0394722961312
 10
776.3888915734743
 20
725.984622495106
  0
LWPOLYLINE
  5
48D
330
1F
100
AcDbEntity
  8
PDF_RICKLEE_COAXCABLE
370
     0
100
AcDbPolyline
 90
        2
 70
     0
 43
0.0
 10
775.7954989196657
 20
724.2044445336802
 10
774.6087136120486
 20
720.5451898351939
  0
LWPOLYLINE
  5
48E
330
1F
100
AcDbEntity
  8
PDF_RICKLEE_COAXCABLE
370
     0
100
AcDbPolyline
 90
        2
 70
     0
 43
0.0
 10
774.1142197338747
 20
718.7650118737682
 10
772.9274344262575
 20
715.2046559509167
  0
LWPOLYLINE
  5
48F
330
1F
100
AcDbEntity
  8
PDF_RICKLEE_COAXCABLE
370
     0
100
AcDbPolyline
 90
        2
 70
     0
 43
0.0
 10
772.334041772449
 20
713.4244779894909
 10
771.2461552404666
 20
709.8641220666394
  0
LWPOLYLINE
  5
490
330
1F
100
AcDbEntity
  8
PDF_RICKLEE_COAXCABLE
370
     0
100
AcDbPolyline
 90
        2
 70
     0
 43
0.0
 10
770.652762586658
 20
708.0839441052136
 10
769.5648760546756
 20
704.5235881823621
  0
LWPOLYLINE
  5
491
330
1F
100
AcDbEntity
  8
PDF_RICKLEE_COAXCABLE
370
     0
100
AcDbPolyline
 90
        2
 70
     0
 43
0.0
 10
768.9714834008669
 20
702.7434102209364
 10
767.7846980932498
 20
699.1830542980849
  0
LWPOLYLINE
  5
492
330
1F
100
AcDbEntity
  8
PDF_RICKLEE_COAXCABLE
370
     0
100
AcDbPolyline
 90
        2
 70
     0
 43
0.0
 10
767.290204215076
 20
697.402876336659
 10
766.1034189074588
 20
693.7436216381728
  0
LWPOLYLINE
  5
493
330
1F
100
AcDbEntity
  8
PDF_RICKLEE_COAXCABLE
370
     0
100
AcDbPolyline
 90
        2
 70
     0
 43
0.0
 10
765.5100262536502
 20
691.9634436767471
 10
764.2243421703983
 20
687.9085938757217
  0
LWPOLYLINE
  5
495
330
1F
100
AcDbEntity
  8
PDF_RICKLEE_COAXCABLE
370
     0
100
AcDbPolyline
 90
        2
 70
     0
 43
0.0
 10
770.5538638110232
 20
682.5680599914445
 10
771.7406491186403
 20
686.128415914296
  0
LWPOLYLINE
  5
496
330
1F
100
AcDbEntity
  8
PDF_RICKLEE_COAXCABLE
370
     0
100
AcDbPolyline
 90
        2
 70
     0
 43
0.0
 10
772.2351429968142
 20
687.9085938757217
 10
773.4219283044313
 20
691.4689497985732
  0
LWPOLYLINE
  5
497
330
1F
100
AcDbEntity
  8
PDF_RICKLEE_COAXCABLE
370
     0
100
AcDbPolyline
 90
        2
 70
     0
 43
0.0
 10
773.9164221826052
 20
693.249127759999
 10
775.1032074902224
 20
696.9083824584853
  0
LWPOLYLINE
  5
498
330
1F
100
AcDbEntity
  8
PDF_RICKLEE_COAXCABLE
370
     0
100
AcDbPolyline
 90
        2
 70
     0
 43
0.0
 10
775.5977013683962
 20
698.688560419911
 10
776.7844866760134
 20
702.2489163427626
  0
LWPOLYLINE
  5
499
330
1F
100
AcDbEntity
  8
PDF_RICKLEE_COAXCABLE
370
     0
100
AcDbPolyline
 90
        2
 70
     0
 43
0.0
 10
777.2789805541872
 20
704.0290943041883
 10
778.3668670861695
 20
707.5894502270398
  0
LWPOLYLINE
  5
49A
330
1F
100
AcDbEntity
  8
PDF_RICKLEE_COAXCABLE
370
     0
100
AcDbPolyline
 90
        2
 70
     0
 43
0.0
 10
778.9602597399781
 20
709.3696281884656
 10
780.0481462719606
 20
713.0288828869518
  0
LWPOLYLINE
  5
49B
330
1F
100
AcDbEntity
  8
PDF_RICKLEE_COAXCABLE
370
     0
100
AcDbPolyline
 90
        2
 70
     0
 43
0.0
 10
780.6415389257692
 20
714.8090608483776
 10
781.7294254577516
 20
718.3694167712291
  0
LWPOLYLINE
  5
49C
330
1F
100
AcDbEntity
  8
PDF_RICKLEE_COAXCABLE
370
     0
100
AcDbPolyline
 90
        2
 70
     0
 43
0.0
 10
782.3228181115601
 20
720.1495947326549
 10
783.4107046435425
 20
723.7099506555064
  0
LWPOLYLINE
  5
49E
330
1F
100
AcDbEntity
  8
PDF_Level 22
370
     9
100
AcDbPolyline
 90
        8
 70
     1
 43
0.0
 10
747.2137527612188
 20
629.2616199243067
 10
744.9390809216193
 20
629.95391135375
 10
742.8622066332892
 20
628.8660248217675
 10
742.0710164282112
 20
626.591352982168
 10
743.2578017358284
 20
624.514478693838
 10
745.4335747997931
 20
623.8221872643946
 10
747.6093478637579
 20
624.9100737963771
 10
748.3016392932013
 20
627.1847456359766
  0
LWPOLYLINE
  5
49F
330
1F
100
AcDbEntity
  8
PDF_Level 22
370
     9
100
AcDbPolyline
 90
       14
 70
     0
 43
0.0
 10
744.0489919409064
 20
625.5034664501856
 10
743.8511943896369
 20
625.6023652258204
 10
743.6533968383673
 20
625.7012640014552
 10
743.5544980627327
 20
625.8990615527246
 10
743.4555992870979
 20
626.0968591039942
 10
743.5544980627327
 20
626.4924542065332
 10
743.7522956140021
 20
626.6902517578028
 10
743.9500931652717
 20
626.6902517578028
 10
744.246789492176
 20
626.6902517578028
 10
744.5434858190802
 20
626.6902517578028
 10
744.7412833703498
 20
626.4924542065332
 10
745.0379796972541
 20
626.195757879629
 10
746.0269674536017
 20
624.8111750207423
 10
746.5214613317755
 20
626.0968591039942
  0
LWPOLYLINE
  5
4A0
330
1F
100
AcDbEntity
  8
PDF_Level 22
370
     9
100
AcDbPolyline
 90
       15
 70
     0
 43
0.0
 10
743.9500931652717
 20
627.7781382897853
 10
744.3456882678106
 20
628.8660248217675
 10
745.2357772485235
 20
627.9759358410546
 10
745.2357772485235
 20
628.272632167959
 10
745.4335747997931
 20
628.3715309435938
 10
745.6313723510627
 20
628.4704297192286
 10
746.0269674536017
 20
628.4704297192286
 10
746.323663780506
 20
628.3715309435938
 10
746.719258883045
 20
628.1737333923242
 10
746.9170564343146
 20
627.87703706542
 10
746.9170564343146
 20
627.4814419628809
 10
746.8181576586799
 20
627.1847456359766
 10
746.6203601074103
 20
626.9869480847071
 10
746.4225625561408
 20
626.8880493090724
 10
746.1258662292365
 20
626.8880493090724
  0
LWPOLYLINE
  5
4A1
330
1F
100
AcDbEntity
  8
PDF_Level 22
370
     9
100
AcDbPolyline
 90
        8
 70
     1
 43
0.0
 10
780.5426401501343
 20
735.182208629139
 10
778.2679683105348
 20
735.8745000585823
 10
776.1910940222048
 20
734.7866135265999
 10
775.4988025927614
 20
732.5119416870004
 10
776.5866891247439
 20
730.4350673986704
 10
778.7624621887086
 20
729.7427759692269
 10
780.9382352526735
 20
730.8306625012094
 10
781.6305266821168
 20
733.0064355651742
  0
LWPOLYLINE
  5
4A2
330
1F
100
AcDbEntity
  8
PDF_Level 22
370
     9
100
AcDbPolyline
 90
        4
 70
     0
 43
0.0
 10
777.2789805541872
 20
731.6218527062875
 10
777.1800817785524
 20
731.819650257557
 10
776.8833854516481
 20
732.2152453600961
 10
779.6525511694215
 20
731.3251563793832
  0
LWPOLYLINE
  5
4A3
330
1F
100
AcDbEntity
  8
PDF_Level 22
370
     9
100
AcDbPolyline
 90
        3
 70
     0
 43
0.0
 10
777.1800817785524
 20
733.3031318920785
 10
777.6745756567262
 20
734.6877147509652
 10
780.0481462719606
 20
732.8086380139047
  0
LWPOLYLINE
  5
4A4
330
1F
100
AcDbEntity
  8
PDF_Level 22
370
     9
100
AcDbPolyline
 90
        8
 70
     1
 43
0.0
 10
548.7239100622473
 20
575.6584835302645
 10
546.5481369982825
 20
574.8672933251864
 10
545.4602504663001
 20
572.7904190368564
 10
546.1525418957434
 20
570.5157471972568
 10
548.3283149597083
 20
569.4278606652743
 10
550.6029867993079
 20
570.2190508703524
 10
551.5919745556555
 20
572.2959251586826
 10
550.8996831262122
 20
574.5705969982821
  0
LWPOLYLINE
  5
4A5
330
1F
100
AcDbEntity
  8
PDF_Level 22
370
     9
100
AcDbPolyline
 90
        4
 70
     0
 43
0.0
 10
548.2294161840735
 20
570.8124435241611
 10
548.031618632804
 20
570.9113422997957
 10
547.5371247546302
 20
571.1091398510653
 10
550.2073916967687
 20
571.9992288317782
  0
LWPOLYLINE
  5
4A6
330
1F
100
AcDbEntity
  8
PDF_Level 22
370
     9
100
AcDbPolyline
 90
        4
 70
     0
 43
0.0
 10
549.6139990429602
 20
574.0761031201083
 10
546.8448333251869
 20
573.1860141393954
 10
549.0206063891516
 20
572.7904190368564
 10
548.5261125109778
 20
574.2739006713779
  0
LWPOLYLINE
  5
4A7
330
1F
100
AcDbEntity
  8
PDF_Level 22
370
     9
100
AcDbPolyline
 90
        8
 70
     1
 43
0.0
 10
633.7768571081445
 20
352.0483518200629
 10
631.6999828198143
 20
353.2351371276801
 10
629.4253109802149
 20
352.5428456982368
 10
628.2385256725977
 20
350.4659714099067
 10
628.930817102041
 20
348.1912995703071
 10
631.007691390371
 20
347.1034130383247
 10
633.2823632299707
 20
347.6968056921333
 10
634.3702497619531
 20
349.7736799804633
  0
LWPOLYLINE
  5
4A8
330
1F
100
AcDbEntity
  8
PDF_Level 22
370
     9
100
AcDbPolyline
 90
        4
 70
     0
 43
0.0
 10
629.8209060827539
 20
349.2791861022896
 10
629.8209060827539
 20
349.476983653559
 10
629.5242097558496
 20
349.9714775317329
 10
632.0955779223535
 20
348.5868946728462
  0
LWPOLYLINE
  5
4A9
330
1F
100
AcDbEntity
  8
PDF_Level 22
370
     9
100
AcDbPolyline
 90
        3
 70
     0
 43
0.0
 10
630.1176024096583
 20
350.9604652880805
 10
630.8098938391016
 20
352.2461493713325
 10
632.8867681274316
 20
349.8725787560981
  0
LWPOLYLINE
  5
4AA
330
1F
100
AcDbEntity
  8
PDF_RICKLEE_COAXCABLE
370
     0
100
AcDbPolyline
 90
        2
 70
     0
 43
0.0
 10
760.4661886962773
 20
676.0407407995501
 10
759.3783021642949
 20
672.5792836523334
  0
LWPOLYLINE
  5
4AB
330
1F
100
AcDbEntity
  8
PDF_RICKLEE_COAXCABLE
370
     0
100
AcDbPolyline
 90
        2
 70
     0
 43
0.0
 10
758.883808286121
 20
670.7991056909076
 10
757.7959217541387
 20
667.2387497680561
  0
LWPOLYLINE
  5
4AC
330
1F
100
AcDbEntity
  8
PDF_RICKLEE_COAXCABLE
370
     0
100
AcDbPolyline
 90
        2
 70
     0
 43
0.0
 10
757.2025291003301
 20
665.4585718066303
 10
756.1146425683476
 20
661.7993171081441
  0
LWPOLYLINE
  5
4AD
330
1F
100
AcDbEntity
  8
PDF_RICKLEE_COAXCABLE
370
     0
100
AcDbPolyline
 90
        2
 70
     0
 43
0.0
 10
755.521249914539
 20
660.0191391467183
 10
754.4333633825566
 20
656.4587832238668
  0
LWPOLYLINE
  5
4AE
330
1F
100
AcDbEntity
  8
PDF_RICKLEE_COAXCABLE
370
     0
100
AcDbPolyline
 90
        2
 70
     0
 43
0.0
 10
753.8399707287481
 20
654.678605262441
 10
752.7520841967657
 20
651.1182493395895
  0
LWPOLYLINE
  5
4AF
330
1F
100
AcDbEntity
  8
PDF_RICKLEE_COAXCABLE
370
     0
100
AcDbPolyline
 90
        2
 70
     0
 43
0.0
 10
752.1586915429572
 20
649.3380713781638
 10
751.0708050109747
 20
645.6788166796775
  0
LWPOLYLINE
  5
4B0
330
1F
100
AcDbEntity
  8
PDF_RICKLEE_COAXCABLE
370
     0
100
AcDbPolyline
 90
        2
 70
     0
 43
0.0
 10
750.4774123571661
 20
643.8986387182517
 10
749.3895258251836
 20
640.3382827954002
  0
LWPOLYLINE
  5
4B1
330
1F
100
AcDbEntity
  8
PDF_RICKLEE_COAXCABLE
370
     0
100
AcDbPolyline
 90
        2
 70
     0
 43
0.0
 10
748.8950319470099
 20
638.5581048339745
 10
747.7082466393928
 20
634.997748911123
  0
LWPOLYLINE
  5
4B2
330
1F
100
AcDbEntity
  8
PDF_RICKLEE_COAXCABLE
370
     0
100
AcDbPolyline
 90
        2
 70
     0
 43
0.0
 10
747.2137527612188
 20
633.2175709496972
 10
746.1258662292365
 20
629.7561138024804
  0
LWPOLYLINE
  5
4B3
330
1F
100
AcDbEntity
  8
PDF_RICKLEE_COAXCABLE
370
     0
100
AcDbPolyline
 90
        2
 70
     0
 43
0.0
 10
584.1296717394929
 20
464.4962597167896
 10
583.3384815344147
 20
466.9687291076588
  0
LWPOLYLINE
  5
4B4
330
1F
100
AcDbEntity
  8
PDF_RICKLEE_COAXCABLE
370
     0
100
AcDbPolyline
 90
        2
 70
     0
 43
0.0
 10
582.7450888806062
 20
468.7489070690845
 10
581.5583035729891
 20
472.309262991936
  0
LWPOLYLINE
  5
4B5
330
1F
100
AcDbEntity
  8
PDF_RICKLEE_COAXCABLE
370
     0
100
AcDbPolyline
 90
        2
 70
     0
 43
0.0
 10
581.0638096948152
 20
474.0894409533618
 10
579.877024387198
 20
477.6497968762133
  0
LWPOLYLINE
  5
4B6
330
1F
100
AcDbEntity
  8
PDF_RICKLEE_COAXCABLE
370
     0
100
AcDbPolyline
 90
        2
 70
     0
 43
0.0
 10
579.2836317333894
 20
479.429974837639
 10
578.0968464257723
 20
482.9903307604905
  0
LWPOLYLINE
  5
4B7
330
1F
100
AcDbEntity
  8
PDF_RICKLEE_COAXCABLE
370
     0
100
AcDbPolyline
 90
        2
 70
     0
 43
0.0
 10
577.5034537719636
 20
484.7705087219162
 10
576.3166684643465
 20
488.3308646447678
  0
LWPOLYLINE
  5
4B8
330
1F
100
AcDbEntity
  8
PDF_RICKLEE_COAXCABLE
370
     0
100
AcDbPolyline
 90
        2
 70
     0
 43
0.0
 10
575.723275810538
 20
490.1110426061936
 10
574.9320856054598
 20
492.4846132214279
  0
LWPOLYLINE
  5
4B9
330
1F
100
AcDbEntity
  8
PDF_Level 21
370
     9
100
AcDbPolyline
 90
        5
 70
     0
 43
0.0
 10
821.2889357116573
 20
847.4323189745962
 10
824.3547977563348
 20
850.5970797949087
 10
823.7614051025262
 20
846.5422299938834
 10
825.937178166491
 20
850.1025859167349
 10
826.431672044665
 20
845.7510397888054
  0
LWPOLYLINE
  5
4BB
330
1F
100
AcDbEntity
  8
PDF_Level 21
370
     9
100
AcDbPolyline
 90
        3
 70
     1
 43
0.0
 10
572.2618186633212
 20
240.3916341284143
 10
570.5805394775302
 20
239.4026463720666
 10
570.5805394775302
 20
241.3806218847619
  0
LWPOLYLINE
  5
4BC
330
1F
100
AcDbEntity
  8
PDF_Level 21
370
     9
100
AcDbPolyline
 90
        2
 70
     0
 43
0.0
 10
570.5805394775302
 20
241.2817231091271
 10
572.1629198876865
 20
240.3916341284143
  0
LWPOLYLINE
  5
4BD
330
1F
100
AcDbEntity
  8
PDF_Level 21
370
     9
100
AcDbPolyline
 90
        3
 70
     0
 43
0.0
 10
570.5805394775302
 20
241.1828243334924
 10
572.0640211120517
 20
240.2927353527795
 10
570.5805394775302
 20
241.0839255578576
  0
LWPOLYLINE
  5
4BE
330
1F
100
AcDbEntity
  8
PDF_Level 21
370
     9
100
AcDbPolyline
 90
        2
 70
     0
 43
0.0
 10
570.5805394775302
 20
240.9850267822228
 10
571.9651223364169
 20
240.1938365771447
  0
LWPOLYLINE
  5
4BF
330
1F
100
AcDbEntity
  8
PDF_Level 21
370
     9
100
AcDbPolyline
 90
        2
 70
     0
 43
0.0
 10
570.5805394775302
 20
240.8861280065881
 10
571.8662235607821
 20
240.1938365771447
  0
LWPOLYLINE
  5
4C0
330
1F
100
AcDbEntity
  8
PDF_Level 21
370
     9
100
AcDbPolyline
 90
        2
 70
     0
 43
0.0
 10
570.5805394775302
 20
240.7872292309533
 10
571.7673247851474
 20
240.0949378015099
  0
LWPOLYLINE
  5
4C1
330
1F
100
AcDbEntity
  8
PDF_Level 21
370
     9
100
AcDbPolyline
 90
        2
 70
     0
 43
0.0
 10
570.5805394775302
 20
240.6883304553185
 10
571.6684260095127
 20
240.0949378015099
  0
LWPOLYLINE
  5
4C2
330
1F
100
AcDbEntity
  8
PDF_Level 21
370
     9
100
AcDbPolyline
 90
        2
 70
     0
 43
0.0
 10
570.5805394775302
 20
240.5894316796838
 10
571.6684260095127
 20
239.9960390258752
  0
LWPOLYLINE
  5
4C3
330
1F
100
AcDbEntity
  8
PDF_Level 21
370
     9
100
AcDbPolyline
 90
        2
 70
     0
 43
0.0
 10
570.5805394775302
 20
240.490532904049
 10
571.5695272338779
 20
239.9960390258752
  0
LWPOLYLINE
  5
4C4
330
1F
100
AcDbEntity
  8
PDF_Level 21
370
     9
100
AcDbPolyline
 90
        2
 70
     0
 43
0.0
 10
570.5805394775302
 20
240.3916341284143
 10
571.4706284582431
 20
239.8971402502404
  0
LWPOLYLINE
  5
4C5
330
1F
100
AcDbEntity
  8
PDF_Level 21
370
     9
100
AcDbPolyline
 90
        2
 70
     0
 43
0.0
 10
570.5805394775302
 20
240.2927353527795
 10
571.3717296826083
 20
239.8971402502404
  0
LWPOLYLINE
  5
4C6
330
1F
100
AcDbEntity
  8
PDF_Level 21
370
     9
100
AcDbPolyline
 90
        2
 70
     0
 43
0.0
 10
570.5805394775302
 20
240.1938365771447
 10
571.2728309069736
 20
239.7982414746057
  0
LWPOLYLINE
  5
4C7
330
1F
100
AcDbEntity
  8
PDF_Level 21
370
     9
100
AcDbPolyline
 90
        2
 70
     0
 43
0.0
 10
570.5805394775302
 20
240.0949378015099
 10
571.1739321313388
 20
239.6993426989709
  0
LWPOLYLINE
  5
4C8
330
1F
100
AcDbEntity
  8
PDF_Level 21
370
     9
100
AcDbPolyline
 90
        2
 70
     0
 43
0.0
 10
570.5805394775302
 20
239.9960390258752
 10
571.075033355704
 20
239.6993426989709
  0
LWPOLYLINE
  5
4C9
330
1F
100
AcDbEntity
  8
PDF_Level 21
370
     9
100
AcDbPolyline
 90
        2
 70
     0
 43
0.0
 10
570.5805394775302
 20
239.8971402502404
 10
570.9761345800693
 20
239.6004439233362
  0
LWPOLYLINE
  5
4CA
330
1F
100
AcDbEntity
  8
PDF_Level 21
370
     9
100
AcDbPolyline
 90
        2
 70
     0
 43
0.0
 10
570.5805394775302
 20
239.7982414746057
 10
570.8772358044345
 20
239.6004439233362
  0
LWPOLYLINE
  5
4CB
330
1F
100
AcDbEntity
  8
PDF_Level 21
370
     9
100
AcDbPolyline
 90
        2
 70
     0
 43
0.0
 10
570.5805394775302
 20
239.6993426989709
 10
570.8772358044345
 20
239.5015451477014
  0
LWPOLYLINE
  5
4CC
330
1F
100
AcDbEntity
  8
PDF_Level 21
370
     9
100
AcDbPolyline
 90
        2
 70
     0
 43
0.0
 10
570.5805394775302
 20
239.6004439233362
 10
570.7783370287997
 20
239.5015451477014
  0
LWPOLYLINE
  5
4CD
330
1F
100
AcDbEntity
  8
PDF_Level 21
370
     9
100
AcDbPolyline
 90
        2
 70
     0
 43
0.0
 10
570.5805394775302
 20
239.5015451477014
 10
570.679438253165
 20
239.4026463720666
  0
LWPOLYLINE
  5
4CE
330
1F
100
AcDbEntity
  8
PDF_Level 21
370
     9
100
AcDbPolyline
 90
        3
 70
     1
 43
0.0
 10
572.4596162145907
 20
240.3916341284143
 10
570.4816407018954
 20
239.2048488207971
 10
570.3827419262607
 20
241.4795206603967
  0
LWPOLYLINE
  5
4CF
330
1F
100
AcDbEntity
  8
PDF_Level 21
370
     9
100
AcDbPolyline
 90
        3
 70
     1
 43
0.0
 10
578.1957452014071
 20
243.7541924999962
 10
570.3827419262607
 20
239.0070512695276
 10
570.1849443749912
 20
248.1057386279259
  0
LWPOLYLINE
  5
4D0
330
1F
100
AcDbEntity
  8
PDF_Level 22
 62
     7
370
     9
100
AcDbPolyline
 90
        3
 70
     0
 43
0.0
 10
573.8441990734775
 20
241.9740145385705
 10
574.833186829825
 20
243.7541924999962
 10
573.7453002978427
 20
244.3475851538048
  0
LWPOLYLINE
  5
4D1
330
1F
100
AcDbEntity
  8
PDF_Level 22
 62
     7
370
     9
100
AcDbPolyline
 90
        5
 70
     0
 43
0.0
 10
573.3497051953036
 20
244.5453827050743
 10
572.360717438956
 20
242.7652047436486
 10
572.6574137658603
 20
244.9409778076134
 10
570.9761345800693
 20
243.5563949487267
 10
571.9651223364169
 20
245.3365729101525
  0
LWPOLYLINE
  5
4D2
330
1F
100
AcDbEntity
  8
PDF_Level 22
370
     9
100
AcDbPolyline
 90
        8
 70
     1
 43
0.0
 10
604.6017182958891
 20
312.0932464636183
 10
602.524844007559
 20
313.1811329956006
 10
600.2501721679594
 20
312.587740341792
 10
599.0633868603423
 20
310.510866053462
 10
599.7556782897857
 20
308.2361942138624
 10
601.8325525781157
 20
307.0494089062453
 10
604.1072244177152
 20
307.7417003356886
 10
605.2940097253324
 20
309.8185746240186
  0
LWPOLYLINE
  5
4D3
330
1F
100
AcDbEntity
  8
PDF_Level 22
370
     9
100
AcDbPolyline
 90
        4
 70
     0
 43
0.0
 10
600.6457672704985
 20
309.2251819702101
 10
600.6457672704985
 20
309.4229795214796
 10
600.447969719229
 20
309.9174733996534
 10
602.920439110098
 20
308.5328905407668
  0
LWPOLYLINE
  5
4D4
330
1F
100
AcDbEntity
  8
PDF_Level 22
370
     9
100
AcDbPolyline
 90
        4
 70
     0
 43
0.0
 10
604.0083256420805
 20
310.4119672778272
 10
601.4369574755765
 20
311.796550136714
 10
602.6237427831938
 20
309.9174733996534
 10
603.4149329882719
 20
311.3020562585401
  0
LWPOLYLINE
  5
4D5
330
1F
100
AcDbEntity
  8
PDF_Level 22
370
     9
100
AcDbPolyline
 90
        8
 70
     1
 43
0.0
 10
763.3342531896854
 20
681.0845783569231
 10
761.0595813500858
 20
681.7768697863664
 10
758.9827070617558
 20
680.688983254384
 10
758.2904156323125
 20
678.5132101904191
 10
759.3783021642949
 20
676.3374371264543
 10
761.5540752282598
 20
675.6451456970109
 10
763.7298482922245
 20
676.7330322289934
 10
764.4221397216679
 20
679.007704068593
  0
LWPOLYLINE
  5
4D6
330
1F
100
AcDbEntity
  8
PDF_Level 22
370
     9
100
AcDbPolyline
 90
       14
 70
     0
 43
0.0
 10
760.0705935937383
 20
677.4253236584367
 10
759.9716948181034
 20
677.4253236584367
 10
759.7738972668339
 20
677.6231212097063
 10
759.6749984911991
 20
677.8209187609758
 10
759.5760997155643
 20
678.0187163122453
 10
759.6749984911991
 20
678.4143114147845
 10
759.8727960424687
 20
678.5132101904191
 10
760.0705935937383
 20
678.6121089660539
 10
760.3672899206425
 20
678.6121089660539
 10
760.6639862475468
 20
678.5132101904191
 10
760.8617837988163
 20
678.4143114147845
 10
761.1584801257206
 20
678.0187163122453
 10
762.1474678820683
 20
676.6341334533587
 10
762.6419617602421
 20
678.0187163122453
  0
LWPOLYLINE
  5
4D7
330
1F
100
AcDbEntity
  8
PDF_Level 22
370
     9
100
AcDbPolyline
 90
       15
 70
     0
 43
0.0
 10
760.169492369373
 20
679.6999954980364
 10
760.4661886962773
 20
680.7878820300187
 10
761.3562776769902
 20
679.7988942736711
 10
761.4551764526249
 20
680.0955906005754
 10
761.6529740038944
 20
680.2933881518449
 10
761.7518727795292
 20
680.3922869274797
 10
762.2463666577031
 20
680.2933881518449
 10
762.4441642089725
 20
680.1944893762102
 10
762.8397593115116
 20
679.9966918249406
 10
763.0375568627812
 20
679.6999954980364
 10
763.0375568627812
 20
679.403299171132
 10
762.9386580871464
 20
679.1066028442278
 10
762.7408605358769
 20
678.8099065173234
 10
762.5430629846073
 20
678.8099065173234
 10
762.2463666577031
 20
678.8099065173234
  0
LWPOLYLINE
  5
4D8
330
1F
100
AcDbEntity
  8
PDF_RICKLEE_COAXCABLE
370
     0
100
AcDbPolyline
 90
        2
 70
     0
 43
0.0
 10
739.0051543835335
 20
581.9880051708894
 10
740.0930409155158
 20
585.2516647668367
  0
LWPOLYLINE
  5
4D9
330
1F
100
AcDbEntity
  8
PDF_RICKLEE_COAXCABLE
370
     0
100
AcDbPolyline
 90
        2
 70
     0
 43
0.0
 10
740.6864335693245
 20
587.1307415038971
 10
741.7743201013069
 20
590.6910974267487
  0
LWPOLYLINE
  5
4DA
330
1F
100
AcDbEntity
  8
PDF_RICKLEE_COAXCABLE
370
     0
100
AcDbPolyline
 90
        2
 70
     0
 43
0.0
 10
742.3677127551155
 20
592.4712753881745
 10
743.4555992870979
 20
596.031631311026
  0
LWPOLYLINE
  5
4DB
330
1F
100
AcDbEntity
  8
PDF_RICKLEE_COAXCABLE
370
     0
100
AcDbPolyline
 90
        2
 70
     0
 43
0.0
 10
744.0489919409064
 20
597.8118092724517
 10
745.1368784728888
 20
601.3721651953032
  0
LWPOLYLINE
  5
4DC
330
1F
100
AcDbEntity
  8
PDF_RICKLEE_COAXCABLE
370
     0
100
AcDbPolyline
 90
        2
 70
     0
 43
0.0
 10
745.7302711266975
 20
603.152343156729
 10
746.8181576586799
 20
606.7126990795805
  0
LWPOLYLINE
  5
4DD
330
1F
100
AcDbEntity
  8
PDF_RICKLEE_COAXCABLE
370
     0
100
AcDbPolyline
 90
        2
 70
     0
 43
0.0
 10
747.4115503124884
 20
608.5917758166409
 10
748.4994368444708
 20
612.1521317394924
  0
LWPOLYLINE
  5
4DE
330
1F
100
AcDbEntity
  8
PDF_RICKLEE_COAXCABLE
370
     0
100
AcDbPolyline
 90
        2
 70
     0
 43
0.0
 10
749.0928294982794
 20
613.9323097009182
 10
750.1807160302618
 20
617.4926656237698
  0
LWPOLYLINE
  5
4E0
330
1F
100
AcDbEntity
  8
PDF_RICKLEE_COAXCABLE
370
     0
100
AcDbPolyline
 90
        2
 70
     0
 43
0.0
 10
567.5146774328525
 20
247.3145484228477
 10
568.8003615161045
 20
249.5892202624473
  0
LWPOLYLINE
  5
4E1
330
1F
100
AcDbEntity
  8
PDF_RICKLEE_COAXCABLE
370
     0
100
AcDbPolyline
 90
        2
 70
     0
 43
0.0
 10
569.6904504968173
 20
251.1716006726036
 10
571.4706284582431
 20
254.5341590441855
  0
LWPOLYLINE
  5
4E2
330
1F
100
AcDbEntity
  8
PDF_RICKLEE_COAXCABLE
370
     0
100
AcDbPolyline
 90
        2
 70
     0
 43
0.0
 10
572.360717438956
 20
256.1165394543418
 10
574.2397941760165
 20
259.380199050289
  0
LWPOLYLINE
  5
4E3
330
1F
100
AcDbEntity
  8
PDF_RICKLEE_COAXCABLE
370
     0
100
AcDbPolyline
 90
        2
 70
     0
 43
0.0
 10
575.1298831567294
 20
261.06147823608
 10
576.9100611181551
 20
264.3251378320272
  0
LWPOLYLINE
  5
4E4
330
1F
100
AcDbEntity
  8
PDF_RICKLEE_COAXCABLE
370
     0
100
AcDbPolyline
 90
        2
 70
     0
 43
0.0
 10
577.800150098868
 20
266.0064170178182
 10
579.6792268359284
 20
269.2700766137654
  0
LWPOLYLINE
  5
4E5
330
1F
100
AcDbEntity
  8
PDF_RICKLEE_COAXCABLE
370
     0
100
AcDbPolyline
 90
        2
 70
     0
 43
0.0
 10
580.5693158166413
 20
270.9513557995564
 10
582.3494937780671
 20
274.2150153955035
  0
LWPOLYLINE
  5
4E6
330
1F
100
AcDbEntity
  8
PDF_RICKLEE_COAXCABLE
370
     0
100
AcDbPolyline
 90
        2
 70
     0
 43
0.0
 10
583.23958275878
 20
275.7973958056598
 10
585.1186594958405
 20
279.1599541772418
  0
LWPOLYLINE
  5
4E7
330
1F
100
AcDbEntity
  8
PDF_RICKLEE_COAXCABLE
370
     0
100
AcDbPolyline
 90
        2
 70
     0
 43
0.0
 10
586.0087484765535
 20
280.742334587398
 10
587.7889264379791
 20
284.0059941833453
  0
LWPOLYLINE
  5
4E8
330
1F
100
AcDbEntity
  8
PDF_RICKLEE_COAXCABLE
370
     0
100
AcDbPolyline
 90
        2
 70
     0
 43
0.0
 10
588.679015418692
 20
285.6872733691362
 10
590.5580921557525
 20
288.9509329650834
  0
LWPOLYLINE
  5
4E9
330
1F
100
AcDbEntity
  8
PDF_RICKLEE_COAXCABLE
370
     0
100
AcDbPolyline
 90
        2
 70
     0
 43
0.0
 10
591.4481811364654
 20
290.6322121508744
 10
593.2283590978912
 20
293.8958717468216
  0
LWPOLYLINE
  5
4EA
330
1F
100
AcDbEntity
  8
PDF_RICKLEE_COAXCABLE
370
     0
100
AcDbPolyline
 90
        2
 70
     0
 43
0.0
 10
594.1184480786041
 20
295.5771509326126
 10
595.8986260400298
 20
298.8408105285598
  0
LWPOLYLINE
  5
4EB
330
1F
100
AcDbEntity
  8
PDF_RICKLEE_COAXCABLE
370
     0
100
AcDbPolyline
 90
        2
 70
     0
 43
0.0
 10
596.8876137963775
 20
300.4231909387161
 10
598.6677917578032
 20
303.785749310298
  0
LWPOLYLINE
  5
4EC
330
1F
100
AcDbEntity
  8
PDF_RICKLEE_COAXCABLE
370
     0
100
AcDbPolyline
 90
        2
 70
     0
 43
0.0
 10
599.5578807385161
 20
305.3681297204542
 10
600.843564821768
 20
307.6428015600539
  0
LWPOLYLINE
  5
4ED
330
1F
100
AcDbEntity
  8
PDF_Level 22
 62
     7
370
     9
100
AcDbPolyline
 90
        4
 70
     1
 43
0.0
 10
813.7726287634151
 20
834.4765793664421
 10
817.9263773400753
 20
847.7290153015005
 10
825.541583063952
 20
845.3554446862662
 10
821.387834487292
 20
832.1030087512079
  0
LWPOLYLINE
  5
4EE
330
1F
100
AcDbEntity
  8
PDF_Level 21
370
     9
100
AcDbPolyline
 90
        3
 70
     1
 43
0.0
 10
815.2561103979365
 20
835.4655671227899
 10
819.6076565258662
 20
839.5204169238152
 10
820.8933406091182
 20
833.6853891613641
  0
LWPOLYLINE
  5
4EF
330
1F
100
AcDbEntity
  8
PDF_Level 22
 62
     7
370
     9
100
AcDbPolyline
 90
        3
 70
     0
 43
0.0
 10
817.7285797888057
 20
835.9600610009636
 10
818.9153650964229
 20
837.443542635485
 10
819.0142638720576
 20
835.5644658984246
  0
LWPOLYLINE
  5
4F0
330
1F
100
AcDbEntity
  8
PDF_Level 22
 62
     7
370
     9
100
AcDbPolyline
 90
        2
 70
     0
 43
0.0
 10
818.2230736669795
 20
836.4545548791374
 10
819.0142638720576
 20
836.1578585522332
  0
LWPOLYLINE
  5
4F1
330
1F
100
AcDbEntity
  8
PDF_Level 22
 62
     7
370
     9
100
AcDbPolyline
 90
        2
 70
     0
 43
0.0
 10
817.6296810131709
 20
837.7402389623894
 10
818.9153650964229
 20
842.091785090319
  0
LWPOLYLINE
  5
4F2
330
1F
100
AcDbEntity
  8
PDF_Level 22
 62
     7
370
     9
100
AcDbPolyline
 90
        2
 70
     0
 43
0.0
 10
820.3988467309443
 20
836.7512512060416
 10
823.2669112243524
 20
845.9488373400748
  0
CIRCLE
  5
4F3
330
1F
100
AcDbEntity
  8
PDF_Level 22
 62
     7
370
     9
100
AcDbCircle
 10
819.6899046249999
 20
844.5474524990695
 30
0.0
 40
2.324321431806608
  0
LWPOLYLINE
  5
4F4
330
1F
100
AcDbEntity
  8
PDF_Level 22
370
     9
100
AcDbPolyline
 90
       10
 70
     0
 43
0.0
 10
818.9153650964229
 20
845.1576471349968
 10
820.2010491796748
 20
844.7620520324576
 10
820.3988467309443
 20
844.564254481188
 10
820.3988467309443
 20
844.4653557055534
 10
820.497745506579
 20
844.2675581542838
 10
820.3988467309443
 20
844.168659378649
 10
820.2999479553096
 20
843.9708618273794
 10
820.2010491796748
 20
843.9708618273794
 10
819.9043528527706
 20
843.9708618273794
 10
819.8054540771357
 20
843.9708618273794
  0
LWPOLYLINE
  5
4F5
330
1F
100
AcDbEntity
  8
PDF_Level 21
370
     9
100
AcDbPolyline
 90
        5
 70
     0
 43
0.0
 10
711.1156996545299
 20
523.5388287707438
 10
713.8848653723035
 20
526.9013871423258
 10
713.6870678210339
 20
522.7476385656657
 10
715.4672457824595
 20
526.5057920397867
 10
716.4562335388072
 20
522.2531446874919
  0
LWPOLYLINE
  5
4F7
330
1F
100
AcDbEntity
  8
PDF_Level 22
370
     9
100
AcDbPolyline
 90
        8
 70
     1
 43
0.0
 10
651.2819403954977
 20
383.893757574457
 10
649.2050661071677
 20
385.0805428820742
 10
646.930394267568
 20
384.3882514526308
 10
645.8425077355857
 20
382.3113771643008
 10
646.4359003893942
 20
380.0367053247012
 10
648.5127746777243
 20
378.849920017084
 10
650.7874465173239
 20
379.5422114465273
 10
651.974231824941
 20
381.6190857348574
  0
LWPOLYLINE
  5
4F8
330
1F
100
AcDbEntity
  8
PDF_Level 22
370
     9
100
AcDbPolyline
 90
       14
 70
     0
 43
0.0
 10
647.5237869213767
 20
380.926794305414
 10
647.3259893701071
 20
381.0256930810488
 10
647.1281918188376
 20
381.2234906323183
 10
647.1281918188376
 20
381.4212881835879
 10
647.1281918188376
 20
381.6190857348574
 10
647.3259893701071
 20
382.0146808373964
 10
647.5237869213767
 20
382.1135796130312
 10
647.6226856970114
 20
382.1135796130312
 10
647.9193820239157
 20
382.1135796130312
 10
648.21607835082
 20
382.0146808373964
 10
648.4138759020895
 20
381.7179845104922
 10
648.6116734533591
 20
381.4212881835879
 10
649.4028636584372
 20
379.8389077734316
 10
650.0951550878806
 20
381.1245918566836
  0
LWPOLYLINE
  5
4F9
330
1F
100
AcDbEntity
  8
PDF_Level 22
370
     9
100
AcDbPolyline
 90
       16
 70
     1
 43
0.0
 10
648.1171795751853
 20
383.5970612475527
 10
648.1171795751853
 20
383.2014661450136
 10
648.3149771264548
 20
382.8058710424746
 10
648.9083697802634
 20
382.4102759399355
 10
649.3039648828024
 20
382.212478388666
 10
649.897357536611
 20
382.0146808373964
 10
650.3918514147849
 20
381.9157820617617
 10
650.6885477416891
 20
382.1135796130312
 10
650.7874465173239
 20
382.3113771643008
 10
650.7874465173239
 20
382.7069722668398
 10
650.4907501904195
 20
383.1025673693789
 10
649.9962563122458
 20
383.4981624719179
 10
649.6006612097068
 20
383.6959600231874
 10
648.9083697802634
 20
383.893757574457
 10
648.5127746777243
 20
383.893757574457
 10
648.21607835082
 20
383.6959600231874
  0
LWPOLYLINE
  5
4FA
330
1F
100
AcDbEntity
  8
PDF_RICKLEE_POWERSUPPLY
370
     9
100
AcDbPolyline
 90
       11
 70
     0
 43
0.0
 10
822.673518570544
 20
734.9844110778694
 10
822.673518570544
 20
737.8524755712776
 10
823.5636075512568
 20
737.8524755712776
 10
823.7614051025262
 20
737.7535767956429
 10
823.860303878161
 20
737.6546780200081
 10
823.9592026537959
 20
737.3579816931038
 10
823.9592026537959
 20
736.9623865905647
 10
823.860303878161
 20
736.6656902636605
 10
823.7614051025262
 20
736.4678927123909
 10
823.5636075512568
 20
736.3689939367561
 10
822.673518570544
 20
736.3689939367561
  0
LWPOLYLINE
  5
4FB
330
1F
100
AcDbEntity
  8
PDF_RICKLEE_POWERSUPPLY
370
     9
100
AcDbPolyline
 90
       20
 70
     0
 43
0.0
 10
825.937178166491
 20
737.4568804687386
 10
825.7393806152217
 20
737.7535767956429
 10
825.4426842883173
 20
737.8524755712776
 10
825.1459879614131
 20
737.8524755712776
 10
824.8492916345087
 20
737.7535767956429
 10
824.6514940832392
 20
737.4568804687386
 10
824.6514940832392
 20
737.1601841418343
 10
824.750392858874
 20
736.9623865905647
 10
824.8492916345087
 20
736.7645890392952
 10
825.0470891857784
 20
736.6656902636605
 10
825.541583063952
 20
736.3689939367561
 10
825.7393806152217
 20
736.1711963854867
 10
825.8382793908564
 20
736.0722976098519
 10
825.937178166491
 20
735.7756012829476
 10
825.937178166491
 20
735.3800061804085
 10
825.7393806152217
 20
735.0833098535042
 10
825.4426842883173
 20
734.9844110778694
 10
825.1459879614131
 20
734.9844110778694
 10
824.8492916345087
 20
735.0833098535042
 10
824.6514940832392
 20
735.3800061804085
  0
LWPOLYLINE
  5
4FC
330
1F
100
AcDbEntity
  8
PDF_RICKLEE_POWERSUPPLY
370
     9
100
AcDbPolyline
 90
        4
 70
     0
 43
0.0
 10
826.5305708202998
 20
737.3579816931038
 10
826.7283683715692
 20
737.4568804687386
 10
826.9261659228387
 20
737.8524755712776
 10
826.9261659228387
 20
734.9844110778694
  0
LWPOLYLINE
  5
4FD
330
1F
100
AcDbEntity
  8
PDF_RICKLEE_POWERSUPPLY
370
     9
100
AcDbPolyline
 90
        4
 70
     0
 43
0.0
 10
828.0140524548212
 20
737.3579816931038
 10
828.2118500060906
 20
737.4568804687386
 10
828.508546332995
 20
737.8524755712776
 10
828.508546332995
 20
734.9844110778694
  0
LWPOLYLINE
  5
4FE
330
1F
100
AcDbEntity
  8
PDF_RICKLEE_POWERSUPPLY
370
     9
100
AcDbPolyline
 90
       17
 70
     0
 43
0.0
 10
830.585420621325
 20
737.8524755712776
 10
829.6953316406121
 20
737.8524755712776
 10
829.5964328649773
 20
736.6656902636605
 10
829.6953316406121
 20
736.7645890392952
 10
829.9920279675164
 20
736.86348781493
 10
830.1898255187861
 20
736.86348781493
 10
830.4865218456903
 20
736.7645890392952
 10
830.6843193969598
 20
736.4678927123909
 10
830.7832181725945
 20
736.0722976098519
 10
830.7832181725945
 20
735.7756012829476
 10
830.6843193969598
 20
735.3800061804085
 10
830.4865218456903
 20
735.0833098535042
 10
830.1898255187861
 20
734.9844110778694
 10
829.9920279675164
 20
734.9844110778694
 10
829.6953316406121
 20
735.0833098535042
 10
829.5964328649773
 20
735.182208629139
 10
829.4975340893426
 20
735.4789049560434
  0
LWPOLYLINE
  5
4FF
330
1F
100
AcDbEntity
  8
PDF_RICKLEE_POWERSUPPLY
370
     9
100
AcDbPolyline
 90
        3
 70
     0
 43
0.0
 10
831.3766108264031
 20
734.9844110778694
 10
832.0689022558465
 20
737.8524755712776
 10
832.8600924609245
 20
734.9844110778694
  0
LWPOLYLINE
  5
500
330
1F
100
AcDbEntity
  8
PDF_RICKLEE_POWERSUPPLY
370
     9
100
AcDbPolyline
 90
        2
 70
     0
 43
0.0
 10
831.6733071533073
 20
735.9733988342171
 10
832.5633961340203
 20
735.8745000585823
  0
LWPOLYLINE
  5
501
330
1F
100
AcDbEntity
  8
PDF_RICKLEE_POWERSUPPLY
370
     9
100
AcDbPolyline
 90
       17
 70
     0
 43
0.0
 10
823.6625063268915
 20
733.2042331164437
 10
822.7724173461787
 20
733.2042331164437
 10
822.673518570544
 20
731.9185490331918
 10
822.7724173461787
 20
732.1163465844612
 10
822.9702148974482
 20
732.2152453600961
 10
823.2669112243524
 20
732.2152453600961
 10
823.5636075512568
 20
732.1163465844612
 10
823.7614051025262
 20
731.819650257557
 10
823.860303878161
 20
731.3251563793832
 10
823.860303878161
 20
731.1273588281137
 10
823.7614051025262
 20
730.6328649499398
 10
823.5636075512568
 20
730.4350673986704
 10
823.2669112243524
 20
730.2372698474008
 10
822.9702148974482
 20
730.2372698474008
 10
822.7724173461787
 20
730.4350673986704
 10
822.673518570544
 20
730.533966174305
 10
822.574619794909
 20
730.8306625012094
  0
LWPOLYLINE
  5
502
330
1F
100
AcDbEntity
  8
PDF_RICKLEE_POWERSUPPLY
370
     9
100
AcDbPolyline
 90
        4
 70
     0
 43
0.0
 10
824.5525953076043
 20
730.533966174305
 10
824.4536965319696
 20
730.4350673986704
 10
824.5525953076043
 20
730.2372698474008
 10
824.5525953076043
 20
730.4350673986704
  0
LWPOLYLINE
  5
503
330
1F
100
AcDbEntity
  8
PDF_RICKLEE_POWERSUPPLY
370
     9
100
AcDbPolyline
 90
       16
 70
     1
 43
0.0
 10
825.937178166491
 20
733.2042331164437
 10
825.6404818395868
 20
733.0064355651742
 10
825.4426842883173
 20
732.6108404626351
 10
825.3437855126826
 20
731.9185490331918
 10
825.3437855126826
 20
731.5229539306527
 10
825.4426842883173
 20
730.8306625012094
 10
825.6404818395868
 20
730.4350673986704
 10
825.937178166491
 20
730.2372698474008
 10
826.1349757177606
 20
730.2372698474008
 10
826.3327732690301
 20
730.4350673986704
 10
826.5305708202998
 20
730.8306625012094
 10
826.6294695959343
 20
731.5229539306527
 10
826.6294695959343
 20
731.9185490331918
 10
826.5305708202998
 20
732.6108404626351
 10
826.3327732690301
 20
733.0064355651742
 10
826.1349757177606
 20
733.2042331164437
  0
LWPOLYLINE
  5
504
330
1F
100
AcDbEntity
  8
PDF_RICKLEE_POWERSUPPLY
370
     9
100
AcDbPolyline
 90
       21
 70
     0
 43
0.0
 10
828.4096475573601
 20
732.2152453600961
 10
828.3107487817254
 20
731.819650257557
 10
828.1129512304559
 20
731.5229539306527
 10
827.8162549035517
 20
731.3251563793832
 10
827.5195585766473
 20
731.5229539306527
 10
827.3217610253778
 20
731.819650257557
 10
827.2228622497431
 20
732.2152453600961
 10
827.2228622497431
 20
732.3141441357308
 10
827.3217610253778
 20
732.8086380139047
 10
827.5195585766473
 20
733.0064355651742
 10
827.8162549035517
 20
733.2042331164437
 10
828.1129512304559
 20
733.0064355651742
 10
828.3107487817254
 20
732.8086380139047
 10
828.4096475573601
 20
732.2152453600961
 10
828.4096475573601
 20
731.5229539306527
 10
828.3107487817254
 20
730.8306625012094
 10
828.1129512304559
 20
730.4350673986704
 10
827.8162549035517
 20
730.2372698474008
 10
827.7173561279168
 20
730.2372698474008
 10
827.4206598010126
 20
730.4350673986704
 10
827.3217610253778
 20
730.6328649499398
  0
LWPOLYLINE
  5
505
330
1F
100
AcDbEntity
  8
PDF_RICKLEE_POWERSUPPLY
370
     9
100
AcDbPolyline
 90
        3
 70
     0
 43
0.0
 10
829.1019389868036
 20
730.2372698474008
 10
829.794230416247
 20
733.2042331164437
 10
830.585420621325
 20
730.2372698474008
  0
LWPOLYLINE
  5
506
330
1F
100
AcDbEntity
  8
PDF_RICKLEE_POWERSUPPLY
370
     9
100
AcDbPolyline
 90
        2
 70
     0
 43
0.0
 10
829.3986353137078
 20
731.2262576037483
 10
830.2887242944207
 20
731.2262576037483
  0
CIRCLE
  5
507
330
1F
100
AcDbEntity
  8
PDF_RICKLEE_ENDOFTAPOFFBLOCK
370
     0
100
AcDbCircle
 10
703.7758610120345
 20
522.9156053998448
 30
0.0
 40
4.598793176797358
  0
LWPOLYLINE
  5
508
330
1F
100
AcDbEntity
  8
PDF_RICKLEE_ENDOFTAPOFFBLOCK
370
     0
100
AcDbPolyline
 90
        2
 70
     0
 43
0.0
 10
699.1489478027236
 20
522.8465373413005
 10
708.3465339367566
 20
522.8465373413005
  0
CIRCLE
  5
509
330
1F
100
AcDbEntity
  8
PDF_RICKLEE_ENDOFTAPOFFBLOCK
370
     0
100
AcDbCircle
 10
523.6738461145608
 20
123.9416961145654
 30
0.0
 40
4.59879317681282
  0
LWPOLYLINE
  5
50A
330
1F
100
AcDbEntity
  8
PDF_RICKLEE_ENDOFTAPOFFBLOCK
370
     0
100
AcDbPolyline
 90
        2
 70
     0
 43
0.0
 10
519.0542773718182
 20
123.8888764306621
 10
528.1529647302164
 20
123.8888764306621
  0
CIRCLE
  5
50B
330
1F
100
AcDbEntity
  8
PDF_RICKLEE_ENDOFTAPOFFBLOCK
370
     0
100
AcDbCircle
 10
539.9927980536578
 20
569.9933341754772
 30
0.0
 40
4.598793176802588
  0
LWPOLYLINE
  5
50C
330
1F
100
AcDbEntity
  8
PDF_RICKLEE_ENDOFTAPOFFBLOCK
370
     0
100
AcDbPolyline
 90
        2
 70
     0
 43
0.0
 10
535.3725753515542
 20
569.9223545434482
 10
544.5701614855872
 20
569.9223545434482
  0
CIRCLE
  5
50D
330
1F
100
AcDbEntity
  8
PDF_RICKLEE_ENDOFTAPOFFBLOCK
370
     0
100
AcDbCircle
 10
595.5761736658291
 20
319.7692199927388
 30
0.0
 40
4.598793176813047
  0
LWPOLYLINE
  5
50E
330
1F
100
AcDbEntity
  8
PDF_RICKLEE_ENDOFTAPOFFBLOCK
370
     0
100
AcDbPolyline
 90
        2
 70
     0
 43
0.0
 10
590.9536872582917
 20
319.7084521874951
 10
600.1512733923247
 20
319.7084521874951
  0
LWPOLYLINE
  5
50F
330
1F
100
AcDbEntity
  8
PDF_RICKLEE_NODEDETAILS
370
    13
100
AcDbPolyline
 90
        3
 70
     0
 43
0.0
 10
649.7984587609762
 20
573.9772043444735
 10
650.8863452929587
 20
570.021253319083
 10
651.974231824941
 20
573.9772043444735
  0
LWPOLYLINE
  5
510
330
1F
100
AcDbEntity
  8
PDF_RICKLEE_NODEDETAILS
370
    13
100
AcDbPolyline
 90
       20
 70
     1
 43
0.0
 10
653.3588146838277
 20
573.9772043444735
 10
653.1610171325582
 20
573.7794067932039
 10
652.8643208056539
 20
573.383811690665
 10
652.6665232543844
 20
573.0871153637606
 10
652.5676244787497
 20
572.4937227099521
 10
652.5676244787497
 20
571.6036337292392
 10
652.6665232543844
 20
571.0102410754306
 10
652.8643208056539
 20
570.6146459728915
 10
653.1610171325582
 20
570.2190508703524
 10
653.3588146838277
 20
570.021253319083
 10
653.9522073376364
 20
570.021253319083
 10
654.2489036645406
 20
570.2190508703524
 10
654.545599991445
 20
570.6146459728915
 10
654.6444987670797
 20
571.0102410754306
 10
654.8422963183492
 20
571.6036337292392
 10
654.8422963183492
 20
572.4937227099521
 10
654.6444987670797
 20
573.0871153637606
 10
654.545599991445
 20
573.383811690665
 10
654.2489036645406
 20
573.7794067932039
 10
653.9522073376364
 20
573.9772043444735
  0
LWPOLYLINE
  5
511
330
1F
100
AcDbEntity
  8
PDF_RICKLEE_NODEDETAILS
370
    13
100
AcDbPolyline
 90
        3
 70
     0
 43
0.0
 10
655.6334865234273
 20
573.9772043444735
 10
655.6334865234273
 20
570.021253319083
 10
657.3147657092183
 20
570.021253319083
  0
LWPOLYLINE
  5
512
330
1F
100
AcDbEntity
  8
PDF_RICKLEE_NODEDETAILS
370
    13
100
AcDbPolyline
 90
        2
 70
     0
 43
0.0
 10
658.9960448950094
 20
573.9772043444735
 10
658.9960448950094
 20
570.021253319083
  0
LWPOLYLINE
  5
513
330
1F
100
AcDbEntity
  8
PDF_RICKLEE_NODEDETAILS
370
    13
100
AcDbPolyline
 90
        2
 70
     0
 43
0.0
 10
658.0070571386617
 20
573.9772043444735
 10
659.9850326513569
 20
573.9772043444735
  0
LWPOLYLINE
  5
514
330
1F
100
AcDbEntity
  8
PDF_RICKLEE_NODEDETAILS
370
    13
100
AcDbPolyline
 90
        3
 70
     0
 43
0.0
 10
660.5784253051655
 20
570.021253319083
 10
661.6663118371479
 20
573.9772043444735
 10
662.7541983691303
 20
570.021253319083
  0
LWPOLYLINE
  5
515
330
1F
100
AcDbEntity
  8
PDF_RICKLEE_NODEDETAILS
370
    13
100
AcDbPolyline
 90
        2
 70
     0
 43
0.0
 10
660.9740204077046
 20
571.4058361779697
 10
662.3586032665913
 20
571.4058361779697
  0
LWPOLYLINE
  5
516
330
1F
100
AcDbEntity
  8
PDF_RICKLEE_NODEDETAILS
370
    13
100
AcDbPolyline
 90
       20
 70
     0
 43
0.0
 10
665.7211616381732
 20
572.9882165881259
 10
665.6222628625385
 20
573.383811690665
 10
665.3255665356343
 20
573.7794067932039
 10
665.0288702087299
 20
573.9772043444735
 10
664.4354775549214
 20
573.9772043444735
 10
664.1387812280171
 20
573.7794067932039
 10
663.9409836767476
 20
573.383811690665
 10
663.743186125478
 20
572.9882165881259
 10
663.6442873498432
 20
572.4937227099521
 10
663.6442873498432
 20
571.5047349536044
 10
663.743186125478
 20
571.0102410754306
 10
663.9409836767476
 20
570.6146459728915
 10
664.1387812280171
 20
570.2190508703524
 10
664.4354775549214
 20
570.021253319083
 10
665.0288702087299
 20
570.021253319083
 10
665.3255665356343
 20
570.2190508703524
 10
665.5233640869038
 20
570.6146459728915
 10
665.7211616381732
 20
571.0102410754306
 10
665.7211616381732
 20
571.5047349536044
 10
665.0288702087299
 20
571.5047349536044
  0
LWPOLYLINE
  5
517
330
1F
100
AcDbEntity
  8
PDF_RICKLEE_NODEDETAILS
370
    13
100
AcDbPolyline
 90
        4
 70
     0
 43
0.0
 10
668.3914285803119
 20
570.021253319083
 10
666.5123518432514
 20
570.021253319083
 10
666.5123518432514
 20
573.9772043444735
 10
668.3914285803119
 20
573.9772043444735
  0
LWPOLYLINE
  5
518
330
1F
100
AcDbEntity
  8
PDF_RICKLEE_NODEDETAILS
370
    13
100
AcDbPolyline
 90
        2
 70
     0
 43
0.0
 10
666.5123518432514
 20
572.098127607413
 10
667.6991371508686
 20
572.098127607413
  0
LWPOLYLINE
  5
51A
330
1F
100
AcDbEntity
  8
PDF_RICKLEE_NODEDETAILS
370
    13
100
AcDbPolyline
 90
        4
 70
     1
 43
0.0
 10
669.3804163366595
 20
572.6915202612216
 10
669.1826187853901
 20
572.4937227099521
 10
669.3804163366595
 20
572.2959251586826
 10
669.4793151122943
 20
572.4937227099521
  0
LWPOLYLINE
  5
51B
330
1F
100
AcDbEntity
  8
PDF_RICKLEE_NODEDETAILS
370
    13
100
AcDbPolyline
 90
        4
 70
     1
 43
0.0
 10
669.3804163366595
 20
570.416848421622
 10
669.1826187853901
 20
570.2190508703524
 10
669.3804163366595
 20
570.021253319083
 10
669.4793151122943
 20
570.2190508703524
  0
LWPOLYLINE
  5
51C
330
1F
100
AcDbEntity
  8
PDF_RICKLEE_NODEDETAILS
370
    13
100
AcDbPolyline
 90
       23
 70
     0
 43
0.0
 10
673.0396710351458
 20
573.383811690665
 10
672.8418734838762
 20
573.7794067932039
 10
672.4462783813372
 20
573.9772043444735
 10
672.1495820544329
 20
573.9772043444735
 10
671.7539869518938
 20
573.7794067932039
 10
671.4572906249896
 20
573.1860141393954
 10
671.3583918493549
 20
572.2959251586826
 10
671.3583918493549
 20
571.3069374023349
 10
671.4572906249896
 20
570.6146459728915
 10
671.7539869518938
 20
570.2190508703524
 10
672.1495820544329
 20
570.021253319083
 10
672.2484808300677
 20
570.021253319083
 10
672.7429747082416
 20
570.2190508703524
 10
672.940772259511
 20
570.6146459728915
 10
673.1385698107806
 20
571.1091398510653
 10
673.1385698107806
 20
571.3069374023349
 10
672.940772259511
 20
571.9003300561435
 10
672.7429747082416
 20
572.2959251586826
 10
672.2484808300677
 20
572.4937227099521
 10
672.1495820544329
 20
572.4937227099521
 10
671.7539869518938
 20
572.2959251586826
 10
671.4572906249896
 20
571.9003300561435
 10
671.3583918493549
 20
571.3069374023349
  0
LWPOLYLINE
  5
51D
330
1F
100
AcDbEntity
  8
PDF_RICKLEE_NODEDETAILS
370
    13
100
AcDbPolyline
 90
       16
 70
     1
 43
0.0
 10
674.9187477722064
 20
573.9772043444735
 10
674.5231526696673
 20
573.7794067932039
 10
674.2264563427631
 20
573.1860141393954
 10
674.1275575671282
 20
572.2959251586826
 10
674.1275575671282
 20
571.7025325048739
 10
674.2264563427631
 20
570.8124435241611
 10
674.5231526696673
 20
570.2190508703524
 10
674.9187477722064
 20
570.021253319083
 10
675.2154440991106
 20
570.021253319083
 10
675.6110392016497
 20
570.2190508703524
 10
675.907735528554
 20
570.8124435241611
 10
676.1055330798235
 20
571.7025325048739
 10
676.1055330798235
 20
572.2959251586826
 10
675.907735528554
 20
573.1860141393954
 10
675.6110392016497
 20
573.7794067932039
 10
675.2154440991106
 20
573.9772043444735
  0
LWPOLYLINE
  5
51E
330
1F
100
AcDbEntity
  8
PDF_RICKLEE_NODEDETAILS
370
    13
100
AcDbPolyline
 90
        3
 70
     0
 43
0.0
 10
676.8967232849016
 20
572.6915202612216
 10
677.7868122656145
 20
570.021253319083
 10
678.5780024706927
 20
572.6915202612216
  0
CIRCLE
  5
51F
330
1F
100
AcDbEntity
  8
PDF_RICKLEE_ENDOFTAPOFFBLOCK
370
     0
100
AcDbCircle
 10
723.5564210120352
 20
593.8288948902124
 30
0.0
 40
4.598793176796335
  0
LWPOLYLINE
  5
520
330
1F
100
AcDbEntity
  8
PDF_RICKLEE_ENDOFTAPOFFBLOCK
370
     0
100
AcDbPolyline
 90
        2
 70
     0
 43
0.0
 10
718.9287029296764
 20
593.7569594714264
 10
728.1262890637094
 20
593.7569594714264
  0
LWPOLYLINE
  5
521
330
1F
100
AcDbEntity
  8
PDF_RICKLEE_NODEDETAILS
370
    13
100
AcDbPolyline
 90
        3
 70
     0
 43
0.0
 10
429.5508854223566
 20
901.0354553686383
 10
430.6387719543391
 20
897.1784031188827
 10
431.8255572619562
 20
901.0354553686383
  0
LWPOLYLINE
  5
522
330
1F
100
AcDbEntity
  8
PDF_RICKLEE_NODEDETAILS
370
    13
100
AcDbPolyline
 90
       20
 70
     1
 43
0.0
 10
433.2101401208429
 20
901.0354553686383
 10
432.9134437939385
 20
900.9365565930036
 10
432.6167474670342
 20
900.5409614904646
 10
432.5178486913996
 20
900.1453663879255
 10
432.32005114013
 20
899.5519737341169
 10
432.32005114013
 20
898.6618847534041
 10
432.5178486913996
 20
898.0684920995955
 10
432.6167474670342
 20
897.6728969970563
 10
432.9134437939385
 20
897.3762006701521
 10
433.2101401208429
 20
897.1784031188827
 10
433.8035327746514
 20
897.1784031188827
 10
434.001330325921
 20
897.3762006701521
 10
434.2980266528253
 20
897.6728969970563
 10
434.4958242040948
 20
898.0684920995955
 10
434.5947229797296
 20
898.6618847534041
 10
434.5947229797296
 20
899.5519737341169
 10
434.4958242040948
 20
900.1453663879255
 10
434.2980266528253
 20
900.5409614904646
 10
434.001330325921
 20
900.9365565930036
 10
433.8035327746514
 20
901.0354553686383
  0
LWPOLYLINE
  5
523
330
1F
100
AcDbEntity
  8
PDF_RICKLEE_NODEDETAILS
370
    13
100
AcDbPolyline
 90
        3
 70
     0
 43
0.0
 10
435.4848119604424
 20
901.0354553686383
 10
435.4848119604424
 20
897.1784031188827
 10
437.1660911462335
 20
897.1784031188827
  0
LWPOLYLINE
  5
524
330
1F
100
AcDbEntity
  8
PDF_RICKLEE_NODEDETAILS
370
    13
100
AcDbPolyline
 90
        2
 70
     0
 43
0.0
 10
438.8473703320245
 20
901.0354553686383
 10
438.7484715563896
 20
897.1784031188827
  0
LWPOLYLINE
  5
525
330
1F
100
AcDbEntity
  8
PDF_RICKLEE_NODEDETAILS
370
    13
100
AcDbPolyline
 90
        2
 70
     0
 43
0.0
 10
437.8583825756768
 20
901.0354553686383
 10
439.7374593127373
 20
901.0354553686383
  0
LWPOLYLINE
  5
526
330
1F
100
AcDbEntity
  8
PDF_RICKLEE_NODEDETAILS
370
    13
100
AcDbPolyline
 90
        3
 70
     0
 43
0.0
 10
440.3308519665459
 20
897.1784031188827
 10
441.4187384985283
 20
901.0354553686383
 10
442.6055238061455
 20
897.1784031188827
  0
LWPOLYLINE
  5
527
330
1F
100
AcDbEntity
  8
PDF_RICKLEE_NODEDETAILS
370
    13
100
AcDbPolyline
 90
        2
 70
     0
 43
0.0
 10
440.726447069085
 20
898.4640872021346
 10
442.1110299279717
 20
898.4640872021346
  0
LWPOLYLINE
  5
528
330
1F
100
AcDbEntity
  8
PDF_RICKLEE_NODEDETAILS
370
    13
100
AcDbPolyline
 90
       20
 70
     0
 43
0.0
 10
445.4735882995536
 20
900.1453663879255
 10
445.3746895239189
 20
900.5409614904646
 10
445.0779931970146
 20
900.837657817369
 10
444.7812968701103
 20
901.0354553686383
 10
444.2868029919365
 20
901.0354553686383
 10
443.9901066650322
 20
900.837657817369
 10
443.6934103381279
 20
900.5409614904646
 10
443.5945115624931
 20
900.1453663879255
 10
443.3967140112236
 20
899.5519737341169
 10
443.3967140112236
 20
898.6618847534041
 10
443.5945115624931
 20
898.0684920995955
 10
443.6934103381279
 20
897.6728969970563
 10
443.9901066650322
 20
897.3762006701521
 10
444.2868029919365
 20
897.1784031188827
 10
444.7812968701103
 20
897.1784031188827
 10
445.0779931970146
 20
897.3762006701521
 10
445.3746895239189
 20
897.6728969970563
 10
445.4735882995536
 20
898.0684920995955
 10
445.4735882995536
 20
898.6618847534041
 10
444.7812968701103
 20
898.6618847534041
  0
LWPOLYLINE
  5
529
330
1F
100
AcDbEntity
  8
PDF_RICKLEE_NODEDETAILS
370
    13
100
AcDbPolyline
 90
        4
 70
     0
 43
0.0
 10
448.1438552416922
 20
897.1784031188827
 10
446.3636772802665
 20
897.1784031188827
 10
446.3636772802665
 20
901.0354553686383
 10
448.1438552416922
 20
901.0354553686383
  0
LWPOLYLINE
  5
52A
330
1F
100
AcDbEntity
  8
PDF_RICKLEE_NODEDETAILS
370
    13
100
AcDbPolyline
 90
        2
 70
     0
 43
0.0
 10
446.3636772802665
 20
899.1563786315779
 10
447.4515638122489
 20
899.1563786315779
  0
LWPOLYLINE
  5
52C
330
1F
100
AcDbEntity
  8
PDF_RICKLEE_NODEDETAILS
370
    13
100
AcDbPolyline
 90
        4
 70
     1
 43
0.0
 10
449.1328429980399
 20
899.7497712853865
 10
449.0339442224051
 20
899.5519737341169
 10
449.1328429980399
 20
899.3541761828474
 10
449.3306405493094
 20
899.5519737341169
  0
LWPOLYLINE
  5
52D
330
1F
100
AcDbEntity
  8
PDF_RICKLEE_NODEDETAILS
370
    13
100
AcDbPolyline
 90
        4
 70
     1
 43
0.0
 10
449.1328429980399
 20
897.4750994457869
 10
449.0339442224051
 20
897.3762006701521
 10
449.1328429980399
 20
897.1784031188827
 10
449.3306405493094
 20
897.3762006701521
  0
LWPOLYLINE
  5
52E
330
1F
100
AcDbEntity
  8
PDF_RICKLEE_NODEDETAILS
370
    13
100
AcDbPolyline
 90
       23
 70
     0
 43
0.0
 10
452.7920976965261
 20
900.5409614904646
 10
452.6931989208915
 20
900.837657817369
 10
452.1987050427176
 20
901.0354553686383
 10
452.0009074914481
 20
901.0354553686383
 10
451.5064136132743
 20
900.837657817369
 10
451.20971728637
 20
900.343163939195
 10
451.1108185107352
 20
899.3541761828474
 10
451.1108185107352
 20
898.4640872021346
 10
451.20971728637
 20
897.6728969970563
 10
451.5064136132743
 20
897.2773018945174
 10
451.9020087158133
 20
897.1784031188827
 10
452.0998062670828
 20
897.1784031188827
 10
452.4954013696219
 20
897.2773018945174
 10
452.7920976965261
 20
897.6728969970563
 10
452.8909964721609
 20
898.2662896508649
 10
452.8909964721609
 20
898.4640872021346
 10
452.7920976965261
 20
898.9585810803083
 10
452.4954013696219
 20
899.3541761828474
 10
452.0998062670828
 20
899.5519737341169
 10
451.9020087158133
 20
899.5519737341169
 10
451.5064136132743
 20
899.3541761828474
 10
451.20971728637
 20
898.9585810803083
 10
451.1108185107352
 20
898.4640872021346
  0
LWPOLYLINE
  5
52F
330
1F
100
AcDbEntity
  8
PDF_RICKLEE_NODEDETAILS
370
    13
100
AcDbPolyline
 90
       16
 70
     1
 43
0.0
 10
454.7700732092215
 20
901.0354553686383
 10
454.3744781066824
 20
900.837657817369
 10
454.0777817797781
 20
900.343163939195
 10
453.8799842285086
 20
899.3541761828474
 10
453.8799842285086
 20
898.8596823046735
 10
454.0777817797781
 20
897.870694548326
 10
454.3744781066824
 20
897.2773018945174
 10
454.7700732092215
 20
897.1784031188827
 10
455.0667695361258
 20
897.1784031188827
 10
455.4623646386648
 20
897.2773018945174
 10
455.7590609655691
 20
897.870694548326
 10
455.8579597412038
 20
898.8596823046735
 10
455.8579597412038
 20
899.3541761828474
 10
455.7590609655691
 20
900.343163939195
 10
455.4623646386648
 20
900.837657817369
 10
455.0667695361258
 20
901.0354553686383
  0
LWPOLYLINE
  5
530
330
1F
100
AcDbEntity
  8
PDF_RICKLEE_NODEDETAILS
370
    13
100
AcDbPolyline
 90
        3
 70
     0
 43
0.0
 10
456.7480487219167
 20
899.7497712853865
 10
457.5392389269948
 20
897.1784031188827
 10
458.4293279077077
 20
899.7497712853865
  0
LWPOLYLINE
  5
531
330
1F
100
AcDbEntity
  8
PDF_RICKLEE_AMPBLOCK
370
     9
100
AcDbPolyline
 90
        4
 70
     1
 43
0.0
 10
629.9198048583887
 20
220.9085753283658
 10
629.9198048583887
 20
239.6993426989709
 10
609.645555853262
 20
239.6993426989709
 10
609.645555853262
 20
220.9085753283658
  0
LWPOLYLINE
  5
532
330
1F
100
AcDbEntity
  8
PDF_RICKLEE_AMPBLOCK
370
     9
100
AcDbPolyline
 90
        2
 70
     0
 43
0.0
 10
609.645555853262
 20
223.9744373730435
 10
629.9198048583887
 20
223.9744373730435
  0
LWPOLYLINE
  5
533
330
1F
100
AcDbEntity
  8
PDF_RICKLEE_AMPBLOCK
370
     9
100
AcDbPolyline
 90
        2
 70
     0
 43
0.0
 10
609.645555853262
 20
227.1391981933559
 10
629.9198048583887
 20
227.1391981933559
  0
LWPOLYLINE
  5
534
330
1F
100
AcDbEntity
  8
PDF_RICKLEE_AMPBLOCK
370
     9
100
AcDbPolyline
 90
        2
 70
     0
 43
0.0
 10
609.645555853262
 20
230.3039590136684
 10
629.9198048583887
 20
230.3039590136684
  0
LWPOLYLINE
  5
535
330
1F
100
AcDbEntity
  8
PDF_RICKLEE_AMPBLOCK
370
     9
100
AcDbPolyline
 90
        2
 70
     0
 43
0.0
 10
609.645555853262
 20
233.4687198339808
 10
629.9198048583887
 20
233.369821058346
  0
LWPOLYLINE
  5
536
330
1F
100
AcDbEntity
  8
PDF_RICKLEE_AMPBLOCK
370
     9
100
AcDbPolyline
 90
        2
 70
     0
 43
0.0
 10
609.645555853262
 20
236.5345818786585
 10
629.9198048583887
 20
236.5345818786585
  0
LWPOLYLINE
  5
538
330
1F
100
AcDbEntity
  8
PDF_RICKLEE_AMPBLOCK
370
     9
100
AcDbPolyline
 90
        2
 70
     0
 43
0.0
 10
619.8321297436428
 20
236.5345818786585
 10
619.733230968008
 20
220.9085753283658
  0
ARC
  5
539
330
1F
100
AcDbEntity
  8
PDF_RICKLEE_AMPBLOCK
370
     9
100
AcDbCircle
 10
619.9062787558533
 20
235.7018380147804
 30
0.0
 40
10.92936569090992
100
AcDbArc
 50
21.66911963842331
 51
158.174234329479
  0
LWPOLYLINE
  5
53A
330
1F
100
AcDbEntity
  8
PDF_RICKLEE_AMPBLOCK
370
     9
100
AcDbPolyline
 90
        4
 70
     1
 43
0.0
 10
757.8948205297734
 20
690.7766583691299
 10
757.8948205297734
 20
709.5674257397351
 10
737.6205715246468
 20
709.5674257397351
 10
737.521672749012
 20
690.7766583691299
  0
LWPOLYLINE
  5
53B
330
1F
100
AcDbEntity
  8
PDF_RICKLEE_AMPBLOCK
370
     9
100
AcDbPolyline
 90
        2
 70
     0
 43
0.0
 10
737.521672749012
 20
693.9414191894424
 10
757.8948205297734
 20
693.9414191894424
  0
LWPOLYLINE
  5
53C
330
1F
100
AcDbEntity
  8
PDF_RICKLEE_AMPBLOCK
370
     9
100
AcDbPolyline
 90
        2
 70
     0
 43
0.0
 10
737.6205715246468
 20
697.1061800097548
 10
757.8948205297734
 20
697.0072812341201
  0
LWPOLYLINE
  5
53D
330
1F
100
AcDbEntity
  8
PDF_RICKLEE_AMPBLOCK
370
     9
100
AcDbPolyline
 90
        2
 70
     0
 43
0.0
 10
737.6205715246468
 20
700.1720420544325
 10
757.8948205297734
 20
700.1720420544325
  0
LWPOLYLINE
  5
53E
330
1F
100
AcDbEntity
  8
PDF_RICKLEE_AMPBLOCK
370
     9
100
AcDbPolyline
 90
        2
 70
     0
 43
0.0
 10
737.6205715246468
 20
703.336802874745
 10
757.8948205297734
 20
703.336802874745
  0
LWPOLYLINE
  5
53F
330
1F
100
AcDbEntity
  8
PDF_RICKLEE_AMPBLOCK
370
     9
100
AcDbPolyline
 90
        2
 70
     0
 43
0.0
 10
737.6205715246468
 20
706.5015636950574
 10
757.8948205297734
 20
706.4026649194227
  0
LWPOLYLINE
  5
541
330
1F
100
AcDbEntity
  8
PDF_RICKLEE_AMPBLOCK
370
     9
100
AcDbPolyline
 90
        2
 70
     0
 43
0.0
 10
747.7082466393928
 20
706.5015636950574
 10
747.7082466393928
 20
690.7766583691299
  0
ARC
  5
542
330
1F
100
AcDbEntity
  8
PDF_RICKLEE_AMPBLOCK
370
     9
100
AcDbCircle
 10
747.7875770218481
 20
705.589036790419
 30
0.0
 40
10.92936569090064
100
AcDbArc
 50
21.6691196383801
 51
158.1742343294773
  0
LWPOLYLINE
  5
543
330
1F
100
AcDbEntity
  8
PDF_RICKLEE_AMPBLOCK
370
     9
100
AcDbPolyline
 90
        4
 70
     1
 43
0.0
 10
718.0386139489635
 20
391.410064522699
 10
718.0386139489635
 20
410.2008318933042
 10
697.7643649438369
 20
410.2997306689389
 10
697.6654661682021
 20
391.5089632983338
  0
LWPOLYLINE
  5
544
330
1F
100
AcDbEntity
  8
PDF_RICKLEE_AMPBLOCK
370
     9
100
AcDbPolyline
 90
        2
 70
     0
 43
0.0
 10
697.6654661682021
 20
394.5748253430115
 10
718.0386139489635
 20
394.5748253430115
  0
LWPOLYLINE
  5
545
330
1F
100
AcDbEntity
  8
PDF_RICKLEE_AMPBLOCK
370
     9
100
AcDbPolyline
 90
        2
 70
     0
 43
0.0
 10
697.6654661682021
 20
397.7395861633239
 10
718.0386139489635
 20
397.7395861633239
  0
LWPOLYLINE
  5
546
330
1F
100
AcDbEntity
  8
PDF_RICKLEE_AMPBLOCK
370
     9
100
AcDbPolyline
 90
        2
 70
     0
 43
0.0
 10
697.6654661682021
 20
400.9043469836363
 10
718.0386139489635
 20
400.8054482080016
  0
LWPOLYLINE
  5
547
330
1F
100
AcDbEntity
  8
PDF_RICKLEE_AMPBLOCK
370
     9
100
AcDbPolyline
 90
        2
 70
     0
 43
0.0
 10
697.7643649438369
 20
403.9702090283141
 10
718.0386139489635
 20
403.9702090283141
  0
LWPOLYLINE
  5
548
330
1F
100
AcDbEntity
  8
PDF_RICKLEE_AMPBLOCK
370
     9
100
AcDbPolyline
 90
        2
 70
     0
 43
0.0
 10
697.7643649438369
 20
407.1349698486264
 10
718.0386139489635
 20
407.1349698486264
  0
LWPOLYLINE
  5
54A
330
1F
100
AcDbEntity
  8
PDF_RICKLEE_AMPBLOCK
370
     9
100
AcDbPolyline
 90
        2
 70
     0
 43
0.0
 10
707.8520400585828
 20
407.1349698486264
 10
707.8520400585828
 20
391.410064522699
  0
ARC
  5
54B
330
1F
100
AcDbEntity
  8
PDF_RICKLEE_AMPBLOCK
370
     9
100
AcDbCircle
 10
707.9297606949414
 20
406.3091680147869
 30
0.0
 40
10.92936569090419
100
AcDbArc
 50
21.66911963838329
 51
158.1742343294952
  0
LWPOLYLINE
  5
54C
330
1F
100
AcDbEntity
  8
PDF_RICKLEE_AMPBLOCK
370
     9
100
AcDbPolyline
 90
        4
 70
     1
 43
0.0
 10
565.7344994714268
 20
440.859452340081
 10
565.8333982470615
 20
459.749118486321
 10
545.5591492419349
 20
459.749118486321
 10
545.4602504663001
 20
440.9583511157158
  0
LWPOLYLINE
  5
54D
330
1F
100
AcDbEntity
  8
PDF_RICKLEE_AMPBLOCK
370
     9
100
AcDbPolyline
 90
        2
 70
     0
 43
0.0
 10
545.4602504663001
 20
444.0242131603935
 10
565.7344994714268
 20
444.0242131603935
  0
LWPOLYLINE
  5
54E
330
1F
100
AcDbEntity
  8
PDF_RICKLEE_AMPBLOCK
370
     9
100
AcDbPolyline
 90
        2
 70
     0
 43
0.0
 10
545.4602504663001
 20
447.188973980706
 10
565.8333982470615
 20
447.188973980706
  0
LWPOLYLINE
  5
54F
330
1F
100
AcDbEntity
  8
PDF_RICKLEE_AMPBLOCK
370
     9
100
AcDbPolyline
 90
        2
 70
     0
 43
0.0
 10
545.4602504663001
 20
450.3537348010184
 10
565.8333982470615
 20
450.3537348010184
  0
LWPOLYLINE
  5
550
330
1F
100
AcDbEntity
  8
PDF_RICKLEE_AMPBLOCK
370
     9
100
AcDbPolyline
 90
        2
 70
     0
 43
0.0
 10
545.4602504663001
 20
453.5184956213308
 10
565.8333982470615
 20
453.4195968456961
  0
LWPOLYLINE
  5
551
330
1F
100
AcDbEntity
  8
PDF_RICKLEE_AMPBLOCK
370
     9
100
AcDbPolyline
 90
        2
 70
     0
 43
0.0
 10
545.4602504663001
 20
456.5843576660086
 10
565.8333982470615
 20
456.5843576660086
  0
LWPOLYLINE
  5
553
330
1F
100
AcDbEntity
  8
PDF_RICKLEE_AMPBLOCK
370
     9
100
AcDbPolyline
 90
        2
 70
     0
 43
0.0
 10
555.6468243566809
 20
456.5843576660086
 10
555.6468243566809
 20
440.9583511157158
  0
ARC
  5
554
330
1F
100
AcDbEntity
  8
PDF_RICKLEE_AMPBLOCK
370
     9
100
AcDbCircle
 10
555.7183575314926
 20
455.7605680147883
 30
0.0
 40
10.92936569090246
100
AcDbArc
 50
21.66911963837502
 51
158.174234329466
  0
LWPOLYLINE
  5
555
330
1F
100
AcDbEntity
  8
PDF_RICKLEE_AMPBLOCK
370
     9
100
AcDbPolyline
 90
        4
 70
     1
 43
0.0
 10
802.4981683410521
 20
834.5754781420769
 10
802.4981683410521
 20
853.3662455126821
 10
782.2239193359254
 20
853.3662455126821
 10
782.2239193359254
 20
834.5754781420769
  0
LWPOLYLINE
  5
556
330
1F
100
AcDbEntity
  8
PDF_RICKLEE_AMPBLOCK
370
     9
100
AcDbPolyline
 90
        2
 70
     0
 43
0.0
 10
782.2239193359254
 20
837.7402389623894
 10
802.4981683410521
 20
837.7402389623894
  0
LWPOLYLINE
  5
557
330
1F
100
AcDbEntity
  8
PDF_RICKLEE_AMPBLOCK
370
     9
100
AcDbPolyline
 90
        2
 70
     0
 43
0.0
 10
782.2239193359254
 20
840.9049997827018
 10
802.4981683410521
 20
840.8061010070671
  0
LWPOLYLINE
  5
558
330
1F
100
AcDbEntity
  8
PDF_RICKLEE_AMPBLOCK
370
     9
100
AcDbPolyline
 90
        2
 70
     0
 43
0.0
 10
782.2239193359254
 20
843.9708618273794
 10
802.4981683410521
 20
843.9708618273794
  0
LWPOLYLINE
  5
559
330
1F
100
AcDbEntity
  8
PDF_RICKLEE_AMPBLOCK
370
     9
100
AcDbPolyline
 90
        2
 70
     0
 43
0.0
 10
782.2239193359254
 20
847.135622647692
 10
802.4981683410521
 20
847.135622647692
  0
LWPOLYLINE
  5
55A
330
1F
100
AcDbEntity
  8
PDF_RICKLEE_AMPBLOCK
370
     9
100
AcDbPolyline
 90
        2
 70
     0
 43
0.0
 10
782.2239193359254
 20
850.3003834680045
 10
802.4981683410521
 20
850.3003834680045
  0
LWPOLYLINE
  5
55C
330
1F
100
AcDbEntity
  8
PDF_RICKLEE_AMPBLOCK
370
     9
100
AcDbPolyline
 90
        2
 70
     0
 43
0.0
 10
792.4104932263061
 20
850.3003834680045
 10
792.3115944506713
 20
834.5754781420769
  0
ARC
  5
55D
330
1F
100
AcDbEntity
  8
PDF_RICKLEE_AMPBLOCK
370
     9
100
AcDbCircle
 10
792.4916345731103
 20
849.3936918929543
 30
0.0
 40
10.92936569090747
100
AcDbArc
 50
21.66911963837486
 51
158.1742343294802
  0
LWPOLYLINE
  5
55E
330
1F
100
AcDbEntity
  8
PDF_RICKLEE_AMPBLOCK
370
     9
100
AcDbPolyline
 90
        4
 70
     1
 43
0.0
 10
719.027601705311
 20
560.5269708581456
 10
719.027601705311
 20
579.4166370043856
 10
698.7533527001845
 20
579.4166370043856
 10
698.7533527001845
 20
560.6258696337804
  0
LWPOLYLINE
  5
55F
330
1F
100
AcDbEntity
  8
PDF_RICKLEE_AMPBLOCK
370
     9
100
AcDbPolyline
 90
        2
 70
     0
 43
0.0
 10
698.7533527001845
 20
563.691731678458
 10
719.027601705311
 20
563.691731678458
  0
LWPOLYLINE
  5
560
330
1F
100
AcDbEntity
  8
PDF_RICKLEE_AMPBLOCK
370
     9
100
AcDbPolyline
 90
        2
 70
     0
 43
0.0
 10
698.7533527001845
 20
566.8564924987705
 10
719.027601705311
 20
566.8564924987705
  0
LWPOLYLINE
  5
561
330
1F
100
AcDbEntity
  8
PDF_RICKLEE_AMPBLOCK
370
     9
100
AcDbPolyline
 90
        2
 70
     0
 43
0.0
 10
698.7533527001845
 20
570.021253319083
 10
719.027601705311
 20
570.021253319083
  0
LWPOLYLINE
  5
562
330
1F
100
AcDbEntity
  8
PDF_RICKLEE_AMPBLOCK
370
     9
100
AcDbPolyline
 90
        2
 70
     0
 43
0.0
 10
698.7533527001845
 20
573.1860141393954
 10
719.027601705311
 20
573.0871153637606
  0
LWPOLYLINE
  5
563
330
1F
100
AcDbEntity
  8
PDF_RICKLEE_AMPBLOCK
370
     9
100
AcDbPolyline
 90
        2
 70
     0
 43
0.0
 10
698.7533527001845
 20
576.251876184073
 10
719.027601705311
 20
576.251876184073
  0
LWPOLYLINE
  5
565
330
1F
100
AcDbEntity
  8
PDF_RICKLEE_AMPBLOCK
370
     9
100
AcDbPolyline
 90
        2
 70
     0
 43
0.0
 10
708.8410278149305
 20
576.251876184073
 10
708.8410278149305
 20
560.6258696337804
  0
ARC
  5
566
330
1F
100
AcDbEntity
  8
PDF_RICKLEE_AMPBLOCK
370
     9
100
AcDbCircle
 10
708.9187987558457
 20
575.4329660756781
 30
0.0
 40
10.92936569091948
100
AcDbArc
 50
21.66911963846078
 51
158.1742343294361
  0
LWPOLYLINE
  5
567
330
1F
100
AcDbEntity
  8
PDF_Level 21
370
     9
100
AcDbPolyline
 90
        4
 70
     1
 43
0.0
 10
785.9820728100465
 20
726.7758127001841
 10
785.9820728100465
 20
729.6438771935923
 10
783.212907092273
 20
729.6438771935923
 10
783.212907092273
 20
726.7758127001841
  0
LWPOLYLINE
  5
568
330
1F
100
AcDbEntity
  8
PDF_Level 21
370
     9
100
AcDbPolyline
 90
        2
 70
     0
 43
0.0
 10
783.212907092273
 20
728.1603955590708
 10
785.9820728100465
 20
728.1603955590708
  0
LWPOLYLINE
  5
569
330
1F
100
AcDbEntity
  8
PDF_Level 21
370
     9
100
AcDbPolyline
 90
        2
 70
     0
 43
0.0
 10
783.212907092273
 20
728.951585764149
 10
785.9820728100465
 20
728.951585764149
  0
LWPOLYLINE
  5
56A
330
1F
100
AcDbEntity
  8
PDF_Level 21
370
     9
100
AcDbPolyline
 90
        2
 70
     0
 43
0.0
 10
783.212907092273
 20
727.3692053539926
 10
785.9820728100465
 20
727.3692053539926
  0
LWPOLYLINE
  5
56B
330
1F
100
AcDbEntity
  8
PDF_Level 21
370
     9
100
AcDbPolyline
 90
        2
 70
     0
 43
0.0
 10
783.212907092273
 20
727.7648004565317
 10
785.9820728100465
 20
727.7648004565317
  0
LWPOLYLINE
  5
56C
330
1F
100
AcDbEntity
  8
PDF_Level 21
370
     9
100
AcDbPolyline
 90
        2
 70
     0
 43
0.0
 10
783.212907092273
 20
727.0725090270883
 10
785.9820728100465
 20
727.0725090270883
  0
LWPOLYLINE
  5
56D
330
1F
100
AcDbEntity
  8
PDF_Level 21
370
     9
100
AcDbPolyline
 90
        2
 70
     0
 43
0.0
 10
783.212907092273
 20
728.5559906616098
 10
785.9820728100465
 20
728.5559906616098
  0
LWPOLYLINE
  5
56E
330
1F
100
AcDbEntity
  8
PDF_Level 21
370
     9
100
AcDbPolyline
 90
        2
 70
     0
 43
0.0
 10
783.212907092273
 20
729.2482820910532
 10
785.9820728100465
 20
729.2482820910532
  0
LWPOLYLINE
  5
56F
330
1F
100
AcDbEntity
  8
PDF_Level 21
370
     9
100
AcDbPolyline
 90
        2
 70
     0
 43
0.0
 10
783.212907092273
 20
726.7758127001841
 10
785.9820728100465
 20
729.6438771935923
  0
LWPOLYLINE
  5
570
330
1F
100
AcDbEntity
  8
PDF_Level 21
370
     9
100
AcDbPolyline
 90
        2
 70
     0
 43
0.0
 10
783.212907092273
 20
729.6438771935923
 10
785.9820728100465
 20
726.7758127001841
  0
LWPOLYLINE
  5
571
330
1F
100
AcDbEntity
  8
PDF_RICKLEE_POWERSUPPLY
370
     9
100
AcDbPolyline
 90
        4
 70
     1
 43
0.0
 10
818.6186687695187
 20
720.940784937733
 10
818.6186687695187
 20
735.8745000585823
 10
803.7838524243039
 20
735.8745000585823
 10
803.6849536486691
 20
720.940784937733
  0
LWPOLYLINE
  5
572
330
1F
100
AcDbEntity
  8
PDF_RICKLEE_POWERSUPPLY
370
     9
100
AcDbPolyline
 90
        2
 70
     0
 43
0.0
 10
806.9486132446165
 20
732.7097392382698
 10
806.9486132446165
 20
732.7097392382698
  0
CIRCLE
  5
573
330
1F
100
AcDbEntity
  8
PDF_RICKLEE_POWERSUPPLY
370
     9
100
AcDbCircle
 10
811.2831559716992
 20
728.5345101544344
 30
0.0
 40
5.884477608000015
  0
LWPOLYLINE
  5
574
330
1F
100
AcDbEntity
  8
PDF_RICKLEE_POWERSUPPLY
370
     9
100
AcDbPolyline
 90
        2
 70
     0
 43
0.0
 10
784.7952875024292
 20
728.3581931103403
 10
803.6849536486691
 20
728.3581931103403
  0
CIRCLE
  5
575
330
1F
100
AcDbEntity
  8
PDF_RICKLEE_POWERSUPPLY
370
     9
100
AcDbCircle
 10
811.2831571430955
 20
728.5345113258244
 30
0.0
 40
6.378970314777615
  0
LWPOLYLINE
  5
576
330
1F
100
AcDbEntity
  8
PDF_RICKLEE_POWERSUPPLY
370
     9
100
AcDbPolyline
 90
        5
 70
     0
 43
0.0
 10
804.179447526843
 20
735.8745000585823
 10
804.179447526843
 20
721.4352788159068
 10
818.2230736669795
 20
721.336380040272
 10
818.2230736669795
 20
735.4789049560434
 10
804.179447526843
 20
735.4789049560434
  0
LWPOLYLINE
  5
577
330
1F
100
AcDbEntity
  8
PDF_RICKLEE_POWERSUPPLY
370
     9
100
AcDbPolyline
 90
        5
 70
     0
 43
0.0
 10
804.5750426293821
 20
735.8745000585823
 10
804.5750426293821
 20
721.8308739184458
 10
817.8274785644404
 20
721.8308739184458
 10
817.8274785644404
 20
735.0833098535042
 10
804.5750426293821
 20
735.0833098535042
  0
ARC
  5
57A
330
1F
100
AcDbEntity
  8
PDF_RICKLEE_POWERSUPPLY
370
     9
100
AcDbCircle
 10
811.2831589774792
 20
728.5345081076561
 30
0.0
 40
7.170164771347623
100
AcDbArc
 50
111.5002579733018
 51
157.7197126918431
  0
ARC
  5
57B
330
1F
100
AcDbEntity
  8
PDF_RICKLEE_POWERSUPPLY
370
     9
100
AcDbCircle
 10
811.2831576742408
 20
728.5345082602752
 30
0.0
 40
6.774568710584786
100
AcDbArc
 50
99.2944370912407
 51
169.1345036464221
  0
ARC
  5
57C
330
1F
100
AcDbEntity
  8
PDF_RICKLEE_POWERSUPPLY
370
     9
100
AcDbCircle
 10
811.2831560779348
 20
728.5345093879656
 30
0.0
 40
7.170160437424321
100
AcDbArc
 50
202.1264539389148
 51
247.3571763568298
  0
ARC
  5
57D
330
1F
100
AcDbEntity
  8
PDF_RICKLEE_POWERSUPPLY
370
     9
100
AcDbCircle
 10
811.2831552423498
 20
728.534509466567
 30
0.0
 40
6.774564345242445
100
AcDbArc
 50
190.7116609724935
 51
258.3654893294083
  0
ARC
  5
57E
330
1F
100
AcDbEntity
  8
PDF_RICKLEE_POWERSUPPLY
370
     9
100
AcDbCircle
 10
811.2831553841964
 20
728.5345091549782
 30
0.0
 40
6.774567597711735
100
AcDbArc
 50
9.997572591723326
 51
80.55174748161714
  0
ARC
  5
57F
330
1F
100
AcDbEntity
  8
PDF_RICKLEE_POWERSUPPLY
370
     9
100
AcDbCircle
 10
811.2831579202408
 20
728.5345111933176
 30
0.0
 40
7.170159661739562
100
AcDbArc
 50
21.80236789325645
 51
68.35145002594214
  0
ARC
  5
580
330
1F
100
AcDbEntity
  8
PDF_RICKLEE_POWERSUPPLY
370
     9
100
AcDbCircle
 10
811.2831575960154
 20
728.5345084195134
 30
0.0
 40
7.565758943710387
100
AcDbArc
 50
118.3557143821334
 51
151.0345374020827
  0
ARC
  5
581
330
1F
100
AcDbEntity
  8
PDF_RICKLEE_POWERSUPPLY
370
     9
100
AcDbCircle
 10
811.2831632690722
 20
728.5345026073026
 30
0.0
 40
7.961361576867993
100
AcDbArc
 50
123.4039415472912
 51
146.0632119676837
  0
ARC
  5
582
330
1F
100
AcDbEntity
  8
PDF_RICKLEE_POWERSUPPLY
370
     9
100
AcDbCircle
 10
811.2831781623986
 20
728.53449145468
 30
0.0
 40
8.356975148000724
100
AcDbArc
 50
127.4414472999916
 51
142.0806757363207
  0
ARC
  5
583
330
1F
100
AcDbEntity
  8
PDF_RICKLEE_POWERSUPPLY
370
     9
100
AcDbCircle
 10
811.2831398977403
 20
728.5345237840621
 30
0.0
 40
8.752520567485202
100
AcDbArc
 50
130.8031975057649
 51
138.7573157879334
  0
ARC
  5
584
330
1F
100
AcDbEntity
  8
PDF_RICKLEE_POWERSUPPLY
370
     9
100
AcDbCircle
 10
811.2846048054521
 20
728.5330440019142
 30
0.0
 40
9.249096386485412
100
AcDbArc
 50
133.6763634222746
 51
135.6644422179565
  0
ARC
  5
585
330
1F
100
AcDbEntity
  8
PDF_RICKLEE_POWERSUPPLY
370
     9
100
AcDbCircle
 10
811.2831589349012
 20
728.5345118921135
 30
0.0
 40
7.56575336162324
100
AcDbArc
 50
28.57543781953496
 51
61.49598257702251
  0
ARC
  5
586
330
1F
100
AcDbEntity
  8
PDF_RICKLEE_POWERSUPPLY
370
     9
100
AcDbCircle
 10
811.2831615351229
 20
728.5345160129598
 30
0.0
 40
7.961344018044664
100
AcDbArc
 50
33.58519086679714
 51
56.44227123355376
  0
ARC
  5
587
330
1F
100
AcDbEntity
  8
PDF_RICKLEE_POWERSUPPLY
370
     9
100
AcDbCircle
 10
811.283157984489
 20
728.5345121672287
 30
0.0
 40
8.356944183170611
100
AcDbArc
 50
37.5952096833862
 51
52.40479031662255
  0
ARC
  5
588
330
1F
100
AcDbEntity
  8
PDF_RICKLEE_POWERSUPPLY
370
     9
100
AcDbCircle
 10
811.2831428060943
 20
728.5344909738495
 30
0.0
 40
8.752565332774969
100
AcDbArc
 50
40.94058585995757
 51
49.04847709434096
  0
ARC
  5
589
330
1F
100
AcDbEntity
  8
PDF_RICKLEE_POWERSUPPLY
370
     9
100
AcDbCircle
 10
811.2812058764236
 20
728.5325499719479
 30
0.0
 40
9.249800939234315
100
AcDbArc
 50
43.80289197336467
 51
46.16973704477077
  0
ARC
  5
58E
330
1F
100
AcDbEntity
  8
PDF_RICKLEE_POWERSUPPLY
370
     9
100
AcDbCircle
 10
811.2831573566738
 20
728.5345102598979
 30
0.0
 40
6.774565406573789
100
AcDbArc
 50
281.4807087523415
 51
349.8486315798807
  0
ARC
  5
58F
330
1F
100
AcDbEntity
  8
PDF_RICKLEE_POWERSUPPLY
370
     9
100
AcDbCircle
 10
811.2831618725213
 20
728.534506118888
 30
0.0
 40
7.170154350307972
100
AcDbArc
 50
292.4944859825703
 51
338.0493318753571
  0
ARC
  5
590
330
1F
100
AcDbEntity
  8
PDF_RICKLEE_POWERSUPPLY
370
     9
100
AcDbCircle
 10
811.2831668631073
 20
728.5345207572537
 30
0.0
 40
7.565771288446661
100
AcDbArc
 50
208.8171665568686
 51
240.7598561375844
  0
ARC
  5
591
330
1F
100
AcDbEntity
  8
PDF_RICKLEE_POWERSUPPLY
370
     9
100
AcDbCircle
 10
811.2831651997037
 20
728.5345182425804
 30
0.0
 40
7.961362801003225
100
AcDbArc
 50
213.7829726966171
 51
235.8379925034433
  0
ARC
  5
592
330
1F
100
AcDbEntity
  8
PDF_RICKLEE_POWERSUPPLY
370
     9
100
AcDbCircle
 10
811.283140806654
 20
728.534495138619
 30
0.0
 40
8.356924547584599
100
AcDbArc
 50
217.7654809054381
 51
231.8884446017593
  0
ARC
  5
593
330
1F
100
AcDbEntity
  8
PDF_RICKLEE_POWERSUPPLY
370
     9
100
AcDbCircle
 10
811.2831465416213
 20
728.5345065457622
 30
0.0
 40
8.752531619591264
100
AcDbArc
 50
221.0943868924675
 51
228.5815713821347
  0
ARC
  5
594
330
1F
100
AcDbEntity
  8
PDF_RICKLEE_POWERSUPPLY
370
     9
100
AcDbCircle
 10
811.28172320103
 20
728.5330842245372
 30
0.0
 40
9.245013557403195
100
AcDbArc
 50
223.9396235062421
 51
225.7527583723994
  0
ARC
  5
595
330
1F
100
AcDbEntity
  8
PDF_RICKLEE_POWERSUPPLY
370
     9
100
AcDbCircle
 10
811.2831558815353
 20
728.5345099772671
 30
0.0
 40
7.565756429504718
100
AcDbArc
 50
299.0863098698326
 51
331.2707539621849
  0
ARC
  5
596
330
1F
100
AcDbEntity
  8
PDF_RICKLEE_POWERSUPPLY
370
     9
100
AcDbCircle
 10
811.2831503499682
 20
728.5345143511005
 30
0.0
 40
7.96135848336106
100
AcDbArc
 50
304.0082009342386
 51
326.1676073231192
  0
ARC
  5
597
330
1F
100
AcDbEntity
  8
PDF_RICKLEE_POWERSUPPLY
370
     9
100
AcDbCircle
 10
811.2831649298581
 20
728.5345104383293
 30
0.0
 40
8.356940179943689
100
AcDbArc
 50
307.9632139290786
 51
322.2619297612715
  0
ARC
  5
598
330
1F
100
AcDbEntity
  8
PDF_RICKLEE_POWERSUPPLY
370
     9
100
AcDbCircle
 10
811.2830731412183
 20
728.5345969342297
 30
0.0
 40
8.75266125210836
100
AcDbArc
 50
311.2646833106021
 51
318.9055681061873
  0
ARC
  5
599
330
1F
100
AcDbEntity
  8
PDF_RICKLEE_POWERSUPPLY
370
     9
100
AcDbCircle
 10
811.283297966896
 20
728.5343312621122
 30
0.0
 40
9.246808330086558
100
AcDbArc
 50
314.0937710026489
 51
316.0493889628104
  0
LWPOLYLINE
  5
59A
330
1F
100
AcDbEntity
  8
PDF_RICKLEE_NODEBOUNDARY
370
     0
100
AcDbPolyline
 90
        5
 70
     0
 10
407.3975596801695
 20
269.8140198797565
 40
0.2943133384129019
 41
0.2943133384129019
 10
419.6115584710628
 20
269.9129186553913
 40
0.3206701684307494
 41
0.3206701684307494
 10
438.006730739129
 20
134.8666405261209
 40
0.2310766752634406
 41
0.2310766752634406
 10
596.7392656329253
 20
46.20388816955495
 40
0.2961843397636394
 41
0.2961843397636394
 10
597.0359619598296
 20
41.20949999999936
 40
0.0
 41
0.0
  0
LWPOLYLINE
  5
59B
330
1F
100
AcDbEntity
  8
PDF_RICKLEE_NODEBOUNDARY
370
     0
100
AcDbPolyline
 90
        6
 70
     0
 10
419.6115584710628
 20
269.9129186553913
 40
0.3048530275413839
 41
0.3048530275413839
 10
479.6431152813646
 20
368.5149979632512
 40
0.2985042810093467
 41
0.2985042810093467
 10
484.2913577361986
 20
615.5641394988919
 40
0.2706842669066058
 41
0.2706842669066058
 10
646.3864510015769
 20
926.2546431555033
 40
0.3183159027795233
 41
0.3183159027795233
 10
969.3404028368991
 20
812.1254560729855
 40
0.3100659551143823
 41
0.3100659551143823
 10
596.7392656329253
 20
46.20388816955495
 40
0.0
 41
0.0
  0
LWPOLYLINE
  5
59C
330
1F
100
AcDbEntity
  8
PDF_RICKLEE_NODEBOUNDARY
370
    13
100
AcDbPolyline
 90
        2
 70
     0
 43
0.0
 10
484.3408071240159
 20
615.6135888867092
 10
484.3408071240159
 20
615.6135888867092
  0
SOLID
  5
59D
330
1F
100
AcDbEntity
  8
PDF_RICKLEE_NODEBOUNDARY
440
 33554559
100
AcDbTrace
 10
490.571429989006
 20
939.1114839880227
 30
0.0
 11
490.2747336621017
 21
939.1114839880227
 31
0.0
 12
484.4397058996507
 22
615.6135888867092
 32
0.0
 13
484.4397058996507
 23
615.6135888867092
 33
0.0
  0
SOLID
  5
59E
330
1F
100
AcDbEntity
  8
PDF_RICKLEE_NODEBOUNDARY
440
 33554559
100
AcDbTrace
 10
490.2747336621017
 20
939.1114839880227
 30
0.0
 11
484.4397058996507
 21
615.6135888867092
 31
0.0
 12
484.1430095727464
 22
615.6135888867092
 32
0.0
 13
484.1430095727464
 23
615.6135888867092
 33
0.0
  0
LWPOLYLINE
  5
5A0
330
1F
100
AcDbEntity
  8
PDF_RICKLEE_NODEDETAILS
370
    13
100
AcDbPolyline
 90
       20
 70
     1
 43
0.0
 10
646.930394267568
 20
592.3723766125397
 10
646.4359003893942
 20
592.0756802856353
 10
646.0403052868553
 20
591.383388856192
 10
645.7436089599509
 20
590.7899962023834
 10
645.5458114086813
 20
589.8010084460358
 10
645.5458114086813
 20
588.1197292602449
 10
645.7436089599509
 20
587.1307415038971
 10
645.9414065112205
 20
586.5373488500885
 10
646.4359003893942
 20
585.8450574206452
 10
646.930394267568
 20
585.5483610937409
 10
647.8204832482809
 20
585.5483610937409
 10
648.3149771264548
 20
585.8450574206452
 10
648.8094710046286
 20
586.5373488500885
 10
649.0072685558981
 20
587.1307415038971
 10
649.3039648828024
 20
588.1197292602449
 10
649.3039648828024
 20
589.8010084460358
 10
649.0072685558981
 20
590.7899962023834
 10
648.8094710046286
 20
591.383388856192
 10
648.3149771264548
 20
592.0756802856353
 10
647.8204832482809
 20
592.3723766125397
  0
LWPOLYLINE
  5
5A1
330
1F
100
AcDbEntity
  8
PDF_RICKLEE_NODEDETAILS
370
    13
100
AcDbPolyline
 90
       12
 70
     1
 43
0.0
 10
650.6885477416891
 20
585.5483610937409
 10
650.6885477416891
 20
592.3723766125397
 10
652.2709281518453
 20
592.3723766125397
 10
652.9632195812887
 20
592.0756802856353
 10
653.4577134594625
 20
591.383388856192
 10
653.6555110107321
 20
590.7899962023834
 10
653.9522073376364
 20
589.8010084460358
 10
653.9522073376364
 20
588.1197292602449
 10
653.6555110107321
 20
587.1307415038971
 10
653.4577134594625
 20
586.5373488500885
 10
652.9632195812887
 20
585.8450574206452
 10
652.2709281518453
 20
585.5483610937409
  0
LWPOLYLINE
  5
5A5
330
1F
100
AcDbEntity
  8
PDF_RICKLEE_NODEDETAILS
370
    13
100
AcDbPolyline
 90
        4
 70
     1
 43
0.0
 10
660.1828302026265
 20
590.0977047729401
 10
659.9850326513569
 20
589.8010084460358
 10
660.1828302026265
 20
589.4054133434967
 10
660.4795265295308
 20
589.8010084460358
  0
LWPOLYLINE
  5
5A6
330
1F
100
AcDbEntity
  8
PDF_RICKLEE_NODEDETAILS
370
    13
100
AcDbPolyline
 90
        4
 70
     1
 43
0.0
 10
660.1828302026265
 20
586.1417537475495
 10
659.9850326513569
 20
585.8450574206452
 10
660.1828302026265
 20
585.5483610937409
 10
660.4795265295308
 20
585.8450574206452
  0
LWPOLYLINE
  5
5AE
330
1F
100
AcDbEntity
  8
PDF_SKY-Lipa$0$RICKLEE_ROAD
370
     0
100
AcDbPolyline
 90
        3
 70
     0
 43
0.0
 10
730.0053658007699
 20
528.2859700012124
 10
798.1466222131224
 20
482.3969381066819
 10
961.824095888657
 20
41.20949999999936
  0
LWPOLYLINE
  5
5AF
330
1F
100
AcDbEntity
  8
PDF_SKY-Lipa$0$RICKLEE_ROAD
370
     0
100
AcDbPolyline
 90
        3
 70
     0
 43
0.0
 10
733.6646204992562
 20
543.6152802246009
 10
810.2122728405635
 20
491.8912205676194
 10
977.4501024389497
 20
41.20949999999936
  0
LWPOLYLINE
  5
5B0
330
1F
100
AcDbEntity
  8
PDF_SKY-Lipa$0$RICKLEE_ROAD
370
     0
100
AcDbPolyline
 90
        2
 70
     0
 43
0.0
 10
890.4191798803573
 20
739.5337547570687
 10
979.428077951645
 20
939.1114839880227
  0
LWPOLYLINE
  5
5B1
330
1F
100
AcDbEntity
  8
PDF_SKY-Lipa$0$RICKLEE_ROAD
370
     0
100
AcDbPolyline
 90
        2
 70
     0
 43
0.0
 10
903.8694133666853
 20
733.6987269946176
 10
979.5269767272797
 20
903.4090259838727
  0
LWPOLYLINE
  5
5B2
330
1F
100
AcDbEntity
  8
PDF_SKY-Lipa$0$RICKLEE_ROAD
370
     0
100
AcDbPolyline
 90
        2
 70
     0
 43
0.0
 10
732.873430294178
 20
545.7910532885657
 10
799.6301038476439
 20
758.6212184545781
  0
LWPOLYLINE
  5
5B3
330
1F
100
AcDbEntity
  8
PDF_SKY-Lipa$0$RICKLEE_ROAD
370
     0
100
AcDbPolyline
 90
        2
 70
     0
 43
0.0
 10
805.1684352831907
 20
776.5218968444704
 10
856.2991022863636
 20
939.1114839880227
  0
LWPOLYLINE
  5
5B4
330
1F
100
AcDbEntity
  8
PDF_SKY-Lipa$0$RICKLEE_ROAD
370
     0
100
AcDbPolyline
 90
        2
 70
     0
 43
0.0
 10
887.8478117138534
 20
738.5447670007209
 10
806.2563218151732
 20
774.0494274536013
  0
LWPOLYLINE
  5
5B5
330
1F
100
AcDbEntity
  8
PDF_SKY-Lipa$0$RICKLEE_ROAD
370
     0
100
AcDbPolyline
 90
        2
 70
     0
 43
0.0
 10
979.5269767272797
 20
682.4691612158098
 10
802.3003707897824
 20
759.8080037621953
  0
LWPOLYLINE
  5
5B6
330
1F
100
AcDbEntity
  8
PDF_SKY-Lipa$0$RICKLEE_ROAD
370
     0
100
AcDbPolyline
 90
        2
 70
     0
 43
0.0
 10
979.5269767272797
 20
698.4907628686415
 10
904.9572998986675
 20
731.1273588281137
  0
ARC
  5
5B7
330
1F
100
AcDbEntity
  8
PDF_SKY-Lipa$0$RICKLEE_ROAD
370
     0
100
AcDbCircle
 10
905.8343079457181
 20
732.9851064007489
 30
0.0
 40
1.928524380497929
100
AcDbArc
 50
155.9728742201782
 51
246.4398129501241
  0
ARC
  5
5B8
330
1F
100
AcDbEntity
  8
PDF_SKY-Lipa$0$RICKLEE_ROAD
370
     0
100
AcDbCircle
 10
888.7241175544588
 20
740.402815591617
 30
0.0
 40
1.928525339085258
100
AcDbArc
 50
246.4397850690659
 51
335.972915101949
  0
ARC
  5
5B9
330
1F
100
AcDbEntity
  8
PDF_SKY-Lipa$0$RICKLEE_ROAD
370
     0
100
AcDbCircle
 10
807.1292572200915
 20
776.0078346475953
 30
0.0
 40
1.928614226002596
100
AcDbArc
 50
162.5849767859124
 51
246.4436206408821
  0
ARC
  5
5BA
330
1F
100
AcDbEntity
  8
PDF_SKY-Lipa$0$RICKLEE_ROAD
370
     0
100
AcDbCircle
 10
801.5907243871607
 20
758.1064518972485
 30
0.0
 40
1.92852588644175
100
AcDbArc
 50
66.43980553688663
 51
162.5811603272065
  0
ARC
  5
5BB
330
1F
100
AcDbEntity
  8
PDF_SKY-Lipa$0$RICKLEE_ROAD
370
     0
100
AcDbCircle
 10
728.996054549835
 20
526.7728090699458
 30
0.0
 40
1.928663683649496
100
AcDbArc
 50
56.00499734500032
 51
162.5833829249678
  0
ARC
  5
5BC
330
1F
100
AcDbEntity
  8
PDF_SKY-Lipa$0$RICKLEE_ROAD
370
     0
100
AcDbCircle
 10
734.8313344147965
 20
545.267634213632
 30
0.0
 40
1.928549728830995
100
AcDbArc
 50
162.5831814185102
 51
236.004800742282
  0
LWPOLYLINE
  5
5BD
330
1F
100
AcDbEntity
  8
PDF_SKY-Lipa$0$RICKLEE_ROAD
370
     0
100
AcDbPolyline
 90
        3
 70
     0
 43
0.0
 10
467.3302177148364
 20
41.20949999999936
 10
717.3463225195201
 20
496.4405642468185
 10
727.038402531727
 20
527.2969822448649
  0
LWPOLYLINE
  5
5BE
330
1F
100
AcDbEntity
  8
PDF_SKY-Lipa$0$RICKLEE_ROAD
370
     0
100
AcDbPolyline
 90
        3
 70
     0
 43
0.0
 10
681.5449657397355
 20
461.7270939990162
 10
703.7971902575575
 20
502.2755920092696
 10
840.8708932873405
 20
939.1114839880227
  0
LWPOLYLINE
  5
5BF
330
1F
100
AcDbEntity
  8
PDF_SKY-Lipa$0$RICKLEE_STRAND
370
     0
100
AcDbPolyline
 90
        2
 70
     0
 43
0.0
 10
470.890573637688
 20
41.20949999999936
 10
487.8022642712326
 20
73.45050085693246
  0
LWPOLYLINE
  5
5C0
330
1F
100
AcDbEntity
  8
PDF_SKY-Lipa$0$RICKLEE_STRANDDISTANCE
370
     0
100
AcDbPolyline
 90
       17
 70
     0
 43
0.0
 10
478.1101842590258
 20
50.70378246093672
 10
477.6156903808519
 20
49.81369348022384
 10
478.3079818102954
 20
49.41809837768478
 10
478.3079818102954
 20
49.51699715331955
 10
478.40688058593
 20
49.81369348022384
 10
478.5057793615648
 20
50.01149103149337
 10
478.7035769128344
 20
50.20928858276289
 10
479.0002732397387
 20
50.30818735839766
 10
479.1980707910082
 20
50.30818735839766
 10
479.3958683422777
 20
50.20928858276289
 10
479.5936658935472
 20
50.01149103149337
 10
479.692564669182
 20
49.71479470458908
 10
479.692564669182
 20
49.41809837768478
 10
479.4947671179125
 20
49.22030082641525
 10
479.2969695666429
 20
49.02250327514573
 10
479.1980707910082
 20
48.92360449951096
 10
479.0002732397387
 20
48.92360449951096
  0
LWPOLYLINE
  5
5C1
330
1F
100
AcDbEntity
  8
PDF_SKY-Lipa$0$RICKLEE_STRANDDISTANCE
370
     0
100
AcDbPolyline
 90
       16
 70
     1
 43
0.0
 10
478.7035769128344
 20
51.79166899291913
 10
478.6046781371996
 20
51.49497266601483
 10
478.8024756884691
 20
51.19827633911054
 10
479.1980707910082
 20
50.90158001220625
 10
479.3958683422777
 20
50.80268123657148
 10
479.8903622204515
 20
50.70378246093672
 10
480.1870585473558
 20
50.70378246093672
 10
480.3848560986254
 20
50.90158001220625
 10
480.4837548742601
 20
51.09937756347577
 10
480.5826536498948
 20
51.39607389038006
 10
480.3848560986254
 20
51.69277021728436
 10
479.9892609960862
 20
51.98946654418865
 10
479.7914634448168
 20
52.08836531982342
 10
479.2969695666429
 20
52.18726409545818
 10
479.0002732397387
 20
52.18726409545818
 10
478.8024756884691
 20
51.98946654418865
  0
LWPOLYLINE
  5
5C2
330
1F
100
AcDbEntity
  8
PDF_SKY-Lipa$0$RICKLEE_STRANDDISTANCE
370
     0
100
AcDbPolyline
 90
        2
 70
     0
 43
0.0
 10
481.0771475280687
 20
52.08836531982342
 10
479.8903622204515
 20
52.681757973632
  0
LWPOLYLINE
  5
5C3
330
1F
100
AcDbEntity
  8
PDF_SKY-Lipa$0$RICKLEE_STRANDDISTANCE
370
     0
100
AcDbPolyline
 90
        7
 70
     0
 43
0.0
 10
480.1870585473558
 20
52.48396042236247
 10
480.0881597717211
 20
52.87955552490153
 10
480.0881597717211
 20
53.07735307617106
 10
480.1870585473558
 20
53.37404940307535
 10
480.3848560986254
 20
53.47294817871011
 10
480.6815524255297
 20
53.37404940307535
 10
481.4727426306077
 20
52.97845430053629
  0
LWPOLYLINE
  5
5C4
330
1F
100
AcDbEntity
  8
PDF_SKY-Lipa$0$RICKLEE_STRANDDISTANCE
370
     0
100
AcDbPolyline
 90
        7
 70
     0
 43
0.0
 10
480.6815524255297
 20
53.37404940307535
 10
480.5826536498948
 20
53.76964450561441
 10
480.5826536498948
 20
53.96744205688393
 10
480.6815524255297
 20
54.26413838378823
 10
480.8793499767992
 20
54.36303715942298
 10
481.1760463037034
 20
54.36303715942298
 10
481.9672365087816
 20
53.86854328124917
  0
LWPOLYLINE
  5
5C5
330
1F
100
AcDbEntity
  8
PDF_SKY-Lipa$0$RICKLEE_HOUSECOUNT
370
     0
100
AcDbPolyline
 90
        4
 70
     1
 43
0.0
 10
495.21967244384
 20
74.4394886132801
 10
495.21967244384
 20
69.89014493408095
 10
490.6703287646408
 20
69.98904370971572
 10
490.6703287646408
 20
74.4394886132801
  0
LWPOLYLINE
  5
5C6
330
1F
100
AcDbEntity
  8
PDF_SKY-Lipa$0$RICKLEE_HOUSECOUNT
370
     0
100
AcDbPolyline
 90
       16
 70
     1
 43
0.0
 10
491.2637214184494
 20
72.85710820312388
 10
491.0659238671798
 20
72.85710820312388
 10
490.9670250915452
 20
72.65931065185435
 10
490.8681263159103
 20
72.36261432495005
 10
490.8681263159103
 20
72.16481677368053
 10
490.9670250915452
 20
71.86812044677623
 10
491.0659238671798
 20
71.6703228955067
 10
491.1648226428146
 20
71.6703228955067
 10
491.3626201940842
 20
71.6703228955067
 10
491.4615189697189
 20
71.6703228955067
 10
491.6593165209885
 20
71.86812044677623
 10
491.6593165209885
 20
72.16481677368053
 10
491.6593165209885
 20
72.36261432495005
 10
491.6593165209885
 20
72.65931065185435
 10
491.4615189697189
 20
72.85710820312388
 10
491.3626201940842
 20
72.85710820312388
  0
LWPOLYLINE
  5
5C7
330
1F
100
AcDbEntity
  8
PDF_SKY-Lipa$0$RICKLEE_HOUSECOUNT
370
     0
100
AcDbPolyline
 90
        2
 70
     0
 43
0.0
 10
493.0438993798752
 20
73.15380453002816
 10
492.0549116235275
 20
71.27472779296765
  0
LWPOLYLINE
  5
5C8
330
1F
100
AcDbEntity
  8
PDF_SKY-Lipa$0$RICKLEE_HOUSECOUNT
370
     0
100
AcDbPolyline
 90
        4
 70
     0
 43
0.0
 10
493.3405957067795
 20
72.65931065185435
 10
493.4394944824142
 20
72.65931065185435
 10
493.538393258049
 20
72.85710820312388
 10
493.538393258049
 20
71.6703228955067
  0
LWPOLYLINE
  5
5C9
330
1F
100
AcDbEntity
  8
PDF_SKY-Lipa$0$RICKLEE_HOUSECOUNT
370
     0
100
AcDbPolyline
 90
       16
 70
     1
 43
0.0
 10
494.5273810143966
 20
72.85710820312388
 10
494.4284822387619
 20
72.85710820312388
 10
494.329583463127
 20
72.65931065185435
 10
494.2306846874924
 20
72.36261432495005
 10
494.2306846874924
 20
72.16481677368053
 10
494.2306846874924
 20
71.86812044677623
 10
494.4284822387619
 20
71.6703228955067
 10
494.5273810143966
 20
71.6703228955067
 10
494.7251785656662
 20
71.6703228955067
 10
494.8240773413009
 20
71.6703228955067
 10
495.0218748925705
 20
71.86812044677623
 10
495.0218748925705
 20
72.16481677368053
 10
495.0218748925705
 20
72.36261432495005
 10
495.0218748925705
 20
72.65931065185435
 10
494.8240773413009
 20
72.85710820312388
 10
494.7251785656662
 20
72.85710820312388
  0
LWPOLYLINE
  5
5CA
330
1F
100
AcDbEntity
  8
PDF_SKY-Lipa$0$RICKLEE_STRAND
370
     0
100
AcDbPolyline
 90
        2
 70
     0
 43
0.0
 10
489.1868471301194
 20
76.02186902343632
 10
522.2190381921306
 20
134.3721466479471
  0
LWPOLYLINE
  5
5CB
330
1F
100
AcDbEntity
  8
PDF_SKY-Lipa$0$RICKLEE_STRANDDISTANCE
370
     0
100
AcDbPolyline
 90
        3
 70
     0
 43
0.0
 10
505.9996389880293
 20
101.6366519128402
 10
506.6919304174726
 20
102.8234372204574
 10
507.8787157250898
 20
101.0432592590316
  0
LWPOLYLINE
  5
5CC
330
1F
100
AcDbEntity
  8
PDF_SKY-Lipa$0$RICKLEE_STRANDDISTANCE
370
     0
100
AcDbPolyline
 90
       14
 70
     0
 43
0.0
 10
507.384221846916
 20
103.1201335473617
 10
507.2853230712811
 20
103.2190323229964
 10
507.1864242956464
 20
103.416829874266
 10
507.1864242956464
 20
103.5157286499007
 10
507.1864242956464
 20
103.7135262011703
 10
507.384221846916
 20
104.0102225280745
 10
507.4831206225507
 20
104.1091213037093
 10
507.6809181738203
 20
104.2080200793441
 10
507.8787157250898
 20
104.2080200793441
 10
507.9776145007246
 20
104.1091213037093
 10
508.175412051994
 20
103.9113237524398
 10
508.2743108276289
 20
103.6146274255355
 10
508.6699059301679
 20
102.3289433422835
 10
509.2632985839765
 20
103.5157286499007
  0
LWPOLYLINE
  5
5CD
330
1F
100
AcDbEntity
  8
PDF_SKY-Lipa$0$RICKLEE_STRANDDISTANCE
370
     0
100
AcDbPolyline
 90
        2
 70
     0
 43
0.0
 10
509.5599949108808
 20
104.0102225280745
 10
508.4721083788983
 20
104.6036151818831
  0
LWPOLYLINE
  5
5CE
330
1F
100
AcDbEntity
  8
PDF_SKY-Lipa$0$RICKLEE_STRANDDISTANCE
370
     0
100
AcDbPolyline
 90
        7
 70
     0
 43
0.0
 10
508.7688047058026
 20
104.4058176306136
 10
508.6699059301679
 20
104.8014127331527
 10
508.6699059301679
 20
104.9992102844222
 10
508.7688047058026
 20
105.2959066113265
 10
508.9666022570722
 20
105.3948053869612
 10
509.2632985839765
 20
105.2959066113265
 10
510.0544887890546
 20
104.9003115087874
  0
LWPOLYLINE
  5
5CF
330
1F
100
AcDbEntity
  8
PDF_SKY-Lipa$0$RICKLEE_STRANDDISTANCE
370
     0
100
AcDbPolyline
 90
        7
 70
     0
 43
0.0
 10
509.2632985839765
 20
105.2959066113265
 10
509.1643998083417
 20
105.6915017138655
 10
509.1643998083417
 20
105.8892992651351
 10
509.2632985839765
 20
106.1859955920394
 10
509.461096135246
 20
106.2848943676741
 10
509.7577924621503
 20
106.1859955920394
 10
510.5489826672283
 20
105.7904004895003
  0
LWPOLYLINE
  5
5D0
330
1F
100
AcDbEntity
  8
PDF_SKY-Lipa$0$RICKLEE_HOUSECOUNT
370
     0
100
AcDbPolyline
 90
        4
 70
     1
 43
0.0
 10
529.4386488134684
 20
134.8666405261209
 10
529.3397500378335
 20
130.4161956225566
 10
524.8893051342693
 20
130.4161956225566
 10
524.8893051342693
 20
134.8666405261209
  0
LWPOLYLINE
  5
5D1
330
1F
100
AcDbEntity
  8
PDF_SKY-Lipa$0$RICKLEE_HOUSECOUNT
370
     0
100
AcDbPolyline
 90
       16
 70
     1
 43
0.0
 10
525.2849002368082
 20
133.2842601159647
 10
525.1860014611735
 20
133.2842601159647
 10
524.9882039099039
 20
133.0864625646952
 10
524.9882039099039
 20
132.7897662377909
 10
524.9882039099039
 20
132.5919686865214
 10
524.9882039099039
 20
132.3941711352518
 10
525.1860014611735
 20
132.1963735839823
 10
525.2849002368082
 20
132.0974748083475
 10
525.4826977880778
 20
132.0974748083475
 10
525.5815965637125
 20
132.1963735839823
 10
525.6804953393473
 20
132.3941711352518
 10
525.779394114982
 20
132.5919686865214
 10
525.779394114982
 20
132.7897662377909
 10
525.6804953393473
 20
133.0864625646952
 10
525.5815965637125
 20
133.2842601159647
 10
525.4826977880778
 20
133.2842601159647
  0
LWPOLYLINE
  5
5D2
330
1F
100
AcDbEntity
  8
PDF_SKY-Lipa$0$RICKLEE_HOUSECOUNT
370
     0
100
AcDbPolyline
 90
        2
 70
     0
 43
0.0
 10
527.1639769738688
 20
133.580956442869
 10
526.1749892175211
 20
131.7018797058085
  0
LWPOLYLINE
  5
5D3
330
1F
100
AcDbEntity
  8
PDF_SKY-Lipa$0$RICKLEE_HOUSECOUNT
370
     0
100
AcDbPolyline
 90
        4
 70
     0
 43
0.0
 10
527.3617745251383
 20
133.0864625646952
 10
527.5595720764079
 20
133.1853613403299
 10
527.6584708520426
 20
133.2842601159647
 10
527.6584708520426
 20
132.0974748083475
  0
LWPOLYLINE
  5
5D4
330
1F
100
AcDbEntity
  8
PDF_SKY-Lipa$0$RICKLEE_HOUSECOUNT
370
     0
100
AcDbPolyline
 90
        4
 70
     0
 43
0.0
 10
528.9441549352946
 20
132.0974748083475
 10
528.9441549352946
 20
133.2842601159647
 10
528.350762281486
 20
132.4930699108866
 10
529.2408512621988
 20
132.4930699108866
  0
LWPOLYLINE
  5
5D6
330
1F
100
AcDbEntity
  8
PDF_SKY-Lipa$0$RICKLEE_STRAND
370
     0
100
AcDbPolyline
 90
        2
 70
     0
 43
0.0
 10
523.6036210510173
 20
136.8446160388162
 10
550.3062904724036
 20
187.0851940612764
  0
LWPOLYLINE
  5
5D7
330
1F
100
AcDbEntity
  8
PDF_SKY-Lipa$0$RICKLEE_STRANDDISTANCE
370
     0
100
AcDbPolyline
 90
       23
 70
     0
 43
0.0
 10
538.1417410693276
 20
159.3935368835424
 10
537.943943518058
 20
159.3935368835424
 10
537.6472471911538
 20
159.1957393322729
 10
537.548348415519
 20
158.9979417810034
 10
537.548348415519
 20
158.7012454540991
 10
537.7461459667886
 20
158.4045491271948
 10
538.0428422936928
 20
158.1078528002905
 10
538.5373361718666
 20
157.910055249021
 10
538.8340324987709
 20
157.8111564733862
 10
539.1307288256752
 20
157.910055249021
 10
539.3285263769447
 20
158.1078528002905
 10
539.3285263769447
 20
158.2067515759253
 10
539.4274251525795
 20
158.4045491271948
 10
539.3285263769447
 20
158.7012454540991
 10
539.1307288256752
 20
158.8990430053686
 10
539.0318300500405
 20
158.9979417810034
 10
538.7351337231361
 20
158.9979417810034
 10
538.5373361718666
 20
158.8990430053686
 10
538.3395386205972
 20
158.7012454540991
 10
538.2406398449623
 20
158.6023466784643
 10
538.2406398449623
 20
158.4045491271948
 10
538.2406398449623
 20
158.1078528002905
 10
538.5373361718666
 20
157.910055249021
  0
LWPOLYLINE
  5
5D8
330
1F
100
AcDbEntity
  8
PDF_SKY-Lipa$0$RICKLEE_STRANDDISTANCE
370
     0
100
AcDbPolyline
 90
       14
 70
     0
 43
0.0
 10
538.6362349475014
 20
159.986929537351
 10
538.5373361718666
 20
160.0858283129858
 10
538.4384373962319
 20
160.1847270886205
 10
538.4384373962319
 20
160.3825246398901
 10
538.4384373962319
 20
160.5803221911596
 10
538.6362349475014
 20
160.8770185180639
 10
538.7351337231361
 20
160.9759172936986
 10
538.9329312744057
 20
161.0748160693334
 10
539.1307288256752
 20
161.0748160693334
 10
539.2296276013099
 20
160.9759172936986
 10
539.4274251525795
 20
160.7781197424291
 10
539.5263239282143
 20
160.4814234155249
 10
539.9219190307534
 20
159.1957393322729
 10
540.5153116845619
 20
160.3825246398901
  0
LWPOLYLINE
  5
5D9
330
1F
100
AcDbEntity
  8
PDF_SKY-Lipa$0$RICKLEE_STRANDDISTANCE
370
     0
100
AcDbPolyline
 90
        2
 70
     0
 43
0.0
 10
540.8120080114662
 20
160.8770185180639
 10
539.625222703849
 20
161.4704111718725
  0
LWPOLYLINE
  5
5DA
330
1F
100
AcDbEntity
  8
PDF_SKY-Lipa$0$RICKLEE_STRANDDISTANCE
370
     0
100
AcDbPolyline
 90
        7
 70
     0
 43
0.0
 10
540.0208178063881
 20
161.272613620603
 10
539.9219190307534
 20
161.668208723142
 10
539.9219190307534
 20
161.8660062744116
 10
540.0208178063881
 20
162.1627026013158
 10
540.2186153576576
 20
162.2616013769506
 10
540.5153116845619
 20
162.2616013769506
 10
541.3065018896401
 20
161.7671074987768
  0
LWPOLYLINE
  5
5DB
330
1F
100
AcDbEntity
  8
PDF_SKY-Lipa$0$RICKLEE_STRANDDISTANCE
370
     0
100
AcDbPolyline
 90
        7
 70
     0
 43
0.0
 10
540.5153116845619
 20
162.2616013769506
 10
540.3175141332924
 20
162.5582977038549
 10
540.3175141332924
 20
162.8549940307592
 10
540.5153116845619
 20
163.0527915820287
 10
540.6142104601967
 20
163.1516903576635
 10
540.910906787101
 20
163.1516903576635
 10
541.8009957678139
 20
162.6571964794896
  0
LWPOLYLINE
  5
5DC
330
1F
100
AcDbEntity
  8
PDF_SKY-Lipa$0$RICKLEE_HOUSECOUNT
370
     0
100
AcDbPolyline
 90
        4
 70
     1
 43
0.0
 10
557.8225974206457
 20
188.4697769201631
 10
557.8225974206457
 20
184.0193320165987
 10
553.3721525170813
 20
184.0193320165987
 10
553.3721525170813
 20
188.4697769201631
  0
LWPOLYLINE
  5
5DD
330
1F
100
AcDbEntity
  8
PDF_SKY-Lipa$0$RICKLEE_HOUSECOUNT
370
     0
100
AcDbPolyline
 90
       16
 70
     1
 43
0.0
 10
554.3611402734289
 20
186.8873965100068
 10
554.1633427221594
 20
186.8873965100068
 10
554.0644439465246
 20
186.6895989587373
 10
553.9655451708898
 20
186.3929026318331
 10
553.9655451708898
 20
186.1951050805635
 10
554.0644439465246
 20
185.8984087536592
 10
554.1633427221594
 20
185.7995099780245
 10
554.3611402734289
 20
185.7006112023897
 10
554.4600390490636
 20
185.7006112023897
 10
554.5589378246984
 20
185.7995099780245
 10
554.756735375968
 20
185.8984087536592
 10
554.756735375968
 20
186.1951050805635
 10
554.756735375968
 20
186.3929026318331
 10
554.756735375968
 20
186.6895989587373
 10
554.5589378246984
 20
186.8873965100068
 10
554.4600390490636
 20
186.8873965100068
  0
LWPOLYLINE
  5
5DE
330
1F
100
AcDbEntity
  8
PDF_SKY-Lipa$0$RICKLEE_HOUSECOUNT
370
     0
100
AcDbPolyline
 90
        2
 70
     0
 43
0.0
 10
556.1413182348546
 20
187.1840928369111
 10
555.152330478507
 20
185.3050160998506
  0
LWPOLYLINE
  5
5DF
330
1F
100
AcDbEntity
  8
PDF_SKY-Lipa$0$RICKLEE_HOUSECOUNT
370
     0
100
AcDbPolyline
 90
       22
 70
     0
 43
0.0
 10
557.1303059912024
 20
186.7884977343721
 10
557.0314072155675
 20
186.8873965100068
 10
556.833609664298
 20
186.8873965100068
 10
556.7347108886632
 20
186.8873965100068
 10
556.5369133373938
 20
186.8873965100068
 10
556.4380145617589
 20
186.6895989587373
 10
556.4380145617589
 20
186.3929026318331
 10
556.4380145617589
 20
186.0962063049287
 10
556.4380145617589
 20
185.8984087536592
 10
556.5369133373938
 20
185.7995099780245
 10
556.7347108886632
 20
185.7006112023897
 10
556.833609664298
 20
185.7006112023897
 10
556.9325084399328
 20
185.7995099780245
 10
557.1303059912024
 20
185.8984087536592
 10
557.1303059912024
 20
186.0962063049287
 10
557.1303059912024
 20
186.2940038561983
 10
556.9325084399328
 20
186.3929026318331
 10
556.833609664298
 20
186.4918014074678
 10
556.7347108886632
 20
186.4918014074678
 10
556.5369133373938
 20
186.3929026318331
 10
556.4380145617589
 20
186.2940038561983
 10
556.4380145617589
 20
186.0962063049287
  0
LWPOLYLINE
  5
5E0
330
1F
100
AcDbEntity
  8
PDF_SKY-Lipa$0$RICKLEE_STRAND
370
     0
100
AcDbPolyline
 90
        2
 70
     0
 43
0.0
 10
551.6908733312902
 20
189.6565622277803
 10
575.4265794836336
 20
232.2819345263636
  0
LWPOLYLINE
  5
5E1
330
1F
100
AcDbEntity
  8
PDF_SKY-Lipa$0$RICKLEE_STRANDDISTANCE
370
     0
100
AcDbPolyline
 90
       17
 70
     0
 43
0.0
 10
564.3499166125401
 20
208.4473295983855
 10
563.954321510001
 20
207.6561393933074
 10
564.6466129394443
 20
207.1616455151335
 10
564.5477141638095
 20
207.2605442907683
 10
564.6466129394443
 20
207.5572406176726
 10
564.7455117150791
 20
207.8539369445769
 10
564.9433092663486
 20
208.0517344958464
 10
565.2400055932529
 20
208.0517344958464
 10
565.5367019201572
 20
208.0517344958464
 10
565.635600695792
 20
207.9528357202116
 10
565.8333982470615
 20
207.7550381689421
 10
565.9322970226964
 20
207.4583418420378
 10
565.9322970226964
 20
207.1616455151335
 10
565.7344994714268
 20
206.963847963864
 10
565.5367019201572
 20
206.7660504125945
 10
565.4378031445225
 20
206.6671516369597
 10
565.2400055932529
 20
206.6671516369597
  0
LWPOLYLINE
  5
5E2
330
1F
100
AcDbEntity
  8
PDF_SKY-Lipa$0$RICKLEE_STRANDDISTANCE
370
     0
100
AcDbPolyline
 90
        4
 70
     0
 43
0.0
 10
566.9212847790439
 20
208.9418234765593
 10
565.1411068176182
 20
209.9308112329069
 10
565.8333982470615
 20
208.4473295983855
 10
566.525689676505
 20
209.7330136816374
  0
LWPOLYLINE
  5
5E4
330
1F
100
AcDbEntity
  8
PDF_SKY-Lipa$0$RICKLEE_STRANDDISTANCE
370
     0
100
AcDbPolyline
 90
        2
 70
     0
 43
0.0
 10
567.316879881583
 20
209.8319124572721
 10
566.2289933496006
 20
210.4253051110807
  0
LWPOLYLINE
  5
5E5
330
1F
100
AcDbEntity
  8
PDF_SKY-Lipa$0$RICKLEE_STRANDDISTANCE
370
     0
100
AcDbPolyline
 90
        7
 70
     0
 43
0.0
 10
566.525689676505
 20
210.2275075598112
 10
566.4267909008701
 20
210.6231026623503
 10
566.4267909008701
 20
210.8209002136198
 10
566.525689676505
 20
211.1175965405241
 10
566.7234872277743
 20
211.2164953161588
 10
567.0201835546787
 20
211.1175965405241
 10
567.8113737597568
 20
210.722001437985
  0
LWPOLYLINE
  5
5E6
330
1F
100
AcDbEntity
  8
PDF_SKY-Lipa$0$RICKLEE_STRANDDISTANCE
370
     0
100
AcDbPolyline
 90
        7
 70
     0
 43
0.0
 10
567.0201835546787
 20
211.1175965405241
 10
566.9212847790439
 20
211.5131916430632
 10
566.9212847790439
 20
211.7109891943327
 10
567.0201835546787
 20
212.007685521237
 10
567.2179811059483
 20
212.1065842968717
 10
567.5146774328525
 20
212.007685521237
 10
568.3058676379306
 20
211.6120904186979
  0
LWPOLYLINE
  5
5E7
330
1F
100
AcDbEntity
  8
PDF_SKY-Lipa$0$RICKLEE_HOUSECOUNT
370
     0
100
AcDbPolyline
 90
        4
 70
     1
 43
0.0
 10
583.23958275878
 20
234.2599100390589
 10
583.23958275878
 20
229.8094651354945
 10
578.6902390795809
 20
229.8094651354945
 10
578.6902390795809
 20
234.2599100390589
  0
LWPOLYLINE
  5
5E8
330
1F
100
AcDbEntity
  8
PDF_SKY-Lipa$0$RICKLEE_HOUSECOUNT
370
     0
100
AcDbPolyline
 90
       15
 70
     0
 43
0.0
 10
578.9869354064851
 20
232.7764284045374
 10
579.6792268359284
 20
232.7764284045374
 10
579.2836317333894
 20
232.2819345263636
 10
579.481429284659
 20
232.2819345263636
 10
579.5803280602938
 20
232.1830357507288
 10
579.6792268359284
 20
232.1830357507288
 10
579.6792268359284
 20
231.9852381994593
 10
579.6792268359284
 20
231.8863394238245
 10
579.6792268359284
 20
231.688541872555
 10
579.481429284659
 20
231.5896430969202
 10
579.3825305090242
 20
231.4907443212855
 10
579.1847329577547
 20
231.4907443212855
 10
578.9869354064851
 20
231.5896430969202
 10
578.9869354064851
 20
231.688541872555
 10
578.8880366308505
 20
231.7874406481898
  0
LWPOLYLINE
  5
5E9
330
1F
100
AcDbEntity
  8
PDF_SKY-Lipa$0$RICKLEE_HOUSECOUNT
370
     0
100
AcDbPolyline
 90
        2
 70
     0
 43
0.0
 10
581.0638096948152
 20
232.974225955807
 10
580.0748219384676
 20
231.0951492187464
  0
LWPOLYLINE
  5
5EA
330
1F
100
AcDbEntity
  8
PDF_SKY-Lipa$0$RICKLEE_HOUSECOUNT
370
     0
100
AcDbPolyline
 90
        4
 70
     0
 43
0.0
 10
581.3605060217195
 20
232.4797320776331
 10
581.4594047973542
 20
232.5786308532679
 10
581.5583035729891
 20
232.7764284045374
 10
581.5583035729891
 20
231.4907443212855
  0
LWPOLYLINE
  5
5EB
330
1F
100
AcDbEntity
  8
PDF_SKY-Lipa$0$RICKLEE_HOUSECOUNT
370
     0
100
AcDbPolyline
 90
       16
 70
     1
 43
0.0
 10
582.5472913293367
 20
232.7764284045374
 10
582.448392553702
 20
232.6775296289027
 10
582.2505950024324
 20
232.4797320776331
 10
582.2505950024324
 20
232.1830357507288
 10
582.2505950024324
 20
232.0841369750941
 10
582.2505950024324
 20
231.7874406481898
 10
582.448392553702
 20
231.5896430969202
 10
582.5472913293367
 20
231.4907443212855
 10
582.7450888806062
 20
231.4907443212855
 10
582.8439876562409
 20
231.5896430969202
 10
582.9428864318757
 20
231.7874406481898
 10
583.0417852075105
 20
232.0841369750941
 10
583.0417852075105
 20
232.1830357507288
 10
582.9428864318757
 20
232.4797320776331
 10
582.8439876562409
 20
232.6775296289027
 10
582.7450888806062
 20
232.7764284045374
  0
LWPOLYLINE
  5
5EC
330
1F
100
AcDbEntity
  8
PDF_SKY-Lipa$0$RICKLEE_STRAND
370
     0
100
AcDbPolyline
 90
        2
 70
     0
 43
0.0
 10
861.5407373950061
 20
939.1114839880227
 10
846.508123498522
 20
899.947568836656
  0
LWPOLYLINE
  5
5ED
330
1F
100
AcDbEntity
  8
PDF_SKY-Lipa$0$RICKLEE_STRANDDISTANCE
370
     0
100
AcDbPolyline
 90
       23
 70
     0
 43
0.0
 10
858.4748753503285
 20
924.9689590722512
 10
858.2770777990591
 20
924.9689590722512
 10
858.0792802477894
 20
924.7711615209817
 10
857.9803814721547
 20
924.5733639697123
 10
857.9803814721547
 20
924.2766676428079
 10
858.1781790234243
 20
923.9799713159037
 10
858.5737741259633
 20
923.7821737646342
 10
859.0682680041371
 20
923.5843762133645
 10
859.4638631066761
 20
923.4854774377298
 10
859.6616606579457
 20
923.6832749889995
 10
859.8594582092152
 20
923.8810725402689
 10
859.8594582092152
 20
923.9799713159037
 10
859.8594582092152
 20
924.2766676428079
 10
859.7605594335805
 20
924.4744651940775
 10
859.562761882311
 20
924.672262745347
 10
859.4638631066761
 20
924.672262745347
 10
859.1671667797719
 20
924.7711615209817
 10
858.9693692285024
 20
924.5733639697123
 10
858.7715716772327
 20
924.3755664184428
 10
858.672672901598
 20
924.2766676428079
 10
858.672672901598
 20
923.9799713159037
 10
858.7715716772327
 20
923.7821737646342
 10
859.0682680041371
 20
923.5843762133645
  0
LWPOLYLINE
  5
5EE
330
1F
100
AcDbEntity
  8
PDF_SKY-Lipa$0$RICKLEE_STRANDDISTANCE
370
     0
100
AcDbPolyline
 90
       15
 70
     0
 43
0.0
 10
858.5737741259633
 20
925.9579468285989
 10
858.9693692285024
 20
926.9469345849465
 10
859.4638631066761
 20
926.1557443798684
 10
859.562761882311
 20
926.3535419311379
 10
859.6616606579457
 20
926.5513394824075
 10
859.7605594335805
 20
926.5513394824075
 10
860.0572557604847
 20
926.5513394824075
 10
860.2550533117543
 20
926.5513394824075
 10
860.4528508630238
 20
926.3535419311379
 10
860.5517496386585
 20
926.0568456042337
 10
860.5517496386585
 20
925.7601492773295
 10
860.4528508630238
 20
925.5623517260598
 10
860.2550533117543
 20
925.2656553991556
 10
860.1561545361194
 20
925.2656553991556
 10
859.9583569848499
 20
925.2656553991556
  0
LWPOLYLINE
  5
5EF
330
1F
100
AcDbEntity
  8
PDF_SKY-Lipa$0$RICKLEE_STRANDDISTANCE
370
     0
100
AcDbPolyline
 90
        2
 70
     0
 43
0.0
 10
860.9473447411977
 20
926.8480358093118
 10
859.7605594335805
 20
927.3425296874856
  0
LWPOLYLINE
  5
5F0
330
1F
100
AcDbEntity
  8
PDF_SKY-Lipa$0$RICKLEE_STRANDDISTANCE
370
     0
100
AcDbPolyline
 90
        7
 70
     0
 43
0.0
 10
860.1561545361194
 20
927.1447321362161
 10
859.9583569848499
 20
927.5403272387553
 10
859.9583569848499
 20
927.7381247900247
 10
860.0572557604847
 20
928.034821116929
 10
860.1561545361194
 20
928.1337198925639
 10
860.4528508630238
 20
928.1337198925639
 10
861.3429398437366
 20
927.7381247900247
  0
LWPOLYLINE
  5
5F1
330
1F
100
AcDbEntity
  8
PDF_SKY-Lipa$0$RICKLEE_STRANDDISTANCE
370
     0
100
AcDbPolyline
 90
        7
 70
     0
 43
0.0
 10
860.4528508630238
 20
928.1337198925639
 10
860.3539520873891
 20
928.5293149951028
 10
860.2550533117543
 20
928.7271125463723
 10
860.3539520873891
 20
928.9249100976419
 10
860.5517496386585
 20
929.1227076489114
 10
860.8484459655628
 20
929.1227076489114
 10
861.7385349462757
 20
928.7271125463723
  0
LWPOLYLINE
  5
5F2
330
1F
100
AcDbEntity
  8
PDF_SKY-Lipa$0$RICKLEE_STRAND
370
     0
100
AcDbPolyline
 90
        2
 70
     0
 43
0.0
 10
845.5191357421744
 20
897.1784031188827
 10
827.9151536791864
 20
839.7182144750846
  0
LWPOLYLINE
  5
5F3
330
1F
100
AcDbEntity
  8
PDF_SKY-Lipa$0$RICKLEE_STRANDDISTANCE
370
     0
100
AcDbPolyline
 90
       22
 70
     0
 43
0.0
 10
838.2995251208367
 20
866.1241875695667
 10
838.1017275695672
 20
866.1241875695667
 10
838.0028287939323
 20
865.8274912426623
 10
837.9039300182975
 20
865.6296936913928
 10
837.9039300182975
 20
865.3329973644886
 10
838.1017275695672
 20
865.135199813219
 10
838.5962214477409
 20
864.8385034863148
 10
838.99181655028
 20
864.73960471068
 10
839.3874116528191
 20
864.73960471068
 10
839.5852092040886
 20
864.8385034863148
 10
839.7830067553581
 20
865.135199813219
 10
839.7830067553581
 20
865.4318961401234
 10
839.6841079797233
 20
865.7285924670276
 10
839.4863104284539
 20
865.8274912426623
 10
839.3874116528191
 20
865.9263900182972
 10
839.0907153259147
 20
865.9263900182972
 10
838.7940189990105
 20
865.7285924670276
 10
838.6951202233756
 20
865.5307949157581
 10
838.5962214477409
 20
865.4318961401234
 10
838.5962214477409
 20
865.135199813219
 10
838.7940189990105
 20
864.9374022619495
 10
838.99181655028
 20
864.73960471068
  0
LWPOLYLINE
  5
5F4
330
1F
100
AcDbEntity
  8
PDF_SKY-Lipa$0$RICKLEE_STRANDDISTANCE
370
     0
100
AcDbPolyline
 90
       17
 70
     0
 43
0.0
 10
838.5962214477409
 20
868.0032643066272
 10
838.3984238964714
 20
867.1131753259142
 10
839.0907153259147
 20
866.7175802233753
 10
839.0907153259147
 20
866.9153777746448
 10
839.0907153259147
 20
867.212074101549
 10
839.0907153259147
 20
867.4098716528186
 10
839.2885128771842
 20
867.7065679797228
 10
839.5852092040886
 20
867.8054667553576
 10
839.8819055309928
 20
867.8054667553576
 10
839.9808043066276
 20
867.7065679797228
 10
840.2775006335319
 20
867.6076692040881
 10
840.3763994091667
 20
867.3109728771839
 10
840.3763994091667
 20
867.0142765502795
 10
840.2775006335319
 20
866.81647899901
 10
840.1786018578972
 20
866.5197826721056
 10
839.9808043066276
 20
866.5197826721056
 10
839.7830067553581
 20
866.4208838964709
  0
LWPOLYLINE
  5
5F5
330
1F
100
AcDbEntity
  8
PDF_SKY-Lipa$0$RICKLEE_STRANDDISTANCE
370
     0
100
AcDbPolyline
 90
        2
 70
     0
 43
0.0
 10
840.6730957360709
 20
868.102163082262
 10
839.4863104284539
 20
868.4977581848009
  0
LWPOLYLINE
  5
5F6
330
1F
100
AcDbEntity
  8
PDF_SKY-Lipa$0$RICKLEE_STRANDDISTANCE
370
     0
100
AcDbPolyline
 90
        7
 70
     0
 43
0.0
 10
839.7830067553581
 20
868.3988594091662
 10
839.6841079797233
 20
868.6955557360706
 10
839.5852092040886
 20
868.9922520629748
 10
839.6841079797233
 20
869.1900496142443
 10
839.7830067553581
 20
869.3878471655139
 10
840.0797030822625
 20
869.3878471655139
 10
840.9697920629753
 20
869.0911508386095
  0
LWPOLYLINE
  5
5F7
330
1F
100
AcDbEntity
  8
PDF_SKY-Lipa$0$RICKLEE_STRANDDISTANCE
370
     0
100
AcDbPolyline
 90
        7
 70
     0
 43
0.0
 10
840.0797030822625
 20
869.3878471655139
 10
839.9808043066276
 20
869.6845434924183
 10
839.8819055309928
 20
869.8823410436876
 10
839.9808043066276
 20
870.179037370592
 10
840.1786018578972
 20
870.3768349218616
 10
840.4752981848014
 20
870.3768349218616
 10
841.3653871655142
 20
870.0801385949572
  0
LWPOLYLINE
  5
5F8
330
1F
100
AcDbEntity
  8
PDF_SKY-Lipa$0$RICKLEE_HOUSECOUNT
370
     0
100
AcDbPolyline
 90
        4
 70
     1
 43
0.0
 10
834.6402704223503
 20
839.124821821276
 10
834.6402704223503
 20
834.6743769177116
 10
830.0909267431512
 20
834.6743769177116
 10
830.0909267431512
 20
839.124821821276
  0
LWPOLYLINE
  5
5F9
330
1F
100
AcDbEntity
  8
PDF_SKY-Lipa$0$RICKLEE_HOUSECOUNT
370
     0
100
AcDbPolyline
 90
       16
 70
     1
 43
0.0
 10
831.0799144994987
 20
837.5424414111199
 10
830.8821169482294
 20
837.5424414111199
 10
830.7832181725945
 20
837.3446438598502
 10
830.7832181725945
 20
837.047947532946
 10
830.7832181725945
 20
836.8501499816765
 10
830.7832181725945
 20
836.5534536547723
 10
830.8821169482294
 20
836.4545548791374
 10
831.0799144994987
 20
836.3556561035027
 10
831.1788132751336
 20
836.3556561035027
 10
831.3766108264031
 20
836.4545548791374
 10
831.4755096020379
 20
836.5534536547723
 10
831.5744083776728
 20
836.8501499816765
 10
831.5744083776728
 20
837.047947532946
 10
831.4755096020379
 20
837.3446438598502
 10
831.3766108264031
 20
837.5424414111199
 10
831.1788132751336
 20
837.5424414111199
  0
LWPOLYLINE
  5
5FA
330
1F
100
AcDbEntity
  8
PDF_SKY-Lipa$0$RICKLEE_HOUSECOUNT
370
     0
100
AcDbPolyline
 90
        2
 70
     0
 43
0.0
 10
832.9589912365594
 20
837.8391377380241
 10
831.871104704577
 20
835.9600610009636
  0
LWPOLYLINE
  5
5FB
330
1F
100
AcDbEntity
  8
PDF_SKY-Lipa$0$RICKLEE_HOUSECOUNT
370
     0
100
AcDbPolyline
 90
       20
 70
     0
 43
0.0
 10
833.8490802172723
 20
837.443542635485
 10
833.8490802172723
 20
837.5424414111199
 10
833.6512826660028
 20
837.5424414111199
 10
833.5523838903679
 20
837.5424414111199
 10
833.3545863390984
 20
837.5424414111199
 10
833.2556875634637
 20
837.3446438598502
 10
833.1567887878289
 20
837.047947532946
 10
833.1567887878289
 20
836.7512512060416
 10
833.2556875634637
 20
836.5534536547723
 10
833.3545863390984
 20
836.4545548791374
 10
833.5523838903679
 20
836.3556561035027
 10
833.7501814416375
 20
836.4545548791374
 10
833.8490802172723
 20
836.5534536547723
 10
833.947978992907
 20
836.7512512060416
 10
833.8490802172723
 20
836.9490487573113
 10
833.7501814416375
 20
837.047947532946
 10
833.5523838903679
 20
837.1468463085808
 10
833.3545863390984
 20
837.047947532946
 10
833.2556875634637
 20
836.9490487573113
 10
833.1567887878289
 20
836.7512512060416
  0
LWPOLYLINE
  5
5FC
330
1F
100
AcDbEntity
  8
PDF_SKY-Lipa$0$RICKLEE_STRAND
370
     0
100
AcDbPolyline
 90
        2
 70
     0
 43
0.0
 10
827.0250646984734
 20
836.9490487573113
 10
810.8056654943721
 20
785.2249891003297
  0
LWPOLYLINE
  5
5FD
330
1F
100
AcDbEntity
  8
PDF_SKY-Lipa$0$RICKLEE_STRANDDISTANCE
370
     0
100
AcDbPolyline
 90
       17
 70
     0
 43
0.0
 10
820.2999479553096
 20
808.8617964770383
 10
820.0032516284053
 20
807.9717074963253
 10
820.7944418334834
 20
807.5761123937864
 10
820.6955430578487
 20
807.6750111694211
 10
820.6955430578487
 20
807.9717074963253
 10
820.7944418334834
 20
808.2684038232297
 10
820.9922393847529
 20
808.4662013744992
 10
821.1900369360224
 20
808.6639989257687
 10
821.4867332629268
 20
808.6639989257687
 10
821.6845308141962
 20
808.5651001501339
 10
821.8823283654657
 20
808.3673025988645
 10
821.9812271411006
 20
808.169505047595
 10
821.9812271411006
 20
807.8728087206906
 10
821.9812271411006
 20
807.5761123937864
 10
821.783429589831
 20
807.3783148425167
 10
821.6845308141962
 20
807.279416066882
 10
821.4867332629268
 20
807.279416066882
  0
LWPOLYLINE
  5
5FE
330
1F
100
AcDbEntity
  8
PDF_SKY-Lipa$0$RICKLEE_STRANDDISTANCE
370
     0
100
AcDbPolyline
 90
        3
 70
     0
 43
0.0
 10
820.497745506579
 20
809.5540879064817
 10
820.8933406091182
 20
810.7408732140987
 10
822.4757210192743
 20
809.2573915795773
  0
LWPOLYLINE
  5
5FF
330
1F
100
AcDbEntity
  8
PDF_SKY-Lipa$0$RICKLEE_STRANDDISTANCE
370
     0
100
AcDbPolyline
 90
        2
 70
     0
 43
0.0
 10
822.8713161218134
 20
810.7408732140987
 10
821.6845308141962
 20
811.1364683166378
  0
LWPOLYLINE
  5
600
330
1F
100
AcDbEntity
  8
PDF_SKY-Lipa$0$RICKLEE_STRANDDISTANCE
370
     0
100
AcDbPolyline
 90
        7
 70
     0
 43
0.0
 10
821.9812271411006
 20
811.0375695410031
 10
821.8823283654657
 20
811.3342658679073
 10
821.783429589831
 20
811.5320634191769
 10
821.8823283654657
 20
811.8287597460811
 10
822.0801259167354
 20
812.0265572973508
 10
822.3768222436396
 20
812.0265572973508
 10
823.2669112243524
 20
811.7298609704464
  0
LWPOLYLINE
  5
601
330
1F
100
AcDbEntity
  8
PDF_SKY-Lipa$0$RICKLEE_STRANDDISTANCE
370
     0
100
AcDbPolyline
 90
        7
 70
     0
 43
0.0
 10
822.3768222436396
 20
812.0265572973508
 10
822.1790246923701
 20
812.323253624255
 10
822.0801259167354
 20
812.5210511755245
 10
822.1790246923701
 20
812.8177475024287
 10
822.3768222436396
 20
812.9166462780636
 10
822.673518570544
 20
812.9166462780636
 10
823.5636075512568
 20
812.7188487267941
  0
LWPOLYLINE
  5
602
330
1F
100
AcDbEntity
  8
PDF_SKY-Lipa$0$RICKLEE_HOUSECOUNT
370
     0
100
AcDbPolyline
 90
        4
 70
     1
 43
0.0
 10
817.7285797888057
 20
785.4227866515992
 10
817.7285797888057
 20
780.8734429724
 10
813.1792361096065
 20
780.8734429724
 10
813.1792361096065
 20
785.4227866515992
  0
LWPOLYLINE
  5
603
330
1F
100
AcDbEntity
  8
PDF_SKY-Lipa$0$RICKLEE_HOUSECOUNT
370
     0
100
AcDbPolyline
 90
       16
 70
     1
 43
0.0
 10
814.0693250903193
 20
783.840406241443
 10
813.8715275390499
 20
783.7415074658082
 10
813.7726287634151
 20
783.6426086901735
 10
813.6737299877804
 20
783.3459123632691
 10
813.6737299877804
 20
783.1481148119997
 10
813.7726287634151
 20
782.8514184850953
 10
813.8715275390499
 20
782.6536209338257
 10
814.0693250903193
 20
782.6536209338257
 10
814.1682238659543
 20
782.6536209338257
 10
814.3660214172237
 20
782.6536209338257
 10
814.4649201928585
 20
782.8514184850953
 10
814.5638189684932
 20
783.1481148119997
 10
814.5638189684932
 20
783.3459123632691
 10
814.4649201928585
 20
783.6426086901735
 10
814.3660214172237
 20
783.7415074658082
 10
814.1682238659543
 20
783.840406241443
  0
LWPOLYLINE
  5
604
330
1F
100
AcDbEntity
  8
PDF_SKY-Lipa$0$RICKLEE_HOUSECOUNT
370
     0
100
AcDbPolyline
 90
        2
 70
     0
 43
0.0
 10
815.9484018273799
 20
784.0382037927124
 10
814.8605152953976
 20
782.2580258312868
  0
LWPOLYLINE
  5
605
330
1F
100
AcDbEntity
  8
PDF_SKY-Lipa$0$RICKLEE_HOUSECOUNT
370
     0
100
AcDbPolyline
 90
        4
 70
     0
 43
0.0
 10
816.739592032458
 20
782.6536209338257
 10
816.739592032458
 20
783.840406241443
 10
816.1461993786495
 20
783.0492160363649
 10
817.0362883593623
 20
783.0492160363649
  0
LWPOLYLINE
  5
607
330
1F
100
AcDbEntity
  8
PDF_SKY-Lipa$0$RICKLEE_STRAND
370
     0
100
AcDbPolyline
 90
        2
 70
     0
 43
0.0
 10
809.9155765136593
 20
782.4558233825562
 10
792.2126956750365
 20
726.9736102514535
  0
LWPOLYLINE
  5
608
330
1F
100
AcDbEntity
  8
PDF_SKY-Lipa$0$RICKLEE_STRANDDISTANCE
370
     0
100
AcDbPolyline
 90
       23
 70
     0
 43
0.0
 10
802.6959658923216
 20
752.3905955895879
 10
802.4981683410521
 20
752.2916968139532
 10
802.3003707897824
 20
752.0938992626837
 10
802.2014720141477
 20
751.8961017114142
 10
802.2014720141477
 20
751.5994053845098
 10
802.3992695654172
 20
751.3027090576056
 10
802.893763443591
 20
751.104911506336
 10
803.2893585461302
 20
751.0060127307013
 10
803.6849536486691
 20
750.9071139550664
 10
803.8827511999388
 20
751.104911506336
 10
804.0805487512082
 20
751.3027090576056
 10
804.0805487512082
 20
751.4016078332403
 10
804.0805487512082
 20
751.6983041601446
 10
803.9816499755735
 20
751.8961017114142
 10
803.7838524243039
 20
752.0938992626837
 10
803.6849536486691
 20
752.0938992626837
 10
803.3882573217649
 20
752.0938992626837
 10
803.1904597704954
 20
751.9950004870489
 10
802.9926622192258
 20
751.7972029357793
 10
802.893763443591
 20
751.6983041601446
 10
802.9926622192258
 20
751.4016078332403
 10
803.0915609948605
 20
751.104911506336
 10
803.2893585461302
 20
751.0060127307013
  0
LWPOLYLINE
  5
609
330
1F
100
AcDbEntity
  8
PDF_SKY-Lipa$0$RICKLEE_STRANDDISTANCE
370
     0
100
AcDbPolyline
 90
       15
 70
     0
 43
0.0
 10
802.6959658923216
 20
753.2806845703008
 10
802.9926622192258
 20
754.2696723266484
 10
803.5860548730344
 20
753.577380897205
 10
803.5860548730344
 20
753.7751784484746
 10
803.7838524243039
 20
753.9729759997442
 10
803.8827511999388
 20
753.9729759997442
 10
804.179447526843
 20
753.9729759997442
 10
804.3772450781125
 20
753.9729759997442
 10
804.5750426293821
 20
753.7751784484746
 10
804.6739414050168
 20
753.577380897205
 10
804.6739414050168
 20
753.2806845703008
 10
804.6739414050168
 20
752.9839882433965
 10
804.4761438537474
 20
752.7861906921271
 10
804.3772450781125
 20
752.6872919164922
 10
804.179447526843
 20
752.6872919164922
  0
LWPOLYLINE
  5
60A
330
1F
100
AcDbEntity
  8
PDF_SKY-Lipa$0$RICKLEE_STRANDDISTANCE
370
     0
100
AcDbPolyline
 90
        2
 70
     0
 43
0.0
 10
805.0695365075558
 20
754.3685711022832
 10
803.7838524243039
 20
754.7641662048223
  0
LWPOLYLINE
  5
60B
330
1F
100
AcDbEntity
  8
PDF_SKY-Lipa$0$RICKLEE_STRANDDISTANCE
370
     0
100
AcDbPolyline
 90
        7
 70
     0
 43
0.0
 10
804.179447526843
 20
754.5663686535528
 10
803.9816499755735
 20
754.9619637560919
 10
803.9816499755735
 20
755.1597613073613
 10
804.0805487512082
 20
755.4564576342657
 10
804.179447526843
 20
755.5553564099004
 10
804.4761438537474
 20
755.5553564099004
 10
805.3662328344602
 20
755.2586600829961
  0
LWPOLYLINE
  5
60C
330
1F
100
AcDbEntity
  8
PDF_SKY-Lipa$0$RICKLEE_STRANDDISTANCE
370
     0
100
AcDbPolyline
 90
        7
 70
     0
 43
0.0
 10
804.4761438537474
 20
755.5553564099004
 10
804.2783463024777
 20
755.9509515124394
 10
804.2783463024777
 20
756.148749063709
 10
804.3772450781125
 20
756.4454453906132
 10
804.4761438537474
 20
756.544344166248
 10
804.7728401806516
 20
756.544344166248
 10
805.6629291613646
 20
756.2476478393437
  0
LWPOLYLINE
  5
60D
330
1F
100
AcDbEntity
  8
PDF_SKY-Lipa$0$RICKLEE_STRAND
370
     0
100
AcDbPolyline
 90
        2
 70
     0
 43
0.0
 10
791.3226066943236
 20
724.2044445336802
 10
777.1800817785524
 20
677.9198175366105
  0
LWPOLYLINE
  5
60E
330
1F
100
AcDbEntity
  8
PDF_SKY-Lipa$0$RICKLEE_STRANDDISTANCE
370
     0
100
AcDbPolyline
 90
       17
 70
     0
 43
0.0
 10
785.5864777075074
 20
698.7874591955458
 10
785.2897813806031
 20
697.897370214833
 10
786.0809715856812
 20
697.6006738879286
 10
786.0809715856812
 20
697.6995726635634
 10
786.0809715856812
 20
697.9962689904676
 10
786.0809715856812
 20
698.2929653173719
 10
786.2787691369507
 20
698.4907628686415
 10
786.575465463855
 20
698.5896616442763
 10
786.8721617907594
 20
698.5896616442763
 10
786.971060566394
 20
698.5896616442763
 10
787.2677568932983
 20
698.3918640930068
 10
787.3666556689332
 20
698.1940665417372
 10
787.3666556689332
 20
697.897370214833
 10
787.2677568932983
 20
697.6006738879286
 10
787.1688581176636
 20
697.402876336659
 10
786.971060566394
 20
697.3039775610243
 10
786.7732630151246
 20
697.3039775610243
  0
LWPOLYLINE
  5
60F
330
1F
100
AcDbEntity
  8
PDF_SKY-Lipa$0$RICKLEE_STRANDDISTANCE
370
     0
100
AcDbPolyline
 90
       15
 70
     0
 43
0.0
 10
785.8831740344117
 20
699.6775481762587
 10
786.1798703613159
 20
700.6665359326063
 10
786.7732630151246
 20
699.8753457275283
 10
786.7732630151246
 20
700.1720420544325
 10
786.971060566394
 20
700.369839605702
 10
787.0699593420288
 20
700.369839605702
 10
787.3666556689332
 20
700.369839605702
 10
787.5644532202027
 20
700.369839605702
 10
787.7622507714721
 20
700.1720420544325
 10
787.9600483227417
 20
699.974244503163
 10
787.9600483227417
 20
699.6775481762587
 10
787.8611495471069
 20
699.3808518493544
 10
787.6633519958374
 20
699.1830542980849
 10
787.5644532202027
 20
699.0841555224501
 10
787.3666556689332
 20
699.0841555224501
  0
LWPOLYLINE
  5
610
330
1F
100
AcDbEntity
  8
PDF_SKY-Lipa$0$RICKLEE_STRANDDISTANCE
370
     0
100
AcDbPolyline
 90
        2
 70
     0
 43
0.0
 10
788.2567446496461
 20
700.7654347082412
 10
786.971060566394
 20
701.0621310351454
  0
LWPOLYLINE
  5
611
330
1F
100
AcDbEntity
  8
PDF_SKY-Lipa$0$RICKLEE_STRANDDISTANCE
370
     0
100
AcDbPolyline
 90
        7
 70
     0
 43
0.0
 10
787.3666556689332
 20
700.9632322595106
 10
787.1688581176636
 20
701.3588273620497
 10
787.1688581176636
 20
701.5566249133192
 10
787.2677568932983
 20
701.8533212402235
 10
787.3666556689332
 20
701.9522200158583
 10
787.6633519958374
 20
701.9522200158583
 10
788.5534409765503
 20
701.6555236889539
  0
LWPOLYLINE
  5
612
330
1F
100
AcDbEntity
  8
PDF_SKY-Lipa$0$RICKLEE_STRANDDISTANCE
370
     0
100
AcDbPolyline
 90
        7
 70
     0
 43
0.0
 10
787.6633519958374
 20
701.9522200158583
 10
787.4655544445679
 20
702.3478151183972
 10
787.4655544445679
 20
702.5456126696668
 10
787.5644532202027
 20
702.8423089965712
 10
787.6633519958374
 20
702.9412077722059
 10
787.9600483227417
 20
702.9412077722059
 10
788.8501373034546
 20
702.6445114453016
  0
LWPOLYLINE
  5
613
330
1F
100
AcDbEntity
  8
PDF_SKY-Lipa$0$RICKLEE_HOUSECOUNT
370
     0
100
AcDbPolyline
 90
        4
 70
     1
 43
0.0
 10
783.5096034191773
 20
676.4363359020891
 10
783.5096034191773
 20
671.8869922228901
 10
779.0591585156129
 20
671.8869922228901
 10
779.0591585156129
 20
676.4363359020891
  0
LWPOLYLINE
  5
614
330
1F
100
AcDbEntity
  8
PDF_SKY-Lipa$0$RICKLEE_HOUSECOUNT
370
     0
100
AcDbPolyline
 90
       15
 70
     0
 43
0.0
 10
779.7514499450563
 20
674.8539554919329
 10
780.3448425988649
 20
674.8539554919329
 10
780.0481462719606
 20
674.3594616137591
 10
780.2459438232301
 20
674.3594616137591
 10
780.3448425988649
 20
674.3594616137591
 10
780.3448425988649
 20
674.2605628381243
 10
780.4437413744996
 20
674.1616640624895
 10
780.4437413744996
 20
673.9638665112201
 10
780.3448425988649
 20
673.8649677355852
 10
780.2459438232301
 20
673.6671701843157
 10
780.0481462719606
 20
673.6671701843157
 10
779.9492474963258
 20
673.6671701843157
 10
779.7514499450563
 20
673.6671701843157
 10
779.6525511694215
 20
673.7660689599505
 10
779.6525511694215
 20
673.8649677355852
  0
LWPOLYLINE
  5
615
330
1F
100
AcDbEntity
  8
PDF_SKY-Lipa$0$RICKLEE_HOUSECOUNT
370
     0
100
AcDbPolyline
 90
        2
 70
     0
 43
0.0
 10
781.8283242333864
 20
675.0517530432024
 10
780.7404377014039
 20
673.2715750817767
  0
LWPOLYLINE
  5
616
330
1F
100
AcDbEntity
  8
PDF_SKY-Lipa$0$RICKLEE_HOUSECOUNT
370
     0
100
AcDbPolyline
 90
       21
 70
     0
 43
0.0
 10
782.7184132140992
 20
674.6561579406634
 10
782.7184132140992
 20
674.8539554919329
 10
782.5206156628297
 20
674.8539554919329
 10
782.421716887195
 20
674.8539554919329
 10
782.2239193359254
 20
674.8539554919329
 10
782.1250205602906
 20
674.6561579406634
 10
782.0261217846558
 20
674.3594616137591
 10
782.0261217846558
 20
674.0627652868548
 10
782.1250205602906
 20
673.8649677355852
 10
782.2239193359254
 20
673.6671701843157
 10
782.421716887195
 20
673.6671701843157
 10
782.6195144384644
 20
673.6671701843157
 10
782.7184132140992
 20
673.8649677355852
 10
782.8173119897339
 20
673.9638665112201
 10
782.8173119897339
 20
674.0627652868548
 10
782.7184132140992
 20
674.2605628381243
 10
782.6195144384644
 20
674.3594616137591
 10
782.421716887195
 20
674.3594616137591
 10
782.2239193359254
 20
674.3594616137591
 10
782.1250205602906
 20
674.2605628381243
 10
782.0261217846558
 20
674.0627652868548
  0
LWPOLYLINE
  5
617
330
1F
100
AcDbEntity
  8
PDF_SKY-Lipa$0$RICKLEE_STRAND
370
     0
100
AcDbPolyline
 90
        2
 70
     0
 43
0.0
 10
776.2899927978395
 20
675.1506518188372
 10
759.4772009399296
 20
620.1629325659084
  0
LWPOLYLINE
  5
618
330
1F
100
AcDbEntity
  8
PDF_SKY-Lipa$0$RICKLEE_STRANDDISTANCE
370
     0
100
AcDbPolyline
 90
       22
 70
     0
 43
0.0
 10
769.4659772790409
 20
645.2832215771384
 10
769.2681797277713
 20
645.2832215771384
 10
769.1692809521365
 20
645.0854240258689
 10
769.0703821765017
 20
644.8876264745994
 10
769.0703821765017
 20
644.5909301476951
 10
769.2681797277713
 20
644.2942338207908
 10
769.6637748303103
 20
644.0964362695212
 10
770.1582687084842
 20
643.8986387182517
 10
770.5538638110232
 20
643.8986387182517
 10
770.7516613622928
 20
644.0964362695212
 10
770.9494589135624
 20
644.2942338207908
 10
770.9494589135624
 20
644.3931325964256
 10
770.9494589135624
 20
644.6898289233298
 10
770.8505601379275
 20
644.8876264745994
 10
770.5538638110232
 20
645.0854240258689
 10
770.2571674841189
 20
645.0854240258689
 10
769.9604711572146
 20
644.9865252502341
 10
769.8615723815799
 20
644.6898289233298
 10
769.7626736059451
 20
644.6898289233298
 10
769.7626736059451
 20
644.3931325964256
 10
769.9604711572146
 20
644.0964362695212
 10
770.1582687084842
 20
643.8986387182517
  0
LWPOLYLINE
  5
619
330
1F
100
AcDbEntity
  8
PDF_SKY-Lipa$0$RICKLEE_STRANDDISTANCE
370
     0
100
AcDbPolyline
 90
       14
 70
     0
 43
0.0
 10
769.9604711572146
 20
646.0744117822165
 10
769.8615723815799
 20
646.0744117822165
 10
769.6637748303103
 20
646.2722093334861
 10
769.6637748303103
 20
646.3711081091209
 10
769.5648760546756
 20
646.5689056603904
 10
769.6637748303103
 20
646.8656019872947
 10
769.8615723815799
 20
647.0633995385642
 10
769.9604711572146
 20
647.162298314199
 10
770.1582687084842
 20
647.162298314199
 10
770.3560662597537
 20
647.0633995385642
 10
770.4549650353884
 20
646.9645007629294
 10
770.7516613622928
 20
646.6678044360252
 10
771.3450540161013
 20
645.5799179040427
 10
771.7406491186403
 20
646.7667032116598
  0
LWPOLYLINE
  5
61A
330
1F
100
AcDbEntity
  8
PDF_SKY-Lipa$0$RICKLEE_STRANDDISTANCE
370
     0
100
AcDbPolyline
 90
        2
 70
     0
 43
0.0
 10
771.8395478942751
 20
647.3600958654685
 10
770.652762586658
 20
647.6567921923727
  0
LWPOLYLINE
  5
61B
330
1F
100
AcDbEntity
  8
PDF_SKY-Lipa$0$RICKLEE_STRANDDISTANCE
370
     0
100
AcDbPolyline
 90
        7
 70
     0
 43
0.0
 10
770.9494589135624
 20
647.557893416738
 10
770.7516613622928
 20
647.9534885192771
 10
770.7516613622928
 20
648.1512860705465
 10
770.8505601379275
 20
648.4479823974509
 10
770.9494589135624
 20
648.5468811730856
 10
771.2461552404666
 20
648.5468811730856
 10
772.1362442211795
 20
648.3490836218161
  0
LWPOLYLINE
  5
61C
330
1F
100
AcDbEntity
  8
PDF_SKY-Lipa$0$RICKLEE_STRANDDISTANCE
370
     0
100
AcDbPolyline
 90
        7
 70
     0
 43
0.0
 10
771.2461552404666
 20
648.5468811730856
 10
771.048357689197
 20
648.9424762756247
 10
771.048357689197
 20
649.1402738268942
 10
771.1472564648317
 20
649.4369701537985
 10
771.2461552404666
 20
649.5358689294334
 10
771.5428515673709
 20
649.5358689294334
 10
772.4329405480838
 20
649.239172602529
  0
LWPOLYLINE
  5
61D
330
1F
100
AcDbEntity
  8
PDF_SKY-Lipa$0$RICKLEE_HOUSECOUNT
370
     0
100
AcDbPolyline
 90
        4
 70
     1
 43
0.0
 10
765.9056213561894
 20
618.8772484826564
 10
765.9056213561894
 20
614.426803579092
 10
761.4551764526249
 20
614.426803579092
 10
761.4551764526249
 20
618.8772484826564
  0
LWPOLYLINE
  5
61E
330
1F
100
AcDbEntity
  8
PDF_SKY-Lipa$0$RICKLEE_HOUSECOUNT
370
     0
100
AcDbPolyline
 90
        4
 70
     0
 43
0.0
 10
762.1474678820683
 20
617.0970705212306
 10
762.2463666577031
 20
617.1959692968654
 10
762.4441642089725
 20
617.3937668481349
 10
762.4441642089725
 20
616.1080827648831
  0
LWPOLYLINE
  5
61F
330
1F
100
AcDbEntity
  8
PDF_SKY-Lipa$0$RICKLEE_HOUSECOUNT
370
     0
100
AcDbPolyline
 90
        2
 70
     0
 43
0.0
 10
764.1254433947636
 20
617.5915643994045
 10
763.0375568627812
 20
615.712487662344
  0
LWPOLYLINE
  5
620
330
1F
100
AcDbEntity
  8
PDF_SKY-Lipa$0$RICKLEE_HOUSECOUNT
370
     0
100
AcDbPolyline
 90
       20
 70
     0
 43
0.0
 10
765.0155323754765
 20
617.1959692968654
 10
765.0155323754765
 20
617.2948680725002
 10
764.8177348242069
 20
617.3937668481349
 10
764.7188360485721
 20
617.3937668481349
 10
764.5210384973026
 20
617.2948680725002
 10
764.4221397216679
 20
617.0970705212306
 10
764.3232409460331
 20
616.8003741943264
 10
764.3232409460331
 20
616.503677867422
 10
764.4221397216679
 20
616.3058803161526
 10
764.5210384973026
 20
616.2069815405178
 10
764.7188360485721
 20
616.1080827648831
 10
764.9166335998416
 20
616.2069815405178
 10
765.0155323754765
 20
616.3058803161526
 10
765.1144311511112
 20
616.503677867422
 10
765.0155323754765
 20
616.7014754186916
 10
764.9166335998416
 20
616.8003741943264
 10
764.7188360485721
 20
616.8992729699612
 10
764.5210384973026
 20
616.8003741943264
 10
764.4221397216679
 20
616.7014754186916
 10
764.3232409460331
 20
616.503677867422
  0
LWPOLYLINE
  5
621
330
1F
100
AcDbEntity
  8
PDF_SKY-Lipa$0$RICKLEE_STRAND
370
     0
100
AcDbPolyline
 90
        2
 70
     0
 43
0.0
 10
758.5871119592168
 20
617.3937668481349
 10
743.0600041845588
 20
569.1311643383701
  0
LWPOLYLINE
  5
622
330
1F
100
AcDbEntity
  8
PDF_SKY-Lipa$0$RICKLEE_STRANDDISTANCE
370
     0
100
AcDbPolyline
 90
       17
 70
     0
 43
0.0
 10
752.1586915429572
 20
590.987793753653
 10
751.8619952160528
 20
590.0977047729401
 10
752.6531854211309
 20
589.8010084460358
 10
752.5542866454961
 20
589.8999072216705
 10
752.5542866454961
 20
590.1966035485749
 10
752.6531854211309
 20
590.4932998754791
 10
752.8509829724005
 20
590.6910974267487
 10
753.0487805236699
 20
590.7899962023834
 10
753.3454768505743
 20
590.7899962023834
 10
753.5432744018438
 20
590.7899962023834
 10
753.7410719531132
 20
590.5921986511138
 10
753.8399707287481
 20
590.2955023242096
 10
753.9388695043828
 20
589.9988059973053
 10
753.8399707287481
 20
589.8010084460358
 10
753.6421731774786
 20
589.5043121191315
 10
753.5432744018438
 20
589.5043121191315
 10
753.3454768505743
 20
589.4054133434967
  0
LWPOLYLINE
  5
623
330
1F
100
AcDbEntity
  8
PDF_SKY-Lipa$0$RICKLEE_STRANDDISTANCE
370
     0
100
AcDbPolyline
 90
       17
 70
     0
 43
0.0
 10
752.7520841967657
 20
592.7679717150787
 10
752.4553878698614
 20
591.8778827343658
 10
753.2465780749395
 20
591.5811864074616
 10
753.1476792993047
 20
591.6800851830963
 10
753.1476792993047
 20
591.9767815100006
 10
753.2465780749395
 20
592.1745790612702
 10
753.3454768505743
 20
592.4712753881745
 10
753.6421731774786
 20
592.5701741638091
 10
753.9388695043828
 20
592.5701741638091
 10
754.1366670556524
 20
592.5701741638091
 10
754.3344646069219
 20
592.3723766125397
 10
754.4333633825566
 20
592.0756802856353
 10
754.4333633825566
 20
591.7789839587311
 10
754.3344646069219
 20
591.5811864074616
 10
754.2355658312872
 20
591.2844900805573
 10
754.0377682800176
 20
591.2844900805573
 10
753.8399707287481
 20
591.1855913049224
  0
LWPOLYLINE
  5
624
330
1F
100
AcDbEntity
  8
PDF_SKY-Lipa$0$RICKLEE_STRANDDISTANCE
370
     0
100
AcDbPolyline
 90
        2
 70
     0
 43
0.0
 10
754.8289584850957
 20
592.8668704907135
 10
753.5432744018438
 20
593.2624655932524
  0
LWPOLYLINE
  5
625
330
1F
100
AcDbEntity
  8
PDF_SKY-Lipa$0$RICKLEE_STRANDDISTANCE
370
     0
100
AcDbPolyline
 90
        7
 70
     0
 43
0.0
 10
753.9388695043828
 20
593.1635668176178
 10
753.7410719531132
 20
593.5591619201568
 10
753.7410719531132
 20
593.7569594714264
 10
753.8399707287481
 20
593.954757022696
 10
753.9388695043828
 20
594.1525545739653
 10
754.2355658312872
 20
594.1525545739653
 10
755.1256548120001
 20
593.8558582470611
  0
LWPOLYLINE
  5
626
330
1F
100
AcDbEntity
  8
PDF_SKY-Lipa$0$RICKLEE_STRANDDISTANCE
370
     0
100
AcDbPolyline
 90
        7
 70
     0
 43
0.0
 10
754.2355658312872
 20
594.1525545739653
 10
754.0377682800176
 20
594.5481496765045
 10
754.0377682800176
 20
594.7459472277739
 10
754.1366670556524
 20
594.9437447790435
 10
754.2355658312872
 20
595.1415423303131
 10
754.5322621581914
 20
595.1415423303131
 10
755.4223511389043
 20
594.8448460034087
  0
LWPOLYLINE
  5
627
330
1F
100
AcDbEntity
  8
PDF_SKY-Lipa$0$RICKLEE_STRAND
370
     0
100
AcDbPolyline
 90
        2
 70
     0
 43
0.0
 10
742.1699152038459
 20
566.3619986205967
 10
727.2362000829965
 20
516.2203193737712
  0
LWPOLYLINE
  5
628
330
1F
100
AcDbEntity
  8
PDF_SKY-Lipa$0$RICKLEE_STRANDDISTANCE
370
     0
100
AcDbPolyline
 90
       17
 70
     0
 43
0.0
 10
737.3238751977424
 20
544.9998630834877
 10
737.1260776464729
 20
544.1097741027747
 10
737.917267851551
 20
543.7141790002357
 10
737.8183690759162
 20
543.8130777758705
 10
737.8183690759162
 20
544.1097741027747
 10
737.917267851551
 20
544.406470429679
 10
738.0161666271858
 20
544.7031667565834
 10
738.3128629540902
 20
544.8020655322181
 10
738.6095592809944
 20
544.8020655322181
 10
738.7084580566291
 20
544.7031667565834
 10
739.0051543835335
 20
544.6042679809486
 10
739.1040531591682
 20
544.3075716540443
 10
739.1040531591682
 20
544.0108753271399
 10
739.0051543835335
 20
543.8130777758705
 10
738.9062556078987
 20
543.5163814489662
 10
738.8073568322639
 20
543.5163814489662
 10
738.6095592809944
 20
543.4174826733315
  0
LWPOLYLINE
  5
629
330
1F
100
AcDbEntity
  8
PDF_SKY-Lipa$0$RICKLEE_STRANDDISTANCE
370
     0
100
AcDbPolyline
 90
        3
 70
     0
 43
0.0
 10
737.6205715246468
 20
545.692154512931
 10
737.917267851551
 20
546.9778385961829
 10
739.598547037342
 20
545.4943569616614
  0
LWPOLYLINE
  5
62A
330
1F
100
AcDbEntity
  8
PDF_SKY-Lipa$0$RICKLEE_STRANDDISTANCE
370
     0
100
AcDbPolyline
 90
        2
 70
     0
 43
0.0
 10
739.9941421398811
 20
546.8789398205481
 10
738.7084580566291
 20
547.2745349230872
  0
LWPOLYLINE
  5
62B
330
1F
100
AcDbEntity
  8
PDF_SKY-Lipa$0$RICKLEE_STRANDDISTANCE
370
     0
100
AcDbPolyline
 90
        7
 70
     0
 43
0.0
 10
739.1040531591682
 20
547.1756361474525
 10
738.9062556078987
 20
547.4723324743568
 10
738.9062556078987
 20
547.7690288012611
 10
738.9062556078987
 20
547.9668263525305
 10
739.1040531591682
 20
548.1646239038001
 10
739.4007494860725
 20
548.1646239038001
 10
740.2908384667854
 20
547.8679275768959
  0
LWPOLYLINE
  5
62C
330
1F
100
AcDbEntity
  8
PDF_SKY-Lipa$0$RICKLEE_STRANDDISTANCE
370
     0
100
AcDbPolyline
 90
        7
 70
     0
 43
0.0
 10
739.4007494860725
 20
548.1646239038001
 10
739.2029519348031
 20
548.4613202307043
 10
739.2029519348031
 20
548.7580165576087
 10
739.2029519348031
 20
548.9558141088783
 10
739.4007494860725
 20
549.1536116601478
 10
739.6974458129768
 20
549.1536116601478
 10
740.5875347936897
 20
548.8569153332434
  0
LWPOLYLINE
  5
62D
330
1F
100
AcDbEntity
  8
PDF_SKY-Lipa$0$RICKLEE_STRAND
370
     0
100
AcDbPolyline
 90
        2
 70
     0
 43
0.0
 10
726.2472123266489
 20
513.5500524316326
 10
699.1489478027236
 20
457.2766490954519
  0
LWPOLYLINE
  5
62E
330
1F
100
AcDbEntity
  8
PDF_SKY-Lipa$0$RICKLEE_STRANDDISTANCE
370
     0
100
AcDbPolyline
 90
       23
 70
     0
 43
0.0
 10
713.8848653723035
 20
482.8914319848558
 10
713.6870678210339
 20
482.8914319848558
 10
713.4892702697643
 20
482.5947356579515
 10
713.3903714941295
 20
482.4958368823168
 10
713.3903714941295
 20
482.1991405554125
 10
713.5881690453991
 20
481.9024442285082
 10
713.9837641479381
 20
481.6057479016039
 10
714.3793592504772
 20
481.4079503503343
 10
714.7749543530162
 20
481.3090515746996
 10
714.9727519042857
 20
481.4079503503343
 10
715.1705494555553
 20
481.6057479016039
 10
715.2694482311901
 20
481.7046466772386
 10
715.2694482311901
 20
482.0013430041429
 10
715.1705494555553
 20
482.1991405554125
 10
714.9727519042857
 20
482.3969381066819
 10
714.873853128651
 20
482.4958368823168
 10
714.5771568017468
 20
482.4958368823168
 10
714.3793592504772
 20
482.3969381066819
 10
714.1815616992077
 20
482.1991405554125
 10
714.0826629235728
 20
482.1002417797777
 10
714.0826629235728
 20
481.8035454528734
 10
714.1815616992077
 20
481.6057479016039
 10
714.3793592504772
 20
481.4079503503343
  0
LWPOLYLINE
  5
62F
330
1F
100
AcDbEntity
  8
PDF_SKY-Lipa$0$RICKLEE_STRANDDISTANCE
370
     0
100
AcDbPolyline
 90
        3
 70
     0
 43
0.0
 10
713.9837641479381
 20
483.6826221899339
 10
714.5771568017468
 20
484.7705087219162
 10
715.9617396606335
 20
483.0892295361253
  0
LWPOLYLINE
  5
630
330
1F
100
AcDbEntity
  8
PDF_SKY-Lipa$0$RICKLEE_STRANDDISTANCE
370
     0
100
AcDbPolyline
 90
        2
 70
     0
 43
0.0
 10
716.555132314442
 20
484.473812395012
 10
715.3683470068249
 20
485.0672050488206
  0
LWPOLYLINE
  5
631
330
1F
100
AcDbEntity
  8
PDF_SKY-Lipa$0$RICKLEE_STRANDDISTANCE
370
     0
100
AcDbPolyline
 90
        7
 70
     0
 43
0.0
 10
715.7639421093639
 20
484.8694074975511
 10
715.5661445580943
 20
485.2650026000901
 10
715.5661445580943
 20
485.4628001513597
 10
715.7639421093639
 20
485.6605977026291
 10
715.8628408849986
 20
485.8583952538987
 10
716.1595372119029
 20
485.759496478264
 10
717.0496261926158
 20
485.3639013757249
  0
LWPOLYLINE
  5
632
330
1F
100
AcDbEntity
  8
PDF_SKY-Lipa$0$RICKLEE_STRANDDISTANCE
370
     0
100
AcDbPolyline
 90
        7
 70
     0
 43
0.0
 10
716.1595372119029
 20
485.759496478264
 10
716.0606384362682
 20
486.155091580803
 10
716.0606384362682
 20
486.3528891320725
 10
716.1595372119029
 20
486.6495854589768
 10
716.3573347631725
 20
486.7484842346116
 10
716.6540310900768
 20
486.7484842346116
 10
717.445221295155
 20
486.3528891320725
  0
LWPOLYLINE
  5
633
330
1F
100
AcDbEntity
  8
PDF_SKY-Lipa$0$RICKLEE_STRAND
370
     0
100
AcDbPolyline
 90
        2
 70
     0
 43
0.0
 10
697.7643649438369
 20
454.705280928948
 10
669.4793151122943
 20
404.1680065795835
  0
LWPOLYLINE
  5
634
330
1F
100
AcDbEntity
  8
PDF_SKY-Lipa$0$RICKLEE_STRANDDISTANCE
370
     0
100
AcDbPolyline
 90
       22
 70
     0
 43
0.0
 10
684.709726560048
 20
426.8158261999445
 10
684.5119290087784
 20
426.8158261999445
 10
684.314131457509
 20
426.6180286486751
 10
684.2152326818742
 20
426.4202310974055
 10
684.1163339062394
 20
426.1235347705012
 10
684.314131457509
 20
425.8268384435969
 10
684.6108277844132
 20
425.5301421166926
 10
685.0064228869523
 20
425.332344565423
 10
685.4020179894913
 20
425.2334457897883
 10
685.6987143163957
 20
425.332344565423
 10
685.8965118676651
 20
425.5301421166926
 10
685.9954106432999
 20
425.8268384435969
 10
685.8965118676651
 20
426.1235347705012
 10
685.6987143163957
 20
426.3213323217707
 10
685.5998155407609
 20
426.4202310974055
 10
685.4020179894913
 20
426.4202310974055
 10
685.105321662587
 20
426.3213323217707
 10
684.9075241113175
 20
426.1235347705012
 10
684.8086253356828
 20
426.1235347705012
 10
684.8086253356828
 20
425.8268384435969
 10
684.8086253356828
 20
425.5301421166926
 10
685.0064228869523
 20
425.332344565423
  0
LWPOLYLINE
  5
635
330
1F
100
AcDbEntity
  8
PDF_SKY-Lipa$0$RICKLEE_STRANDDISTANCE
370
     0
100
AcDbPolyline
 90
       14
 70
     0
 43
0.0
 10
685.3031192138566
 20
427.4092188537531
 10
685.2042204382217
 20
427.5081176293879
 10
685.105321662587
 20
427.6070164050227
 10
685.0064228869523
 20
427.8048139562922
 10
685.0064228869523
 20
428.0026115075617
 10
685.2042204382217
 20
428.299307834466
 10
685.4020179894913
 20
428.3982066101008
 10
685.5009167651261
 20
428.4971053857355
 10
685.6987143163957
 20
428.4971053857355
 10
685.8965118676651
 20
428.3982066101008
 10
685.9954106432999
 20
428.2004090588312
 10
686.1932081945695
 20
427.9037127319269
 10
686.4899045214738
 20
426.6180286486751
 10
687.1821959509171
 20
427.8048139562922
  0
LWPOLYLINE
  5
636
330
1F
100
AcDbEntity
  8
PDF_SKY-Lipa$0$RICKLEE_STRANDDISTANCE
370
     0
100
AcDbPolyline
 90
        2
 70
     0
 43
0.0
 10
687.4788922778214
 20
428.299307834466
 10
686.2921069702042
 20
428.8927004882745
  0
LWPOLYLINE
  5
637
330
1F
100
AcDbEntity
  8
PDF_SKY-Lipa$0$RICKLEE_STRANDDISTANCE
370
     0
100
AcDbPolyline
 90
        7
 70
     0
 43
0.0
 10
686.5888032971085
 20
428.6949029370051
 10
686.4899045214738
 20
429.0904980395441
 10
686.4899045214738
 20
429.2882955908137
 10
686.6877020727432
 20
429.5849919177179
 10
686.8854996240128
 20
429.6838906933527
 10
687.1821959509171
 20
429.5849919177179
 10
687.9733861559953
 20
429.1893968151788
  0
LWPOLYLINE
  5
638
330
1F
100
AcDbEntity
  8
PDF_SKY-Lipa$0$RICKLEE_STRANDDISTANCE
370
     0
100
AcDbPolyline
 90
        7
 70
     0
 43
0.0
 10
687.1821959509171
 20
429.5849919177179
 10
686.9843983996475
 20
429.980587020257
 10
687.0832971752824
 20
430.1783845715266
 10
687.1821959509171
 20
430.4750808984308
 10
687.3799935021866
 20
430.5739796740656
 10
687.676689829091
 20
430.4750808984308
 10
688.467880034169
 20
430.0794857958917
  0
LWPOLYLINE
  5
639
330
1F
100
AcDbEntity
  8
PDF_SKY-Lipa$0$RICKLEE_HOUSECOUNT
370
     0
100
AcDbPolyline
 90
        4
 70
     1
 43
0.0
 10
673.0396710351458
 20
400.5087518810973
 10
672.940772259511
 20
395.9594082018981
 10
668.4903273559466
 20
395.9594082018981
 10
668.4903273559466
 20
400.5087518810973
  0
LWPOLYLINE
  5
63A
330
1F
100
AcDbEntity
  8
PDF_SKY-Lipa$0$RICKLEE_HOUSECOUNT
370
     0
100
AcDbPolyline
 90
        4
 70
     0
 43
0.0
 10
669.0837200097553
 20
398.7285739196716
 10
669.2815175610247
 20
398.7285739196716
 10
669.3804163366595
 20
398.9263714709411
 10
669.3804163366595
 20
397.7395861633239
  0
LWPOLYLINE
  5
63B
330
1F
100
AcDbEntity
  8
PDF_SKY-Lipa$0$RICKLEE_HOUSECOUNT
370
     0
100
AcDbPolyline
 90
        2
 70
     0
 43
0.0
 10
671.0616955224505
 20
399.1241690222107
 10
670.0727077661029
 20
397.3439910607849
  0
LWPOLYLINE
  5
63C
330
1F
100
AcDbEntity
  8
PDF_SKY-Lipa$0$RICKLEE_HOUSECOUNT
370
     0
100
AcDbPolyline
 90
        4
 70
     0
 43
0.0
 10
671.8528857275287
 20
397.7395861633239
 10
671.9517845031634
 20
398.9263714709411
 10
671.3583918493549
 20
398.135181265863
 10
672.1495820544329
 20
398.135181265863
  0
LWPOLYLINE
  5
63E
330
1F
100
AcDbEntity
  8
PDF_SKY-Lipa$0$RICKLEE_STRAND
370
     0
100
AcDbPolyline
 90
        2
 70
     0
 43
0.0
 10
668.8859224584858
 20
404.2669053552183
 10
672.940772259511
 20
449.7603421472098
  0
LWPOLYLINE
  5
63F
330
1F
100
AcDbEntity
  8
PDF_SKY-Lipa$0$RICKLEE_STRANDDISTANCE
370
     0
100
AcDbPolyline
 90
        4
 70
     0
 43
0.0
 10
669.5782138879291
 20
443.3319217309501
 10
667.6991371508686
 20
443.5297192822197
 10
668.8859224584858
 20
442.4418327502372
 10
668.9848212341205
 20
443.826415609124
  0
LWPOLYLINE
  5
641
330
1F
100
AcDbEntity
  8
PDF_SKY-Lipa$0$RICKLEE_STRANDDISTANCE
370
     0
100
AcDbPolyline
 90
       28
 70
     1
 43
0.0
 10
667.7980359265033
 20
444.9143021411064
 10
667.896934702138
 20
444.6176058142021
 10
667.9958334777729
 20
444.5187070385673
 10
668.1936310290424
 20
444.5187070385673
 10
668.3914285803119
 20
444.5187070385673
 10
668.4903273559466
 20
444.7165045898368
 10
668.6881249072162
 20
445.1120996923759
 10
668.7870236828509
 20
445.4087960192802
 10
668.9848212341205
 20
445.507694794915
 10
669.1826187853901
 20
445.6065935705497
 10
669.4793151122943
 20
445.6065935705497
 10
669.5782138879291
 20
445.507694794915
 10
669.6771126635638
 20
445.4087960192802
 10
669.7760114391987
 20
445.1120996923759
 10
669.7760114391987
 20
444.7165045898368
 10
669.5782138879291
 20
444.4198082629325
 10
669.4793151122943
 20
444.3209094872978
 10
669.2815175610247
 20
444.3209094872978
 10
669.0837200097553
 20
444.3209094872978
 10
668.8859224584858
 20
444.4198082629325
 10
668.6881249072162
 20
444.6176058142021
 10
668.5892261315814
 20
444.9143021411064
 10
668.5892261315814
 20
445.3098972436454
 10
668.4903273559466
 20
445.507694794915
 10
668.2925298046772
 20
445.6065935705497
 10
668.0947322534076
 20
445.6065935705497
 10
667.896934702138
 20
445.507694794915
 10
667.7980359265033
 20
445.3098972436454
  0
LWPOLYLINE
  5
642
330
1F
100
AcDbEntity
  8
PDF_SKY-Lipa$0$RICKLEE_STRANDDISTANCE
370
     0
100
AcDbPolyline
 90
        2
 70
     0
 43
0.0
 10
669.8749102148334
 20
446.1010874487236
 10
668.5892261315814
 20
446.1999862243583
  0
LWPOLYLINE
  5
643
330
1F
100
AcDbEntity
  8
PDF_SKY-Lipa$0$RICKLEE_STRANDDISTANCE
370
     0
100
AcDbPolyline
 90
        7
 70
     0
 43
0.0
 10
668.8859224584858
 20
446.1999862243583
 10
668.6881249072162
 20
446.4966825512625
 10
668.5892261315814
 20
446.6944801025321
 10
668.5892261315814
 20
446.9911764294364
 10
668.6881249072162
 20
447.188973980706
 10
668.9848212341205
 20
447.188973980706
 10
669.9738089904681
 20
447.188973980706
  0
LWPOLYLINE
  5
644
330
1F
100
AcDbEntity
  8
PDF_SKY-Lipa$0$RICKLEE_STRANDDISTANCE
370
     0
100
AcDbPolyline
 90
        7
 70
     0
 43
0.0
 10
668.9848212341205
 20
447.188973980706
 10
668.7870236828509
 20
447.4856703076103
 10
668.6881249072162
 20
447.6834678588797
 10
668.6881249072162
 20
447.980164185784
 10
668.7870236828509
 20
448.1779617370536
 10
669.0837200097553
 20
448.2768605126884
 10
670.0727077661029
 20
448.1779617370536
  0
LWPOLYLINE
  5
645
330
1F
100
AcDbEntity
  8
PDF_SKY-Lipa$0$RICKLEE_HOUSECOUNT
370
     0
100
AcDbPolyline
 90
        4
 70
     1
 43
0.0
 10
669.8749102148334
 20
454.6063821533133
 10
669.8749102148334
 20
450.0570384741141
 10
665.424465311269
 20
450.0570384741141
 10
665.424465311269
 20
454.6063821533133
  0
LWPOLYLINE
  5
646
330
1F
100
AcDbEntity
  8
PDF_SKY-Lipa$0$RICKLEE_HOUSECOUNT
370
     0
100
AcDbPolyline
 90
       21
 70
     0
 43
0.0
 10
666.6112506188861
 20
452.8262041918875
 10
666.6112506188861
 20
453.024001743157
 10
666.4134530676165
 20
453.024001743157
 10
666.3145542919818
 20
453.024001743157
 10
666.1167567407123
 20
453.024001743157
 10
666.0178579650776
 20
452.8262041918875
 10
665.9189591894428
 20
452.5295078649832
 10
665.9189591894428
 20
452.232811538079
 10
666.0178579650776
 20
452.0350139868094
 10
666.1167567407123
 20
451.8372164355398
 10
666.3145542919818
 20
451.8372164355398
 10
666.5123518432514
 20
451.8372164355398
 10
666.6112506188861
 20
452.0350139868094
 10
666.7101493945209
 20
452.1339127624441
 10
666.7101493945209
 20
452.232811538079
 10
666.6112506188861
 20
452.4306090893484
 10
666.5123518432514
 20
452.5295078649832
 10
666.3145542919818
 20
452.5295078649832
 10
666.1167567407123
 20
452.5295078649832
 10
666.0178579650776
 20
452.4306090893484
 10
665.9189591894428
 20
452.232811538079
  0
LWPOLYLINE
  5
647
330
1F
100
AcDbEntity
  8
PDF_SKY-Lipa$0$RICKLEE_HOUSECOUNT
370
     0
100
AcDbPolyline
 90
        2
 70
     0
 43
0.0
 10
668.1936310290424
 20
453.2217992944266
 10
667.10574449706
 20
451.4416213330008
  0
LWPOLYLINE
  5
648
330
1F
100
AcDbEntity
  8
PDF_SKY-Lipa$0$RICKLEE_HOUSECOUNT
370
     0
100
AcDbPolyline
 90
       28
 70
     1
 43
0.0
 10
668.6881249072162
 20
453.024001743157
 10
668.4903273559466
 20
453.024001743157
 10
668.3914285803119
 20
452.8262041918875
 10
668.3914285803119
 20
452.7273054162527
 10
668.4903273559466
 20
452.6284066406179
 10
668.5892261315814
 20
452.5295078649832
 10
668.8859224584858
 20
452.5295078649832
 10
668.9848212341205
 20
452.4306090893484
 10
669.0837200097553
 20
452.3317103137137
 10
669.1826187853901
 20
452.232811538079
 10
669.1826187853901
 20
452.0350139868094
 10
669.0837200097553
 20
451.9361152111746
 10
669.0837200097553
 20
451.8372164355398
 10
668.8859224584858
 20
451.8372164355398
 10
668.6881249072162
 20
451.8372164355398
 10
668.4903273559466
 20
451.8372164355398
 10
668.3914285803119
 20
451.9361152111746
 10
668.3914285803119
 20
452.0350139868094
 10
668.3914285803119
 20
452.232811538079
 10
668.3914285803119
 20
452.3317103137137
 10
668.5892261315814
 20
452.4306090893484
 10
668.6881249072162
 20
452.5295078649832
 10
668.9848212341205
 20
452.5295078649832
 10
669.0837200097553
 20
452.6284066406179
 10
669.1826187853901
 20
452.7273054162527
 10
669.1826187853901
 20
452.8262041918875
 10
669.0837200097553
 20
452.9251029675223
 10
668.8859224584858
 20
453.024001743157
  0
LWPOLYLINE
  5
649
330
1F
100
AcDbEntity
  8
PDF_SKY-Lipa$0$RICKLEE_HOUSECOUNT
370
     0
100
AcDbPolyline
 90
        4
 70
     1
 43
0.0
 10
747.6093478637579
 20
563.296136575919
 10
747.6093478637579
 20
558.7467928967198
 10
743.0600041845588
 20
558.7467928967198
 10
743.1589029601935
 20
563.296136575919
  0
LWPOLYLINE
  5
64A
330
1F
100
AcDbEntity
  8
PDF_SKY-Lipa$0$RICKLEE_HOUSECOUNT
370
     0
100
AcDbPolyline
 90
       13
 70
     0
 43
0.0
 10
743.7522956140021
 20
561.4170598388585
 10
743.7522956140021
 20
561.5159586144932
 10
743.8511943896369
 20
561.614857390128
 10
744.0489919409064
 20
561.7137561657627
 10
744.246789492176
 20
561.7137561657627
 10
744.3456882678106
 20
561.614857390128
 10
744.4445870434455
 20
561.614857390128
 10
744.4445870434455
 20
561.5159586144932
 10
744.4445870434455
 20
561.3181610632238
 10
744.4445870434455
 20
561.2192622875889
 10
744.246789492176
 20
561.1203635119542
 10
743.7522956140021
 20
560.5269708581456
 10
744.5434858190802
 20
560.5269708581456
  0
LWPOLYLINE
  5
64B
330
1F
100
AcDbEntity
  8
PDF_SKY-Lipa$0$RICKLEE_HOUSECOUNT
370
     0
100
AcDbPolyline
 90
        2
 70
     0
 43
0.0
 10
745.928068677967
 20
561.9115537170323
 10
744.8401821459846
 20
560.1313757556065
  0
LWPOLYLINE
  5
64C
330
1F
100
AcDbEntity
  8
PDF_SKY-Lipa$0$RICKLEE_HOUSECOUNT
370
     0
100
AcDbPolyline
 90
       21
 70
     0
 43
0.0
 10
746.8181576586799
 20
561.5159586144932
 10
746.8181576586799
 20
561.614857390128
 10
746.6203601074103
 20
561.7137561657627
 10
746.5214613317755
 20
561.7137561657627
 10
746.323663780506
 20
561.614857390128
 10
746.2247650048713
 20
561.5159586144932
 10
746.1258662292365
 20
561.2192622875889
 10
746.1258662292365
 20
560.9225659606846
 10
746.2247650048713
 20
560.6258696337804
 10
746.323663780506
 20
560.5269708581456
 10
746.5214613317755
 20
560.5269708581456
 10
746.719258883045
 20
560.5269708581456
 10
746.8181576586799
 20
560.6258696337804
 10
746.9170564343146
 20
560.8236671850498
 10
746.9170564343146
 20
560.9225659606846
 10
746.8181576586799
 20
561.1203635119542
 10
746.719258883045
 20
561.2192622875889
 10
746.5214613317755
 20
561.2192622875889
 10
746.323663780506
 20
561.2192622875889
 10
746.2247650048713
 20
561.1203635119542
 10
746.1258662292365
 20
560.9225659606846
  0
LWPOLYLINE
  5
64D
330
1F
100
AcDbEntity
  8
PDF_SKY-Lipa$0$RICKLEE_STRAND
370
     0
100
AcDbPolyline
 90
        2
 70
     0
 43
0.0
 10
668.0947322534076
 20
401.5966384130797
 10
656.8202718310446
 20
381.1245918566836
  0
LWPOLYLINE
  5
64E
330
1F
100
AcDbEntity
  8
PDF_SKY-Lipa$0$RICKLEE_STRANDDISTANCE
370
     0
100
AcDbPolyline
 90
       13
 70
     0
 43
0.0
 10
663.1497934716694
 20
387.7508098242127
 10
662.9519959203999
 20
387.9486073754823
 10
662.9519959203999
 20
388.047506151117
 10
662.9519959203999
 20
388.3442024780214
 10
663.1497934716694
 20
388.6408988049256
 10
663.347591022939
 20
388.7397975805604
 10
663.4464897985736
 20
388.7397975805604
 10
663.6442873498432
 20
388.7397975805604
 10
663.8420849011128
 20
388.6408988049256
 10
663.9409836767476
 20
388.5420000292909
 10
664.0398824523823
 20
388.2453037023866
 10
664.4354775549214
 20
386.9596196191346
 10
665.1277689843647
 20
388.047506151117
  0
LWPOLYLINE
  5
64F
330
1F
100
AcDbEntity
  8
PDF_SKY-Lipa$0$RICKLEE_STRANDDISTANCE
370
     0
100
AcDbPolyline
 90
       23
 70
     0
 43
0.0
 10
664.4354775549214
 20
390.3221779907166
 10
664.2376800036518
 20
390.4210767663514
 10
664.0398824523823
 20
390.2232792150818
 10
663.9409836767476
 20
390.0254816638124
 10
663.8420849011128
 20
389.7287853369081
 10
664.0398824523823
 20
389.4320890100038
 10
664.3365787792865
 20
389.1353926830995
 10
664.7321738818257
 20
388.9375951318299
 10
665.1277689843647
 20
388.8386963561952
 10
665.424465311269
 20
388.8386963561952
 10
665.6222628625385
 20
389.0364939074647
 10
665.6222628625385
 20
389.1353926830995
 10
665.7211616381732
 20
389.4320890100038
 10
665.6222628625385
 20
389.7287853369081
 10
665.424465311269
 20
389.9265828881776
 10
665.3255665356343
 20
389.9265828881776
 10
665.0288702087299
 20
390.0254816638124
 10
664.8310726574605
 20
389.9265828881776
 10
664.6332751061909
 20
389.7287853369081
 10
664.5343763305561
 20
389.6298865612733
 10
664.5343763305561
 20
389.333190234369
 10
664.5343763305561
 20
389.1353926830995
 10
664.7321738818257
 20
388.9375951318299
  0
LWPOLYLINE
  5
650
330
1F
100
AcDbEntity
  8
PDF_SKY-Lipa$0$RICKLEE_STRANDDISTANCE
370
     0
100
AcDbPolyline
 90
        2
 70
     0
 43
0.0
 10
666.2156555163472
 20
390.2232792150818
 10
665.1277689843647
 20
390.8166718688905
  0
LWPOLYLINE
  5
651
330
1F
100
AcDbEntity
  8
PDF_SKY-Lipa$0$RICKLEE_STRANDDISTANCE
370
     0
100
AcDbPolyline
 90
        7
 70
     0
 43
0.0
 10
665.424465311269
 20
390.6188743176209
 10
665.3255665356343
 20
391.01446942016
 10
665.3255665356343
 20
391.2122669714295
 10
665.424465311269
 20
391.5089632983338
 10
665.6222628625385
 20
391.6078620739686
 10
665.9189591894428
 20
391.6078620739686
 10
666.7101493945209
 20
391.1133681957947
  0
LWPOLYLINE
  5
652
330
1F
100
AcDbEntity
  8
PDF_SKY-Lipa$0$RICKLEE_STRANDDISTANCE
370
     0
100
AcDbPolyline
 90
        7
 70
     0
 43
0.0
 10
665.9189591894428
 20
391.6078620739686
 10
665.820060413808
 20
391.9045584008729
 10
665.820060413808
 20
392.1023559521424
 10
665.9189591894428
 20
392.3990522790467
 10
666.1167567407123
 20
392.4979510546815
 10
666.4134530676165
 20
392.4979510546815
 10
667.2046432726947
 20
392.0034571765076
  0
LWPOLYLINE
  5
653
330
1F
100
AcDbEntity
  8
PDF_SKY-Lipa$0$RICKLEE_HOUSECOUNT
370
     0
100
AcDbPolyline
 90
        4
 70
     1
 43
0.0
 10
659.8861338757221
 20
377.3664383825626
 10
659.8861338757221
 20
372.8170947033634
 10
655.3367901965231
 20
372.8170947033634
 10
655.3367901965231
 20
377.3664383825626
  0
LWPOLYLINE
  5
654
330
1F
100
AcDbEntity
  8
PDF_SKY-Lipa$0$RICKLEE_HOUSECOUNT
370
     0
100
AcDbPolyline
 90
       16
 70
     1
 43
0.0
 10
656.3257779528706
 20
375.7840579724063
 10
656.1279804016012
 20
375.6851591967716
 10
656.0290816259664
 20
375.5862604211368
 10
656.0290816259664
 20
375.2895640942325
 10
656.0290816259664
 20
375.0917665429629
 10
656.0290816259664
 20
374.7950702160587
 10
656.1279804016012
 20
374.5972726647892
 10
656.3257779528706
 20
374.5972726647892
 10
656.4246767285054
 20
374.5972726647892
 10
656.622474279775
 20
374.5972726647892
 10
656.7213730554097
 20
374.7950702160587
 10
656.8202718310446
 20
375.0917665429629
 10
656.8202718310446
 20
375.2895640942325
 10
656.7213730554097
 20
375.487361645502
 10
656.622474279775
 20
375.6851591967716
 10
656.4246767285054
 20
375.7840579724063
  0
LWPOLYLINE
  5
655
330
1F
100
AcDbEntity
  8
PDF_SKY-Lipa$0$RICKLEE_HOUSECOUNT
370
     0
100
AcDbPolyline
 90
        2
 70
     0
 43
0.0
 10
658.2048546899312
 20
375.9818555236758
 10
657.1169681579488
 20
374.1027787866153
  0
LWPOLYLINE
  5
656
330
1F
100
AcDbEntity
  8
PDF_SKY-Lipa$0$RICKLEE_HOUSECOUNT
370
     0
100
AcDbPolyline
 90
       21
 70
     0
 43
0.0
 10
659.094943670644
 20
375.5862604211368
 10
659.094943670644
 20
375.6851591967716
 10
658.8971461193746
 20
375.7840579724063
 10
658.7982473437398
 20
375.7840579724063
 10
658.6004497924703
 20
375.6851591967716
 10
658.5015510168354
 20
375.487361645502
 10
658.4026522412007
 20
375.2895640942325
 10
658.4026522412007
 20
374.9928677673282
 10
658.5015510168354
 20
374.6961714404239
 10
658.6004497924703
 20
374.5972726647892
 10
658.7982473437398
 20
374.5972726647892
 10
658.9960448950094
 20
374.5972726647892
 10
659.094943670644
 20
374.6961714404239
 10
659.1938424462788
 20
374.8939689916934
 10
659.1938424462788
 20
374.9928677673282
 10
659.094943670644
 20
375.0917665429629
 10
658.9960448950094
 20
375.2895640942325
 10
658.7982473437398
 20
375.2895640942325
 10
658.6004497924703
 20
375.2895640942325
 10
658.5015510168354
 20
375.0917665429629
 10
658.4026522412007
 20
374.9928677673282
  0
LWPOLYLINE
  5
657
330
1F
100
AcDbEntity
  8
PDF_SKY-Lipa$0$RICKLEE_ROAD
370
     0
100
AcDbPolyline
 90
        2
 70
     0
 43
0.0
 10
632.293375473623
 20
407.6294637268003
 10
683.028447374257
 20
379.1466163439883
  0
LWPOLYLINE
  5
658
330
1F
100
AcDbEntity
  8
PDF_SKY-Lipa$0$RICKLEE_STRAND
370
     0
100
AcDbPolyline
 90
        2
 70
     0
 43
0.0
 10
655.4356889721579
 20
378.6521224658145
 10
638.1284032360741
 20
347.5979069164985
  0
LWPOLYLINE
  5
659
330
1F
100
AcDbEntity
  8
PDF_SKY-Lipa$0$RICKLEE_STRANDDISTANCE
370
     0
100
AcDbPolyline
 90
        4
 70
     0
 43
0.0
 10
649.2050661071677
 20
359.4657599926703
 10
647.5237869213767
 20
360.4547477490179
 10
648.21607835082
 20
358.9712661144964
 10
648.9083697802634
 20
360.1580514221136
  0
LWPOLYLINE
  5
65B
330
1F
100
AcDbEntity
  8
PDF_SKY-Lipa$0$RICKLEE_STRANDDISTANCE
370
     0
100
AcDbPolyline
 90
       16
 70
     1
 43
0.0
 10
648.21607835082
 20
361.7404318322698
 10
648.21607835082
 20
361.4437355053655
 10
648.3149771264548
 20
361.1470391784612
 10
648.7105722289939
 20
360.8503428515569
 10
648.9083697802634
 20
360.6525453002874
 10
649.4028636584372
 20
360.5536465246526
 10
649.6995599853415
 20
360.5536465246526
 10
649.9962563122458
 20
360.7514440759222
 10
650.0951550878806
 20
360.9492416271917
 10
650.0951550878806
 20
361.245937954096
 10
649.9962563122458
 20
361.5426342810003
 10
649.6006612097068
 20
361.8393306079046
 10
649.3039648828024
 20
361.9382293835394
 10
648.9083697802634
 20
362.1360269348088
 10
648.5127746777243
 20
362.1360269348088
 10
648.3149771264548
 20
361.8393306079046
  0
LWPOLYLINE
  5
65C
330
1F
100
AcDbEntity
  8
PDF_SKY-Lipa$0$RICKLEE_STRANDDISTANCE
370
     0
100
AcDbPolyline
 90
        2
 70
     0
 43
0.0
 10
650.5896489660544
 20
361.9382293835394
 10
649.4028636584372
 20
362.5316220373479
  0
LWPOLYLINE
  5
65D
330
1F
100
AcDbEntity
  8
PDF_SKY-Lipa$0$RICKLEE_STRANDDISTANCE
370
     0
100
AcDbPolyline
 90
        7
 70
     0
 43
0.0
 10
649.7984587609762
 20
362.3338244860784
 10
649.6995599853415
 20
362.7294195886174
 10
649.6995599853415
 20
362.927217139887
 10
649.7984587609762
 20
363.2239134667913
 10
649.9962563122458
 20
363.322812242426
 10
650.2929526391501
 20
363.2239134667913
 10
651.0841428442282
 20
362.8283183642522
  0
LWPOLYLINE
  5
65E
330
1F
100
AcDbEntity
  8
PDF_SKY-Lipa$0$RICKLEE_STRANDDISTANCE
370
     0
100
AcDbPolyline
 90
        7
 70
     0
 43
0.0
 10
650.2929526391501
 20
363.2239134667913
 10
650.1940538635153
 20
363.6195085693303
 10
650.1940538635153
 20
363.8173061205998
 10
650.2929526391501
 20
364.1140024475042
 10
650.4907501904195
 20
364.2129012231389
 10
650.7874465173239
 20
364.1140024475042
 10
651.578636722402
 20
363.7184073449651
  0
LWPOLYLINE
  5
65F
330
1F
100
AcDbEntity
  8
PDF_SKY-Lipa$0$RICKLEE_HOUSECOUNT
370
     0
100
AcDbPolyline
 90
        4
 70
     1
 43
0.0
 10
643.3700383447166
 20
345.0265387499947
 10
643.3700383447166
 20
340.5760938464303
 10
638.9195934411522
 20
340.5760938464303
 10
638.9195934411522
 20
345.0265387499947
  0
LWPOLYLINE
  5
660
330
1F
100
AcDbEntity
  8
PDF_SKY-Lipa$0$RICKLEE_HOUSECOUNT
370
     0
100
AcDbPolyline
 90
        4
 70
     0
 43
0.0
 10
639.5129860949609
 20
343.2463607885689
 10
639.7107836462303
 20
343.3452595642037
 10
639.8096824218651
 20
343.4441583398385
 10
639.8096824218651
 20
342.2573730322213
  0
LWPOLYLINE
  5
661
330
1F
100
AcDbEntity
  8
PDF_SKY-Lipa$0$RICKLEE_HOUSECOUNT
370
     0
100
AcDbPolyline
 90
        2
 70
     0
 43
0.0
 10
641.4909616076561
 20
343.7408546667427
 10
640.5019738513084
 20
341.8617779296822
  0
LWPOLYLINE
  5
662
330
1F
100
AcDbEntity
  8
PDF_SKY-Lipa$0$RICKLEE_HOUSECOUNT
370
     0
100
AcDbPolyline
 90
       27
 70
     1
 43
0.0
 10
642.0843542614647
 20
343.4441583398385
 10
641.8865567101951
 20
343.4441583398385
 10
641.7876579345603
 20
343.3452595642037
 10
641.7876579345603
 20
343.1474620129342
 10
641.8865567101951
 20
343.0485632372994
 10
641.9854554858298
 20
343.0485632372994
 10
642.1832530370994
 20
342.9496644616646
 10
642.381050588369
 20
342.8507656860299
 10
642.4799493640038
 20
342.7518669103951
 10
642.5788481396384
 20
342.6529681347603
 10
642.5788481396384
 20
342.4551705834908
 10
642.4799493640038
 20
342.3562718078561
 10
642.2821518127342
 20
342.2573730322213
 10
641.9854554858298
 20
342.2573730322213
 10
641.8865567101951
 20
342.3562718078561
 10
641.7876579345603
 20
342.3562718078561
 10
641.7876579345603
 20
342.4551705834908
 10
641.7876579345603
 20
342.6529681347603
 10
641.7876579345603
 20
342.7518669103951
 10
641.8865567101951
 20
342.8507656860299
 10
642.0843542614647
 20
342.9496644616646
 10
642.2821518127342
 20
343.0485632372994
 10
642.4799493640038
 20
343.0485632372994
 10
642.4799493640038
 20
343.1474620129342
 10
642.4799493640038
 20
343.3452595642037
 10
642.4799493640038
 20
343.4441583398385
 10
642.2821518127342
 20
343.4441583398385
  0
LWPOLYLINE
  5
663
330
1F
100
AcDbEntity
  8
PDF_SKY-Lipa$0$RICKLEE_STRAND
370
     0
100
AcDbPolyline
 90
        2
 70
     0
 43
0.0
 10
636.7438203771873
 20
345.0265387499947
 10
615.7772799426173
 20
305.8626235986281
  0
LWPOLYLINE
  5
664
330
1F
100
AcDbEntity
  8
PDF_SKY-Lipa$0$RICKLEE_STRANDDISTANCE
370
     0
100
AcDbPolyline
 90
        4
 70
     0
 43
0.0
 10
628.7330195507715
 20
321.8842252514599
 10
627.0517403649805
 20
322.7743142321727
 10
627.7440317944239
 20
321.3897313732861
 10
628.4363232238672
 20
322.5765166809032
  0
LWPOLYLINE
  5
666
330
1F
100
AcDbEntity
  8
PDF_SKY-Lipa$0$RICKLEE_STRANDDISTANCE
370
     0
100
AcDbPolyline
 90
       28
 70
     1
 43
0.0
 10
627.7440317944239
 20
324.0599983154247
 10
627.6451330187891
 20
323.7633019885204
 10
627.7440317944239
 20
323.5655044372509
 10
627.9418293456934
 20
323.4666056616161
 10
628.1396268969629
 20
323.4666056616161
 10
628.3374244482324
 20
323.5655044372509
 10
628.535221999502
 20
323.8622007641552
 10
628.8319183264063
 20
324.0599983154247
 10
629.0297158776758
 20
324.1588970910594
 10
629.2275134289454
 20
324.1588970910594
 10
629.5242097558496
 20
324.0599983154247
 10
629.6231085314843
 20
323.8622007641552
 10
629.6231085314843
 20
323.7633019885204
 10
629.6231085314843
 20
323.4666056616161
 10
629.4253109802149
 20
323.071010559077
 10
629.2275134289454
 20
322.8732130078075
 10
629.1286146533106
 20
322.8732130078075
 10
628.8319183264063
 20
322.8732130078075
 10
628.6341207751368
 20
322.9721117834423
 10
628.535221999502
 20
323.1699093347118
 10
628.4363232238672
 20
323.4666056616161
 10
628.535221999502
 20
323.7633019885204
 10
628.535221999502
 20
324.0599983154247
 10
628.6341207751368
 20
324.2577958666942
 10
628.4363232238672
 20
324.4555934179637
 10
628.3374244482324
 20
324.5544921935985
 10
628.1396268969629
 20
324.5544921935985
 10
627.8429305700586
 20
324.356694642329
  0
LWPOLYLINE
  5
667
330
1F
100
AcDbEntity
  8
PDF_SKY-Lipa$0$RICKLEE_STRANDDISTANCE
370
     0
100
AcDbPolyline
 90
        2
 70
     0
 43
0.0
 10
630.1176024096583
 20
324.356694642329
 10
628.930817102041
 20
324.9500872961375
  0
LWPOLYLINE
  5
668
330
1F
100
AcDbEntity
  8
PDF_SKY-Lipa$0$RICKLEE_STRANDDISTANCE
370
     0
100
AcDbPolyline
 90
        7
 70
     0
 43
0.0
 10
629.2275134289454
 20
324.7522897448681
 10
629.1286146533106
 20
325.1478848474071
 10
629.1286146533106
 20
325.3456823986766
 10
629.3264122045801
 20
325.6423787255809
 10
629.4253109802149
 20
325.7412775012157
 10
629.7220073071192
 20
325.6423787255809
 10
630.6120962878321
 20
325.2467836230418
  0
LWPOLYLINE
  5
669
330
1F
100
AcDbEntity
  8
PDF_SKY-Lipa$0$RICKLEE_STRANDDISTANCE
370
     0
100
AcDbPolyline
 90
        7
 70
     0
 43
0.0
 10
629.7220073071192
 20
325.6423787255809
 10
629.6231085314843
 20
326.03797382812
 10
629.6231085314843
 20
326.2357713793895
 10
629.8209060827539
 20
326.5324677062938
 10
629.9198048583887
 20
326.6313664819285
 10
630.2165011852929
 20
326.6313664819285
 10
631.1065901660058
 20
326.1368726037547
  0
LWPOLYLINE
  5
66A
330
1F
100
AcDbEntity
  8
PDF_SKY-Lipa$0$RICKLEE_HOUSECOUNT
370
     0
100
AcDbPolyline
 90
        4
 70
     1
 43
0.0
 10
621.810105256338
 20
304.4780407397414
 10
621.810105256338
 20
300.027595836177
 10
617.3596603527736
 20
300.027595836177
 10
617.3596603527736
 20
304.5769395153762
  0
LWPOLYLINE
  5
66B
330
1F
100
AcDbEntity
  8
PDF_SKY-Lipa$0$RICKLEE_HOUSECOUNT
370
     0
100
AcDbPolyline
 90
       16
 70
     1
 43
0.0
 10
617.8541542309475
 20
302.9945591052199
 10
617.6563566796779
 20
302.8956603295851
 10
617.5574579040431
 20
302.6978627783157
 10
617.5574579040431
 20
302.4011664514114
 10
617.5574579040431
 20
302.3022676757766
 10
617.5574579040431
 20
302.0055713488723
 10
617.6563566796779
 20
301.8077737976028
 10
617.8541542309475
 20
301.708875021968
 10
617.9530530065822
 20
301.708875021968
 10
618.1508505578517
 20
301.8077737976028
 10
618.2497493334865
 20
302.0055713488723
 10
618.3486481091213
 20
302.3022676757766
 10
618.3486481091213
 20
302.4011664514114
 10
618.2497493334865
 20
302.6978627783157
 10
618.1508505578517
 20
302.8956603295851
 10
617.9530530065822
 20
302.9945591052199
  0
LWPOLYLINE
  5
66C
330
1F
100
AcDbEntity
  8
PDF_SKY-Lipa$0$RICKLEE_HOUSECOUNT
370
     0
100
AcDbPolyline
 90
        2
 70
     0
 43
0.0
 10
619.733230968008
 20
303.1923566564894
 10
618.6453444360256
 20
301.313279919429
  0
LWPOLYLINE
  5
66D
330
1F
100
AcDbEntity
  8
PDF_SKY-Lipa$0$RICKLEE_HOUSECOUNT
370
     0
100
AcDbPolyline
 90
        4
 70
     0
 43
0.0
 10
619.9310285192775
 20
302.6978627783157
 10
620.0299272949123
 20
302.7967615539504
 10
620.2277248461817
 20
302.9945591052199
 10
620.2277248461817
 20
301.708875021968
  0
LWPOLYLINE
  5
66E
330
1F
100
AcDbEntity
  8
PDF_SKY-Lipa$0$RICKLEE_HOUSECOUNT
370
     0
100
AcDbPolyline
 90
       16
 70
     1
 43
0.0
 10
621.2167126025295
 20
302.9945591052199
 10
621.0189150512599
 20
302.8956603295851
 10
620.9200162756251
 20
302.6978627783157
 10
620.9200162756251
 20
302.4011664514114
 10
620.9200162756251
 20
302.3022676757766
 10
620.9200162756251
 20
302.0055713488723
 10
621.0189150512599
 20
301.8077737976028
 10
621.2167126025295
 20
301.708875021968
 10
621.3156113781642
 20
301.708875021968
 10
621.5134089294338
 20
301.8077737976028
 10
621.6123077050684
 20
302.0055713488723
 10
621.7112064807032
 20
302.3022676757766
 10
621.7112064807032
 20
302.4011664514114
 10
621.6123077050684
 20
302.6978627783157
 10
621.5134089294338
 20
302.8956603295851
 10
621.3156113781642
 20
302.9945591052199
  0
LWPOLYLINE
  5
66F
330
1F
100
AcDbEntity
  8
PDF_SKY-Lipa$0$RICKLEE_STRAND
370
     0
100
AcDbPolyline
 90
        2
 70
     0
 43
0.0
 10
576.8111623425203
 20
234.8533026928675
 10
614.3926970837306
 20
303.390154207759
  0
LWPOLYLINE
  5
670
330
1F
100
AcDbEntity
  8
PDF_SKY-Lipa$0$RICKLEE_STRANDDISTANCE
370
     0
100
AcDbPolyline
 90
       23
 70
     0
 43
0.0
 10
596.1953223669341
 20
266.5998096716267
 10
595.9975248156646
 20
266.5998096716267
 10
595.799727264395
 20
266.4020121203572
 10
595.7008284887603
 20
266.2042145690877
 10
595.6019297131255
 20
265.9075182421834
 10
595.799727264395
 20
265.6108219152791
 10
596.1953223669341
 20
265.3141255883749
 10
596.5909174694732
 20
265.1163280371053
 10
596.8876137963775
 20
265.0174292614705
 10
597.1843101232817
 20
265.1163280371053
 10
597.3821076745513
 20
265.3141255883749
 10
597.4810064501861
 20
265.4130243640096
 10
597.4810064501861
 20
265.7097206909138
 10
597.3821076745513
 20
265.9075182421834
 10
597.1843101232817
 20
266.1053157934529
 10
597.1843101232817
 20
266.2042145690877
 10
596.8876137963775
 20
266.2042145690877
 10
596.5909174694732
 20
266.2042145690877
 10
596.3931199182036
 20
266.0064170178182
 10
596.2942211425688
 20
265.9075182421834
 10
596.2942211425688
 20
265.6108219152791
 10
596.3931199182036
 20
265.3141255883749
 10
596.5909174694732
 20
265.1163280371053
  0
LWPOLYLINE
  5
671
330
1F
100
AcDbEntity
  8
PDF_SKY-Lipa$0$RICKLEE_STRANDDISTANCE
370
     0
100
AcDbPolyline
 90
       16
 70
     1
 43
0.0
 10
596.5909174694732
 20
267.8854937548787
 10
596.4920186938384
 20
267.5887974279744
 10
596.6898162451079
 20
267.2921011010701
 10
597.085411347647
 20
266.9954047741658
 10
597.2832088989165
 20
266.7976072228963
 10
597.7777027770903
 20
266.6987084472615
 10
598.0743991039946
 20
266.6987084472615
 10
598.2721966552642
 20
266.896505998531
 10
598.371095430899
 20
267.0943035498005
 10
598.4699942065336
 20
267.3909998767049
 10
598.2721966552642
 20
267.6876962036091
 10
597.876601552725
 20
267.9843925305135
 10
597.6788040014556
 20
268.0832913061482
 10
597.1843101232817
 20
268.2810888574177
 10
596.8876137963775
 20
268.2810888574177
 10
596.6898162451079
 20
268.0832913061482
  0
LWPOLYLINE
  5
672
330
1F
100
AcDbEntity
  8
PDF_SKY-Lipa$0$RICKLEE_STRANDDISTANCE
370
     0
100
AcDbPolyline
 90
        2
 70
     0
 43
0.0
 10
598.9644880847075
 20
268.0832913061482
 10
597.7777027770903
 20
268.6766839599568
  0
LWPOLYLINE
  5
673
330
1F
100
AcDbEntity
  8
PDF_SKY-Lipa$0$RICKLEE_STRANDDISTANCE
370
     0
100
AcDbPolyline
 90
        7
 70
     0
 43
0.0
 10
598.0743991039946
 20
268.4788864086872
 10
597.9755003283599
 20
268.8744815112264
 10
597.9755003283599
 20
269.0722790624958
 10
598.1732978796294
 20
269.3689753894001
 10
598.2721966552642
 20
269.4678741650349
 10
598.5688929821684
 20
269.4678741650349
 10
599.4589819628814
 20
268.9733802868611
  0
LWPOLYLINE
  5
674
330
1F
100
AcDbEntity
  8
PDF_SKY-Lipa$0$RICKLEE_STRANDDISTANCE
370
     0
100
AcDbPolyline
 90
        7
 70
     0
 43
0.0
 10
598.5688929821684
 20
269.4678741650349
 10
598.4699942065336
 20
269.7645704919392
 10
598.4699942065336
 20
270.0612668188435
 10
598.6677917578032
 20
270.259064370113
 10
598.7666905334379
 20
270.3579631457478
 10
599.0633868603423
 20
270.3579631457478
 10
599.9534758410551
 20
269.8634692675739
  0
LWPOLYLINE
  5
675
330
1F
100
AcDbEntity
  8
PDF_SKY-Lipa$0$RICKLEE_ROAD
370
     0
100
AcDbPolyline
 90
        2
 70
     0
 43
0.0
 10
674.9187477722064
 20
454.5074833776785
 10
622.1068015832424
 20
471.5180727868579
  0
LWPOLYLINE
  5
676
330
1F
100
AcDbEntity
  8
PDF_SKY-Lipa$0$RICKLEE_ROAD
370
     0
100
AcDbPolyline
 90
        2
 70
     0
 43
0.0
 10
679.1713951245013
 20
460.8370050183034
 10
622.0079028076075
 20
479.3310760620043
  0
LWPOLYLINE
  5
677
330
1F
100
AcDbEntity
  8
PDF_SKY-Lipa$0$RICKLEE_STRAND
370
     0
100
AcDbPolyline
 90
        2
 70
     0
 43
0.0
 10
671.6550881762591
 20
451.6394188842703
 10
639.5129860949609
 20
463.8039682873463
  0
LWPOLYLINE
  5
678
330
1F
100
AcDbEntity
  8
PDF_SKY-Lipa$0$RICKLEE_STRANDDISTANCE
370
     0
100
AcDbPolyline
 90
       15
 70
     0
 43
0.0
 10
652.3698269274802
 20
456.8810539929128
 10
653.3588146838277
 20
456.4854588903738
 10
652.5676244787497
 20
455.9909650122
 10
652.7654220300192
 20
455.8920662365651
 10
652.9632195812887
 20
455.6942686852957
 10
652.9632195812887
 20
455.5953699096609
 10
652.9632195812887
 20
455.2986735827566
 10
652.9632195812887
 20
455.1997748071218
 10
652.7654220300192
 20
454.9030784802176
 10
652.4687257031149
 20
454.8041797045828
 10
652.1720293762106
 20
454.8041797045828
 10
651.974231824941
 20
454.9030784802176
 10
651.6775354980368
 20
455.1008760314871
 10
651.6775354980368
 20
455.1997748071218
 10
651.6775354980368
 20
455.3975723583914
  0
LWPOLYLINE
  5
679
330
1F
100
AcDbEntity
  8
PDF_SKY-Lipa$0$RICKLEE_STRANDDISTANCE
370
     0
100
AcDbPolyline
 90
       23
 70
     0
 43
0.0
 10
654.9411950939839
 20
455.5953699096609
 10
654.8422963183492
 20
455.7931674609305
 10
654.6444987670797
 20
455.9909650122
 10
654.4467012158102
 20
456.0898637878347
 10
654.1500048889059
 20
456.0898637878347
 10
653.8533085620017
 20
455.8920662365651
 10
653.6555110107321
 20
455.4964711340262
 10
653.4577134594625
 20
455.0019772558523
 10
653.4577134594625
 20
454.705280928948
 10
653.5566122350973
 20
454.4085846020437
 10
653.7544097863668
 20
454.2107870507742
 10
653.8533085620017
 20
454.2107870507742
 10
654.1500048889059
 20
454.2107870507742
 10
654.4467012158102
 20
454.309685826409
 10
654.545599991445
 20
454.5074833776785
 10
654.6444987670797
 20
454.6063821533133
 10
654.6444987670797
 20
454.9030784802176
 10
654.545599991445
 20
455.1008760314871
 10
654.2489036645406
 20
455.2986735827566
 10
654.2489036645406
 20
455.3975723583914
 10
653.9522073376364
 20
455.3975723583914
 10
653.6555110107321
 20
455.2986735827566
 10
653.4577134594625
 20
455.0019772558523
  0
LWPOLYLINE
  5
67A
330
1F
100
AcDbEntity
  8
PDF_SKY-Lipa$0$RICKLEE_STRANDDISTANCE
370
     0
100
AcDbPolyline
 90
        2
 70
     0
 43
0.0
 10
655.0400938696188
 20
453.8151919482351
 10
655.4356889721579
 20
455.0019772558523
  0
LWPOLYLINE
  5
67B
330
1F
100
AcDbEntity
  8
PDF_SKY-Lipa$0$RICKLEE_STRANDDISTANCE
370
     0
100
AcDbPolyline
 90
        7
 70
     0
 43
0.0
 10
655.3367901965231
 20
454.6063821533133
 10
655.7323852990621
 20
454.8041797045828
 10
655.9301828503317
 20
454.8041797045828
 10
656.1279804016012
 20
454.705280928948
 10
656.3257779528706
 20
454.6063821533133
 10
656.3257779528706
 20
454.309685826409
 10
655.9301828503317
 20
453.4195968456961
  0
LWPOLYLINE
  5
67C
330
1F
100
AcDbEntity
  8
PDF_SKY-Lipa$0$RICKLEE_STRANDDISTANCE
370
     0
100
AcDbPolyline
 90
        7
 70
     0
 43
0.0
 10
656.3257779528706
 20
454.309685826409
 10
656.622474279775
 20
454.4085846020437
 10
656.8202718310446
 20
454.5074833776785
 10
657.1169681579488
 20
454.4085846020437
 10
657.2158669335835
 20
454.2107870507742
 10
657.2158669335835
 20
453.9140907238699
 10
656.9191706066793
 20
453.024001743157
  0
LWPOLYLINE
  5
67D
330
1F
100
AcDbEntity
  8
PDF_SKY-Lipa$0$RICKLEE_HOUSECOUNT
370
     0
100
AcDbPolyline
 90
        4
 70
     1
 43
0.0
 10
637.6339093579002
 20
462.6171829797292
 10
637.6339093579002
 20
458.06783930053
 10
633.1834644543358
 20
458.06783930053
 10
633.1834644543358
 20
462.6171829797292
  0
LWPOLYLINE
  5
67E
330
1F
100
AcDbEntity
  8
PDF_SKY-Lipa$0$RICKLEE_HOUSECOUNT
370
     0
100
AcDbPolyline
 90
       16
 70
     1
 43
0.0
 10
633.974654659414
 20
461.0348025695729
 10
633.8757558837792
 20
460.9359037939381
 10
633.7768571081445
 20
460.8370050183034
 10
633.6779583325097
 20
460.5403086913991
 10
633.6779583325097
 20
460.3425111401295
 10
633.7768571081445
 20
460.0458148132253
 10
633.8757558837792
 20
459.8480172619558
 10
633.974654659414
 20
459.8480172619558
 10
634.1724522106836
 20
459.8480172619558
 10
634.2713509863183
 20
459.8480172619558
 10
634.4691485375879
 20
460.0458148132253
 10
634.4691485375879
 20
460.3425111401295
 10
634.4691485375879
 20
460.5403086913991
 10
634.4691485375879
 20
460.8370050183034
 10
634.2713509863183
 20
460.9359037939381
 10
634.1724522106836
 20
461.0348025695729
  0
LWPOLYLINE
  5
67F
330
1F
100
AcDbEntity
  8
PDF_SKY-Lipa$0$RICKLEE_HOUSECOUNT
370
     0
100
AcDbPolyline
 90
        2
 70
     0
 43
0.0
 10
635.8537313964745
 20
461.2326001208424
 10
634.8647436401269
 20
459.4524221594167
  0
LWPOLYLINE
  5
680
330
1F
100
AcDbEntity
  8
PDF_SKY-Lipa$0$RICKLEE_HOUSECOUNT
370
     0
100
AcDbPolyline
 90
        4
 70
     0
 43
0.0
 10
636.6449216015527
 20
459.8480172619558
 10
636.6449216015527
 20
461.0348025695729
 10
636.1504277233787
 20
460.2436123644948
 10
636.9416179284569
 20
460.2436123644948
  0
LWPOLYLINE
  5
682
330
1F
100
AcDbEntity
  8
PDF_SKY-Lipa$0$RICKLEE_STRAND
370
     0
100
AcDbPolyline
 90
        2
 70
     0
 43
0.0
 10
636.8427191528221
 20
464.7929560436939
 10
624.0847770959376
 20
468.9467046203541
  0
LWPOLYLINE
  5
683
330
1F
100
AcDbEntity
  8
PDF_SKY-Lipa$0$RICKLEE_STRANDDISTANCE
370
     0
100
AcDbPolyline
 90
        4
 70
     0
 43
0.0
 10
627.1506391406153
 20
465.4852474731373
 10
627.3484366918848
 20
465.5841462487721
 10
627.7440317944239
 20
465.6830450244068
 10
627.0517403649805
 20
463.902867062981
  0
LWPOLYLINE
  5
684
330
1F
100
AcDbEntity
  8
PDF_SKY-Lipa$0$RICKLEE_STRANDDISTANCE
370
     0
100
AcDbPolyline
 90
       22
 70
     0
 43
0.0
 10
629.6231085314843
 20
464.7929560436939
 10
629.6231085314843
 20
464.9907535949635
 10
629.4253109802149
 20
465.1885511462331
 10
629.2275134289454
 20
465.1885511462331
 10
628.930817102041
 20
465.1885511462331
 10
628.6341207751368
 20
464.9907535949635
 10
628.4363232238672
 20
464.5951584924244
 10
628.2385256725977
 20
464.1995633898853
 10
628.2385256725977
 20
463.8039682873463
 10
628.3374244482324
 20
463.507271960442
 10
628.6341207751368
 20
463.3094744091725
 10
628.930817102041
 20
463.3094744091725
 10
629.2275134289454
 20
463.4083731848073
 10
629.4253109802149
 20
463.7050695117116
 10
629.4253109802149
 20
463.8039682873463
 10
629.4253109802149
 20
464.1006646142506
 10
629.3264122045801
 20
464.2984621655201
 10
629.0297158776758
 20
464.4962597167896
 10
628.930817102041
 20
464.4962597167896
 10
628.6341207751368
 20
464.4962597167896
 10
628.4363232238672
 20
464.3973609411549
 10
628.2385256725977
 20
464.1995633898853
  0
LWPOLYLINE
  5
685
330
1F
100
AcDbEntity
  8
PDF_SKY-Lipa$0$RICKLEE_STRANDDISTANCE
370
     0
100
AcDbPolyline
 90
        2
 70
     0
 43
0.0
 10
629.8209060827539
 20
462.9138793066334
 10
630.2165011852929
 20
464.1995633898853
  0
LWPOLYLINE
  5
686
330
1F
100
AcDbEntity
  8
PDF_SKY-Lipa$0$RICKLEE_STRANDDISTANCE
370
     0
100
AcDbPolyline
 90
        7
 70
     0
 43
0.0
 10
630.1176024096583
 20
463.8039682873463
 10
630.5131975121972
 20
464.0017658386159
 10
630.7109950634668
 20
464.0017658386159
 10
630.9087926147364
 20
464.0017658386159
 10
631.1065901660058
 20
463.8039682873463
 10
631.1065901660058
 20
463.507271960442
 10
630.8098938391016
 20
462.6171829797292
  0
LWPOLYLINE
  5
687
330
1F
100
AcDbEntity
  8
PDF_SKY-Lipa$0$RICKLEE_STRANDDISTANCE
370
     0
100
AcDbPolyline
 90
        7
 70
     0
 43
0.0
 10
631.1065901660058
 20
463.507271960442
 10
631.4032864929101
 20
463.7050695117116
 10
631.6999828198143
 20
463.7050695117116
 10
631.8977803710839
 20
463.6061707360767
 10
632.0955779223535
 20
463.507271960442
 10
632.0955779223535
 20
463.2105756335377
 10
631.7988815954492
 20
462.3204866528249
  0
LWPOLYLINE
  5
688
330
1F
100
AcDbEntity
  8
PDF_SKY-Lipa$0$RICKLEE_HOUSECOUNT
370
     0
100
AcDbPolyline
 90
        4
 70
     1
 43
0.0
 10
623.8869795446681
 20
466.869830332024
 10
623.8869795446681
 20
462.4193854284596
 10
619.3376358654689
 20
462.4193854284596
 10
619.3376358654689
 20
466.869830332024
  0
LWPOLYLINE
  5
689
330
1F
100
AcDbEntity
  8
PDF_SKY-Lipa$0$RICKLEE_HOUSECOUNT
370
     0
100
AcDbPolyline
 90
       16
 70
     1
 43
0.0
 10
620.2277248461817
 20
465.2874499218677
 10
620.0299272949123
 20
465.2874499218677
 10
619.9310285192775
 20
465.0896523705982
 10
619.8321297436428
 20
464.7929560436939
 10
619.8321297436428
 20
464.5951584924244
 10
619.9310285192775
 20
464.2984621655201
 10
620.0299272949123
 20
464.1995633898853
 10
620.2277248461817
 20
464.1006646142506
 10
620.3266236218166
 20
464.1006646142506
 10
620.5244211730861
 20
464.1995633898853
 10
620.6233199487209
 20
464.2984621655201
 10
620.7222187243557
 20
464.5951584924244
 10
620.7222187243557
 20
464.7929560436939
 10
620.6233199487209
 20
465.0896523705982
 10
620.5244211730861
 20
465.2874499218677
 10
620.3266236218166
 20
465.2874499218677
  0
LWPOLYLINE
  5
68A
330
1F
100
AcDbEntity
  8
PDF_SKY-Lipa$0$RICKLEE_HOUSECOUNT
370
     0
100
AcDbPolyline
 90
        2
 70
     0
 43
0.0
 10
622.1068015832424
 20
465.5841462487721
 10
621.0189150512599
 20
463.7050695117116
  0
LWPOLYLINE
  5
68B
330
1F
100
AcDbEntity
  8
PDF_SKY-Lipa$0$RICKLEE_HOUSECOUNT
370
     0
100
AcDbPolyline
 90
        4
 70
     0
 43
0.0
 10
622.8979917883204
 20
464.1006646142506
 10
622.8979917883204
 20
465.2874499218677
 10
622.3045991345117
 20
464.4962597167896
 10
623.1946881152246
 20
464.4962597167896
  0
LWPOLYLINE
  5
68D
330
1F
100
AcDbEntity
  8
PDF_SKY-Lipa$0$RICKLEE_ROAD
370
     0
100
AcDbPolyline
 90
        2
 70
     0
 43
0.0
 10
620.8211174999903
 20
471.5180727868579
 10
584.6241656176667
 20
457.9689405248952
  0
LWPOLYLINE
  5
68E
330
1F
100
AcDbEntity
  8
PDF_SKY-Lipa$0$RICKLEE_STRAND
370
     0
100
AcDbPolyline
 90
        2
 70
     0
 43
0.0
 10
621.3156113781642
 20
468.9467046203541
 10
591.1514848095612
 20
457.6722441979909
  0
LWPOLYLINE
  5
68F
330
1F
100
AcDbEntity
  8
PDF_SKY-Lipa$0$RICKLEE_STRANDDISTANCE
370
     0
100
AcDbPolyline
 90
       15
 70
     0
 43
0.0
 10
604.4039207446195
 20
460.5403086913991
 10
605.3929085009672
 20
460.8370050183034
 10
605.0962121740629
 20
459.9469160375905
 10
605.3929085009672
 20
460.0458148132253
 10
605.5907060522367
 20
460.0458148132253
 10
605.6896048278714
 20
459.9469160375905
 10
605.887402379141
 20
459.749118486321
 10
605.9863011547758
 20
459.5513209350515
 10
605.9863011547758
 20
459.2546246081472
 10
605.887402379141
 20
459.0568270568777
 10
605.5907060522367
 20
458.8590295056081
 10
605.3929085009672
 20
458.7601307299733
 10
605.0962121740629
 20
458.7601307299733
 10
604.8984146227934
 20
458.7601307299733
 10
604.7995158471586
 20
458.9579282812429
  0
LWPOLYLINE
  5
690
330
1F
100
AcDbEntity
  8
PDF_SKY-Lipa$0$RICKLEE_STRANDDISTANCE
370
     0
100
AcDbPolyline
 90
       17
 70
     0
 43
0.0
 10
606.9752889111234
 20
461.430397672112
 10
606.1840987060453
 20
461.1337013452077
 10
606.3818962573147
 20
460.3425111401295
 10
606.3818962573147
 20
460.4414099157644
 10
606.6785925842191
 20
460.6392074670338
 10
606.8763901354887
 20
460.7381062426687
 10
607.1730864623929
 20
460.7381062426687
 10
607.4697827892972
 20
460.6392074670338
 10
607.6675803405668
 20
460.4414099157644
 10
607.6675803405668
 20
460.2436123644948
 10
607.6675803405668
 20
459.9469160375905
 10
607.568681564932
 20
459.6502197106862
 10
607.3708840136625
 20
459.5513209350515
 10
607.0741876867582
 20
459.4524221594167
 10
606.7774913598539
 20
459.3535233837819
 10
606.6785925842191
 20
459.4524221594167
 10
606.4807950329496
 20
459.5513209350515
  0
LWPOLYLINE
  5
691
330
1F
100
AcDbEntity
  8
PDF_SKY-Lipa$0$RICKLEE_STRANDDISTANCE
370
     0
100
AcDbPolyline
 90
        2
 70
     0
 43
0.0
 10
608.3598717700101
 20
459.9469160375905
 10
607.964276667471
 20
461.1337013452077
  0
LWPOLYLINE
  5
692
330
1F
100
AcDbEntity
  8
PDF_SKY-Lipa$0$RICKLEE_STRANDDISTANCE
370
     0
100
AcDbPolyline
 90
        7
 70
     0
 43
0.0
 10
608.0631754431058
 20
460.7381062426687
 10
608.2609729943754
 20
461.1337013452077
 10
608.3598717700101
 20
461.3314988964772
 10
608.6565680969144
 20
461.430397672112
 10
608.8543656481839
 20
461.3314988964772
 10
609.0521631994534
 20
461.1337013452077
 10
609.3488595263577
 20
460.2436123644948
  0
LWPOLYLINE
  5
693
330
1F
100
AcDbEntity
  8
PDF_SKY-Lipa$0$RICKLEE_STRANDDISTANCE
370
     0
100
AcDbPolyline
 90
        7
 70
     0
 43
0.0
 10
609.0521631994534
 20
461.1337013452077
 10
609.249960750723
 20
461.5292964477467
 10
609.3488595263577
 20
461.6281952233816
 10
609.645555853262
 20
461.7270939990162
 10
609.8433534045316
 20
461.7270939990162
 10
610.0411509558011
 20
461.5292964477467
 10
610.3378472827054
 20
460.6392074670338
  0
LWPOLYLINE
  5
694
330
1F
100
AcDbEntity
  8
PDF_SKY-Lipa$0$RICKLEE_HOUSECOUNT
370
     0
100
AcDbPolyline
 90
        4
 70
     1
 43
0.0
 10
594.7118407324126
 20
455.0019772558523
 10
594.7118407324126
 20
450.5515323522879
 10
590.1624970532135
 20
450.5515323522879
 10
590.1624970532135
 20
455.0019772558523
  0
LWPOLYLINE
  5
695
330
1F
100
AcDbEntity
  8
PDF_SKY-Lipa$0$RICKLEE_HOUSECOUNT
370
     0
100
AcDbPolyline
 90
       16
 70
     1
 43
0.0
 10
591.1514848095612
 20
453.5184956213308
 10
590.9536872582917
 20
453.4195968456961
 10
590.8547884826568
 20
453.2217992944266
 10
590.7558897070221
 20
452.9251029675223
 10
590.7558897070221
 20
452.8262041918875
 10
590.8547884826568
 20
452.5295078649832
 10
590.9536872582917
 20
452.3317103137137
 10
591.1514848095612
 20
452.232811538079
 10
591.2503835851959
 20
452.232811538079
 10
591.4481811364654
 20
452.3317103137137
 10
591.5470799121002
 20
452.5295078649832
 10
591.5470799121002
 20
452.8262041918875
 10
591.5470799121002
 20
452.9251029675223
 10
591.5470799121002
 20
453.2217992944266
 10
591.4481811364654
 20
453.4195968456961
 10
591.2503835851959
 20
453.5184956213308
  0
LWPOLYLINE
  5
696
330
1F
100
AcDbEntity
  8
PDF_SKY-Lipa$0$RICKLEE_HOUSECOUNT
370
     0
100
AcDbPolyline
 90
        2
 70
     0
 43
0.0
 10
592.9316627709869
 20
453.7162931726004
 10
591.9426750146392
 20
451.8372164355398
  0
LWPOLYLINE
  5
697
330
1F
100
AcDbEntity
  8
PDF_SKY-Lipa$0$RICKLEE_HOUSECOUNT
370
     0
100
AcDbPolyline
 90
       22
 70
     0
 43
0.0
 10
593.9206505273346
 20
453.3206980700613
 10
593.8217517516998
 20
453.4195968456961
 10
593.6239542004302
 20
453.5184956213308
 10
593.5250554247955
 20
453.5184956213308
 10
593.4261566491606
 20
453.4195968456961
 10
593.2283590978912
 20
453.2217992944266
 10
593.2283590978912
 20
452.9251029675223
 10
593.2283590978912
 20
452.6284066406179
 10
593.2283590978912
 20
452.4306090893484
 10
593.4261566491606
 20
452.3317103137137
 10
593.5250554247955
 20
452.232811538079
 10
593.6239542004302
 20
452.232811538079
 10
593.8217517516998
 20
452.3317103137137
 10
593.9206505273346
 20
452.4306090893484
 10
593.9206505273346
 20
452.6284066406179
 10
593.9206505273346
 20
452.8262041918875
 10
593.8217517516998
 20
452.9251029675223
 10
593.6239542004302
 20
453.024001743157
 10
593.5250554247955
 20
453.024001743157
 10
593.4261566491606
 20
452.9251029675223
 10
593.2283590978912
 20
452.8262041918875
 10
593.2283590978912
 20
452.6284066406179
  0
LWPOLYLINE
  5
698
330
1F
100
AcDbEntity
  8
PDF_SKY-Lipa$0$RICKLEE_ROAD
370
     0
100
AcDbPolyline
 90
        4
 70
     0
 43
0.0
 10
586.602141130362
 20
468.7489070690845
 10
550.5040880236731
 20
578.4276492480379
 10
543.4822749536049
 20
576.1529774084383
 10
582.0527974511628
 20
459.1557258325123
  0
LWPOLYLINE
  5
69A
330
1F
100
AcDbEntity
  8
PDF_SKY-Lipa$0$RICKLEE_ROAD
370
     0
100
AcDbPolyline
 90
        2
 70
     0
 43
0.0
 10
620.7222187243557
 20
479.2321772863695
 10
589.1735092968658
 20
467.4632229858326
  0
ARC
  5
69B
330
1F
100
AcDbEntity
  8
PDF_SKY-Lipa$0$RICKLEE_ROAD
370
     0
100
AcDbCircle
 10
621.5876077376793
 20
469.7059038323932
 30
0.0
 40
1.928694881673334
100
AcDbArc
 50
72.11067643655339
 51
110.5134282727191
  0
ARC
  5
69C
330
1F
100
AcDbEntity
  8
PDF_SKY-Lipa$0$RICKLEE_ROAD
370
     0
100
AcDbCircle
 10
621.4887099715613
 20
477.5192077836252
 30
0.0
 40
1.92852493141904
100
AcDbArc
 50
72.10875727048133
 51
110.5115009157965
  0
ARC
  5
69D
330
1F
100
AcDbEntity
  8
PDF_SKY-Lipa$0$RICKLEE_ROAD
370
     0
100
AcDbCircle
 10
588.5540582396774
 20
469.4091534338021
 30
0.0
 40
1.928696249495968
100
AcDbArc
 50
198.2282374584356
 51
290.513445847562
  0
ARC
  5
69E
330
1F
100
AcDbEntity
  8
PDF_SKY-Lipa$0$RICKLEE_ROAD
370
     0
100
AcDbCircle
 10
584.0045670618122
 20
459.8156237963419
 30
0.0
 40
1.928530050211808
100
AcDbArc
 50
198.2263656896162
 51
290.5115045265824
  0
LWPOLYLINE
  5
69F
330
1F
100
AcDbEntity
  8
PDF_SKY-Lipa$0$RICKLEE_ROAD
370
     0
100
AcDbPolyline
 90
        2
 70
     0
 43
0.0
 10
450.6163246325614
 20
41.20949999999936
 10
676.0066343041887
 20
451.7383176599051
  0
ARC
  5
6A0
330
1F
100
AcDbEntity
  8
PDF_SKY-Lipa$0$RICKLEE_ROAD
370
     0
100
AcDbCircle
 10
674.4017152815571
 20
452.6946084597151
 30
0.0
 40
1.928528076128172
100
AcDbArc
 50
331.2268067687174
 51
72.10870486872649
  0
ARC
  5
6A1
330
1F
100
AcDbEntity
  8
PDF_SKY-Lipa$0$RICKLEE_ROAD
370
     0
100
AcDbCircle
 10
679.9402490371209
 20
462.7826857579369
 30
0.0
 40
1.928526988604079
100
AcDbArc
 50
252.1087920377116
 51
331.2267976027496
  0
LWPOLYLINE
  5
6A2
330
1F
100
AcDbEntity
  8
PDF_SKY-Lipa$0$RICKLEE_STRAND
370
     0
100
AcDbPolyline
 90
        2
 70
     0
 43
0.0
 10
589.3713068481353
 20
458.5623331787038
 10
579.7781256115633
 20
494.6603862853927
  0
LWPOLYLINE
  5
6A3
330
1F
100
AcDbEntity
  8
PDF_SKY-Lipa$0$RICKLEE_STRANDDISTANCE
370
     0
100
AcDbPolyline
 90
        4
 70
     0
 43
0.0
 10
588.8768129699616
 20
475.671821363518
 10
586.997736232901
 20
475.1773274853442
 10
588.4812178674224
 20
474.5839348315356
 10
588.0856227648835
 20
475.9685176904223
  0
LWPOLYLINE
  5
6A5
330
1F
100
AcDbEntity
  8
PDF_SKY-Lipa$0$RICKLEE_STRANDDISTANCE
370
     0
100
AcDbPolyline
 90
       16
 70
     1
 43
0.0
 10
586.602141130362
 20
476.6608091198657
 10
586.7999386816316
 20
476.3641127929614
 10
587.0966350085358
 20
476.2652140173265
 10
587.5911288867097
 20
476.2652140173265
 10
587.7889264379791
 20
476.3641127929614
 10
588.2834203161531
 20
476.5619103442308
 10
588.4812178674224
 20
476.8586066711351
 10
588.4812178674224
 20
477.1553029980394
 10
588.4812178674224
 20
477.353100549309
 10
588.2834203161531
 20
477.5508981005785
 10
587.9867239892487
 20
477.6497968762133
 10
587.4922301110749
 20
477.6497968762133
 10
587.1955337841706
 20
477.5508981005785
 10
586.7999386816316
 20
477.353100549309
 10
586.602141130362
 20
477.0564042224047
 10
586.5032423547273
 20
476.8586066711351
  0
LWPOLYLINE
  5
6A6
330
1F
100
AcDbEntity
  8
PDF_SKY-Lipa$0$RICKLEE_STRANDDISTANCE
370
     0
100
AcDbPolyline
 90
        2
 70
     0
 43
0.0
 10
588.1845215405182
 20
478.4409870812914
 10
586.8988374572662
 20
478.0453919787523
  0
LWPOLYLINE
  5
6A7
330
1F
100
AcDbEntity
  8
PDF_SKY-Lipa$0$RICKLEE_STRANDDISTANCE
370
     0
100
AcDbPolyline
 90
        7
 70
     0
 43
0.0
 10
587.2944325598053
 20
478.1442907543871
 10
586.8988374572662
 20
478.3420883056566
 10
586.7999386816316
 20
478.5398858569262
 10
586.7010399059968
 20
478.7376834081957
 10
586.7010399059968
 20
479.0343797351
 10
586.997736232901
 20
479.1332785107347
 10
587.8878252136139
 20
479.429974837639
  0
LWPOLYLINE
  5
6A8
330
1F
100
AcDbEntity
  8
PDF_SKY-Lipa$0$RICKLEE_STRANDDISTANCE
370
     0
100
AcDbPolyline
 90
        7
 70
     0
 43
0.0
 10
586.997736232901
 20
479.1332785107347
 10
586.602141130362
 20
479.3310760620043
 10
586.5032423547273
 20
479.5288736132738
 10
586.4043435790924
 20
479.7266711645433
 10
586.5032423547273
 20
480.0233674914476
 10
586.7010399059968
 20
480.1222662670824
 10
587.5911288867097
 20
480.4189625939867
  0
LWPOLYLINE
  5
6A9
330
1F
100
AcDbEntity
  8
PDF_SKY-Lipa$0$RICKLEE_HOUSECOUNT
370
     0
100
AcDbPolyline
 90
        4
 70
     1
 43
0.0
 10
586.602141130362
 20
497.2317544518966
 10
586.602141130362
 20
492.6824107726974
 10
582.1516962267976
 20
492.6824107726974
 10
582.1516962267976
 20
497.2317544518966
  0
LWPOLYLINE
  5
6AA
330
1F
100
AcDbEntity
  8
PDF_SKY-Lipa$0$RICKLEE_HOUSECOUNT
370
     0
100
AcDbPolyline
 90
       16
 70
     1
 43
0.0
 10
583.0417852075105
 20
495.6493740417403
 10
582.9428864318757
 20
495.5504752661056
 10
582.7450888806062
 20
495.4515764904709
 10
582.7450888806062
 20
495.1548801635666
 10
582.7450888806062
 20
494.957082612297
 10
582.7450888806062
 20
494.6603862853927
 10
582.9428864318757
 20
494.4625887341232
 10
583.0417852075105
 20
494.4625887341232
 10
583.1406839831453
 20
494.4625887341232
 10
583.3384815344147
 20
494.4625887341232
 10
583.4373803100495
 20
494.6603862853927
 10
583.5362790856843
 20
494.957082612297
 10
583.5362790856843
 20
495.1548801635666
 10
583.4373803100495
 20
495.4515764904709
 10
583.3384815344147
 20
495.5504752661056
 10
583.1406839831453
 20
495.6493740417403
  0
LWPOLYLINE
  5
6AB
330
1F
100
AcDbEntity
  8
PDF_SKY-Lipa$0$RICKLEE_HOUSECOUNT
370
     0
100
AcDbPolyline
 90
        2
 70
     0
 43
0.0
 10
584.920861944571
 20
495.8471715930099
 10
583.8329754125886
 20
494.0669936315841
  0
LWPOLYLINE
  5
6AC
330
1F
100
AcDbEntity
  8
PDF_SKY-Lipa$0$RICKLEE_HOUSECOUNT
370
     0
100
AcDbPolyline
 90
       21
 70
     0
 43
0.0
 10
585.8109509252839
 20
495.4515764904709
 10
585.8109509252839
 20
495.5504752661056
 10
585.6131533740144
 20
495.6493740417403
 10
585.5142545983795
 20
495.6493740417403
 10
585.3164570471101
 20
495.5504752661056
 10
585.2175582714753
 20
495.4515764904709
 10
585.1186594958405
 20
495.1548801635666
 10
585.1186594958405
 20
494.8581838366623
 10
585.2175582714753
 20
494.561487509758
 10
585.3164570471101
 20
494.4625887341232
 10
585.5142545983795
 20
494.4625887341232
 10
585.7120521496491
 20
494.4625887341232
 10
585.8109509252839
 20
494.561487509758
 10
585.9098497009187
 20
494.7592850610275
 10
585.9098497009187
 20
494.8581838366623
 10
585.8109509252839
 20
494.957082612297
 10
585.7120521496491
 20
495.1548801635666
 10
585.5142545983795
 20
495.1548801635666
 10
585.3164570471101
 20
495.1548801635666
 10
585.2175582714753
 20
494.957082612297
 10
585.1186594958405
 20
494.8581838366623
  0
LWPOLYLINE
  5
6AD
330
1F
100
AcDbEntity
  8
PDF_SKY-Lipa$0$RICKLEE_STRAND
370
     0
100
AcDbPolyline
 90
        2
 70
     0
 43
0.0
 10
578.8880366308505
 20
497.429552003166
 10
566.8223860034092
 20
535.9011757250893
  0
LWPOLYLINE
  5
6AE
330
1F
100
AcDbEntity
  8
PDF_SKY-Lipa$0$RICKLEE_STRANDDISTANCE
370
     0
100
AcDbPolyline
 90
        4
 70
     0
 43
0.0
 10
577.2067574450594
 20
515.923623046867
 10
575.327680707999
 20
515.3302303930583
 10
576.9100611181551
 20
514.8357365148846
 10
576.4155672399813
 20
516.2203193737712
  0
LWPOLYLINE
  5
6B0
330
1F
100
AcDbEntity
  8
PDF_SKY-Lipa$0$RICKLEE_STRANDDISTANCE
370
     0
100
AcDbPolyline
 90
        4
 70
     0
 43
0.0
 10
576.6133647912509
 20
517.7038010082927
 10
574.7342880541903
 20
517.1104083544841
 10
576.3166684643465
 20
516.6159144763103
 10
575.9210733618075
 20
518.0004973351969
  0
LWPOLYLINE
  5
6B2
330
1F
100
AcDbEntity
  8
PDF_SKY-Lipa$0$RICKLEE_STRANDDISTANCE
370
     0
100
AcDbPolyline
 90
        2
 70
     0
 43
0.0
 10
576.4155672399813
 20
518.5938899890056
 10
575.1298831567294
 20
518.1982948864665
  0
LWPOLYLINE
  5
6B3
330
1F
100
AcDbEntity
  8
PDF_SKY-Lipa$0$RICKLEE_STRANDDISTANCE
370
     0
100
AcDbPolyline
 90
        7
 70
     0
 43
0.0
 10
575.5254782592684
 20
518.2971936621013
 10
575.1298831567294
 20
518.4949912133709
 10
575.0309843810946
 20
518.6927887646404
 10
574.9320856054598
 20
518.9894850915448
 10
574.9320856054598
 20
519.1872826428142
 10
575.1298831567294
 20
519.286181418449
 10
576.0199721374423
 20
519.5828777453532
  0
LWPOLYLINE
  5
6B4
330
1F
100
AcDbEntity
  8
PDF_SKY-Lipa$0$RICKLEE_STRANDDISTANCE
370
     0
100
AcDbPolyline
 90
        7
 70
     0
 43
0.0
 10
575.1298831567294
 20
519.286181418449
 10
574.833186829825
 20
519.4839789697184
 10
574.6353892785555
 20
519.681776520988
 10
574.6353892785555
 20
519.8795740722576
 10
574.6353892785555
 20
520.0773716235271
 10
574.833186829825
 20
520.2751691747967
 10
575.723275810538
 20
520.5718655017009
  0
LWPOLYLINE
  5
6B5
330
1F
100
AcDbEntity
  8
PDF_SKY-Lipa$0$RICKLEE_HOUSECOUNT
370
     0
100
AcDbPolyline
 90
        4
 70
     1
 43
0.0
 10
573.7453002978427
 20
538.8681389941323
 10
573.7453002978427
 20
534.4176940905679
 10
569.1959566186435
 20
534.4176940905679
 10
569.1959566186435
 20
538.8681389941323
  0
LWPOLYLINE
  5
6B6
330
1F
100
AcDbEntity
  8
PDF_SKY-Lipa$0$RICKLEE_HOUSECOUNT
370
     0
100
AcDbPolyline
 90
       16
 70
     1
 43
0.0
 10
570.1849443749912
 20
537.3846573596108
 10
569.9871468237216
 20
537.285758583976
 10
569.8882480480868
 20
537.0879610327064
 10
569.7893492724521
 20
536.7912647058021
 10
569.7893492724521
 20
536.6923659301675
 10
569.8882480480868
 20
536.3956696032631
 10
569.9871468237216
 20
536.1978720519937
 10
570.1849443749912
 20
536.0989732763589
 10
570.2838431506259
 20
536.0989732763589
 10
570.4816407018954
 20
536.1978720519937
 10
570.5805394775302
 20
536.3956696032631
 10
570.679438253165
 20
536.6923659301675
 10
570.679438253165
 20
536.7912647058021
 10
570.5805394775302
 20
537.0879610327064
 10
570.4816407018954
 20
537.285758583976
 10
570.2838431506259
 20
537.3846573596108
  0
LWPOLYLINE
  5
6B7
330
1F
100
AcDbEntity
  8
PDF_SKY-Lipa$0$RICKLEE_HOUSECOUNT
370
     0
100
AcDbPolyline
 90
        2
 70
     0
 43
0.0
 10
572.0640211120517
 20
537.5824549108804
 10
570.9761345800693
 20
535.7033781738198
  0
LWPOLYLINE
  5
6B8
330
1F
100
AcDbEntity
  8
PDF_SKY-Lipa$0$RICKLEE_HOUSECOUNT
370
     0
100
AcDbPolyline
 90
       22
 70
     0
 43
0.0
 10
572.9541100927646
 20
537.1868598083413
 10
572.8552113171298
 20
537.285758583976
 10
572.756312541495
 20
537.3846573596108
 10
572.5585149902254
 20
537.3846573596108
 10
572.4596162145907
 20
537.285758583976
 10
572.360717438956
 20
537.0879610327064
 10
572.2618186633212
 20
536.7912647058021
 10
572.2618186633212
 20
536.4945683788979
 10
572.360717438956
 20
536.2967708276284
 10
572.4596162145907
 20
536.1978720519937
 10
572.5585149902254
 20
536.0989732763589
 10
572.6574137658603
 20
536.0989732763589
 10
572.8552113171298
 20
536.1978720519937
 10
572.9541100927646
 20
536.2967708276284
 10
573.0530088683994
 20
536.4945683788979
 10
572.9541100927646
 20
536.6923659301675
 10
572.8552113171298
 20
536.7912647058021
 10
572.6574137658603
 20
536.890163481437
 10
572.5585149902254
 20
536.890163481437
 10
572.4596162145907
 20
536.7912647058021
 10
572.360717438956
 20
536.6923659301675
 10
572.2618186633212
 20
536.4945683788979
  0
LWPOLYLINE
  5
6B9
330
1F
100
AcDbEntity
  8
PDF_SKY-Lipa$0$RICKLEE_STRAND
370
     0
100
AcDbPolyline
 90
        2
 70
     0
 43
0.0
 10
565.9322970226964
 20
538.6703414428628
 10
554.4600390490636
 20
575.1639896520908
  0
LWPOLYLINE
  5
6BA
330
1F
100
AcDbEntity
  8
PDF_SKY-Lipa$0$RICKLEE_STRANDDISTANCE
370
     0
100
AcDbPolyline
 90
        4
 70
     0
 43
0.0
 10
564.5477141638095
 20
556.175424730216
 10
562.6686374267491
 20
555.5820320764074
 10
564.2510178369053
 20
555.0875381982335
 10
563.7565239587315
 20
556.4721210571202
  0
LWPOLYLINE
  5
6BC
330
1F
100
AcDbEntity
  8
PDF_SKY-Lipa$0$RICKLEE_STRANDDISTANCE
370
     0
100
AcDbPolyline
 90
       14
 70
     0
 43
0.0
 10
562.8664349780186
 20
556.7688173840245
 10
562.7675362023839
 20
556.6699186083898
 10
562.5697386511143
 20
556.7688173840245
 10
562.3719410998448
 20
556.7688173840245
 10
562.2730423242101
 20
556.9666149352941
 10
562.1741435485753
 20
557.2633112621984
 10
562.1741435485753
 20
557.4611088134679
 10
562.2730423242101
 20
557.6589063647374
 10
562.3719410998448
 20
557.7578051403722
 10
562.5697386511143
 20
557.856703916007
 10
562.7675362023839
 20
557.7578051403722
 10
563.0642325292881
 20
557.6589063647374
 10
564.2510178369053
 20
557.0655137109289
 10
563.8554227343662
 20
558.3511977941808
  0
LWPOLYLINE
  5
6BD
330
1F
100
AcDbEntity
  8
PDF_SKY-Lipa$0$RICKLEE_STRANDDISTANCE
370
     0
100
AcDbPolyline
 90
        2
 70
     0
 43
0.0
 10
563.7565239587315
 20
558.8456916723546
 10
562.4708398754795
 20
558.4500965698156
  0
LWPOLYLINE
  5
6BE
330
1F
100
AcDbEntity
  8
PDF_SKY-Lipa$0$RICKLEE_STRANDDISTANCE
370
     0
100
AcDbPolyline
 90
        7
 70
     0
 43
0.0
 10
562.8664349780186
 20
558.5489953454504
 10
562.4708398754795
 20
558.7467928967198
 10
562.3719410998448
 20
558.9445904479894
 10
562.2730423242101
 20
559.1423879992589
 10
562.2730423242101
 20
559.3401855505284
 10
562.4708398754795
 20
559.537983101798
 10
563.3609288561924
 20
559.8346794287023
  0
LWPOLYLINE
  5
6BF
330
1F
100
AcDbEntity
  8
PDF_SKY-Lipa$0$RICKLEE_STRANDDISTANCE
370
     0
100
AcDbPolyline
 90
        7
 70
     0
 43
0.0
 10
562.4708398754795
 20
559.537983101798
 10
562.1741435485753
 20
559.7357806530675
 10
561.9763459973057
 20
559.9335782043371
 10
561.9763459973057
 20
560.1313757556065
 10
561.9763459973057
 20
560.329173306876
 10
562.1741435485753
 20
560.5269708581456
 10
563.0642325292881
 20
560.8236671850498
  0
LWPOLYLINE
  5
6C0
330
1F
100
AcDbEntity
  8
PDF_SKY-Lipa$0$RICKLEE_HOUSECOUNT
370
     0
100
AcDbPolyline
 90
        4
 70
     1
 43
0.0
 10
561.3829533434972
 20
579.3177382287508
 10
561.3829533434972
 20
574.8672933251864
 10
556.833609664298
 20
574.8672933251864
 10
556.833609664298
 20
579.3177382287508
  0
LWPOLYLINE
  5
6C1
330
1F
100
AcDbEntity
  8
PDF_SKY-Lipa$0$RICKLEE_HOUSECOUNT
370
     0
100
AcDbPolyline
 90
       16
 70
     1
 43
0.0
 10
557.7236986450109
 20
577.8342565942294
 10
557.5259010937413
 20
577.7353578185945
 10
557.4270023181066
 20
577.537560267325
 10
557.4270023181066
 20
577.2408639404208
 10
557.4270023181066
 20
577.1419651647859
 10
557.4270023181066
 20
576.8452688378816
 10
557.5259010937413
 20
576.6474712866121
 10
557.7236986450109
 20
576.5485725109774
 10
557.8225974206457
 20
576.5485725109774
 10
558.0203949719151
 20
576.6474712866121
 10
558.1192937475499
 20
576.8452688378816
 10
558.2181925231846
 20
577.1419651647859
 10
558.2181925231846
 20
577.2408639404208
 10
558.1192937475499
 20
577.537560267325
 10
558.0203949719151
 20
577.7353578185945
 10
557.8225974206457
 20
577.8342565942294
  0
LWPOLYLINE
  5
6C2
330
1F
100
AcDbEntity
  8
PDF_SKY-Lipa$0$RICKLEE_HOUSECOUNT
370
     0
100
AcDbPolyline
 90
        2
 70
     0
 43
0.0
 10
559.6027753820713
 20
578.0320541454989
 10
558.514888850089
 20
576.1529774084383
  0
LWPOLYLINE
  5
6C3
330
1F
100
AcDbEntity
  8
PDF_SKY-Lipa$0$RICKLEE_HOUSECOUNT
370
     0
100
AcDbPolyline
 90
        4
 70
     0
 43
0.0
 10
560.3939655871495
 20
576.5485725109774
 10
560.3939655871495
 20
577.8342565942294
 10
559.8005729333409
 20
576.9441676135165
 10
560.6906619140538
 20
576.9441676135165
  0
LWPOLYLINE
  5
6C6
330
1F
100
AcDbEntity
  8
PDF_SKY-Lipa$0$RICKLEE_HOUSECOUNT
370
     0
100
AcDbPolyline
 90
        4
 70
     1
 43
0.0
 10
730.796556005848
 20
512.165469572746
 10
730.796556005848
 20
507.6161258935468
 10
726.3461111022836
 20
507.6161258935468
 10
726.3461111022836
 20
512.165469572746
  0
LWPOLYLINE
  5
6C7
330
1F
100
AcDbEntity
  8
PDF_SKY-Lipa$0$RICKLEE_HOUSECOUNT
370
     0
100
AcDbPolyline
 90
       23
 70
     0
 43
0.0
 10
727.2362000829965
 20
510.3852916113202
 10
727.1373013073618
 20
510.484190386955
 10
726.9395037560923
 20
510.5830891625897
 10
726.8406049804575
 20
510.5830891625897
 10
726.642807429188
 20
510.484190386955
 10
726.5439086535532
 20
510.2863928356854
 10
726.4450098779184
 20
510.0885952844159
 10
726.4450098779184
 20
509.7918989575116
 10
726.5439086535532
 20
509.4952026306073
 10
726.642807429188
 20
509.3963038549725
 10
726.8406049804575
 20
509.2974050793379
 10
726.9395037560923
 20
509.2974050793379
 10
727.038402531727
 20
509.3963038549725
 10
727.1373013073618
 20
509.4952026306073
 10
727.2362000829965
 20
509.6930001818768
 10
727.2362000829965
 20
509.7918989575116
 10
727.2362000829965
 20
509.8907977331464
 10
727.038402531727
 20
510.0885952844159
 10
726.9395037560923
 20
510.0885952844159
 10
726.8406049804575
 20
510.0885952844159
 10
726.642807429188
 20
510.0885952844159
 10
726.5439086535532
 20
509.8907977331464
 10
726.4450098779184
 20
509.7918989575116
  0
LWPOLYLINE
  5
6C8
330
1F
100
AcDbEntity
  8
PDF_SKY-Lipa$0$RICKLEE_HOUSECOUNT
370
     0
100
AcDbPolyline
 90
        2
 70
     0
 43
0.0
 10
728.719681717518
 20
510.7808867138593
 10
727.6317951855356
 20
508.9018099767987
  0
LWPOLYLINE
  5
6C9
330
1F
100
AcDbEntity
  8
PDF_SKY-Lipa$0$RICKLEE_HOUSECOUNT
370
     0
100
AcDbPolyline
 90
        4
 70
     0
 43
0.0
 10
728.9174792687876
 20
510.2863928356854
 10
729.0163780444223
 20
510.3852916113202
 10
729.2141755956918
 20
510.5830891625897
 10
729.2141755956918
 20
509.2974050793379
  0
LWPOLYLINE
  5
6CA
330
1F
100
AcDbEntity
  8
PDF_SKY-Lipa$0$RICKLEE_HOUSECOUNT
370
     0
100
AcDbPolyline
 90
       16
 70
     1
 43
0.0
 10
730.2031633520394
 20
510.5830891625897
 10
730.0053658007699
 20
510.484190386955
 10
729.9064670251351
 20
510.2863928356854
 10
729.8075682495005
 20
509.9896965087812
 10
729.8075682495005
 20
509.8907977331464
 10
729.9064670251351
 20
509.5941014062421
 10
730.0053658007699
 20
509.3963038549725
 10
730.2031633520394
 20
509.2974050793379
 10
730.3020621276743
 20
509.2974050793379
 10
730.4998596789438
 20
509.3963038549725
 10
730.5987584545785
 20
509.5941014062421
 10
730.6976572302133
 20
509.8907977331464
 10
730.6976572302133
 20
509.9896965087812
 10
730.5987584545785
 20
510.2863928356854
 10
730.4998596789438
 20
510.484190386955
 10
730.3020621276743
 20
510.5830891625897
  0
LWPOLYLINE
  5
6CB
330
1F
100
AcDbEntity
  8
PDF_SKY-Lipa$0$LANDMARK
370
     9
100
AcDbPolyline
 90
        2
 70
     0
 43
0.0
 10
407.3975596801695
 20
855.6409173522817
 10
407.6942560070738
 20
854.5530308202993
  0
LWPOLYLINE
  5
6CC
330
1F
100
AcDbEntity
  8
PDF_SKY-Lipa$0$LANDMARK
370
     9
100
AcDbPolyline
 90
        2
 70
     0
 43
0.0
 10
407.3975596801695
 20
855.5420185766468
 10
407.3975596801695
 20
855.5420185766468
  0
LWPOLYLINE
  5
6CD
330
1F
100
AcDbEntity
  8
PDF_SKY-Lipa$0$LANDMARK
370
     9
100
AcDbPolyline
 90
       11
 70
     0
 43
0.0
 10
408.3865474365171
 20
854.5530308202993
 10
408.3865474365171
 20
857.5199940893423
 10
409.3755351928647
 20
857.5199940893423
 10
409.7711302954038
 20
857.4210953137075
 10
409.8700290710385
 20
857.2232977624379
 10
409.9689278466733
 20
857.0255002111684
 10
409.9689278466733
 20
856.7288038842642
 10
409.8700290710385
 20
856.4321075573598
 10
409.7711302954038
 20
856.2343100060902
 10
409.4744339684995
 20
856.1354112304554
 10
408.3865474365171
 20
856.1354112304554
  0
LWPOLYLINE
  5
6CE
330
1F
100
AcDbEntity
  8
PDF_SKY-Lipa$0$LANDMARK
370
     9
100
AcDbPolyline
 90
        2
 70
     0
 43
0.0
 10
409.1777376415952
 20
856.1354112304554
 10
410.0678266223081
 20
854.5530308202993
  0
LWPOLYLINE
  5
6CF
330
1F
100
AcDbEntity
  8
PDF_SKY-Lipa$0$LANDMARK
370
     9
100
AcDbPolyline
 90
       12
 70
     1
 43
0.0
 10
410.8590168273862
 20
854.651929595934
 10
410.7601180517514
 20
857.5199940893423
 10
411.6502070324643
 20
857.6188928649768
 10
411.9469033593686
 20
857.4210953137075
 10
412.2435996862729
 20
857.1243989868031
 10
412.3424984619076
 20
856.9266014355335
 10
412.4413972375424
 20
856.4321075573598
 10
412.4413972375424
 20
855.7398161279165
 10
412.3424984619076
 20
855.3442210253775
 10
412.2435996862729
 20
855.0475246984731
 10
412.0458021350033
 20
854.7508283715687
 10
411.6502070324643
 20
854.651929595934
  0
LWPOLYLINE
  5
6D0
330
1F
100
AcDbEntity
  8
PDF_SKY-Lipa$0$LANDMARK
370
     9
100
AcDbPolyline
 90
        5
 70
     0
 43
0.0
 10
413.2325874426205
 20
857.6188928649768
 10
413.9248788720639
 20
854.651929595934
 10
414.4193727502377
 20
857.6188928649768
 10
415.0127654040463
 20
854.651929595934
 10
415.6061580578549
 20
857.6188928649768
  0
LWPOLYLINE
  5
6D1
330
1F
100
AcDbEntity
  8
PDF_SKY-Lipa$0$LANDMARK
370
     9
100
AcDbPolyline
 90
        3
 70
     0
 43
0.0
 10
416.1006519360287
 20
854.7508283715687
 10
416.9907409167416
 20
857.7177916406117
 10
417.9797286730893
 20
854.7508283715687
  0
LWPOLYLINE
  5
6D2
330
1F
100
AcDbEntity
  8
PDF_SKY-Lipa$0$LANDMARK
370
     9
100
AcDbPolyline
 90
        2
 70
     0
 43
0.0
 10
416.3973482629329
 20
855.7398161279165
 10
417.5841335705501
 20
855.7398161279165
  0
LWPOLYLINE
  5
6D3
330
1F
100
AcDbEntity
  8
PDF_SKY-Lipa$0$LANDMARK
370
     9
100
AcDbPolyline
 90
       11
 70
     0
 43
0.0
 10
418.6720201025326
 20
854.7508283715687
 10
418.5731213268978
 20
857.7177916406117
 10
419.6610078588802
 20
857.7177916406117
 10
420.0566029614193
 20
857.6188928649768
 10
420.155501737054
 20
857.4210953137075
 10
420.2544005126888
 20
857.2232977624379
 10
420.2544005126888
 20
856.9266014355335
 10
420.155501737054
 20
856.6299051086293
 10
420.0566029614193
 20
856.4321075573598
 10
419.6610078588802
 20
856.3332087817251
 10
418.6720201025326
 20
856.3332087817251
  0
LWPOLYLINE
  5
6D4
330
1F
100
AcDbEntity
  8
PDF_SKY-Lipa$0$LANDMARK
370
     9
100
AcDbPolyline
 90
        2
 70
     0
 43
0.0
 10
419.4632103076107
 20
856.3332087817251
 10
420.3532992883236
 20
854.8497271472035
  0
LWPOLYLINE
  5
6D5
330
1F
100
AcDbEntity
  8
PDF_SKY-Lipa$0$LANDMARK
370
     9
100
AcDbPolyline
 90
        4
 70
     0
 43
0.0
 10
422.6279711279231
 20
854.8497271472035
 10
421.1444894934016
 20
854.8497271472035
 10
421.0455907177669
 20
857.7177916406117
 10
422.6279711279231
 20
857.8166904162465
  0
LWPOLYLINE
  5
6D6
330
1F
100
AcDbEntity
  8
PDF_SKY-Lipa$0$LANDMARK
370
     9
100
AcDbPolyline
 90
        2
 70
     0
 43
0.0
 10
421.0455907177669
 20
856.3332087817251
 10
422.0345784741145
 20
856.3332087817251
  0
LWPOLYLINE
  5
6D8
330
1F
100
AcDbEntity
  8
PDF_SKY-Lipa$0$LANDMARK
370
     9
100
AcDbPolyline
 90
       11
 70
     0
 43
0.0
 10
695.984186982411
 20
375.1906653185977
 10
695.8852882067763
 20
378.1576285876407
 10
696.9731747387587
 20
378.1576285876407
 10
697.3687698412978
 20
378.0587298120059
 10
697.4676686169325
 20
377.8609322607364
 10
697.5665673925673
 20
377.6631347094668
 10
697.5665673925673
 20
377.168640831293
 10
697.4676686169325
 20
376.9708432800235
 10
697.3687698412978
 20
376.773045728754
 10
696.9731747387587
 20
376.6741469531192
 10
695.984186982411
 20
376.5752481774844
  0
LWPOLYLINE
  5
6D9
330
1F
100
AcDbEntity
  8
PDF_SKY-Lipa$0$LANDMARK
370
     9
100
AcDbPolyline
 90
       10
 70
     0
 43
0.0
 10
698.3577575976454
 20
378.1576285876407
 10
698.4566563732802
 20
376.0807542993106
 10
698.555555148915
 20
375.6851591967716
 10
698.7533527001845
 20
375.3884628698672
 10
699.1489478027236
 20
375.2895640942325
 10
699.3467453539931
 20
375.2895640942325
 10
699.7423404565321
 20
375.3884628698672
 10
699.9401380078016
 20
375.6851591967716
 10
700.0390367834365
 20
376.1796530749454
 10
700.0390367834365
 20
378.2565273632754
  0
LWPOLYLINE
  5
6DA
330
1F
100
AcDbEntity
  8
PDF_SKY-Lipa$0$LANDMARK
370
     9
100
AcDbPolyline
 90
       11
 70
     0
 43
0.0
 10
701.028024539784
 20
375.2895640942325
 10
700.9291257641494
 20
378.2565273632754
 10
702.0170122961317
 20
378.2565273632754
 10
702.313708623036
 20
378.1576285876407
 10
702.4126073986708
 20
377.9598310363711
 10
702.6104049499402
 20
377.7620334851016
 10
702.6104049499402
 20
377.4653371581973
 10
702.5115061743055
 20
377.168640831293
 10
702.313708623036
 20
376.9708432800235
 10
702.0170122961317
 20
376.8719445043887
 10
700.9291257641494
 20
376.8719445043887
  0
LWPOLYLINE
  5
6DB
330
1F
100
AcDbEntity
  8
PDF_SKY-Lipa$0$LANDMARK
370
     9
100
AcDbPolyline
 90
        2
 70
     0
 43
0.0
 10
701.8192147448622
 20
376.8719445043887
 10
702.6104049499402
 20
375.3884628698672
  0
LWPOLYLINE
  5
6DC
330
1F
100
AcDbEntity
  8
PDF_SKY-Lipa$0$LANDMARK
370
     9
100
AcDbPolyline
 90
       20
 70
     1
 43
0.0
 10
704.0938865844617
 20
378.3554261389102
 10
703.8960890331922
 20
378.1576285876407
 10
703.599392706288
 20
377.8609322607364
 10
703.5004939306531
 20
377.564235933832
 10
703.4015951550184
 20
377.168640831293
 10
703.4015951550184
 20
376.4763494018496
 10
703.5004939306531
 20
376.0807542993106
 10
703.6982914819227
 20
375.7840579724063
 10
703.8960890331922
 20
375.487361645502
 10
704.0938865844617
 20
375.3884628698672
 10
704.5883804626355
 20
375.3884628698672
 10
704.7861780139051
 20
375.487361645502
 10
705.0828743408094
 20
375.7840579724063
 10
705.1817731164442
 20
376.0807542993106
 10
705.2806718920789
 20
376.4763494018496
 10
705.2806718920789
 20
377.168640831293
 10
705.1817731164442
 20
377.6631347094668
 10
704.9839755651746
 20
377.9598310363711
 10
704.7861780139051
 20
378.1576285876407
 10
704.5883804626355
 20
378.3554261389102
  0
LWPOLYLINE
  5
6DD
330
1F
100
AcDbEntity
  8
PDF_SKY-Lipa$0$LANDMARK
370
     9
100
AcDbPolyline
 90
        2
 70
     0
 43
0.0
 10
705.9729633215223
 20
375.3884628698672
 10
705.9729633215223
 20
378.3554261389102
  0
LWPOLYLINE
  5
6DE
330
1F
100
AcDbEntity
  8
PDF_SKY-Lipa$0$LANDMARK
370
     9
100
AcDbPolyline
 90
        2
 70
     0
 43
0.0
 10
707.5553437316784
 20
378.3554261389102
 10
705.9729633215223
 20
376.3774506262149
  0
LWPOLYLINE
  5
6DF
330
1F
100
AcDbEntity
  8
PDF_SKY-Lipa$0$LANDMARK
370
     9
100
AcDbPolyline
 90
        2
 70
     0
 43
0.0
 10
706.5663559753309
 20
377.0697420556583
 10
707.6542425073133
 20
375.487361645502
  0
LWPOLYLINE
  5
6E0
330
1F
100
AcDbEntity
  8
PDF_SKY-Lipa$0$LANDMARK
370
     9
100
AcDbPolyline
 90
        3
 70
     0
 43
0.0
 10
710.6212057763562
 20
378.4543249145449
 10
712.2035861865124
 20
378.4543249145449
 10
711.1156996545299
 20
375.487361645502
  0
LWPOLYLINE
  5
6E1
330
1F
100
AcDbEntity
  8
PDF_SKY-Lipa$0$LANDMARK
370
     9
100
AcDbPolyline
 90
        2
 70
     0
 43
0.0
 10
694.4018065722549
 20
370.9380179663029
 10
694.4018065722549
 20
373.9049812353458
  0
LWPOLYLINE
  5
6E2
330
1F
100
AcDbEntity
  8
PDF_SKY-Lipa$0$LANDMARK
370
     9
100
AcDbPolyline
 90
        4
 70
     0
 43
0.0
 10
695.3907943286025
 20
370.9380179663029
 10
695.2918955529677
 20
373.9049812353458
 10
696.9731747387587
 20
371.0369167419376
 10
696.9731747387587
 20
373.9049812353458
  0
LWPOLYLINE
  5
6E3
330
1F
100
AcDbEntity
  8
PDF_SKY-Lipa$0$LANDMARK
370
     9
100
AcDbPolyline
 90
       20
 70
     1
 43
0.0
 10
698.555555148915
 20
374.0038800109805
 10
698.3577575976454
 20
373.806082459711
 10
698.0610612707412
 20
373.5093861328067
 10
697.9621624951064
 20
373.2126898059024
 10
697.8632637194716
 20
372.8170947033634
 10
697.8632637194716
 20
372.12480327392
 10
698.0610612707412
 20
371.729208171381
 10
698.1599600463758
 20
371.4325118444766
 10
698.3577575976454
 20
371.1358155175724
 10
698.6544539245498
 20
371.0369167419376
 10
699.0500490270887
 20
371.0369167419376
 10
699.3467453539931
 20
371.1358155175724
 10
699.5445429052625
 20
371.4325118444766
 10
699.6434416808973
 20
371.729208171381
 10
699.7423404565321
 20
372.12480327392
 10
699.7423404565321
 20
372.9159934789981
 10
699.6434416808973
 20
373.3115885815372
 10
699.5445429052625
 20
373.6082849084415
 10
699.2478465783583
 20
373.806082459711
 10
699.0500490270887
 20
374.0038800109805
  0
LWPOLYLINE
  5
6E4
330
1F
100
AcDbEntity
  8
PDF_SKY-Lipa$0$LANDMARK
370
     9
100
AcDbPolyline
 90
       20
 70
     0
 43
0.0
 10
702.1159110717665
 20
373.6082849084415
 10
701.8192147448622
 20
373.9049812353458
 10
701.5225184179579
 20
374.0038800109805
 10
701.028024539784
 20
374.0038800109805
 10
700.632429437245
 20
373.9049812353458
 10
700.4346318859754
 20
373.6082849084415
 10
700.4346318859754
 20
373.3115885815372
 10
700.5335306616102
 20
373.0148922546329
 10
700.7313282128798
 20
372.9159934789981
 10
700.9291257641494
 20
372.7181959277286
 10
701.6214171935927
 20
372.5203983764591
 10
701.8192147448622
 20
372.3226008251895
 10
702.0170122961317
 20
372.2237020495548
 10
702.1159110717665
 20
371.9270057226505
 10
702.1159110717665
 20
371.5314106201114
 10
701.9181135204969
 20
371.2347142932072
 10
701.5225184179579
 20
371.1358155175724
 10
701.028024539784
 20
371.0369167419376
 10
700.7313282128798
 20
371.2347142932072
 10
700.4346318859754
 20
371.5314106201114
  0
LWPOLYLINE
  5
6E5
330
1F
100
AcDbEntity
  8
PDF_SKY-Lipa$0$LANDMARK
370
     9
100
AcDbPolyline
 90
        3
 70
     0
 43
0.0
 10
702.8082025012098
 20
374.0038800109805
 10
702.8082025012098
 20
371.1358155175724
 10
704.1927853600965
 20
371.1358155175724
  0
LWPOLYLINE
  5
6E6
330
1F
100
AcDbEntity
  8
PDF_SKY-Lipa$0$LANDMARK
370
     9
100
AcDbPolyline
 90
       20
 70
     1
 43
0.0
 10
705.4784694433484
 20
374.1027787866153
 10
705.1817731164442
 20
374.0038800109805
 10
704.9839755651746
 20
373.7071836840763
 10
704.8850767895398
 20
373.410487357172
 10
704.7861780139051
 20
373.0148922546329
 10
704.7861780139051
 20
372.2237020495548
 10
704.8850767895398
 20
371.8281069470157
 10
704.9839755651746
 20
371.5314106201114
 10
705.2806718920789
 20
371.333613068842
 10
705.4784694433484
 20
371.1358155175724
 10
705.9729633215223
 20
371.1358155175724
 10
706.1707608727918
 20
371.333613068842
 10
706.4674571996961
 20
371.6303093957462
 10
706.5663559753309
 20
371.9270057226505
 10
706.6652547509656
 20
372.3226008251895
 10
706.6652547509656
 20
373.0148922546329
 10
706.4674571996961
 20
373.410487357172
 10
706.3685584240613
 20
373.7071836840763
 10
706.1707608727918
 20
374.0038800109805
 10
705.8740645458875
 20
374.1027787866153
  0
LWPOLYLINE
  5
6E7
330
1F
100
AcDbEntity
  8
PDF_SKY-Lipa$0$LANDMARK
370
     9
100
AcDbPolyline
 90
       19
 70
     0
 43
0.0
 10
708.3465339367566
 20
372.7181959277286
 10
708.7421290392957
 20
372.6192971520938
 10
708.8410278149305
 20
372.5203983764591
 10
708.9399265905651
 20
372.2237020495548
 10
708.9399265905651
 20
371.8281069470157
 10
708.8410278149305
 20
371.5314106201114
 10
708.7421290392957
 20
371.333613068842
 10
708.4454327123913
 20
371.2347142932072
 10
707.357546180409
 20
371.2347142932072
 10
707.2586474047742
 20
374.1027787866153
 10
708.3465339367566
 20
374.2016775622501
 10
708.7421290392957
 20
374.0038800109805
 10
708.8410278149305
 20
373.9049812353458
 10
708.9399265905651
 20
373.6082849084415
 10
708.9399265905651
 20
373.3115885815372
 10
708.8410278149305
 20
373.0148922546329
 10
708.7421290392957
 20
372.9159934789981
 10
708.3465339367566
 20
372.7181959277286
 10
707.357546180409
 20
372.7181959277286
  0
LWPOLYLINE
  5
6E8
330
1F
100
AcDbEntity
  8
PDF_SKY-Lipa$0$LANDMARK
370
     9
100
AcDbPolyline
 90
        3
 70
     0
 43
0.0
 10
709.830015571278
 20
371.2347142932072
 10
710.7201045519909
 20
374.2016775622501
 10
711.7090923083386
 20
371.333613068842
  0
LWPOLYLINE
  5
6E9
330
1F
100
AcDbEntity
  8
PDF_SKY-Lipa$0$LANDMARK
370
     9
100
AcDbPolyline
 90
        2
 70
     0
 43
0.0
 10
710.1267118981824
 20
372.2237020495548
 10
711.3134972057995
 20
372.2237020495548
  0
LWPOLYLINE
  5
6EA
330
1F
100
AcDbEntity
  8
PDF_SKY-Lipa$0$LANDMARK
370
     9
100
AcDbPolyline
 90
        4
 70
     0
 43
0.0
 10
712.401383737782
 20
371.333613068842
 10
712.3024849621472
 20
374.2016775622501
 10
713.9837641479381
 20
371.333613068842
 10
713.9837641479381
 20
374.3005763378848
  0
LWPOLYLINE
  5
6EB
330
1F
100
AcDbEntity
  8
PDF_SKY-Lipa$0$LANDMARK
370
     9
100
AcDbPolyline
 90
       10
 70
     0
 43
0.0
 10
527.4606733007731
 20
266.6987084472615
 10
527.4606733007731
 20
264.424036607662
 10
527.3617745251383
 20
264.0284415051229
 10
527.2628757495035
 20
263.9295427294881
 10
527.065078198234
 20
263.7317451782186
 10
526.7683818713297
 20
263.7317451782186
 10
526.5705843200602
 20
263.8306439538534
 10
526.4716855444254
 20
264.0284415051229
 10
526.3727867687906
 20
264.424036607662
 10
526.2738879931559
 20
264.7207329345662
  0
LWPOLYLINE
  5
6EC
330
1F
100
AcDbEntity
  8
PDF_SKY-Lipa$0$LANDMARK
370
     9
100
AcDbPolyline
 90
        2
 70
     0
 43
0.0
 10
528.2518635058512
 20
263.7317451782186
 10
528.1529647302164
 20
266.6987084472615
  0
LWPOLYLINE
  5
6ED
330
1F
100
AcDbEntity
  8
PDF_SKY-Lipa$0$LANDMARK
370
     9
100
AcDbPolyline
 90
        5
 70
     0
 43
0.0
 10
529.141952486564
 20
263.8306439538534
 10
529.0430537109293
 20
266.6987084472615
 10
530.0320414672769
 20
263.8306439538534
 10
530.9221304479898
 20
266.7976072228963
 10
531.0210292236246
 20
263.8306439538534
  0
LWPOLYLINE
  5
6EE
330
1F
100
AcDbEntity
  8
PDF_SKY-Lipa$0$LANDMARK
370
     9
100
AcDbPolyline
 90
       11
 70
     0
 43
0.0
 10
531.9111182043375
 20
263.8306439538534
 10
531.9111182043375
 20
266.7976072228963
 10
532.900105960685
 20
266.7976072228963
 10
533.2957010632242
 20
266.6987084472615
 10
533.394599838859
 20
266.500910895992
 10
533.4934986144936
 20
266.2042145690877
 10
533.4934986144936
 20
266.0064170178182
 10
533.394599838859
 20
265.7097206909138
 10
533.2957010632242
 20
265.5119231396443
 10
532.9990047363199
 20
265.4130243640096
 10
531.9111182043375
 20
265.4130243640096
  0
LWPOLYLINE
  5
6EF
330
1F
100
AcDbEntity
  8
PDF_SKY-Lipa$0$LANDMARK
370
     9
100
AcDbPolyline
 90
        2
 70
     0
 43
0.0
 10
532.7023084094157
 20
265.4130243640096
 10
533.5923973901284
 20
263.8306439538534
  0
LWPOLYLINE
  5
6F0
330
1F
100
AcDbEntity
  8
PDF_SKY-Lipa$0$LANDMARK
370
     9
100
AcDbPolyline
 90
        4
 70
     0
 43
0.0
 10
535.8670692297279
 20
263.9295427294881
 10
534.3835875952065
 20
263.9295427294881
 10
534.2846888195717
 20
266.7976072228963
 10
535.8670692297279
 20
266.896505998531
  0
LWPOLYLINE
  5
6F1
330
1F
100
AcDbEntity
  8
PDF_SKY-Lipa$0$LANDMARK
370
     9
100
AcDbPolyline
 90
        2
 70
     0
 43
0.0
 10
534.3835875952065
 20
265.4130243640096
 10
535.2736765759194
 20
265.4130243640096
  0
LWPOLYLINE
  5
6F3
330
1F
100
AcDbEntity
  8
PDF_SKY-Lipa$0$LANDMARK
370
     9
100
AcDbPolyline
 90
        2
 70
     0
 43
0.0
 10
536.5593606591714
 20
263.9295427294881
 10
538.1417410693276
 20
266.896505998531
  0
LWPOLYLINE
  5
6F4
330
1F
100
AcDbEntity
  8
PDF_SKY-Lipa$0$LANDMARK
370
     9
100
AcDbPolyline
 90
        2
 70
     0
 43
0.0
 10
536.5593606591714
 20
266.896505998531
 10
538.2406398449623
 20
263.9295427294881
  0
LWPOLYLINE
  5
6F5
330
1F
100
AcDbEntity
  8
PDF_SKY-Lipa$0$LANDMARK
370
     9
100
AcDbPolyline
 90
       20
 70
     0
 43
0.0
 10
542.6910847485268
 20
266.5998096716267
 10
542.4932871972572
 20
266.896505998531
 10
542.0976920947182
 20
266.9954047741658
 10
541.7020969921791
 20
266.9954047741658
 10
541.3065018896401
 20
266.7976072228963
 10
541.1087043383705
 20
266.500910895992
 10
541.1087043383705
 20
266.3031133447224
 10
541.2076031140053
 20
266.0064170178182
 10
541.3065018896401
 20
265.8086194665486
 10
541.6031982165443
 20
265.7097206909138
 10
542.2954896459876
 20
265.4130243640096
 10
542.4932871972572
 20
265.3141255883749
 10
542.592185972892
 20
265.2152268127401
 10
542.7899835241616
 20
264.9185304858357
 10
542.7899835241616
 20
264.5229353832967
 10
542.4932871972572
 20
264.2262390563924
 10
542.1965908703529
 20
264.0284415051229
 10
541.7020969921791
 20
264.0284415051229
 10
541.4054006652747
 20
264.1273402807576
 10
541.1087043383705
 20
264.424036607662
  0
LWPOLYLINE
  5
6F6
330
1F
100
AcDbEntity
  8
PDF_SKY-Lipa$0$LANDMARK
370
     9
100
AcDbPolyline
 90
        2
 70
     0
 43
0.0
 10
544.273465158683
 20
266.9954047741658
 10
544.273465158683
 20
264.1273402807576
  0
LWPOLYLINE
  5
6F7
330
1F
100
AcDbEntity
  8
PDF_SKY-Lipa$0$LANDMARK
370
     9
100
AcDbPolyline
 90
        2
 70
     0
 43
0.0
 10
543.3833761779701
 20
266.9954047741658
 10
545.064655363761
 20
266.9954047741658
  0
LWPOLYLINE
  5
6F8
330
1F
100
AcDbEntity
  8
PDF_SKY-Lipa$0$LANDMARK
370
     9
100
AcDbPolyline
 90
       20
 70
     1
 43
0.0
 10
546.2514406713783
 20
267.0943035498005
 10
545.954744344474
 20
266.896505998531
 10
545.7569467932044
 20
266.5998096716267
 10
545.6580480175697
 20
266.3031133447224
 10
545.5591492419349
 20
265.9075182421834
 10
545.5591492419349
 20
265.2152268127401
 10
545.6580480175697
 20
264.8196317102009
 10
545.7569467932044
 20
264.5229353832967
 10
546.0536431201087
 20
264.2262390563924
 10
546.2514406713783
 20
264.1273402807576
 10
546.745934549552
 20
264.1273402807576
 10
546.9437321008216
 20
264.3251378320272
 10
547.2404284277258
 20
264.5229353832967
 10
547.3393272033606
 20
264.8196317102009
 10
547.4382259789954
 20
265.3141255883749
 10
547.4382259789954
 20
266.0064170178182
 10
547.2404284277258
 20
266.4020121203572
 10
547.1415296520912
 20
266.6987084472615
 10
546.9437321008216
 20
266.896505998531
 10
546.6470357739173
 20
267.0943035498005
  0
LWPOLYLINE
  5
6F9
330
1F
100
AcDbEntity
  8
PDF_SKY-Lipa$0$LANDMARK
370
     9
100
AcDbPolyline
 90
       11
 70
     0
 43
0.0
 10
548.1305174084387
 20
264.1273402807576
 10
548.031618632804
 20
267.0943035498005
 10
549.1195051647864
 20
267.0943035498005
 10
549.5151002673254
 20
266.9954047741658
 10
549.6139990429602
 20
266.896505998531
 10
549.712897818595
 20
266.5998096716267
 10
549.712897818595
 20
266.3031133447224
 10
549.6139990429602
 20
266.0064170178182
 10
549.5151002673254
 20
265.9075182421834
 10
549.1195051647864
 20
265.7097206909138
 10
548.1305174084387
 20
265.7097206909138
  0
LWPOLYLINE
  5
6FA
330
1F
100
AcDbEntity
  8
PDF_SKY-Lipa$0$LANDMARK
370
     9
100
AcDbPolyline
 90
        2
 70
     0
 43
0.0
 10
548.9217076135169
 20
265.7097206909138
 10
549.8117965942298
 20
264.2262390563924
  0
LWPOLYLINE
  5
6FB
330
1F
100
AcDbEntity
  8
PDF_SKY-Lipa$0$LANDMARK
370
     9
100
AcDbPolyline
 90
        4
 70
     0
 43
0.0
 10
552.0864684338294
 20
264.2262390563924
 10
550.6029867993079
 20
264.2262390563924
 10
550.5040880236731
 20
267.1932023254353
 10
552.0864684338294
 20
267.1932023254353
  0
LWPOLYLINE
  5
6FC
330
1F
100
AcDbEntity
  8
PDF_SKY-Lipa$0$LANDMARK
370
     9
100
AcDbPolyline
 90
        2
 70
     0
 43
0.0
 10
550.5040880236731
 20
265.7097206909138
 10
551.4930757800208
 20
265.8086194665486
  0
LWPOLYLINE
  5
6FE
330
1F
100
AcDbEntity
  8
PDF_SKY-Lipa$0$LANDMARK
370
     9
100
AcDbPolyline
 90
       11
 70
     0
 43
0.0
 10
619.733230968008
 20
415.1457706750424
 10
619.733230968008
 20
418.1127339440853
 10
620.7222187243557
 20
418.1127339440853
 10
621.1178138268946
 20
418.0138351684505
 10
621.2167126025295
 20
417.816037617181
 10
621.3156113781642
 20
417.5193412902768
 10
621.3156113781642
 20
417.3215437390072
 10
621.2167126025295
 20
417.0248474121029
 10
621.1178138268946
 20
416.8270498608334
 10
620.7222187243557
 20
416.7281510851986
 10
619.733230968008
 20
416.7281510851986
  0
LWPOLYLINE
  5
6FF
330
1F
100
AcDbEntity
  8
PDF_SKY-Lipa$0$LANDMARK
370
     9
100
AcDbPolyline
 90
        2
 70
     0
 43
0.0
 10
620.5244211730861
 20
416.7281510851986
 10
621.414510153799
 20
415.1457706750424
  0
LWPOLYLINE
  5
700
330
1F
100
AcDbEntity
  8
PDF_SKY-Lipa$0$LANDMARK
370
     9
100
AcDbPolyline
 90
        3
 70
     0
 43
0.0
 10
622.2057003588771
 20
415.2446694506771
 10
623.0957893395899
 20
418.1127339440853
 10
624.0847770959376
 20
415.2446694506771
  0
LWPOLYLINE
  5
701
330
1F
100
AcDbEntity
  8
PDF_SKY-Lipa$0$LANDMARK
370
     9
100
AcDbPolyline
 90
        2
 70
     0
 43
0.0
 10
622.5023966857813
 20
416.2336572070247
 10
623.6891819933986
 20
416.2336572070247
  0
LWPOLYLINE
  5
702
330
1F
100
AcDbEntity
  8
PDF_SKY-Lipa$0$LANDMARK
370
     9
100
AcDbPolyline
 90
        3
 70
     0
 43
0.0
 10
624.6781697497461
 20
418.2116327197201
 10
625.6671575060939
 20
416.8270498608334
 10
626.5572464868068
 20
418.2116327197201
  0
LWPOLYLINE
  5
703
330
1F
100
AcDbEntity
  8
PDF_SKY-Lipa$0$LANDMARK
370
     9
100
AcDbPolyline
 90
        2
 70
     0
 43
0.0
 10
625.6671575060939
 20
416.8270498608334
 10
625.6671575060939
 20
415.2446694506771
  0
LWPOLYLINE
  5
704
330
1F
100
AcDbEntity
  8
PDF_SKY-Lipa$0$LANDMARK
370
     9
100
AcDbPolyline
 90
        5
 70
     0
 43
0.0
 10
627.0517403649805
 20
415.3435682263119
 10
627.0517403649805
 20
418.2116327197201
 10
628.0407281213282
 20
415.3435682263119
 10
628.930817102041
 20
418.3105314953548
 10
628.930817102041
 20
415.3435682263119
  0
LWPOLYLINE
  5
705
330
1F
100
AcDbEntity
  8
PDF_SKY-Lipa$0$LANDMARK
370
     9
100
AcDbPolyline
 90
       20
 70
     1
 43
0.0
 10
630.5131975121972
 20
418.3105314953548
 10
630.3153999609277
 20
418.1127339440853
 10
630.1176024096583
 20
417.9149363928158
 10
629.9198048583887
 20
417.6182400659114
 10
629.8209060827539
 20
417.1237461877376
 10
629.8209060827539
 20
416.4314547582943
 10
630.0187036340235
 20
416.0358596557553
 10
630.1176024096583
 20
415.739163328851
 10
630.3153999609277
 20
415.5413657775814
 10
630.6120962878321
 20
415.3435682263119
 10
631.007691390371
 20
415.3435682263119
 10
631.3043877172754
 20
415.5413657775814
 10
631.502185268545
 20
415.8380621044857
 10
631.6010840441797
 20
416.13475843139
 10
631.6999828198143
 20
416.530353533929
 10
631.6999828198143
 20
417.2226449633725
 10
631.6010840441797
 20
417.6182400659114
 10
631.502185268545
 20
417.9149363928158
 10
631.2054889416406
 20
418.2116327197201
 10
631.007691390371
 20
418.3105314953548
  0
LWPOLYLINE
  5
706
330
1F
100
AcDbEntity
  8
PDF_SKY-Lipa$0$LANDMARK
370
     9
100
AcDbPolyline
 90
        4
 70
     0
 43
0.0
 10
632.4911730248925
 20
415.4424670019467
 10
632.3922742492577
 20
418.3105314953548
 10
634.0735534350487
 20
415.4424670019467
 10
634.0735534350487
 20
418.4094302709896
  0
LWPOLYLINE
  5
707
330
1F
100
AcDbEntity
  8
PDF_SKY-Lipa$0$LANDMARK
370
     9
100
AcDbPolyline
 90
       12
 70
     1
 43
0.0
 10
635.0625411913965
 20
415.4424670019467
 10
634.9636424157616
 20
418.4094302709896
 10
635.7548326208398
 20
418.4094302709896
 10
636.1504277233787
 20
418.3105314953548
 10
636.3482252746483
 20
418.0138351684505
 10
636.4471240502831
 20
417.7171388415462
 10
636.6449216015527
 20
417.3215437390072
 10
636.6449216015527
 20
416.6292523095639
 10
636.5460228259179
 20
416.13475843139
 10
636.4471240502831
 20
415.9369608801204
 10
636.1504277233787
 20
415.6402645532162
 10
635.8537313964745
 20
415.4424670019467
  0
LWPOLYLINE
  5
708
330
1F
100
AcDbEntity
  8
PDF_SKY-Lipa$0$LANDMARK
370
     9
100
AcDbPolyline
 90
       20
 70
     0
 43
0.0
 10
641.2931640563865
 20
418.1127339440853
 10
640.9964677294823
 20
418.4094302709896
 10
640.699771402578
 20
418.5083290466243
 10
640.2052775244042
 20
418.5083290466243
 10
639.8096824218651
 20
418.3105314953548
 10
639.6118848705955
 20
418.1127339440853
 10
639.6118848705955
 20
417.816037617181
 10
639.7107836462303
 20
417.5193412902768
 10
639.9085811974998
 20
417.3215437390072
 10
640.1063787487694
 20
417.2226449633725
 10
640.7986701782127
 20
416.9259486364681
 10
641.0953665051169
 20
416.8270498608334
 10
641.1942652807518
 20
416.7281510851986
 10
641.2931640563865
 20
416.4314547582943
 10
641.2931640563865
 20
416.0358596557553
 10
641.0953665051169
 20
415.739163328851
 10
640.699771402578
 20
415.5413657775814
 10
640.3041763000389
 20
415.5413657775814
 10
639.9085811974998
 20
415.739163328851
 10
639.7107836462303
 20
415.9369608801204
  0
LWPOLYLINE
  5
709
330
1F
100
AcDbEntity
  8
PDF_SKY-Lipa$0$LANDMARK
370
     9
100
AcDbPolyline
 90
        2
 70
     0
 43
0.0
 10
642.776645690908
 20
418.5083290466243
 10
642.8755444665427
 20
415.6402645532162
  0
LWPOLYLINE
  5
70A
330
1F
100
AcDbEntity
  8
PDF_SKY-Lipa$0$LANDMARK
370
     9
100
AcDbPolyline
 90
        2
 70
     0
 43
0.0
 10
641.9854554858298
 20
418.5083290466243
 10
643.5678358959862
 20
418.6072278222591
  0
LWPOLYLINE
  5
70B
330
1F
100
AcDbEntity
  8
PDF_SKY-Lipa$0$LANDMARK
370
     9
100
AcDbPolyline
 90
       20
 70
     1
 43
0.0
 10
644.7546212036033
 20
418.6072278222591
 10
644.5568236523338
 20
418.4094302709896
 10
644.2601273254295
 20
418.1127339440853
 10
644.1612285497947
 20
417.9149363928158
 10
644.0623297741599
 20
417.4204425146419
 10
644.0623297741599
 20
416.7281510851986
 10
644.2601273254295
 20
416.3325559826596
 10
644.3590261010642
 20
416.0358596557553
 10
644.5568236523338
 20
415.739163328851
 10
644.853519979238
 20
415.6402645532162
 10
645.2491150817771
 20
415.6402645532162
 10
645.5458114086813
 20
415.8380621044857
 10
645.7436089599509
 20
416.0358596557553
 10
645.8425077355857
 20
416.3325559826596
 10
645.9414065112205
 20
416.8270498608334
 10
645.9414065112205
 20
417.5193412902768
 10
645.8425077355857
 20
417.9149363928158
 10
645.6447101843162
 20
418.2116327197201
 10
645.4469126330466
 20
418.4094302709896
 10
645.2491150817771
 20
418.6072278222591
  0
LWPOLYLINE
  5
70C
330
1F
100
AcDbEntity
  8
PDF_SKY-Lipa$0$LANDMARK
370
     9
100
AcDbPolyline
 90
       11
 70
     0
 43
0.0
 10
646.6336979406638
 20
415.6402645532162
 10
646.6336979406638
 20
418.6072278222591
 10
647.6226856970114
 20
418.6072278222591
 10
648.0182807995505
 20
418.5083290466243
 10
648.1171795751853
 20
418.4094302709896
 10
648.21607835082
 20
418.1127339440853
 10
648.21607835082
 20
417.816037617181
 10
648.1171795751853
 20
417.5193412902768
 10
648.0182807995505
 20
417.4204425146419
 10
647.7215844726462
 20
417.2226449633725
 10
646.6336979406638
 20
417.2226449633725
  0
LWPOLYLINE
  5
70D
330
1F
100
AcDbEntity
  8
PDF_SKY-Lipa$0$LANDMARK
370
     9
100
AcDbPolyline
 90
        2
 70
     0
 43
0.0
 10
647.424888145742
 20
417.2226449633725
 10
648.3149771264548
 20
415.739163328851
  0
LWPOLYLINE
  5
70E
330
1F
100
AcDbEntity
  8
PDF_SKY-Lipa$0$LANDMARK
370
     9
100
AcDbPolyline
 90
        4
 70
     0
 43
0.0
 10
650.5896489660544
 20
415.739163328851
 10
649.1061673315329
 20
415.739163328851
 10
649.1061673315329
 20
418.7061265978939
 10
650.5896489660544
 20
418.7061265978939
  0
LWPOLYLINE
  5
70F
330
1F
100
AcDbEntity
  8
PDF_SKY-Lipa$0$LANDMARK
370
     9
100
AcDbPolyline
 90
        2
 70
     0
 43
0.0
 10
649.1061673315329
 20
417.2226449633725
 10
649.9962563122458
 20
417.3215437390072
  0
LWPOLYLINE
  5
711
330
1F
100
AcDbEntity
  8
PDF_SKY-Lipa$0$POLE NUMBER
370
    13
100
AcDbPolyline
 90
        2
 70
     0
 43
0.0
 10
498.4833320397872
 20
70.58243636352429
 10
498.4833320397872
 20
73.0549057543934
  0
LWPOLYLINE
  5
712
330
1F
100
AcDbEntity
  8
PDF_SKY-Lipa$0$POLE NUMBER
370
    13
100
AcDbPolyline
 90
        5
 70
     0
 43
0.0
 10
499.4723197961348
 20
70.58243636352429
 10
499.4723197961348
 20
73.0549057543934
 10
500.3624087768478
 20
70.58243636352429
 10
501.3513965331953
 20
72.95600697875864
 10
501.3513965331953
 20
70.58243636352429
  0
LWPOLYLINE
  5
713
330
1F
100
AcDbEntity
  8
PDF_SKY-Lipa$0$POLE NUMBER
370
    13
100
AcDbPolyline
 90
        3
 70
     0
 43
0.0
 10
502.2414855139082
 20
72.95600697875864
 10
502.2414855139082
 20
70.58243636352429
 10
503.626068372795
 20
70.58243636352429
  0
LWPOLYLINE
  5
714
330
1F
100
AcDbEntity
  8
PDF_SKY-Lipa$0$POLE NUMBER
370
    13
100
AcDbPolyline
 90
        2
 70
     0
 43
0.0
 10
504.2194610266035
 20
71.57142411987194
 10
506.2963353149335
 20
71.57142411987194
  0
LWPOLYLINE
  5
715
330
1F
100
AcDbEntity
  8
PDF_SKY-Lipa$0$POLE NUMBER
370
    13
100
AcDbPolyline
 90
        4
 70
     0
 43
0.0
 10
507.2853230712811
 20
72.56041187621959
 10
507.4831206225507
 20
72.65931065185435
 10
507.8787157250898
 20
72.95600697875864
 10
507.8787157250898
 20
70.58243636352429
  0
LWPOLYLINE
  5
716
330
1F
100
AcDbEntity
  8
PDF_SKY-Lipa$0$POLE NUMBER
370
    13
100
AcDbPolyline
 90
       28
 70
     1
 43
0.0
 10
509.7577924621503
 20
72.95600697875864
 10
509.3621973596112
 20
72.85710820312388
 10
509.2632985839765
 20
72.65931065185435
 10
509.2632985839765
 20
72.36261432495005
 10
509.3621973596112
 20
72.16481677368053
 10
509.5599949108808
 20
72.06591799804576
 10
510.0544887890546
 20
71.967019222411
 10
510.4500838915937
 20
71.86812044677623
 10
510.6478814428632
 20
71.57142411987194
 10
510.7467802184979
 20
71.37362656860242
 10
510.7467802184979
 20
70.97803146606335
 10
510.6478814428632
 20
70.78023391479383
 10
510.5489826672283
 20
70.68133513915907
 10
510.1533875646894
 20
70.58243636352429
 10
509.7577924621503
 20
70.58243636352429
 10
509.3621973596112
 20
70.68133513915907
 10
509.2632985839765
 20
70.78023391479383
 10
509.1643998083417
 20
70.97803146606335
 10
509.1643998083417
 20
71.37362656860242
 10
509.2632985839765
 20
71.57142411987194
 10
509.461096135246
 20
71.86812044677623
 10
509.856691237785
 20
71.967019222411
 10
510.3511851159589
 20
72.06591799804576
 10
510.5489826672283
 20
72.16481677368053
 10
510.6478814428632
 20
72.36261432495005
 10
510.6478814428632
 20
72.65931065185435
 10
510.5489826672283
 20
72.85710820312388
 10
510.1533875646894
 20
72.95600697875864
  0
LWPOLYLINE
  5
717
330
1F
100
AcDbEntity
  8
PDF_SKY-Lipa$0$POLE NUMBER
370
    13
100
AcDbPolyline
 90
       16
 70
     1
 43
0.0
 10
512.1313630773847
 20
72.95600697875864
 10
511.8346667504804
 20
72.85710820312388
 10
511.6368691992108
 20
72.56041187621959
 10
511.4390716479412
 20
71.967019222411
 10
511.4390716479412
 20
71.57142411987194
 10
511.5379704235761
 20
70.97803146606335
 10
511.8346667504804
 20
70.68133513915907
 10
512.1313630773847
 20
70.58243636352429
 10
512.4280594042889
 20
70.58243636352429
 10
512.7247557311932
 20
70.68133513915907
 10
513.0214520580976
 20
70.97803146606335
 10
513.1203508337323
 20
71.57142411987194
 10
513.1203508337323
 20
71.967019222411
 10
513.0214520580976
 20
72.56041187621959
 10
512.7247557311932
 20
72.85710820312388
 10
512.4280594042889
 20
72.95600697875864
  0
LWPOLYLINE
  5
718
330
1F
100
AcDbEntity
  8
PDF_SKY-Lipa$0$POLE NUMBER
370
    13
100
AcDbPolyline
 90
        3
 70
     0
 43
0.0
 10
513.8126422631756
 20
70.58243636352429
 10
513.8126422631756
 20
72.95600697875864
 10
515.296123897697
 20
72.95600697875864
  0
LWPOLYLINE
  5
719
330
1F
100
AcDbEntity
  8
PDF_SKY-Lipa$0$POLE NUMBER
370
    13
100
AcDbPolyline
 90
        2
 70
     0
 43
0.0
 10
513.8126422631756
 20
71.86812044677623
 10
514.7027312438885
 20
71.86812044677623
  0
LWPOLYLINE
  5
71A
330
1F
100
AcDbEntity
  8
PDF_SKY-Lipa$0$POLE NUMBER
370
    13
100
AcDbPolyline
 90
        2
 70
     0
 43
0.0
 10
560.8884594653233
 20
185.5028136511202
 10
560.8884594653233
 20
187.9752830419893
  0
LWPOLYLINE
  5
71B
330
1F
100
AcDbEntity
  8
PDF_SKY-Lipa$0$POLE NUMBER
370
    13
100
AcDbPolyline
 90
        5
 70
     0
 43
0.0
 10
561.877447221671
 20
185.5028136511202
 10
561.877447221671
 20
187.9752830419893
 10
562.7675362023839
 20
185.5028136511202
 10
563.7565239587315
 20
187.9752830419893
 10
563.6576251830968
 20
185.5028136511202
  0
LWPOLYLINE
  5
71C
330
1F
100
AcDbEntity
  8
PDF_SKY-Lipa$0$POLE NUMBER
370
    13
100
AcDbPolyline
 90
        3
 70
     0
 43
0.0
 10
564.6466129394443
 20
187.9752830419893
 10
564.6466129394443
 20
185.5028136511202
 10
566.031195798331
 20
185.5028136511202
  0
LWPOLYLINE
  5
71D
330
1F
100
AcDbEntity
  8
PDF_SKY-Lipa$0$POLE NUMBER
370
    13
100
AcDbPolyline
 90
        2
 70
     0
 43
0.0
 10
566.6245884521397
 20
186.5907001831026
 10
568.7014627404697
 20
186.4918014074678
  0
LWPOLYLINE
  5
71E
330
1F
100
AcDbEntity
  8
PDF_SKY-Lipa$0$POLE NUMBER
370
    13
100
AcDbPolyline
 90
        4
 70
     0
 43
0.0
 10
569.6904504968173
 20
187.4807891638154
 10
569.8882480480868
 20
187.5796879394502
 10
570.2838431506259
 20
187.9752830419893
 10
570.1849443749912
 20
185.5028136511202
  0
LWPOLYLINE
  5
71F
330
1F
100
AcDbEntity
  8
PDF_SKY-Lipa$0$POLE NUMBER
370
    13
100
AcDbPolyline
 90
       28
 70
     1
 43
0.0
 10
572.0640211120517
 20
187.9752830419893
 10
571.7673247851474
 20
187.7774854907197
 10
571.6684260095127
 20
187.5796879394502
 10
571.6684260095127
 20
187.3818903881807
 10
571.7673247851474
 20
187.0851940612764
 10
571.9651223364169
 20
186.9862952856416
 10
572.4596162145907
 20
186.8873965100068
 10
572.756312541495
 20
186.7884977343721
 10
573.0530088683994
 20
186.4918014074678
 10
573.1519076440341
 20
186.2940038561983
 10
573.1519076440341
 20
185.997307529294
 10
573.0530088683994
 20
185.7006112023897
 10
572.9541100927646
 20
185.6017124267549
 10
572.5585149902254
 20
185.5028136511202
 10
572.0640211120517
 20
185.5028136511202
 10
571.7673247851474
 20
185.6017124267549
 10
571.6684260095127
 20
185.7006112023897
 10
571.4706284582431
 20
185.997307529294
 10
571.4706284582431
 20
186.2940038561983
 10
571.6684260095127
 20
186.4918014074678
 10
571.8662235607821
 20
186.7884977343721
 10
572.2618186633212
 20
186.8873965100068
 10
572.6574137658603
 20
186.9862952856416
 10
572.9541100927646
 20
187.0851940612764
 10
573.0530088683994
 20
187.3818903881807
 10
573.0530088683994
 20
187.5796879394502
 10
572.9541100927646
 20
187.7774854907197
 10
572.5585149902254
 20
187.9752830419893
  0
LWPOLYLINE
  5
720
330
1F
100
AcDbEntity
  8
PDF_SKY-Lipa$0$POLE NUMBER
370
    13
100
AcDbPolyline
 90
       16
 70
     1
 43
0.0
 10
574.5364905029208
 20
187.9752830419893
 10
574.2397941760165
 20
187.7774854907197
 10
573.9430978491121
 20
187.4807891638154
 10
573.8441990734775
 20
186.8873965100068
 10
573.8441990734775
 20
186.4918014074678
 10
573.9430978491121
 20
185.997307529294
 10
574.2397941760165
 20
185.6017124267549
 10
574.5364905029208
 20
185.5028136511202
 10
574.7342880541903
 20
185.5028136511202
 10
575.1298831567294
 20
185.6017124267549
 10
575.327680707999
 20
185.997307529294
 10
575.5254782592684
 20
186.4918014074678
 10
575.5254782592684
 20
186.8873965100068
 10
575.327680707999
 20
187.4807891638154
 10
575.1298831567294
 20
187.7774854907197
 10
574.7342880541903
 20
187.9752830419893
  0
LWPOLYLINE
  5
721
330
1F
100
AcDbEntity
  8
PDF_SKY-Lipa$0$POLE NUMBER
370
    13
100
AcDbPolyline
 90
        2
 70
     0
 43
0.0
 10
576.2177696887118
 20
185.5028136511202
 10
576.2177696887118
 20
187.9752830419893
  0
LWPOLYLINE
  5
722
330
1F
100
AcDbEntity
  8
PDF_SKY-Lipa$0$POLE NUMBER
370
    13
100
AcDbPolyline
 90
        2
 70
     0
 43
0.0
 10
577.800150098868
 20
187.9752830419893
 10
577.800150098868
 20
185.5028136511202
  0
LWPOLYLINE
  5
723
330
1F
100
AcDbEntity
  8
PDF_SKY-Lipa$0$POLE NUMBER
370
    13
100
AcDbPolyline
 90
        2
 70
     0
 43
0.0
 10
576.2177696887118
 20
186.7884977343721
 10
577.800150098868
 20
186.7884977343721
  0
LWPOLYLINE
  5
724
330
1F
100
AcDbEntity
  8
PDF_SKY-Lipa$0$POLE NUMBER
370
    13
100
AcDbPolyline
 90
        2
 70
     0
 43
0.0
 10
530.823231672355
 20
129.9217017443827
 10
530.823231672355
 20
132.3941711352518
  0
LWPOLYLINE
  5
725
330
1F
100
AcDbEntity
  8
PDF_SKY-Lipa$0$POLE NUMBER
370
    13
100
AcDbPolyline
 90
        5
 70
     0
 43
0.0
 10
531.8122194287027
 20
129.9217017443827
 10
531.8122194287027
 20
132.3941711352518
 10
532.7023084094157
 20
129.9217017443827
 10
533.5923973901284
 20
132.3941711352518
 10
533.5923973901284
 20
129.9217017443827
  0
LWPOLYLINE
  5
726
330
1F
100
AcDbEntity
  8
PDF_SKY-Lipa$0$POLE NUMBER
370
    13
100
AcDbPolyline
 90
        3
 70
     0
 43
0.0
 10
534.5813851464761
 20
132.3941711352518
 10
534.5813851464761
 20
129.9217017443827
 10
535.9659680053628
 20
129.9217017443827
  0
LWPOLYLINE
  5
727
330
1F
100
AcDbEntity
  8
PDF_SKY-Lipa$0$POLE NUMBER
370
    13
100
AcDbPolyline
 90
        2
 70
     0
 43
0.0
 10
536.5593606591714
 20
130.9106895007304
 10
538.6362349475014
 20
130.9106895007304
  0
LWPOLYLINE
  5
728
330
1F
100
AcDbEntity
  8
PDF_SKY-Lipa$0$POLE NUMBER
370
    13
100
AcDbPolyline
 90
        4
 70
     0
 43
0.0
 10
539.625222703849
 20
131.899677257078
 10
539.8230202551186
 20
131.9985760327128
 10
540.1197165820228
 20
132.3941711352518
 10
540.1197165820228
 20
129.9217017443827
  0
LWPOLYLINE
  5
729
330
1F
100
AcDbEntity
  8
PDF_SKY-Lipa$0$POLE NUMBER
370
    13
100
AcDbPolyline
 90
       28
 70
     1
 43
0.0
 10
541.9987933190834
 20
132.3941711352518
 10
541.7020969921791
 20
132.1963735839823
 10
541.6031982165443
 20
131.9985760327128
 10
541.6031982165443
 20
131.8007784814432
 10
541.7020969921791
 20
131.504082154539
 10
541.8998945434487
 20
131.4051833789042
 10
542.3943884216225
 20
131.3062846032694
 10
542.6910847485268
 20
131.2073858276347
 10
542.987781075431
 20
130.9106895007304
 10
543.0866798510658
 20
130.7128919494608
 10
543.0866798510658
 20
130.3172968469218
 10
542.987781075431
 20
130.1194992956523
 10
542.8888822997962
 20
130.0206005200175
 10
542.4932871972572
 20
129.9217017443827
 10
541.9987933190834
 20
129.9217017443827
 10
541.7020969921791
 20
130.0206005200175
 10
541.6031982165443
 20
130.1194992956523
 10
541.4054006652747
 20
130.3172968469218
 10
541.4054006652747
 20
130.7128919494608
 10
541.6031982165443
 20
130.9106895007304
 10
541.8009957678139
 20
131.2073858276347
 10
542.0976920947182
 20
131.3062846032694
 10
542.592185972892
 20
131.4051833789042
 10
542.8888822997962
 20
131.504082154539
 10
542.987781075431
 20
131.8007784814432
 10
542.987781075431
 20
131.9985760327128
 10
542.8888822997962
 20
132.1963735839823
 10
542.4932871972572
 20
132.3941711352518
  0
LWPOLYLINE
  5
72A
330
1F
100
AcDbEntity
  8
PDF_SKY-Lipa$0$POLE NUMBER
370
    13
100
AcDbPolyline
 90
       16
 70
     1
 43
0.0
 10
544.4712627099525
 20
132.2952723596171
 10
544.1745663830483
 20
132.1963735839823
 10
543.8778700561439
 20
131.899677257078
 10
543.7789712805091
 20
131.3062846032694
 10
543.7789712805091
 20
130.9106895007304
 10
543.8778700561439
 20
130.3172968469218
 10
544.1745663830483
 20
130.0206005200175
 10
544.4712627099525
 20
129.9217017443827
 10
544.669060261222
 20
129.9217017443827
 10
545.064655363761
 20
130.0206005200175
 10
545.2624529150305
 20
130.3172968469218
 10
545.3613516906654
 20
130.9106895007304
 10
545.3613516906654
 20
131.3062846032694
 10
545.2624529150305
 20
131.899677257078
 10
545.064655363761
 20
132.1963735839823
 10
544.669060261222
 20
132.2952723596171
  0
LWPOLYLINE
  5
72B
330
1F
100
AcDbEntity
  8
PDF_SKY-Lipa$0$POLE NUMBER
370
    13
100
AcDbPolyline
 90
        3
 70
     0
 43
0.0
 10
546.1525418957434
 20
129.9217017443827
 10
546.1525418957434
 20
132.2952723596171
 10
547.6360235302649
 20
132.2952723596171
  0
LWPOLYLINE
  5
72C
330
1F
100
AcDbEntity
  8
PDF_SKY-Lipa$0$POLE NUMBER
370
    13
100
AcDbPolyline
 90
        2
 70
     0
 43
0.0
 10
546.1525418957434
 20
131.2073858276347
 10
547.0426308764564
 20
131.2073858276347
  0
LWPOLYLINE
  5
72D
330
1F
100
AcDbEntity
  8
PDF_SKY-Lipa$0$POLE NUMBER
370
    13
100
AcDbPolyline
 90
       20
 70
     0
 43
0.0
 10
549.9106953698645
 20
131.8007784814432
 10
549.8117965942298
 20
131.9985760327128
 10
549.6139990429602
 20
132.1963735839823
 10
549.4162014916907
 20
132.2952723596171
 10
548.9217076135169
 20
132.2952723596171
 10
548.7239100622473
 20
132.1963735839823
 10
548.4272137353431
 20
131.9985760327128
 10
548.3283149597083
 20
131.8007784814432
 10
548.2294161840735
 20
131.4051833789042
 10
548.2294161840735
 20
130.8117907250956
 10
548.3283149597083
 20
130.5150943981914
 10
548.4272137353431
 20
130.218398071287
 10
548.6250112866125
 20
130.0206005200175
 10
548.9217076135169
 20
129.9217017443827
 10
549.4162014916907
 20
129.9217017443827
 10
549.6139990429602
 20
130.0206005200175
 10
549.8117965942298
 20
130.218398071287
 10
549.9106953698645
 20
130.5150943981914
 10
549.9106953698645
 20
130.8117907250956
 10
549.4162014916907
 20
130.8117907250956
  0
LWPOLYLINE
  5
72E
330
1F
100
AcDbEntity
  8
PDF_SKY-Lipa$0$POLE NUMBER
370
    13
100
AcDbPolyline
 90
        2
 70
     0
 43
0.0
 10
588.7779141943268
 20
230.2050602380336
 10
588.7779141943268
 20
232.5786308532679
  0
LWPOLYLINE
  5
72F
330
1F
100
AcDbEntity
  8
PDF_SKY-Lipa$0$POLE NUMBER
370
    13
100
AcDbPolyline
 90
        5
 70
     0
 43
0.0
 10
589.7669019506745
 20
230.2050602380336
 10
589.7669019506745
 20
232.5786308532679
 10
590.6569909313873
 20
230.2050602380336
 10
591.645978687735
 20
232.5786308532679
 10
591.645978687735
 20
230.2050602380336
  0
LWPOLYLINE
  5
730
330
1F
100
AcDbEntity
  8
PDF_SKY-Lipa$0$POLE NUMBER
370
    13
100
AcDbPolyline
 90
        3
 70
     0
 43
0.0
 10
592.5360676684479
 20
232.5786308532679
 10
592.5360676684479
 20
230.2050602380336
 10
593.9206505273346
 20
230.2050602380336
  0
LWPOLYLINE
  5
731
330
1F
100
AcDbEntity
  8
PDF_SKY-Lipa$0$POLE NUMBER
370
    13
100
AcDbPolyline
 90
        2
 70
     0
 43
0.0
 10
594.5140431811431
 20
231.1940479943812
 10
596.5909174694732
 20
231.1940479943812
  0
LWPOLYLINE
  5
732
330
1F
100
AcDbEntity
  8
PDF_SKY-Lipa$0$POLE NUMBER
370
    13
100
AcDbPolyline
 90
        4
 70
     0
 43
0.0
 10
597.5799052258208
 20
232.1830357507288
 10
597.7777027770903
 20
232.2819345263636
 10
598.1732978796294
 20
232.5786308532679
 10
598.1732978796294
 20
230.2050602380336
  0
LWPOLYLINE
  5
733
330
1F
100
AcDbEntity
  8
PDF_SKY-Lipa$0$POLE NUMBER
370
    13
100
AcDbPolyline
 90
       28
 70
     1
 43
0.0
 10
600.0523746166899
 20
232.5786308532679
 10
599.6567795141508
 20
232.4797320776331
 10
599.5578807385161
 20
232.2819345263636
 10
599.5578807385161
 20
231.9852381994593
 10
599.6567795141508
 20
231.7874406481898
 10
599.8545770654204
 20
231.688541872555
 10
600.3490709435943
 20
231.5896430969202
 10
600.7446660461332
 20
231.3918455456507
 10
600.9424635974028
 20
231.1940479943812
 10
601.0413623730376
 20
230.9962504431117
 10
601.0413623730376
 20
230.6006553405726
 10
600.9424635974028
 20
230.4028577893031
 10
600.843564821768
 20
230.3039590136684
 10
600.447969719229
 20
230.2050602380336
 10
599.9534758410551
 20
230.2050602380336
 10
599.6567795141508
 20
230.3039590136684
 10
599.5578807385161
 20
230.4028577893031
 10
599.4589819628814
 20
230.6006553405726
 10
599.4589819628814
 20
230.9962504431117
 10
599.5578807385161
 20
231.1940479943812
 10
599.7556782897857
 20
231.3918455456507
 10
600.1512733923247
 20
231.5896430969202
 10
600.5468684948638
 20
231.688541872555
 10
600.843564821768
 20
231.7874406481898
 10
600.9424635974028
 20
231.9852381994593
 10
600.9424635974028
 20
232.2819345263636
 10
600.843564821768
 20
232.4797320776331
 10
600.447969719229
 20
232.5786308532679
  0
LWPOLYLINE
  5
734
330
1F
100
AcDbEntity
  8
PDF_SKY-Lipa$0$POLE NUMBER
370
    13
100
AcDbPolyline
 90
       16
 70
     1
 43
0.0
 10
602.4259452319243
 20
232.5786308532679
 10
602.1292489050199
 20
232.4797320776331
 10
601.8325525781157
 20
232.1830357507288
 10
601.7336538024809
 20
231.5896430969202
 10
601.7336538024809
 20
231.1940479943812
 10
601.8325525781157
 20
230.6006553405726
 10
602.1292489050199
 20
230.3039590136684
 10
602.4259452319243
 20
230.1061614623988
 10
602.7226415588286
 20
230.1061614623988
 10
603.0193378857328
 20
230.3039590136684
 10
603.2171354370023
 20
230.6006553405726
 10
603.4149329882719
 20
231.1940479943812
 10
603.4149329882719
 20
231.5896430969202
 10
603.3160342126372
 20
232.1830357507288
 10
603.0193378857328
 20
232.4797320776331
 10
602.7226415588286
 20
232.5786308532679
  0
LWPOLYLINE
  5
735
330
1F
100
AcDbEntity
  8
PDF_SKY-Lipa$0$POLE NUMBER
370
    13
100
AcDbPolyline
 90
        2
 70
     0
 43
0.0
 10
604.1072244177152
 20
230.1061614623988
 10
604.1072244177152
 20
232.5786308532679
  0
LWPOLYLINE
  5
736
330
1F
100
AcDbEntity
  8
PDF_SKY-Lipa$0$POLE NUMBER
370
    13
100
AcDbPolyline
 90
        2
 70
     0
 43
0.0
 10
625.4693599548243
 20
298.5441142016555
 10
625.4693599548243
 20
301.0165835925246
  0
LWPOLYLINE
  5
737
330
1F
100
AcDbEntity
  8
PDF_SKY-Lipa$0$POLE NUMBER
370
    13
100
AcDbPolyline
 90
        5
 70
     0
 43
0.0
 10
626.3594489355372
 20
298.5441142016555
 10
626.3594489355372
 20
301.0165835925246
 10
627.2495379162501
 20
298.5441142016555
 10
628.2385256725977
 20
301.0165835925246
 10
628.2385256725977
 20
298.5441142016555
  0
LWPOLYLINE
  5
738
330
1F
100
AcDbEntity
  8
PDF_SKY-Lipa$0$POLE NUMBER
370
    13
100
AcDbPolyline
 90
        3
 70
     0
 43
0.0
 10
629.1286146533106
 20
301.0165835925246
 10
629.1286146533106
 20
298.5441142016555
 10
630.5131975121972
 20
298.5441142016555
  0
LWPOLYLINE
  5
739
330
1F
100
AcDbEntity
  8
PDF_SKY-Lipa$0$POLE NUMBER
370
    13
100
AcDbPolyline
 90
        2
 70
     0
 43
0.0
 10
631.1065901660058
 20
299.6320007336379
 10
633.2823632299707
 20
299.6320007336379
  0
LWPOLYLINE
  5
73A
330
1F
100
AcDbEntity
  8
PDF_SKY-Lipa$0$POLE NUMBER
370
    13
100
AcDbPolyline
 90
        4
 70
     0
 43
0.0
 10
634.1724522106836
 20
300.5220897143508
 10
634.3702497619531
 20
300.6209884899856
 10
634.7658448644921
 20
301.0165835925246
 10
634.7658448644921
 20
298.5441142016555
  0
LWPOLYLINE
  5
73B
330
1F
100
AcDbEntity
  8
PDF_SKY-Lipa$0$POLE NUMBER
370
    13
100
AcDbPolyline
 90
       28
 70
     1
 43
0.0
 10
636.6449216015527
 20
301.0165835925246
 10
636.2493264990136
 20
300.9176848168899
 10
636.1504277233787
 20
300.6209884899856
 10
636.1504277233787
 20
300.4231909387161
 10
636.2493264990136
 20
300.2253933874466
 10
636.5460228259179
 20
300.1264946118118
 10
636.9416179284569
 20
299.9286970605422
 10
637.337213030996
 20
299.8297982849075
 10
637.5350105822654
 20
299.6320007336379
 10
637.6339093579002
 20
299.3353044067337
 10
637.6339093579002
 20
299.0386080798294
 10
637.5350105822654
 20
298.8408105285598
 10
637.4361118066307
 20
298.6430129772903
 10
637.1394154797265
 20
298.5441142016555
 10
636.6449216015527
 20
298.5441142016555
 10
636.2493264990136
 20
298.6430129772903
 10
636.1504277233787
 20
298.8408105285598
 10
636.051528947744
 20
299.0386080798294
 10
636.051528947744
 20
299.3353044067337
 10
636.1504277233787
 20
299.6320007336379
 10
636.3482252746483
 20
299.8297982849075
 10
636.7438203771873
 20
299.9286970605422
 10
637.2383142553612
 20
300.1264946118118
 10
637.4361118066307
 20
300.2253933874466
 10
637.5350105822654
 20
300.4231909387161
 10
637.5350105822654
 20
300.6209884899856
 10
637.4361118066307
 20
300.9176848168899
 10
637.1394154797265
 20
301.0165835925246
  0
LWPOLYLINE
  5
73C
330
1F
100
AcDbEntity
  8
PDF_SKY-Lipa$0$POLE NUMBER
370
    13
100
AcDbPolyline
 90
       16
 70
     1
 43
0.0
 10
639.1173909924217
 20
301.0165835925246
 10
638.7217958898827
 20
300.9176848168899
 10
638.5239983386131
 20
300.5220897143508
 10
638.3262007873436
 20
299.9286970605422
 10
638.3262007873436
 20
299.6320007336379
 10
638.5239983386131
 20
299.0386080798294
 10
638.7217958898827
 20
298.6430129772903
 10
639.1173909924217
 20
298.5441142016555
 10
639.3151885436913
 20
298.5441142016555
 10
639.6118848705955
 20
298.6430129772903
 10
639.9085811974998
 20
299.0386080798294
 10
640.0074799731346
 20
299.6320007336379
 10
640.0074799731346
 20
299.9286970605422
 10
639.9085811974998
 20
300.5220897143508
 10
639.6118848705955
 20
300.9176848168899
 10
639.3151885436913
 20
301.0165835925246
  0
LWPOLYLINE
  5
73D
330
1F
100
AcDbEntity
  8
PDF_SKY-Lipa$0$POLE NUMBER
370
    13
100
AcDbPolyline
 90
       10
 70
     0
 43
0.0
 10
641.8865567101951
 20
301.0165835925246
 10
641.8865567101951
 20
299.1375068554642
 10
641.7876579345603
 20
298.7419117529251
 10
641.5898603832909
 20
298.6430129772903
 10
641.3920628320213
 20
298.5441142016555
 10
641.1942652807518
 20
298.5441142016555
 10
640.8975689538475
 20
298.6430129772903
 10
640.7986701782127
 20
298.7419117529251
 10
640.699771402578
 20
299.1375068554642
 10
640.699771402578
 20
299.3353044067337
  0
LWPOLYLINE
  5
73E
330
1F
100
AcDbEntity
  8
PDF_SKY-Lipa$0$POLE NUMBER
370
    13
100
AcDbPolyline
 90
        2
 70
     0
 43
0.0
 10
645.7436089599509
 20
340.0815999682564
 10
645.7436089599509
 20
342.5540693591255
  0
LWPOLYLINE
  5
73F
330
1F
100
AcDbEntity
  8
PDF_SKY-Lipa$0$POLE NUMBER
370
    13
100
AcDbPolyline
 90
        5
 70
     0
 43
0.0
 10
646.6336979406638
 20
340.0815999682564
 10
646.6336979406638
 20
342.5540693591255
 10
647.6226856970114
 20
340.0815999682564
 10
648.5127746777243
 20
342.5540693591255
 10
648.5127746777243
 20
340.0815999682564
  0
LWPOLYLINE
  5
740
330
1F
100
AcDbEntity
  8
PDF_SKY-Lipa$0$POLE NUMBER
370
    13
100
AcDbPolyline
 90
        3
 70
     0
 43
0.0
 10
649.501762434072
 20
342.5540693591255
 10
649.4028636584372
 20
340.0815999682564
 10
650.8863452929587
 20
340.0815999682564
  0
LWPOLYLINE
  5
741
330
1F
100
AcDbEntity
  8
PDF_SKY-Lipa$0$POLE NUMBER
370
    13
100
AcDbPolyline
 90
        2
 70
     0
 43
0.0
 10
651.4797379467673
 20
341.0705877246041
 10
653.5566122350973
 20
341.0705877246041
  0
LWPOLYLINE
  5
742
330
1F
100
AcDbEntity
  8
PDF_SKY-Lipa$0$POLE NUMBER
370
    13
100
AcDbPolyline
 90
        4
 70
     0
 43
0.0
 10
654.4467012158102
 20
342.0595754809518
 10
654.7433975427146
 20
342.1584742565865
 10
655.0400938696188
 20
342.5540693591255
 10
655.0400938696188
 20
340.0815999682564
  0
LWPOLYLINE
  5
743
330
1F
100
AcDbEntity
  8
PDF_SKY-Lipa$0$POLE NUMBER
370
    13
100
AcDbPolyline
 90
       28
 70
     1
 43
0.0
 10
656.9191706066793
 20
342.5540693591255
 10
656.5235755041402
 20
342.3562718078561
 10
656.4246767285054
 20
342.1584742565865
 10
656.4246767285054
 20
341.960676705317
 10
656.5235755041402
 20
341.6639803784127
 10
656.8202718310446
 20
341.5650816027779
 10
657.2158669335835
 20
341.4661828271432
 10
657.6114620361226
 20
341.3672840515084
 10
657.8092595873921
 20
341.0705877246041
 10
658.0070571386617
 20
340.8727901733346
 10
658.0070571386617
 20
340.4771950707955
 10
657.8092595873921
 20
340.279397519526
 10
657.7103608117574
 20
340.1804987438912
 10
657.4136644848531
 20
340.0815999682564
 10
656.9191706066793
 20
340.0815999682564
 10
656.5235755041402
 20
340.1804987438912
 10
656.4246767285054
 20
340.279397519526
 10
656.3257779528706
 20
340.5760938464303
 10
656.3257779528706
 20
340.8727901733346
 10
656.4246767285054
 20
341.0705877246041
 10
656.7213730554097
 20
341.3672840515084
 10
657.0180693823139
 20
341.4661828271432
 10
657.5125632604879
 20
341.5650816027779
 10
657.7103608117574
 20
341.6639803784127
 10
657.8092595873921
 20
341.960676705317
 10
657.8092595873921
 20
342.1584742565865
 10
657.7103608117574
 20
342.3562718078561
 10
657.4136644848531
 20
342.5540693591255
  0
LWPOLYLINE
  5
744
330
1F
100
AcDbEntity
  8
PDF_SKY-Lipa$0$POLE NUMBER
370
    13
100
AcDbPolyline
 90
       16
 70
     1
 43
0.0
 10
659.3916399975483
 20
342.5540693591255
 10
658.9960448950094
 20
342.3562718078561
 10
658.7982473437398
 20
342.0595754809518
 10
658.699348568105
 20
341.4661828271432
 10
658.699348568105
 20
341.0705877246041
 10
658.7982473437398
 20
340.4771950707955
 10
658.9960448950094
 20
340.1804987438912
 10
659.3916399975483
 20
340.0815999682564
 10
659.5894375488179
 20
340.0815999682564
 10
659.9850326513569
 20
340.1804987438912
 10
660.1828302026265
 20
340.4771950707955
 10
660.2817289782612
 20
341.0705877246041
 10
660.2817289782612
 20
341.4661828271432
 10
660.1828302026265
 20
342.0595754809518
 10
659.9850326513569
 20
342.3562718078561
 10
659.5894375488179
 20
342.5540693591255
  0
LWPOLYLINE
  5
745
330
1F
100
AcDbEntity
  8
PDF_SKY-Lipa$0$POLE NUMBER
370
    13
100
AcDbPolyline
 90
        2
 70
     0
 43
0.0
 10
660.9740204077046
 20
340.0815999682564
 10
660.9740204077046
 20
342.4551705834908
  0
LWPOLYLINE
  5
746
330
1F
100
AcDbEntity
  8
PDF_SKY-Lipa$0$POLE NUMBER
370
    13
100
AcDbPolyline
 90
        2
 70
     0
 43
0.0
 10
662.6552995934956
 20
342.4551705834908
 10
660.9740204077046
 20
340.8727901733346
  0
LWPOLYLINE
  5
747
330
1F
100
AcDbEntity
  8
PDF_SKY-Lipa$0$POLE NUMBER
370
    13
100
AcDbPolyline
 90
        2
 70
     0
 43
0.0
 10
661.5674130615132
 20
341.4661828271432
 10
662.6552995934956
 20
340.0815999682564
  0
LWPOLYLINE
  5
748
330
1F
100
AcDbEntity
  8
PDF_SKY-Lipa$0$POLE NUMBER
370
    13
100
AcDbPolyline
 90
        2
 70
     0
 43
0.0
 10
664.5343763305561
 20
372.2237020495548
 10
664.5343763305561
 20
374.6961714404239
  0
LWPOLYLINE
  5
749
330
1F
100
AcDbEntity
  8
PDF_SKY-Lipa$0$POLE NUMBER
370
    13
100
AcDbPolyline
 90
        5
 70
     0
 43
0.0
 10
665.424465311269
 20
372.2237020495548
 10
665.424465311269
 20
374.6961714404239
 10
666.3145542919818
 20
372.2237020495548
 10
667.3035420483294
 20
374.6961714404239
 10
667.3035420483294
 20
372.2237020495548
  0
LWPOLYLINE
  5
74A
330
1F
100
AcDbEntity
  8
PDF_SKY-Lipa$0$POLE NUMBER
370
    13
100
AcDbPolyline
 90
        3
 70
     0
 43
0.0
 10
668.1936310290424
 20
374.6961714404239
 10
668.1936310290424
 20
372.2237020495548
 10
669.5782138879291
 20
372.2237020495548
  0
LWPOLYLINE
  5
74B
330
1F
100
AcDbEntity
  8
PDF_SKY-Lipa$0$POLE NUMBER
370
    13
100
AcDbPolyline
 90
        2
 70
     0
 43
0.0
 10
670.1716065417376
 20
373.3115885815372
 10
672.3473796057024
 20
373.3115885815372
  0
LWPOLYLINE
  5
74C
330
1F
100
AcDbEntity
  8
PDF_SKY-Lipa$0$POLE NUMBER
370
    13
100
AcDbPolyline
 90
        4
 70
     0
 43
0.0
 10
673.2374685864153
 20
374.2016775622501
 10
673.4352661376849
 20
374.3994751135196
 10
673.8308612402239
 20
374.6961714404239
 10
673.8308612402239
 20
372.2237020495548
  0
LWPOLYLINE
  5
74D
330
1F
100
AcDbEntity
  8
PDF_SKY-Lipa$0$POLE NUMBER
370
    13
100
AcDbPolyline
 90
       28
 70
     1
 43
0.0
 10
675.7099379772844
 20
374.6961714404239
 10
675.3143428747454
 20
374.5972726647892
 10
675.2154440991106
 20
374.3994751135196
 10
675.2154440991106
 20
374.1027787866153
 10
675.3143428747454
 20
373.9049812353458
 10
675.6110392016497
 20
373.806082459711
 10
676.0066343041887
 20
373.6082849084415
 10
676.4022294067278
 20
373.5093861328067
 10
676.6000269579973
 20
373.3115885815372
 10
676.698925733632
 20
373.1137910302677
 10
676.698925733632
 20
372.7181959277286
 10
676.6000269579973
 20
372.5203983764591
 10
676.5011281823625
 20
372.3226008251895
 10
676.1055330798235
 20
372.2237020495548
 10
675.7099379772844
 20
372.2237020495548
 10
675.3143428747454
 20
372.4214996008243
 10
675.2154440991106
 20
372.5203983764591
 10
675.1165453234758
 20
372.7181959277286
 10
675.1165453234758
 20
373.1137910302677
 10
675.2154440991106
 20
373.3115885815372
 10
675.4132416503802
 20
373.5093861328067
 10
675.8088367529191
 20
373.6082849084415
 10
676.3033306310931
 20
373.806082459711
 10
676.5011281823625
 20
373.9049812353458
 10
676.6000269579973
 20
374.1027787866153
 10
676.6000269579973
 20
374.3994751135196
 10
676.5011281823625
 20
374.5972726647892
 10
676.1055330798235
 20
374.6961714404239
  0
LWPOLYLINE
  5
74E
330
1F
100
AcDbEntity
  8
PDF_SKY-Lipa$0$POLE NUMBER
370
    13
100
AcDbPolyline
 90
       16
 70
     1
 43
0.0
 10
678.0835085925188
 20
374.6961714404239
 10
677.7868122656145
 20
374.5972726647892
 10
677.5890147143449
 20
374.2016775622501
 10
677.3912171630755
 20
373.6082849084415
 10
677.3912171630755
 20
373.3115885815372
 10
677.5890147143449
 20
372.7181959277286
 10
677.7868122656145
 20
372.3226008251895
 10
678.0835085925188
 20
372.2237020495548
 10
678.3802049194231
 20
372.2237020495548
 10
678.6769012463273
 20
372.3226008251895
 10
678.9735975732317
 20
372.7181959277286
 10
679.0724963488664
 20
373.3115885815372
 10
679.0724963488664
 20
373.6082849084415
 10
678.9735975732317
 20
374.2016775622501
 10
678.6769012463273
 20
374.5972726647892
 10
678.3802049194231
 20
374.6961714404239
  0
LWPOLYLINE
  5
74F
330
1F
100
AcDbEntity
  8
PDF_SKY-Lipa$0$POLE NUMBER
370
    13
100
AcDbPolyline
 90
        3
 70
     0
 43
0.0
 10
679.7647877783098
 20
374.6961714404239
 10
679.7647877783098
 20
372.2237020495548
 10
681.1493706371964
 20
372.2237020495548
  0
LWPOLYLINE
  5
750
330
1F
100
AcDbEntity
  8
PDF_SKY-Lipa$0$POLE NUMBER
370
    13
100
AcDbPolyline
 90
        2
 70
     0
 43
0.0
 10
676.6000269579973
 20
396.453902080072
 10
676.6000269579973
 20
398.9263714709411
  0
LWPOLYLINE
  5
751
330
1F
100
AcDbEntity
  8
PDF_SKY-Lipa$0$POLE NUMBER
370
    13
100
AcDbPolyline
 90
        5
 70
     0
 43
0.0
 10
677.5890147143449
 20
396.453902080072
 10
677.5890147143449
 20
398.9263714709411
 10
678.4791036950579
 20
396.453902080072
 10
679.4680914514055
 20
398.9263714709411
 10
679.4680914514055
 20
396.453902080072
  0
LWPOLYLINE
  5
752
330
1F
100
AcDbEntity
  8
PDF_SKY-Lipa$0$POLE NUMBER
370
    13
100
AcDbPolyline
 90
        3
 70
     0
 43
0.0
 10
680.3581804321184
 20
398.9263714709411
 10
680.3581804321184
 20
396.453902080072
 10
681.742763291005
 20
396.453902080072
  0
LWPOLYLINE
  5
753
330
1F
100
AcDbEntity
  8
PDF_SKY-Lipa$0$POLE NUMBER
370
    13
100
AcDbPolyline
 90
        2
 70
     0
 43
0.0
 10
682.3361559448136
 20
397.4428898364196
 10
684.4130302331437
 20
397.4428898364196
  0
LWPOLYLINE
  5
754
330
1F
100
AcDbEntity
  8
PDF_SKY-Lipa$0$POLE NUMBER
370
    13
100
AcDbPolyline
 90
        4
 70
     0
 43
0.0
 10
685.4020179894913
 20
398.4318775927673
 10
685.5998155407609
 20
398.530776368402
 10
685.9954106432999
 20
398.9263714709411
 10
685.9954106432999
 20
396.453902080072
  0
LWPOLYLINE
  5
755
330
1F
100
AcDbEntity
  8
PDF_SKY-Lipa$0$POLE NUMBER
370
    13
100
AcDbPolyline
 90
       28
 70
     1
 43
0.0
 10
687.7755886047257
 20
398.9263714709411
 10
687.4788922778214
 20
398.7285739196716
 10
687.3799935021866
 20
398.530776368402
 10
687.3799935021866
 20
398.3329788171325
 10
687.4788922778214
 20
398.0362824902282
 10
687.676689829091
 20
397.9373837145935
 10
688.1711837072647
 20
397.8384849389587
 10
688.5667788098039
 20
397.7395861633239
 10
688.7645763610732
 20
397.4428898364196
 10
688.8634751367081
 20
397.2450922851501
 10
688.8634751367081
 20
396.8494971826111
 10
688.7645763610732
 20
396.6516996313416
 10
688.6656775854386
 20
396.5528008557068
 10
688.2700824828995
 20
396.453902080072
 10
687.7755886047257
 20
396.453902080072
 10
687.4788922778214
 20
396.5528008557068
 10
687.3799935021866
 20
396.6516996313416
 10
687.2810947265518
 20
396.8494971826111
 10
687.2810947265518
 20
397.2450922851501
 10
687.3799935021866
 20
397.4428898364196
 10
687.5777910534561
 20
397.7395861633239
 10
687.9733861559953
 20
397.8384849389587
 10
688.3689812585343
 20
397.9373837145935
 10
688.6656775854386
 20
398.0362824902282
 10
688.7645763610732
 20
398.3329788171325
 10
688.7645763610732
 20
398.530776368402
 10
688.6656775854386
 20
398.7285739196716
 10
688.2700824828995
 20
398.9263714709411
  0
LWPOLYLINE
  5
756
330
1F
100
AcDbEntity
  8
PDF_SKY-Lipa$0$POLE NUMBER
370
    13
100
AcDbPolyline
 90
       16
 70
     1
 43
0.0
 10
690.2480579955947
 20
398.8274726953063
 10
689.9513616686905
 20
398.7285739196716
 10
689.6546653417861
 20
398.4318775927673
 10
689.5557665661514
 20
397.8384849389587
 10
689.5557665661514
 20
397.4428898364196
 10
689.6546653417861
 20
396.8494971826111
 10
689.9513616686905
 20
396.5528008557068
 10
690.2480579955947
 20
396.453902080072
 10
690.544754322499
 20
396.453902080072
 10
690.8414506494034
 20
396.5528008557068
 10
691.0392482006728
 20
396.8494971826111
 10
691.2370457519424
 20
397.4428898364196
 10
691.2370457519424
 20
397.8384849389587
 10
691.0392482006728
 20
398.4318775927673
 10
690.8414506494034
 20
398.7285739196716
 10
690.544754322499
 20
398.8274726953063
  0
LWPOLYLINE
  5
757
330
1F
100
AcDbEntity
  8
PDF_SKY-Lipa$0$POLE NUMBER
370
    13
100
AcDbPolyline
 90
        5
 70
     0
 43
0.0
 10
691.9293371813857
 20
396.453902080072
 10
691.9293371813857
 20
398.8274726953063
 10
692.8194261620987
 20
396.453902080072
 10
693.8084139184462
 20
398.8274726953063
 10
693.8084139184462
 20
396.453902080072
  0
LWPOLYLINE
  5
758
330
1F
100
AcDbEntity
  8
PDF_SKY-Lipa$0$POLE NUMBER
370
    13
100
AcDbPolyline
 90
        2
 70
     0
 43
0.0
 10
647.2270905944724
 20
445.6065935705497
 10
647.2270905944724
 20
448.0790629614189
  0
LWPOLYLINE
  5
759
330
1F
100
AcDbEntity
  8
PDF_SKY-Lipa$0$POLE NUMBER
370
    13
100
AcDbPolyline
 90
        5
 70
     0
 43
0.0
 10
648.1171795751853
 20
445.6065935705497
 10
648.1171795751853
 20
448.0790629614189
 10
649.1061673315329
 20
445.6065935705497
 10
649.9962563122458
 20
448.0790629614189
 10
649.9962563122458
 20
445.6065935705497
  0
LWPOLYLINE
  5
75A
330
1F
100
AcDbEntity
  8
PDF_SKY-Lipa$0$POLE NUMBER
370
    13
100
AcDbPolyline
 90
        3
 70
     0
 43
0.0
 10
650.9852440685935
 20
448.0790629614189
 10
650.9852440685935
 20
445.6065935705497
 10
652.3698269274802
 20
445.6065935705497
  0
LWPOLYLINE
  5
75B
330
1F
100
AcDbEntity
  8
PDF_SKY-Lipa$0$POLE NUMBER
370
    13
100
AcDbPolyline
 90
        2
 70
     0
 43
0.0
 10
652.9632195812887
 20
446.6944801025321
 10
655.0400938696188
 20
446.6944801025321
  0
LWPOLYLINE
  5
75C
330
1F
100
AcDbEntity
  8
PDF_SKY-Lipa$0$POLE NUMBER
370
    13
100
AcDbPolyline
 90
        4
 70
     0
 43
0.0
 10
655.9301828503317
 20
447.584569083245
 10
656.2268791772359
 20
447.7823666345146
 10
656.5235755041402
 20
448.0790629614189
 10
656.5235755041402
 20
445.6065935705497
  0
LWPOLYLINE
  5
75D
330
1F
100
AcDbEntity
  8
PDF_SKY-Lipa$0$POLE NUMBER
370
    13
100
AcDbPolyline
 90
       28
 70
     1
 43
0.0
 10
658.4026522412007
 20
448.0790629614189
 10
658.1059559142964
 20
447.980164185784
 10
657.9081583630269
 20
447.6834678588797
 10
657.9081583630269
 20
447.4856703076103
 10
658.1059559142964
 20
447.2878727563407
 10
658.303753465566
 20
447.188973980706
 10
658.7982473437398
 20
446.9911764294364
 10
659.094943670644
 20
446.8922776538017
 10
659.2927412219136
 20
446.6944801025321
 10
659.4905387731832
 20
446.3977837756279
 10
659.4905387731832
 20
446.1010874487236
 10
659.2927412219136
 20
445.903289897454
 10
659.1938424462788
 20
445.7054923461845
 10
658.8971461193746
 20
445.6065935705497
 10
658.4026522412007
 20
445.6065935705497
 10
658.0070571386617
 20
445.7054923461845
 10
657.9081583630269
 20
445.903289897454
 10
657.8092595873921
 20
446.1010874487236
 10
657.8092595873921
 20
446.4966825512625
 10
657.9081583630269
 20
446.6944801025321
 10
658.2048546899312
 20
446.8922776538017
 10
658.5015510168354
 20
446.9911764294364
 10
658.9960448950094
 20
447.188973980706
 10
659.1938424462788
 20
447.2878727563407
 10
659.2927412219136
 20
447.4856703076103
 10
659.2927412219136
 20
447.6834678588797
 10
659.1938424462788
 20
447.980164185784
 10
658.8971461193746
 20
448.0790629614189
  0
LWPOLYLINE
  5
75E
330
1F
100
AcDbEntity
  8
PDF_SKY-Lipa$0$POLE NUMBER
370
    13
100
AcDbPolyline
 90
       16
 70
     1
 43
0.0
 10
660.8751216320698
 20
448.0790629614189
 10
660.4795265295308
 20
447.980164185784
 10
660.2817289782612
 20
447.584569083245
 10
660.1828302026265
 20
446.9911764294364
 10
660.1828302026265
 20
446.6944801025321
 10
660.2817289782612
 20
446.1010874487236
 10
660.4795265295308
 20
445.7054923461845
 10
660.8751216320698
 20
445.6065935705497
 10
661.0729191833394
 20
445.6065935705497
 10
661.4685142858784
 20
445.7054923461845
 10
661.6663118371479
 20
446.1010874487236
 10
661.7652106127827
 20
446.6944801025321
 10
661.7652106127827
 20
446.9911764294364
 10
661.6663118371479
 20
447.584569083245
 10
661.4685142858784
 20
447.980164185784
 10
661.0729191833394
 20
448.0790629614189
  0
LWPOLYLINE
  5
75F
330
1F
100
AcDbEntity
  8
PDF_SKY-Lipa$0$POLE NUMBER
370
    13
100
AcDbPolyline
 90
        5
 70
     0
 43
0.0
 10
662.4575020422261
 20
445.6065935705497
 10
662.4575020422261
 20
448.0790629614189
 10
663.4464897985736
 20
445.6065935705497
 10
664.3365787792865
 20
448.0790629614189
 10
664.3365787792865
 20
445.6065935705497
  0
LWPOLYLINE
  5
760
330
1F
100
AcDbEntity
  8
PDF_SKY-Lipa$0$POLE NUMBER
370
    13
100
AcDbPolyline
 90
        2
 70
     0
 43
0.0
 10
608.4587705456449
 20
456.0898637878347
 10
608.4587705456449
 20
458.5623331787038
  0
LWPOLYLINE
  5
761
330
1F
100
AcDbEntity
  8
PDF_SKY-Lipa$0$POLE NUMBER
370
    13
100
AcDbPolyline
 90
        5
 70
     0
 43
0.0
 10
609.3488595263577
 20
456.0898637878347
 10
609.3488595263577
 20
458.5623331787038
 10
610.3378472827054
 20
456.0898637878347
 10
611.2279362634183
 20
458.5623331787038
 10
611.2279362634183
 20
456.0898637878347
  0
LWPOLYLINE
  5
762
330
1F
100
AcDbEntity
  8
PDF_SKY-Lipa$0$POLE NUMBER
370
    13
100
AcDbPolyline
 90
        3
 70
     0
 43
0.0
 10
612.2169240197658
 20
458.5623331787038
 10
612.2169240197658
 20
456.0898637878347
 10
613.6015068786526
 20
456.0898637878347
  0
LWPOLYLINE
  5
763
330
1F
100
AcDbEntity
  8
PDF_SKY-Lipa$0$POLE NUMBER
370
    13
100
AcDbPolyline
 90
        2
 70
     0
 43
0.0
 10
614.1948995324612
 20
457.0788515441823
 10
616.2717738207913
 20
457.0788515441823
  0
LWPOLYLINE
  5
764
330
1F
100
AcDbEntity
  8
PDF_SKY-Lipa$0$POLE NUMBER
370
    13
100
AcDbPolyline
 90
        4
 70
     0
 43
0.0
 10
617.1618628015042
 20
458.06783930053
 10
617.4585591284084
 20
458.1667380761648
 10
617.7552554553127
 20
458.5623331787038
 10
617.7552554553127
 20
456.0898637878347
  0
LWPOLYLINE
  5
765
330
1F
100
AcDbEntity
  8
PDF_SKY-Lipa$0$POLE NUMBER
370
    13
100
AcDbPolyline
 90
       28
 70
     1
 43
0.0
 10
619.6343321923732
 20
458.463434403069
 10
619.2387370898342
 20
458.3645356274343
 10
619.1398383141994
 20
458.1667380761648
 10
619.1398383141994
 20
457.9689405248952
 10
619.2387370898342
 20
457.6722441979909
 10
619.5354334167384
 20
457.5733454223562
 10
620.0299272949123
 20
457.4744466467214
 10
620.3266236218166
 20
457.3755478710866
 10
620.5244211730861
 20
457.0788515441823
 10
620.7222187243557
 20
456.8810539929128
 10
620.7222187243557
 20
456.4854588903738
 10
620.5244211730861
 20
456.2876613391043
 10
620.4255223974513
 20
456.1887625634695
 10
620.128826070547
 20
456.0898637878347
 10
619.6343321923732
 20
456.0898637878347
 10
619.2387370898342
 20
456.1887625634695
 10
619.1398383141994
 20
456.2876613391043
 10
619.0409395385646
 20
456.4854588903738
 10
619.0409395385646
 20
456.8810539929128
 10
619.1398383141994
 20
457.0788515441823
 10
619.4365346411037
 20
457.3755478710866
 10
619.733230968008
 20
457.4744466467214
 10
620.2277248461817
 20
457.5733454223562
 10
620.4255223974513
 20
457.6722441979909
 10
620.5244211730861
 20
457.9689405248952
 10
620.5244211730861
 20
458.1667380761648
 10
620.4255223974513
 20
458.3645356274343
 10
620.128826070547
 20
458.463434403069
  0
LWPOLYLINE
  5
766
330
1F
100
AcDbEntity
  8
PDF_SKY-Lipa$0$POLE NUMBER
370
    13
100
AcDbPolyline
 90
       16
 70
     1
 43
0.0
 10
622.1068015832424
 20
458.463434403069
 10
621.7112064807032
 20
458.3645356274343
 10
621.5134089294338
 20
458.06783930053
 10
621.414510153799
 20
457.4744466467214
 10
621.414510153799
 20
457.0788515441823
 10
621.5134089294338
 20
456.4854588903738
 10
621.7112064807032
 20
456.1887625634695
 10
622.1068015832424
 20
456.0898637878347
 10
622.3045991345117
 20
456.0898637878347
 10
622.7001942370509
 20
456.1887625634695
 10
622.8979917883204
 20
456.4854588903738
 10
622.9968905639552
 20
457.0788515441823
 10
622.9968905639552
 20
457.4744466467214
 10
622.8979917883204
 20
458.06783930053
 10
622.7001942370509
 20
458.3645356274343
 10
622.3045991345117
 20
458.463434403069
  0
LWPOLYLINE
  5
767
330
1F
100
AcDbEntity
  8
PDF_SKY-Lipa$0$POLE NUMBER
370
    13
100
AcDbPolyline
 90
        5
 70
     0
 43
0.0
 10
623.6891819933986
 20
456.0898637878347
 10
623.6891819933986
 20
458.463434403069
 10
624.6781697497461
 20
456.0898637878347
 10
625.568258730459
 20
458.463434403069
 10
625.568258730459
 20
456.0898637878347
  0
LWPOLYLINE
  5
768
330
1F
100
AcDbEntity
  8
PDF_SKY-Lipa$0$POLE NUMBER
370
    13
100
AcDbPolyline
 90
       14
 70
     0
 43
0.0
 10
626.6561452624414
 20
457.9689405248952
 10
626.6561452624414
 20
458.06783930053
 10
626.7550440380762
 20
458.2656368517995
 10
626.853942813711
 20
458.3645356274343
 10
627.0517403649805
 20
458.463434403069
 10
627.5462342431543
 20
458.463434403069
 10
627.8429305700586
 20
458.3645356274343
 10
627.9418293456934
 20
458.2656368517995
 10
628.0407281213282
 20
458.06783930053
 10
628.0407281213282
 20
457.7711429736257
 10
627.9418293456934
 20
457.5733454223562
 10
627.6451330187891
 20
457.1777503198171
 10
626.5572464868068
 20
456.0898637878347
 10
628.1396268969629
 20
456.0898637878347
  0
LWPOLYLINE
  5
769
330
1F
100
AcDbEntity
  8
PDF_SKY-Lipa$0$POLE NUMBER
370
    13
100
AcDbPolyline
 90
        2
 70
     0
 43
0.0
 10
629.3264122045801
 20
451.9361152111746
 10
629.3264122045801
 20
454.4085846020437
  0
LWPOLYLINE
  5
76A
330
1F
100
AcDbEntity
  8
PDF_SKY-Lipa$0$POLE NUMBER
370
    13
100
AcDbPolyline
 90
        5
 70
     0
 43
0.0
 10
630.2165011852929
 20
451.9361152111746
 10
630.2165011852929
 20
454.4085846020437
 10
631.2054889416406
 20
451.9361152111746
 10
632.0955779223535
 20
454.4085846020437
 10
632.0955779223535
 20
451.9361152111746
  0
LWPOLYLINE
  5
76B
330
1F
100
AcDbEntity
  8
PDF_SKY-Lipa$0$POLE NUMBER
370
    13
100
AcDbPolyline
 90
        3
 70
     0
 43
0.0
 10
633.0845656787012
 20
454.4085846020437
 10
633.0845656787012
 20
451.9361152111746
 10
634.4691485375879
 20
451.9361152111746
  0
LWPOLYLINE
  5
76C
330
1F
100
AcDbEntity
  8
PDF_SKY-Lipa$0$POLE NUMBER
370
    13
100
AcDbPolyline
 90
        2
 70
     0
 43
0.0
 10
635.0625411913965
 20
453.024001743157
 10
637.1394154797265
 20
453.024001743157
  0
LWPOLYLINE
  5
76D
330
1F
100
AcDbEntity
  8
PDF_SKY-Lipa$0$POLE NUMBER
370
    13
100
AcDbPolyline
 90
        4
 70
     0
 43
0.0
 10
638.0295044604394
 20
453.9140907238699
 10
638.3262007873436
 20
454.0129894995047
 10
638.6228971142479
 20
454.4085846020437
 10
638.6228971142479
 20
451.9361152111746
  0
LWPOLYLINE
  5
76E
330
1F
100
AcDbEntity
  8
PDF_SKY-Lipa$0$POLE NUMBER
370
    13
100
AcDbPolyline
 90
       28
 70
     1
 43
0.0
 10
640.5019738513084
 20
454.4085846020437
 10
640.2052775244042
 20
454.2107870507742
 10
640.0074799731346
 20
454.0129894995047
 10
640.0074799731346
 20
453.8151919482351
 10
640.2052775244042
 20
453.5184956213308
 10
640.4030750756736
 20
453.4195968456961
 10
640.8975689538475
 20
453.3206980700613
 10
641.1942652807518
 20
453.2217992944266
 10
641.4909616076561
 20
452.9251029675223
 10
641.5898603832909
 20
452.7273054162527
 10
641.5898603832909
 20
452.4306090893484
 10
641.4909616076561
 20
452.1339127624441
 10
641.2931640563865
 20
452.0350139868094
 10
640.9964677294823
 20
451.9361152111746
 10
640.5019738513084
 20
451.9361152111746
 10
640.2052775244042
 20
452.0350139868094
 10
640.0074799731346
 20
452.1339127624441
 10
639.9085811974998
 20
452.4306090893484
 10
639.9085811974998
 20
452.7273054162527
 10
640.0074799731346
 20
452.9251029675223
 10
640.3041763000389
 20
453.2217992944266
 10
640.6008726269432
 20
453.3206980700613
 10
641.0953665051169
 20
453.4195968456961
 10
641.2931640563865
 20
453.5184956213308
 10
641.4909616076561
 20
453.8151919482351
 10
641.4909616076561
 20
454.0129894995047
 10
641.2931640563865
 20
454.2107870507742
 10
640.9964677294823
 20
454.4085846020437
  0
LWPOLYLINE
  5
76F
330
1F
100
AcDbEntity
  8
PDF_SKY-Lipa$0$POLE NUMBER
370
    13
100
AcDbPolyline
 90
       16
 70
     1
 43
0.0
 10
642.9744432421776
 20
454.4085846020437
 10
642.5788481396384
 20
454.2107870507742
 10
642.381050588369
 20
453.9140907238699
 10
642.2821518127342
 20
453.3206980700613
 10
642.2821518127342
 20
452.9251029675223
 10
642.381050588369
 20
452.4306090893484
 10
642.5788481396384
 20
452.0350139868094
 10
642.9744432421776
 20
451.9361152111746
 10
643.1722407934471
 20
451.9361152111746
 10
643.5678358959862
 20
452.0350139868094
 10
643.7656334472556
 20
452.4306090893484
 10
643.8645322228905
 20
452.9251029675223
 10
643.8645322228905
 20
453.3206980700613
 10
643.7656334472556
 20
453.9140907238699
 10
643.5678358959862
 20
454.2107870507742
 10
643.1722407934471
 20
454.4085846020437
  0
LWPOLYLINE
  5
770
330
1F
100
AcDbEntity
  8
PDF_SKY-Lipa$0$POLE NUMBER
370
    13
100
AcDbPolyline
 90
        5
 70
     0
 43
0.0
 10
644.5568236523338
 20
451.9361152111746
 10
644.5568236523338
 20
454.4085846020437
 10
645.5458114086813
 20
451.9361152111746
 10
646.4359003893942
 20
454.4085846020437
 10
646.4359003893942
 20
451.9361152111746
  0
LWPOLYLINE
  5
771
330
1F
100
AcDbEntity
  8
PDF_SKY-Lipa$0$POLE NUMBER
370
    13
100
AcDbPolyline
 90
        4
 70
     0
 43
0.0
 10
647.424888145742
 20
453.9140907238699
 10
647.6226856970114
 20
454.0129894995047
 10
648.0182807995505
 20
454.4085846020437
 10
648.0182807995505
 20
451.9361152111746
  0
LWPOLYLINE
  5
772
330
1F
100
AcDbEntity
  8
PDF_SKY-Lipa$0$POLE NUMBER
370
    13
100
AcDbPolyline
 90
        4
 70
     0
 43
0.0
 10
586.602141130362
 20
447.7823666345146
 10
586.7999386816316
 20
447.8812654101493
 10
587.0966350085358
 20
448.2768605126884
 10
587.0966350085358
 20
445.8043911218192
  0
LWPOLYLINE
  5
773
330
1F
100
AcDbEntity
  8
PDF_SKY-Lipa$0$POLE NUMBER
370
    13
100
AcDbPolyline
 90
       28
 70
     1
 43
0.0
 10
588.9757117455964
 20
448.2768605126884
 10
588.679015418692
 20
448.1779617370536
 10
588.5801166430573
 20
447.8812654101493
 10
588.5801166430573
 20
447.6834678588797
 10
588.679015418692
 20
447.4856703076103
 10
588.8768129699616
 20
447.3867715319754
 10
589.3713068481353
 20
447.188973980706
 10
589.6680031750397
 20
447.0900752050712
 10
589.9646995019439
 20
446.8922776538017
 10
590.0635982775788
 20
446.5955813268974
 10
590.0635982775788
 20
446.2988849999931
 10
589.9646995019439
 20
446.1010874487236
 10
589.7669019506745
 20
445.903289897454
 10
589.4702056237702
 20
445.8043911218192
 10
588.9757117455964
 20
445.8043911218192
 10
588.679015418692
 20
445.903289897454
 10
588.5801166430573
 20
446.1010874487236
 10
588.3823190917877
 20
446.2988849999931
 10
588.3823190917877
 20
446.5955813268974
 10
588.5801166430573
 20
446.8922776538017
 10
588.7779141943268
 20
447.0900752050712
 10
589.074610521231
 20
447.188973980706
 10
589.5691043994049
 20
447.2878727563407
 10
589.8658007263092
 20
447.4856703076103
 10
589.9646995019439
 20
447.6834678588797
 10
589.9646995019439
 20
447.8812654101493
 10
589.8658007263092
 20
448.1779617370536
 10
589.4702056237702
 20
448.2768605126884
  0
LWPOLYLINE
  5
774
330
1F
100
AcDbEntity
  8
PDF_SKY-Lipa$0$POLE NUMBER
370
    13
100
AcDbPolyline
 90
       16
 70
     1
 43
0.0
 10
591.4481811364654
 20
448.2768605126884
 10
591.0525860339264
 20
448.1779617370536
 10
590.8547884826568
 20
447.7823666345146
 10
590.7558897070221
 20
447.188973980706
 10
590.7558897070221
 20
446.8922776538017
 10
590.8547884826568
 20
446.2988849999931
 10
591.0525860339264
 20
445.903289897454
 10
591.4481811364654
 20
445.8043911218192
 10
591.645978687735
 20
445.8043911218192
 10
592.041573790274
 20
445.903289897454
 10
592.2393713415435
 20
446.2988849999931
 10
592.3382701171783
 20
446.8922776538017
 10
592.3382701171783
 20
447.188973980706
 10
592.2393713415435
 20
447.7823666345146
 10
592.041573790274
 20
448.1779617370536
 10
591.645978687735
 20
448.2768605126884
  0
LWPOLYLINE
  5
775
330
1F
100
AcDbEntity
  8
PDF_SKY-Lipa$0$POLE NUMBER
370
    13
100
AcDbPolyline
 90
        5
 70
     0
 43
0.0
 10
593.0305615466217
 20
445.8043911218192
 10
593.1294603222564
 20
448.2768605126884
 10
594.0195493029693
 20
445.8043911218192
 10
594.9096382836821
 20
448.2768605126884
 10
594.9096382836821
 20
445.8043911218192
  0
LWPOLYLINE
  5
776
330
1F
100
AcDbEntity
  8
PDF_SKY-Lipa$0$POLE NUMBER
370
    13
100
AcDbPolyline
 90
       15
 70
     0
 43
0.0
 10
596.0964235912994
 20
448.2768605126884
 10
597.3821076745513
 20
448.2768605126884
 10
596.6898162451079
 20
447.2878727563407
 10
597.085411347647
 20
447.2878727563407
 10
597.2832088989165
 20
447.188973980706
 10
597.3821076745513
 20
447.0900752050712
 10
597.4810064501861
 20
446.6944801025321
 10
597.4810064501861
 20
446.4966825512625
 10
597.3821076745513
 20
446.1999862243583
 10
597.1843101232817
 20
445.903289897454
 10
596.7887150207427
 20
445.8043911218192
 10
596.4920186938384
 20
445.8043911218192
 10
596.0964235912994
 20
445.903289897454
 10
595.9975248156646
 20
446.0021886730888
 10
595.8986260400298
 20
446.2988849999931
  0
LWPOLYLINE
  5
777
330
1F
100
AcDbEntity
  8
PDF_SKY-Lipa$0$POLE NUMBER
370
    13
100
AcDbPolyline
 90
        4
 70
     0
 43
0.0
 10
588.3823190917877
 20
495.352677714836
 10
588.679015418692
 20
495.5504752661056
 10
588.9757117455964
 20
495.8471715930099
 10
588.9757117455964
 20
493.3747022021408
  0
LWPOLYLINE
  5
778
330
1F
100
AcDbEntity
  8
PDF_SKY-Lipa$0$POLE NUMBER
370
    13
100
AcDbPolyline
 90
       28
 70
     1
 43
0.0
 10
590.8547884826568
 20
495.8471715930099
 10
590.5580921557525
 20
495.7482728173751
 10
590.3602946044831
 20
495.5504752661056
 10
590.3602946044831
 20
495.2537789392013
 10
590.5580921557525
 20
495.0559813879317
 10
590.7558897070221
 20
494.957082612297
 10
591.2503835851959
 20
494.8581838366623
 10
591.5470799121002
 20
494.6603862853927
 10
591.8437762390046
 20
494.4625887341232
 10
591.9426750146392
 20
494.2647911828537
 10
591.9426750146392
 20
493.8691960803146
 10
591.8437762390046
 20
493.6713985290451
 10
591.645978687735
 20
493.5724997534103
 10
591.3492823608306
 20
493.3747022021408
 10
590.8547884826568
 20
493.3747022021408
 10
590.5580921557525
 20
493.5724997534103
 10
590.3602946044831
 20
493.6713985290451
 10
590.2613958288482
 20
493.8691960803146
 10
590.2613958288482
 20
494.2647911828537
 10
590.3602946044831
 20
494.4625887341232
 10
590.6569909313873
 20
494.6603862853927
 10
590.9536872582917
 20
494.8581838366623
 10
591.4481811364654
 20
494.957082612297
 10
591.645978687735
 20
495.0559813879317
 10
591.8437762390046
 20
495.2537789392013
 10
591.8437762390046
 20
495.5504752661056
 10
591.645978687735
 20
495.7482728173751
 10
591.3492823608306
 20
495.8471715930099
  0
LWPOLYLINE
  5
779
330
1F
100
AcDbEntity
  8
PDF_SKY-Lipa$0$POLE NUMBER
370
    13
100
AcDbPolyline
 90
       16
 70
     1
 43
0.0
 10
593.327257873526
 20
495.8471715930099
 10
592.9316627709869
 20
495.7482728173751
 10
592.7338652197173
 20
495.352677714836
 10
592.6349664440826
 20
494.8581838366623
 10
592.6349664440826
 20
494.4625887341232
 10
592.7338652197173
 20
493.8691960803146
 10
592.9316627709869
 20
493.5724997534103
 10
593.327257873526
 20
493.3747022021408
 10
593.5250554247955
 20
493.3747022021408
 10
593.9206505273346
 20
493.5724997534103
 10
594.1184480786041
 20
493.8691960803146
 10
594.2173468542388
 20
494.4625887341232
 10
594.2173468542388
 20
494.8581838366623
 10
594.1184480786041
 20
495.352677714836
 10
593.9206505273346
 20
495.7482728173751
 10
593.5250554247955
 20
495.8471715930099
  0
LWPOLYLINE
  5
77A
330
1F
100
AcDbEntity
  8
PDF_SKY-Lipa$0$POLE NUMBER
370
    13
100
AcDbPolyline
 90
        5
 70
     0
 43
0.0
 10
594.9096382836821
 20
493.3747022021408
 10
594.9096382836821
 20
495.8471715930099
 10
595.8986260400298
 20
493.3747022021408
 10
596.7887150207427
 20
495.8471715930099
 10
596.7887150207427
 20
493.3747022021408
  0
LWPOLYLINE
  5
77B
330
1F
100
AcDbEntity
  8
PDF_SKY-Lipa$0$POLE NUMBER
370
    13
100
AcDbPolyline
 90
        4
 70
     0
 43
0.0
 10
598.8655893090728
 20
493.3747022021408
 10
598.8655893090728
 20
495.8471715930099
 10
597.7777027770903
 20
494.2647911828537
 10
599.4589819628814
 20
494.2647911828537
  0
LWPOLYLINE
  5
77C
330
1F
100
AcDbEntity
  8
PDF_SKY-Lipa$0$POLE NUMBER
370
    13
100
AcDbPolyline
 90
        4
 70
     0
 43
0.0
 10
575.8221745861727
 20
537.0879610327064
 10
576.0199721374423
 20
537.285758583976
 10
576.4155672399813
 20
537.5824549108804
 10
576.4155672399813
 20
535.1099855200112
  0
LWPOLYLINE
  5
77D
330
1F
100
AcDbEntity
  8
PDF_SKY-Lipa$0$POLE NUMBER
370
    13
100
AcDbPolyline
 90
       28
 70
     1
 43
0.0
 10
578.2946439770418
 20
537.5824549108804
 10
577.8990488745027
 20
537.4835561352456
 10
577.800150098868
 20
537.285758583976
 10
577.800150098868
 20
536.9890622570717
 10
577.8990488745027
 20
536.7912647058021
 10
578.0968464257723
 20
536.6923659301675
 10
578.5913403039461
 20
536.5934671545327
 10
578.9869354064851
 20
536.3956696032631
 10
579.1847329577547
 20
536.1978720519937
 10
579.2836317333894
 20
536.0000745007241
 10
579.2836317333894
 20
535.604479398185
 10
579.1847329577547
 20
535.4066818469155
 10
579.0858341821198
 20
535.3077830712806
 10
578.6902390795809
 20
535.1099855200112
 10
578.2946439770418
 20
535.1099855200112
 10
577.8990488745027
 20
535.3077830712806
 10
577.800150098868
 20
535.4066818469155
 10
577.7012513232332
 20
535.604479398185
 10
577.7012513232332
 20
536.0000745007241
 10
577.800150098868
 20
536.1978720519937
 10
577.9979476501376
 20
536.3956696032631
 10
578.3935427526765
 20
536.5934671545327
 10
578.7891378552156
 20
536.6923659301675
 10
579.0858341821198
 20
536.7912647058021
 10
579.1847329577547
 20
536.9890622570717
 10
579.1847329577547
 20
537.285758583976
 10
579.0858341821198
 20
537.4835561352456
 10
578.6902390795809
 20
537.5824549108804
  0
LWPOLYLINE
  5
77E
330
1F
100
AcDbEntity
  8
PDF_SKY-Lipa$0$POLE NUMBER
370
    13
100
AcDbPolyline
 90
       16
 70
     1
 43
0.0
 10
580.6682145922762
 20
537.5824549108804
 10
580.3715182653719
 20
537.4835561352456
 10
580.0748219384676
 20
537.0879610327064
 10
579.9759231628327
 20
536.5934671545327
 10
579.9759231628327
 20
536.1978720519937
 10
580.0748219384676
 20
535.604479398185
 10
580.3715182653719
 20
535.3077830712806
 10
580.6682145922762
 20
535.1099855200112
 10
580.9649109191805
 20
535.1099855200112
 10
581.2616072460847
 20
535.3077830712806
 10
581.5583035729891
 20
535.604479398185
 10
581.6572023486238
 20
536.1978720519937
 10
581.6572023486238
 20
536.5934671545327
 10
581.5583035729891
 20
537.0879610327064
 10
581.2616072460847
 20
537.4835561352456
 10
580.9649109191805
 20
537.5824549108804
  0
LWPOLYLINE
  5
77F
330
1F
100
AcDbEntity
  8
PDF_SKY-Lipa$0$POLE NUMBER
370
    13
100
AcDbPolyline
 90
        5
 70
     0
 43
0.0
 10
582.3494937780671
 20
535.1099855200112
 10
582.3494937780671
 20
537.5824549108804
 10
583.23958275878
 20
535.1099855200112
 10
584.2285705151276
 20
537.5824549108804
 10
584.2285705151276
 20
535.1099855200112
  0
LWPOLYLINE
  5
780
330
1F
100
AcDbEntity
  8
PDF_SKY-Lipa$0$POLE NUMBER
370
    13
100
AcDbPolyline
 90
       17
 70
     0
 43
0.0
 10
586.5032423547273
 20
537.5824549108804
 10
585.3164570471101
 20
537.5824549108804
 10
585.2175582714753
 20
536.4945683788979
 10
585.3164570471101
 20
536.6923659301675
 10
585.7120521496491
 20
536.7912647058021
 10
586.1076472521882
 20
536.7912647058021
 10
586.4043435790924
 20
536.6923659301675
 10
586.602141130362
 20
536.3956696032631
 10
586.7999386816316
 20
536.0989732763589
 10
586.7999386816316
 20
535.8022769494546
 10
586.602141130362
 20
535.5055806225502
 10
586.4043435790924
 20
535.208884295646
 10
586.1076472521882
 20
535.1099855200112
 10
585.7120521496491
 20
535.1099855200112
 10
585.3164570471101
 20
535.3077830712806
 10
585.2175582714753
 20
535.4066818469155
 10
585.1186594958405
 20
535.604479398185
  0
LWPOLYLINE
  5
781
330
1F
100
AcDbEntity
  8
PDF_SKY-Lipa$0$POLE NUMBER
370
    13
100
AcDbPolyline
 90
        4
 70
     0
 43
0.0
 10
563.3609288561924
 20
578.1309529211336
 10
563.6576251830968
 20
578.2298516967683
 10
563.954321510001
 20
578.5265480236727
 10
563.954321510001
 20
576.1529774084383
  0
LWPOLYLINE
  5
782
330
1F
100
AcDbEntity
  8
PDF_SKY-Lipa$0$POLE NUMBER
370
    13
100
AcDbPolyline
 90
       28
 70
     1
 43
0.0
 10
565.8333982470615
 20
578.5265480236727
 10
565.4378031445225
 20
578.4276492480379
 10
565.3389043688877
 20
578.2298516967683
 10
565.3389043688877
 20
577.9331553698641
 10
565.4378031445225
 20
577.7353578185945
 10
565.7344994714268
 20
577.6364590429598
 10
566.1300945739658
 20
577.537560267325
 10
566.525689676505
 20
577.3397627160555
 10
566.7234872277743
 20
577.1419651647859
 10
566.9212847790439
 20
576.9441676135165
 10
566.9212847790439
 20
576.5485725109774
 10
566.7234872277743
 20
576.3507749597079
 10
566.6245884521397
 20
576.251876184073
 10
566.3278921252354
 20
576.1529774084383
 10
565.8333982470615
 20
576.1529774084383
 10
565.4378031445225
 20
576.251876184073
 10
565.3389043688877
 20
576.3507749597079
 10
565.2400055932529
 20
576.5485725109774
 10
565.2400055932529
 20
576.9441676135165
 10
565.3389043688877
 20
577.1419651647859
 10
565.635600695792
 20
577.3397627160555
 10
565.9322970226964
 20
577.537560267325
 10
566.4267909008701
 20
577.6364590429598
 10
566.6245884521397
 20
577.7353578185945
 10
566.7234872277743
 20
577.9331553698641
 10
566.7234872277743
 20
578.2298516967683
 10
566.6245884521397
 20
578.4276492480379
 10
566.3278921252354
 20
578.5265480236727
  0
LWPOLYLINE
  5
783
330
1F
100
AcDbEntity
  8
PDF_SKY-Lipa$0$POLE NUMBER
370
    13
100
AcDbPolyline
 90
       16
 70
     1
 43
0.0
 10
568.3058676379306
 20
578.5265480236727
 10
567.9102725353916
 20
578.4276492480379
 10
567.7124749841221
 20
578.1309529211336
 10
567.6135762084872
 20
577.537560267325
 10
567.6135762084872
 20
577.1419651647859
 10
567.7124749841221
 20
576.5485725109774
 10
567.9102725353916
 20
576.251876184073
 10
568.3058676379306
 20
576.0540786328035
 10
568.5036651892001
 20
576.0540786328035
 10
568.8992602917392
 20
576.251876184073
 10
569.0970578430087
 20
576.5485725109774
 10
569.1959566186435
 20
577.1419651647859
 10
569.1959566186435
 20
577.537560267325
 10
569.0970578430087
 20
578.1309529211336
 10
568.8992602917392
 20
578.4276492480379
 10
568.5036651892001
 20
578.5265480236727
  0
LWPOLYLINE
  5
784
330
1F
100
AcDbEntity
  8
PDF_SKY-Lipa$0$POLE NUMBER
370
    13
100
AcDbPolyline
 90
        5
 70
     0
 43
0.0
 10
569.8882480480868
 20
576.0540786328035
 10
569.8882480480868
 20
578.5265480236727
 10
570.8772358044345
 20
576.0540786328035
 10
571.7673247851474
 20
578.5265480236727
 10
571.7673247851474
 20
576.0540786328035
  0
LWPOLYLINE
  5
785
330
1F
100
AcDbEntity
  8
PDF_SKY-Lipa$0$POLE NUMBER
370
    13
100
AcDbPolyline
 90
       23
 70
     0
 43
0.0
 10
574.1408954003817
 20
578.2298516967683
 10
573.9430978491121
 20
578.4276492480379
 10
573.6464015222079
 20
578.5265480236727
 10
573.4486039709383
 20
578.5265480236727
 10
573.0530088683994
 20
578.4276492480379
 10
572.8552113171298
 20
578.0320541454989
 10
572.6574137658603
 20
577.537560267325
 10
572.6574137658603
 20
576.9441676135165
 10
572.8552113171298
 20
576.4496737353426
 10
573.0530088683994
 20
576.251876184073
 10
573.4486039709383
 20
576.0540786328035
 10
573.5475027465732
 20
576.0540786328035
 10
573.8441990734775
 20
576.251876184073
 10
574.1408954003817
 20
576.4496737353426
 10
574.2397941760165
 20
576.7463700622469
 10
574.2397941760165
 20
576.9441676135165
 10
574.1408954003817
 20
577.2408639404208
 10
573.8441990734775
 20
577.537560267325
 10
573.5475027465732
 20
577.6364590429598
 10
573.4486039709383
 20
577.6364590429598
 10
573.0530088683994
 20
577.537560267325
 10
572.8552113171298
 20
577.2408639404208
 10
572.6574137658603
 20
576.9441676135165
  0
LWPOLYLINE
  5
786
330
1F
100
AcDbEntity
  8
PDF_SKY-Lipa$0$POLE NUMBER
370
    13
100
AcDbPolyline
 90
        2
 70
     0
 43
0.0
 10
786.6743642394898
 20
669.0189277294819
 10
786.6743642394898
 20
671.4913971203509
  0
LWPOLYLINE
  5
787
330
1F
100
AcDbEntity
  8
PDF_SKY-Lipa$0$POLE NUMBER
370
    13
100
AcDbPolyline
 90
        5
 70
     0
 43
0.0
 10
787.6633519958374
 20
669.0189277294819
 10
787.6633519958374
 20
671.4913971203509
 10
788.5534409765503
 20
669.0189277294819
 10
789.4435299572632
 20
671.4913971203509
 10
789.4435299572632
 20
669.0189277294819
  0
LWPOLYLINE
  5
788
330
1F
100
AcDbEntity
  8
PDF_SKY-Lipa$0$POLE NUMBER
370
    13
100
AcDbPolyline
 90
        3
 70
     0
 43
0.0
 10
790.4325177136109
 20
671.4913971203509
 10
790.4325177136109
 20
669.0189277294819
 10
791.8171005724976
 20
669.0189277294819
  0
LWPOLYLINE
  5
789
330
1F
100
AcDbEntity
  8
PDF_SKY-Lipa$0$POLE NUMBER
370
    13
100
AcDbPolyline
 90
        2
 70
     0
 43
0.0
 10
792.4104932263061
 20
670.1068142614643
 10
794.4873675146362
 20
670.1068142614643
  0
LWPOLYLINE
  5
78A
330
1F
100
AcDbEntity
  8
PDF_SKY-Lipa$0$POLE NUMBER
370
    13
100
AcDbPolyline
 90
        4
 70
     0
 43
0.0
 10
795.4763552709838
 20
670.9969032421772
 10
795.6741528222533
 20
671.0958020178119
 10
795.9708491491576
 20
671.4913971203509
 10
795.9708491491576
 20
669.0189277294819
  0
LWPOLYLINE
  5
78B
330
1F
100
AcDbEntity
  8
PDF_SKY-Lipa$0$POLE NUMBER
370
    13
100
AcDbPolyline
 90
       28
 70
     1
 43
0.0
 10
797.849925886218
 20
671.4913971203509
 10
797.5532295593138
 20
671.3924983447161
 10
797.4543307836791
 20
671.0958020178119
 10
797.4543307836791
 20
670.8980044665423
 10
797.5532295593138
 20
670.7002069152728
 10
797.7510271105833
 20
670.5024093640034
 10
798.2455209887572
 20
670.4035105883686
 10
798.5422173156615
 20
670.3046118127338
 10
798.8389136425658
 20
670.1068142614643
 10
798.9378124182005
 20
669.8101179345599
 10
798.9378124182005
 20
669.5134216076557
 10
798.8389136425658
 20
669.2167252807514
 10
798.7400148669309
 20
669.1178265051165
 10
798.344419764392
 20
669.0189277294819
 10
797.849925886218
 20
669.0189277294819
 10
797.5532295593138
 20
669.1178265051165
 10
797.4543307836791
 20
669.2167252807514
 10
797.2565332324095
 20
669.5134216076557
 10
797.2565332324095
 20
669.8101179345599
 10
797.4543307836791
 20
670.1068142614643
 10
797.6521283349486
 20
670.3046118127338
 10
797.9488246618529
 20
670.4035105883686
 10
798.4433185400267
 20
670.5024093640034
 10
798.7400148669309
 20
670.7002069152728
 10
798.8389136425658
 20
670.8980044665423
 10
798.8389136425658
 20
671.0958020178119
 10
798.7400148669309
 20
671.3924983447161
 10
798.344419764392
 20
671.4913971203509
  0
LWPOLYLINE
  5
78C
330
1F
100
AcDbEntity
  8
PDF_SKY-Lipa$0$POLE NUMBER
370
    13
100
AcDbPolyline
 90
       16
 70
     1
 43
0.0
 10
800.3223952770872
 20
671.4913971203509
 10
800.025698950183
 20
671.3924983447161
 10
799.7290026232787
 20
670.9969032421772
 10
799.6301038476439
 20
670.4035105883686
 10
799.6301038476439
 20
670.1068142614643
 10
799.7290026232787
 20
669.5134216076557
 10
799.9268001745481
 20
669.1178265051165
 10
800.3223952770872
 20
669.0189277294819
 10
800.5201928283568
 20
669.0189277294819
 10
800.9157879308958
 20
669.1178265051165
 10
801.1135854821654
 20
669.5134216076557
 10
801.2124842578002
 20
670.1068142614643
 10
801.2124842578002
 20
670.4035105883686
 10
801.1135854821654
 20
670.9969032421772
 10
800.9157879308958
 20
671.3924983447161
 10
800.5201928283568
 20
671.4913971203509
  0
LWPOLYLINE
  5
78D
330
1F
100
AcDbEntity
  8
PDF_SKY-Lipa$0$POLE NUMBER
370
    13
100
AcDbPolyline
 90
       11
 70
     0
 43
0.0
 10
802.0036744628782
 20
669.0189277294819
 10
802.0036744628782
 20
671.4913971203509
 10
802.9926622192258
 20
671.4913971203509
 10
803.3882573217649
 20
671.3924983447161
 10
803.4871560973996
 20
671.1947007934467
 10
803.5860548730344
 20
670.9969032421772
 10
803.5860548730344
 20
670.7002069152728
 10
803.4871560973996
 20
670.4035105883686
 10
803.3882573217649
 20
670.3046118127338
 10
802.9926622192258
 20
670.205713037099
 10
802.0036744628782
 20
670.205713037099
  0
LWPOLYLINE
  5
78E
330
1F
100
AcDbEntity
  8
PDF_SKY-Lipa$0$POLE NUMBER
370
    13
100
AcDbPolyline
 90
        4
 70
     0
 43
0.0
 10
798.2455209887572
 20
722.6220641235239
 10
798.5422173156615
 20
722.7209628991587
 10
798.8389136425658
 20
723.1165580016978
 10
798.8389136425658
 20
720.6440886108286
  0
LWPOLYLINE
  5
78F
330
1F
100
AcDbEntity
  8
PDF_SKY-Lipa$0$POLE NUMBER
370
    13
100
AcDbPolyline
 90
       28
 70
     1
 43
0.0
 10
800.7179903796263
 20
723.1165580016978
 10
800.3223952770872
 20
723.017659226063
 10
800.2234965014524
 20
722.7209628991587
 10
800.2234965014524
 20
722.5231653478892
 10
800.3223952770872
 20
722.2264690209849
 10
800.6190916039916
 20
722.1275702453501
 10
801.0146867065305
 20
722.0286714697153
 10
801.4102818090696
 20
721.9297726940806
 10
801.6080793603391
 20
721.7319751428111
 10
801.7069781359738
 20
721.4352788159068
 10
801.7069781359738
 20
721.1385824890024
 10
801.6080793603391
 20
720.8418861620982
 10
801.5091805847044
 20
720.7429873864635
 10
801.2124842578002
 20
720.6440886108286
 10
800.7179903796263
 20
720.6440886108286
 10
800.3223952770872
 20
720.7429873864635
 10
800.2234965014524
 20
720.8418861620982
 10
800.1245977258177
 20
721.1385824890024
 10
800.1245977258177
 20
721.4352788159068
 10
800.2234965014524
 20
721.7319751428111
 10
800.5201928283568
 20
721.9297726940806
 10
800.816889155261
 20
722.0286714697153
 10
801.3113830334349
 20
722.1275702453501
 10
801.5091805847044
 20
722.2264690209849
 10
801.6080793603391
 20
722.5231653478892
 10
801.6080793603391
 20
722.7209628991587
 10
801.5091805847044
 20
723.017659226063
 10
801.2124842578002
 20
723.1165580016978
  0
LWPOLYLINE
  5
790
330
1F
100
AcDbEntity
  8
PDF_SKY-Lipa$0$POLE NUMBER
370
    13
100
AcDbPolyline
 90
       16
 70
     1
 43
0.0
 10
803.1904597704954
 20
723.1165580016978
 10
802.7948646679563
 20
722.9187604504282
 10
802.5970671166868
 20
722.6220641235239
 10
802.4981683410521
 20
722.0286714697153
 10
802.4981683410521
 20
721.7319751428111
 10
802.5970671166868
 20
721.1385824890024
 10
802.7948646679563
 20
720.7429873864635
 10
803.1904597704954
 20
720.6440886108286
 10
803.3882573217649
 20
720.6440886108286
 10
803.7838524243039
 20
720.7429873864635
 10
803.9816499755735
 20
721.1385824890024
 10
804.0805487512082
 20
721.7319751428111
 10
804.0805487512082
 20
722.0286714697153
 10
803.9816499755735
 20
722.6220641235239
 10
803.7838524243039
 20
722.9187604504282
 10
803.3882573217649
 20
723.1165580016978
  0
LWPOLYLINE
  5
791
330
1F
100
AcDbEntity
  8
PDF_SKY-Lipa$0$POLE NUMBER
370
    13
100
AcDbPolyline
 90
       11
 70
     0
 43
0.0
 10
804.7728401806516
 20
720.6440886108286
 10
804.7728401806516
 20
723.1165580016978
 10
805.860726712634
 20
723.1165580016978
 10
806.1574230395383
 20
722.9187604504282
 10
806.2563218151732
 20
722.8198616747935
 10
806.4541193664425
 20
722.6220641235239
 10
806.4541193664425
 20
722.2264690209849
 10
806.2563218151732
 20
722.0286714697153
 10
806.1574230395383
 20
721.9297726940806
 10
805.860726712634
 20
721.8308739184458
 10
804.7728401806516
 20
721.8308739184458
  0
LWPOLYLINE
  5
792
330
1F
100
AcDbEntity
  8
PDF_SKY-Lipa$0$POLE NUMBER
370
    13
100
AcDbPolyline
 90
        2
 70
     0
 43
0.0
 10
807.2453095715207
 20
720.6440886108286
 10
807.2453095715207
 20
723.1165580016978
  0
LWPOLYLINE
  5
793
330
1F
100
AcDbEntity
  8
PDF_SKY-Lipa$0$POLE NUMBER
370
    13
100
AcDbPolyline
 90
       11
 70
     0
 43
0.0
 10
703.3026963793836
 20
451.0460262304618
 10
703.3026963793836
 20
453.5184956213308
 10
704.390582911366
 20
453.5184956213308
 10
704.6872792382703
 20
453.4195968456961
 10
704.7861780139051
 20
453.2217992944266
 10
704.8850767895398
 20
453.024001743157
 10
704.8850767895398
 20
452.7273054162527
 10
704.7861780139051
 20
452.4306090893484
 10
704.6872792382703
 20
452.3317103137137
 10
704.390582911366
 20
452.232811538079
 10
703.3026963793836
 20
452.232811538079
  0
LWPOLYLINE
  5
794
330
1F
100
AcDbEntity
  8
PDF_SKY-Lipa$0$POLE NUMBER
370
    13
100
AcDbPolyline
 90
        2
 70
     0
 43
0.0
 10
706.5663559753309
 20
453.5184956213308
 10
706.5663559753309
 20
451.0460262304618
  0
LWPOLYLINE
  5
795
330
1F
100
AcDbEntity
  8
PDF_SKY-Lipa$0$POLE NUMBER
370
    13
100
AcDbPolyline
 90
        2
 70
     0
 43
0.0
 10
705.7751657702527
 20
453.5184956213308
 10
707.357546180409
 20
453.5184956213308
  0
LWPOLYLINE
  5
796
330
1F
100
AcDbEntity
  8
PDF_SKY-Lipa$0$POLE NUMBER
370
    13
100
AcDbPolyline
 90
        2
 70
     0
 43
0.0
 10
707.8520400585828
 20
452.1339127624441
 10
709.9289143469128
 20
452.1339127624441
  0
LWPOLYLINE
  5
797
330
1F
100
AcDbEntity
  8
PDF_SKY-Lipa$0$POLE NUMBER
370
    13
100
AcDbPolyline
 90
       11
 70
     0
 43
0.0
 10
734.8514058068734
 20
508.2095185473554
 10
734.950304582508
 20
510.6819879382245
 10
735.9392923388558
 20
510.6819879382245
 10
736.3348874413949
 20
510.5830891625897
 10
736.4337862170295
 20
510.3852916113202
 10
736.5326849926644
 20
510.1874940600507
 10
736.5326849926644
 20
509.7918989575116
 10
736.4337862170295
 20
509.5941014062421
 10
736.3348874413949
 20
509.4952026306073
 10
735.9392923388558
 20
509.3963038549725
 10
734.950304582508
 20
509.3963038549725
  0
LWPOLYLINE
  5
798
330
1F
100
AcDbEntity
  8
PDF_SKY-Lipa$0$POLE NUMBER
370
    13
100
AcDbPolyline
 90
        2
 70
     0
 43
0.0
 10
738.2139641784553
 20
510.6819879382245
 10
738.1150654028206
 20
508.2095185473554
  0
LWPOLYLINE
  5
799
330
1F
100
AcDbEntity
  8
PDF_SKY-Lipa$0$POLE NUMBER
370
    13
100
AcDbPolyline
 90
        2
 70
     0
 43
0.0
 10
737.3238751977424
 20
510.6819879382245
 10
739.0051543835335
 20
510.6819879382245
  0
LWPOLYLINE
  5
79A
330
1F
100
AcDbEntity
  8
PDF_SKY-Lipa$0$POLE NUMBER
370
    13
100
AcDbPolyline
 90
        2
 70
     0
 43
0.0
 10
739.4007494860725
 20
509.2974050793379
 10
741.5765225500373
 20
509.2974050793379
  0
LWPOLYLINE
  5
79B
330
1F
100
AcDbEntity
  8
PDF_SKY-Lipa$0$POLE NUMBER
370
    13
100
AcDbPolyline
 90
       11
 70
     0
 43
0.0
 10
749.6862221520879
 20
564.6807194348057
 10
749.6862221520879
 20
567.1531888256748
 10
750.6752099084357
 20
567.1531888256748
 10
751.0708050109747
 20
567.05429005004
 10
751.1697037866094
 20
566.9553912744053
 10
751.2686025622443
 20
566.658694947501
 10
751.2686025622443
 20
566.3619986205967
 10
751.1697037866094
 20
566.0653022936924
 10
751.0708050109747
 20
565.9664035180576
 10
750.6752099084357
 20
565.8675047424228
 10
749.6862221520879
 20
565.8675047424228
  0
LWPOLYLINE
  5
79C
330
1F
100
AcDbEntity
  8
PDF_SKY-Lipa$0$POLE NUMBER
370
    13
100
AcDbPolyline
 90
        2
 70
     0
 43
0.0
 10
752.9498817480352
 20
567.1531888256748
 10
752.9498817480352
 20
564.6807194348057
  0
LWPOLYLINE
  5
79D
330
1F
100
AcDbEntity
  8
PDF_SKY-Lipa$0$POLE NUMBER
370
    13
100
AcDbPolyline
 90
        2
 70
     0
 43
0.0
 10
752.1586915429572
 20
567.1531888256748
 10
753.7410719531132
 20
567.1531888256748
  0
LWPOLYLINE
  5
79E
330
1F
100
AcDbEntity
  8
PDF_SKY-Lipa$0$POLE NUMBER
370
    13
100
AcDbPolyline
 90
        2
 70
     0
 43
0.0
 10
754.2355658312872
 20
565.7686059667882
 10
756.3124401196172
 20
565.7686059667882
  0
LWPOLYLINE
  5
79F
330
1F
100
AcDbEntity
  8
PDF_SKY-Lipa$0$POLE NUMBER
370
    13
100
AcDbPolyline
 90
       11
 70
     0
 43
0.0
 10
765.5100262536502
 20
610.9653464318753
 10
765.5100262536502
 20
613.4378158227445
 10
766.499014009998
 20
613.4378158227445
 10
766.8946091125369
 20
613.3389170471096
 10
766.9935078881717
 20
613.2400182714749
 10
767.0924066638065
 20
612.9433219445705
 10
767.0924066638065
 20
612.6466256176663
 10
766.9935078881717
 20
612.349929290762
 10
766.8946091125369
 20
612.2510305151272
 10
766.499014009998
 20
612.1521317394924
 10
765.5100262536502
 20
612.1521317394924
  0
LWPOLYLINE
  5
7A0
330
1F
100
AcDbEntity
  8
PDF_SKY-Lipa$0$POLE NUMBER
370
    13
100
AcDbPolyline
 90
        2
 70
     0
 43
0.0
 10
768.7736858495975
 20
613.4378158227445
 10
768.7736858495975
 20
610.9653464318753
  0
LWPOLYLINE
  5
7A1
330
1F
100
AcDbEntity
  8
PDF_SKY-Lipa$0$POLE NUMBER
370
    13
100
AcDbPolyline
 90
        2
 70
     0
 43
0.0
 10
767.9824956445194
 20
613.4378158227445
 10
769.5648760546756
 20
613.4378158227445
  0
LWPOLYLINE
  5
7A2
330
1F
100
AcDbEntity
  8
PDF_SKY-Lipa$0$POLE NUMBER
370
    13
100
AcDbPolyline
 90
        2
 70
     0
 43
0.0
 10
770.0593699328494
 20
612.0532329638576
 10
772.1362442211795
 20
612.0532329638576
  0
LWPOLYLINE
  5
7A3
330
1F
100
AcDbEntity
  8
PDF_SKY-Lipa$0$POLE NUMBER
370
    13
100
AcDbPolyline
 90
        2
 70
     0
 43
0.0
 10
831.1788132751336
 20
829.5316405847039
 10
831.1788132751336
 20
831.9052111999383
  0
LWPOLYLINE
  5
7A4
330
1F
100
AcDbEntity
  8
PDF_SKY-Lipa$0$POLE NUMBER
370
    13
100
AcDbPolyline
 90
        5
 70
     0
 43
0.0
 10
832.0689022558465
 20
829.5316405847039
 10
832.0689022558465
 20
831.9052111999383
 10
833.0578900121942
 20
829.5316405847039
 10
833.947978992907
 20
831.9052111999383
 10
833.947978992907
 20
829.5316405847039
  0
LWPOLYLINE
  5
7A5
330
1F
100
AcDbEntity
  8
PDF_SKY-Lipa$0$POLE NUMBER
370
    13
100
AcDbPolyline
 90
        3
 70
     0
 43
0.0
 10
834.9369667492547
 20
831.9052111999383
 10
834.9369667492547
 20
829.5316405847039
 10
836.3215496081414
 20
829.5316405847039
  0
LWPOLYLINE
  5
7A6
330
1F
100
AcDbEntity
  8
PDF_SKY-Lipa$0$POLE NUMBER
370
    13
100
AcDbPolyline
 90
        2
 70
     0
 43
0.0
 10
836.9149422619498
 20
830.5206283410516
 10
838.99181655028
 20
830.5206283410516
  0
LWPOLYLINE
  5
7A7
330
1F
100
AcDbEntity
  8
PDF_SKY-Lipa$0$POLE NUMBER
370
    13
100
AcDbPolyline
 90
        4
 70
     0
 43
0.0
 10
839.8819055309928
 20
831.5096160973993
 10
840.1786018578972
 20
831.6085148730339
 10
840.4752981848014
 20
831.9052111999383
 10
840.4752981848014
 20
829.5316405847039
  0
LWPOLYLINE
  5
7A8
330
1F
100
AcDbEntity
  8
PDF_SKY-Lipa$0$POLE NUMBER
370
    13
100
AcDbPolyline
 90
       28
 70
     1
 43
0.0
 10
842.354374921862
 20
831.9052111999383
 10
841.9587798193228
 20
831.8063124243035
 10
841.8598810436881
 20
831.6085148730339
 10
841.8598810436881
 20
831.3118185461297
 10
841.9587798193228
 20
831.1140209948602
 10
842.2554761462272
 20
831.0151222192255
 10
842.7499700244009
 20
830.9162234435905
 10
843.0466663513053
 20
830.7184258923211
 10
843.2444639025748
 20
830.5206283410516
 10
843.4422614538444
 20
830.3228307897821
 10
843.4422614538444
 20
829.927235687243
 10
843.2444639025748
 20
829.7294381359735
 10
843.14556512694
 20
829.6305393603386
 10
842.8488688000358
 20
829.5316405847039
 10
842.354374921862
 20
829.5316405847039
 10
841.9587798193228
 20
829.6305393603386
 10
841.8598810436881
 20
829.7294381359735
 10
841.7609822680534
 20
829.927235687243
 10
841.7609822680534
 20
830.3228307897821
 10
841.8598810436881
 20
830.5206283410516
 10
842.1565773705925
 20
830.8173246679558
 10
842.4532736974967
 20
830.9162234435905
 10
842.9477675756706
 20
831.0151222192255
 10
843.14556512694
 20
831.1140209948602
 10
843.2444639025748
 20
831.3118185461297
 10
843.2444639025748
 20
831.6085148730339
 10
843.14556512694
 20
831.8063124243035
 10
842.8488688000358
 20
831.9052111999383
  0
LWPOLYLINE
  5
7A9
330
1F
100
AcDbEntity
  8
PDF_SKY-Lipa$0$POLE NUMBER
370
    13
100
AcDbPolyline
 90
       16
 70
     1
 43
0.0
 10
844.8268443127311
 20
831.9052111999383
 10
844.431249210192
 20
831.8063124243035
 10
844.2334516589225
 20
831.5096160973993
 10
844.1345528832878
 20
830.9162234435905
 10
844.1345528832878
 20
830.5206283410516
 10
844.2334516589225
 20
829.927235687243
 10
844.431249210192
 20
829.6305393603386
 10
844.8268443127311
 20
829.5316405847039
 10
845.0246418640006
 20
829.5316405847039
 10
845.4202369665395
 20
829.6305393603386
 10
845.6180345178092
 20
829.927235687243
 10
845.7169332934439
 20
830.5206283410516
 10
845.7169332934439
 20
830.9162234435905
 10
845.6180345178092
 20
831.5096160973993
 10
845.4202369665395
 20
831.8063124243035
 10
845.0246418640006
 20
831.9052111999383
  0
LWPOLYLINE
  5
7AA
330
1F
100
AcDbEntity
  8
PDF_SKY-Lipa$0$POLE NUMBER
370
    13
100
AcDbPolyline
 90
       11
 70
     0
 43
0.0
 10
846.4092247228872
 20
829.4327418090691
 10
846.4092247228872
 20
831.9052111999383
 10
847.4971112548697
 20
831.9052111999383
 10
847.7938075817739
 20
831.8063124243035
 10
847.9916051330436
 20
831.7074136486688
 10
848.0905039086783
 20
831.5096160973993
 10
848.0905039086783
 20
831.2129197704949
 10
847.9916051330436
 20
831.0151222192255
 10
847.7938075817739
 20
830.9162234435905
 10
847.4971112548697
 20
830.7184258923211
 10
846.4092247228872
 20
830.7184258923211
  0
LWPOLYLINE
  5
7AB
330
1F
100
AcDbEntity
  8
PDF_SKY-Lipa$0$POLE NUMBER
370
    13
100
AcDbPolyline
 90
        2
 70
     0
 43
0.0
 10
847.2993137036002
 20
830.7184258923211
 10
848.0905039086783
 20
829.4327418090691
  0
LWPOLYLINE
  5
7AC
330
1F
100
AcDbEntity
  8
PDF_SKY-Lipa$0$POLE NUMBER
370
    13
100
AcDbPolyline
 90
        2
 70
     0
 43
0.0
 10
849.7717830944692
 20
895.1015288305525
 10
849.7717830944692
 20
897.5739982214216
  0
LWPOLYLINE
  5
7AD
330
1F
100
AcDbEntity
  8
PDF_SKY-Lipa$0$POLE NUMBER
370
    13
100
AcDbPolyline
 90
        5
 70
     0
 43
0.0
 10
850.6618720751822
 20
895.1015288305525
 10
850.6618720751822
 20
897.5739982214216
 10
851.6508598315297
 20
895.1015288305525
 10
852.5409488122427
 20
897.5739982214216
 10
852.5409488122427
 20
895.1015288305525
  0
LWPOLYLINE
  5
7AE
330
1F
100
AcDbEntity
  8
PDF_SKY-Lipa$0$POLE NUMBER
370
    13
100
AcDbPolyline
 90
        3
 70
     0
 43
0.0
 10
853.5299365685903
 20
897.5739982214216
 10
853.5299365685903
 20
895.1015288305525
 10
854.9145194274769
 20
895.1015288305525
  0
LWPOLYLINE
  5
7AF
330
1F
100
AcDbEntity
  8
PDF_SKY-Lipa$0$POLE NUMBER
370
    13
100
AcDbPolyline
 90
        2
 70
     0
 43
0.0
 10
855.5079120812855
 20
896.0905165869002
 10
857.5847863696157
 20
896.0905165869002
  0
LWPOLYLINE
  5
7B0
330
1F
100
AcDbEntity
  8
PDF_SKY-Lipa$0$POLE NUMBER
370
    13
100
AcDbPolyline
 90
        4
 70
     0
 43
0.0
 10
858.4748753503285
 20
897.0795043432479
 10
858.7715716772327
 20
897.1784031188827
 10
859.0682680041371
 20
897.5739982214216
 10
859.0682680041371
 20
895.1015288305525
  0
LWPOLYLINE
  5
7B1
330
1F
100
AcDbEntity
  8
PDF_SKY-Lipa$0$POLE NUMBER
370
    13
100
AcDbPolyline
 90
       28
 70
     1
 43
0.0
 10
860.9473447411977
 20
897.5739982214216
 10
860.5517496386585
 20
897.3762006701521
 10
860.4528508630238
 20
897.1784031188827
 10
860.4528508630238
 20
896.980605567613
 10
860.5517496386585
 20
896.6839092407088
 10
860.8484459655628
 20
896.5850104650739
 10
861.3429398437366
 20
896.4861116894393
 10
861.639636170641
 20
896.3872129138046
 10
861.8374337219105
 20
896.0905165869002
 10
862.03523127318
 20
895.8927190356305
 10
862.03523127318
 20
895.4971239330916
 10
861.8374337219105
 20
895.2993263818221
 10
861.7385349462757
 20
895.2004276061872
 10
861.4418386193714
 20
895.1015288305525
 10
860.9473447411977
 20
895.1015288305525
 10
860.5517496386585
 20
895.2004276061872
 10
860.4528508630238
 20
895.2993263818221
 10
860.3539520873891
 20
895.4971239330916
 10
860.3539520873891
 20
895.8927190356305
 10
860.4528508630238
 20
896.0905165869002
 10
860.749547189928
 20
896.3872129138046
 10
861.0462435168324
 20
896.4861116894393
 10
861.5407373950061
 20
896.5850104650739
 10
861.7385349462757
 20
896.6839092407088
 10
861.8374337219105
 20
896.980605567613
 10
861.8374337219105
 20
897.1784031188827
 10
861.7385349462757
 20
897.3762006701521
 10
861.4418386193714
 20
897.5739982214216
  0
LWPOLYLINE
  5
7B2
330
1F
100
AcDbEntity
  8
PDF_SKY-Lipa$0$POLE NUMBER
370
    13
100
AcDbPolyline
 90
       16
 70
     1
 43
0.0
 10
863.4198141320668
 20
897.4750994457869
 10
863.0242190295277
 20
897.3762006701521
 10
862.826421478258
 20
897.0795043432479
 10
862.7275227026233
 20
896.4861116894393
 10
862.7275227026233
 20
896.0905165869002
 10
862.826421478258
 20
895.4971239330916
 10
863.0242190295277
 20
895.2004276061872
 10
863.4198141320668
 20
895.1015288305525
 10
863.6176116833363
 20
895.1015288305525
 10
864.0132067858754
 20
895.2004276061872
 10
864.2110043371447
 20
895.4971239330916
 10
864.3099031127796
 20
896.0905165869002
 10
864.3099031127796
 20
896.4861116894393
 10
864.2110043371447
 20
897.0795043432479
 10
864.0132067858754
 20
897.3762006701521
 10
863.6176116833363
 20
897.4750994457869
  0
LWPOLYLINE
  5
7B3
330
1F
100
AcDbEntity
  8
PDF_SKY-Lipa$0$POLE NUMBER
370
    13
100
AcDbPolyline
 90
       20
 70
     0
 43
0.0
 10
866.6834737280138
 20
897.1784031188827
 10
866.3867774011096
 20
897.3762006701521
 10
866.0900810742054
 20
897.4750994457869
 10
865.5955871960316
 20
897.4750994457869
 10
865.2988908691272
 20
897.3762006701521
 10
865.002194542223
 20
897.1784031188827
 10
865.002194542223
 20
896.980605567613
 10
865.1010933178577
 20
896.6839092407088
 10
865.2988908691272
 20
896.5850104650739
 10
865.4966884203968
 20
896.4861116894393
 10
866.1889798498402
 20
896.1894153625349
 10
866.3867774011096
 20
896.0905165869002
 10
866.5845749523791
 20
895.9916178112655
 10
866.6834737280138
 20
895.793820259996
 10
866.6834737280138
 20
895.3982251574569
 10
866.3867774011096
 20
895.2004276061872
 10
866.0900810742054
 20
895.1015288305525
 10
865.5955871960316
 20
895.1015288305525
 10
865.2988908691272
 20
895.2004276061872
 10
865.002194542223
 20
895.3982251574569
  0
LWPOLYLINE
  5
7B4
330
1F
100
AcDbEntity
  8
PDF_SKY-Lipa$0$POLE NUMBER
370
    13
100
AcDbPolyline
 90
       11
 70
     0
 43
0.0
 10
821.783429589831
 20
780.2800503185914
 10
821.783429589831
 20
782.6536209338257
 10
822.8713161218134
 20
782.6536209338257
 10
823.2669112243524
 20
782.554722158191
 10
823.3658099999873
 20
782.4558233825562
 10
823.464708775622
 20
782.2580258312868
 10
823.464708775622
 20
781.8624307287477
 10
823.3658099999873
 20
781.6646331774782
 10
823.2669112243524
 20
781.5657344018434
 10
822.8713161218134
 20
781.3679368505739
 10
821.783429589831
 20
781.4668356262086
  0
LWPOLYLINE
  5
7B5
330
1F
100
AcDbEntity
  8
PDF_SKY-Lipa$0$POLE NUMBER
370
    13
100
AcDbPolyline
 90
        2
 70
     0
 43
0.0
 10
825.1459879614131
 20
782.6536209338257
 10
825.0470891857784
 20
780.2800503185914
  0
LWPOLYLINE
  5
7B6
330
1F
100
AcDbEntity
  8
PDF_SKY-Lipa$0$POLE NUMBER
370
    13
100
AcDbPolyline
 90
        2
 70
     0
 43
0.0
 10
824.2558989807001
 20
782.6536209338257
 10
825.937178166491
 20
782.6536209338257
  0
LWPOLYLINE
  5
7B7
330
1F
100
AcDbEntity
  8
PDF_SKY-Lipa$0$POLE NUMBER
370
    13
100
AcDbPolyline
 90
        2
 70
     0
 43
0.0
 10
826.3327732690301
 20
781.2690380749391
 10
828.508546332995
 20
781.2690380749391
  0
CIRCLE
  5
7B8
330
1F
100
AcDbEntity
  8
PDF_SKY-Lipa$0$RICKLEE_POLEPED
370
     0
100
AcDbCircle
 10
488.4796058857549
 20
74.80518408597422
 30
0.0
 40
1.272606169572055
  0
LWPOLYLINE
  5
7B9
330
1F
100
AcDbEntity
  8
PDF_SKY-Lipa$0$RICKLEE_POLEPED
370
     0
100
AcDbPolyline
 90
        2
 70
     0
 43
0.0
 10
488.8901508032151
 20
73.54939963256723
 10
488.098960598137
 20
76.02186902343632
  0
LWPOLYLINE
  5
7BA
330
1F
100
AcDbEntity
  8
PDF_SKY-Lipa$0$RICKLEE_POLEPED
370
     0
100
AcDbPolyline
 90
        2
 70
     0
 43
0.0
 10
489.6813410082931
 20
75.13178004272345
 10
487.2088716174241
 20
74.4394886132801
  0
CIRCLE
  5
7BB
330
1F
100
AcDbEntity
  8
PDF_SKY-Lipa$0$RICKLEE_POLEPED
370
     0
100
AcDbCircle
 10
522.9259772130634
 20
135.6799673168368
 30
0.0
 40
1.3005200854916
  0
LWPOLYLINE
  5
7BC
330
1F
100
AcDbEntity
  8
PDF_SKY-Lipa$0$RICKLEE_POLEPED
370
     0
100
AcDbPolyline
 90
        2
 70
     0
 43
0.0
 10
523.3069247241131
 20
134.4710454235819
 10
522.6146332946695
 20
136.943514814451
  0
LWPOLYLINE
  5
7BD
330
1F
100
AcDbEntity
  8
PDF_SKY-Lipa$0$RICKLEE_POLEPED
370
     0
100
AcDbPolyline
 90
        2
 70
     0
 43
0.0
 10
524.1970137048258
 20
135.9545270581033
 10
521.7245443139567
 20
135.26223562866
  0
CIRCLE
  5
7BE
330
1F
100
AcDbEntity
  8
PDF_SKY-Lipa$0$RICKLEE_POLEPED
370
     0
100
AcDbCircle
 10
550.8847333112885
 20
188.4398772903212
 30
0.0
 40
1.272606169570559
  0
LWPOLYLINE
  5
7BF
330
1F
100
AcDbEntity
  8
PDF_SKY-Lipa$0$RICKLEE_POLEPED
370
     0
100
AcDbPolyline
 90
        2
 70
     0
 43
0.0
 10
551.2952782287512
 20
187.1840928369111
 10
550.5040880236731
 20
189.6565622277803
  0
LWPOLYLINE
  5
7C0
330
1F
100
AcDbEntity
  8
PDF_SKY-Lipa$0$RICKLEE_POLEPED
370
     0
100
AcDbPolyline
 90
        2
 70
     0
 43
0.0
 10
552.0864684338294
 20
188.7664732470674
 10
549.712897818595
 20
188.074181817624
  0
CIRCLE
  5
7C1
330
1F
100
AcDbEntity
  8
PDF_SKY-Lipa$0$RICKLEE_POLEPED
370
     0
100
AcDbCircle
 10
576.0060248742049
 20
233.6366633259396
 30
0.0
 40
1.272087184221908
  0
LWPOLYLINE
  5
7C2
330
1F
100
AcDbEntity
  8
PDF_SKY-Lipa$0$RICKLEE_POLEPED
370
     0
100
AcDbPolyline
 90
        2
 70
     0
 43
0.0
 10
576.4155672399813
 20
232.3808333019984
 10
575.723275810538
 20
234.8533026928675
  0
LWPOLYLINE
  5
7C3
330
1F
100
AcDbEntity
  8
PDF_SKY-Lipa$0$RICKLEE_POLEPED
370
     0
100
AcDbPolyline
 90
        2
 70
     0
 43
0.0
 10
577.3056562206942
 20
233.9632137121546
 10
574.833186829825
 20
233.2709222827112
  0
CIRCLE
  5
7C4
330
1F
100
AcDbEntity
  8
PDF_SKY-Lipa$0$RICKLEE_POLEPED
370
     0
100
AcDbCircle
 10
845.896892937689
 20
898.6706908088088
 30
0.0
 40
1.284569568675601
  0
LWPOLYLINE
  5
7C5
330
1F
100
AcDbEntity
  8
PDF_SKY-Lipa$0$RICKLEE_POLEPED
370
     0
100
AcDbPolyline
 90
        2
 70
     0
 43
0.0
 10
845.9147308447136
 20
899.947568836656
 10
846.8048198254264
 20
899.6508725097516
  0
LWPOLYLINE
  5
7C6
330
1F
100
AcDbEntity
  8
PDF_SKY-Lipa$0$RICKLEE_POLEPED
370
     0
100
AcDbPolyline
 90
        2
 70
     0
 43
0.0
 10
845.6180345178092
 20
899.8486700610213
 10
847.0026173766958
 20
899.3541761828474
  0
LWPOLYLINE
  5
7C7
330
1F
100
AcDbEntity
  8
PDF_SKY-Lipa$0$RICKLEE_POLEPED
370
     0
100
AcDbPolyline
 90
        2
 70
     0
 43
0.0
 10
845.321338190905
 20
899.7497712853865
 10
847.1015161523306
 20
899.0574798559432
  0
LWPOLYLINE
  5
7C8
330
1F
100
AcDbEntity
  8
PDF_SKY-Lipa$0$RICKLEE_POLEPED
370
     0
100
AcDbPolyline
 90
        2
 70
     0
 43
0.0
 10
844.9257430883658
 20
899.4530749584821
 10
847.2004149279653
 20
898.5629859777693
  0
LWPOLYLINE
  5
7C9
330
1F
100
AcDbEntity
  8
PDF_SKY-Lipa$0$RICKLEE_POLEPED
370
     0
100
AcDbPolyline
 90
        2
 70
     0
 43
0.0
 10
845.1235406396353
 20
899.6508725097516
 10
847.2004149279653
 20
898.8596823046735
  0
LWPOLYLINE
  5
7CA
330
1F
100
AcDbEntity
  8
PDF_SKY-Lipa$0$RICKLEE_POLEPED
370
     0
100
AcDbPolyline
 90
        2
 70
     0
 43
0.0
 10
844.8268443127311
 20
899.2552774072127
 10
847.2004149279653
 20
898.3651884264999
  0
LWPOLYLINE
  5
7CB
330
1F
100
AcDbEntity
  8
PDF_SKY-Lipa$0$RICKLEE_POLEPED
370
     0
100
AcDbPolyline
 90
        2
 70
     0
 43
0.0
 10
844.6290467614616
 20
898.9585810803083
 10
847.0026173766958
 20
897.9695933239607
  0
LWPOLYLINE
  5
7CC
330
1F
100
AcDbEntity
  8
PDF_SKY-Lipa$0$RICKLEE_POLEPED
370
     0
100
AcDbPolyline
 90
        2
 70
     0
 43
0.0
 10
844.7279455370962
 20
899.1563786315779
 10
847.1015161523306
 20
898.1673908752302
  0
LWPOLYLINE
  5
7CD
330
1F
100
AcDbEntity
  8
PDF_SKY-Lipa$0$RICKLEE_POLEPED
370
     0
100
AcDbPolyline
 90
        2
 70
     0
 43
0.0
 10
844.6290467614616
 20
898.7607835290388
 10
846.9037186010611
 20
897.870694548326
  0
LWPOLYLINE
  5
7CE
330
1F
100
AcDbEntity
  8
PDF_SKY-Lipa$0$RICKLEE_POLEPED
370
     0
100
AcDbPolyline
 90
        2
 70
     0
 43
0.0
 10
844.6290467614616
 20
898.4640872021346
 10
846.7059210497916
 20
897.6728969970563
  0
LWPOLYLINE
  5
7CF
330
1F
100
AcDbEntity
  8
PDF_SKY-Lipa$0$RICKLEE_POLEPED
370
     0
100
AcDbPolyline
 90
        2
 70
     0
 43
0.0
 10
844.8268443127311
 20
897.9695933239607
 10
846.3103259472525
 20
897.4750994457869
  0
LWPOLYLINE
  5
7D0
330
1F
100
AcDbEntity
  8
PDF_SKY-Lipa$0$RICKLEE_POLEPED
370
     0
100
AcDbPolyline
 90
        2
 70
     0
 43
0.0
 10
844.7279455370962
 20
898.2662896508649
 10
846.508123498522
 20
897.5739982214216
  0
LWPOLYLINE
  5
7D1
330
1F
100
AcDbEntity
  8
PDF_SKY-Lipa$0$RICKLEE_POLEPED
370
     0
100
AcDbPolyline
 90
        2
 70
     0
 43
0.0
 10
845.0246418640006
 20
897.6728969970563
 10
845.9147308447136
 20
897.3762006701521
  0
CIRCLE
  5
7D2
330
1F
100
AcDbEntity
  8
PDF_SKY-Lipa$0$RICKLEE_POLEPED
370
     0
100
AcDbCircle
 10
827.3808255719483
 20
838.4183365860579
 30
0.0
 40
1.277477801616933
  0
LWPOLYLINE
  5
7D3
330
1F
100
AcDbEntity
  8
PDF_SKY-Lipa$0$RICKLEE_POLEPED
370
     0
100
AcDbPolyline
 90
        2
 70
     0
 43
0.0
 10
828.0140524548212
 20
837.3446438598502
 10
826.827267147204
 20
839.6193156994499
  0
LWPOLYLINE
  5
7D4
330
1F
100
AcDbEntity
  8
PDF_SKY-Lipa$0$RICKLEE_POLEPED
370
     0
100
AcDbPolyline
 90
        2
 70
     0
 43
0.0
 10
828.6074451086298
 20
839.0259230456413
 10
826.3327732690301
 20
837.8391377380241
  0
CIRCLE
  5
7D5
330
1F
100
AcDbEntity
  8
PDF_SKY-Lipa$0$RICKLEE_POLEPED
370
     0
100
AcDbCircle
 10
776.6766671867353
 20
676.5849043300946
 30
0.0
 40
1.300524785956943
  0
LWPOLYLINE
  5
7D6
330
1F
100
AcDbEntity
  8
PDF_SKY-Lipa$0$RICKLEE_POLEPED
370
     0
100
AcDbPolyline
 90
        2
 70
     0
 43
0.0
 10
777.2789805541872
 20
675.5462469213763
 10
776.0921952465699
 20
677.7220199853411
  0
LWPOLYLINE
  5
7D7
330
1F
100
AcDbEntity
  8
PDF_SKY-Lipa$0$RICKLEE_POLEPED
370
     0
100
AcDbPolyline
 90
        2
 70
     0
 43
0.0
 10
777.773474432361
 20
677.2275261071672
 10
775.5977013683962
 20
675.9418420239153
  0
CIRCLE
  5
7D8
330
1F
100
AcDbEntity
  8
PDF_SKY-Lipa$0$RICKLEE_POLEPED
370
     0
100
AcDbCircle
 10
668.6731750923018
 20
402.9513216421188
 30
0.0
 40
1.272606169571166
  0
LWPOLYLINE
  5
7D9
330
1F
100
AcDbEntity
  8
PDF_SKY-Lipa$0$RICKLEE_POLEPED
370
     0
100
AcDbPolyline
 90
        2
 70
     0
 43
0.0
 10
669.0837200097553
 20
401.6955371887145
 10
668.3914285803119
 20
404.1680065795835
  0
LWPOLYLINE
  5
7DA
330
1F
100
AcDbEntity
  8
PDF_SKY-Lipa$0$RICKLEE_POLEPED
370
     0
100
AcDbPolyline
 90
        2
 70
     0
 43
0.0
 10
669.9738089904681
 20
403.2779175988706
 10
667.501339599599
 20
402.5856261694273
  0
LWPOLYLINE
  5
7DB
330
1F
100
AcDbEntity
  8
PDF_SKY-Lipa$0$RICKLEE_POLEPED
370
     0
100
AcDbPolyline
 90
       12
 70
     1
 43
0.0
 10
673.0396710351458
 20
452.4306090893484
 10
672.4462783813372
 20
452.3317103137137
 10
671.8528857275287
 20
451.9361152111746
 10
671.6550881762591
 20
451.3427225573661
 10
671.7539869518938
 20
450.6504311279227
 10
672.2484808300677
 20
450.1559372497489
 10
672.8418734838762
 20
449.9581396984793
 10
673.5341649133196
 20
450.0570384741141
 10
674.0286587914935
 20
450.4526335766532
 10
674.2264563427631
 20
451.0460262304618
 10
674.1275575671282
 20
451.7383176599051
 10
673.6330636889544
 20
452.232811538079
  0
LWPOLYLINE
  5
7DC
330
1F
100
AcDbEntity
  8
PDF_SKY-Lipa$0$RICKLEE_POLEPED
370
     0
100
AcDbPolyline
 90
        2
 70
     0
 43
0.0
 10
673.8308612402239
 20
450.2548360253836
 10
672.1495820544329
 20
452.232811538079
  0
LWPOLYLINE
  5
7DD
330
1F
100
AcDbEntity
  8
PDF_SKY-Lipa$0$RICKLEE_POLEPED
370
     0
100
AcDbPolyline
 90
        2
 70
     0
 43
0.0
 10
673.9297600158587
 20
452.0350139868094
 10
671.9517845031634
 20
450.3537348010184
  0
LWPOLYLINE
  5
7DE
330
1F
100
AcDbEntity
  8
PDF_SKY-Lipa$0$RICKLEE_POLEPED
370
     0
100
AcDbPolyline
 90
       12
 70
     1
 43
0.0
 10
638.0295044604394
 20
347.4990081408638
 10
637.337213030996
 20
347.6968056921333
 10
636.7438203771873
 20
347.4990081408638
 10
636.2493264990136
 20
347.0045142626899
 10
636.1504277233787
 20
346.3122228332466
 10
636.2493264990136
 20
345.718830179438
 10
636.7438203771873
 20
345.2243363012642
 10
637.4361118066307
 20
345.1254375256294
 10
638.0295044604394
 20
345.323235076899
 10
638.5239983386131
 20
345.718830179438
 10
638.6228971142479
 20
346.4111216088814
 10
638.5239983386131
 20
347.0045142626899
  0
LWPOLYLINE
  5
7DF
330
1F
100
AcDbEntity
  8
PDF_SKY-Lipa$0$RICKLEE_POLEPED
370
     0
100
AcDbPolyline
 90
        2
 70
     0
 43
0.0
 10
637.732808133535
 20
345.1254375256294
 10
637.0405167040916
 20
347.5979069164985
  0
LWPOLYLINE
  5
7E0
330
1F
100
AcDbEntity
  8
PDF_SKY-Lipa$0$RICKLEE_POLEPED
370
     0
100
AcDbPolyline
 90
        2
 70
     0
 43
0.0
 10
638.6228971142479
 20
346.7078179357857
 10
636.1504277233787
 20
346.0155265063423
  0
CIRCLE
  5
7E1
330
1F
100
AcDbEntity
  8
PDF_SKY-Lipa$0$RICKLEE_POLEPED
370
     0
100
AcDbCircle
 10
615.0007373290291
 20
304.697974876649
 30
0.0
 40
1.300520085491194
  0
LWPOLYLINE
  5
7E2
330
1F
100
AcDbEntity
  8
PDF_SKY-Lipa$0$RICKLEE_POLEPED
370
     0
100
AcDbPolyline
 90
        2
 70
     0
 43
0.0
 10
615.3816848400784
 20
303.4890529833938
 10
614.689393410635
 20
305.9615223742629
  0
LWPOLYLINE
  5
7E3
330
1F
100
AcDbEntity
  8
PDF_SKY-Lipa$0$RICKLEE_POLEPED
370
     0
100
AcDbPolyline
 90
        2
 70
     0
 43
0.0
 10
616.2717738207913
 20
305.07143339355
 10
613.7993044299221
 20
304.2802431884719
  0
CIRCLE
  5
7E4
330
1F
100
AcDbEntity
  8
PDF_SKY-Lipa$0$RICKLEE_POLEPED
370
     0
100
AcDbCircle
 10
638.236108067075
 20
464.415198848173
 30
0.0
 40
1.284569568708426
  0
LWPOLYLINE
  5
7E5
330
1F
100
AcDbEntity
  8
PDF_SKY-Lipa$0$RICKLEE_POLEPED
370
     0
100
AcDbPolyline
 90
        2
 70
     0
 43
0.0
 10
637.1394154797265
 20
463.8039682873463
 10
639.414087319326
 20
464.8918548193288
  0
LWPOLYLINE
  5
7E6
330
1F
100
AcDbEntity
  8
PDF_SKY-Lipa$0$RICKLEE_POLEPED
370
     0
100
AcDbPolyline
 90
        2
 70
     0
 43
0.0
 10
638.7217958898827
 20
463.2105756335377
 10
637.732808133535
 20
465.4852474731373
  0
CIRCLE
  5
7E7
330
1F
100
AcDbEntity
  8
PDF_SKY-Lipa$0$RICKLEE_POLEPED
370
     0
100
AcDbCircle
 10
622.7831415972623
 20
469.4794818955322
 30
0.0
 40
1.27860321339976
  0
LWPOLYLINE
  5
7E8
330
1F
100
AcDbEntity
  8
PDF_SKY-Lipa$0$RICKLEE_POLEPED
370
     0
100
AcDbPolyline
 90
        2
 70
     0
 43
0.0
 10
621.6123077050684
 20
468.8478058447193
 10
623.8869795446681
 20
470.0345911523364
  0
LWPOLYLINE
  5
7E9
330
1F
100
AcDbEntity
  8
PDF_SKY-Lipa$0$RICKLEE_POLEPED
370
     0
100
AcDbPolyline
 90
        2
 70
     0
 43
0.0
 10
623.2935868908595
 20
468.3533119665455
 10
622.2057003588771
 20
470.627983806145
  0
LWPOLYLINE
  5
7EA
330
1F
100
AcDbEntity
  8
PDF_SKY-Lipa$0$RICKLEE_POLEPED
370
     0
100
AcDbPolyline
 90
       12
 70
     1
 43
0.0
 10
590.9536872582917
 20
457.6722441979909
 10
590.6569909313873
 20
458.1667380761648
 10
590.0635982775788
 20
458.463434403069
 10
589.3713068481353
 20
458.463434403069
 10
588.7779141943268
 20
458.06783930053
 10
588.5801166430573
 20
457.4744466467214
 10
588.5801166430573
 20
456.782155217278
 10
588.9757117455964
 20
456.1887625634695
 10
589.5691043994049
 20
455.9909650122
 10
590.2613958288482
 20
455.9909650122
 10
590.7558897070221
 20
456.386560114739
 10
591.0525860339264
 20
456.9799527685476
  0
LWPOLYLINE
  5
7EB
330
1F
100
AcDbEntity
  8
PDF_SKY-Lipa$0$RICKLEE_POLEPED
370
     0
100
AcDbPolyline
 90
        2
 70
     0
 43
0.0
 10
589.2724080725006
 20
456.0898637878347
 10
590.3602946044831
 20
458.3645356274343
  0
LWPOLYLINE
  5
7EC
330
1F
100
AcDbEntity
  8
PDF_SKY-Lipa$0$RICKLEE_POLEPED
370
     0
100
AcDbPolyline
 90
        2
 70
     0
 43
0.0
 10
590.9536872582917
 20
456.6832564416433
 10
588.5801166430573
 20
457.7711429736257
  0
LWPOLYLINE
  5
7ED
330
1F
100
AcDbEntity
  8
PDF_SKY-Lipa$0$RICKLEE_POLEPED
370
     0
100
AcDbPolyline
 90
       12
 70
     1
 43
0.0
 10
578.9869354064851
 20
497.2317544518966
 10
578.3935427526765
 20
496.9350581249923
 10
577.9979476501376
 20
496.3416654711837
 10
577.9979476501376
 20
495.7482728173751
 10
578.3935427526765
 20
495.1548801635666
 10
578.9869354064851
 20
494.7592850610275
 10
579.5803280602938
 20
494.7592850610275
 10
580.1737207141023
 20
495.1548801635666
 10
580.4704170410066
 20
495.7482728173751
 10
580.4704170410066
 20
496.3416654711837
 10
580.1737207141023
 20
496.9350581249923
 10
579.5803280602938
 20
497.2317544518966
  0
LWPOLYLINE
  5
7EE
330
1F
100
AcDbEntity
  8
PDF_SKY-Lipa$0$RICKLEE_POLEPED
370
     0
100
AcDbPolyline
 90
        2
 70
     0
 43
0.0
 10
580.3715182653719
 20
495.4515764904709
 10
578.1957452014071
 20
496.7372605737227
  0
LWPOLYLINE
  5
7EF
330
1F
100
AcDbEntity
  8
PDF_SKY-Lipa$0$RICKLEE_POLEPED
370
     0
100
AcDbPolyline
 90
        2
 70
     0
 43
0.0
 10
579.9759231628327
 20
497.1328556762618
 10
578.6902390795809
 20
494.957082612297
  0
CIRCLE
  5
7F0
330
1F
100
AcDbEntity
  8
PDF_SKY-Lipa$0$RICKLEE_POLEPED
370
     0
100
AcDbCircle
 10
566.2735788632264
 20
537.2509008187932
 30
0.0
 40
1.268418342659818
  0
LWPOLYLINE
  5
7F1
330
1F
100
AcDbEntity
  8
PDF_SKY-Lipa$0$RICKLEE_POLEPED
370
     0
100
AcDbPolyline
 90
        2
 70
     0
 43
0.0
 10
567.4157786572177
 20
536.6923659301675
 10
565.1411068176182
 20
537.8791512377846
  0
LWPOLYLINE
  5
7F2
330
1F
100
AcDbEntity
  8
PDF_SKY-Lipa$0$RICKLEE_POLEPED
370
     0
100
AcDbPolyline
 90
        2
 70
     0
 43
0.0
 10
566.9212847790439
 20
538.3736451159584
 10
565.7344994714268
 20
536.0989732763589
  0
CIRCLE
  5
7F3
330
1F
100
AcDbEntity
  8
PDF_SKY-Lipa$0$RICKLEE_POLEPED
370
     0
100
AcDbCircle
 10
553.974465884504
 20
576.4993433876901
 30
0.0
 40
1.300524785969932
  0
LWPOLYLINE
  5
7F4
330
1F
100
AcDbEntity
  8
PDF_SKY-Lipa$0$RICKLEE_POLEPED
370
     0
100
AcDbPolyline
 90
        2
 70
     0
 43
0.0
 10
555.152330478507
 20
575.9551798571687
 10
552.8776586389075
 20
577.1419651647859
  0
LWPOLYLINE
  5
7F5
330
1F
100
AcDbEntity
  8
PDF_SKY-Lipa$0$RICKLEE_POLEPED
370
     0
100
AcDbPolyline
 90
        2
 70
     0
 43
0.0
 10
554.5589378246984
 20
577.6364590429598
 10
553.3721525170813
 20
575.3617872033601
  0
LWPOLYLINE
  5
7F6
330
1F
100
AcDbEntity
  8
PDF_SKY-Lipa$0$RICKLEE_POLEPED
370
     0
100
AcDbPolyline
 90
        4
 70
     1
 43
0.0
 10
654.2489036645406
 20
379.4433126708926
 10
655.5345877477925
 20
381.7179845104922
 10
657.8092595873921
 20
380.531199202875
 10
656.5235755041402
 20
378.1576285876407
  0
CIRCLE
  5
7FA
330
1F
100
AcDbEntity
  8
PDF_SKY-Lipa$0$RICKLEE_POLEPED
370
     0
100
AcDbCircle
 10
656.0151343627354
 20
379.9079524897559
 30
0.0
 40
1.272087184218669
  0
LWPOLYLINE
  5
7FB
330
1F
100
AcDbEntity
  8
PDF_SKY-Lipa$0$RICKLEE_POLEPED
370
     0
100
AcDbPolyline
 90
        2
 70
     0
 43
0.0
 10
656.4246767285054
 20
378.7510212414492
 10
655.7323852990621
 20
381.2234906323183
  0
LWPOLYLINE
  5
7FC
330
1F
100
AcDbEntity
  8
PDF_SKY-Lipa$0$RICKLEE_POLEPED
370
     0
100
AcDbPolyline
 90
        2
 70
     0
 43
0.0
 10
657.3147657092183
 20
380.2345028759707
 10
654.8422963183492
 20
379.5422114465273
  0
LWPOLYLINE
  5
7FD
330
1F
100
AcDbEntity
  8
PDF_SKY-Lipa$0$RICKLEE_POLEPED
370
     0
100
AcDbPolyline
 90
        4
 70
     1
 43
0.0
 10
696.6764784118544
 20
455.4964711340262
 10
697.7643649438369
 20
457.8700417492605
 10
700.236834334706
 20
456.6832564416433
 10
699.0500490270887
 20
454.309685826409
  0
CIRCLE
  5
801
330
1F
100
AcDbEntity
  8
PDF_SKY-Lipa$0$RICKLEE_POLEPED
370
     0
100
AcDbCircle
 10
698.4555325235673
 20
456.0876160884098
 30
0.0
 40
1.288191144213974
  0
LWPOLYLINE
  5
802
330
1F
100
AcDbEntity
  8
PDF_SKY-Lipa$0$RICKLEE_POLEPED
370
     0
100
AcDbPolyline
 90
        2
 70
     0
 43
0.0
 10
698.8522514758192
 20
454.9030784802176
 10
698.0610612707412
 20
457.2766490954519
  0
LWPOLYLINE
  5
803
330
1F
100
AcDbEntity
  8
PDF_SKY-Lipa$0$RICKLEE_POLEPED
370
     0
100
AcDbPolyline
 90
        2
 70
     0
 43
0.0
 10
699.6434416808973
 20
456.4854588903738
 10
697.269871065663
 20
455.5953699096609
  0
LWPOLYLINE
  5
804
330
1F
100
AcDbEntity
  8
PDF_SKY-Lipa$0$RICKLEE_POLEPED
370
     0
100
AcDbPolyline
 90
        4
 70
     1
 43
0.0
 10
725.1593257946665
 20
513.9456475341717
 10
725.9505159997446
 20
516.5170157006756
 10
728.4229853906136
 20
515.8247242712323
 10
727.7306939611703
 20
513.2533561047284
  0
CIRCLE
  5
808
330
1F
100
AcDbEntity
  8
PDF_SKY-Lipa$0$RICKLEE_POLEPED
370
     0
100
AcDbCircle
 10
726.8260610428515
 20
514.8677331775949
 30
0.0
 40
1.291744034504011
  0
LWPOLYLINE
  5
809
330
1F
100
AcDbEntity
  8
PDF_SKY-Lipa$0$RICKLEE_POLEPED
370
     0
100
AcDbPolyline
 90
        2
 70
     0
 43
0.0
 10
727.4339976342661
 20
513.7478499829021
 10
726.2472123266489
 20
516.0225218225019
  0
LWPOLYLINE
  5
80A
330
1F
100
AcDbEntity
  8
PDF_SKY-Lipa$0$RICKLEE_POLEPED
370
     0
100
AcDbPolyline
 90
        2
 70
     0
 43
0.0
 10
727.9284915124399
 20
515.4291291686932
 10
725.752718448475
 20
514.2423438610761
  0
LWPOLYLINE
  5
80B
330
1F
100
AcDbEntity
  8
PDF_SKY-Lipa$0$RICKLEE_POLEPED
370
     0
100
AcDbPolyline
 90
        4
 70
     1
 43
0.0
 10
740.884231120594
 20
566.9553912744053
 10
741.6754213256721
 20
569.5267594409091
 10
744.246789492176
 20
568.735569235831
 10
743.3567005114631
 20
566.1642010693271
  0
LWPOLYLINE
  5
80F
330
1F
100
AcDbEntity
  8
PDF_SKY-Lipa$0$RICKLEE_POLEPED
370
     0
100
AcDbPolyline
 90
       12
 70
     1
 43
0.0
 10
742.961105408924
 20
569.0322655627353
 10
742.2688139794806
 20
569.1311643383701
 10
741.6754213256721
 20
568.8344680114657
 10
741.2798262231331
 20
568.2410753576572
 10
741.2798262231331
 20
567.5487839282139
 10
741.5765225500373
 20
566.9553912744053
 10
742.1699152038459
 20
566.658694947501
 10
742.8622066332892
 20
566.5597961718662
 10
743.3567005114631
 20
566.9553912744053
 10
743.7522956140021
 20
567.4498851525791
 10
743.7522956140021
 20
568.1421765820224
 10
743.4555992870979
 20
568.735569235831
  0
LWPOLYLINE
  5
810
330
1F
100
AcDbEntity
  8
PDF_SKY-Lipa$0$RICKLEE_POLEPED
370
     0
100
AcDbPolyline
 90
        2
 70
     0
 43
0.0
 10
743.1589029601935
 20
566.7575937231357
 10
741.9721176525764
 20
569.0322655627353
  0
LWPOLYLINE
  5
811
330
1F
100
AcDbEntity
  8
PDF_SKY-Lipa$0$RICKLEE_POLEPED
370
     0
100
AcDbPolyline
 90
        2
 70
     0
 43
0.0
 10
743.7522956140021
 20
568.339974133292
 10
741.4776237744026
 20
567.2520876013095
  0
LWPOLYLINE
  5
812
330
1F
100
AcDbEntity
  8
PDF_SKY-Lipa$0$RICKLEE_POLEPED
370
     0
100
AcDbPolyline
 90
        4
 70
     1
 43
0.0
 10
757.3014278759647
 20
617.9871595019435
 10
758.0926180810429
 20
620.5585276684474
 10
760.6639862475468
 20
619.7673374633693
 10
759.8727960424687
 20
617.1959692968654
  0
CIRCLE
  5
816
330
1F
100
AcDbEntity
  8
PDF_SKY-Lipa$0$RICKLEE_POLEPED
370
     0
100
AcDbCircle
 10
758.9737863481518
 20
618.8280193593786
 30
0.0
 40
1.300524785957817
  0
LWPOLYLINE
  5
817
330
1F
100
AcDbEntity
  8
PDF_SKY-Lipa$0$RICKLEE_POLEPED
370
     0
100
AcDbPolyline
 90
        2
 70
     0
 43
0.0
 10
759.5760997155643
 20
617.6904631750393
 10
758.3893144079472
 20
619.9651350146388
  0
LWPOLYLINE
  5
818
330
1F
100
AcDbEntity
  8
PDF_SKY-Lipa$0$RICKLEE_POLEPED
370
     0
100
AcDbPolyline
 90
        2
 70
     0
 43
0.0
 10
760.169492369373
 20
619.3717423608302
 10
757.8948205297734
 20
618.1849570532131
  0
LWPOLYLINE
  5
819
330
1F
100
AcDbEntity
  8
PDF_SKY-Lipa$0$RICKLEE_POLEPED
370
     0
100
AcDbPolyline
 90
        4
 70
     1
 43
0.0
 10
790.0369226110718
 20
724.7978371874888
 10
790.8281128161498
 20
727.3692053539926
 10
793.3994809826537
 20
726.5780151489146
 10
792.6082907775756
 20
724.0066469824106
  0
CIRCLE
  5
81D
330
1F
100
AcDbEntity
  8
PDF_SKY-Lipa$0$RICKLEE_POLEPED
370
     0
100
AcDbCircle
 10
791.7092810832389
 20
725.6386970449567
 30
0.0
 40
1.300524785932636
  0
LWPOLYLINE
  5
81E
330
1F
100
AcDbEntity
  8
PDF_SKY-Lipa$0$RICKLEE_POLEPED
370
     0
100
AcDbPolyline
 90
        2
 70
     0
 43
0.0
 10
792.3115944506713
 20
724.5011408605845
 10
791.1248091430542
 20
726.7758127001841
  0
LWPOLYLINE
  5
81F
330
1F
100
AcDbEntity
  8
PDF_SKY-Lipa$0$RICKLEE_POLEPED
370
     0
100
AcDbPolyline
 90
        2
 70
     0
 43
0.0
 10
792.9049871044798
 20
726.1824200463754
 10
790.6303152648803
 20
724.9956347387583
  0
LWPOLYLINE
  5
820
330
1F
100
AcDbEntity
  8
PDF_SKY-Lipa$0$RICKLEE_POLEPED
370
     0
100
AcDbPolyline
 90
        4
 70
     1
 43
0.0
 10
808.6298924304074
 20
783.0492160363649
 10
809.4210826354855
 20
785.6205842028686
 10
811.9924508019893
 20
784.8293939977906
 10
811.2012605969113
 20
782.2580258312868
  0
CIRCLE
  5
824
330
1F
100
AcDbEntity
  8
PDF_SKY-Lipa$0$RICKLEE_POLEPED
370
     0
100
AcDbCircle
 10
810.3022509025658
 20
783.8900758937873
 30
0.0
 40
1.300524785978722
  0
LWPOLYLINE
  5
825
330
1F
100
AcDbEntity
  8
PDF_SKY-Lipa$0$RICKLEE_POLEPED
370
     0
100
AcDbPolyline
 90
        2
 70
     0
 43
0.0
 10
810.9045642700069
 20
782.7525197094606
 10
809.7177789623899
 20
785.0271915490601
  0
LWPOLYLINE
  5
826
330
1F
100
AcDbEntity
  8
PDF_SKY-Lipa$0$RICKLEE_POLEPED
370
     0
100
AcDbPolyline
 90
        2
 70
     0
 43
0.0
 10
811.4979569238155
 20
784.4337988952515
 10
809.223285084216
 20
783.2470135876343
  0
MTEXT
  5
827
330
1F
100
AcDbEntity
  8
PDF_Text
 62
    92
420
    47104
100
AcDbMText
 10
675.7369012243548
 20
405.5837153883299
 30
0.0
 40
2.938129775357052
 41
0.0
 46
0.0
 71
     4
 72
     5
  1
115-A01
  7
PDF Arial Narrow
 73
     1
 44
1.0
  0
MTEXT
  5
828
330
1F
100
AcDbEntity
  8
PDF_Text
 62
    92
420
    47104
100
AcDbMText
 10
586.4276345928865
 20
241.2072597761498
 30
0.0
 40
2.938129775357052
 41
0.0
 46
0.0
 71
     4
 72
     5
  1
115-A03
  7
PDF Arial Narrow
 73
     1
 44
1.0
  0
MTEXT
  5
829
330
1F
100
AcDbEntity
  8
PDF_Text
 62
   132
420
    56797
100
AcDbMText
 10
701.2537914294325
 20
524.6936706793133
 30
0.0
 40
1.762840055732997
 41
0.0
 46
0.0
 71
     4
 72
     5
  1
18.5
  7
PDF ArialMT
 73
     1
 44
1.0
  0
MTEXT
  5
82A
330
1F
100
AcDbEntity
  8
PDF_Text
 62
   132
420
    56797
100
AcDbMText
 10
701.2712219613539
 20
521.429734408256
 30
0.0
 40
1.773115200439425
 41
0.0
 46
0.0
 71
     4
 72
     5
  1
17.3
  7
PDF ArialMT
 11
0.999783557373537
 21
-0.0208047688166836
 31
0.0
 73
     1
 44
1.0
  0
MTEXT
  5
82B
330
1F
100
AcDbEntity
  8
PDF_Text
 62
   132
420
    56797
100
AcDbMText
 10
521.052928060905
 20
125.7197928343944
 30
0.0
 40
1.77313331008298
 41
0.0
 46
0.0
 71
     4
 72
     5
  1
19.9
  7
PDF ArialMT
 73
     1
 44
1.0
  0
MTEXT
  5
82C
330
1F
100
AcDbEntity
  8
PDF_Text
 62
   132
420
    56797
100
AcDbMText
 10
521.052928060905
 20
122.4560074770336
 30
0.0
 40
1.77313331008298
 41
0.0
 46
0.0
 71
     4
 72
     5
  1
18.0
  7
PDF ArialMT
 73
     1
 44
1.0
  0
MTEXT
  5
82D
330
1F
100
AcDbEntity
  8
PDF_Text
 62
    92
420
    47104
100
AcDbMText
 10
570.2075814294346
 20
451.6723683746268
 30
0.0
 40
2.938129775357052
 41
0.0
 46
0.0
 71
     4
 72
     5
  1
115-A02
  7
PDF Arial Narrow
 73
     1
 44
1.0
  0
MTEXT
  5
82E
330
1F
100
AcDbEntity
  8
PDF_Text
 62
   132
420
    56797
100
AcDbMText
 10
537.4882093075479
 20
571.7712233889682
 30
0.0
 40
1.773115200439425
 41
0.0
 46
0.0
 71
     4
 72
     5
  1
19.4
  7
PDF ArialMT
 11
0.999783557373537
 21
-0.0208047688166836
 31
0.0
 73
     1
 44
1.0
  0
MTEXT
  5
82F
330
1F
100
AcDbEntity
  8
PDF_Text
 62
   132
420
    56797
100
AcDbMText
 10
537.4707787756265
 20
568.4087404742345
 30
0.0
 40
1.77313331008298
 41
0.0
 46
0.0
 71
     4
 72
     5
  1
18.0
  7
PDF ArialMT
 73
     1
 44
1.0
  0
MTEXT
  5
830
330
1F
100
AcDbEntity
  8
PDF_Text
 62
    92
420
    47104
100
AcDbMText
 10
741.6061519390755
 20
686.1709232720841
 30
0.0
 40
2.938129775357052
 41
0.0
 46
0.0
 71
     4
 72
     5
  1
115-A05
  7
PDF Arial Narrow
 73
     1
 44
1.0
  0
MTEXT
  5
831
330
1F
100
AcDbEntity
  8
PDF_Text
 62
    92
420
    47104
100
AcDbMText
 10
835.7616094903436
 20
845.4044413329947
 30
0.0
 40
2.938129775357052
 41
0.0
 46
0.0
 71
     4
 72
     5
  1
115-A04
  7
PDF Arial Narrow
 73
     1
 44
1.0
  0
MTEXT
  5
832
330
1F
100
AcDbEntity
  8
PDF_Text
 62
   132
420
    56797
100
AcDbMText
 10
593.0541543878082
 20
321.5473355767773
 30
0.0
 40
1.77313331008298
 41
0.0
 46
0.0
 71
     4
 72
     5
  1
21.1
  7
PDF ArialMT
 73
     1
 44
1.0
  0
MTEXT
  5
833
330
1F
100
AcDbEntity
  8
PDF_Text
 62
   132
420
    56797
100
AcDbMText
 10
593.0541543878082
 20
318.2835627955578
 30
0.0
 40
1.77313331008298
 41
0.0
 46
0.0
 71
     4
 72
     5
  1
17.6
  7
PDF ArialMT
 73
     1
 44
1.0
  0
MTEXT
  5
834
330
1F
100
AcDbEntity
  8
PDF_Text
 62
    92
420
    47104
100
AcDbMText
 10
743.3863802050666
 20
554.6302193939124
 30
0.0
 40
2.938129775357052
 41
0.0
 46
0.0
 71
     4
 72
     5
  1
115-NODE
  7
PDF Arial Narrow
 73
     1
 44
1.0
  0
MTEXT
  5
835
330
1F
100
AcDbEntity
  8
PDF_Text
 62
   132
420
    56797
100
AcDbMText
 10
721.0343514294322
 20
595.607010474234
 30
0.0
 40
1.77313331008298
 41
0.0
 46
0.0
 71
     4
 72
     5
  1
20.0
  7
PDF ArialMT
 73
     1
 44
1.0
  0
MTEXT
  5
836
330
1F
100
AcDbEntity
  8
PDF_Text
 62
   132
420
    56797
100
AcDbMText
 10
721.0343514294322
 20
592.2443011889556
 30
0.0
 40
1.77313331008298
 41
0.0
 46
0.0
 71
     4
 72
     5
  1
16.4
  7
PDF ArialMT
 73
     1
 44
1.0
  0
MTEXT
  5
837
330
1F
100
AcDbEntity
  8
PDF_Text
100
AcDbMText
 10
614.9116389807034
 20
248.7548687402306
 30
0.0
 40
1.77313331008298
 41
0.0
 46
0.0
 71
     4
 72
     5
  1
115-A03
  7
PDF ArialMT
 73
     1
 44
1.0
  0
MTEXT
  5
838
330
1F
100
AcDbEntity
  8
PDF_Text
100
AcDbMText
 10
613.625904592886
 20
241.9305891224633
 30
0.0
 40
1.77313331008298
 41
0.0
 46
0.0
 71
     4
 72
     5
  1
SkyGM-LE
  7
PDF ArialMT
 73
     1
 44
1.0
  0
MTEXT
  5
839
330
1F
100
AcDbEntity
  8
PDF_Text
100
AcDbMText
 10
615.1094868365383
 20
238.2711960864221
 30
0.0
 40
1.77313331008298
 41
0.0
 46
0.0
 71
     4
 72
     5
  1
PS115A
  7
PDF ArialMT
 73
     1
 44
1.0
  0
MTEXT
  5
83A
330
1F
100
AcDbEntity
  8
PDF_Text
100
AcDbMText
 10
610.8566382659818
 20
235.1062843524134
 30
0.0
 40
1.77313331008298
 41
0.0
 46
0.0
 71
     4
 72
     5
  1
FEQ-0
  7
PDF ArialMT
 73
     1
 44
1.0
  0
MTEXT
  5
83B
330
1F
100
AcDbEntity
  8
PDF_Text
100
AcDbMText
 10
620.7469182659816
 20
235.1062843524134
 30
0.0
 40
1.77313331008298
 41
0.0
 46
0.0
 71
     4
 72
     5
  1
FAP-17
  7
PDF ArialMT
 73
     1
 44
1.0
  0
MTEXT
  5
83C
330
1F
100
AcDbEntity
  8
PDF_Text
100
AcDbMText
 10
613.823752448721
 20
232.0403091224635
 30
0.0
 40
1.77313331008298
 41
0.0
 46
0.0
 71
     4
 72
     5
  1
3
  7
PDF ArialMT
 73
     1
 44
1.0
  0
MTEXT
  5
83D
330
1F
100
AcDbEntity
  8
PDF_Text
100
AcDbMText
 10
622.8238931634425
 20
232.0403091224635
 30
0.0
 40
1.77313331008298
 41
0.0
 46
0.0
 71
     4
 72
     5
  1
174
  7
PDF ArialMT
 73
     1
 44
1.0
  0
MTEXT
  5
83E
330
1F
100
AcDbEntity
  8
PDF_Text
100
AcDbMText
 10
612.0434738781644
 20
228.8754099645961
 30
0.0
 40
1.77313331008298
 41
0.0
 46
0.0
 71
     4
 72
     5
  1
57.7
  7
PDF ArialMT
 73
     1
 44
1.0
  0
MTEXT
  5
83F
330
1F
100
AcDbEntity
  8
PDF_Text
100
AcDbMText
 10
623.2194882659816
 20
228.8754099645961
 30
0.0
 40
1.77313331008298
 41
0.0
 46
0.0
 71
     4
 72
     5
  1
.67
  7
PDF ArialMT
 73
     1
 44
1.0
  0
MTEXT
  5
840
330
1F
100
AcDbEntity
  8
PDF_Text
100
AcDbMText
 10
612.0434738781644
 20
225.8094347346462
 30
0.0
 40
1.77313331008298
 41
0.0
 46
0.0
 71
     4
 72
     5
  1
25.8
  7
PDF ArialMT
 73
     1
 44
1.0
  0
MTEXT
  5
841
330
1F
100
AcDbEntity
  8
PDF_Text
100
AcDbMText
 10
622.4282980609035
 20
225.7105359590114
 30
0.0
 40
1.77313331008298
 41
0.0
 46
0.0
 71
     4
 72
     5
  1
26.4
  7
PDF ArialMT
 73
     1
 44
1.0
  0
MTEXT
  5
842
330
1F
100
AcDbEntity
  8
PDF_Text
100
AcDbMText
 10
613.1314107147122
 20
222.6445355767788
 30
0.0
 40
1.77313331008298
 41
0.0
 46
0.0
 71
     4
 72
     5
  1
37
  7
PDF ArialMT
 73
     1
 44
1.0
  0
MTEXT
  5
843
330
1F
100
AcDbEntity
  8
PDF_Text
100
AcDbMText
 10
622.4282980609035
 20
222.6445355767788
 30
0.0
 40
1.77313331008298
 41
0.0
 46
0.0
 71
     4
 72
     5
  1
49.5
  7
PDF ArialMT
 73
     1
 44
1.0
  0
MTEXT
  5
844
330
1F
100
AcDbEntity
  8
PDF_Text
100
AcDbMText
 10
742.8918863268928
 20
718.7409662914928
 30
0.0
 40
1.77313331008298
 41
0.0
 46
0.0
 71
     4
 72
     5
  1
115-A05
  7
PDF ArialMT
 73
     1
 44
1.0
  0
MTEXT
  5
845
330
1F
100
AcDbEntity
  8
PDF_Text
100
AcDbMText
 10
741.6061519390755
 20
711.9166992498669
 30
0.0
 40
1.77313331008298
 41
0.0
 46
0.0
 71
     4
 72
     5
  1
SkyGM-LE
  7
PDF ArialMT
 73
     1
 44
1.0
  0
MTEXT
  5
846
330
1F
100
AcDbEntity
  8
PDF_Text
100
AcDbMText
 10
742.9907851025276
 20
708.1583948620496
 30
0.0
 40
1.77313331008298
 41
0.0
 46
0.0
 71
     4
 72
     5
  1
PS115A
  7
PDF ArialMT
 73
     1
 44
1.0
  0
MTEXT
  5
847
330
1F
100
AcDbEntity
  8
PDF_Text
100
AcDbMText
 10
737.7489487756234
 20
705.0923819036756
 30
0.0
 40
1.77313331008298
 41
0.0
 46
0.0
 71
     4
 72
     5
  1
FEQ-1.5FAP-18
  7
PDF ArialMT
 73
     1
 44
1.0
  0
MTEXT
  5
848
330
1F
100
AcDbEntity
  8
PDF_Text
100
AcDbMText
 10
741.803949490345
 20
701.9274701696669
 30
0.0
 40
1.77313331008298
 41
0.0
 46
0.0
 71
     4
 72
     5
  1
3
  7
PDF ArialMT
 73
     1
 44
1.0
  0
MTEXT
  5
849
330
1F
100
AcDbEntity
  8
PDF_Text
100
AcDbMText
 10
750.7051914294318
 20
701.9274701696669
 30
0.0
 40
1.77313331008298
 41
0.0
 46
0.0
 71
     4
 72
     5
  1
173
  7
PDF ArialMT
 73
     1
 44
1.0
  0
MTEXT
  5
84A
330
1F
100
AcDbEntity
  8
PDF_Text
100
AcDbMText
 10
740.0237212243538
 20
698.8615075158584
 30
0.0
 40
1.77313331008298
 41
0.0
 46
0.0
 71
     4
 72
     5
  1
57.6
  7
PDF ArialMT
 73
     1
 44
1.0
  0
MTEXT
  5
84B
330
1F
100
AcDbEntity
  8
PDF_Text
100
AcDbMText
 10
751.1008368365362
 20
698.7626087402236
 30
0.0
 40
1.77313331008298
 41
0.0
 46
0.0
 71
     4
 72
     5
  1
.67
  7
PDF ArialMT
 73
     1
 44
1.0
  0
MTEXT
  5
84C
330
1F
100
AcDbEntity
  8
PDF_Text
100
AcDbMText
 10
740.0237212243538
 20
695.6965957818497
 30
0.0
 40
1.77313331008298
 41
0.0
 46
0.0
 71
     4
 72
     5
  1
28.5
  7
PDF ArialMT
 73
     1
 44
1.0
  0
MTEXT
  5
84D
330
1F
100
AcDbEntity
  8
PDF_Text
100
AcDbMText
 10
750.4084951025275
 20
695.6965957818497
 30
0.0
 40
1.77313331008298
 41
0.0
 46
0.0
 71
     4
 72
     5
  1
28.7
  7
PDF ArialMT
 73
     1
 44
1.0
  0
MTEXT
  5
84E
330
1F
100
AcDbEntity
  8
PDF_Text
100
AcDbMText
 10
741.0127089807015
 20
692.6306331280411
 30
0.0
 40
1.77313331008298
 41
0.0
 46
0.0
 71
     4
 72
     5
  1
37
  7
PDF ArialMT
 73
     1
 44
1.0
  0
MTEXT
  5
84F
330
1F
100
AcDbEntity
  8
PDF_Text
100
AcDbMText
 10
750.4084951025275
 20
692.6306331280411
 30
0.0
 40
1.77313331008298
 41
0.0
 46
0.0
 71
     4
 72
     5
  1
49.5
  7
PDF ArialMT
 73
     1
 44
1.0
  0
MTEXT
  5
850
330
1F
100
AcDbEntity
  8
PDF_Text
100
AcDbMText
 10
703.0429739080703
 20
419.3621484356625
 30
0.0
 40
1.773124255261203
 41
0.0
 46
0.0
 71
     4
 72
     5
  1
115-A01
  7
PDF ArialMT
 11
0.9999433618390405
 21
-0.0106429842637121
 31
0.0
 73
     1
 44
1.0
  0
MTEXT
  5
851
330
1F
100
AcDbEntity
  8
PDF_Text
100
AcDbMText
 10
700.1658545928847
 20
412.5379191224607
 30
0.0
 40
1.77313331008298
 41
0.0
 46
0.0
 71
     4
 72
     5
  1
SkyGM-42SA
  7
PDF ArialMT
 73
     1
 44
1.0
  0
MTEXT
  5
852
330
1F
100
AcDbEntity
  8
PDF_Text
100
AcDbMText
 10
703.1329687756239
 20
408.8785135102781
 30
0.0
 40
1.77313331008298
 41
0.0
 46
0.0
 71
     4
 72
     5
  1
PS115A
  7
PDF ArialMT
 73
     1
 44
1.0
  0
MTEXT
  5
853
330
1F
100
AcDbEntity
  8
PDF_Text
100
AcDbMText
 10
698.979018980702
 20
405.7136143524108
 30
0.0
 40
1.77313331008298
 41
0.0
 46
0.0
 71
     4
 72
     5
  1
FEQ-0
  7
PDF ArialMT
 73
     1
 44
1.0
  0
MTEXT
  5
854
330
1F
100
AcDbEntity
  8
PDF_Text
100
AcDbMText
 10
708.780285052174
 20
405.7135640478453
 30
0.0
 40
1.773124255261203
 41
0.0
 46
0.0
 71
     4
 72
     5
  1
FAP-18
  7
PDF ArialMT
 11
0.9999304360584101
 21
-0.011795043197779
 31
0.0
 73
     1
 44
1.0
  0
MTEXT
  5
855
330
1F
100
AcDbEntity
  8
PDF_Text
100
AcDbMText
 10
701.9461331634413
 20
402.548740346826
 30
0.0
 40
1.77313331008298
 41
0.0
 46
0.0
 71
     4
 72
     5
  1
2
  7
PDF ArialMT
 73
     1
 44
1.0
  0
MTEXT
  5
856
330
1F
100
AcDbEntity
  8
PDF_Text
100
AcDbMText
 10
710.8473751025281
 20
402.548740346826
 30
0.0
 40
1.77313331008298
 41
0.0
 46
0.0
 71
     4
 72
     5
  1
186
  7
PDF ArialMT
 73
     1
 44
1.0
  0
MTEXT
  5
857
330
1F
100
AcDbEntity
  8
PDF_Text
100
AcDbMText
 10
700.1658545928847
 20
399.4827399645935
 30
0.0
 40
1.77313331008298
 41
0.0
 46
0.0
 71
     4
 72
     5
  1
58.2
  7
PDF ArialMT
 73
     1
 44
1.0
  0
MTEXT
  5
858
330
1F
100
AcDbEntity
  8
PDF_Text
100
AcDbMText
 10
710.5678074801526
 20
399.4825764747558
 30
0.0
 40
1.773115200439425
 41
0.0
 46
0.0
 71
     4
 72
     5
  1
2.23
  7
PDF ArialMT
 11
0.9997913506070014
 21
-0.0204268267586478
 31
0.0
 73
     1
 44
1.0
  0
MTEXT
  5
859
330
1F
100
AcDbEntity
  8
PDF_Text
100
AcDbMText
 10
700.06695581725
 20
396.3178659590088
 30
0.0
 40
1.77313331008298
 41
0.0
 46
0.0
 71
     4
 72
     5
  1
22.7
  7
PDF ArialMT
 73
     1
 44
1.0
  0
MTEXT
  5
85A
330
1F
100
AcDbEntity
  8
PDF_Text
100
AcDbMText
 10
710.5506787756239
 20
396.3178659590088
 30
0.0
 40
1.77313331008298
 41
0.0
 46
0.0
 71
     4
 72
     5
  1
23.6
  7
PDF ArialMT
 73
     1
 44
1.0
  0
MTEXT
  5
85B
330
1F
100
AcDbEntity
  8
PDF_Text
100
AcDbMText
 10
701.1548926537978
 20
393.2518655767761
 30
0.0
 40
1.77313331008298
 41
0.0
 46
0.0
 71
     4
 72
     5
  1
37
  7
PDF ArialMT
 73
     1
 44
1.0
  0
MTEXT
  5
85C
330
1F
100
AcDbEntity
  8
PDF_Text
100
AcDbMText
 10
710.5506787756239
 20
393.2518655767761
 30
0.0
 40
1.77313331008298
 41
0.0
 46
0.0
 71
     4
 72
     5
  1
49.5
  7
PDF ArialMT
 73
     1
 44
1.0
  0
MTEXT
  5
85D
330
1F
100
AcDbEntity
  8
PDF_Text
100
AcDbMText
 10
550.8226668365393
 20
468.813598740227
 30
0.0
 40
1.77313331008298
 41
0.0
 46
0.0
 71
     4
 72
     5
  1
115-A02
  7
PDF ArialMT
 73
     1
 44
1.0
  0
MTEXT
  5
85E
330
1F
100
AcDbEntity
  8
PDF_Text
100
AcDbMText
 10
549.536932448722
 20
461.9893316986012
 30
0.0
 40
1.77313331008298
 41
0.0
 46
0.0
 71
     4
 72
     5
  1
SkyGM-LE
  7
PDF ArialMT
 73
     1
 44
1.0
  0
MTEXT
  5
85F
330
1F
100
AcDbEntity
  8
PDF_Text
100
AcDbMText
 10
550.9215656121742
 20
458.3298757818532
 30
0.0
 40
1.77313331008298
 41
0.0
 46
0.0
 71
     4
 72
     5
  1
PS115A
  7
PDF ArialMT
 73
     1
 44
1.0
  0
MTEXT
  5
860
330
1F
100
AcDbEntity
  8
PDF_Text
100
AcDbMText
 10
546.7676158172523
 20
455.16501435241
 30
0.0
 40
1.77313331008298
 41
0.0
 46
0.0
 71
     4
 72
     5
  1
FEQ-0
  7
PDF ArialMT
 73
     1
 44
1.0
  0
MTEXT
  5
861
330
1F
100
AcDbEntity
  8
PDF_Text
100
AcDbMText
 10
556.5589970416174
 20
455.16501435241
 30
0.0
 40
1.77313331008298
 41
0.0
 46
0.0
 71
     4
 72
     5
  1
FAP-15
  7
PDF ArialMT
 73
     1
 44
1.0
  0
MTEXT
  5
862
330
1F
100
AcDbEntity
  8
PDF_Text
100
AcDbMText
 10
549.6358312243568
 20
452.0990516986014
 30
0.0
 40
1.77313331008298
 41
0.0
 46
0.0
 71
     4
 72
     5
  1
3
  7
PDF ArialMT
 73
     1
 44
1.0
  0
MTEXT
  5
863
330
1F
100
AcDbEntity
  8
PDF_Text
100
AcDbMText
 10
558.6359719390783
 20
452.0001529229666
 30
0.0
 40
1.77313331008298
 41
0.0
 46
0.0
 71
     4
 72
     5
  1
135
  7
PDF ArialMT
 73
     1
 44
1.0
  0
MTEXT
  5
864
330
1F
100
AcDbEntity
  8
PDF_Text
100
AcDbMText
 10
547.9544514294349
 20
448.9341399645927
 30
0.0
 40
1.77313331008298
 41
0.0
 46
0.0
 71
     4
 72
     5
  1
57.8
  7
PDF ArialMT
 73
     1
 44
1.0
  0
MTEXT
  5
865
330
1F
100
AcDbEntity
  8
PDF_Text
100
AcDbMText
 10
559.0315670416173
 20
448.9341399645927
 30
0.0
 40
1.77313331008298
 41
0.0
 46
0.0
 71
     4
 72
     5
  1
.67
  7
PDF ArialMT
 73
     1
 44
1.0
  0
MTEXT
  5
866
330
1F
100
AcDbEntity
  8
PDF_Text
100
AcDbMText
 10
547.8555526538001
 20
445.8681270062187
 30
0.0
 40
1.77313331008298
 41
0.0
 46
0.0
 71
     4
 72
     5
  1
22.7
  7
PDF ArialMT
 73
     1
 44
1.0
  0
MTEXT
  5
867
330
1F
100
AcDbEntity
  8
PDF_Text
100
AcDbMText
 10
558.339275612174
 20
445.7692282305839
 30
0.0
 40
1.77313331008298
 41
0.0
 46
0.0
 71
     4
 72
     5
  1
24.3
  7
PDF ArialMT
 73
     1
 44
1.0
  0
MTEXT
  5
868
330
1F
100
AcDbEntity
  8
PDF_Text
100
AcDbMText
 10
548.943489490348
 20
442.7032655767753
 30
0.0
 40
1.77313331008298
 41
0.0
 46
0.0
 71
     4
 72
     5
  1
37
  7
PDF ArialMT
 73
     1
 44
1.0
  0
MTEXT
  5
869
330
1F
100
AcDbEntity
  8
PDF_Text
100
AcDbMText
 10
558.339275612174
 20
442.7032655767753
 30
0.0
 40
1.77313331008298
 41
0.0
 46
0.0
 71
     4
 72
     5
  1
49.5
  7
PDF ArialMT
 73
     1
 44
1.0
  0
MTEXT
  5
86A
330
1F
100
AcDbEntity
  8
PDF_Text
100
AcDbMText
 10
787.4970451025269
 20
862.5456716985951
 30
0.0
 40
1.77313331008298
 41
0.0
 46
0.0
 71
     4
 72
     5
  1
115-A04
  7
PDF ArialMT
 73
     1
 44
1.0
  0
MTEXT
  5
86B
330
1F
100
AcDbEntity
  8
PDF_Text
100
AcDbMText
 10
784.9312858950685
 20
855.7213543524037
 30
0.0
 40
1.77313331008298
 41
0.0
 46
0.0
 71
     4
 72
     5
  1
SkyGM-42JA
  7
PDF ArialMT
 11
0.999976803522138
 21
-0.0068111979597758
 31
0.0
 73
     1
 44
1.0
  0
MTEXT
  5
86C
330
1F
100
AcDbEntity
  8
PDF_Text
100
AcDbMText
 10
787.6948426537965
 20
851.962999660021
 30
0.0
 40
1.77313331008298
 41
0.0
 46
0.0
 71
     4
 72
     5
  1
PS115A
  7
PDF ArialMT
 73
     1
 44
1.0
  0
MTEXT
  5
86D
330
1F
100
AcDbEntity
  8
PDF_Text
100
AcDbMText
 10
783.4420443878054
 20
848.8970370062125
 30
0.0
 40
1.77313331008298
 41
0.0
 46
0.0
 71
     4
 72
     5
  1
FEQ-6
  7
PDF ArialMT
 73
     1
 44
1.0
  0
MTEXT
  5
86E
330
1F
100
AcDbEntity
  8
PDF_Text
100
AcDbMText
 10
793.3323243878052
 20
848.8970370062125
 30
0.0
 40
1.77313331008298
 41
0.0
 46
0.0
 71
     4
 72
     5
  1
FAP-13
  7
PDF ArialMT
 73
     1
 44
1.0
  0
MTEXT
  5
86F
330
1F
100
AcDbEntity
  8
PDF_Text
100
AcDbMText
 10
786.4091082659791
 20
845.7322258813347
 30
0.0
 40
1.77313331008298
 41
0.0
 46
0.0
 71
     4
 72
     5
  1
2
  7
PDF ArialMT
 73
     1
 44
1.0
  0
MTEXT
  5
870
330
1F
100
AcDbEntity
  8
PDF_Text
100
AcDbMText
 10
795.4092489807006
 20
845.7322258813347
 30
0.0
 40
1.77313331008298
 41
0.0
 46
0.0
 71
     4
 72
     5
  1
290
  7
PDF ArialMT
 73
     1
 44
1.0
  0
MTEXT
  5
871
330
1F
100
AcDbEntity
  8
PDF_Text
100
AcDbMText
 10
784.6288799999879
 20
842.6661626183951
 30
0.0
 40
1.77313331008298
 41
0.0
 46
0.0
 71
     4
 72
     5
  1
58.1
  7
PDF ArialMT
 73
     1
 44
1.0
  0
MTEXT
  5
872
330
1F
100
AcDbEntity
  8
PDF_Text
100
AcDbMText
 10
795.1125526537963
 20
842.6661626183951
 30
0.0
 40
1.77313331008298
 41
0.0
 46
0.0
 71
     4
 72
     5
  1
1.56
  7
PDF ArialMT
 73
     1
 44
1.0
  0
MTEXT
  5
873
330
1F
100
AcDbEntity
  8
PDF_Text
100
AcDbMText
 10
784.6288799999879
 20
839.5013011889519
 30
0.0
 40
1.77313331008298
 41
0.0
 46
0.0
 71
     4
 72
     5
  1
24.4
  7
PDF ArialMT
 73
     1
 44
1.0
  0
MTEXT
  5
874
330
1F
100
AcDbEntity
  8
PDF_Text
100
AcDbMText
 10
795.0136538781615
 20
839.5013011889519
 30
0.0
 40
1.77313331008298
 41
0.0
 46
0.0
 71
     4
 72
     5
  1
20.3
  7
PDF ArialMT
 73
     1
 44
1.0
  0
MTEXT
  5
875
330
1F
100
AcDbEntity
  8
PDF_Text
100
AcDbMText
 10
785.7168168365356
 20
836.4352882305778
 30
0.0
 40
1.77313331008298
 41
0.0
 46
0.0
 71
     4
 72
     5
  1
37
  7
PDF ArialMT
 73
     1
 44
1.0
  0
MTEXT
  5
876
330
1F
100
AcDbEntity
  8
PDF_Text
100
AcDbMText
 10
795.0136538781615
 20
836.4352882305778
 30
0.0
 40
1.77313331008298
 41
0.0
 46
0.0
 71
     4
 72
     5
  1
49.5
  7
PDF ArialMT
 73
     1
 44
1.0
  0
MTEXT
  5
877
330
1F
100
AcDbEntity
  8
PDF_Text
100
AcDbMText
 10
702.6384245928847
 20
588.4859968011384
 30
0.0
 40
1.77313331008298
 41
0.0
 46
0.0
 71
     4
 72
     5
  1
115-NODE
  7
PDF ArialMT
 73
     1
 44
1.0
  0
MTEXT
  5
878
330
1F
100
AcDbEntity
  8
PDF_Text
100
AcDbMText
 10
701.4515889807021
 20
581.661679454947
 30
0.0
 40
1.77313331008298
 41
0.0
 46
0.0
 71
     4
 72
     5
  1
SkyGM-HGD
  7
PDF ArialMT
 73
     1
 44
1.0
  0
MTEXT
  5
879
330
1F
100
AcDbEntity
  8
PDF_Text
100
AcDbMText
 10
704.122006836537
 20
578.0022738427645
 30
0.0
 40
1.77313331008298
 41
0.0
 46
0.0
 71
     4
 72
     5
  1
PS115A
  7
PDF ArialMT
 73
     1
 44
1.0
  0
MTEXT
  5
87A
330
1F
100
AcDbEntity
  8
PDF_Text
100
AcDbMText
 10
700.9570951025282
 20
574.8374124133213
 30
0.0
 40
1.77313331008298
 41
0.0
 46
0.0
 71
     4
 72
     5
  1
FAIL
  7
PDF ArialMT
 73
     1
 44
1.0
  0
MTEXT
  5
87B
330
1F
100
AcDbEntity
  8
PDF_Text
100
AcDbMText
 10
711.3418689807019
 20
574.8374124133213
 30
0.0
 40
1.77313331008298
 41
0.0
 46
0.0
 71
     4
 72
     5
  1
FAIL
  7
PDF ArialMT
 73
     1
 44
1.0
  0
MTEXT
  5
87C
330
1F
100
AcDbEntity
  8
PDF_Text
100
AcDbMText
 10
702.9351712243545
 20
571.7713994549471
 30
0.0
 40
1.77313331008298
 41
0.0
 46
0.0
 71
     4
 72
     5
  1
1
  7
PDF ArialMT
 73
     1
 44
1.0
  0
MTEXT
  5
87D
330
1F
100
AcDbEntity
  8
PDF_Text
100
AcDbMText
 10
713.2210463268933
 20
571.6725006793124
 30
0.0
 40
1.77313331008298
 41
0.0
 46
0.0
 71
     4
 72
     5
  1
0
  7
PDF ArialMT
 73
     1
 44
1.0
  0
MTEXT
  5
87E
330
1F
100
AcDbEntity
  8
PDF_Text
100
AcDbMText
 10
702.1439307147109
 20
568.6065380255039
 30
0.0
 40
1.77313331008298
 41
0.0
 46
0.0
 71
     4
 72
     5
  1
60
  7
PDF ArialMT
 73
     1
 44
1.0
  0
MTEXT
  5
87F
330
1F
100
AcDbEntity
  8
PDF_Text
100
AcDbMText
 10
711.5397168365368
 20
568.6065380255039
 30
0.0
 40
1.77313331008298
 41
0.0
 46
0.0
 71
     4
 72
     5
  1
3.53
  7
PDF ArialMT
 73
     1
 44
1.0
  0
MTEXT
  5
880
330
1F
100
AcDbEntity
  8
PDF_Text
100
AcDbMText
 10
702.8362724487196
 20
565.5405250671299
 30
0.0
 40
1.77313331008298
 41
0.0
 46
0.0
 71
     4
 72
     5
  1
0
  7
PDF ArialMT
 73
     1
 44
1.0
  0
MTEXT
  5
881
330
1F
100
AcDbEntity
  8
PDF_Text
100
AcDbMText
 10
713.2210463268933
 20
565.4416262914951
 30
0.0
 40
1.77313331008298
 41
0.0
 46
0.0
 71
     4
 72
     5
  1
0
  7
PDF ArialMT
 73
     1
 44
1.0
  0
MTEXT
  5
882
330
1F
100
AcDbEntity
  8
PDF_Text
100
AcDbMText
 10
702.1439307147109
 20
562.3756636376866
 30
0.0
 40
1.77313331008298
 41
0.0
 46
0.0
 71
     4
 72
     5
  1
29
  7
PDF ArialMT
 73
     1
 44
1.0
  0
MTEXT
  5
883
330
1F
100
AcDbEntity
  8
PDF_Text
100
AcDbMText
 10
712.5287045928845
 20
562.3756636376866
 30
0.0
 40
1.77313331008298
 41
0.0
 46
0.0
 71
     4
 72
     5
  1
41
  7
PDF ArialMT
 73
     1
 44
1.0
  0
ENDSEC
  0
SECTION
  2
OBJECTS
  0
DICTIONARY
  5
C
330
0
100
AcDbDictionary
281
     1
  3
ACAD_CIP_PREVIOUS_PRODUCT_INFO
350
216
  3
ACAD_COLOR
350
6B
  3
ACAD_DETAILVIEWSTYLE
350
21B
  3
ACAD_GROUP
350
D
  3
ACAD_LAYOUT
350
1A
  3
ACAD_MATERIAL
350
6A
  3
ACAD_MLEADERSTYLE
350
12D
  3
ACAD_MLINESTYLE
350
17
  3
ACAD_PLOTSETTINGS
350
19
  3
ACAD_PLOTSTYLENAME
350
E
  3
ACAD_SCALELIST
350
10C
  3
ACAD_SECTIONVIEWSTYLE
350
219
  3
ACAD_TABLESTYLE
350
7E
  3
ACAD_VISUALSTYLE
350
EF
  3
ACDB_RECOMPOSE_DATA
350
887
  3
AcDbVariableDictionary
350
5E
  0
DICTIONARY
  5
1FF
330
2
100
AcDbDictionary
280
     1
281
     1
  3
ACAD_LAYERSTATES
360
200
  0
DICTIONARY
  5
13C
330
10
100
AcDbDictionary
280
     1
281
     1
  0
DICTIONARY
  5
1CE
330
1F
100
AcDbDictionary
280
     1
281
     1
  0
XRECORD
  5
216
102
{ACAD_REACTORS
330
C
102
}
330
C
100
AcDbXrecord
280
     1
300

300

300

  0
DICTIONARY
  5
6B
102
{ACAD_REACTORS
330
C
102
}
330
C
100
AcDbDictionary
281
     1
  0
DICTIONARY
  5
21B
102
{ACAD_REACTORS
330
C
102
}
330
C
100
AcDbDictionary
281
     1
  3
Metric50
350
21C
  0
DICTIONARY
  5
D
102
{ACAD_REACTORS
330
C
102
}
330
C
100
AcDbDictionary
281
     1
  0
DICTIONARY
  5
1A
102
{ACAD_REACTORS
330
C
102
}
330
C
100
AcDbDictionary
281
     1
  3
Layout1
350
D3
  3
Layout2
350
D7
  3
Model
350
22
  0
DICTIONARY
  5
6A
102
{ACAD_REACTORS
330
C
102
}
330
C
100
AcDbDictionary
281
     1
  3
ByBlock
350
ED
  3
ByLayer
350
EC
  3
Global
350
EE
  0
DICTIONARY
  5
12D
102
{ACAD_REACTORS
330
C
102
}
330
C
100
AcDbDictionary
281
     1
  3
Annotative
350
13B
  3
Standard
350
12E
  0
DICTIONARY
  5
17
102
{ACAD_REACTORS
330
C
102
}
330
C
100
AcDbDictionary
281
     1
  3
Standard
350
18
  0
DICTIONARY
  5
19
102
{ACAD_REACTORS
330
C
102
}
330
C
100
AcDbDictionary
281
     1
  0
ACDBDICTIONARYWDFLT
  5
E
102
{ACAD_REACTORS
330
C
102
}
330
C
100
AcDbDictionary
281
     1
  3
Normal
350
F
100
AcDbDictionaryWithDefault
340
F
  0
DICTIONARY
  5
10C
102
{ACAD_REACTORS
330
C
102
}
330
C
100
AcDbDictionary
281
     1
  3
A0
350
10D
  3
A1
350
1BE
  3
A2
350
1BF
  3
A3
350
1C0
  3
A4
350
1C1
  3
A5
350
1C2
  3
A6
350
1C3
  3
A7
350
1C4
  3
A8
350
1C5
  3
A9
350
1C6
  3
B0
350
1C7
  3
B1
350
1C8
  3
B2
350
1C9
  3
B3
350
1CA
  3
B4
350
1CB
  3
B5
350
1CC
  3
B6
350
1CD
  0
DICTIONARY
  5
219
102
{ACAD_REACTORS
330
C
102
}
330
C
100
AcDbDictionary
281
     1
  3
Metric50
350
21A
  0
DICTIONARY
  5
7E
102
{ACAD_REACTORS
330
C
102
}
330
C
100
AcDbDictionary
281
     1
  3
Standard
350
7F
  0
DICTIONARY
  5
EF
102
{ACAD_REACTORS
330
C
102
}
330
C
100
AcDbDictionary
281
     1
  3
2dWireframe
350
F5
  3
Basic
350
F4
  3
Brighten
350
FB
  3
ColorChange
350
FF
  3
Conceptual
350
F8
  3
Dim
350
FA
  3
EdgeColorOff
350
1E6
  3
Facepattern
350
FE
  3
Flat
350
F0
  3
FlatWithEdges
350
F1
  3
Gouraud
350
F2
  3
GouraudWithEdges
350
F3
  3
Hidden
350
F7
  3
JitterOff
350
1E4
  3
Linepattern
350
FD
  3
OverhangOff
350
1E5
  3
Realistic
350
F9
  3
Shaded
350
1F3
  3
Shaded with edges
350
1F2
  3
Shades of Gray
350
1EF
  3
Sketchy
350
1F0
  3
Thicken
350
FC
  3
Wireframe
350
F6
  3
X-Ray
350
1F1
  0
XRECORD
  5
887
102
{ACAD_REACTORS
330
C
102
}
330
C
100
AcDbXrecord
280
     1
 90
        1
330
7F
  0
DICTIONARY
  5
5E
102
{ACAD_REACTORS
330
C
102
}
330
C
100
AcDbDictionary
281
     1
  3
CANNOSCALE
350
146
  3
CENTEREXE
350
259
  3
CENTERLTYPEFILE
350
25A
  3
CMLEADERSTYLE
350
145
  3
CTABLESTYLE
350
84
  3
CVIEWDETAILSTYLE
350
227
  3
CVIEWSECTIONSTYLE
350
228
  3
DIMASSOC
350
5F
  3
HIDETEXT
350
63
  3
LAYEREVAL
350
1AE
  3
LAYERNOTIFY
350
1AF
  0
DICTIONARY
  5
200
102
{ACAD_REACTORS
330
1FF
102
}
330
1FF
100
AcDbDictionary
281
     1
  0
ACDBDETAILVIEWSTYLE
  5
21C
102
{ACAD_REACTORS
330
21B
102
}
330
21B
100
AcDbModelDocViewStyle
 70
     0
  3
Metric50
290
     0
300
Metric50
 90
        0
100
AcDbDetailViewStyle
 70
     0
 71
     0
 90
        3
 71
     1
340
11
 62
   256
 40
5.0
340
0
 62
   256
 40
5.0
300

 40
0.0
280
     1
 71
     2
340
16
 90
       25
 62
   256
 71
     3
340
11
 62
   256
 40
5.0
 90
        0
 40
15.0
 90
        1
300
%<\AcVar ViewDetailId>% (%<\AcVar ViewScale \f "%sn">%)
 71
     4
340
16
 90
       25
 62
   256
340
16
 90
       25
 62
   256
280
     0
  0
LAYOUT
  5
D3
102
{ACAD_REACTORS
330
1A
102
}
330
1A
100
AcDbPlotSettings
  1

  2
C:\Documents and Settings\basas\Application Data\Autodesk\AutoCAD 2005\R16.1\enu\plotters\Default Windows System Printer.pc3
  4

  6

 40
0.0
 41
0.0
 42
0.0
 43
0.0
 44
0.0
 45
0.0
 46
0.0
 47
0.0
 48
0.0
 49
0.0
140
0.0
141
0.0
142
1.0
143
1.0
 70
   688
 72
     0
 73
     0
 74
     5
  7

 75
    16
147
1.0
 76
     0
 77
     2
 78
   300
148
0.0
149
0.0
100
AcDbLayout
  1
Layout1
 70
     1
 71
     1
 10
0.0
 20
0.0
 11
12.0
 21
9.0
 12
0.0
 22
0.0
 32
0.0
 14
0.0
 24
0.0
 34
0.0
 15
0.0
 25
0.0
 35
0.0
146
0.0
 13
0.0
 23
0.0
 33
0.0
 16
1.0
 26
0.0
 36
0.0
 17
0.0
 27
1.0
 37
0.0
 76
     0
330
D2
  0
LAYOUT
  5
D7
102
{ACAD_REACTORS
330
1A
102
}
330
1A
100
AcDbPlotSettings
  1

  2
C:\Documents and Settings\basas\Application Data\Autodesk\AutoCAD 2005\R16.1\enu\plotters\Default Windows System Printer.pc3
  4

  6

 40
0.0
 41
0.0
 42
0.0
 43
0.0
 44
0.0
 45
0.0
 46
0.0
 47
0.0
 48
0.0
 49
0.0
140
0.0
141
0.0
142
1.0
143
1.0
 70
   688
 72
     0
 73
     0
 74
     5
  7

 75
    16
147
1.0
 76
     0
 77
     2
 78
   300
148
0.0
149
0.0
100
AcDbLayout
  1
Layout2
 70
     1
 71
     2
 10
0.0
 20
0.0
 11
12.0
 21
9.0
 12
0.0
 22
0.0
 32
0.0
 14
0.0
 24
0.0
 34
0.0
 15
0.0
 25
0.0
 35
0.0
146
0.0
 13
0.0
 23
0.0
 33
0.0
 16
1.0
 26
0.0
 36
0.0
 17
0.0
 27
1.0
 37
0.0
 76
     0
330
D6
  0
LAYOUT
  5
22
102
{ACAD_XDICTIONARY
360
205
102
}
102
{ACAD_REACTORS
330
1A
102
}
330
1A
100
AcDbPlotSettings
  1

  2
none_device
  4
ISO_A4_(210.00_x_297.00_MM)
  6

 40
7.5
 41
20.0
 42
7.5
 43
20.0
 44
210.0
 45
297.0
 46
11.54999923706054
 47
-13.65000009536743
 48
0.0
 49
0.0
140
0.0
141
0.0
142
1.0
143
8.704084754739808
 70
 11952
 72
     1
 73
     0
 74
     0
  7

 75
     0
147
0.1148885871608098
 76
     0
 77
     2
 78
   300
148
0.0
149
0.0
100
AcDbLayout
  1
Model
 70
     1
 71
     0
 10
0.0
 20
0.0
 11
12.0
 21
9.0
 12
0.0
 22
0.0
 32
0.0
 14
0.0
 24
0.0
 34
0.0
 15
0.0
 25
0.0
 35
0.0
146
0.0
 13
0.0
 23
0.0
 33
0.0
 16
1.0
 26
0.0
 36
0.0
 17
0.0
 27
1.0
 37
0.0
 76
     0
330
1F
331
EA
1001
ACAD_PSEXT
1000
None
1000
None
1000
Not applicable
1000
The layout will not be plotted unless a new plotter configuration name is selected.
1070
     0
  0
MATERIAL
  5
ED
102
{ACAD_XDICTIONARY
360
1F9
102
}
102
{ACAD_REACTORS
330
6A
102
}
330
6A
100
AcDbMaterial
  1
ByBlock
 94
       63
  0
MATERIAL
  5
EC
102
{ACAD_XDICTIONARY
360
1F7
102
}
102
{ACAD_REACTORS
330
6A
102
}
330
6A
100
AcDbMaterial
  1
ByLayer
 94
       63
  0
MATERIAL
  5
EE
102
{ACAD_XDICTIONARY
360
173
102
}
102
{ACAD_REACTORS
330
6A
102
}
330
6A
100
AcDbMaterial
  1
Global
 43
0.0007999999797903
 43
0.0
 43
0.0
 43
0.0
 43
0.0
 43
0.0007999999797903
 43
0.0
 43
0.0
 43
0.0
 43
0.0
 43
1.0
 43
0.0
 43
0.0
 43
0.0
 43
0.0
 43
1.0
 49
0.0007999999797903
 49
0.0
 49
0.0
 49
0.0
 49
0.0
 49
0.0007999999797903
 49
0.0
 49
0.0
 49
0.0
 49
0.0
 49
1.0
 49
0.0
 49
0.0
 49
0.0
 49
0.0
 49
1.0
142
0.0007999999797903
142
0.0
142
0.0
142
0.0
142
0.0
142
0.0007999999797903
142
0.0
142
0.0
142
0.0
142
0.0
142
1.0
142
0.0
142
0.0
142
0.0
142
0.0
142
1.0
144
0.0007999999797903
144
0.0
144
0.0
144
0.0
144
0.0
144
0.0007999999797903
144
0.0
144
0.0
144
0.0
144
0.0
144
1.0
144
0.0
144
0.0
144
0.0
144
0.0
144
1.0
 94
       63
1001
ACAD
1070
    -1
1070
     3
1070
     0
1000

1071
        0
1070
     0
  0
MLEADERSTYLE
  5
13B
102
{ACAD_REACTORS
330
12D
102
}
330
12D
100
AcDbMLeaderStyle
179
     2
170
     2
171
     1
172
     0
 90
        2
 40
0.0
 41
0.0
173
     1
 91
-1056964608
340
14
 92
       -2
290
     1
 42
2.0
291
     1
 43
8.0
  3
Standard
 44
4.0
300

342
11
174
     1
178
     1
175
     1
176
     0
 93
-1056964608
 45
4.0
292
     0
297
     0
 46
4.0
 94
-1056964608
 47
1.0
 49
1.0
140
1.0
293
     1
141
0.0
294
     1
177
     0
142
1.0
295
     0
296
     1
143
3.75
271
     0
272
     9
273
     9
298
     0
  0
MLEADERSTYLE
  5
12E
102
{ACAD_REACTORS
330
12D
102
}
330
12D
100
AcDbMLeaderStyle
179
     2
170
     2
171
     1
172
     0
 90
        2
 40
0.0
 41
0.0
173
     1
 91
-1056964608
340
14
 92
       -2
290
     1
 42
2.0
291
     1
 43
8.0
  3
Standard
 44
4.0
300

342
11
174
     1
178
     1
175
     1
176
     0
 93
-1056964608
 45
4.0
292
     0
297
     0
 46
4.0
 94
-1056964608
 47
1.0
 49
1.0
140
1.0
293
     1
141
0.0
294
     1
177
     0
142
1.0
295
     0
296
     0
143
3.75
271
     0
272
     9
273
     9
298
     0
  0
MLINESTYLE
  5
18
102
{ACAD_REACTORS
330
17
102
}
330
17
100
AcDbMlineStyle
  2
STANDARD
 70
     0
  3

 62
   256
 51
90.0
 52
90.0
 71
     2
 49
0.5
 62
   256
  6
BYLAYER
 49
-0.5
 62
   256
  6
BYLAYER
  0
ACDBPLACEHOLDER
  5
F
102
{ACAD_REACTORS
330
E
102
}
330
E
  0
SCALE
  5
10D
102
{ACAD_REACTORS
330
10C
102
}
330
10C
100
AcDbScale
 70
     0
300
1:1
140
1.0
141
1.0
290
     1
  0
SCALE
  5
1BE
102
{ACAD_REACTORS
330
10C
102
}
330
10C
100
AcDbScale
 70
     0
300
1:2
140
1.0
141
2.0
290
     0
  0
SCALE
  5
1BF
102
{ACAD_REACTORS
330
10C
102
}
330
10C
100
AcDbScale
 70
     0
300
1:4
140
1.0
141
4.0
290
     0
  0
SCALE
  5
1C0
102
{ACAD_REACTORS
330
10C
102
}
330
10C
100
AcDbScale
 70
     0
300
1:5
140
1.0
141
5.0
290
     0
  0
SCALE
  5
1C1
102
{ACAD_REACTORS
330
10C
102
}
330
10C
100
AcDbScale
 70
     0
300
1:8
140
1.0
141
8.0
290
     0
  0
SCALE
  5
1C2
102
{ACAD_REACTORS
330
10C
102
}
330
10C
100
AcDbScale
 70
     0
300
1:10
140
1.0
141
10.0
290
     0
  0
SCALE
  5
1C3
102
{ACAD_REACTORS
330
10C
102
}
330
10C
100
AcDbScale
 70
     0
300
1:16
140
1.0
141
16.0
290
     0
  0
SCALE
  5
1C4
102
{ACAD_REACTORS
330
10C
102
}
330
10C
100
AcDbScale
 70
     0
300
1:20
140
1.0
141
20.0
290
     0
  0
SCALE
  5
1C5
102
{ACAD_REACTORS
330
10C
102
}
330
10C
100
AcDbScale
 70
     0
300
1:30
140
1.0
141
30.0
290
     0
  0
SCALE
  5
1C6
102
{ACAD_REACTORS
330
10C
102
}
330
10C
100
AcDbScale
 70
     0
300
1:40
140
1.0
141
40.0
290
     0
  0
SCALE
  5
1C7
102
{ACAD_REACTORS
330
10C
102
}
330
10C
100
AcDbScale
 70
     0
300
1:50
140
1.0
141
50.0
290
     0
  0
SCALE
  5
1C8
102
{ACAD_REACTORS
330
10C
102
}
330
10C
100
AcDbScale
 70
     0
300
1:100
140
1.0
141
100.0
290
     0
  0
SCALE
  5
1C9
102
{ACAD_REACTORS
330
10C
102
}
330
10C
100
AcDbScale
 70
     0
300
2:1
140
2.0
141
1.0
290
     0
  0
SCALE
  5
1CA
102
{ACAD_REACTORS
330
10C
102
}
330
10C
100
AcDbScale
 70
     0
300
4:1
140
4.0
141
1.0
290
     0
  0
SCALE
  5
1CB
102
{ACAD_REACTORS
330
10C
102
}
330
10C
100
AcDbScale
 70
     0
300
8:1
140
8.0
141
1.0
290
     0
  0
SCALE
  5
1CC
102
{ACAD_REACTORS
330
10C
102
}
330
10C
100
AcDbScale
 70
     0
300
10:1
140
10.0
141
1.0
290
     0
  0
SCALE
  5
1CD
102
{ACAD_REACTORS
330
10C
102
}
330
10C
100
AcDbScale
 70
     0
300
100:1
140
100.0
141
1.0
290
     0
  0
ACDBSECTIONVIEWSTYLE
  5
21A
102
{ACAD_REACTORS
330
219
102
}
330
219
100
AcDbModelDocViewStyle
 70
     0
  3
Metric50
290
     0
300
Metric50
 90
        0
100
AcDbSectionViewStyle
 70
     0
 71
     0
 90
      102
 71
     1
340
11
 62
   256
 40
5.0
340
0
340
0
 62
   256
 40
5.0
300
I, O, Q, S, X, Z
 40
10.0
 90
        0
 40
2.5
 90
        0
 71
     2
340
16
 90
       25
 62
   256
340
16
 90
       50
 62
   256
 40
5.0
 40
2.5
 40
5.0
 71
     3
340
11
 62
   256
 40
5.0
 90
        0
 40
15.0
 90
        1
300
%<\AcVar ViewSectionStartId>%-%<\AcVar ViewSectionEndId>% (%<\AcVar ViewScale \f "%sn">%)
 71
     4
 62
   256
 62
   257
300
ANSI31
 40
1.0
 90
        0
290
     0
290
     0
 90
        6
 40
0.0
 40
1.570796326794896
 40
0.2617993877991494
 40
1.308996938995747
 40
-0.2617993877991494
 40
1.832595714594046
  0
TABLESTYLE
  5
7F
102
{ACAD_XDICTIONARY
360
162
102
}
102
{ACAD_REACTORS
330
7E
102
}
330
7E
100
AcDbTableStyle
280
     0
  3
Standard
 70
     0
 71
     0
 40
1.5
 41
1.5
280
     0
281
     0
  7
Standard
140
4.5
170
     2
 62
     0
 63
     7
283
     0
 90
      512
 91
        0
  1

274
    -2
284
     1
 64
     0
275
    -2
285
     1
 65
     0
276
    -2
286
     1
 66
     0
277
    -2
287
     1
 67
     0
278
    -2
288
     1
 68
     0
279
    -2
289
     1
 69
     0
  7
Standard
140
6.0
170
     5
 62
     0
 63
     7
283
     0
 90
      512
 91
        0
  1

274
    -2
284
     1
 64
     0
275
    -2
285
     1
 65
     0
276
    -2
286
     1
 66
     0
277
    -2
287
     1
 67
     0
278
    -2
288
     1
 68
     0
279
    -2
289
     1
 69
     0
  7
Standard
140
4.5
170
     5
 62
     0
 63
     7
283
     0
 90
      512
 91
        0
  1

274
    -2
284
     1
 64
     0
275
    -2
285
     1
 65
     0
276
    -2
286
     1
 66
     0
277
    -2
287
     1
 67
     0
278
    -2
288
     1
 68
     0
279
    -2
289
     1
 69
     0
  0
VISUALSTYLE
  5
F5
102
{ACAD_REACTORS
330
EF
102
}
330
EF
100
AcDbVisualStyle
  2
2dWireframe
 70
     4
177
     3
291
     0
 70
    58
 90
        0
176
     1
 90
        2
176
     1
 90
        1
176
     1
 90
        0
176
     1
 40
0.6
176
     1
 40
30.0
176
     1
 62
     7
420
 16777215
176
     1
 90
        1
176
     1
 90
        4
176
     1
 62
     7
176
     1
 62
   257
176
     1
 90
        1
176
     1
 90
        1
176
     1
 40
1.0
176
     1
 90
        0
176
     1
 62
   257
176
     1
 40
1.0
176
     1
 90
        1
176
     1
 90
        6
176
     1
 90
        2
176
     1
 62
     7
176
     1
 90
        5
176
     1
 90
        0
176
     1
 90
        0
176
     1
290
     0
176
     1
 90
        1
176
     1
 40
0.0
176
     1
 90
        0
176
     1
290
     1
176
     1
290
     1
176
     1
290
     0
176
     1
290
     0
176
     1
290
     0
176
     1
290
     0
176
     1
290
     0
176
     1
290
     0
176
     1
290
     0
176
     1
 90
       50
176
     1
 40
0.0
176
     1
 40
1.0
176
     1
 90
        0
176
     1
 62
    18
420
        0
176
     1
 90
       50
176
     1
 90
        3
176
     1
 62
     5
420
      255
176
     1
290
     0
176
     1
 90
       50
176
     1
 90
       50
176
     1
 90
       50
176
     1
290
     0
176
     1
 90
       50
176
     1
 62
   256
176
     0
 40
1.0
176
     0
 90
        2
176
     1
  1
strokes_ogs.tif
176
     1
290
     0
176
     1
 40
1.0
176
     1
 40
1.0
176
     1
  0
VISUALSTYLE
  5
F4
102
{ACAD_REACTORS
330
EF
102
}
330
EF
100
AcDbVisualStyle
  2
Basic
 70
     7
177
     3
291
     1
 70
    58
 90
        1
176
     1
 90
        0
176
     1
 90
        1
176
     1
 90
        0
176
     1
 40
0.6
176
     1
 40
30.0
176
     1
 62
     7
420
 16777215
176
     1
 90
        0
176
     1
 90
        4
176
     1
 62
     7
176
     1
 62
   257
176
     1
 90
        1
176
     1
 90
        1
176
     1
 40
1.0
176
     1
 90
        8
176
     1
 62
     7
176
     1
 40
1.0
176
     1
 90
        1
176
     1
 90
        6
176
     1
 90
        2
176
     1
 62
     7
176
     1
 90
        5
176
     1
 90
        0
176
     1
 90
        0
176
     1
290
     0
176
     1
 90
        1
176
     1
 40
0.0
176
     1
 90
        0
176
     1
290
     0
176
     1
290
     1
176
     1
290
     1
176
     1
290
     0
176
     1
290
     0
176
     1
290
     0
176
     1
290
     0
176
     1
290
     0
176
     1
290
     0
176
     1
 90
       50
176
     1
 40
0.0
176
     1
 40
1.0
176
     1
 90
        0
176
     1
 62
    18
420
        0
176
     1
 90
       50
176
     1
 90
        3
176
     1
 62
     5
420
      255
176
     1
290
     0
176
     1
 90
       50
176
     1
 90
       50
176
     1
 90
       50
176
     1
290
     0
176
     1
 90
       50
176
     1
 62
   256
176
     0
 40
1.0
176
     0
 90
        2
176
     1
  1
strokes_ogs.tif
176
     1
290
     0
176
     1
 40
1.0
176
     1
 40
1.0
176
     1
  0
VISUALSTYLE
  5
FB
102
{ACAD_REACTORS
330
EF
102
}
330
EF
100
AcDbVisualStyle
  2
Brighten
 70
    12
177
     3
291
     1
 70
    58
 90
        2
176
     1
 90
        2
176
     1
 90
        1
176
     1
 90
        0
176
     1
 40
0.6
176
     1
 40
30.0
176
     1
 62
     7
420
 16777215
176
     1
 90
        1
176
     1
 90
        4
176
     1
 62
     7
176
     1
 62
   257
176
     1
 90
        1
176
     1
 90
        1
176
     1
 40
1.0
176
     1
 90
        8
176
     1
 62
     7
176
     1
 40
1.0
176
     1
 90
        1
176
     1
 90
        6
176
     1
 90
        2
176
     1
 62
     7
176
     1
 90
        5
176
     1
 90
        0
176
     1
 90
        0
176
     1
290
     0
176
     1
 90
        1
176
     1
 40
50.0
176
     1
 90
        0
176
     1
290
     0
176
     1
290
     1
176
     1
290
     1
176
     1
290
     0
176
     1
290
     0
176
     1
290
     0
176
     1
290
     0
176
     1
290
     0
176
     1
290
     0
176
     1
 90
       50
176
     1
 40
0.0
176
     1
 40
1.0
176
     1
 90
        0
176
     1
 62
    18
420
        0
176
     1
 90
       50
176
     1
 90
        3
176
     1
 62
     5
420
      255
176
     1
290
     0
176
     1
 90
       50
176
     1
 90
       50
176
     1
 90
       50
176
     1
290
     0
176
     1
 90
       50
176
     1
 62
   256
176
     0
 40
1.0
176
     0
 90
        2
176
     1
  1
strokes_ogs.tif
176
     1
290
     0
176
     1
 40
1.0
176
     1
 40
1.0
176
     1
  0
VISUALSTYLE
  5
FF
102
{ACAD_REACTORS
330
EF
102
}
330
EF
100
AcDbVisualStyle
  2
ColorChange
 70
    16
177
     3
291
     1
 70
    58
 90
        2
176
     1
 90
        2
176
     1
 90
        3
176
     1
 90
        0
176
     1
 40
0.6
176
     1
 40
30.0
176
     1
 62
     8
420
  8421504
176
     1
 90
        1
176
     1
 90
        4
176
     1
 62
     7
176
     1
 62
   257
176
     1
 90
        1
176
     1
 90
        1
176
     1
 40
1.0
176
     1
 90
        8
176
     1
 62
     8
420
  8421504
176
     1
 40
1.0
176
     1
 90
        1
176
     1
 90
        6
176
     1
 90
        2
176
     1
 62
     7
176
     1
 90
        5
176
     1
 90
        0
176
     1
 90
        0
176
     1
290
     0
176
     1
 90
        1
176
     1
 40
0.0
176
     1
 90
        0
176
     1
290
     0
176
     1
290
     1
176
     1
290
     1
176
     1
290
     0
176
     1
290
     0
176
     1
290
     0
176
     1
290
     0
176
     1
290
     0
176
     1
290
     0
176
     1
 90
       50
176
     1
 40
0.0
176
     1
 40
1.0
176
     1
 90
        0
176
     1
 62
    18
420
        0
176
     1
 90
       50
176
     1
 90
        3
176
     1
 62
     5
420
      255
176
     1
290
     0
176
     1
 90
       50
176
     1
 90
       50
176
     1
 90
       50
176
     1
290
     0
176
     1
 90
       50
176
     1
 62
   256
176
     0
 40
1.0
176
     0
 90
        2
176
     1
  1
strokes_ogs.tif
176
     1
290
     0
176
     1
 40
1.0
176
     1
 40
1.0
176
     1
  0
VISUALSTYLE
  5
F8
102
{ACAD_REACTORS
330
EF
102
}
330
EF
100
AcDbVisualStyle
  2
Conceptual
 70
     9
177
     3
291
     0
 70
    58
 90
        3
176
     1
 90
        2
176
     1
 90
        1
176
     1
 90
        0
176
     1
 40
0.6
176
     1
 40
30.0
176
     1
 62
     7
420
 16777215
176
     1
 90
        2
176
     1
 90
        2
176
     1
 62
     7
176
     1
 62
   257
176
     1
 90
        1
176
     1
 90
        1
176
     1
 40
40.0
176
     1
 90
        8
176
     1
 62
     7
176
     1
 40
1.0
176
     1
 90
        1
176
     1
 90
        6
176
     1
 90
        2
176
     1
 62
     7
176
     1
 90
        3
176
     1
 90
        0
176
     1
 90
        0
176
     1
290
     0
176
     1
 90
        1
176
     1
 40
0.0
176
     1
 90
        0
176
     1
290
     0
176
     1
290
     1
176
     1
290
     1
176
     1
290
     0
176
     1
290
     0
176
     1
290
     0
176
     1
290
     0
176
     1
290
     0
176
     1
290
     0
176
     1
 90
       50
176
     1
 40
0.0
176
     1
 40
1.0
176
     1
 90
        0
176
     1
 62
    18
420
        0
176
     1
 90
       50
176
     1
 90
        3
176
     1
 62
     5
420
      255
176
     1
290
     0
176
     1
 90
       50
176
     1
 90
       50
176
     1
 90
       50
176
     1
290
     0
176
     1
 90
       50
176
     1
 62
   256
176
     0
 40
1.0
176
     0
 90
        2
176
     1
  1
strokes_ogs.tif
176
     1
290
     0
176
     1
 40
1.0
176
     1
 40
1.0
176
     1
  0
VISUALSTYLE
  5
FA
102
{ACAD_REACTORS
330
EF
102
}
330
EF
100
AcDbVisualStyle
  2
Dim
 70
    11
177
     3
291
     1
 70
    58
 90
        2
176
     1
 90
        2
176
     1
 90
        1
176
     1
 90
        0
176
     1
 40
0.6
176
     1
 40
30.0
176
     1
 62
     7
420
 16777215
176
     1
 90
        1
176
     1
 90
        4
176
     1
 62
     7
176
     1
 62
   257
176
     1
 90
        1
176
     1
 90
        1
176
     1
 40
1.0
176
     1
 90
        8
176
     1
 62
     7
176
     1
 40
1.0
176
     1
 90
        1
176
     1
 90
        6
176
     1
 90
        2
176
     1
 62
     7
176
     1
 90
        5
176
     1
 90
        0
176
     1
 90
        0
176
     1
290
     0
176
     1
 90
        1
176
     1
 40
-50.0
176
     1
 90
        0
176
     1
290
     0
176
     1
290
     1
176
     1
290
     1
176
     1
290
     0
176
     1
290
     0
176
     1
290
     0
176
     1
290
     0
176
     1
290
     0
176
     1
290
     0
176
     1
 90
       50
176
     1
 40
0.0
176
     1
 40
1.0
176
     1
 90
        0
176
     1
 62
    18
420
        0
176
     1
 90
       50
176
     1
 90
        3
176
     1
 62
     5
420
      255
176
     1
290
     0
176
     1
 90
       50
176
     1
 90
       50
176
     1
 90
       50
176
     1
290
     0
176
     1
 90
       50
176
     1
 62
   256
176
     0
 40
1.0
176
     0
 90
        2
176
     1
  1
strokes_ogs.tif
176
     1
290
     0
176
     1
 40
1.0
176
     1
 40
1.0
176
     1
  0
VISUALSTYLE
  5
1E6
102
{ACAD_REACTORS
330
EF
102
}
330
EF
100
AcDbVisualStyle
  2
EdgeColorOff
 70
    22
177
     3
291
     1
 70
    58
 90
        2
176
     0
 90
        2
176
     0
 90
        0
176
     0
 90
        0
176
     0
 40
0.6
176
     0
 40
30.0
176
     0
 62
     7
420
 16777215
176
     0
 90
        1
176
     0
 90
        4
176
     0
 62
     7
176
     0
 62
   257
176
     0
 90
        1
176
     0
 90
        1
176
     0
 40
1.0
176
     0
 90
        8
176
     2
 62
     7
176
     0
 40
1.0
176
     0
 90
        1
176
     0
 90
        6
176
     0
 90
        2
176
     0
 62
     7
176
     0
 90
        5
176
     0
 90
        0
176
     0
 90
        0
176
     0
290
     0
176
     0
 90
        1
176
     0
 40
0.0
176
     0
 90
        0
176
     0
290
     0
176
     1
290
     1
176
     1
290
     1
176
     1
290
     0
176
     1
290
     0
176
     1
290
     0
176
     1
290
     0
176
     1
290
     0
176
     1
290
     0
176
     1
 90
       50
176
     1
 40
0.0
176
     1
 40
1.0
176
     1
 90
        0
176
     1
 62
    18
420
        0
176
     1
 90
       50
176
     1
 90
        3
176
     1
 62
     5
420
      255
176
     1
290
     0
176
     1
 90
       50
176
     1
 90
       50
176
     1
 90
       50
176
     1
290
     0
176
     1
 90
       50
176
     1
 62
   256
176
     0
 40
1.0
176
     0
 90
        2
176
     1
  1
strokes_ogs.tif
176
     1
290
     0
176
     1
 40
1.0
176
     1
 40
1.0
176
     1
  0
VISUALSTYLE
  5
FE
102
{ACAD_REACTORS
330
EF
102
}
330
EF
100
AcDbVisualStyle
  2
Facepattern
 70
    15
177
     3
291
     1
 70
    58
 90
        2
176
     1
 90
        2
176
     1
 90
        1
176
     1
 90
        0
176
     1
 40
0.6
176
     1
 40
30.0
176
     1
 62
     7
420
 16777215
176
     1
 90
        1
176
     1
 90
        4
176
     1
 62
     7
176
     1
 62
   257
176
     1
 90
        1
176
     1
 90
        1
176
     1
 40
1.0
176
     1
 90
        8
176
     1
 62
     7
176
     1
 40
1.0
176
     1
 90
        1
176
     1
 90
        6
176
     1
 90
        2
176
     1
 62
     7
176
     1
 90
        5
176
     1
 90
        0
176
     1
 90
        0
176
     1
290
     0
176
     1
 90
        1
176
     1
 40
0.0
176
     1
 90
        0
176
     1
290
     0
176
     1
290
     1
176
     1
290
     1
176
     1
290
     0
176
     1
290
     0
176
     1
290
     0
176
     1
290
     0
176
     1
290
     0
176
     1
290
     0
176
     1
 90
       50
176
     1
 40
0.0
176
     1
 40
1.0
176
     1
 90
        0
176
     1
 62
    18
420
        0
176
     1
 90
       50
176
     1
 90
        3
176
     1
 62
     5
420
      255
176
     1
290
     0
176
     1
 90
       50
176
     1
 90
       50
176
     1
 90
       50
176
     1
290
     0
176
     1
 90
       50
176
     1
 62
   256
176
     0
 40
1.0
176
     0
 90
        2
176
     1
  1
strokes_ogs.tif
176
     1
290
     0
176
     1
 40
1.0
176
     1
 40
1.0
176
     1
  0
VISUALSTYLE
  5
F0
102
{ACAD_REACTORS
330
EF
102
}
330
EF
100
AcDbVisualStyle
  2
Flat
 70
     0
177
     3
291
     1
 70
    58
 90
        2
176
     1
 90
        1
176
     1
 90
        1
176
     1
 90
        2
176
     1
 40
0.6
176
     1
 40
30.0
176
     1
 62
     7
420
 16777215
176
     1
 90
        0
176
     1
 90
        0
176
     1
 62
     7
176
     1
 62
   257
176
     1
 90
        1
176
     1
 90
        1
176
     1
 40
1.0
176
     1
 90
        8
176
     1
 62
     7
176
     1
 40
1.0
176
     1
 90
        1
176
     1
 90
        6
176
     1
 90
        2
176
     1
 62
     7
176
     1
 90
        5
176
     1
 90
        0
176
     1
 90
        0
176
     1
290
     0
176
     1
 90
       13
176
     1
 40
0.0
176
     1
 90
        0
176
     1
290
     0
176
     1
290
     1
176
     1
290
     1
176
     1
290
     0
176
     1
290
     0
176
     1
290
     0
176
     1
290
     0
176
     1
290
     0
176
     1
290
     0
176
     1
 90
       50
176
     1
 40
0.0
176
     1
 40
1.0
176
     1
 90
        0
176
     1
 62
    18
420
        0
176
     1
 90
       50
176
     1
 90
        3
176
     1
 62
     5
420
      255
176
     1
290
     0
176
     1
 90
       50
176
     1
 90
       50
176
     1
 90
       50
176
     1
290
     0
176
     1
 90
       50
176
     1
 62
   256
176
     0
 40
1.0
176
     0
 90
        2
176
     1
  1
strokes_ogs.tif
176
     1
290
     0
176
     1
 40
1.0
176
     1
 40
1.0
176
     1
  0
VISUALSTYLE
  5
F1
102
{ACAD_REACTORS
330
EF
102
}
330
EF
100
AcDbVisualStyle
  2
FlatWithEdges
 70
     1
177
     3
291
     1
 70
    58
 90
        2
176
     1
 90
        1
176
     1
 90
        1
176
     1
 90
        2
176
     1
 40
0.6
176
     1
 40
30.0
176
     1
 62
     7
420
 16777215
176
     1
 90
        1
176
     1
 90
        0
176
     1
 62
     7
176
     1
 62
   257
176
     1
 90
        1
176
     1
 90
        1
176
     1
 40
1.0
176
     1
 90
        0
176
     1
 62
   257
176
     1
 40
1.0
176
     1
 90
        1
176
     1
 90
        6
176
     1
 90
        2
176
     1
 62
     7
176
     1
 90
        5
176
     1
 90
        0
176
     1
 90
        0
176
     1
290
     0
176
     1
 90
       13
176
     1
 40
0.0
176
     1
 90
        0
176
     1
290
     0
176
     1
290
     1
176
     1
290
     1
176
     1
290
     0
176
     1
290
     0
176
     1
290
     0
176
     1
290
     0
176
     1
290
     0
176
     1
290
     0
176
     1
 90
       50
176
     1
 40
0.0
176
     1
 40
1.0
176
     1
 90
        0
176
     1
 62
    18
420
        0
176
     1
 90
       50
176
     1
 90
        3
176
     1
 62
     5
420
      255
176
     1
290
     0
176
     1
 90
       50
176
     1
 90
       50
176
     1
 90
       50
176
     1
290
     0
176
     1
 90
       50
176
     1
 62
   256
176
     0
 40
1.0
176
     0
 90
        2
176
     1
  1
strokes_ogs.tif
176
     1
290
     0
176
     1
 40
1.0
176
     1
 40
1.0
176
     1
  0
VISUALSTYLE
  5
F2
102
{ACAD_REACTORS
330
EF
102
}
330
EF
100
AcDbVisualStyle
  2
Gouraud
 70
     2
177
     3
291
     1
 70
    58
 90
        2
176
     1
 90
        2
176
     1
 90
        1
176
     1
 90
        2
176
     1
 40
0.6
176
     1
 40
30.0
176
     1
 62
     7
420
 16777215
176
     1
 90
        0
176
     1
 90
        0
176
     1
 62
     7
176
     1
 62
   257
176
     1
 90
        1
176
     1
 90
        1
176
     1
 40
1.0
176
     1
 90
        0
176
     1
 62
     7
176
     1
 40
1.0
176
     1
 90
        1
176
     1
 90
        6
176
     1
 90
        2
176
     1
 62
     7
176
     1
 90
        5
176
     1
 90
        0
176
     1
 90
        0
176
     1
290
     0
176
     1
 90
       13
176
     1
 40
0.0
176
     1
 90
        0
176
     1
290
     0
176
     1
290
     1
176
     1
290
     1
176
     1
290
     0
176
     1
290
     0
176
     1
290
     0
176
     1
290
     0
176
     1
290
     0
176
     1
290
     0
176
     1
 90
       50
176
     1
 40
0.0
176
     1
 40
1.0
176
     1
 90
        0
176
     1
 62
    18
420
        0
176
     1
 90
       50
176
     1
 90
        3
176
     1
 62
     5
420
      255
176
     1
290
     0
176
     1
 90
       50
176
     1
 90
       50
176
     1
 90
       50
176
     1
290
     0
176
     1
 90
       50
176
     1
 62
   256
176
     0
 40
1.0
176
     0
 90
        2
176
     1
  1
strokes_ogs.tif
176
     1
290
     0
176
     1
 40
1.0
176
     1
 40
1.0
176
     1
  0
VISUALSTYLE
  5
F3
102
{ACAD_REACTORS
330
EF
102
}
330
EF
100
AcDbVisualStyle
  2
GouraudWithEdges
 70
     3
177
     3
291
     1
 70
    58
 90
        2
176
     1
 90
        2
176
     1
 90
        1
176
     1
 90
        2
176
     1
 40
0.6
176
     1
 40
30.0
176
     1
 62
     7
420
 16777215
176
     1
 90
        1
176
     1
 90
        0
176
     1
 62
     7
176
     1
 62
   257
176
     1
 90
        1
176
     1
 90
        1
176
     1
 40
1.0
176
     1
 90
        0
176
     1
 62
   257
176
     1
 40
1.0
176
     1
 90
        1
176
     1
 90
        6
176
     1
 90
        2
176
     1
 62
     7
176
     1
 90
        5
176
     1
 90
        0
176
     1
 90
        0
176
     1
290
     0
176
     1
 90
       13
176
     1
 40
0.0
176
     1
 90
        0
176
     1
290
     0
176
     1
290
     1
176
     1
290
     1
176
     1
290
     0
176
     1
290
     0
176
     1
290
     0
176
     1
290
     0
176
     1
290
     0
176
     1
290
     0
176
     1
 90
       50
176
     1
 40
0.0
176
     1
 40
1.0
176
     1
 90
        0
176
     1
 62
    18
420
        0
176
     1
 90
       50
176
     1
 90
        3
176
     1
 62
     5
420
      255
176
     1
290
     0
176
     1
 90
       50
176
     1
 90
       50
176
     1
 90
       50
176
     1
290
     0
176
     1
 90
       50
176
     1
 62
   256
176
     0
 40
1.0
176
     0
 90
        2
176
     1
  1
strokes_ogs.tif
176
     1
290
     0
176
     1
 40
1.0
176
     1
 40
1.0
176
     1
  0
VISUALSTYLE
  5
F7
102
{ACAD_REACTORS
330
EF
102
}
330
EF
100
AcDbVisualStyle
  2
Hidden
 70
     6
177
     3
291
     0
 70
    58
 90
        1
176
     1
 90
        2
176
     1
 90
        2
176
     1
 90
        0
176
     1
 40
0.6
176
     1
 40
30.0
176
     1
 62
     7
420
 16777215
176
     1
 90
        2
176
     1
 90
        2
176
     1
 62
     7
176
     1
 62
   257
176
     1
 90
        2
176
     1
 90
        1
176
     1
 40
40.0
176
     1
 90
        0
176
     1
 62
   257
176
     1
 40
1.0
176
     1
 90
        1
176
     1
 90
        6
176
     1
 90
        2
176
     1
 62
     7
176
     1
 90
        3
176
     1
 90
        0
176
     1
 90
        0
176
     1
290
     0
176
     1
 90
        1
176
     1
 40
0.0
176
     1
 90
        0
176
     1
290
     0
176
     1
290
     1
176
     1
290
     1
176
     1
290
     0
176
     1
290
     0
176
     1
290
     0
176
     1
290
     0
176
     1
290
     0
176
     1
290
     0
176
     1
 90
       50
176
     1
 40
0.0
176
     1
 40
1.0
176
     1
 90
        0
176
     1
 62
    18
420
        0
176
     1
 90
       50
176
     1
 90
        3
176
     1
 62
     5
420
      255
176
     1
290
     0
176
     1
 90
       50
176
     1
 90
       50
176
     1
 90
       50
176
     1
290
     0
176
     1
 90
       50
176
     1
 62
   256
176
     0
 40
1.0
176
     0
 90
        2
176
     1
  1
strokes_ogs.tif
176
     1
290
     0
176
     1
 40
1.0
176
     1
 40
1.0
176
     1
  0
VISUALSTYLE
  5
1E4
102
{ACAD_REACTORS
330
EF
102
}
330
EF
100
AcDbVisualStyle
  2
JitterOff
 70
    20
177
     3
291
     1
 70
    58
 90
        2
176
     0
 90
        2
176
     0
 90
        0
176
     0
 90
        0
176
     0
 40
0.6
176
     0
 40
30.0
176
     0
 62
     7
420
 16777215
176
     0
 90
        1
176
     0
 90
        4
176
     0
 62
     7
176
     0
 62
   257
176
     0
 90
        1
176
     0
 90
        1
176
     0
 40
1.0
176
     0
 90
       10
176
     2
 62
     7
176
     0
 40
1.0
176
     0
 90
        1
176
     0
 90
        6
176
     0
 90
        2
176
     0
 62
     7
176
     0
 90
        5
176
     0
 90
        0
176
     0
 90
        0
176
     0
290
     0
176
     0
 90
        1
176
     0
 40
0.0
176
     0
 90
        0
176
     0
290
     0
176
     1
290
     1
176
     1
290
     1
176
     1
290
     0
176
     1
290
     0
176
     1
290
     0
176
     1
290
     0
176
     1
290
     0
176
     1
290
     0
176
     1
 90
       50
176
     1
 40
0.0
176
     1
 40
1.0
176
     1
 90
        0
176
     1
 62
    18
420
        0
176
     1
 90
       50
176
     1
 90
        3
176
     1
 62
     5
420
      255
176
     1
290
     0
176
     1
 90
       50
176
     1
 90
       50
176
     1
 90
       50
176
     1
290
     0
176
     1
 90
       50
176
     1
 62
   256
176
     0
 40
1.0
176
     0
 90
        2
176
     1
  1
strokes_ogs.tif
176
     1
290
     0
176
     1
 40
1.0
176
     1
 40
1.0
176
     1
  0
VISUALSTYLE
  5
FD
102
{ACAD_REACTORS
330
EF
102
}
330
EF
100
AcDbVisualStyle
  2
Linepattern
 70
    14
177
     3
291
     1
 70
    58
 90
        2
176
     1
 90
        2
176
     1
 90
        1
176
     1
 90
        0
176
     1
 40
0.6
176
     1
 40
30.0
176
     1
 62
     7
420
 16777215
176
     1
 90
        1
176
     1
 90
        4
176
     1
 62
     7
176
     1
 62
   257
176
     1
 90
        7
176
     1
 90
        7
176
     1
 40
1.0
176
     1
 90
        8
176
     1
 62
     7
176
     1
 40
1.0
176
     1
 90
        1
176
     1
 90
        6
176
     1
 90
        2
176
     1
 62
     7
176
     1
 90
        5
176
     1
 90
        0
176
     1
 90
        0
176
     1
290
     0
176
     1
 90
        1
176
     1
 40
0.0
176
     1
 90
        0
176
     1
290
     0
176
     1
290
     1
176
     1
290
     1
176
     1
290
     0
176
     1
290
     0
176
     1
290
     0
176
     1
290
     0
176
     1
290
     0
176
     1
290
     0
176
     1
 90
       50
176
     1
 40
0.0
176
     1
 40
1.0
176
     1
 90
        0
176
     1
 62
    18
420
        0
176
     1
 90
       50
176
     1
 90
        3
176
     1
 62
     5
420
      255
176
     1
290
     0
176
     1
 90
       50
176
     1
 90
       50
176
     1
 90
       50
176
     1
290
     0
176
     1
 90
       50
176
     1
 62
   256
176
     0
 40
1.0
176
     0
 90
        2
176
     1
  1
strokes_ogs.tif
176
     1
290
     0
176
     1
 40
1.0
176
     1
 40
1.0
176
     1
  0
VISUALSTYLE
  5
1E5
102
{ACAD_REACTORS
330
EF
102
}
330
EF
100
AcDbVisualStyle
  2
OverhangOff
 70
    21
177
     3
291
     1
 70
    58
 90
        2
176
     0
 90
        2
176
     0
 90
        0
176
     0
 90
        0
176
     0
 40
0.6
176
     0
 40
30.0
176
     0
 62
     7
420
 16777215
176
     0
 90
        1
176
     0
 90
        4
176
     0
 62
     7
176
     0
 62
   257
176
     0
 90
        1
176
     0
 90
        1
176
     0
 40
1.0
176
     0
 90
        9
176
     2
 62
     7
176
     0
 40
1.0
176
     0
 90
        1
176
     0
 90
        6
176
     0
 90
        2
176
     0
 62
     7
176
     0
 90
        5
176
     0
 90
        0
176
     0
 90
        0
176
     0
290
     0
176
     0
 90
        1
176
     0
 40
0.0
176
     0
 90
        0
176
     0
290
     0
176
     1
290
     1
176
     1
290
     1
176
     1
290
     0
176
     1
290
     0
176
     1
290
     0
176
     1
290
     0
176
     1
290
     0
176
     1
290
     0
176
     1
 90
       50
176
     1
 40
0.0
176
     1
 40
1.0
176
     1
 90
        0
176
     1
 62
    18
420
        0
176
     1
 90
       50
176
     1
 90
        3
176
     1
 62
     5
420
      255
176
     1
290
     0
176
     1
 90
       50
176
     1
 90
       50
176
     1
 90
       50
176
     1
290
     0
176
     1
 90
       50
176
     1
 62
   256
176
     0
 40
1.0
176
     0
 90
        2
176
     1
  1
strokes_ogs.tif
176
     1
290
     0
176
     1
 40
1.0
176
     1
 40
1.0
176
     1
  0
VISUALSTYLE
  5
F9
102
{ACAD_REACTORS
330
EF
102
}
330
EF
100
AcDbVisualStyle
  2
Realistic
 70
     8
177
     3
291
     0
 70
    58
 90
        2
176
     1
 90
        3
176
     1
 90
        0
176
     1
 90
        2
176
     1
 40
0.6
176
     1
 40
30.0
176
     1
 62
     7
420
 16777215
176
     1
 90
        0
176
     1
 90
        0
176
     1
 62
     7
176
     1
 62
   257
176
     1
 90
        1
176
     1
 90
        1
176
     1
 40
1.0
176
     1
 90
        8
176
     1
 62
   257
176
     1
 40
1.0
176
     1
 90
        1
176
     1
 90
        6
176
     1
 90
        2
176
     1
 62
     7
176
     1
 90
        3
176
     1
 90
        0
176
     1
 90
        0
176
     1
290
     0
176
     1
 90
       13
176
     1
 40
0.0
176
     1
 90
        0
176
     1
290
     0
176
     1
290
     1
176
     1
290
     1
176
     1
290
     0
176
     1
290
     0
176
     1
290
     0
176
     1
290
     0
176
     1
290
     0
176
     1
290
     0
176
     1
 90
       50
176
     1
 40
0.0
176
     1
 40
1.0
176
     1
 90
        0
176
     1
 62
    18
420
        0
176
     1
 90
       50
176
     1
 90
        3
176
     1
 62
     5
420
      255
176
     1
290
     0
176
     1
 90
       50
176
     1
 90
       50
176
     1
 90
       50
176
     1
290
     0
176
     1
 90
       50
176
     1
 62
   256
176
     0
 40
1.0
176
     0
 90
        2
176
     1
  1
strokes_ogs.tif
176
     1
290
     0
176
     1
 40
1.0
176
     1
 40
1.0
176
     1
  0
VISUALSTYLE
  5
1F3
102
{ACAD_REACTORS
330
EF
102
}
330
EF
100
AcDbVisualStyle
  2
Shaded
 70
    27
177
     3
291
     0
 70
    58
 90
        2
176
     1
 90
        2
176
     1
 90
        1
176
     1
 90
        2
176
     1
 40
0.6
176
     1
 40
30.0
176
     1
 62
     7
420
 16777215
176
     1
 90
        0
176
     1
 90
        4
176
     1
 62
     7
176
     1
 62
   257
176
     1
 90
        1
176
     1
 90
        1
176
     1
 40
1.0
176
     1
 90
        8
176
     1
 62
   257
176
     1
 40
1.0
176
     1
 90
        1
176
     1
 90
        6
176
     1
 90
        2
176
     1
 62
     8
420
  7895160
176
     1
 90
        3
176
     1
 90
        0
176
     1
 90
        0
176
     1
290
     0
176
     1
 90
        5
176
     1
 40
0.0
176
     1
 90
        0
176
     1
290
     0
176
     1
290
     1
176
     1
290
     1
176
     1
290
     0
176
     1
290
     0
176
     1
290
     0
176
     1
290
     0
176
     1
290
     0
176
     1
290
     0
176
     1
 90
       50
176
     1
 40
0.0
176
     1
 40
1.0
176
     1
 90
        0
176
     1
 62
    18
420
        0
176
     1
 90
       50
176
     1
 90
        3
176
     1
 62
     5
420
      255
176
     1
290
     0
176
     1
 90
       50
176
     1
 90
       50
176
     1
 90
       50
176
     1
290
     0
176
     1
 90
       50
176
     1
 62
   256
176
     0
 40
1.0
176
     0
 90
        2
176
     1
  1
strokes_ogs.tif
176
     1
290
     0
176
     1
 40
1.0
176
     1
 40
1.0
176
     1
  0
VISUALSTYLE
  5
1F2
102
{ACAD_REACTORS
330
EF
102
}
330
EF
100
AcDbVisualStyle
  2
Shaded with edges
 70
    26
177
     3
291
     0
 70
    58
 90
        2
176
     1
 90
        2
176
     1
 90
        1
176
     1
 90
        2
176
     1
 40
0.6
176
     1
 40
30.0
176
     1
 62
     7
420
 16777215
176
     1
 90
        1
176
     1
 90
        2
176
     1
 62
     7
176
     1
 62
   257
176
     1
 90
        2
176
     1
 90
        1
176
     1
 40
1.0
176
     1
 90
        8
176
     1
 62
   257
176
     1
 40
1.0
176
     1
 90
        1
176
     1
 90
        6
176
     1
 90
        2
176
     1
 62
     7
176
     1
 90
        3
176
     1
 90
        0
176
     1
 90
        0
176
     1
290
     0
176
     1
 90
        5
176
     1
 40
0.0
176
     1
 90
        0
176
     1
290
     0
176
     1
290
     1
176
     1
290
     1
176
     1
290
     0
176
     1
290
     0
176
     1
290
     0
176
     1
290
     0
176
     1
290
     0
176
     1
290
     0
176
     1
 90
       50
176
     1
 40
0.0
176
     1
 40
1.0
176
     1
 90
        0
176
     1
 62
    18
420
        0
176
     1
 90
       50
176
     1
 90
        3
176
     1
 62
     5
420
      255
176
     1
290
     0
176
     1
 90
       50
176
     1
 90
       50
176
     1
 90
       50
176
     1
290
     0
176
     1
 90
       50
176
     1
 62
   256
176
     0
 40
1.0
176
     0
 90
        2
176
     1
  1
strokes_ogs.tif
176
     1
290
     0
176
     1
 40
1.0
176
     1
 40
1.0
176
     1
  0
VISUALSTYLE
  5
1EF
102
{ACAD_REACTORS
330
EF
102
}
330
EF
100
AcDbVisualStyle
  2
Shades of Gray
 70
    23
177
     3
291
     0
 70
    58
 90
        2
176
     1
 90
        2
176
     1
 90
        3
176
     1
 90
        0
176
     1
 40
0.6
176
     1
 40
30.0
176
     1
 62
     7
420
 16777215
176
     1
 90
        2
176
     1
 90
        2
176
     1
 62
     7
176
     1
 62
     7
176
     1
 90
        1
176
     1
 90
        1
176
     1
 40
40.0
176
     1
 90
        8
176
     1
 62
     7
176
     1
 40
1.0
176
     1
 90
        1
176
     1
 90
        6
176
     1
 90
        2
176
     1
 62
     7
176
     1
 90
        3
176
     1
 90
        0
176
     1
 90
        0
176
     1
290
     0
176
     1
 90
        1
176
     1
 40
0.0
176
     1
 90
        0
176
     1
290
     0
176
     1
290
     1
176
     1
290
     1
176
     1
290
     0
176
     1
290
     0
176
     1
290
     0
176
     1
290
     0
176
     1
290
     0
176
     1
290
     0
176
     1
 90
       50
176
     1
 40
0.0
176
     1
 40
1.0
176
     1
 90
        0
176
     1
 62
    18
420
        0
176
     1
 90
       50
176
     1
 90
        3
176
     1
 62
     5
420
      255
176
     1
290
     0
176
     1
 90
       50
176
     1
 90
       50
176
     1
 90
       50
176
     1
290
     0
176
     1
 90
       50
176
     1
 62
   256
176
     0
 40
1.0
176
     0
 90
        2
176
     1
  1
strokes_ogs.tif
176
     1
290
     0
176
     1
 40
1.0
176
     1
 40
1.0
176
     1
  0
VISUALSTYLE
  5
1F0
102
{ACAD_REACTORS
330
EF
102
}
330
EF
100
AcDbVisualStyle
  2
Sketchy
 70
    24
177
     3
291
     0
 70
    58
 90
        1
176
     1
 90
        2
176
     1
 90
        2
176
     1
 90
        0
176
     1
 40
0.6
176
     1
 40
30.0
176
     1
 62
     7
420
 16777215
176
     1
 90
        2
176
     1
 90
        2
176
     1
 62
     7
176
     1
 62
     7
176
     1
 90
        1
176
     1
 90
        1
176
     1
 40
40.0
176
     1
 90
       11
176
     1
 62
     7
176
     1
 40
1.0
176
     1
 90
        1
176
     1
 90
        6
176
     1
 90
        2
176
     1
 62
     7
176
     1
 90
        6
176
     1
 90
        0
176
     1
 90
        0
176
     1
290
     0
176
     1
 90
        1
176
     1
 40
0.0
176
     1
 90
        0
176
     1
290
     0
176
     1
290
     1
176
     1
290
     1
176
     1
290
     0
176
     1
290
     0
176
     1
290
     0
176
     1
290
     0
176
     1
290
     0
176
     1
290
     0
176
     1
 90
       50
176
     1
 40
0.0
176
     1
 40
1.0
176
     1
 90
        0
176
     1
 62
    18
420
        0
176
     1
 90
       50
176
     1
 90
        3
176
     1
 62
     5
420
      255
176
     1
290
     0
176
     1
 90
       50
176
     1
 90
       50
176
     1
 90
       50
176
     1
290
     0
176
     1
 90
       50
176
     1
 62
   256
176
     0
 40
1.0
176
     0
 90
        2
176
     1
  1
strokes_ogs.tif
176
     1
290
     0
176
     1
 40
1.0
176
     1
 40
1.0
176
     1
  0
VISUALSTYLE
  5
FC
102
{ACAD_REACTORS
330
EF
102
}
330
EF
100
AcDbVisualStyle
  2
Thicken
 70
    13
177
     3
291
     1
 70
    58
 90
        2
176
     1
 90
        2
176
     1
 90
        1
176
     1
 90
        0
176
     1
 40
0.6
176
     1
 40
30.0
176
     1
 62
     7
420
 16777215
176
     1
 90
        1
176
     1
 90
        4
176
     1
 62
     7
176
     1
 62
   257
176
     1
 90
        1
176
     1
 90
        1
176
     1
 40
1.0
176
     1
 90
       12
176
     1
 62
     7
176
     1
 40
1.0
176
     1
 90
        1
176
     1
 90
        6
176
     1
 90
        2
176
     1
 62
     7
176
     1
 90
        5
176
     1
 90
        0
176
     1
 90
        0
176
     1
290
     0
176
     1
 90
        1
176
     1
 40
0.0
176
     1
 90
        0
176
     1
290
     0
176
     1
290
     1
176
     1
290
     1
176
     1
290
     0
176
     1
290
     0
176
     1
290
     0
176
     1
290
     0
176
     1
290
     0
176
     1
290
     0
176
     1
 90
       50
176
     1
 40
0.0
176
     1
 40
1.0
176
     1
 90
        0
176
     1
 62
    18
420
        0
176
     1
 90
       50
176
     1
 90
        3
176
     1
 62
     5
420
      255
176
     1
290
     0
176
     1
 90
       50
176
     1
 90
       50
176
     1
 90
       50
176
     1
290
     0
176
     1
 90
       50
176
     1
 62
   256
176
     0
 40
1.0
176
     0
 90
        2
176
     1
  1
strokes_ogs.tif
176
     1
290
     0
176
     1
 40
1.0
176
     1
 40
1.0
176
     1
  0
VISUALSTYLE
  5
F6
102
{ACAD_REACTORS
330
EF
102
}
330
EF
100
AcDbVisualStyle
  2
Wireframe
 70
     5
177
     3
291
     0
 70
    58
 90
        0
176
     1
 90
        2
176
     1
 90
        0
176
     1
 90
        0
176
     1
 40
0.6
176
     1
 40
30.0
176
     1
 62
     7
420
 16777215
176
     1
 90
        1
176
     1
 90
        4
176
     1
 62
     7
176
     1
 62
   257
176
     1
 90
        1
176
     1
 90
        1
176
     1
 40
1.0
176
     1
 90
        0
176
     1
 62
   257
176
     1
 40
1.0
176
     1
 90
        1
176
     1
 90
        6
176
     1
 90
        2
176
     1
 62
     7
176
     1
 90
        3
176
     1
 90
        0
176
     1
 90
        0
176
     1
290
     0
176
     1
 90
        1
176
     1
 40
0.0
176
     1
 90
        0
176
     1
290
     0
176
     1
290
     1
176
     1
290
     1
176
     1
290
     0
176
     1
290
     0
176
     1
290
     0
176
     1
290
     0
176
     1
290
     0
176
     1
290
     0
176
     1
 90
       50
176
     1
 40
0.0
176
     1
 40
1.0
176
     1
 90
        0
176
     1
 62
    18
420
        0
176
     1
 90
       50
176
     1
 90
        3
176
     1
 62
     5
420
      255
176
     1
290
     0
176
     1
 90
       50
176
     1
 90
       50
176
     1
 90
       50
176
     1
290
     0
176
     1
 90
       50
176
     1
 62
   256
176
     0
 40
1.0
176
     0
 90
        2
176
     1
  1
strokes_ogs.tif
176
     1
290
     0
176
     1
 40
1.0
176
     1
 40
1.0
176
     1
  0
VISUALSTYLE
  5
1F1
102
{ACAD_REACTORS
330
EF
102
}
330
EF
100
AcDbVisualStyle
  2
X-Ray
 70
    25
177
     3
291
     0
 70
    58
 90
        2
176
     1
 90
        2
176
     1
 90
        1
176
     1
 90
        1
176
     1
 40
0.5
176
     1
 40
30.0
176
     1
 62
     7
420
 16777215
176
     1
 90
        1
176
     1
 90
        0
176
     1
 62
     7
176
     1
 62
   257
176
     1
 90
        1
176
     1
 90
        1
176
     1
 40
1.0
176
     1
 90
        8
176
     1
 62
     7
176
     1
 40
1.0
176
     1
 90
        1
176
     1
 90
        6
176
     1
 90
        2
176
     1
 62
     7
176
     1
 90
        3
176
     1
 90
        0
176
     1
 90
        0
176
     1
290
     0
176
     1
 90
       13
176
     1
 40
0.0
176
     1
 90
        0
176
     1
290
     0
176
     1
290
     1
176
     1
290
     1
176
     1
290
     0
176
     1
290
     0
176
     1
290
     0
176
     1
290
     0
176
     1
290
     0
176
     1
290
     0
176
     1
 90
       50
176
     1
 40
0.0
176
     1
 40
1.0
176
     1
 90
        0
176
     1
 62
    18
420
        0
176
     1
 90
       50
176
     1
 90
        3
176
     1
 62
     5
420
      255
176
     1
290
     0
176
     1
 90
       50
176
     1
 90
       50
176
     1
 90
       50
176
     1
290
     0
176
     1
 90
       50
176
     1
 62
   256
176
     0
 40
1.0
176
     0
 90
        2
176
     1
  1
strokes_ogs.tif
176
     1
290
     0
176
     1
 40
1.0
176
     1
 40
1.0
176
     1
  0
DICTIONARYVAR
  5
146
102
{ACAD_REACTORS
330
5E
102
}
330
5E
100
DictionaryVariables
280
     0
  1
1:1
  0
DICTIONARYVAR
  5
259
102
{ACAD_REACTORS
330
5E
102
}
330
5E
100
DictionaryVariables
280
     0
  1
3.500000
  0
DICTIONARYVAR
  5
25A
102
{ACAD_REACTORS
330
5E
102
}
330
5E
100
DictionaryVariables
280
     0
  1
acadiso.lin
  0
DICTIONARYVAR
  5
145
102
{ACAD_REACTORS
330
5E
102
}
330
5E
100
DictionaryVariables
280
     0
  1
STANDARD
  0
DICTIONARYVAR
  5
84
102
{ACAD_REACTORS
330
5E
102
}
330
5E
100
DictionaryVariables
280
     0
  1
STANDARD
  0
DICTIONARYVAR
  5
227
102
{ACAD_REACTORS
330
5E
102
}
330
5E
100
DictionaryVariables
280
     0
  1
Metric50
  0
DICTIONARYVAR
  5
228
102
{ACAD_REACTORS
330
5E
102
}
330
5E
100
DictionaryVariables
280
     0
  1
Metric50
  0
DICTIONARYVAR
  5
5F
102
{ACAD_REACTORS
330
5E
102
}
330
5E
100
DictionaryVariables
280
     0
  1
2
  0
DICTIONARYVAR
  5
63
102
{ACAD_REACTORS
330
5E
102
}
330
5E
100
DictionaryVariables
280
     0
  1
1
  0
DICTIONARYVAR
  5
1AE
102
{ACAD_REACTORS
330
5E
102
}
330
5E
100
DictionaryVariables
280
     0
  1
0
  0
DICTIONARYVAR
  5
1AF
102
{ACAD_REACTORS
330
5E
102
}
330
5E
100
DictionaryVariables
280
     0
  1
0
  0
DICTIONARY
  5
205
330
22
100
AcDbDictionary
280
     1
281
     1
  0
DICTIONARY
  5
1F9
330
ED
100
AcDbDictionary
280
     1
281
     1
  3
FBXASSET
360
1FA
  0
DICTIONARY
  5
1F7
330
EC
100
AcDbDictionary
280
     1
281
     1
  3
FBXASSET
360
1F8
  0
DICTIONARY
  5
173
330
EE
100
AcDbDictionary
280
     1
281
     1
  3
BUMPTILE
360
175
  3
DIFFUSETILE
360
174
  3
FBXASSET
360
1FB
  3
OPACITYTILE
360
176
  3
REFLECTIONTILE
360
177
  0
DICTIONARY
  5
162
330
7F
100
AcDbDictionary
280
     1
281
     1
  3
ACAD_ROUNDTRIP_2008_TABLESTYLE_CELLSTYLEMAP
360
886
  0
XRECORD
  5
1FA
102
{ACAD_REACTORS
330
1F9
102
}
330
1F9
100
AcDbXrecord
280
     1
 70
     1
 90
429727718
  1
D62C5603-E3A1-4AEA-B7FB-FE5D8D0755AF
310
504B03040A0000080000CC70623B3DEE336E79000000790000001B0000006175746F6465736B2D64657369676E2D7061636B6167652E786D6C3C3F786D6C2076657273696F6E3D22312E302220656E636F64696E673D227574662D3822203F3E3C666F726D6174733E3C666F726D61743E687474703A2F2F736368656D612E
310
6175746F6465736B2E636F6D2F64657369676E2D7061636B6167652F323030393C2F666F726D61743E3C2F666F726D6174733E504B0304140006080800CC70623BD486FD9CA0000000F4000000130000005B436F6E74656E745F54797065735D2E786D6C7D8EC10E82300C865F65E91D8A1E8C310C0EEA1BF002731658846E
310
D98AC1B77784ABF1D8FE5FBFBF75BBCE937A534CCEB38643598122B6FEE978D0B0485F9C41B54DDD7D022595594E1A469170414C76A4D9A4D207E29CF43ECE46F218070CC6BECC4078ACAA135ACF422C856C0E68EA1BF5669944DDD7BCDE7B1F8E415D77AECB980613C2E4AC91FC167A2B244592486606FC29C8FD7F045B9A
310
EF7053A7E60B504B0304140006080800CC70623B853B8169EB0000007C01000008000000636F72652E786D6C8D90416EC3201045AF62CDB6C206821CC7C244919D9CA01740401C94182C03558F5F9C3852BBEB6A467FFE9B197D7EFC9E1EC5975982F5AE035262288C535E5B377690E21535501C055FBC8FBF6C503839990E
310
5619041F179FE64D52DE45E362569DD7661365082642A11EB9E920A89B99642953CC8E702F67A9EE7234257977194EC9EAE275C4EABCCF5EAD5940D4AC6F0E35A568B8F43562CD7046CD199FD07E60174276A7BE677B5EADB0E0D14EEFFB6A31321A0D82627C4084204C3F096B71DD52F6819B16635EADF63F509AF53FA164
310
5DDCD1EDDD17164090FCC8732078B56691CB33A85CD7DCC40F504B0304140006080800CC70623B55019EA25F0000007C00000007000000636E782E786D6C4DCB3B0E80201045D1AD90E915ED2CF8AC45050C11660C8261F98AB1B07AC9C97D42D718D865D3E909258CFD00CCE24AC6E326A164D74DC0B4128928FF32603847
310
2BA13128B1252AC747C6BAB984FC68F0B87FE8960A5C09FE86CFB69FBA01504B0304140006080800CC70623BDBABAAF470010000D40300000C0000006662782F636F72652E786D6CC553D16E823014FD95A6AF4B694182CC941A83FA05FB810A9511A125A5257EFE2E82712ECEB8A7F100CD39F7F69E734AF9FADC366850B6
310
AF8DCE7018308C942E4C59EB2AC3DE1D498AD15A706B8CFB56869196ADCAF00863C12B6B7C374385D14E6907A836A59A41D9F7CA615434B0C8705F7CAA5606D23BA8E84F41278B93AC54100640439DE0BDB320004D43C63716C7C399D30917DCFBBA9CD9BA8469F5B156168B24CED3F7248AC8769F27244EB73B92EED8862C
310
B7F13E0C179B3C8F979C8ECD82BBBABDAA2BAC924E9558448CBD9330242CFA08E3154B5651FCC6D215639C8EE5774DBE2B5F6CF2B5768B68963BB5F5588420E442FC700B1139D4CB01F450C1E918227C2E09DF070D8140C84E1E9AAB8F1340832A9CB13130A5F1376A908D57309505ECF2A0DF179C4E9D30F5B239B87E3823
310
7A79C6F31DE1A8A5AEC08474B03C7837EAE4938639B44E5932B833D2C6B6B279CDC613877FA26EE21F4A2A4C63EC7F29A2F301D1F9F7A0E37D145F504B0304140006080800CC70623B9C113CC27E0000009D0000000B0000006662782F636E782E786D6C4DCCDF0A83201C86E15B91DFB94BFB330DD428C8FB886521330DA7
310
6397BF1A1DECE883878F57749FCDA1B7892F1BBC047A23808C7F84D9FA55424E0BE6803A256208E9EF06C84F9B91703228B1C690F78B66B34CD9A5439DF5CF0BFBF65E35BCA1B8D6A5C6F540381E886698B5741C695F9503EBA150A2F8958E3DC3EA0B504B0304140006080800CC70623B7DF2F77C2A010000120200003100
310
00006662782F41393633353835312D344632462D344230382D423046372D3739314545314133324237412F636F72652E786D6C8D51DB8EC22014FC15C2939B0D2DB4B45643319AE817EC0F6041255A68B86CFCFC856D4D76DF7CE190393373060EDB3DC707F856CE6B6B7A480A0C81328395DA5C7B18C3057510EC3873D686
310
3F34088C18550F330C39BB3A1BA7051AAC09CA84841A2BD5020AEF55806078A44B0FFD7053A328440C89E1EFC52486BBB8AA8214A99D789CF9E05200300FC927E4FB4D5B375D43103D5527440FB843077C5AA3F5861C8F645F5787F59E95B390B318B55CE45AA638FAA2957BD7248B390B7A7CC51F9C124149C82B8C378810
310
84AB2F42B7B8DD56F413775B8C5999E9FF4471926F8AA236A1AE96B8B3CC434E5839373893369E1FAF30EA395917409EB7F26AF8801C171837A4A6AC9C89E9F9C9B1A58BA30FD6A5EF5DDDCF894B9AD9B6A59C957943A9FCAE2FD5BC4DFE03504B0304140006080800CC70623BAD7543B64E01000033030000300000006662
310
782F41393633353835312D344632462D344230382D423046372D3739314545314133324237412F636E782E786D6CD593CD6EC32010845F0571AD6CE3D48AD20813A9873E410FBD12D82434182C7EAAE6EDBB2424CD25871E7B41D6EC30B3FA84F9E67BB2E40B4234DE8DB46F1925E094D7C6ED479AD3AE5951B2113C789FEE
310
6C943839C1488B4C05DF079FE72A69D8C96C13AAD6B8631503449F83828872B949AC57D26200B826A308D316B4064D6E46FCDA41C05550DC9E483A00797BFD207EFB092A45DE9514C1BBD22178396BD39D891265658C238DEA00936C654E5E433CB65A26D9F6EDB5EBC14EBF49A45CB856E66048291F6939A9A81BB5C89177
310
38143CA680F4AA299D66A042CEB3354A2684DC9D8D178FE0D9B8B41CAAD720F880EE7EF93C0C18769E099ECC04D5A102C8049A8A05632F4DDF376CF1DE0F6BB65C2F8627B65A33C6BB62177CEBBDAD973006829F89F22E814B54F4BC2BE347F8AA8F681390B50FA73F804400B5F542E796F19FF974E7F78DB802FE05E20750
310
4B0304140006080800CC70623BE75B7789680500003C100000340000006662782F41393633353835312D344632462D344230382D423046372D3739314545314133324237412F6F626A656374732E786D6CAD575B8F9B3818FD2B887D06C22499CB8AA1CA655245D5B455A356FB305264C061D8018C6C3393D95FBFC7600890
310
A4CD5EF210B0B1BFEBF98E3F7B1FF6596ABC522E1296DF9BAE3D320D9A872C4AF2F8DE2CE5CEBA358D0FBEC719939D65A691938CDE9B6ADAF4BD98B3B2D05311DD91329583D9D5FC0F438434A7A611A644887B5384CF34233629258BA878B12322891DEFF6B66BD70BFB62634E8AE781D082709A4B588AF91C528CDA28B73F
310
1C998EEF39EABBEFA97FBD6A7C7E9553F9D3D79FE442923C3C523610337627CB87ABE99D359D4CC6D6E4FACAB5E6ABF9D2726FC6A3C5F56271377BB88362213924694B38DD99FE47C48627A1E7D49F5A8BB5E1A74C0A599ED3B0F21F1E56366B89112D681E218F0915D0D6F17AD41FBA2A369DCF6335D62ABBD39779D5DDD1
310
11D4D8DE3CBB96B2E04FB8202E41051754A1AA8E8F76B4C6DFE810B580B1547F4B84911149794252234D024EF8BBE963A95AE27B3D310A9D5C215C7960FAEE415ED75694C6AFB17BCACA5D99A60A9AA65F217B0BFC53292ACB92BF283FAD0D3621576592CB5BED907C2FA8E9DF794E35E97BEA31BED21FEB401ABB94C44839
310
DCACBF0E1C5DA8DA5B2F4DFFD32AD86F543D9E565E7056502E157C00AD2671CD534549AB752FCA9CDA00677A313F04E51B22FF19E57B300579E3C97EB29F682D92935CEC18CF901B7B54FD8C51F362B56FC72FE0B3C1EAE335EDCCBF5AEC39ADB17DC238973F804BA5E6F6BFE7AF1FB32E523BE9F3BD571418E3631DCA4D48
310
5250CF639223210A9446CA30052EDF057BD35F8329C1ECD84552BF0DC8D18BE7BCE23BFE6BD960AB4A7DE79923A103BEBD80F911CBAA2C60DB19B01CF164A5583B772EE6D3FFA56666CBCDA74DC97724A48F9A58967497E489C4D979006FD7A05E227A1EBDD0F737C623387A9C844D3709995625106D157315F8B8392CD4E0
310
A0B9A720C4BE9829CEF37EA1E13111214D53925356365ADA634861B52519DD27A00AEB808EAF0628E6F435519D446F45CF2C9CF5214F0A15B2F6D06B79DA3EE3CBF7F56780D2F4E7EF73A0F5E5B02A38D07DC852C6B7C1FBB6664213E0C39E3EBA7FF4E1AD23EA2829407C85E586727488B751B2DB9502BC7B228A3FD68B6E
310
A65A22397E690AA8D158D7E404EC8CDA235CC3B7D1898680131CEC2CDF2638C65196279577750F15884AEE19F94199155B92B13297978469D4F8D358DF0AEF7631E28DC8F0D9F437D5D39A83B2231A1D52D543813A824EF8D44BCFF2FA6A31BD1E8DAD87F1CCB526B3879935BF59CDADD5C37479BB1CDD4CA7B3556B516589
310
EF352754B706114D9C885EC9131DE6EFEB43D99AFE2391C2F958179413D7CFEF6B1B6DB1E7600F00DE6E5C67454A339A4BA2E0FBA85ED26F045D454F463DBFCE484C2F90F2E5E3666003662ED8F755951A7D1BECD5B30B550B2785C8E7320B7292A4838DDA71BBC863ED7613CAF659337A3354231D4FF4A182A54904C2898C
310
98B28C4AD0CE056CCF332A80986E571EE9DBC305BB5FEB7E509220A58D25CF042D712A806AC0AD0C657FDEF80D2D9CEAA2EE4D1C76F60BFE74219A06527D6F82DF6412526107381E55E353090704D085B52408A8913C4ED159D79BDA71BB4BC506F4831350EB6F975CD22D69BF7AC49B91A2C0A9DDA3D5CA36AD20FC478E37
310
E61844E2352865EBCB61A275A65283CAAA9DD27703B4102F5AF51EF5F573B75CBB5AD38BC845F7A49F82A0966A49C2E3EA5EA0ECD326CD965F1DB402C6FA8B51A4658C5C5E2EC9E214602E55810345408596591009A82E7E7FFACA19EEA299B14A0081A705CB3296EBC14CDF658DCD336EA6D1136881AAEB87B81AB9EE53D5
310
F5EB8BC8362082DA24122F98680A4E7930C01A0079749CEA14382A0783E5EBA5A10F8C098456A03D6A4AEB6BB881E2513747552A5DB22C7EDAF83BD5528081A365F7FF06504B0304140006080000CC70623B000000000000000000000000350000006662782F41393633353835312D344632462D344230382D423046372D37
310
39314545314133324237412F76657274696365732E62696E504B0304140006080800CC70623BF270F1330600000004000000360000006662782F41393633353835312D344632462D344230382D423046372D3739314545314133324237412F747269616E676C65732E62696E636660600000504B0304140006080000CC7062
310
3B000000000000000000000000370000006662782F41393633353835312D344632462D344230382D423046372D3739314545314133324237412F617474726962757465732E62696E504B0304140006080800CC70623B08DA0BD19000000041010000360000006662782F41393633353835312D344632462D344230382D4230
310
46372D3739314545314133324237412F6469726563746F72792E786D6C858F410AC3201045AF22B36F53E9A60B35CBEEBAE80D244E44489C6234F4F835464A48035D0DF398FF9F8AF63D0E6CC63039F212F8F9020C7D47C6792B21C5FE7403D62A1188E2E60C98D7234A5830286103A55745067B9D86B8A3CF9C7F90C11DE6
310
07FB144396D7B6A82D282E9A152AD114D5EF2CB866EEE831B8EEA07A7BB5A8D7D61A2BAAEB7FD5F70921FF497D00504B0304140006080800CC70623BEDD1DC58FD000000A00100003B0000006662782F41393633353835312D344632462D344230382D423046372D3739314545314133324237412F7265736F75726365732F
310
636F72652E786D6C8D504B6E833010BD0A9A6D65B00922041947112427E8052C33A156828DFCA97AFC9A40A576D7CDCCE87D344F8F9FBFE667F689CE6B6B3A6039850C8DB2A336530731DC4903D95970676DF82583CCC8193B5861107C72362E3BA4AC096842428D1D7107A5F7182053CF7474E0D507CE32973124857FE48B
310
540F3961CEF244279DE03EB81420DB9EAC1384436FA353E879B1B182C7A8C75DA3C7F453DF353A1075D537A7BA6464B8F535A99AE14A9A2BBD90E350DD183B5CFABE3AF262350B1EF4FC9351399401471025A527C218A1E53BAB5A5AB765F5469B96525EACF23FA6B88CFF34456DC2A1DCE36E360F82A5202F42F062ED2BAD
310
579969AFDD8A6F504B010214000A0000080000CC70623B3DEE336E79000000790000001B00000000000000000000000000000000006175746F6465736B2D64657369676E2D7061636B6167652E786D6C504B01021400140006080800CC70623BD486FD9CA0000000F40000001300000000000000000000000000B20000005B
310
436F6E74656E745F54797065735D2E786D6C504B01021400140006080800CC70623B853B8169EB0000007C010000080000000000000000000000000083010000636F72652E786D6C504B01021400140006080800CC70623B55019EA25F0000007C000000070000000000000000000000000094020000636E782E786D6C504B
310
01021400140006080800CC70623BDBABAAF470010000D40300000C00000000000000000000000000180300006662782F636F72652E786D6C504B01021400140006080800CC70623B9C113CC27E0000009D0000000B00000000000000000000000000B20400006662782F636E782E786D6C504B01021400140006080800CC70
310
623B7DF2F77C2A010000120200003100000000000000000000000000590500006662782F41393633353835312D344632462D344230382D423046372D3739314545314133324237412F636F72652E786D6C504B01021400140006080800CC70623BAD7543B64E010000330300003000000000000000000000000000D2060000
310
6662782F41393633353835312D344632462D344230382D423046372D3739314545314133324237412F636E782E786D6C504B01021400140006080800CC70623BE75B7789680500003C10000034000000000000000000000000006E0800006662782F41393633353835312D344632462D344230382D423046372D3739314545
310
314133324237412F6F626A656374732E786D6C504B01021400140006080000CC70623B0000000000000000000000003500000000000000000000000000280E00006662782F41393633353835312D344632462D344230382D423046372D3739314545314133324237412F76657274696365732E62696E504B01021400140006
310
080800CC70623BF270F133060000000400000036000000000000000000000000007B0E00006662782F41393633353835312D344632462D344230382D423046372D3739314545314133324237412F747269616E676C65732E62696E504B01021400140006080000CC70623B0000000000000000000000003700000000000000
310
000000000000D50E00006662782F41393633353835312D344632462D344230382D423046372D3739314545314133324237412F617474726962757465732E62696E504B01021400140006080800CC70623B08DA0BD1900000004101000036000000000000000000000000002A0F00006662782F41393633353835312D344632
310
462D344230382D423046372D3739314545314133324237412F6469726563746F72792E786D6C504B01021400140006080800CC70623BEDD1DC58FD000000A00100003B000000000000000000000000000E1000006662782F41393633353835312D344632462D344230382D423046372D3739314545314133324237412F7265
310
736F75726365732F636F72652E786D6C504B0506000000000E000E0080040000641100000000
  0
XRECORD
  5
1F8
102
{ACAD_REACTORS
330
1F7
102
}
330
1F7
100
AcDbXrecord
280
     1
 70
     1
 90
429727718
  1
30362254-06B7-45E0-A893-8CFA70E3D6BC
310
504B03040A0000080000CC70623B3DEE336E79000000790000001B0000006175746F6465736B2D64657369676E2D7061636B6167652E786D6C3C3F786D6C2076657273696F6E3D22312E302220656E636F64696E673D227574662D3822203F3E3C666F726D6174733E3C666F726D61743E687474703A2F2F736368656D612E
310
6175746F6465736B2E636F6D2F64657369676E2D7061636B6167652F323030393C2F666F726D61743E3C2F666F726D6174733E504B0304140006080800CC70623BD486FD9CA0000000F4000000130000005B436F6E74656E745F54797065735D2E786D6C7D8EC10E82300C865F65E91D8A1E8C310C0EEA1BF002731658846E
310
D98AC1B77784ABF1D8FE5FBFBF75BBCE937A534CCEB38643598122B6FEE978D0B0485F9C41B54DDD7D022595594E1A469170414C76A4D9A4D207E29CF43ECE46F218070CC6BECC4078ACAA135ACF422C856C0E68EA1BF5669944DDD7BCDE7B1F8E415D77AECB980613C2E4AC91FC167A2B244592486606FC29C8FD7F045B9A
310
EF7053A7E60B504B0304140006080800CC70623B1EC5D7A3EB0000007C01000008000000636F72652E786D6C8D90416EC3201045AF82665B6103C6756C6122AB4D4ED00B204C5C94182C03558F5F9C3852BBEB6A467FFE9B197D71FC9E6FE8CBACC17AD7032D0820E3B41FAD9B7A48F1820F808E52ACDEC75F36404ECDA687
310
4D0629A6D5A76597B477D1B89855E747B38B2A041301E95B6E7A08FAD3CCAA50296647B8168BD2573599823EBB0CA76447F43862C7BCCF5EAC59410E4DDD9C7973C2755553CCCFA4C603E3040F1565ED3B1FDE4E432BCA0D9622DAF9795FAF464533826484B498524CD807E51D79ED187F21878E10516EF63F505AC67F42C9
310
BA58B1FDDD071640D2FCC87D2045B96591CB3DA85CB7DCE40F504B0304140006080800CC70623B55019EA25F0000007C00000007000000636E782E786D6C4DCB3B0E80201045D1AD90E915ED2CF8AC45050C11660C8261F98AB1B07AC9C97D42D718D865D3E909258CFD00CCE24AC6E326A164D74DC0B4128928FF32603847
310
2BA13128B1252AC747C6BAB984FC68F0B87FE8960A5C09FE86CFB69FBA01504B0304140006080800CC70623B8C9102E971010000D40300000C0000006662782F636F72652E786D6CC5535B6E833010BC8AE5DF0A6C08340F1947A84D4ED00B38C6A128602363A31CBFCB234A53A551FA553EC09AD9F5CE8C31DB9E9B1AF5CA
310
7695D1198E428A91D2D214952E33ECDD315861B4E5CC1AE3BE9561A445A3323CC098B3D21ADFCE9034DA29ED00D5A6503328BA4E398C640D8B0C77F253352214DE4145770A5B214FA2546114020D759C75CE8200340D19DE981F0F6746269C33EFAB6266AB02A655C74A59CCF365BADC27CB5D902ED22848F6340DF238A141
310
BE88E2F57B92BFEDF23523433367AE6A2EEAA455C2A902F398D2751045018D3FA264435F3771F242571B4A1919CA6F9A7C5B3CD9E42BED16F12C776AEB308F40C848FC700B1139D4891EF410CEC810227CC6846F8386402064270EF5C5C709A05E49676C024C61FC95EA45ED154CA5211D1FF4FB8291A913A68E9B83EBBB33
310
E2A7673CDE118E5AE8124C0807CB8377834E366998436B950D7A7746DAD846D4CFD978E0F04FD455FC5D49D2D4C6FE9722321F10997F0F32DC47FE05504B0304140006080800CC70623BFFEA85907E0000009D0000000B0000006662782F636E782E786D6C4DCCD10A83201886E15B91FFDC95D95A811AB6F23E625948A6C3
310
E9D8E5AF46073BFAE0E1E365ED67B3E8ADC3CB78C7815C7240DA3DFC64DCC221C519D7805AC182F7F1EF06C88D9BE6703008B6049F9E274D7A1E938DBB5AE3D6131B2589BA0D3D965551E0B2EA732C9B9A624AAEB41E3A557677029960D9AFB4EF11165F504B0304140006080800CC70623B4FEEA4082C0100001202000031
310
0000006662782F39464131463745442D413632322D343644302D413938332D3331353338454246344243312F636F72652E786D6C8D515B6EC32010BC0AE2AB55850DD871ED0813254D72825EC00192A2C460F1A872FC42ED48ED5F7E00CDCECCCEB26C731F6FE05B39AFADE921293004CA082BB5B9F43086336A21D870E6AC
310
0D7F68109861543DCC30E4ECE26C9C164858139409093556AA051CBC570102714B8F1E7AF1A5C6A11862480C7F2DA6415C878B2A4891CA89C7990F2E050073937C42DE1DB7E4F87ED8A36D4329AA9B3D46DBAEAD504556557BD81DEBDD0761E52CE42C462D17B996298E3E6BE59E35C962CE821E1FF18553435012728A7187
310
0841987E927A8D9B35ADDF70BBC6989599FE4F1427F9A4286A132ABAC49D651EF234CD5CE04CDA78BA3DC2A8FB645D00B9DF8B57E215725C60BCA2A463E54C4CE327C7A65E1C7DB02E7DEFCBF594B864C5CA6CDBD49C957943E9FA5D5FBAF336F90F504B0304140006080800CC70623BAD7543B64E01000033030000300000
310
006662782F39464131463745442D413632322D343644302D413938332D3331353338454246344243312F636E782E786D6CD593CD6EC32010845F0571AD6CE3D48AD20813A9873E410FBD12D82434182C7EAAE6EDBB2424CD25871E7B41D6EC30B3FA84F9E67BB2E40B4234DE8DB46F1925E094D7C6ED479AD3AE5951B2113C
310
789FEE6C943839C1488B4C05DF079FE72A69D8C96C13AAD6B8631503449F83828872B949AC57D26200B826A308D316B4064D6E46FCDA41C05550DC9E483A00797BFD207EFB092A45DE9514C1BBD22178396BD39D891265658C238DEA00936C654E5E433CB65A26D9F6EDB5EBC14EBF49A45CB856E66048291F6939A9A81BB5
310
C8917738143CA680F4AA299D66A042CEB3354A2684DC9D8D178FE0D9B8B41CAAD720F880EE7EF93C0C18769E099ECC04D5A102C8049A8A05632F4DDF376CF1DE0F6BB65C2F8627B65A33C6BB62177CEBBDAD973006829F89F22E814B54F4BC2BE347F8AA8F681390B50FA73F804400B5F542E796F19FF974E7F78DB802FE05
310
E207504B0304140006080800CC70623B16AB87BA640500003C100000340000006662782F39464131463745442D413632322D343644302D413938332D3331353338454246344243312F6F626A656374732E786D6CAD575B6FA33818FD2B887DE6924B3BED8A326A92B68A663B534DD4D13E548A0C38942D60649B369D5FBFC7
310
600890A493BDE42160637FD7F31D7FF63E6FB3D478A55C242CBF3247B66B1A340F5994E4F19559CA8D75611A9F7D8F33263BCB4C232719BD32D5B4E97B316765A1A722BA21652A07B3B7B33F0D11D29C9A46981221AE4C113ED38CD8A4942CA2E2C58E882476BCD9DA23BB5ED8171B73523C0F841684D35CC252CCE79062D4
310
468DFA43D7747CCF51DF7D4FFDEB5593E3AB9CCA9FBEFE241792E4E19EB28198C968BAB8199F5D5A67D3E9C49A9E8F47D6EC76B6B0469F26EEFC7C3EBFBCBEB98462213924694B38DD98FE1D62C393D073EA4FADC5DAF04326852CCF6958F90F0F2B9BB5C48816348F90C7840A68EB78EDF68723159BCEE7891A6B95DDE9D3
310
BCEAEEE8086A6C6F9E5D4B59F0175C10A7A0820BAA5055C7473B5AE3CFDD452D602CD5DF12616444529E90D448938013FE6EFA58AA96F85E4F8C42275708571E98FE6827AF6B2B4AE3D7D83D64E5A64C53054DD3AF90BD06FEA9149565C94FCA0F6B834DC85599E4F2423B24DF0B6AFA979E534DFA9E7A4CC6FA631D486393
310
921829879BF5D781A373557BCB85E97FB90DB62B558F8795179C15944B051F40AB495CF35451D26A4727654E6D8033BD98EF82F21D91FF8AF2DD9982BCF1643BDD4EB516C9492E368C67C88DED563FC36D5EACF66DFF057C3658BDBFA69DF9578B3DA735B64F18C7F20770A9D45CFCF7FCF563D6456A277DBEF78A02637CA2
310
43B90A490AEAB94F72244481D24819A6C0E59B606BFA4B3025981DBB48EAB701D97BF19C577CC77F2D1B6C55A9EF3C732474C0B727303F625995056C3B02963D9EAC146BE78EC5FCEC7FA999EBC5EACBAAE41B12D27B4D2C0BBA49F244E2ECDC81B76B502F113D8F5EE8FB1BE3111CDD4FC2AA9B844CAB1288B68AB90A7CDC
310
1C166AB0D3DC5310625FCC14E779BFD0709F8890A629C9292B1B2DED31A4B0DA928CEE135085754027E3018A397D4D5427D15BD1330B677DC8934285AC3DF45A9EB68FF8F2B8FC0A509AFEECFD0FF2DE25CC6047F7214B195F07EFEB9A094D800F7BFAE8FED187B78EA8A3A400F115961BCAD1215E47C966530AF0EE8128FE
310
58CEBB996A8964FFA529A046635D9353B0336A8F700DDF46271A024E70B0B37C9DE01847591E54DED53D54202AB947E4076556AC49C6CA5C9E1226B7F1A7B1BE15DEED62C41B91E1B3E9AFAAA735036547343A925075041DF0A9979E893B391F8FCFA6967B3EFB644DCF6E5CEBFAE272625DCC6FAF3FB93793C5F90CE1EF57
310
407342756B10D1C489E8953CD1617E5CEECAD6F4EF8914CE5D5D504E5C3F1F9736DA62CFC11E00BCDDB8CC8A9466349744C1F75EBDA4DF09BA8A9E8C7A7E9991989E20E5DBDD6A6003664ED8F7A04A8DBE0DF6EAD9B9AA858342E47399053949D2C146EDB85DE4B176BB0965FBAC19BD19AA918E27FA50C1D22402E144464C
310
59462568E704B6E71915404CB72B8FF4EDE184DDAF753F284990D2C6926782963815403548A70C657FDEF80D2D9CEAA2AE4C1C76F60BFE74219A06527D6582DF6412526107381E55E353090704D085B52408D0933C4ED159D79BDA71BB4BC506F4831350EB6F979CD22D69BF7AC49B91A2C0A9DDA3D5CA36AD20FC478E37E6
310
1844E2352865EBCB6EA275A652E3836BE04EFB400BF1A2556F515F1FBB35B2AB35BD889C744FFA1004B5544B121E57F70215746DD2F5E2C1412B602CBF19455AC6C8E5E9922C4E01E65215385004546899059180EAFCF7A707CE7017CD8CDB0410789AB32C63B91E5CEBBBACB17AC6CD347A022D5075FD106377347AAABA7E
310
7D11590744509B44E205134DC1290F06580320F78E537D3D73540E06CB970B431F185308AD40BBD794D6D77003C5A36E8EAA54BA64597CD8F83BD552A080A365F7FF06504B0304140006080000CC70623B000000000000000000000000350000006662782F39464131463745442D413632322D343644302D413938332D3331
310
353338454246344243312F76657274696365732E62696E504B0304140006080800CC70623BF270F1330600000004000000360000006662782F39464131463745442D413632322D343644302D413938332D3331353338454246344243312F747269616E676C65732E62696E636660600000504B0304140006080000CC70623B
310
000000000000000000000000370000006662782F39464131463745442D413632322D343644302D413938332D3331353338454246344243312F617474726962757465732E62696E504B0304140006080800CC70623B08DA0BD19000000041010000360000006662782F39464131463745442D413632322D343644302D413938
310
332D3331353338454246344243312F6469726563746F72792E786D6C858F410AC3201045AF22B36F53E9A60B35CBEEBAE80D244E44489C6234F4F835464A48035D0DF398FF9F8AF63D0E6CC63039F212F8F9020C7D47C6792B21C5FE7403D62A1188E2E60C98D7234A5830286103A55745067B9D86B8A3CF9C7F90C11DE607
310
FB144396D7B6A82D282E9A152AD114D5EF2CB866EEE831B8EEA07A7BB5A8D7D61A2BAAEB7FD5F70921FF497D00504B0304140006080800CC70623B0D6EF93BFE000000A00100003B0000006662782F39464131463745442D413632322D343644302D413938332D3331353338454246344243312F7265736F75726365732F63
310
6F72652E786D6C8D50596E833010BD0A9ADFCA60B334011947A8694ED00B586642AC041B79A97AFC9A40A5F6AF3F33A3B7689E1E3F7DCD8FEC139DD7D6F4C0720A191A65476DA61E62B892236427C19DB5E1970C322367EC618541F0C9D9B8EC90B226A009093576C41D94DE63804C3DD2D18357379C652E63480A7FCF17A9
310
EE72C29CE5894E3AC17D702940B63D59270887DE46A7D0F36263058F518FBB468FE9A7BE6A7420864373B8D4873369AA8691FA421B3294352543C5CAF65C0F6FEF43CB8BD52C78D0F34F46E550061C419494B6843142CB0F5677F4B52BEB177AEC28E5C52AFF638ACBF84F53D42654E51E77B379102C05791282176B5F693D
310
CB4C7BED567C03504B010214000A0000080000CC70623B3DEE336E79000000790000001B00000000000000000000000000000000006175746F6465736B2D64657369676E2D7061636B6167652E786D6C504B01021400140006080800CC70623BD486FD9CA0000000F40000001300000000000000000000000000B20000005B
310
436F6E74656E745F54797065735D2E786D6C504B01021400140006080800CC70623B1EC5D7A3EB0000007C010000080000000000000000000000000083010000636F72652E786D6C504B01021400140006080800CC70623B55019EA25F0000007C000000070000000000000000000000000094020000636E782E786D6C504B
310
01021400140006080800CC70623B8C9102E971010000D40300000C00000000000000000000000000180300006662782F636F72652E786D6C504B01021400140006080800CC70623BFFEA85907E0000009D0000000B00000000000000000000000000B30400006662782F636E782E786D6C504B01021400140006080800CC70
310
623B4FEEA4082C0100001202000031000000000000000000000000005A0500006662782F39464131463745442D413632322D343644302D413938332D3331353338454246344243312F636F72652E786D6C504B01021400140006080800CC70623BAD7543B64E010000330300003000000000000000000000000000D5060000
310
6662782F39464131463745442D413632322D343644302D413938332D3331353338454246344243312F636E782E786D6C504B01021400140006080800CC70623B16AB87BA640500003C1000003400000000000000000000000000710800006662782F39464131463745442D413632322D343644302D413938332D3331353338
310
454246344243312F6F626A656374732E786D6C504B01021400140006080000CC70623B0000000000000000000000003500000000000000000000000000270E00006662782F39464131463745442D413632322D343644302D413938332D3331353338454246344243312F76657274696365732E62696E504B01021400140006
310
080800CC70623BF270F133060000000400000036000000000000000000000000007A0E00006662782F39464131463745442D413632322D343644302D413938332D3331353338454246344243312F747269616E676C65732E62696E504B01021400140006080000CC70623B0000000000000000000000003700000000000000
310
000000000000D40E00006662782F39464131463745442D413632322D343644302D413938332D3331353338454246344243312F617474726962757465732E62696E504B01021400140006080800CC70623B08DA0BD190000000410100003600000000000000000000000000290F00006662782F39464131463745442D413632
310
322D343644302D413938332D3331353338454246344243312F6469726563746F72792E786D6C504B01021400140006080800CC70623B0D6EF93BFE000000A00100003B000000000000000000000000000D1000006662782F39464131463745442D413632322D343644302D413938332D3331353338454246344243312F7265
310
736F75726365732F636F72652E786D6C504B0506000000000E000E0080040000641100000000
  0
XRECORD
  5
175
102
{ACAD_REACTORS
330
173
102
}
330
173
100
AcDbXrecord
280
     1
270
     1
271
     1
  0
XRECORD
  5
174
102
{ACAD_REACTORS
330
173
102
}
330
173
100
AcDbXrecord
280
     1
270
     1
271
     1
  0
XRECORD
  5
1FB
102
{ACAD_REACTORS
330
173
102
}
330
173
100
AcDbXrecord
280
     1
 70
     0
 90
1673772943
  1
ECE7A1D2-D628-4531-984C-D00F80459256
310
504B03040A0000080000CC70623B3DEE336E79000000790000001B0000006175746F6465736B2D64657369676E2D7061636B6167652E786D6C3C3F786D6C2076657273696F6E3D22312E302220656E636F64696E673D227574662D3822203F3E3C666F726D6174733E3C666F726D61743E687474703A2F2F736368656D612E
310
6175746F6465736B2E636F6D2F64657369676E2D7061636B6167652F323030393C2F666F726D61743E3C2F666F726D6174733E504B0304140006080800CC70623BD486FD9CA0000000F4000000130000005B436F6E74656E745F54797065735D2E786D6C7D8EC10E82300C865F65E91D8A1E8C310C0EEA1BF002731658846E
310
D98AC1B77784ABF1D8FE5FBFBF75BBCE937A534CCEB38643598122B6FEE978D0B0485F9C41B54DDD7D022595594E1A469170414C76A4D9A4D207E29CF43ECE46F218070CC6BECC4078ACAA135ACF422C856C0E68EA1BF5669944DDD7BCDE7B1F8E415D77AECB980613C2E4AC91FC167A2B244592486606FC29C8FD7F045B9A
310
EF7053A7E60B504B0304140006080800CC70623BD9DDAED0EC0000007C01000008000000636F72652E786D6C8D90416EC3201045AF82665B61836D9CD8C2444DD39CA01740405C94182C03558F5F9C3852BBEB6A467FFE9B197D7EF89E6EE8CB2CC17A37002D0820E394D7D68D03A478C17B4007C117EFE32F1B20272733C0
310
2A83E0E3E2D3BC49CABB685CCCAAF3DA6CA20CC14440EA969B0182FA34932C648AD911AEC52CD5558EA6A0CF2EC329598D1E47ACCEFBECC59A050463A7EA5833865FEBDD0E37353BE3EE8DBDE3F6786A48D375FBF6CC78B9C282473B3DEFABC5C86834888A900E538A49F5419B9EB47DD5BC907D4F082F57FB1F28CDFA9F50
310
B22ED6D5F6EE030B20687EE43E10BC5CB3C8E51E54AE6B6EE207504B0304140006080800CC70623B55019EA25F0000007C00000007000000636E782E786D6C4DCB3B0E80201045D1AD90E915ED2CF8AC45050C11660C8261F98AB1B07AC9C97D42D718D865D3E909258CFD00CCE24AC6E326A164D74DC0B4128928FF326038
310
472BA13128B1252AC747C6BAB984FC68F0B87FE8960A5C09FE86CFB69FBA01504B0304140006080800CC70623BA24EB22D72010000D40300000C0000006662782F636F72652E786D6CC5535B6E833010BC8AE5DF0A6C5E49888CA3A6694ED00B38E05014B091B1518EDFE511A5A9D228FD2A1F60CDEC7A67C6986DCE4D8D7A
310
69BA4AAB0C073EC548AA5C17952A33ECECD15B61B4E1CC686DBF9561A44423333CC098B3D268D7CE50AE9595CA02AA74216750749DB418E5352C32DCE59FB211BE70162ABA93DF8AFC244AE9073ED050C759670D0840D390E18DF9F1706664C23973AE2A66B62A605A75ACA4C13C4976E1364A12EF355A2EBD384AF65EFA96
310
BC7B8BED2EA6719AAE16FB8491A199335B351775B991C2CA02F390D2D40B028F861F41BCA68B7518BFD0D59A524686F29B26D7164F36B94AD9289CE54E6D1DE6010819891F6E21228B3AD1831EC219194284CF98F06DD01008846CC5A1BEF83801D4CBDC6A1303536877A57A513B0953A94FC707FDBE6064EA84A9E3E6E0FA
310
EE8CF0E9198F7784A316AA0413C2C2F2E0ECA0934D1AE6D05A69BCDE9E91D2A611F573361E38FC1375157F5752AE6B6DFE4B11990F88CCBF0719EE23FF02504B0304140006080800CC70623B408A7D3B7C0000009D0000000B0000006662782F636E782E786D6C4DCCD10A83201886E15B91FFDC552A92A0064DBC8F581632
310
D3703A76F9ABD1C18E3E78F878E5F0D9027ABBFCF2292AE86E2D20171F69F6715550CB827B40839639A5F2770314A7CD293819B45C73AAFB45B35BA61ACAA1C1C7E7855C58C15BC331339661262CC762340413D68D77DA5B42298546CBE6573AF60CEB2F504B0304140006080800CC70623B449FB9BD290100001202000031
310
0000006662782F36394639363044362D344446342D343946362D394244322D3234314243333846323333332F636F72652E786D6C8D515B6EC32010BC0AE22B55850D98B871848994463E412FE002495162B07854397EA176A4F62F3F2C9A9D991D587EB84F37F0AD7D30CEF6905418026DA553C65E7A98E219ED203808EE9D
310
8B7F6810D871D23D2C3014FCE25D9A57483A1BB58D19B54EE9151C43D0110279CB971E06F9A5A7B11A53CC8C70ADE6515EC78BAE4895DB992778883E0700CB907242D17643D7E2538BD869608875438BBAE38922CAC8F1BDD90DB4691A5E2F42C153326A951B95E398B3D1FE599322163C9AE9115F7A3D46ADA0A018778810
310
84E907617BDCEE297BC5BB3DC6BC2EF47FA234AB2745C9D8D8D035EE220B50105E2F0DC1954B9FB747187D9F9D8FA0CCDB042D5FA0C015C65B42DF78BD10F3F3B363CB56C7109DCFDFBBB97E662ED92EB62D13BC2E1BCAE5777DB9966D8A1F504B0304140006080800CC70623BAD7543B64E01000033030000300000006662
310
782F36394639363044362D344446342D343946362D394244322D3234314243333846323333332F636E782E786D6CD593CD6EC32010845F0571AD6CE3D48AD20813A9873E410FBD12D82434182C7EAAE6EDBB2424CD25871E7B41D6EC30B3FA84F9E67BB2E40B4234DE8DB46F1925E094D7C6ED479AD3AE5951B2113C789FEE
310
6C943839C1488B4C05DF079FE72A69D8C96C13AAD6B8631503449F83828872B949AC57D26200B826A308D316B4064D6E46FCDA41C05550DC9E483A00797BFD207EFB092A45DE9514C1BBD22178396BD39D891265658C238DEA00936C654E5E433CB65A26D9F6EDB5EBC14EBF49A45CB856E66048291F6939A9A81BB5C89177
310
38143CA680F4AA299D66A042CEB3354A2684DC9D8D178FE0D9B8B41CAAD720F880EE7EF93C0C18769E099ECC04D5A102C8049A8A05632F4DDF376CF1DE0F6BB65C2F8627B65A33C6BB62177CEBBDAD973006829F89F22E814B54F4BC2BE347F8AA8F681390B50FA73F804400B5F542E796F19FF974E7F78DB802FE05E20750
310
4B0304140006080800CC70623B8D05915C650500003B100000340000006662782F36394639363044362D344446342D343946362D394244322D3234314243333846323333332F6F626A656374732E786D6CAD575B6FA33814FE2B887D06429276DA1565D4266D158D3A339A6846FB502932E050B66023DB74D2FDF5FB190C01
310
9276B2973C046C8ECFF53B17071F77456EBD502133CEAE6CDF9DD81665314F32965ED995DA3A17B6F5310C04E7AA47665B8C14F4CAD6DB7618A48257A5D94AE89654B91AEDDEDDFC61C998326A5B714EA4BCB265FC440BE2924AF184CA6737218AB8E976E7FA6E4338649B0A523E8D98964450A6A029F619B8588D52FE7039
310
B1BD30F0F4F730D0FF866AF6369557DB33949F31A9088B0F848DD8CCFCF9F2767A76E99CCDE733677E3EF59D9BBB9BA5E37F984D16E78BC5E5F5ED25044B25C0C96822E8D60EEFE11B91C581D77CEA34368A1F5329E68CD1B8B61F16D63A1B8E092D294B10C78C4A48EB593D192E7DED9BDEE7995E1B91FDEDD3ACEA9FE831
310
6A756F9F7D4D79F4274C90A7A04248AA51D5F8C718DAE06FB2F75AC4796EBE65D22A88A22223B995679120E2D50E41AA49C260C046A35368846B0BECD0DFF3EBEB8AD4F835768F69B9ADF25C43D30E6B646F807FAA64AD59F61715C7A54127C4AACA98BA3006A9D792DAE165E0D59B61A01FB3A9F9D838D2DAE62445C86166
310
F37564E842E7DE6A69879FEEA2DD5AE7E371E1A5E025154AC307D06A03D73EB5978C58FFA4C8E9033066E0F3BD53BEC1F39F91BE7B55103791EDE6BBB991A2046172CB4581D8B893FA674DDA17A77B3B7C413D1B511FD2743BFF8A38F03A658705E3ADF8015C3A3417FF3D7E439FF591DA0B5F18BC20C1B8981957AE6392A3
310
F43C640C01D1A0B4728E2DD4F26DB4B3C3152A252A3B4E913CEC1C72F012782FF88EFF8637AA552DBEF76408E8A8DE9E50F9E1CB3A2DA0DB1B6039A893B56063DC5B3E3FFB5F72E67AB9FEB4AEC496C4F4C1149625DD662C53E89D7BF0F6151A046260D1337DFDC94502430F83B0EE07A130A224BCAD7DAE1D9FB6CD422FF6
310
920702629C4BB9AE79C12F243C6432A6794E18E5552BA56B431AAB5D91317302B2B071E86C3A42B1A02F999E24061403B5D0EB639195DA655DD3EBEAB4FB862DDF579F014AD0E73C22F99E28DA57FB98E75C6CA2D74D53086D600F4786E0FE3144B771A8A7B900F03594DB8A633CBC49B2EDB69228BB479CF863B5E807AAAB
310
23872F6DFEB4129B949CA33823F58830E86D65621E10047D9DB34D862E8EAC3C2ABC2F7B2C40D67CDFE01F5545B92105AF983AC54D93D69E56FB8E797F88913F898A9FEC705D3F9D1B54EC8426FB500D40A03BD0119B06E1B95DDC7EB8F6975367793EBD70E66733DFB9BC982F9CE564727731999F5D4ECFCE3B8D6A4DC2A0
310
6D50FD148437D110834A64C6CDDF57FBACB5C307A2A477DFE4939736CFEF2B175371E0E10CF0DD1D5C15654E0BCA14D1E87DD02FF93782A162C0A3D95F1524A52770F972BF1EE9809D13CE7DD599467F8ECE9ADD85CE85A34CD45355448C64F9E8A031DC2D596ACC6E5DD93D9B82DE2EF5CAF81363A8E47996A0DE24564A79
310
4115AACE09C55E14540231FDA13C319787134EBF34E3A022514E5B4D9E0826E25C02D5805B15ABE1BEF51B26383D445DD9E875EE33FE4C22DA16427D65A3BCA92CA6D28DD01DF5DC53330704308475351050232CCD31583787BA75774AFB06E5070DD0C8EF484E19968C5D83BA5B90B244D31E54D55A372320FE4786B7EA58
310
44E135AA5467CB7EA333A61683CC6A8C3257034C10CF46F40EF9F5BE59BE5BD30C3C72D235E95D10345C1D45445A5F0BB47E46A5EBE5570F9380B5FA629579952296A773720405982B9DE04011506178964401AA8BDF1FBF0A8EAB6861DD6580C0E38217056766716DAEB2D6FA0917D3E4116581EADB879C4E7CFFB11EFACD
310
3D641311495D92C8676CB409A72D18610D803CE8A626049E8EC1887CB5B44CC39883690DDA8399B4B9855B481E7D71D4A9D22F96E5BB73BF5793020C02137BF837504B0304140006080000CC70623B000000000000000000000000350000006662782F36394639363044362D344446342D343946362D394244322D32343142
310
43333846323333332F76657274696365732E62696E504B0304140006080800CC70623BF270F1330600000004000000360000006662782F36394639363044362D344446342D343946362D394244322D3234314243333846323333332F747269616E676C65732E62696E636660600000504B0304140006080000CC70623B0000
310
00000000000000000000370000006662782F36394639363044362D344446342D343946362D394244322D3234314243333846323333332F617474726962757465732E62696E504B0304140006080800CC70623B08DA0BD19000000041010000360000006662782F36394639363044362D344446342D343946362D394244322D
310
3234314243333846323333332F6469726563746F72792E786D6C858F410AC3201045AF22B36F53E9A60B35CBEEBAE80D244E44489C6234F4F835464A48035D0DF398FF9F8AF63D0E6CC63039F212F8F9020C7D47C6792B21C5FE7403D62A1188E2E60C98D7234A5830286103A55745067B9D86B8A3CF9C7F90C11DE607FB14
310
4396D7B6A82D282E9A152AD114D5EF2CB866EEE831B8EEA07A7BB5A8D7D61A2BAAEB7FD5F70921FF497D00504B0304140006080800CC70623BCA768048FE000000A00100003B0000006662782F36394639363044362D344446342D343946362D394244322D3234314243333846323333332F7265736F75726365732F636F72
310
652E786D6C8D50596E833010BD0A9ADFCA60D600328E9AA639412F609909B1126CE4A5EAF16B0295DABFFECC8CDEA2797AECF8353F924FB44E193D409E5248504B332A3D0D10FC95B4901C39B3C6F85F3248B49871801506CE266BC2B243D2688FDA47549B11775038871E12F988C7004EDE7016A9083E2ADC3D5D84BC8B09
310
D33C8D74D471E6BC8D0192EDC93A815B742658898E651BCB59086ADC356A8C3FD555A1055ED7E7E254D615792D0F075295F585746FF53B694EE78A565DD736979A65AB9933AFE69F8CD2A2F038022F28ED489E135A7CE4554F9BBEA85E68DB53CAB255FEC71496F19FA6A0B42F8B3DEE6673C0F318E4497096AD7DC5F52C33
310
EEB55BFE0D504B010214000A0000080000CC70623B3DEE336E79000000790000001B00000000000000000000000000000000006175746F6465736B2D64657369676E2D7061636B6167652E786D6C504B01021400140006080800CC70623BD486FD9CA0000000F40000001300000000000000000000000000B20000005B436F
310
6E74656E745F54797065735D2E786D6C504B01021400140006080800CC70623BD9DDAED0EC0000007C010000080000000000000000000000000083010000636F72652E786D6C504B01021400140006080800CC70623B55019EA25F0000007C000000070000000000000000000000000095020000636E782E786D6C504B0102
310
1400140006080800CC70623BA24EB22D72010000D40300000C00000000000000000000000000190300006662782F636F72652E786D6C504B01021400140006080800CC70623B408A7D3B7C0000009D0000000B00000000000000000000000000B50400006662782F636E782E786D6C504B01021400140006080800CC70623B
310
449FB9BD290100001202000031000000000000000000000000005A0500006662782F36394639363044362D344446342D343946362D394244322D3234314243333846323333332F636F72652E786D6C504B01021400140006080800CC70623BAD7543B64E010000330300003000000000000000000000000000D20600006662
310
782F36394639363044362D344446342D343946362D394244322D3234314243333846323333332F636E782E786D6C504B01021400140006080800CC70623B8D05915C650500003B10000034000000000000000000000000006E0800006662782F36394639363044362D344446342D343946362D394244322D32343142433338
310
46323333332F6F626A656374732E786D6C504B01021400140006080000CC70623B0000000000000000000000003500000000000000000000000000250E00006662782F36394639363044362D344446342D343946362D394244322D3234314243333846323333332F76657274696365732E62696E504B010214001400060808
310
00CC70623BF270F13306000000040000003600000000000000000000000000780E00006662782F36394639363044362D344446342D343946362D394244322D3234314243333846323333332F747269616E676C65732E62696E504B01021400140006080000CC70623B00000000000000000000000037000000000000000000
310
00000000D20E00006662782F36394639363044362D344446342D343946362D394244322D3234314243333846323333332F617474726962757465732E62696E504B01021400140006080800CC70623B08DA0BD190000000410100003600000000000000000000000000270F00006662782F36394639363044362D344446342D
310
343946362D394244322D3234314243333846323333332F6469726563746F72792E786D6C504B01021400140006080800CC70623BCA768048FE000000A00100003B000000000000000000000000000B1000006662782F36394639363044362D344446342D343946362D394244322D3234314243333846323333332F7265736F
310
75726365732F636F72652E786D6C504B0506000000000E000E0080040000621100000000
  0
XRECORD
  5
176
102
{ACAD_REACTORS
330
173
102
}
330
173
100
AcDbXrecord
280
     1
270
     1
271
     1
  0
XRECORD
  5
177
102
{ACAD_REACTORS
330
173
102
}
330
173
100
AcDbXrecord
280
     1
270
     1
271
     1
  0
CELLSTYLEMAP
  5
886
102
{ACAD_REACTORS
330
162
102
}
330
162
100
AcDbCellStyleMap
 90
        3
300
CELLSTYLE
  1
TABLEFORMAT_BEGIN
 90
        5
170
     1
 91
        0
 92
    32768
 62
   257
 93
        1
300
CONTENTFORMAT
  1
CONTENTFORMAT_BEGIN
 90
        0
 91
        0
 92
      512
 93
        0
300

 40
0.0
140
1.0
 94
        5
 62
     0
340
11
144
6.0
309
CONTENTFORMAT_END
171
     1
301
MARGIN
  1
CELLMARGIN_BEGIN
 40
1.5
 40
1.5
 40
1.5
 40
1.5
 40
4.5
 40
4.5
309
CELLMARGIN_END
 94
        6
 95
        1
302
GRIDFORMAT
  1
GRIDFORMAT_BEGIN
 90
        0
 91
        1
 62
     0
 92
       -2
340
14
 93
        0
 40
1.125
309
GRIDFORMAT_END
 95
        2
302
GRIDFORMAT
  1
GRIDFORMAT_BEGIN
 90
        0
 91
        1
 62
     0
 92
       -2
340
14
 93
        0
 40
1.125
309
GRIDFORMAT_END
 95
        4
302
GRIDFORMAT
  1
GRIDFORMAT_BEGIN
 90
        0
 91
        1
 62
     0
 92
       -2
340
14
 93
        0
 40
1.125
309
GRIDFORMAT_END
 95
        8
302
GRIDFORMAT
  1
GRIDFORMAT_BEGIN
 90
        0
 91
        1
 62
     0
 92
       -2
340
14
 93
        0
 40
1.125
309
GRIDFORMAT_END
 95
       16
302
GRIDFORMAT
  1
GRIDFORMAT_BEGIN
 90
        0
 91
        1
 62
     0
 92
       -2
340
14
 93
        0
 40
1.125
309
GRIDFORMAT_END
 95
       32
302
GRIDFORMAT
  1
GRIDFORMAT_BEGIN
 90
        0
 91
        1
 62
     0
 92
       -2
340
14
 93
        0
 40
1.125
309
GRIDFORMAT_END
309
TABLEFORMAT_END
  1
CELLSTYLE_BEGIN
 90
        1
 91
        1
300
_TITLE
309
CELLSTYLE_END
300
CELLSTYLE
  1
TABLEFORMAT_BEGIN
 90
        5
170
     1
 91
        0
 92
        0
 62
   257
 93
        1
300
CONTENTFORMAT
  1
CONTENTFORMAT_BEGIN
 90
        0
 91
        0
 92
      512
 93
        0
300

 40
0.0
140
1.0
 94
        5
 62
     0
340
11
144
4.5
309
CONTENTFORMAT_END
171
     1
301
MARGIN
  1
CELLMARGIN_BEGIN
 40
1.5
 40
1.5
 40
1.5
 40
1.5
 40
4.5
 40
4.5
309
CELLMARGIN_END
 94
        6
 95
        1
302
GRIDFORMAT
  1
GRIDFORMAT_BEGIN
 90
        0
 91
        1
 62
     0
 92
       -2
340
14
 93
        0
 40
1.125
309
GRIDFORMAT_END
 95
        2
302
GRIDFORMAT
  1
GRIDFORMAT_BEGIN
 90
        0
 91
        1
 62
     0
 92
       -2
340
14
 93
        0
 40
1.125
309
GRIDFORMAT_END
 95
        4
302
GRIDFORMAT
  1
GRIDFORMAT_BEGIN
 90
        0
 91
        1
 62
     0
 92
       -2
340
14
 93
        0
 40
1.125
309
GRIDFORMAT_END
 95
        8
302
GRIDFORMAT
  1
GRIDFORMAT_BEGIN
 90
        0
 91
        1
 62
     0
 92
       -2
340
14
 93
        0
 40
1.125
309
GRIDFORMAT_END
 95
       16
302
GRIDFORMAT
  1
GRIDFORMAT_BEGIN
 90
        0
 91
        1
 62
     0
 92
       -2
340
14
 93
        0
 40
1.125
309
GRIDFORMAT_END
 95
       32
302
GRIDFORMAT
  1
GRIDFORMAT_BEGIN
 90
        0
 91
        1
 62
     0
 92
       -2
340
14
 93
        0
 40
1.125
309
GRIDFORMAT_END
309
TABLEFORMAT_END
  1
CELLSTYLE_BEGIN
 90
        2
 91
        1
300
_HEADER
309
CELLSTYLE_END
300
CELLSTYLE
  1
TABLEFORMAT_BEGIN
 90
        5
170
     1
 91
        0
 92
        0
 62
   257
 93
        1
300
CONTENTFORMAT
  1
CONTENTFORMAT_BEGIN
 90
        0
 91
        0
 92
      512
 93
        0
300

 40
0.0
140
1.0
 94
        2
 62
     0
340
11
144
4.5
309
CONTENTFORMAT_END
171
     1
301
MARGIN
  1
CELLMARGIN_BEGIN
 40
1.5
 40
1.5
 40
1.5
 40
1.5
 40
4.5
 40
4.5
309
CELLMARGIN_END
 94
        6
 95
        1
302
GRIDFORMAT
  1
GRIDFORMAT_BEGIN
 90
        0
 91
        1
 62
     0
 92
       -2
340
14
 93
        0
 40
1.125
309
GRIDFORMAT_END
 95
        2
302
GRIDFORMAT
  1
GRIDFORMAT_BEGIN
 90
        0
 91
        1
 62
     0
 92
       -2
340
14
 93
        0
 40
1.125
309
GRIDFORMAT_END
 95
        4
302
GRIDFORMAT
  1
GRIDFORMAT_BEGIN
 90
        0
 91
        1
 62
     0
 92
       -2
340
14
 93
        0
 40
1.125
309
GRIDFORMAT_END
 95
        8
302
GRIDFORMAT
  1
GRIDFORMAT_BEGIN
 90
        0
 91
        1
 62
     0
 92
       -2
340
14
 93
        0
 40
1.125
309
GRIDFORMAT_END
 95
       16
302
GRIDFORMAT
  1
GRIDFORMAT_BEGIN
 90
        0
 91
        1
 62
     0
 92
       -2
340
14
 93
        0
 40
1.125
309
GRIDFORMAT_END
 95
       32
302
GRIDFORMAT
  1
GRIDFORMAT_BEGIN
 90
        0
 91
        1
 62
     0
 92
       -2
340
14
 93
        0
 40
1.125
309
GRIDFORMAT_END
309
TABLEFORMAT_END
  1
CELLSTYLE_BEGIN
 90
        3
 91
        2
300
_DATA
309
CELLSTYLE_END
  0
ENDSEC
  0
SECTION
  2
ACDSDATA
 70
     2
 71
     8
  0
ACDSSCHEMA
 90
        0
  1
AcDb_Thumbnail_Schema
  2
AcDbDs::ID
280
    10
 91
        8
  2
Thumbnail_Data
280
    15
 91
        0
101
ACDSRECORD
 95
        0
 90
        1
  2
AcDbDs::TreatedAsObjectData
280
     1
291
     1
101
ACDSRECORD
 95
        0
 90
        2
  2
AcDbDs::Legacy
280
     1
291
     1
101
ACDSRECORD
  1
AcDbDs::ID
 90
        3
  2
AcDs:Indexable
280
     1
291
     1
101
ACDSRECORD
  1
AcDbDs::ID
 90
        4
  2
AcDbDs::HandleAttribute
280
     7
282
     1
  0
ACDSSCHEMA
 90
        1
  1
AcDbDs::TreatedAsObjectDataSchema
  2
AcDbDs::TreatedAsObjectData
280
     1
 91
        0
  0
ACDSSCHEMA
 90
        2
  1
AcDbDs::LegacySchema
  2
AcDbDs::Legacy
280
     1
 91
        0
  0
ACDSSCHEMA
 90
        3
  1
AcDbDs::IndexedPropertySchema
  2
AcDs:Indexable
280
     1
 91
        0
  0
ACDSSCHEMA
 90
        4
  1
AcDbDs::HandleAttributeSchema
  2
AcDbDs::HandleAttribute
280
     7
 91
        1
284
     1
  0
ACDSRECORD
 90
        0
  2
AcDbDs::ID
280
    10
320
22
  2
Thumbnail_Data
280
    15
 94
      896
310
89504E470D0A1A0A0000000D49484452000001000000009108030000001BE1960600000300504C5445212830FFFFFF2128300000000000000000000000000000000000000000000000000000330000660000990000CC0000FF0033000033330033660033990033CC0033FF0066000066330066660066990066CC0066FF0099
310
000099330099660099990099CC0099FF00CC0000CC3300CC6600CC9900CCCC00CCFF00FF0000FF3300FF6600FF9900FFCC00FFFF3300003300333300663300993300CC3300FF3333003333333333663333993333CC3333FF3366003366333366663366993366CC3366FF3399003399333399663399993399CC3399FF33CC00
310
33CC3333CC6633CC9933CCCC33CCFF33FF0033FF3333FF6633FF9933FFCC33FFFF6600006600336600666600996600CC6600FF6633006633336633666633996633CC6633FF6666006666336666666666996666CC6666FF6699006699336699666699996699CC6699FF66CC0066CC3366CC6666CC9966CCCC66CCFF66FF0066
310
FF3366FF6666FF9966FFCC66FFFF9900009900339900669900999900CC9900FF9933009933339933669933999933CC9933FF9966009966339966669966999966CC9966FF9999009999339999669999999999CC9999FF99CC0099CC3399CC6699CC9999CCCC99CCFF99FF0099FF3399FF6699FF9999FFCC99FFFFCC0000CC00
310
33CC0066CC0099CC00CCCC00FFCC3300CC3333CC3366CC3399CC33CCCC33FFCC6600CC6633CC6666CC6699CC66CCCC66FFCC9900CC9933CC9966CC9999CC99CCCC99FFCCCC00CCCC33CCCC66CCCC99CCCCCCCCCCFFCCFF00CCFF33CCFF66CCFF99CCFFCCCCFFFFFF0000FF0033FF0066FF0099FF00CCFF00FFFF3300FF3333
310
FF3366FF3399FF33CCFF33FFFF6600FF6633FF6666FF6699FF66CCFF66FFFF9900FF9933FF9966FF9999FF99CCFF99FFFFCC00FFCC33FFCC66FFCC99FFCCCCFFCCFFFFFF00FFFF33FFFF66FFFF99FFFFCCFFFFFF0000000D0D0D1A1A1A2828283535354343435050505D5D5D6B6B6B787878868686939393A1A1A1AEAEAEBB
310
BBBBC9C9C9D6D6D6E4E4E4F1F1F1FFFFFF0000000000000000000000000000000000000000000000000000000000002E4550F10000003B4944415478DAEDC13101000000C2A0F54F6D0B2FA0000000000000000000000000000000000000000000000000000000000000000000000000CE06919100016C9A5B1B0000000049
310
454E44AE426082
  0
ENDSEC
  0
EOF
