  0
SECTION
  2
HEADER
  9
$ACADVER
  1
AC1032
  9
$ACADMAINTVER
 90
      228
  9
$DWGCODEPAGE
  3
ANSI_1252
  9
$LASTSAVEDBY
  1
Autodesk
  9
$REQUIREDVERSIONS
160
                 0
  9
$INSBASE
 10
0.0
 20
0.0
 30
0.0
  9
$EXTMIN
 10
556.5169549023285
 20
45.95262128105226
 30
0.0
  9
$EXTMAX
 10
991.5972520267381
 20
1048.235238002901
 30
0.0
  9
$LIMMIN
 10
0.0
 20
0.0
  9
$LIMMAX
 10
420.0
 20
297.0
  9
$ORTHOMODE
 70
     0
  9
$REGENMODE
 70
     1
  9
$FILLMODE
 70
     1
  9
$QTEXTMODE
 70
     0
  9
$MIRRTEXT
 70
     0
  9
$LTSCALE
 40
1.0
  9
$ATTMODE
 70
     1
  9
$TEXTSIZE
 40
2.5
  9
$TRACEWID
 40
1.0
  9
$TEXTSTYLE
  7
Standard
  9
$CLAYER
  8
0
  9
$CELTYPE
  6
ByLayer
  9
$CECOLOR
 62
   256
  9
$CELTSCALE
 40
1.0
  9
$DISPSILH
 70
     0
  9
$DIMSCALE
 40
1.0
  9
$DIMASZ
 40
2.5
  9
$DIMEXO
 40
0.625
  9
$DIMDLI
 40
3.75
  9
$DIMRND
 40
0.0
  9
$DIMDLE
 40
0.0
  9
$DIMEXE
 40
1.25
  9
$DIMTP
 40
0.0
  9
$DIMTM
 40
0.0
  9
$DIMTXT
 40
2.5
  9
$DIMCEN
 40
2.5
  9
$DIMTSZ
 40
0.0
  9
$DIMTOL
 70
     0
  9
$DIMLIM
 70
     0
  9
$DIMTIH
 70
     0
  9
$DIMTOH
 70
     0
  9
$DIMSE1
 70
     0
  9
$DIMSE2
 70
     0
  9
$DIMTAD
 70
     1
  9
$DIMZIN
 70
     8
  9
$DIMBLK
  1

  9
$DIMASO
 70
     1
  9
$DIMSHO
 70
     1
  9
$DIMPOST
  1

  9
$DIMAPOST
  1

  9
$DIMALT
 70
     0
  9
$DIMALTD
 70
     3
  9
$DIMALTF
 40
0.03937007874016
  9
$DIMLFAC
 40
1.0
  9
$DIMTOFL
 70
     1
  9
$DIMTVP
 40
0.0
  9
$DIMTIX
 70
     0
  9
$DIMSOXD
 70
     0
  9
$DIMSAH
 70
     0
  9
$DIMBLK1
  1

  9
$DIMBLK2
  1

  9
$DIMSTYLE
  2
ISO-25
  9
$DIMCLRD
 70
     0
  9
$DIMCLRE
 70
     0
  9
$DIMCLRT
 70
     0
  9
$DIMTFAC
 40
1.0
  9
$DIMGAP
 40
0.625
  9
$DIMJUST
 70
     0
  9
$DIMSD1
 70
     0
  9
$DIMSD2
 70
     0
  9
$DIMTOLJ
 70
     0
  9
$DIMTZIN
 70
     8
  9
$DIMALTZ
 70
     0
  9
$DIMALTTZ
 70
     0
  9
$DIMUPT
 70
     0
  9
$DIMDEC
 70
     2
  9
$DIMTDEC
 70
     2
  9
$DIMALTU
 70
     2
  9
$DIMALTTD
 70
     3
  9
$DIMTXSTY
  7
Standard
  9
$DIMAUNIT
 70
     0
  9
$DIMADEC
 70
     0
  9
$DIMALTRND
 40
0.0
  9
$DIMAZIN
 70
     0
  9
$DIMDSEP
 70
    44
  9
$DIMATFIT
 70
     3
  9
$DIMFRAC
 70
     0
  9
$DIMLDRBLK
  1

  9
$DIMLUNIT
 70
     2
  9
$DIMLWD
 70
    -2
  9
$DIMLWE
 70
    -2
  9
$DIMTMOVE
 70
     0
  9
$DIMFXL
 40
1.0
  9
$DIMFXLON
 70
     0
  9
$DIMJOGANG
 40
0.7853981633974483
  9
$DIMTFILL
 70
     0
  9
$DIMTFILLCLR
 70
     0
  9
$DIMARCSYM
 70
     0
  9
$DIMLTYPE
  6

  9
$DIMLTEX1
  6

  9
$DIMLTEX2
  6

  9
$DIMTXTDIRECTION
 70
     0
  9
$LUNITS
 70
     2
  9
$LUPREC
 70
     4
  9
$SKETCHINC
 40
1.0
  9
$FILLETRAD
 40
0.0
  9
$AUNITS
 70
     0
  9
$AUPREC
 70
     0
  9
$MENU
  1
.
  9
$ELEVATION
 40
0.0
  9
$PELEVATION
 40
0.0
  9
$THICKNESS
 40
0.0
  9
$LIMCHECK
 70
     0
  9
$CHAMFERA
 40
0.0
  9
$CHAMFERB
 40
0.0
  9
$CHAMFERC
 40
0.0
  9
$CHAMFERD
 40
0.0
  9
$SKPOLY
 70
     0
  9
$TDCREATE
 40
2461288.705312500
  9
$TDUCREATE
 40
2461288.371979167
  9
$TDUPDATE
 40
2461288.705312500
  9
$TDUUPDATE
 40
2461288.371979167
  9
$TDINDWG
 40
0.0000925926
  9
$TDUSRTIMER
 40
0.0000925926
  9
$USRTIMER
 70
     1
  9
$ANGBASE
 50
0.0
  9
$ANGDIR
 70
     0
  9
$PDMODE
 70
     0
  9
$PDSIZE
 40
0.0
  9
$PLINEWID
 40
0.0
  9
$SPLFRAME
 70
     0
  9
$SPLINETYPE
 70
     6
  9
$SPLINESEGS
 70
     8
  9
$HANDSEED
  5
A89
  9
$SURFTAB1
 70
     6
  9
$SURFTAB2
 70
     6
  9
$SURFTYPE
 70
     6
  9
$SURFU
 70
     6
  9
$SURFV
 70
     6
  9
$UCSBASE
  2

  9
$UCSNAME
  2

  9
$UCSORG
 10
0.0
 20
0.0
 30
0.0
  9
$UCSXDIR
 10
1.0
 20
0.0
 30
0.0
  9
$UCSYDIR
 10
0.0
 20
1.0
 30
0.0
  9
$UCSORTHOREF
  2

  9
$UCSORTHOVIEW
 70
     0
  9
$UCSORGTOP
 10
0.0
 20
0.0
 30
0.0
  9
$UCSORGBOTTOM
 10
0.0
 20
0.0
 30
0.0
  9
$UCSORGLEFT
 10
0.0
 20
0.0
 30
0.0
  9
$UCSORGRIGHT
 10
0.0
 20
0.0
 30
0.0
  9
$UCSORGFRONT
 10
0.0
 20
0.0
 30
0.0
  9
$UCSORGBACK
 10
0.0
 20
0.0
 30
0.0
  9
$PUCSBASE
  2

  9
$PUCSNAME
  2

  9
$PUCSORG
 10
0.0
 20
0.0
 30
0.0
  9
$PUCSXDIR
 10
1.0
 20
0.0
 30
0.0
  9
$PUCSYDIR
 10
0.0
 20
1.0
 30
0.0
  9
$PUCSORTHOREF
  2

  9
$PUCSORTHOVIEW
 70
     0
  9
$PUCSORGTOP
 10
0.0
 20
0.0
 30
0.0
  9
$PUCSORGBOTTOM
 10
0.0
 20
0.0
 30
0.0
  9
$PUCSORGLEFT
 10
0.0
 20
0.0
 30
0.0
  9
$PUCSORGRIGHT
 10
0.0
 20
0.0
 30
0.0
  9
$PUCSORGFRONT
 10
0.0
 20
0.0
 30
0.0
  9
$PUCSORGBACK
 10
0.0
 20
0.0
 30
0.0
  9
$USERI1
 70
     0
  9
$USERI2
 70
     0
  9
$USERI3
 70
     0
  9
$USERI4
 70
     0
  9
$USERI5
 70
     0
  9
$USERR1
 40
0.0
  9
$USERR2
 40
0.0
  9
$USERR3
 40
0.0
  9
$USERR4
 40
0.0
  9
$USERR5
 40
0.0
  9
$WORLDVIEW
 70
     1
  9
$SHADEDGE
 70
     3
  9
$SHADEDIF
 70
    70
  9
$TILEMODE
 70
     1
  9
$MAXACTVP
 70
    64
  9
$PINSBASE
 10
0.0
 20
0.0
 30
0.0
  9
$PLIMCHECK
 70
     0
  9
$PEXTMIN
 10
0.0
 20
0.0
 30
0.0
  9
$PEXTMAX
 10
0.0
 20
0.0
 30
0.0
  9
$PLIMMIN
 10
0.0
 20
0.0
  9
$PLIMMAX
 10
12.0
 20
9.0
  9
$UNITMODE
 70
     0
  9
$VISRETAIN
 70
     1
  9
$PLINEGEN
 70
     0
  9
$PSLTSCALE
 70
     1
  9
$TREEDEPTH
 70
  3020
  9
$CMLSTYLE
  2
Standard
  9
$CMLJUST
 70
     0
  9
$CMLSCALE
 40
20.0
  9
$PROXYGRAPHICS
 70
     1
  9
$MEASUREMENT
 70
     1
  9
$CELWEIGHT
370
    -1
  9
$ENDCAPS
280
     0
  9
$JOINSTYLE
280
     0
  9
$LWDISPLAY
290
     0
  9
$INSUNITS
 70
     4
  9
$HYPERLINKBASE
  1

  9
$STYLESHEET
  1

  9
$XEDIT
290
     1
  9
$CEPSNTYPE
380
     0
  9
$PSTYLEMODE
290
     1
  9
$FINGERPRINTGUID
  2
{0B79030B-B691-E041-A09F-2EDB3987C78C}
  9
$VERSIONGUID
  2
{265A5473-D45D-4B1C-ABB7-7FF2E3BD06BB}
  9
$EXTNAMES
290
     1
  9
$PSVPSCALE
 40
0.0
  9
$OLESTARTUP
290
     0
  9
$SORTENTS
280
   127
  9
$INDEXCTL
280
     0
  9
$HIDETEXT
280
     1
  9
$XCLIPFRAME
280
     2
  9
$HALOGAP
280
     0
  9
$OBSCOLOR
 70
   257
  9
$OBSLTYPE
280
     0
  9
$INTERSECTIONDISPLAY
280
     0
  9
$INTERSECTIONCOLOR
 70
   257
  9
$DIMASSOC
280
     2
  9
$PROJECTNAME
  1

  9
$CAMERADISPLAY
290
     0
  9
$LENSLENGTH
 40
50.0
  9
$CAMERAHEIGHT
 40
0.0
  9
$STEPSPERSEC
 40
2.0
  9
$STEPSIZE
 40
6.0
  9
$3DDWFPREC
 40
2.0
  9
$PSOLWIDTH
 40
5.0
  9
$PSOLHEIGHT
 40
80.0
  9
$LOFTANG1
 40
1.570796326794896
  9
$LOFTANG2
 40
1.570796326794896
  9
$LOFTMAG1
 40
0.0
  9
$LOFTMAG2
 40
0.0
  9
$LOFTPARAM
 70
     7
  9
$LOFTNORMALS
280
     1
  9
$LATITUDE
 40
37.795
  9
$LONGITUDE
 40
-122.394
  9
$NORTHDIRECTION
 40
0.0
  9
$TIMEZONE
 70
 -8000
  9
$LIGHTGLYPHDISPLAY
280
     1
  9
$TILEMODELIGHTSYNCH
280
     1
  9
$CMATERIAL
347
EC
  9
$SOLIDHIST
280
     0
  9
$SHOWHIST
280
     1
  9
$DWFFRAME
280
     2
  9
$DGNFRAME
280
     0
  9
$REALWORLDSCALE
290
     1
  9
$INTERFERECOLOR
 62
     1
  9
$INTERFEREOBJVS
345
F9
  9
$INTERFEREVPVS
346
F6
  9
$CSHADOW
280
     0
  9
$SHADOWPLANELOCATION
 40
0.0
  0
ENDSEC
  0
SECTION
  2
CLASSES
  0
CLASS
  1
ACDBDICTIONARYWDFLT
  2
AcDbDictionaryWithDefault
  3
ObjectDBX Classes
 90
        0
 91
        1
280
     0
281
     0
  0
CLASS
  1
DICTIONARYVAR
  2
AcDbDictionaryVar
  3
ObjectDBX Classes
 90
        0
 91
       11
280
     0
281
     0
  0
CLASS
  1
TABLESTYLE
  2
AcDbTableStyle
  3
ObjectDBX Classes
 90
     4095
 91
        1
280
     0
281
     0
  0
CLASS
  1
MATERIAL
  2
AcDbMaterial
  3
ObjectDBX Classes
 90
     1153
 91
        3
280
     0
281
     0
  0
CLASS
  1
VISUALSTYLE
  2
AcDbVisualStyle
  3
ObjectDBX Classes
 90
     4095
 91
       24
280
     0
281
     0
  0
CLASS
  1
SCALE
  2
AcDbScale
  3
ObjectDBX Classes
 90
     1153
 91
       17
280
     0
281
     0
  0
CLASS
  1
MLEADERSTYLE
  2
AcDbMLeaderStyle
  3
ACDB_MLEADERSTYLE_CLASS
 90
     4095
 91
        2
280
     0
281
     0
  0
CLASS
  1
CELLSTYLEMAP
  2
AcDbCellStyleMap
  3
ObjectDBX Classes
 90
     1152
 91
        1
280
     0
281
     0
  0
CLASS
  1
EXACXREFPANELOBJECT
  2
ExAcXREFPanelObject
  3
EXAC_ESW
 90
     1025
 91
        0
280
     0
281
     0
  0
CLASS
  1
NPOCOLLECTION
  2
AcDbImpNonPersistentObjectsCollection
  3
ObjectDBX Classes
 90
     1153
 91
        0
280
     0
281
     0
  0
CLASS
  1
LAYER_INDEX
  2
AcDbLayerIndex
  3
ObjectDBX Classes
 90
        0
 91
        0
280
     0
281
     0
  0
CLASS
  1
SPATIAL_INDEX
  2
AcDbSpatialIndex
  3
ObjectDBX Classes
 90
        0
 91
        0
280
     0
281
     0
  0
CLASS
  1
IDBUFFER
  2
AcDbIdBuffer
  3
ObjectDBX Classes
 90
        0
 91
        0
280
     0
281
     0
  0
CLASS
  1
ACDBSECTIONVIEWSTYLE
  2
AcDbSectionViewStyle
  3
ObjectDBX Classes
 90
     1025
 91
        1
280
     0
281
     0
  0
CLASS
  1
ACDBDETAILVIEWSTYLE
  2
AcDbDetailViewStyle
  3
ObjectDBX Classes
 90
     1025
 91
        1
280
     0
281
     0
  0
ENDSEC
  0
SECTION
  2
TABLES
  0
TABLE
  2
VPORT
  5
8
330
0
100
AcDbSymbolTable
 70
     1
  0
VPORT
  5
EA
330
8
100
AcDbSymbolTableRecord
100
AcDbViewportTableRecord
  2
*Active
 70
     0
 10
0.0
 20
0.0
 11
1.0
 21
1.0
 12
773.9866496777132
 22
547.1166190014498
 13
0.0
 23
0.0
 14
10.0
 24
10.0
 15
10.0
 25
10.0
 16
0.0
 26
0.0
 36
1.0
 17
0.0
 27
0.0
 37
0.0
 40
1152.572823703337
 41
1.765478424015009
 42
50.0
 43
0.0
 44
0.0
 50
0.0
 51
0.0
 71
     0
 72
  1000
 73
     1
 74
     3
 75
     0
 76
     1
 77
     0
 78
     0
281
     0
 65
     1
110
0.0
120
0.0
130
0.0
111
1.0
121
0.0
131
0.0
112
0.0
122
1.0
132
0.0
 79
     0
146
0.0
348
F5
 60
     3
 61
     5
292
     1
282
     1
141
0.0
142
0.0
 63
   250
421
  3355443
1001
ACAD_NAV_VCDISPLAY
1070
     3
  0
ENDTAB
  0
TABLE
  2
LTYPE
  5
5
330
0
100
AcDbSymbolTable
 70
     1
  0
LTYPE
  5
14
330
5
100
AcDbSymbolTableRecord
100
AcDbLinetypeTableRecord
  2
ByBlock
 70
     0
  3

 72
    65
 73
     0
 40
0.0
  0
LTYPE
  5
15
330
5
100
AcDbSymbolTableRecord
100
AcDbLinetypeTableRecord
  2
ByLayer
 70
     0
  3

 72
    65
 73
     0
 40
0.0
  0
LTYPE
  5
16
330
5
100
AcDbSymbolTableRecord
100
AcDbLinetypeTableRecord
  2
Continuous
 70
     0
  3
Solid line
 72
    65
 73
     0
 40
0.0
  0
ENDTAB
  0
TABLE
  2
LAYER
  5
2
102
{ACAD_XDICTIONARY
360
1FF
102
}
330
0
100
AcDbSymbolTable
 70
    19
  0
LAYER
  5
10
102
{ACAD_XDICTIONARY
360
13C
102
}
330
2
100
AcDbSymbolTableRecord
100
AcDbLayerTableRecord
  2
0
 70
     0
 62
     7
  6
Continuous
370
    -3
390
F
347
EE
348
0
  0
LAYER
  5
2AB
330
2
100
AcDbSymbolTableRecord
100
AcDbLayerTableRecord
  2
PDF_Level 22
 70
     0
 62
     1
  6
Continuous
370
    -3
390
F
347
EE
348
0
  0
LAYER
  5
2AC
330
2
100
AcDbSymbolTableRecord
100
AcDbLayerTableRecord
  2
PDF_Level 21
 70
     0
 62
     1
  6
Continuous
370
    -3
390
F
347
EE
348
0
  0
LAYER
  5
2AD
330
2
100
AcDbSymbolTableRecord
100
AcDbLayerTableRecord
  2
PDF_RICKLEE_COAXCABLE
 70
     0
 62
    32
420
 14511616
  6
Continuous
370
    -3
390
F
347
EE
348
0
  0
LAYER
  5
2AE
330
2
100
AcDbSymbolTableRecord
100
AcDbLayerTableRecord
  2
PDF_Level 35
 70
     0
 62
     7
  6
Continuous
370
    -3
390
F
347
EE
348
0
  0
LAYER
  5
2AF
330
2
100
AcDbSymbolTableRecord
100
AcDbLayerTableRecord
  2
PDF_RICKLEE_NODEDETAILS
 70
     0
 62
    92
420
    47104
  6
Continuous
370
    -3
390
F
347
EE
348
0
  0
LAYER
  5
2B0
330
2
100
AcDbSymbolTableRecord
100
AcDbLayerTableRecord
  2
PDF_RICKLEE_ENDOFTAPOFFBLOCK
 70
     0
 62
   132
420
    56797
  6
Continuous
370
    -3
390
F
347
EE
348
0
  0
LAYER
  5
2B1
330
2
100
AcDbSymbolTableRecord
100
AcDbLayerTableRecord
  2
PDF_Level 1
 70
     0
 62
     1
  6
Continuous
370
    -3
390
F
347
EE
348
0
  0
LAYER
  5
2B2
330
2
100
AcDbSymbolTableRecord
100
AcDbLayerTableRecord
  2
PDF_RICKLEE_POWERSUPPLY
 70
     0
 62
     1
  6
Continuous
370
    -3
390
F
347
EE
348
0
  0
LAYER
  5
2B3
330
2
100
AcDbSymbolTableRecord
100
AcDbLayerTableRecord
  2
PDF_RICKLEE_AMPBLOCK
 70
     0
 62
     7
  6
Continuous
370
    -3
390
F
347
EE
348
0
  0
LAYER
  5
2B4
330
2
100
AcDbSymbolTableRecord
100
AcDbLayerTableRecord
  2
PDF_RICKLEE_NODEBOUNDARY
 70
     0
 62
    92
420
    47104
  6
Continuous
370
    -3
390
F
347
EE
348
0
  0
LAYER
  5
2B5
330
2
100
AcDbSymbolTableRecord
100
AcDbLayerTableRecord
  2
PDF_SKY-Lipa$0$RICKLEE_ROAD
 70
     0
 62
   251
420
  6513766
  6
Continuous
370
    -3
390
F
347
EE
348
0
  0
LAYER
  5
2B6
330
2
100
AcDbSymbolTableRecord
100
AcDbLayerTableRecord
  2
PDF_SKY-Lipa$0$RICKLEE_HOUSECOUNT
 70
     0
 62
     3
  6
Continuous
370
    -3
390
F
347
EE
348
0
  0
LAYER
  5
2B7
330
2
100
AcDbSymbolTableRecord
100
AcDbLayerTableRecord
  2
PDF_SKY-Lipa$0$RICKLEE_STRAND
 70
     0
 62
     8
420
  7763574
  6
Continuous
370
    -3
390
F
347
EE
348
0
  0
LAYER
  5
2B8
330
2
100
AcDbSymbolTableRecord
100
AcDbLayerTableRecord
  2
PDF_SKY-Lipa$0$RICKLEE_STRANDDISTANCE
 70
     0
 62
     8
420
  7763574
  6
Continuous
370
    -3
390
F
347
EE
348
0
  0
LAYER
  5
2B9
330
2
100
AcDbSymbolTableRecord
100
AcDbLayerTableRecord
  2
PDF_SKY-Lipa$0$LANDMARK
 70
     0
 62
     7
  6
Continuous
370
    -3
390
F
347
EE
348
0
  0
LAYER
  5
2BA
330
2
100
AcDbSymbolTableRecord
100
AcDbLayerTableRecord
  2
PDF_SKY-Lipa$0$POLE NUMBER
 70
     0
 62
     5
  6
Continuous
370
    -3
390
F
347
EE
348
0
  0
LAYER
  5
2BB
330
2
100
AcDbSymbolTableRecord
100
AcDbLayerTableRecord
  2
PDF_SKY-Lipa$0$RICKLEE_POLEPED
 70
     0
 62
     8
420
  7763574
  6
Continuous
370
    -3
390
F
347
EE
348
0
  0
LAYER
  5
2BE
330
2
100
AcDbSymbolTableRecord
100
AcDbLayerTableRecord
  2
PDF_Text
 70
     0
 62
     7
  6
Continuous
370
    -3
390
F
347
EE
348
0
  0
ENDTAB
  0
TABLE
  2
STYLE
  5
3
330
0
100
AcDbSymbolTable
 70
     4
  0
STYLE
  5
11
330
3
100
AcDbSymbolTableRecord
100
AcDbTextStyleTableRecord
  2
Standard
 70
     0
 40
0.0
 41
1.0
 50
0.0
 71
     0
 42
2.5
  3
arial.ttf
  4

1001
ACAD
1000
Arial
1071
       34
  0
STYLE
  5
132
330
3
100
AcDbSymbolTableRecord
100
AcDbTextStyleTableRecord
  2
Annotative
 70
     0
 40
0.0
 41
1.0
 50
0.0
 71
     0
 42
2.5
  3
arial.ttf
  4

1001
AcadAnnotative
1000
AnnotativeData
1002
{
1070
     1
1070
     1
1002
}
1001
ACAD
1000
Arial
1071
       34
  0
STYLE
  5
2BD
330
3
100
AcDbSymbolTableRecord
100
AcDbTextStyleTableRecord
  2
PDF ArialMT
 70
     0
 40
0.0
 41
1.0
 50
0.0
 71
     0
 42
2.5
  3
arial.ttf
  4

1001
ACAD
1000
Arial
1071
      256
  0
STYLE
  5
2C0
330
3
100
AcDbSymbolTableRecord
100
AcDbTextStyleTableRecord
  2
PDF Arial Narrow
 70
     0
 40
0.0
 41
1.0
 50
0.0
 71
     0
 42
2.5
  3
ARIALN.TTF
  4

1001
ACAD
1000
Arial Narrow
1071
      256
  0
ENDTAB
  0
TABLE
  2
VIEW
  5
6
330
0
100
AcDbSymbolTable
 70
     0
  0
ENDTAB
  0
TABLE
  2
UCS
  5
7
330
0
100
AcDbSymbolTable
 70
     0
  0
ENDTAB
  0
TABLE
  2
APPID
  5
9
330
0
100
AcDbSymbolTable
 70
     8
  0
APPID
  5
12
330
9
100
AcDbSymbolTableRecord
100
AcDbRegAppTableRecord
  2
ACAD
 70
     0
  0
APPID
  5
9E
330
9
100
AcDbSymbolTableRecord
100
AcDbRegAppTableRecord
  2
ACAD_PSEXT
 70
     0
  0
APPID
  5
133
330
9
100
AcDbSymbolTableRecord
100
AcDbRegAppTableRecord
  2
AcadAnnoPO
 70
     0
  0
APPID
  5
134
330
9
100
AcDbSymbolTableRecord
100
AcDbRegAppTableRecord
  2
AcadAnnotative
 70
     0
  0
APPID
  5
135
330
9
100
AcDbSymbolTableRecord
100
AcDbRegAppTableRecord
  2
ACAD_DSTYLE_DIMJAG
 70
     0
  0
APPID
  5
136
330
9
100
AcDbSymbolTableRecord
100
AcDbRegAppTableRecord
  2
ACAD_DSTYLE_DIMTALN
 70
     0
  0
APPID
  5
165
330
9
100
AcDbSymbolTableRecord
100
AcDbRegAppTableRecord
  2
ACAD_MLEADERVER
 70
     0
  0
APPID
  5
217
330
9
100
AcDbSymbolTableRecord
100
AcDbRegAppTableRecord
  2
ACAD_NAV_VCDISPLAY
 70
     0
  0
ENDTAB
  0
TABLE
  2
DIMSTYLE
  5
A
330
0
100
AcDbSymbolTable
 70
     3
100
AcDbDimStyleTable
 71
     2
340
27
340
137
  0
DIMSTYLE
105
1B0
330
A
100
AcDbSymbolTableRecord
100
AcDbDimStyleTableRecord
  2
Standard
 70
     0
340
11
  0
DIMSTYLE
105
137
330
A
100
AcDbSymbolTableRecord
100
AcDbDimStyleTableRecord
  2
Annotative
 70
     0
 40
0.0
 41
2.5
 42
0.625
 43
3.75
 44
1.25
 73
     0
 74
     0
 77
     1
 78
     8
140
2.5
141
2.5
143
0.03937007874016
147
0.625
171
     3
172
     1
271
     2
272
     2
274
     3
278
    44
283
     0
284
     8
340
11
1001
AcadAnnotative
1000
AnnotativeData
1002
{
1070
     1
1070
     1
1002
}
1001
ACAD_DSTYLE_DIMJAG
1070
   388
1040
1.5
1001
ACAD_DSTYLE_DIMTALN
1070
   392
1070
     0
  0
DIMSTYLE
105
27
330
A
100
AcDbSymbolTableRecord
100
AcDbDimStyleTableRecord
  2
ISO-25
 70
     0
 41
2.5
 42
0.625
 43
3.75
 44
1.25
 73
     0
 74
     0
 77
     1
 78
     8
140
2.5
141
2.5
143
0.03937007874016
147
0.625
171
     3
172
     1
271
     2
272
     2
274
     3
278
    44
283
     0
284
     8
340
11
  0
ENDTAB
  0
TABLE
  2
BLOCK_RECORD
  5
1
330
0
100
AcDbSymbolTable
 70
     1
  0
BLOCK_RECORD
  5
1F
102
{ACAD_XDICTIONARY
360
1CE
102
}
330
1
100
AcDbSymbolTableRecord
100
AcDbBlockTableRecord
  2
*Model_Space
340
22
 70
     0
280
     1
281
     0
  0
BLOCK_RECORD
  5
D2
330
1
100
AcDbSymbolTableRecord
100
AcDbBlockTableRecord
  2
*Paper_Space
340
D3
 70
     0
280
     1
281
     0
  0
BLOCK_RECORD
  5
D6
330
1
100
AcDbSymbolTableRecord
100
AcDbBlockTableRecord
  2
*Paper_Space0
340
D7
 70
     0
280
     1
281
     0
  0
ENDTAB
  0
ENDSEC
  0
SECTION
  2
BLOCKS
  0
BLOCK
  5
20
330
1F
100
AcDbEntity
  8
0
100
AcDbBlockBegin
  2
*Model_Space
 70
     0
 10
0.0
 20
0.0
 30
0.0
  3
*Model_Space
  1

  0
ENDBLK
  5
21
330
1F
100
AcDbEntity
  8
0
100
AcDbBlockEnd
  0
BLOCK
  5
D4
330
D2
100
AcDbEntity
 67
     1
  8
0
100
AcDbBlockBegin
  2
*Paper_Space
 70
     0
 10
0.0
 20
0.0
 30
0.0
  3
*Paper_Space
  1

  0
ENDBLK
  5
D5
330
D2
100
AcDbEntity
 67
     1
  8
0
100
AcDbBlockEnd
  0
BLOCK
  5
D8
330
D6
100
AcDbEntity
 67
     1
  8
0
100
AcDbBlockBegin
  2
*Paper_Space0
 70
     0
 10
0.0
 20
0.0
 30
0.0
  3
*Paper_Space0
  1

  0
ENDBLK
  5
D9
330
D6
100
AcDbEntity
 67
     1
  8
0
100
AcDbBlockEnd
  0
ENDSEC
  0
SECTION
  2
ENTITIES
  0
LWPOLYLINE
  5
2C1
330
1F
100
AcDbEntity
  8
PDF_Level 22
370
     9
100
AcDbPolyline
 90
        8
 70
     1
 43
0.0
 10
862.8511696239998
 20
198.5579584667914
 10
860.5329647558358
 20
198.1163956347602
 10
859.2082762597421
 20
196.1293628906196
 10
859.6498390917734
 20
193.8111580224556
 10
861.6368718359138
 20
192.4864695263619
 10
863.9550767040779
 20
192.9280323583931
 10
865.2797652001716
 20
194.9150651025337
 10
864.8382023681405
 20
197.2332699706977
  0
LWPOLYLINE
  5
2C2
330
1F
100
AcDbEntity
  8
PDF_Level 22
370
     9
100
AcDbPolyline
 90
       14
 70
     0
 43
0.0
 10
861.7472625439217
 20
193.9215487304634
 10
861.6368718359138
 20
193.8111580224556
 10
861.3056997118905
 20
193.9215487304634
 10
861.1953090038827
 20
193.9215487304634
 10
860.9745275878671
 20
194.142330146479
 10
860.9745275878671
 20
194.5838929785103
 10
861.0849182958748
 20
194.8046743945259
 10
861.1953090038827
 20
194.9150651025337
 10
861.4160904198982
 20
195.0254558105415
 10
861.6368718359138
 20
195.1358465185493
 10
861.9680439599374
 20
195.0254558105415
 10
862.4096067919685
 20
194.9150651025337
 10
863.9550767040779
 20
194.142330146479
 10
863.6239045800545
 20
195.5774093505806
  0
LWPOLYLINE
  5
2C3
330
1F
100
AcDbEntity
  8
PDF_Level 22
370
     9
100
AcDbPolyline
 90
       16
 70
     1
 43
0.0
 10
860.6433554638435
 20
196.2397535986274
 10
860.7537461718514
 20
196.0189721826118
 10
861.1953090038827
 20
195.908581474604
 10
861.9680439599374
 20
195.908581474604
 10
862.2992160839608
 20
196.0189721826118
 10
862.9615603320075
 20
196.2397535986274
 10
863.4031231640388
 20
196.460535014643
 10
863.4031231640388
 20
196.7917071386665
 10
863.4031231640388
 20
197.0124885546821
 10
863.1823417480232
 20
197.3436606787055
 10
862.7407789159919
 20
197.4540513867133
 10
862.0784346679451
 20
197.3436606787055
 10
861.6368718359138
 20
197.3436606787055
 10
860.9745275878671
 20
197.1228792626899
 10
860.6433554638435
 20
196.7917071386665
 10
860.5329647558358
 20
196.460535014643
  0
LWPOLYLINE
  5
2C4
330
1F
100
AcDbEntity
  8
PDF_Level 22
370
     9
100
AcDbPolyline
 90
        8
 70
     1
 43
0.0
 10
758.8631226806433
 20
750.6218892138465
 10
756.5449178124793
 20
750.1803263818153
 10
755.3306200243934
 20
748.1932936376747
 10
755.7721828564246
 20
745.8750887695107
 10
757.7592156005652
 20
744.5504002734171
 10
760.0774204687292
 20
744.9919631054483
 10
761.4021089648229
 20
746.9789958495889
 10
760.8501554247839
 20
749.2972007177529
  0
LWPOLYLINE
  5
2C5
330
1F
100
AcDbEntity
  8
PDF_Level 22
370
     9
100
AcDbPolyline
 90
       14
 70
     0
 43
0.0
 10
757.9799970165808
 20
745.8750887695107
 10
757.869606308573
 20
745.7646980615029
 10
757.5384341845496
 20
745.8750887695107
 10
757.4280434765418
 20
745.8750887695107
 10
757.2072620605261
 20
746.0958701855266
 10
757.0968713525182
 20
746.5374330175578
 10
757.2072620605261
 20
746.7582144335733
 10
757.3176527685339
 20
746.8686051415811
 10
757.5384341845496
 20
746.9789958495889
 10
757.869606308573
 20
747.0893865575967
 10
758.0903877245885
 20
746.9789958495889
 10
758.5319505566198
 20
746.8686051415811
 10
760.1878111767369
 20
746.2062608935343
 10
759.8566390527135
 20
747.6413400976357
  0
LWPOLYLINE
  5
2C6
330
1F
100
AcDbEntity
  8
PDF_Level 22
370
     9
100
AcDbPolyline
 90
       15
 70
     0
 43
0.0
 10
756.8760899365027
 20
747.8621215136513
 10
756.6553085204871
 20
748.9660285937295
 10
757.7592156005652
 20
748.5244657616983
 10
757.7592156005652
 20
748.8556378857217
 10
757.869606308573
 20
749.0764193017374
 10
757.9799970165808
 20
749.1868100097451
 10
758.3111691406043
 20
749.4075914257607
 10
758.6423412646277
 20
749.4075914257607
 10
758.973513388651
 20
749.4075914257607
 10
759.3046855126744
 20
749.2972007177529
 10
759.5254669286902
 20
748.9660285937295
 10
759.635857636698
 20
748.7452471777139
 10
759.5254669286902
 20
748.4140750536905
 10
759.4150762206822
 20
748.3036843456825
 10
759.1942948046667
 20
748.0829029296669
  0
LWPOLYLINE
  5
2C7
330
1F
100
AcDbEntity
  8
PDF_Level 22
370
     9
100
AcDbPolyline
 90
        8
 70
     1
 43
0.0
 10
829.733957221657
 20
444.508455908191
 10
827.3053616454852
 20
444.0668930761597
 10
825.9806731493915
 20
442.0798603320191
 10
826.4222359814226
 20
439.7616554638552
 10
828.4092687255633
 20
438.4369669677615
 10
830.7274735937273
 20
438.8785297997926
 10
832.052162089821
 20
440.8655625439332
 10
831.6105992577897
 20
443.1837674120973
  0
LWPOLYLINE
  5
2C8
330
1F
100
AcDbEntity
  8
PDF_Level 22
370
     9
100
AcDbPolyline
 90
       14
 70
     0
 43
0.0
 10
828.6300501415789
 20
439.7616554638552
 10
828.519659433571
 20
439.7616554638552
 10
828.1884873095476
 20
439.7616554638552
 10
828.0780966015399
 20
439.8720461718629
 10
827.8573151855242
 20
439.9824368798707
 10
827.7469244775163
 20
440.4239997119019
 10
827.8573151855242
 20
440.6447811279176
 10
827.967705893532
 20
440.7551718359254
 10
828.2988780175553
 20
440.975953251941
 10
828.519659433571
 20
440.975953251941
 10
828.8508315575944
 20
440.975953251941
 10
829.2923943896257
 20
440.7551718359254
 10
830.837864301735
 20
439.9824368798707
 10
830.5066921777116
 20
441.4175160839723
  0
LWPOLYLINE
  5
2C9
330
1F
100
AcDbEntity
  8
PDF_Level 22
370
     9
100
AcDbPolyline
 90
       15
 70
     0
 43
0.0
 10
827.5261430615007
 20
441.7486882079956
 10
827.3053616454852
 20
442.8525952880738
 10
828.519659433571
 20
442.4110324560425
 10
828.519659433571
 20
442.742204580066
 10
828.519659433571
 20
442.9629859960816
 10
828.6300501415789
 20
443.0733767040893
 10
829.0716129736102
 20
443.294158120105
 10
829.2923943896257
 20
443.294158120105
 10
829.733957221657
 20
443.294158120105
 10
830.0651293456803
 20
443.1837674120973
 10
830.285910761696
 20
442.8525952880738
 10
830.285910761696
 20
442.5214231640504
 10
830.285910761696
 20
442.1902510400269
 10
830.1755200536883
 20
442.0798603320191
 10
829.8443479296647
 20
441.9694696240113
  0
LWPOLYLINE
  5
2CA
330
1F
100
AcDbEntity
  8
PDF_Level 22
 62
     7
370
     9
100
AcDbPolyline
 90
        4
 70
     1
 43
0.0
 10
853.6887408593516
 20
278.3704403564377
 10
856.338117851539
 20
264.6819925634693
 10
848.5003775829845
 20
263.2469133593678
 10
845.8510005907971
 20
276.8249704443284
  0
LWPOLYLINE
  5
2CB
330
1F
100
AcDbEntity
  8
PDF_Level 22
 62
     7
370
     9
100
AcDbPolyline
 90
        3
 70
     0
 43
0.0
 10
850.8185824511485
 20
275.279500532219
 10
850.4874103271252
 20
273.4028584960863
 10
849.4938939550548
 20
275.0587191162034
  0
LWPOLYLINE
  5
2CC
330
1F
100
AcDbEntity
  8
PDF_Level 22
 62
     7
370
     9
100
AcDbPolyline
 90
        2
 70
     0
 43
0.0
 10
850.7081917431408
 20
274.6171562841722
 10
849.9354567870861
 20
274.5067655761644
  0
LWPOLYLINE
  5
2CD
330
1F
100
AcDbEntity
  8
PDF_Level 21
370
     9
100
AcDbPolyline
 90
        3
 70
     1
 43
0.0
 10
852.9160059032969
 20
276.8249704443284
 10
850.9289731591563
 20
271.1950443359301
 10
846.9549076708753
 20
275.7210633642503
  0
LWPOLYLINE
  5
2CE
330
1F
100
AcDbEntity
  8
PDF_Level 22
 62
     7
370
     9
100
AcDbPolyline
 90
        2
 70
     0
 43
0.0
 10
851.9224895312266
 20
273.6236399121019
 10
852.6952244872813
 20
269.2080115917895
  0
LWPOLYLINE
  5
2CF
330
1F
100
AcDbEntity
  8
PDF_Level 22
 62
     7
370
     9
100
AcDbPolyline
 90
        2
 70
     0
 43
0.0
 10
848.9419404150158
 20
273.1820770800707
 10
850.8185824511485
 20
263.7988668994069
  0
CIRCLE
  5
2D0
330
1F
100
AcDbEntity
  8
PDF_Level 22
 62
     7
370
     9
100
AcDbCircle
 10
853.3365121712217
 20
266.8435955923277
 30
0.0
 40
2.373511911960815
  0
LWPOLYLINE
  5
2D1
330
1F
100
AcDbEntity
  8
PDF_Level 22
370
     9
100
AcDbPolyline
 90
       13
 70
     0
 43
0.0
 10
853.6887408593516
 20
267.3313695556568
 10
853.9095222753672
 20
267.3313695556568
 10
854.019912983375
 20
267.2209788476489
 10
854.1303036913829
 20
267.1105881396411
 10
854.2406943993906
 20
266.7794160156177
 10
854.1303036913829
 20
266.5586345996021
 10
854.1303036913829
 20
266.4482438915943
 10
853.9095222753672
 20
266.3378531835864
 10
853.7991315673595
 20
266.3378531835864
 10
853.5783501513437
 20
266.3378531835864
 10
853.3575687353282
 20
266.4482438915943
 10
852.3640523632579
 20
267.1105881396411
 10
852.5848337792735
 20
266.006681059563
  0
LWPOLYLINE
  5
2D2
330
1F
100
AcDbEntity
  8
PDF_RICKLEE_COAXCABLE
370
     0
100
AcDbPolyline
 90
        3
 70
     0
 43
0.0
 10
817.1494165087667
 20
185.8630270458933
 10
814.5000395165792
 20
184.7591199658152
 10
810.9675368603292
 20
183.2136500537059
  0
LWPOLYLINE
  5
2D3
330
1F
100
AcDbEntity
  8
PDF_RICKLEE_COAXCABLE
370
     0
100
AcDbPolyline
 90
        2
 70
     0
 43
0.0
 10
809.2012855322044
 20
182.4409150976513
 10
805.7791735839623
 20
180.8954451855419
  0
LWPOLYLINE
  5
2D4
330
1F
100
AcDbEntity
  8
PDF_RICKLEE_COAXCABLE
370
     0
100
AcDbPolyline
 90
        2
 70
     0
 43
0.0
 10
804.1233129638451
 20
180.1227102294872
 10
800.7012010156032
 20
178.5772403173779
  0
LWPOLYLINE
  5
2D5
330
1F
100
AcDbEntity
  8
PDF_RICKLEE_COAXCABLE
370
     0
100
AcDbPolyline
 90
        2
 70
     0
 43
0.0
 10
798.9349496874781
 20
177.8045053613232
 10
795.512837739236
 20
176.3694261572217
  0
LWPOLYLINE
  5
2D6
330
1F
100
AcDbEntity
  8
PDF_RICKLEE_COAXCABLE
370
     0
100
AcDbPolyline
 90
        2
 70
     0
 43
0.0
 10
793.8569771191189
 20
175.596691201167
 10
790.4348651708768
 20
174.0512212890577
  0
LWPOLYLINE
  5
2D7
330
1F
100
AcDbEntity
  8
PDF_RICKLEE_COAXCABLE
370
     0
100
AcDbPolyline
 90
        2
 70
     0
 43
0.0
 10
788.6686138427518
 20
173.278486333003
 10
785.2465018945097
 20
171.7330164208937
  0
LWPOLYLINE
  5
2D8
330
1F
100
AcDbEntity
  8
PDF_RICKLEE_COAXCABLE
370
     0
100
AcDbPolyline
 90
        2
 70
     0
 43
0.0
 10
783.4802505663848
 20
171.0706721728469
 10
780.0581386181427
 20
169.5252022607375
  0
LWPOLYLINE
  5
2D9
330
1F
100
AcDbEntity
  8
PDF_RICKLEE_COAXCABLE
370
     0
100
AcDbPolyline
 90
        2
 70
     0
 43
0.0
 10
778.4022779980256
 20
168.7524673046828
 10
774.9801660497835
 20
167.2069973925735
  0
LWPOLYLINE
  5
2DA
330
1F
100
AcDbEntity
  8
PDF_RICKLEE_COAXCABLE
370
     0
100
AcDbPolyline
 90
        3
 70
     0
 43
0.0
 10
773.2139147216585
 20
166.4342624365189
 10
769.6814120654086
 20
164.8887925244095
 10
766.9216443652134
 20
163.6744947363236
  0
LWPOLYLINE
  5
2DB
330
1F
100
AcDbEntity
  8
PDF_Level 35
370
     9
100
AcDbPolyline
 90
        2
 70
     0
 43
0.0
 10
812.4026160644309
 20
494.294665219713
 10
811.1883182763449
 20
496.1713072558458
  0
LWPOLYLINE
  5
2DC
330
1F
100
AcDbEntity
  8
PDF_Level 35
370
     9
100
AcDbPolyline
 90
        2
 70
     0
 43
0.0
 10
812.1818346484152
 20
494.294665219713
 10
811.0779275683372
 20
496.060916547838
  0
LWPOLYLINE
  5
2DD
330
1F
100
AcDbEntity
  8
PDF_Level 35
370
     9
100
AcDbPolyline
 90
        2
 70
     0
 43
0.0
 10
811.9610532323996
 20
494.1842745117051
 10
810.9675368603292
 20
495.9505258398301
  0
LWPOLYLINE
  5
2DE
330
1F
100
AcDbEntity
  8
PDF_Level 35
370
     9
100
AcDbPolyline
 90
        2
 70
     0
 43
0.0
 10
811.7402718163841
 20
494.1842745117051
 10
810.8571461523215
 20
495.7297444238145
  0
LWPOLYLINE
  5
2DF
330
1F
100
AcDbEntity
  8
PDF_Level 35
370
     9
100
AcDbPolyline
 90
        5
 70
     0
 43
0.0
 10
812.4026160644309
 20
496.3920886718613
 10
813.0649603124776
 20
495.1777908837755
 10
811.5194904003685
 20
494.294665219713
 10
810.8571461523215
 20
495.5089630077989
 10
812.292225356423
 20
496.3920886718613
  0
LWPOLYLINE
  5
2E0
330
1F
100
AcDbEntity
  8
PDF_Level 35
370
     9
100
AcDbPolyline
 90
        2
 70
     0
 43
0.0
 10
811.2987089843526
 20
494.4050559277208
 10
810.8571461523215
 20
495.1777908837755
  0
LWPOLYLINE
  5
2E1
330
1F
100
AcDbEntity
  8
PDF_Level 35
370
     9
100
AcDbPolyline
 90
        2
 70
     0
 43
0.0
 10
812.6233974804465
 20
494.5154466357286
 10
811.5194904003685
 20
496.3920886718613
  0
LWPOLYLINE
  5
2E2
330
1F
100
AcDbEntity
  8
PDF_Level 35
370
     9
100
AcDbPolyline
 90
        2
 70
     0
 43
0.0
 10
812.7337881884542
 20
494.6258373437364
 10
811.7402718163841
 20
496.3920886718613
  0
LWPOLYLINE
  5
2E3
330
1F
100
AcDbEntity
  8
PDF_Level 35
370
     9
100
AcDbPolyline
 90
        4
 70
     0
 43
0.0
 10
812.0714439404075
 20
494.1842745117051
 10
812.8441788964622
 20
494.7362280517443
 10
811.8506625243918
 20
496.3920886718613
 10
811.0779275683372
 20
495.9505258398301
  0
LWPOLYLINE
  5
2E4
330
1F
100
AcDbEntity
  8
PDF_Level 35
370
     9
100
AcDbPolyline
 90
        4
 70
     0
 43
0.0
 10
811.8506625243918
 20
494.1842745117051
 10
812.9545696044699
 20
494.9570094677599
 10
812.0714439404075
 20
496.3920886718613
 10
810.9675368603292
 20
495.7297444238145
  0
LWPOLYLINE
  5
2E6
330
1F
100
AcDbEntity
  8
PDF_Level 35
370
     9
100
AcDbPolyline
 90
        3
 70
     0
 43
0.0
 10
811.1883182763449
 20
494.5154466357286
 10
813.0649603124776
 20
495.5089630077989
 10
812.6233974804465
 20
496.2816979638536
  0
LWPOLYLINE
  5
2E7
330
1F
100
AcDbEntity
  8
PDF_Level 35
370
     9
100
AcDbPolyline
 90
        2
 70
     0
 43
0.0
 10
812.5130067724388
 20
494.4050559277208
 10
811.4090996923605
 20
496.2816979638536
  0
CIRCLE
  5
2E8
330
1F
100
AcDbEntity
  8
PDF_Level 35
370
     9
100
AcDbCircle
 10
812.0487032362669
 20
495.3616818384899
 30
0.0
 40
1.159220452416543
  0
LWPOLYLINE
  5
2E9
330
1F
100
AcDbEntity
  8
PDF_Level 35
370
     9
100
AcDbPolyline
 90
        2
 70
     0
 43
0.0
 10
811.0779275683372
 20
494.6258373437364
 10
812.9545696044699
 20
495.7297444238145
  0
LWPOLYLINE
  5
2EB
330
1F
100
AcDbEntity
  8
PDF_Level 35
370
     9
100
AcDbPolyline
 90
        2
 70
     0
 43
0.0
 10
813.0649603124776
 20
495.3985722997911
 10
811.4090996923605
 20
494.4050559277208
  0
LWPOLYLINE
  5
2EF
330
1F
100
AcDbEntity
  8
PDF_Level 35
370
     9
100
AcDbPolyline
 90
        2
 70
     0
 43
0.0
 10
810.8571461523215
 20
494.9570094677599
 10
812.8441788964622
 20
496.060916547838
  0
LWPOLYLINE
  5
2F0
330
1F
100
AcDbEntity
  8
PDF_Level 35
370
     9
100
AcDbPolyline
 90
        2
 70
     0
 43
0.0
 10
812.6233974804465
 20
496.1713072558458
 10
810.8571461523215
 20
495.0674001757676
  0
LWPOLYLINE
  5
2F1
330
1F
100
AcDbEntity
  8
PDF_Level 35
370
     9
100
AcDbPolyline
 90
        2
 70
     0
 43
0.0
 10
812.5130067724388
 20
496.2816979638536
 10
810.8571461523215
 20
495.2881815917833
  0
LWPOLYLINE
  5
2F5
330
1F
100
AcDbEntity
  8
PDF_Level 35
370
     9
100
AcDbPolyline
 90
        2
 70
     0
 43
0.0
 10
812.9545696044699
 20
495.8401351318223
 10
810.9675368603292
 20
494.7362280517443
  0
LWPOLYLINE
  5
2F6
330
1F
100
AcDbEntity
  8
PDF_Level 22
370
     9
100
AcDbPolyline
 90
        8
 70
     1
 43
0.0
 10
784.1425948144316
 20
672.686049360333
 10
781.8243899462676
 20
672.134095820294
 10
780.6100921581816
 20
670.1470630761535
 10
781.051654990213
 20
667.8288582079894
 10
783.0386877343535
 20
666.6145604199036
 10
785.3568926025175
 20
667.0561232519348
 10
786.6815810986113
 20
669.0431559960755
 10
786.1296275585722
 20
671.3613608642394
  0
LWPOLYLINE
  5
2F7
330
1F
100
AcDbEntity
  8
PDF_Level 22
370
     9
100
AcDbPolyline
 90
        4
 70
     0
 43
0.0
 10
783.0386877343535
 20
667.9392489159972
 10
782.9282970263457
 20
668.0496396240051
 10
782.3763434863067
 20
668.2704210400206
 10
785.2465018945097
 20
668.9327652880677
  0
LWPOLYLINE
  5
2F8
330
1F
100
AcDbEntity
  8
PDF_Level 22
370
     9
100
AcDbPolyline
 90
        3
 70
     0
 43
0.0
 10
782.1555620702911
 20
669.3743281200989
 10
781.9347806542755
 20
670.8094073242005
 10
784.9153297704863
 20
670.4782352001768
  0
LWPOLYLINE
  5
2F9
330
1F
100
AcDbEntity
  8
PDF_RICKLEE_COAXCABLE
370
     0
100
AcDbPolyline
 90
        3
 70
     0
 43
0.0
 10
710.5119925732227
 20
220.0841465283143
 10
709.5184762011524
 20
223.8374306005798
 10
710.4016018652149
 20
227.4803239648375
  0
LWPOLYLINE
  5
2FA
330
1F
100
AcDbEntity
  8
PDF_RICKLEE_COAXCABLE
370
     0
100
AcDbPolyline
 90
        2
 70
     0
 43
0.0
 10
710.8431646972461
 20
229.2465752929625
 10
711.8366810693165
 20
232.8894686572202
  0
LWPOLYLINE
  5
2FB
330
1F
100
AcDbEntity
  8
PDF_RICKLEE_COAXCABLE
370
     0
100
AcDbPolyline
 90
        2
 70
     0
 43
0.0
 10
712.2782439013477
 20
234.766110693353
 10
713.1613695654102
 20
238.4090040576107
  0
LWPOLYLINE
  5
2FC
330
1F
100
AcDbEntity
  8
PDF_RICKLEE_COAXCABLE
370
     0
100
AcDbPolyline
 90
        2
 70
     0
 43
0.0
 10
713.7133231054492
 20
240.1752553857356
 10
714.5964487695116
 20
243.8181487499933
  0
LWPOLYLINE
  5
2FD
330
1F
100
AcDbEntity
  8
PDF_RICKLEE_COAXCABLE
370
     0
100
AcDbPolyline
 90
        2
 70
     0
 43
0.0
 10
715.0380116015429
 20
245.5844000781183
 10
716.0315279736132
 20
249.3376841503838
  0
LWPOLYLINE
  5
2FE
330
1F
100
AcDbEntity
  8
PDF_Level 22
370
     9
100
AcDbPolyline
 90
        4
 70
     1
 43
0.0
 10
708.6353505370899
 20
258.6105036230398
 10
710.0704297411915
 20
264.0196483154225
 10
715.3691837255664
 20
262.5845691113209
 10
714.0444952294727
 20
257.2858151269461
  0
LWPOLYLINE
  5
2FF
330
1F
100
AcDbEntity
  8
PDF_Level 22
370
     9
100
AcDbPolyline
 90
       14
 70
     0
 43
0.0
 10
710.8431646972461
 20
258.9416757470632
 10
710.7327739892383
 20
258.9416757470632
 10
710.4016018652149
 20
259.1624571630788
 10
710.2912111572071
 20
259.2728478710867
 10
710.2912111572071
 20
259.6040199951101
 10
710.4016018652149
 20
260.0455828271413
 10
710.6223832812305
 20
260.2663642431569
 10
710.7327739892383
 20
260.3767549511648
 10
711.0639461132617
 20
260.3767549511648
 10
711.2847275292774
 20
260.3767549511648
 10
711.6158996533008
 20
260.1559735351492
 10
711.9470717773242
 20
259.8248014111257
 10
712.9405881493945
 20
258.1689407910086
 10
713.3821509814257
 20
259.9351921191335
  0
LWPOLYLINE
  5
300
330
1F
100
AcDbEntity
  8
PDF_Level 22
370
     9
100
AcDbPolyline
 90
       16
 70
     1
 43
0.0
 10
710.953555405254
 20
262.1430062792897
 10
710.953555405254
 20
261.7014434472585
 10
711.2847275292774
 20
261.370271323235
 10
711.9470717773242
 20
261.0390991992116
 10
712.3886346093554
 20
260.9287084912038
 10
713.0509788574023
 20
260.9287084912038
 10
713.4925416894335
 20
261.0390991992116
 10
713.823713813457
 20
261.370271323235
 10
713.823713813457
 20
261.5910527392506
 10
713.823713813457
 20
262.0326155712819
 10
713.4925416894335
 20
262.3637876953053
 10
712.8301974413867
 20
262.6949598193287
 10
712.3886346093554
 20
262.8053505273365
 10
711.7262903613086
 20
262.8053505273365
 10
711.1743368212695
 20
262.6949598193287
 10
710.953555405254
 20
262.3637876953053
  0
LWPOLYLINE
  5
301
330
1F
100
AcDbEntity
  8
PDF_Level 22
370
     9
100
AcDbPolyline
 90
        8
 70
     1
 43
0.0
 10
715.9211372656054
 20
136.0768177343713
 10
714.9276208935352
 20
138.2846318945275
 10
712.719806733379
 20
139.0573668505821
 10
710.6223832812305
 20
138.0638504785118
 10
709.739257617168
 20
135.8560363183556
 10
710.7327739892383
 20
133.7586128662072
 10
712.9405881493945
 20
132.8754872021448
 10
715.1484023095507
 20
133.869003574215
  0
LWPOLYLINE
  5
302
330
1F
100
AcDbEntity
  8
PDF_Level 22
370
     9
100
AcDbPolyline
 90
       14
 70
     0
 43
0.0
 10
711.0639461132617
 20
135.9664270263635
 10
711.0639461132617
 20
136.0768177343713
 10
710.953555405254
 20
136.4079898583947
 10
711.0639461132617
 20
136.6287712744103
 10
711.1743368212695
 20
136.7391619824181
 10
711.505508945293
 20
136.9599433984337
 10
711.8366810693165
 20
136.9599433984337
 10
711.9470717773242
 20
136.8495526904259
 10
712.1678531933398
 20
136.6287712744103
 10
712.2782439013477
 20
136.4079898583947
 10
712.2782439013477
 20
136.0768177343713
 10
712.2782439013477
 20
135.63525490234
 10
711.8366810693165
 20
133.9793942822229
 10
713.1613695654102
 20
134.5313478222619
  0
LWPOLYLINE
  5
303
330
1F
100
AcDbEntity
  8
PDF_Level 22
370
     9
100
AcDbPolyline
 90
       15
 70
     0
 43
0.0
 10
712.719806733379
 20
137.5118969384728
 10
713.823713813457
 20
137.953459770504
 10
713.7133231054492
 20
136.7391619824181
 10
713.9341045214648
 20
136.8495526904259
 10
714.1548859374804
 20
136.8495526904259
 10
714.375667353496
 20
136.7391619824181
 10
714.5964487695116
 20
136.4079898583947
 10
714.7068394775194
 20
136.1872084423791
 10
714.8172301855273
 20
135.7456456103478
 10
714.7068394775194
 20
135.4144734863244
 10
714.4860580615038
 20
135.083301362301
 10
714.2652766454882
 20
134.9729106542931
 10
713.9341045214648
 20
134.9729106542931
 10
713.7133231054492
 20
135.083301362301
 10
713.4925416894335
 20
135.3040827783166
  0
LWPOLYLINE
  5
304
330
1F
100
AcDbEntity
  8
PDF_RICKLEE_COAXCABLE
370
     0
100
AcDbPolyline
 90
        2
 70
     0
 43
0.0
 10
710.2912111572071
 20
134.7521292382775
 10
707.3106620409962
 20
133.4274407421838
  0
LWPOLYLINE
  5
305
330
1F
100
AcDbEntity
  8
PDF_RICKLEE_COAXCABLE
370
     0
100
AcDbPolyline
 90
        2
 70
     0
 43
0.0
 10
705.6548014208791
 20
132.6547057861291
 10
702.232689472637
 20
131.1092358740198
  0
LWPOLYLINE
  5
306
330
1F
100
AcDbEntity
  8
PDF_RICKLEE_COAXCABLE
370
     0
100
AcDbPolyline
 90
        2
 70
     0
 43
0.0
 10
700.466438144512
 20
130.446891625973
 10
697.0443261962699
 20
128.9014217138636
  0
LWPOLYLINE
  5
307
330
1F
100
AcDbEntity
  8
PDF_RICKLEE_COAXCABLE
370
     0
100
AcDbPolyline
 90
        2
 70
     0
 43
0.0
 10
695.3884655761528
 20
128.128686757809
 10
691.9663536279107
 20
126.5832168456996
  0
LWPOLYLINE
  5
308
330
1F
100
AcDbEntity
  8
PDF_RICKLEE_COAXCABLE
370
     0
100
AcDbPolyline
 90
        2
 70
     0
 43
0.0
 10
690.2001022997858
 20
125.810481889645
 10
686.7779903515437
 20
124.2650119775356
  0
LWPOLYLINE
  5
309
330
1F
100
AcDbEntity
  8
PDF_RICKLEE_COAXCABLE
370
     0
100
AcDbPolyline
 90
        2
 70
     0
 43
0.0
 10
685.1221297314265
 20
123.492277021481
 10
682.1415806152157
 20
122.1675885253873
  0
LWPOLYLINE
  5
30A
330
1F
100
AcDbEntity
  8
PDF_Level 22
370
     9
100
AcDbPolyline
 90
        8
 70
     1
 43
0.0
 10
682.4727527392391
 20
121.0636814453092
 10
681.4792363671688
 20
123.1611048974575
 10
679.2714222070125
 20
124.04423056152
 10
677.1739987548643
 20
123.0507141894497
 10
676.2908730908018
 20
120.8429000292935
 10
677.2843894628721
 20
118.6350858691374
 10
679.4922036230283
 20
117.8623509130827
 10
681.5896270751766
 20
118.855867285153
  0
LWPOLYLINE
  5
30B
330
1F
100
AcDbEntity
  8
PDF_Level 22
370
     9
100
AcDbPolyline
 90
       14
 70
     0
 43
0.0
 10
677.6155615868955
 20
120.9532907373013
 10
677.6155615868955
 20
121.0636814453092
 10
677.6155615868955
 20
121.3948535693326
 10
677.6155615868955
 20
121.5052442773404
 10
677.7259522949033
 20
121.726025693356
 10
678.1675151269345
 20
121.9468071093716
 10
678.3882965429502
 20
121.9468071093716
 10
678.498687250958
 20
121.8364164013638
 10
678.7194686669736
 20
121.6156349853482
 10
678.8298593749814
 20
121.3948535693326
 10
678.8298593749814
 20
121.0636814453092
 10
678.8298593749814
 20
120.6221186132779
 10
678.498687250958
 20
118.9662579931608
 10
679.8233757470517
 20
119.5182115331998
  0
LWPOLYLINE
  5
30C
330
1F
100
AcDbEntity
  8
PDF_Level 22
370
     9
100
AcDbPolyline
 90
       16
 70
     1
 43
0.0
 10
679.7129850390439
 20
122.6091513574185
 10
679.4922036230283
 20
122.3883699414029
 10
679.4922036230283
 20
121.9468071093716
 10
679.7129850390439
 20
121.2844628613248
 10
679.8233757470517
 20
120.8429000292935
 10
680.2649385790829
 20
120.2909464892545
 10
680.5961107031064
 20
120.0701650732389
 10
680.9272828271298
 20
120.0701650732389
 10
681.1480642431454
 20
120.0701650732389
 10
681.368845659161
 20
120.4013371972623
 10
681.368845659161
 20
120.8429000292935
 10
681.1480642431454
 20
121.5052442773404
 10
681.0376735351375
 20
121.8364164013638
 10
680.5961107031064
 20
122.4987606494107
 10
680.2649385790829
 20
122.7195420654263
 10
679.9337664550595
 20
122.7195420654263
  0
LWPOLYLINE
  5
30D
330
1F
100
AcDbEntity
  8
PDF_RICKLEE_NODEDETAILS
370
    13
100
AcDbPolyline
 90
        3
 70
     0
 43
0.0
 10
712.3886346093554
 20
532.7106316064307
 10
713.4925416894335
 20
528.7365661181495
 10
714.5964487695116
 20
532.7106316064307
  0
LWPOLYLINE
  5
30E
330
1F
100
AcDbEntity
  8
PDF_RICKLEE_NODEDETAILS
370
    13
100
AcDbPolyline
 90
       20
 70
     1
 43
0.0
 10
716.0315279736132
 20
532.7106316064307
 10
715.8107465575975
 20
532.4898501904151
 10
715.4795744335741
 20
532.1586780663917
 10
715.3691837255664
 20
531.7171152343604
 10
715.2587930175585
 20
531.1651616943213
 10
715.2587930175585
 20
530.2820360302589
 10
715.3691837255664
 20
529.7300824902199
 10
715.4795744335741
 20
529.2885196581886
 10
715.8107465575975
 20
528.9573475341651
 10
716.0315279736132
 20
528.7365661181495
 10
716.5834815136522
 20
528.7365661181495
 10
716.9146536376756
 20
528.9573475341651
 10
717.1354350536914
 20
529.2885196581886
 10
717.3562164697069
 20
529.7300824902199
 10
717.4666071777147
 20
530.2820360302589
 10
717.4666071777147
 20
531.1651616943213
 10
717.3562164697069
 20
531.7171152343604
 10
717.1354350536914
 20
532.1586780663917
 10
716.9146536376756
 20
532.4898501904151
 10
716.5834815136522
 20
532.7106316064307
  0
LWPOLYLINE
  5
30F
330
1F
100
AcDbEntity
  8
PDF_RICKLEE_NODEDETAILS
370
    13
100
AcDbPolyline
 90
        3
 70
     0
 43
0.0
 10
718.2393421337693
 20
532.7106316064307
 10
718.2393421337693
 20
528.7365661181495
 10
720.0055934618943
 20
528.7365661181495
  0
LWPOLYLINE
  5
310
330
1F
100
AcDbEntity
  8
PDF_RICKLEE_NODEDETAILS
370
    13
100
AcDbPolyline
 90
        2
 70
     0
 43
0.0
 10
721.6614540820114
 20
532.7106316064307
 10
721.6614540820114
 20
528.7365661181495
  0
LWPOLYLINE
  5
311
330
1F
100
AcDbEntity
  8
PDF_RICKLEE_NODEDETAILS
370
    13
100
AcDbPolyline
 90
        2
 70
     0
 43
0.0
 10
720.6679377099412
 20
532.7106316064307
 10
722.6549704540818
 20
532.7106316064307
  0
LWPOLYLINE
  5
312
330
1F
100
AcDbEntity
  8
PDF_RICKLEE_NODEDETAILS
370
    13
100
AcDbPolyline
 90
        3
 70
     0
 43
0.0
 10
723.2069239941209
 20
528.7365661181495
 10
724.3108310741989
 20
532.7106316064307
 10
725.4147381542771
 20
528.7365661181495
  0
LWPOLYLINE
  5
313
330
1F
100
AcDbEntity
  8
PDF_RICKLEE_NODEDETAILS
370
    13
100
AcDbPolyline
 90
        2
 70
     0
 43
0.0
 10
723.648486826152
 20
530.0612546142433
 10
724.9731753222457
 20
530.0612546142433
  0
LWPOLYLINE
  5
314
330
1F
100
AcDbEntity
  8
PDF_RICKLEE_NODEDETAILS
370
    13
100
AcDbPolyline
 90
       20
 70
     0
 43
0.0
 10
728.3952872704879
 20
531.7171152343604
 10
728.1745058544722
 20
532.1586780663917
 10
727.9537244384567
 20
532.4898501904151
 10
727.6225523144331
 20
532.7106316064307
 10
727.0705987743942
 20
532.7106316064307
 10
726.8498173583785
 20
532.4898501904151
 10
726.518645234355
 20
532.1586780663917
 10
726.4082545263472
 20
531.7171152343604
 10
726.2978638183394
 20
531.1651616943213
 10
726.2978638183394
 20
530.2820360302589
 10
726.4082545263472
 20
529.7300824902199
 10
726.518645234355
 20
529.2885196581886
 10
726.8498173583785
 20
528.9573475341651
 10
727.0705987743942
 20
528.7365661181495
 10
727.6225523144331
 20
528.7365661181495
 10
727.9537244384567
 20
528.9573475341651
 10
728.1745058544722
 20
529.2885196581886
 10
728.3952872704879
 20
529.7300824902199
 10
728.3952872704879
 20
530.2820360302589
 10
727.6225523144331
 20
530.2820360302589
  0
LWPOLYLINE
  5
315
330
1F
100
AcDbEntity
  8
PDF_RICKLEE_NODEDETAILS
370
    13
100
AcDbPolyline
 90
        4
 70
     0
 43
0.0
 10
731.0446642626752
 20
528.7365661181495
 10
729.1680222265426
 20
528.7365661181495
 10
729.1680222265426
 20
532.7106316064307
 10
731.0446642626752
 20
532.7106316064307
  0
LWPOLYLINE
  5
316
330
1F
100
AcDbEntity
  8
PDF_RICKLEE_NODEDETAILS
370
    13
100
AcDbPolyline
 90
        2
 70
     0
 43
0.0
 10
729.1680222265426
 20
530.8339895702979
 10
730.2719293066206
 20
530.8339895702979
  0
LWPOLYLINE
  5
318
330
1F
100
AcDbEntity
  8
PDF_RICKLEE_NODEDETAILS
370
    13
100
AcDbPolyline
 90
        4
 70
     1
 43
0.0
 10
732.0381806347455
 20
531.3859431103369
 10
731.81739921873
 20
531.1651616943213
 10
732.0381806347455
 20
530.9443802783057
 10
732.1485713427533
 20
531.1651616943213
  0
LWPOLYLINE
  5
319
330
1F
100
AcDbEntity
  8
PDF_RICKLEE_NODEDETAILS
370
    13
100
AcDbPolyline
 90
        4
 70
     1
 43
0.0
 10
732.0381806347455
 20
529.1781289501808
 10
731.81739921873
 20
528.9573475341651
 10
732.0381806347455
 20
528.7365661181495
 10
732.1485713427533
 20
528.9573475341651
  0
LWPOLYLINE
  5
31A
330
1F
100
AcDbEntity
  8
PDF_RICKLEE_NODEDETAILS
370
    13
100
AcDbPolyline
 90
       23
 70
     0
 43
0.0
 10
735.6810739990033
 20
532.1586780663917
 10
735.4602925829876
 20
532.4898501904151
 10
735.1291204589642
 20
532.7106316064307
 10
734.7979483349408
 20
532.7106316064307
 10
734.3563855029096
 20
532.4898501904151
 10
734.1356040868939
 20
531.937896650376
 10
733.9148226708783
 20
530.9443802783057
 10
733.9148226708783
 20
530.0612546142433
 10
734.1356040868939
 20
529.2885196581886
 10
734.3563855029096
 20
528.9573475341651
 10
734.7979483349408
 20
528.7365661181495
 10
734.9083390429487
 20
528.7365661181495
 10
735.3499018749799
 20
528.9573475341651
 10
735.6810739990033
 20
529.2885196581886
 10
735.791464707011
 20
529.8404731982278
 10
735.791464707011
 20
530.0612546142433
 10
735.6810739990033
 20
530.6132081542823
 10
735.3499018749799
 20
530.9443802783057
 10
734.9083390429487
 20
531.1651616943213
 10
734.7979483349408
 20
531.1651616943213
 10
734.3563855029096
 20
530.9443802783057
 10
734.1356040868939
 20
530.6132081542823
 10
733.9148226708783
 20
530.0612546142433
  0
LWPOLYLINE
  5
31B
330
1F
100
AcDbEntity
  8
PDF_RICKLEE_NODEDETAILS
370
    13
100
AcDbPolyline
 90
       16
 70
     1
 43
0.0
 10
737.5577160351361
 20
532.7106316064307
 10
737.2265439111126
 20
532.4898501904151
 10
736.8953717870891
 20
531.937896650376
 10
736.7849810790813
 20
530.9443802783057
 10
736.7849810790813
 20
530.3924267382667
 10
736.8953717870891
 20
529.5093010742042
 10
737.1161532031049
 20
528.9573475341651
 10
737.5577160351361
 20
528.7365661181495
 10
737.8888881591595
 20
528.7365661181495
 10
738.3304509911908
 20
528.9573475341651
 10
738.5512324072063
 20
529.5093010742042
 10
738.6616231152141
 20
530.3924267382667
 10
738.6616231152141
 20
530.9443802783057
 10
738.5512324072063
 20
531.937896650376
 10
738.3304509911908
 20
532.4898501904151
 10
737.8888881591595
 20
532.7106316064307
  0
LWPOLYLINE
  5
31C
330
1F
100
AcDbEntity
  8
PDF_RICKLEE_NODEDETAILS
370
    13
100
AcDbPolyline
 90
        3
 70
     0
 43
0.0
 10
739.5447487792766
 20
531.3859431103369
 10
740.4278744433391
 20
528.7365661181495
 10
741.2006093993937
 20
531.3859431103369
  0
CIRCLE
  5
31D
330
1F
100
AcDbEntity
  8
PDF_RICKLEE_ENDOFTAPOFFBLOCK
370
     0
100
AcDbCircle
 10
684.5422140887123
 20
987.6138948846062
 30
0.0
 40
4.581213833632124
  0
LWPOLYLINE
  5
31E
330
1F
100
AcDbEntity
  8
PDF_RICKLEE_ENDOFTAPOFFBLOCK
370
     0
100
AcDbPolyline
 90
        2
 70
     0
 43
0.0
 10
679.9337664550595
 20
987.5203485986057
 10
689.0961952197077
 20
987.5203485986057
  0
LWPOLYLINE
  5
31F
330
1F
100
AcDbEntity
  8
PDF_Level 35
370
     9
100
AcDbPolyline
 90
        4
 70
     1
 43
0.0
 10
801.3635452636499
 20
556.9965873681487
 10
805.5583921679467
 20
536.2431342626806
 10
796.6167448193141
 20
534.4768829345557
 10
792.5322886230252
 20
555.2303360400238
  0
CIRCLE
  5
320
330
1F
100
AcDbEntity
  8
PDF_Level 35
370
     9
100
AcDbCircle
 10
798.1389133741315
 20
550.8904533672454
 30
0.0
 40
3.808706707241814
  0
LWPOLYLINE
  5
321
330
1F
100
AcDbEntity
  8
PDF_Level 35
370
     9
100
AcDbPolyline
 90
        2
 70
     0
 43
0.0
 10
796.8375262353297
 20
553.6848661279146
 10
800.5908103075952
 20
550.483535595688
  0
LWPOLYLINE
  5
322
330
1F
100
AcDbEntity
  8
PDF_Level 35
 62
     1
370
     9
100
AcDbPolyline
 90
        4
 70
     1
 43
0.0
 10
799.2661218115015
 20
552.0290055077973
 10
800.7012010156032
 20
550.483535595688
 10
798.8245589794703
 20
551.5874426757661
 10
799.3765125195093
 20
551.4770519677584
  0
LWPOLYLINE
  5
323
330
1F
100
AcDbEntity
  8
PDF_Level 35
 62
     1
370
     9
100
AcDbPolyline
 90
        3
 70
     0
 43
0.0
 10
799.0453403954859
 20
551.4770519677584
 10
799.4869032275171
 20
551.3666612597505
 10
799.4869032275171
 20
551.9186147997896
  0
LWPOLYLINE
  5
326
330
1F
100
AcDbEntity
  8
PDF_Level 35
 62
     1
370
     9
100
AcDbPolyline
 90
        3
 70
     0
 43
0.0
 10
798.9349496874781
 20
551.4770519677584
 10
799.4869032275171
 20
551.4770519677584
 10
799.3765125195093
 20
551.9186147997896
  0
LWPOLYLINE
  5
328
330
1F
100
AcDbEntity
  8
PDF_Level 35
 62
     1
370
     9
100
AcDbPolyline
 90
        3
 70
     0
 43
0.0
 10
799.4869032275171
 20
551.6978333837739
 10
800.4804195995873
 20
550.5939263036959
 10
799.2661218115015
 20
551.3666612597505
  0
LWPOLYLINE
  5
329
330
1F
100
AcDbEntity
  8
PDF_Level 35
370
     9
100
AcDbPolyline
 90
        2
 70
     0
 43
0.0
 10
795.2920563232204
 20
550.9250984277193
 10
799.2661218115015
 20
547.8341586035005
  0
LWPOLYLINE
  5
32A
330
1F
100
AcDbEntity
  8
PDF_Level 35
 62
     1
370
     9
100
AcDbPolyline
 90
        4
 70
     1
 43
0.0
 10
797.9414333154078
 20
549.2692378076021
 10
799.3765125195093
 20
547.7237678954927
 10
797.4998704833766
 20
548.8276749755709
 10
798.0518240234156
 20
548.8276749755709
  0
LWPOLYLINE
  5
32B
330
1F
100
AcDbEntity
  8
PDF_Level 35
 62
     1
370
     9
100
AcDbPolyline
 90
        3
 70
     0
 43
0.0
 10
797.7206518993922
 20
548.6068935595553
 10
798.1622147314234
 20
548.7172842675631
 10
797.9414333154078
 20
549.1588470995943
  0
LWPOLYLINE
  5
32D
330
1F
100
AcDbEntity
  8
PDF_Level 35
 62
     1
370
     9
100
AcDbPolyline
 90
        3
 70
     0
 43
0.0
 10
798.0518240234156
 20
549.1588470995943
 10
798.1622147314234
 20
548.7172842675631
 10
797.6102611913844
 20
548.7172842675631
  0
LWPOLYLINE
  5
330
330
1F
100
AcDbEntity
  8
PDF_Level 35
 62
     1
370
     9
100
AcDbPolyline
 90
        3
 70
     0
 43
0.0
 10
798.1622147314234
 20
548.9380656835788
 10
799.1557311034937
 20
547.9445493115084
 10
797.9414333154078
 20
548.6068935595553
  0
LWPOLYLINE
  5
331
330
1F
100
AcDbEntity
  8
PDF_Level 35
 62
     1
370
     9
100
AcDbPolyline
 90
        3
 70
     1
 43
0.0
 10
802.3570616357202
 20
543.6393116992038
 10
800.4804195995873
 20
538.1197762988133
 10
796.6167448193141
 20
542.5354046191257
  0
LWPOLYLINE
  5
332
330
1F
100
AcDbEntity
  8
PDF_Level 35
 62
     1
370
     9
100
AcDbPolyline
 90
        2
 70
     0
 43
0.0
 10
796.8375262353297
 20
542.3146232031101
 10
802.3570616357202
 20
543.3081395751805
  0
LWPOLYLINE
  5
333
330
1F
100
AcDbEntity
  8
PDF_Level 35
 62
     1
370
     9
100
AcDbPolyline
 90
        2
 70
     0
 43
0.0
 10
797.0583076513453
 20
542.0938417870945
 10
802.2466709277123
 20
543.0873581591647
  0
LWPOLYLINE
  5
334
330
1F
100
AcDbEntity
  8
PDF_Level 35
 62
     1
370
     9
100
AcDbPolyline
 90
        2
 70
     0
 43
0.0
 10
797.1686983593531
 20
541.8730603710789
 10
802.1362802197046
 20
542.8665767431491
  0
LWPOLYLINE
  5
335
330
1F
100
AcDbEntity
  8
PDF_Level 35
 62
     1
370
     9
100
AcDbPolyline
 90
        2
 70
     0
 43
0.0
 10
797.3894797753688
 20
541.6522789550633
 10
802.0258895116969
 20
542.6457953271335
  0
LWPOLYLINE
  5
336
330
1F
100
AcDbEntity
  8
PDF_Level 35
 62
     1
370
     9
100
AcDbPolyline
 90
        2
 70
     0
 43
0.0
 10
797.6102611913844
 20
541.4314975390477
 10
801.9154988036889
 20
542.3146232031101
  0
LWPOLYLINE
  5
337
330
1F
100
AcDbEntity
  8
PDF_Level 35
 62
     1
370
     9
100
AcDbPolyline
 90
        2
 70
     0
 43
0.0
 10
797.7206518993922
 20
541.210716123032
 10
801.9154988036889
 20
542.0938417870945
  0
LWPOLYLINE
  5
338
330
1F
100
AcDbEntity
  8
PDF_Level 35
 62
     1
370
     9
100
AcDbPolyline
 90
        2
 70
     0
 43
0.0
 10
797.9414333154078
 20
540.9899347070164
 10
801.805108095681
 20
541.7626696630711
  0
LWPOLYLINE
  5
339
330
1F
100
AcDbEntity
  8
PDF_Level 35
 62
     1
370
     9
100
AcDbPolyline
 90
        2
 70
     0
 43
0.0
 10
798.1622147314234
 20
540.7691532910007
 10
801.6947173876733
 20
541.5418882470556
  0
LWPOLYLINE
  5
33A
330
1F
100
AcDbEntity
  8
PDF_Level 35
 62
     1
370
     9
100
AcDbPolyline
 90
        2
 70
     0
 43
0.0
 10
798.2726054394312
 20
540.6587625829929
 10
801.5843266796656
 20
541.3211068310398
  0
LWPOLYLINE
  5
33B
330
1F
100
AcDbEntity
  8
PDF_Level 35
 62
     1
370
     9
100
AcDbPolyline
 90
        2
 70
     0
 43
0.0
 10
798.4933868554469
 20
540.4379811669773
 10
801.4739359716577
 20
540.9899347070164
  0
LWPOLYLINE
  5
33C
330
1F
100
AcDbEntity
  8
PDF_Level 35
 62
     1
370
     9
100
AcDbPolyline
 90
        2
 70
     0
 43
0.0
 10
798.7141682714625
 20
540.1068090429539
 10
801.3635452636499
 20
540.6587625829929
  0
LWPOLYLINE
  5
33D
330
1F
100
AcDbEntity
  8
PDF_Level 35
 62
     1
370
     9
100
AcDbPolyline
 90
        2
 70
     0
 43
0.0
 10
798.9349496874781
 20
539.8860276269383
 10
801.2531545556422
 20
540.3275904589695
  0
LWPOLYLINE
  5
33E
330
1F
100
AcDbEntity
  8
PDF_Level 35
 62
     1
370
     9
100
AcDbPolyline
 90
        2
 70
     0
 43
0.0
 10
799.1557311034937
 20
539.6652462109227
 10
801.1427638476343
 20
540.1068090429539
  0
LWPOLYLINE
  5
33F
330
1F
100
AcDbEntity
  8
PDF_Level 35
 62
     1
370
     9
100
AcDbPolyline
 90
        2
 70
     0
 43
0.0
 10
799.3765125195093
 20
539.4444647949071
 10
801.1427638476343
 20
539.7756369189306
  0
LWPOLYLINE
  5
340
330
1F
100
AcDbEntity
  8
PDF_Level 35
 62
     1
370
     9
100
AcDbPolyline
 90
        2
 70
     0
 43
0.0
 10
799.597293935525
 20
539.2236833788915
 10
801.0323731396265
 20
539.4444647949071
  0
LWPOLYLINE
  5
341
330
1F
100
AcDbEntity
  8
PDF_Level 35
 62
     1
370
     9
100
AcDbPolyline
 90
        2
 70
     0
 43
0.0
 10
799.7076846435328
 20
539.0029019628758
 10
800.9219824316186
 20
539.2236833788915
  0
LWPOLYLINE
  5
342
330
1F
100
AcDbEntity
  8
PDF_Level 35
 62
     1
370
     9
100
AcDbPolyline
 90
        2
 70
     0
 43
0.0
 10
799.9284660595484
 20
538.7821205468602
 10
800.8115917236109
 20
538.8925112548681
  0
LWPOLYLINE
  5
343
330
1F
100
AcDbEntity
  8
PDF_Level 35
 62
     1
370
     9
100
AcDbPolyline
 90
        2
 70
     0
 43
0.0
 10
800.1492474755639
 20
538.5613391308446
 10
800.7012010156032
 20
538.6717298388524
  0
LWPOLYLINE
  5
344
330
1F
100
AcDbEntity
  8
PDF_Level 35
 62
     1
370
     9
100
AcDbPolyline
 90
        2
 70
     0
 43
0.0
 10
800.2596381835719
 20
538.3405577148289
 10
800.5908103075952
 20
538.4509484228367
  0
LWPOLYLINE
  5
345
330
1F
100
AcDbEntity
  8
PDF_Level 35
 62
     1
370
     9
100
AcDbPolyline
 90
        3
 70
     1
 43
0.0
 10
802.7986244677514
 20
543.9704838232273
 10
800.5908103075952
 20
537.4574320507665
 10
796.0647912792751
 20
542.6457953271335
  0
LWPOLYLINE
  5
346
330
1F
100
AcDbEntity
  8
PDF_Level 21
370
     9
100
AcDbPolyline
 90
        5
 70
     0
 43
0.0
 10
804.0129222558373
 20
548.4965028515476
 10
808.2077691601341
 20
547.2822050634615
 10
804.3440943798609
 20
545.8471258593601
 10
808.4285505761497
 20
545.6263444433444
 10
804.8960479198997
 20
543.1977488671726
  0
LWPOLYLINE
  5
348
330
1F
100
AcDbEntity
  8
PDF_RICKLEE_COAXCABLE
370
     0
100
AcDbPolyline
 90
        3
 70
     0
 43
0.0
 10
775.7529010058381
 20
654.5819732470524
 10
774.9801660497835
 20
658.0040851952944
 10
774.4282125097444
 20
660.3222900634584
  0
LWPOLYLINE
  5
349
330
1F
100
AcDbEntity
  8
PDF_RICKLEE_COAXCABLE
370
     0
100
AcDbPolyline
 90
        2
 70
     0
 43
0.0
 10
774.097040385721
 20
662.1989320995912
 10
773.3243054296663
 20
665.8418254638489
  0
LWPOLYLINE
  5
34A
330
1F
100
AcDbEntity
  8
PDF_RICKLEE_COAXCABLE
370
     0
100
AcDbPolyline
 90
        2
 70
     0
 43
0.0
 10
772.882742597635
 20
667.7184674999816
 10
772.1100076415804
 20
671.3613608642394
  0
LWPOLYLINE
  5
34B
330
1F
100
AcDbEntity
  8
PDF_RICKLEE_COAXCABLE
370
     0
100
AcDbPolyline
 90
        2
 70
     0
 43
0.0
 10
771.6684448095492
 20
673.1276121923644
 10
770.8957098534945
 20
676.8808962646298
  0
LWPOLYLINE
  5
34C
330
1F
100
AcDbEntity
  8
PDF_RICKLEE_COAXCABLE
370
     0
100
AcDbPolyline
 90
        2
 70
     0
 43
0.0
 10
770.4541470214633
 20
678.6471475927548
 10
769.6814120654086
 20
682.2900409570125
  0
LWPOLYLINE
  5
34D
330
1F
100
AcDbEntity
  8
PDF_RICKLEE_COAXCABLE
370
     0
100
AcDbPolyline
 90
        2
 70
     0
 43
0.0
 10
769.3502399413852
 20
684.1666829931453
 10
768.4671142773226
 20
687.809576357403
  0
LWPOLYLINE
  5
34E
330
1F
100
AcDbEntity
  8
PDF_RICKLEE_COAXCABLE
370
     0
100
AcDbPolyline
 90
        2
 70
     0
 43
0.0
 10
768.1359421532993
 20
689.6862183935358
 10
767.2528164892367
 20
693.3291117577935
  0
LWPOLYLINE
  5
34F
330
1F
100
AcDbEntity
  8
PDF_RICKLEE_COAXCABLE
370
     0
100
AcDbPolyline
 90
        3
 70
     0
 43
0.0
 10
766.9216443652134
 20
695.0953630859185
 10
766.3696908251742
 20
697.4135679540824
 10
765.5969558691197
 20
701.2772427343556
  0
LWPOLYLINE
  5
350
330
1F
100
AcDbEntity
  8
PDF_Level 22
370
     9
100
AcDbPolyline
 90
        4
 70
     1
 43
0.0
 10
805.337610751931
 20
596.7372422509602
 10
804.233703671853
 20
602.1463869433428
 10
809.6428483642355
 20
603.250294023421
 10
810.7467554443138
 20
597.8411493310384
  0
LWPOLYLINE
  5
351
330
1F
100
AcDbEntity
  8
PDF_Level 22
370
     9
100
AcDbPolyline
 90
        4
 70
     0
 43
0.0
 10
806.9934713720481
 20
598.2827121630696
 10
806.7726899560327
 20
598.5034935790852
 10
806.3311271240014
 20
598.7242749951008
 10
809.2012855322044
 20
599.3866192431475
  0
LWPOLYLINE
  5
352
330
1F
100
AcDbEntity
  8
PDF_Level 22
370
     9
100
AcDbPolyline
 90
        4
 70
     0
 43
0.0
 10
806.5519085400168
 20
600.2697449072102
 10
806.3311271240014
 20
600.380135615218
 10
805.8895642919701
 20
600.7113077392414
 10
808.7597227001731
 20
601.3736519872882
  0
LWPOLYLINE
  5
353
330
1F
100
AcDbEntity
  8
PDF_RICKLEE_COAXCABLE
370
     0
100
AcDbPolyline
 90
        2
 70
     0
 43
0.0
 10
819.0260585448994
 20
546.8406422314303
 10
818.5844957128683
 20
549.0484563915865
  0
LWPOLYLINE
  5
354
330
1F
100
AcDbEntity
  8
PDF_RICKLEE_COAXCABLE
370
     0
100
AcDbPolyline
 90
        2
 70
     0
 43
0.0
 10
818.142932880837
 20
550.8147077197114
 10
817.3701979247823
 20
554.5679917919769
  0
LWPOLYLINE
  5
355
330
1F
100
AcDbEntity
  8
PDF_RICKLEE_COAXCABLE
370
     0
100
AcDbPolyline
 90
        2
 70
     0
 43
0.0
 10
817.0390258007588
 20
556.334243120102
 10
816.1559001366963
 20
559.9771364843595
  0
LWPOLYLINE
  5
356
330
1F
100
AcDbEntity
  8
PDF_RICKLEE_COAXCABLE
370
     0
100
AcDbPolyline
 90
        2
 70
     0
 43
0.0
 10
815.824728012673
 20
561.8537785204924
 10
815.0519930566183
 20
565.4966718847502
  0
LWPOLYLINE
  5
357
330
1F
100
AcDbEntity
  8
PDF_RICKLEE_COAXCABLE
370
     0
100
AcDbPolyline
 90
        2
 70
     0
 43
0.0
 10
814.610430224587
 20
567.3733139208829
 10
813.8376952685325
 20
571.0162072851406
  0
LWPOLYLINE
  5
358
330
1F
100
AcDbEntity
  8
PDF_RICKLEE_COAXCABLE
370
     0
100
AcDbPolyline
 90
        2
 70
     0
 43
0.0
 10
813.3961324365012
 20
572.8928493212733
 10
812.6233974804465
 20
576.5357426855311
  0
LWPOLYLINE
  5
359
330
1F
100
AcDbEntity
  8
PDF_RICKLEE_COAXCABLE
370
     0
100
AcDbPolyline
 90
        2
 70
     0
 43
0.0
 10
812.292225356423
 20
578.301994013656
 10
811.4090996923605
 20
582.0552780859215
  0
LWPOLYLINE
  5
35A
330
1F
100
AcDbEntity
  8
PDF_RICKLEE_COAXCABLE
370
     0
100
AcDbPolyline
 90
        2
 70
     0
 43
0.0
 10
811.0779275683372
 20
583.8215294140466
 10
810.3051926122825
 20
587.4644227783042
  0
LWPOLYLINE
  5
35B
330
1F
100
AcDbEntity
  8
PDF_RICKLEE_COAXCABLE
370
     0
100
AcDbPolyline
 90
        2
 70
     0
 43
0.0
 10
809.8636297802512
 20
589.341064814437
 10
809.4220669482201
 20
591.4384882665854
  0
LWPOLYLINE
  5
35C
330
1F
100
AcDbEntity
  8
PDF_Level 21
370
     9
100
AcDbPolyline
 90
        5
 70
     0
 43
0.0
 10
803.9025315478294
 20
602.698340483382
 10
805.0064386279077
 20
606.8931873876786
 10
806.5519085400168
 20
603.0295126074054
 10
806.6622992480247
 20
607.2243595117022
 10
809.2012855322044
 20
603.8022475634599
  0
LWPOLYLINE
  5
35E
330
1F
100
AcDbEntity
  8
PDF_Level 22
370
     9
100
AcDbPolyline
 90
        8
 70
     1
 43
0.0
 10
845.8510005907971
 20
350.5659633935451
 10
848.1692054589611
 20
351.0075262255763
 10
849.4938939550548
 20
352.9945589697169
 10
849.0523311230237
 20
355.3127638378809
 10
847.0652983788831
 20
356.6374523339746
 10
844.747093510719
 20
356.1958895019434
 10
843.4224050146253
 20
354.2088567578028
 10
843.8639678466566
 20
351.8906518896388
  0
LWPOLYLINE
  5
35F
330
1F
100
AcDbEntity
  8
PDF_Level 22
370
     9
100
AcDbPolyline
 90
        4
 70
     0
 43
0.0
 10
847.0652983788831
 20
354.9815917138575
 10
847.2860797948987
 20
354.7608102978418
 10
847.7276426269298
 20
354.5400288818262
 10
844.8574842187268
 20
354.098466049795
  0
LWPOLYLINE
  5
360
330
1F
100
AcDbEntity
  8
PDF_Level 22
370
     9
100
AcDbPolyline
 90
        4
 70
     0
 43
0.0
 10
847.3964705029064
 20
353.3257310937403
 10
847.5068612109142
 20
353.2153403857325
 10
848.0588147509534
 20
352.9945589697169
 10
845.1886563427503
 20
352.4426054296778
  0
LWPOLYLINE
  5
361
330
1F
100
AcDbEntity
  8
PDF_Level 1
370
     9
100
AcDbPolyline
 90
        2
 70
     0
 43
0.0
 10
846.9549076708753
 20
350.7867448095607
 10
847.3964705029064
 20
348.4685399413967
  0
LWPOLYLINE
  5
362
330
1F
100
AcDbEntity
  8
PDF_Level 1
370
     9
100
AcDbPolyline
 90
        2
 70
     0
 43
0.0
 10
849.3835032470471
 20
348.9101027734279
 10
845.4094377587658
 20
348.1373678173733
  0
LWPOLYLINE
  5
363
330
1F
100
AcDbEntity
  8
PDF_RICKLEE_COAXCABLE
370
     0
100
AcDbPolyline
 90
        2
 70
     0
 43
0.0
 10
855.1238200634532
 20
304.6434288622963
 10
854.6822572314219
 20
307.6239779785072
  0
LWPOLYLINE
  5
364
330
1F
100
AcDbEntity
  8
PDF_RICKLEE_COAXCABLE
370
     0
100
AcDbPolyline
 90
        2
 70
     0
 43
0.0
 10
854.2406943993906
 20
309.3902293066321
 10
853.5783501513437
 20
313.1435133788977
  0
LWPOLYLINE
  5
365
330
1F
100
AcDbEntity
  8
PDF_RICKLEE_COAXCABLE
370
     0
100
AcDbPolyline
 90
        2
 70
     0
 43
0.0
 10
853.2471780273203
 20
314.9097647070226
 10
852.5848337792735
 20
318.6630487792882
  0
LWPOLYLINE
  5
366
330
1F
100
AcDbEntity
  8
PDF_RICKLEE_COAXCABLE
370
     0
100
AcDbPolyline
 90
        2
 70
     0
 43
0.0
 10
852.25366165525
 20
320.5396908154209
 10
851.7017081152111
 20
323.409849223624
  0
LWPOLYLINE
  5
367
330
1F
100
AcDbEntity
  8
PDF_RICKLEE_COAXCABLE
370
     0
100
AcDbPolyline
 90
        2
 70
     0
 43
0.0
 10
854.019912983375
 20
264.902773979485
 10
854.571866523414
 20
261.4806620312428
  0
LWPOLYLINE
  5
368
330
1F
100
AcDbEntity
  8
PDF_RICKLEE_COAXCABLE
370
     0
100
AcDbPolyline
 90
        2
 70
     0
 43
0.0
 10
855.0134293554453
 20
259.6040199951101
 10
855.6757736034922
 20
255.8507359228446
  0
LWPOLYLINE
  5
369
330
1F
100
AcDbEntity
  8
PDF_RICKLEE_COAXCABLE
370
     0
100
AcDbPolyline
 90
        2
 70
     0
 43
0.0
 10
856.0069457275156
 20
254.0844845947196
 10
856.6692899755624
 20
250.3312005224541
  0
LWPOLYLINE
  5
36A
330
1F
100
AcDbEntity
  8
PDF_RICKLEE_COAXCABLE
370
     0
100
AcDbPolyline
 90
        2
 70
     0
 43
0.0
 10
857.0004620995858
 20
248.5649491943291
 10
857.7731970556406
 20
244.8116651220636
  0
LWPOLYLINE
  5
36B
330
1F
100
AcDbEntity
  8
PDF_RICKLEE_COAXCABLE
370
     0
100
AcDbPolyline
 90
        2
 70
     0
 43
0.0
 10
858.104369179664
 20
243.0454137939387
 10
858.766713427711
 20
239.2921297216731
  0
LWPOLYLINE
  5
36C
330
1F
100
AcDbEntity
  8
PDF_RICKLEE_COAXCABLE
370
     0
100
AcDbPolyline
 90
        2
 70
     0
 43
0.0
 10
859.0978855517343
 20
237.5258783935482
 10
859.7602297997811
 20
233.7725943212827
  0
LWPOLYLINE
  5
36D
330
1F
100
AcDbEntity
  8
PDF_RICKLEE_COAXCABLE
370
     0
100
AcDbPolyline
 90
        2
 70
     0
 43
0.0
 10
860.2017926318124
 20
231.8959522851499
 10
860.8641368798593
 20
228.2530589208922
  0
LWPOLYLINE
  5
36E
330
1F
100
AcDbEntity
  8
PDF_RICKLEE_COAXCABLE
370
     0
100
AcDbPolyline
 90
        2
 70
     0
 43
0.0
 10
861.1953090038827
 20
226.3764168847594
 10
861.8576532519295
 20
222.7335235205017
  0
LWPOLYLINE
  5
36F
330
1F
100
AcDbEntity
  8
PDF_RICKLEE_COAXCABLE
370
     0
100
AcDbPolyline
 90
        2
 70
     0
 43
0.0
 10
862.188825375953
 20
220.8568814843689
 10
862.9615603320075
 20
217.2139881201113
  0
LWPOLYLINE
  5
370
330
1F
100
AcDbEntity
  8
PDF_RICKLEE_COAXCABLE
370
     0
100
AcDbPolyline
 90
        2
 70
     0
 43
0.0
 10
863.2927324560311
 20
215.3373460839785
 10
863.9550767040779
 20
211.6944527197208
  0
LWPOLYLINE
  5
371
330
1F
100
AcDbEntity
  8
PDF_RICKLEE_COAXCABLE
370
     0
100
AcDbPolyline
 90
        3
 70
     0
 43
0.0
 10
864.2862488281014
 20
209.817810683588
 10
864.9485930761482
 20
206.3956987353459
 10
862.188825375953
 20
205.2917916552678
  0
LWPOLYLINE
  5
373
330
1F
100
AcDbEntity
  8
PDF_RICKLEE_COAXCABLE
370
     0
100
AcDbPolyline
 90
        2
 70
     0
 43
0.0
 10
860.5329647558358
 20
204.5190566992131
 10
857.0004620995858
 20
203.0839774951116
  0
LWPOLYLINE
  5
374
330
1F
100
AcDbEntity
  8
PDF_RICKLEE_COAXCABLE
370
     0
100
AcDbPolyline
 90
        2
 70
     0
 43
0.0
 10
855.234210771461
 20
202.4216332470647
 10
851.8120988232189
 20
200.9865540429632
  0
LWPOLYLINE
  5
375
330
1F
100
AcDbEntity
  8
PDF_RICKLEE_COAXCABLE
370
     0
100
AcDbPolyline
 90
        2
 70
     0
 43
0.0
 10
850.0458474950939
 20
200.3242097949164
 10
846.6237355468518
 20
198.8891305908148
  0
LWPOLYLINE
  5
376
330
1F
100
AcDbEntity
  8
PDF_RICKLEE_COAXCABLE
370
     0
100
AcDbPolyline
 90
        3
 70
     0
 43
0.0
 10
844.8574842187268
 20
198.1163956347602
 10
842.0977165185316
 20
197.0124885546821
 10
839.4483395263442
 20
195.7981907665962
  0
LWPOLYLINE
  5
377
330
1F
100
AcDbEntity
  8
PDF_Level 21
370
     9
100
AcDbPolyline
 90
        5
 70
     0
 43
0.0
 10
788.558223134744
 20
660.8742436034974
 10
787.4543160546659
 20
656.6793966992008
 10
785.9088461425566
 20
660.543071479474
 10
785.7984554345488
 20
656.3482245751772
 10
783.2594691503692
 20
659.7703365234194
  0
LWPOLYLINE
  5
379
330
1F
100
AcDbEntity
  8
PDF_Level 22
370
     9
100
AcDbPolyline
 90
        4
 70
     1
 43
0.0
 10
783.0386877343535
 20
660.543071479474
 10
781.9347806542755
 20
665.9522161718566
 10
787.2335346386503
 20
667.0561232519348
 10
788.4478324267362
 20
661.6469785595523
  0
LWPOLYLINE
  5
37A
330
1F
100
AcDbEntity
  8
PDF_Level 22
370
     9
100
AcDbPolyline
 90
        4
 70
     0
 43
0.0
 10
784.6945483544707
 20
661.6469785595523
 10
784.4737669384551
 20
661.8677599755678
 10
784.0322041064238
 20
662.0885413915835
 10
786.9023625146269
 20
662.7508856396302
  0
LWPOLYLINE
  5
37B
330
1F
100
AcDbEntity
  8
PDF_Level 22
370
     9
100
AcDbPolyline
 90
        4
 70
     0
 43
0.0
 10
786.3504089745878
 20
665.2898719238098
 10
783.4802505663848
 20
664.7379183837708
 10
785.688064726541
 20
663.8547927197085
 10
785.2465018945097
 20
665.731434755841
  0
LWPOLYLINE
  5
37C
330
1F
100
AcDbEntity
  8
PDF_Level 22
370
     9
100
AcDbPolyline
 90
        8
 70
     1
 43
0.0
 10
735.1291204589642
 20
836.1746879198991
 10
732.8109155908002
 20
835.62273437986
 10
731.4862270947066
 20
833.6357016357194
 10
732.0381806347455
 20
831.3174967675553
 10
734.0252133788862
 20
830.1031989794694
 10
736.3434182470501
 20
830.5447618115007
 10
737.6681067431438
 20
832.5317945556411
 10
737.1161532031049
 20
834.8499994238052
  0
LWPOLYLINE
  5
37D
330
1F
100
AcDbEntity
  8
PDF_Level 22
370
     9
100
AcDbPolyline
 90
        4
 70
     0
 43
0.0
 10
734.0252133788862
 20
831.4278874755633
 10
733.8044319628705
 20
831.6486688915787
 10
733.3628691308392
 20
831.8694503075944
 10
736.2330275390424
 20
832.4214038476334
  0
LWPOLYLINE
  5
37E
330
1F
100
AcDbEntity
  8
PDF_Level 22
370
     9
100
AcDbPolyline
 90
        3
 70
     0
 43
0.0
 10
733.1420877148237
 20
832.9733573876724
 10
732.8109155908002
 20
834.2980458837661
 10
735.9018554150188
 20
833.9668737597428
  0
LWPOLYLINE
  5
37F
330
1F
100
AcDbEntity
  8
PDF_Level 22
370
     9
100
AcDbPolyline
 90
        8
 70
     1
 43
0.0
 10
741.7525629394328
 20
805.3756803857202
 10
739.4343580712687
 20
804.9341175536889
 10
738.109669575175
 20
802.9470848095483
 10
738.6616231152141
 20
800.6288799413844
 10
740.6486558593546
 20
799.3041914452906
 10
742.9668607275186
 20
799.8561449853296
 10
744.1811585156046
 20
801.8431777294702
 10
743.7395956835733
 20
804.1613825976341
  0
LWPOLYLINE
  5
380
330
1F
100
AcDbEntity
  8
PDF_Level 22
370
     9
100
AcDbPolyline
 90
       14
 70
     0
 43
0.0
 10
740.7590465673625
 20
800.6288799413844
 10
740.6486558593546
 20
800.6288799413844
 10
740.3174837353312
 20
800.7392706493922
 10
740.2070930273234
 20
800.7392706493922
 10
739.9863116113079
 20
800.9600520654078
 10
739.9863116113079
 20
801.2912241894312
 10
739.9863116113079
 20
801.6223963134546
 10
740.0967023193157
 20
801.7327870214623
 10
740.4278744433391
 20
801.8431777294702
 10
740.6486558593546
 20
801.953568437478
 10
740.9798279833782
 20
801.8431777294702
 10
741.4213908154094
 20
801.7327870214623
 10
742.9668607275186
 20
801.0704427734156
 10
742.6356886034953
 20
802.505521977517
  0
LWPOLYLINE
  5
381
330
1F
100
AcDbEntity
  8
PDF_Level 22
370
     9
100
AcDbPolyline
 90
       16
 70
     1
 43
0.0
 10
739.5447487792766
 20
803.0574755175562
 10
739.7655301952923
 20
802.7263033935328
 10
740.2070930273234
 20
802.6159126855249
 10
740.8694372753704
 20
802.7263033935328
 10
741.3110001074016
 20
802.8366941015406
 10
741.9733443554484
 20
803.0574755175562
 10
742.3045164794719
 20
803.3886476415796
 10
742.4149071874796
 20
803.719819765603
 10
742.3045164794719
 20
803.8302104736107
 10
742.1941257714641
 20
804.1613825976341
 10
741.7525629394328
 20
804.271773305642
 10
740.9798279833782
 20
804.1613825976341
 10
740.6486558593546
 20
804.1613825976341
 10
739.9863116113079
 20
803.8302104736107
 10
739.5447487792766
 20
803.6094290575952
 10
739.5447487792766
 20
803.2782569335719
  0
LWPOLYLINE
  5
382
330
1F
100
AcDbEntity
  8
PDF_Level 21
370
     9
100
AcDbPolyline
 90
        5
 70
     0
 43
0.0
 10
752.5708523241982
 20
738.1477392089641
 10
748.2656147118936
 20
739.2516462890423
 10
752.1292894921669
 20
740.6867254931437
 10
748.0448332958779
 20
740.9075069091593
 10
751.4669452441201
 20
743.4464931933389
  0
LWPOLYLINE
  5
384
330
1F
100
AcDbEntity
  8
PDF_Level 22
370
     9
100
AcDbPolyline
 90
        8
 70
     1
 43
0.0
 10
720.0055934618943
 20
882.6491759911869
 10
719.5640306298631
 20
884.9673808593506
 10
717.5769978857225
 20
886.2920693554444
 10
715.2587930175585
 20
885.8505065234133
 10
713.9341045214648
 20
883.8634737792727
 10
714.4860580615038
 20
881.5452689111086
 10
716.3627000976366
 20
880.2205804150148
 10
718.6809049658006
 20
880.6621432470462
  0
LWPOLYLINE
  5
385
330
1F
100
AcDbEntity
  8
PDF_Level 22
370
     9
100
AcDbPolyline
 90
        4
 70
     0
 43
0.0
 10
715.3691837255664
 20
883.8634737792727
 10
715.4795744335741
 20
883.9738644872804
 10
715.7003558495897
 20
884.4154273193117
 10
716.2523093896289
 20
881.6556596191164
  0
LWPOLYLINE
  5
386
330
1F
100
AcDbEntity
  8
PDF_Level 22
370
     9
100
AcDbPolyline
 90
        3
 70
     0
 43
0.0
 10
716.8042629296678
 20
884.6362087353272
 10
718.2393421337693
 20
884.9673808593506
 10
717.7977793017381
 20
881.9868317431398
  0
LWPOLYLINE
  5
387
330
1F
100
AcDbEntity
  8
PDF_Level 21
370
     9
100
AcDbPolyline
 90
        5
 70
     0
 43
0.0
 10
716.9146536376756
 20
263.9092576074146
 10
719.7848120458787
 20
267.2209788476489
 10
719.4536399218552
 20
263.13652265136
 10
721.330281957988
 20
266.7794160156177
 10
722.1030169140427
 20
262.4741784033131
  0
LWPOLYLINE
  5
389
330
1F
100
AcDbEntity
  8
PDF_RICKLEE_COAXCABLE
370
     0
100
AcDbPolyline
 90
        2
 70
     0
 43
0.0
 10
703.5573779687307
 20
222.1815699804627
 10
704.4405036327932
 20
218.9802394482362
  0
LWPOLYLINE
  5
38A
330
1F
100
AcDbEntity
  8
PDF_RICKLEE_COAXCABLE
370
     0
100
AcDbPolyline
 90
        2
 70
     0
 43
0.0
 10
704.8820664648244
 20
217.1035974121034
 10
705.9859735449025
 20
213.5710947558535
  0
LWPOLYLINE
  5
38B
330
1F
100
AcDbEntity
  8
PDF_RICKLEE_COAXCABLE
370
     0
100
AcDbPolyline
 90
        2
 70
     0
 43
0.0
 10
706.4275363769337
 20
211.6944527197208
 10
707.421052749004
 20
208.1619500634709
  0
LWPOLYLINE
  5
38C
330
1F
100
AcDbEntity
  8
PDF_RICKLEE_COAXCABLE
370
     0
100
AcDbPolyline
 90
        2
 70
     0
 43
0.0
 10
707.9730062890432
 20
206.2853080273381
 10
708.9665226611134
 20
202.7528053710882
  0
LWPOLYLINE
  5
38D
330
1F
100
AcDbEntity
  8
PDF_RICKLEE_COAXCABLE
370
     0
100
AcDbPolyline
 90
        2
 70
     0
 43
0.0
 10
709.5184762011524
 20
200.8761633349554
 10
710.4016018652149
 20
197.6748328027289
  0
LWPOLYLINE
  5
38E
330
1F
100
AcDbEntity
  8
PDF_Level 22
370
     9
100
AcDbPolyline
 90
        8
 70
     1
 43
0.0
 10
692.8494792919732
 20
168.8628580126907
 10
690.5312744238092
 20
169.4148115527297
 10
688.4338509716608
 20
168.2005137646438
 10
687.8818974316218
 20
165.9926996044876
 10
689.0961952197077
 20
163.8952761523392
 10
691.4144000878717
 20
163.3433226123002
 10
693.4014328320122
 20
164.5576204003861
 10
694.0637770800591
 20
166.8758252685501
  0
LWPOLYLINE
  5
38F
330
1F
100
AcDbEntity
  8
PDF_Level 22
370
     9
100
AcDbPolyline
 90
        4
 70
     0
 43
0.0
 10
689.7585394677545
 20
165.1095739404251
 10
689.6481487597467
 20
165.3303553564408
 10
689.3169766357233
 20
165.771918188472
 10
692.0767443359185
 20
164.9991832324173
  0
LWPOLYLINE
  5
390
330
1F
100
AcDbEntity
  8
PDF_Level 22
370
     9
100
AcDbPolyline
 90
        3
 70
     0
 43
0.0
 10
689.5377580517389
 20
166.8758252685501
 10
689.9793208837701
 20
168.2005137646438
 10
692.5183071679498
 20
166.5446531445267
  0
LWPOLYLINE
  5
391
330
1F
100
AcDbEntity
  8
PDF_RICKLEE_COAXCABLE
370
     0
100
AcDbPolyline
 90
        2
 70
     0
 43
0.0
 10
773.8762589697054
 20
160.4731642040972
 10
777.6295430419708
 20
162.2394155322221
  0
LWPOLYLINE
  5
392
330
1F
100
AcDbEntity
  8
PDF_RICKLEE_COAXCABLE
370
     0
100
AcDbPolyline
 90
        2
 70
     0
 43
0.0
 10
779.3957943700958
 20
162.9017597802689
 10
782.8179063183378
 20
164.4472296923783
  0
LWPOLYLINE
  5
393
330
1F
100
AcDbEntity
  8
PDF_RICKLEE_COAXCABLE
370
     0
100
AcDbPolyline
 90
        2
 70
     0
 43
0.0
 10
784.4737669384551
 20
165.219964648433
 10
787.8958788866972
 20
166.7654345605423
  0
LWPOLYLINE
  5
394
330
1F
100
AcDbEntity
  8
PDF_RICKLEE_COAXCABLE
370
     0
100
AcDbPolyline
 90
        2
 70
     0
 43
0.0
 10
789.6621302148221
 20
167.538169516597
 10
793.0842421630642
 20
169.0836394287063
  0
LWPOLYLINE
  5
395
330
1F
100
AcDbEntity
  8
PDF_RICKLEE_COAXCABLE
370
     0
100
AcDbPolyline
 90
        2
 70
     0
 43
0.0
 10
794.7401027831813
 20
169.856374384761
 10
798.1622147314234
 20
171.2914535888625
  0
LWPOLYLINE
  5
396
330
1F
100
AcDbEntity
  8
PDF_RICKLEE_COAXCABLE
370
     0
100
AcDbPolyline
 90
        2
 70
     0
 43
0.0
 10
799.9284660595484
 20
172.0641885449171
 10
803.3505780077906
 20
173.6096584570265
  0
LWPOLYLINE
  5
397
330
1F
100
AcDbEntity
  8
PDF_RICKLEE_COAXCABLE
370
     0
100
AcDbPolyline
 90
        2
 70
     0
 43
0.0
 10
805.0064386279077
 20
174.3823934130811
 10
808.4285505761497
 20
175.9278633251905
  0
LWPOLYLINE
  5
398
330
1F
100
AcDbEntity
  8
PDF_RICKLEE_COAXCABLE
370
     0
100
AcDbPolyline
 90
        2
 70
     0
 43
0.0
 10
810.1948019042747
 20
176.7005982812451
 10
813.9480859765402
 20
178.3564589013623
  0
LWPOLYLINE
  5
399
330
1F
100
AcDbEntity
  8
PDF_Level 22
370
     9
100
AcDbPolyline
 90
        8
 70
     1
 43
0.0
 10
774.2074310937288
 20
159.2588664160112
 10
773.3243054296663
 20
161.4666805761674
 10
771.11649126951
 20
162.3498062402299
 10
768.9086771093538
 20
161.4666805761674
 10
768.0255514452915
 20
159.2588664160112
 10
768.9086771093538
 20
157.051052255855
 10
771.11649126951
 20
156.1679265917926
 10
773.3243054296663
 20
157.051052255855
  0
LWPOLYLINE
  5
39A
330
1F
100
AcDbEntity
  8
PDF_Level 22
370
     9
100
AcDbPolyline
 90
       14
 70
     0
 43
0.0
 10
769.3502399413852
 20
159.3692571240191
 10
769.2398492333774
 20
159.4796478320269
 10
769.2398492333774
 20
159.7004292480425
 10
769.2398492333774
 20
159.9212106640581
 10
769.460630649393
 20
160.1419920800737
 10
769.7918027734163
 20
160.2523827880815
 10
770.012584189432
 20
160.2523827880815
 10
770.2333656054477
 20
160.1419920800737
 10
770.4541470214633
 20
159.9212106640581
 10
770.5645377294711
 20
159.7004292480425
 10
770.5645377294711
 20
159.3692571240191
 10
770.4541470214633
 20
158.9276942919878
 10
770.1229748974399
 20
157.2718336718707
 10
771.4476633935336
 20
157.8237872119097
  0
LWPOLYLINE
  5
39B
330
1F
100
AcDbEntity
  8
PDF_Level 22
370
     9
100
AcDbPolyline
 90
       15
 70
     0
 43
0.0
 10
771.0061005615023
 20
160.8043363281206
 10
772.1100076415804
 20
161.2458991601518
 10
771.9996169335725
 20
160.0316013720659
 10
772.2203983495882
 20
160.1419920800737
 10
772.4411797656039
 20
160.0316013720659
 10
772.6619611816195
 20
159.9212106640581
 10
772.882742597635
 20
159.5900385400347
 10
772.9931333056429
 20
159.3692571240191
 10
773.1035240136507
 20
158.9276942919878
 10
772.9931333056429
 20
158.5965221679644
 10
772.7723518896273
 20
158.3757407519488
 10
772.4411797656039
 20
158.265350043941
 10
772.1100076415804
 20
158.265350043941
 10
771.9996169335725
 20
158.3757407519488
 10
771.778835517557
 20
158.5965221679644
  0
LWPOLYLINE
  5
39C
330
1F
100
AcDbEntity
  8
PDF_Level 21
370
     9
100
AcDbPolyline
 90
        5
 70
     0
 43
0.0
 10
844.9678749267347
 20
195.0254558105415
 10
849.2731125390392
 20
194.8046743945259
 10
845.8510005907971
 20
192.4864695263619
 10
849.9354567870861
 20
193.2592044824166
 10
847.0652983788831
 20
190.0578739501901
  0
LWPOLYLINE
  5
39E
330
1F
100
AcDbEntity
  8
PDF_Level 35
370
     9
100
AcDbPolyline
 90
        2
 70
     0
 43
0.0
 10
740.8694372753704
 20
146.8951071191366
 10
739.7655301952923
 20
148.8821398632772
  0
LWPOLYLINE
  5
39F
330
1F
100
AcDbEntity
  8
PDF_Level 35
370
     9
100
AcDbPolyline
 90
        2
 70
     0
 43
0.0
 10
740.7590465673625
 20
146.8951071191366
 10
739.6551394872845
 20
148.6613584472615
  0
LWPOLYLINE
  5
3A0
330
1F
100
AcDbEntity
  8
PDF_Level 35
370
     9
100
AcDbPolyline
 90
        2
 70
     0
 43
0.0
 10
740.5382651513469
 20
146.8951071191366
 10
739.5447487792766
 20
148.5509677392537
  0
LWPOLYLINE
  5
3A1
330
1F
100
AcDbEntity
  8
PDF_Level 35
370
     9
100
AcDbPolyline
 90
        5
 70
     0
 43
0.0
 10
739.4343580712687
 20
148.4405770312459
 10
740.6486558593546
 20
149.1029212792928
 10
741.5317815234171
 20
147.5574513671834
 10
740.3174837353312
 20
146.8951071191366
 10
739.4343580712687
 20
148.3301863232381
  0
LWPOLYLINE
  5
3A2
330
1F
100
AcDbEntity
  8
PDF_Level 35
370
     9
100
AcDbPolyline
 90
        5
 70
     0
 43
0.0
 10
741.5317815234171
 20
147.7782327831991
 10
740.0967023193157
 20
146.8951071191366
 10
739.4343580712687
 20
148.1094049072225
 10
740.8694372753704
 20
148.992530571285
 10
741.6421722314249
 20
147.8886234912069
  0
LWPOLYLINE
  5
3A3
330
1F
100
AcDbEntity
  8
PDF_Level 35
370
     9
100
AcDbPolyline
 90
        4
 70
     0
 43
0.0
 10
739.8759209033
 20
147.1158885351522
 10
739.4343580712687
 20
147.8886234912069
 10
741.0902186913859
 20
148.8821398632772
 10
741.6421722314249
 20
148.1094049072225
  0
LWPOLYLINE
  5
3A4
330
1F
100
AcDbEntity
  8
PDF_Level 35
370
     9
100
AcDbPolyline
 90
        2
 70
     0
 43
0.0
 10
741.2006093993937
 20
147.1158885351522
 10
740.0967023193157
 20
148.992530571285
  0
LWPOLYLINE
  5
3A5
330
1F
100
AcDbEntity
  8
PDF_Level 35
370
     9
100
AcDbPolyline
 90
        2
 70
     0
 43
0.0
 10
741.3110001074016
 20
147.22627924316
 10
740.2070930273234
 20
149.1029212792928
  0
LWPOLYLINE
  5
3A6
330
1F
100
AcDbEntity
  8
PDF_Level 35
370
     9
100
AcDbPolyline
 90
        2
 70
     0
 43
0.0
 10
741.4213908154094
 20
147.4470606591756
 10
740.4278744433391
 20
149.1029212792928
  0
LWPOLYLINE
  5
3AA
330
1F
100
AcDbEntity
  8
PDF_Level 35
370
     9
100
AcDbPolyline
 90
        2
 70
     0
 43
0.0
 10
741.0902186913859
 20
147.0054978271444
 10
739.8759209033
 20
148.8821398632772
  0
CIRCLE
  5
3AB
330
1F
100
AcDbEntity
  8
PDF_Level 35
370
     9
100
AcDbCircle
 10
740.6229953603108
 20
148.0583646705292
 30
0.0
 40
1.159220452401347
  0
LWPOLYLINE
  5
3AC
330
1F
100
AcDbEntity
  8
PDF_Level 35
370
     9
100
AcDbPolyline
 90
        2
 70
     0
 43
0.0
 10
739.6551394872845
 20
147.22627924316
 10
741.5317815234171
 20
148.3301863232381
  0
LWPOLYLINE
  5
3AD
330
1F
100
AcDbEntity
  8
PDF_Level 35
370
     9
100
AcDbPolyline
 90
        2
 70
     0
 43
0.0
 10
741.5317815234171
 20
148.2197956152303
 10
739.7655301952923
 20
147.1158885351522
  0
LWPOLYLINE
  5
3AE
330
1F
100
AcDbEntity
  8
PDF_Level 35
370
     9
100
AcDbPolyline
 90
        2
 70
     0
 43
0.0
 10
741.6421722314249
 20
147.9990141992147
 10
739.8759209033
 20
147.0054978271444
  0
LWPOLYLINE
  5
3B1
330
1F
100
AcDbEntity
  8
PDF_Level 35
370
     9
100
AcDbPolyline
 90
        2
 70
     0
 43
0.0
 10
741.4213908154094
 20
147.3366699511678
 10
740.6486558593546
 20
146.8951071191366
  0
LWPOLYLINE
  5
3B2
330
1F
100
AcDbEntity
  8
PDF_Level 35
370
     9
100
AcDbPolyline
 90
        2
 70
     0
 43
0.0
 10
739.4343580712687
 20
147.5574513671834
 10
741.3110001074016
 20
148.6613584472615
  0
LWPOLYLINE
  5
3B3
330
1F
100
AcDbEntity
  8
PDF_Level 35
370
     9
100
AcDbPolyline
 90
        2
 70
     0
 43
0.0
 10
741.2006093993937
 20
148.7717491552693
 10
739.4343580712687
 20
147.7782327831991
  0
LWPOLYLINE
  5
3B7
330
1F
100
AcDbEntity
  8
PDF_Level 35
370
     9
100
AcDbPolyline
 90
        2
 70
     0
 43
0.0
 10
740.3174837353312
 20
149.1029212792928
 10
739.5447487792766
 20
148.6613584472615
  0
LWPOLYLINE
  5
3B8
330
1F
100
AcDbEntity
  8
PDF_Level 35
370
     9
100
AcDbPolyline
 90
        2
 70
     0
 43
0.0
 10
741.4213908154094
 20
148.5509677392537
 10
739.5447487792766
 20
147.4470606591756
  0
LWPOLYLINE
  5
3B9
330
1F
100
AcDbEntity
  8
PDF_RICKLEE_COAXCABLE
370
     0
100
AcDbPolyline
 90
        2
 70
     0
 43
0.0
 10
862.7407789159919
 20
192.7072509423775
 10
863.1823417480232
 20
190.720218198237
  0
LWPOLYLINE
  5
3BA
330
1F
100
AcDbEntity
  8
PDF_RICKLEE_COAXCABLE
370
     0
100
AcDbPolyline
 90
        2
 70
     0
 43
0.0
 10
863.5135138720468
 20
188.8435761621042
 10
864.1758581200935
 20
185.2006827978465
  0
LWPOLYLINE
  5
3BB
330
1F
100
AcDbEntity
  8
PDF_RICKLEE_COAXCABLE
370
     0
100
AcDbPolyline
 90
        2
 70
     0
 43
0.0
 10
864.5070302441169
 20
183.3240407617137
 10
865.1693744921638
 20
179.5707566894482
  0
LWPOLYLINE
  5
3BC
330
1F
100
AcDbEntity
  8
PDF_RICKLEE_COAXCABLE
370
     0
100
AcDbPolyline
 90
        2
 70
     0
 43
0.0
 10
865.5005466161872
 20
177.8045053613232
 10
866.2732815722419
 20
174.0512212890577
  0
LWPOLYLINE
  5
3BD
330
1F
100
AcDbEntity
  8
PDF_RICKLEE_COAXCABLE
370
     0
100
AcDbPolyline
 90
        2
 70
     0
 43
0.0
 10
866.6044536962653
 20
172.2849699609328
 10
867.2667979443122
 20
168.5316858886672
  0
LWPOLYLINE
  5
3BE
330
1F
100
AcDbEntity
  8
PDF_RICKLEE_COAXCABLE
370
     0
100
AcDbPolyline
 90
        2
 70
     0
 43
0.0
 10
867.5979700683356
 20
166.7654345605423
 10
868.2603143163825
 20
163.0121504882768
  0
LWPOLYLINE
  5
3BF
330
1F
100
AcDbEntity
  8
PDF_RICKLEE_COAXCABLE
370
     0
100
AcDbPolyline
 90
        2
 70
     0
 43
0.0
 10
868.7018771484137
 20
161.2458991601518
 10
869.3642213964606
 20
157.4926150878863
  0
LWPOLYLINE
  5
3C0
330
1F
100
AcDbEntity
  8
PDF_RICKLEE_COAXCABLE
370
     0
100
AcDbPolyline
 90
        2
 70
     0
 43
0.0
 10
869.695393520484
 20
155.6159730517535
 10
870.0265656445074
 20
153.628940307613
  0
LWPOLYLINE
  5
3C1
330
1F
100
AcDbEntity
  8
PDF_Level 22
370
     9
100
AcDbPolyline
 90
        8
 70
     1
 43
0.0
 10
871.0200820165777
 20
142.037915966793
 10
873.3382868847417
 20
142.4794787988242
 10
874.7733660888432
 20
144.356120834957
 10
874.3318032568121
 20
146.6743257031209
 10
872.4551612206791
 20
148.1094049072225
 10
870.1369563525151
 20
147.6678420751913
 10
868.7018771484137
 20
145.7912000390585
 10
869.143439980445
 20
143.4729951708945
  0
LWPOLYLINE
  5
3C2
330
1F
100
AcDbEntity
  8
PDF_Level 22
370
     9
100
AcDbPolyline
 90
        4
 70
     0
 43
0.0
 10
872.4551612206791
 20
146.4535442871053
 10
872.565551928687
 20
146.2327628710897
 10
873.0071147607183
 20
146.0119814550741
 10
870.1369563525151
 20
145.5704186230429
  0
LWPOLYLINE
  5
3C3
330
1F
100
AcDbEntity
  8
PDF_Level 22
370
     9
100
AcDbPolyline
 90
        4
 70
     0
 43
0.0
 10
872.675942636695
 20
144.7976836669882
 10
872.7863333447027
 20
144.6872929589804
 10
873.3382868847417
 20
144.356120834957
 10
870.4681284765387
 20
143.9145580029257
  0
LWPOLYLINE
  5
3C4
330
1F
100
AcDbEntity
  8
PDF_Level 1
370
     9
100
AcDbPolyline
 90
        2
 70
     0
 43
0.0
 10
872.1239890966558
 20
142.2586973828086
 10
872.565551928687
 20
139.9404925146446
  0
LWPOLYLINE
  5
3C5
330
1F
100
AcDbEntity
  8
PDF_Level 1
370
     9
100
AcDbPolyline
 90
        2
 70
     0
 43
0.0
 10
874.5525846728275
 20
140.271664638668
 10
870.4681284765387
 20
139.6093203906211
  0
LWPOLYLINE
  5
3C6
330
1F
100
AcDbEntity
  8
PDF_Level 21
370
     9
100
AcDbPolyline
 90
        5
 70
     0
 43
0.0
 10
881.5071992773196
 20
98.32319559570045
 10
882.7214970654054
 20
102.5180424999972
 10
884.156576269507
 20
98.65436771972387
 10
884.2669669775148
 20
102.8492146240206
 10
886.8059532616944
 20
99.31671196777072
  0
LWPOLYLINE
  5
3C8
330
1F
100
AcDbEntity
  8
PDF_RICKLEE_NODEDETAILS
370
    13
100
AcDbPolyline
 90
        2
 70
     0
 43
0.0
 10
697.7066704443168
 20
541.8730603710789
 10
755.1098386083777
 20
541.8730603710789
  0
LWPOLYLINE
  5
3C9
330
1F
100
AcDbEntity
  8
PDF_RICKLEE_POWERSUPPLY
370
     9
100
AcDbPolyline
 90
       23
 70
     0
 43
0.0
 10
771.9996169335725
 20
547.2822050634615
 10
771.8892262255648
 20
547.5029864794771
 10
771.6684448095492
 20
547.7237678954927
 10
771.4476633935336
 20
547.7237678954927
 10
771.2268819775179
 20
547.6133771874849
 10
771.0061005615023
 20
547.1718143554538
 10
770.8957098534945
 20
546.3990793993992
 10
770.8957098534945
 20
545.7367351513522
 10
771.0061005615023
 20
545.1847816113131
 10
771.2268819775179
 20
544.8536094872897
 10
771.4476633935336
 20
544.7432187792819
 10
771.5580541015413
 20
544.7432187792819
 10
771.8892262255648
 20
544.8536094872897
 10
771.9996169335725
 20
545.1847816113131
 10
772.1100076415804
 20
545.6263444433444
 10
772.1100076415804
 20
545.7367351513522
 10
771.9996169335725
 20
546.1782979833835
 10
771.8892262255648
 20
546.3990793993992
 10
771.5580541015413
 20
546.6198608154147
 10
771.4476633935336
 20
546.6198608154147
 10
771.2268819775179
 20
546.3990793993992
 10
771.0061005615023
 20
546.1782979833835
 10
770.8957098534945
 20
545.7367351513522
  0
LWPOLYLINE
  5
3CA
330
1F
100
AcDbEntity
  8
PDF_RICKLEE_POWERSUPPLY
370
     9
100
AcDbPolyline
 90
        4
 70
     0
 43
0.0
 10
772.882742597635
 20
545.0743909033053
 10
772.7723518896273
 20
544.8536094872897
 10
772.882742597635
 20
544.7432187792819
 10
772.9931333056429
 20
544.8536094872897
  0
LWPOLYLINE
  5
3CB
330
1F
100
AcDbEntity
  8
PDF_RICKLEE_POWERSUPPLY
370
     9
100
AcDbPolyline
 90
       14
 70
     0
 43
0.0
 10
773.7658682616975
 20
546.9510329394381
 10
773.7658682616975
 20
547.1718143554538
 10
773.8762589697054
 20
547.3925957714693
 10
773.9866496777132
 20
547.5029864794771
 10
774.2074310937288
 20
547.7237678954927
 10
774.5386032177521
 20
547.7237678954927
 10
774.7593846337678
 20
547.5029864794771
 10
774.8697753417757
 20
547.3925957714693
 10
774.8697753417757
 20
547.1718143554538
 10
774.8697753417757
 20
546.8406422314303
 10
774.8697753417757
 20
546.6198608154147
 10
774.64899392576
 20
546.1782979833835
 10
773.6554775536898
 20
544.7432187792819
 10
774.9801660497835
 20
544.7432187792819
  0
LWPOLYLINE
  5
3CC
330
1F
100
AcDbEntity
  8
PDF_RICKLEE_POWERSUPPLY
370
     9
100
AcDbPolyline
 90
       16
 70
     1
 43
0.0
 10
776.0840731298616
 20
547.7237678954927
 10
775.8632917138458
 20
547.5029864794771
 10
775.6425102978303
 20
547.1718143554538
 10
775.5321195898225
 20
546.3990793993992
 10
775.5321195898225
 20
546.0679072753756
 10
775.6425102978303
 20
545.2951723193209
 10
775.8632917138458
 20
544.8536094872897
 10
776.0840731298616
 20
544.7432187792819
 10
776.3048545458772
 20
544.7432187792819
 10
776.6360266699006
 20
544.8536094872897
 10
776.7464173779083
 20
545.2951723193209
 10
776.8568080859162
 20
545.9575165673678
 10
776.8568080859162
 20
546.3990793993992
 10
776.7464173779083
 20
547.1718143554538
 10
776.6360266699006
 20
547.5029864794771
 10
776.3048545458772
 20
547.7237678954927
  0
LWPOLYLINE
  5
3CD
330
1F
100
AcDbEntity
  8
PDF_RICKLEE_POWERSUPPLY
370
     9
100
AcDbPolyline
 90
        3
 70
     0
 43
0.0
 10
777.4087616259553
 20
544.7432187792819
 10
778.1814965820099
 20
547.7237678954927
 10
778.9542315380646
 20
544.7432187792819
  0
LWPOLYLINE
  5
3CE
330
1F
100
AcDbEntity
  8
PDF_RICKLEE_POWERSUPPLY
370
     9
100
AcDbPolyline
 90
        2
 70
     0
 43
0.0
 10
777.7399337499787
 20
545.7367351513522
 10
778.6230594140412
 20
545.7367351513522
  0
LWPOLYLINE
  5
3CF
330
1F
100
AcDbEntity
  8
PDF_RICKLEE_POWERSUPPLY
370
     9
100
AcDbPolyline
 90
       11
 70
     0
 43
0.0
 10
769.460630649393
 20
548.9380656835788
 10
769.460630649393
 20
551.9186147997896
 10
770.3437563134555
 20
551.9186147997896
 10
770.5645377294711
 20
551.6978333837739
 10
770.6749284374788
 20
551.5874426757661
 10
770.7853191454867
 20
551.3666612597505
 10
770.7853191454867
 20
550.9250984277193
 10
770.6749284374788
 20
550.5939263036959
 10
770.5645377294711
 20
550.483535595688
 10
770.3437563134555
 20
550.3731448876802
 10
769.460630649393
 20
550.3731448876802
  0
LWPOLYLINE
  5
3D0
330
1F
100
AcDbEntity
  8
PDF_RICKLEE_POWERSUPPLY
370
     9
100
AcDbPolyline
 90
       20
 70
     0
 43
0.0
 10
772.7723518896273
 20
551.4770519677584
 10
772.5515704736117
 20
551.6978333837739
 10
772.2203983495882
 20
551.9186147997896
 10
771.8892262255648
 20
551.9186147997896
 10
771.5580541015413
 20
551.6978333837739
 10
771.4476633935336
 20
551.4770519677584
 10
771.4476633935336
 20
551.145879843735
 10
771.5580541015413
 20
550.9250984277193
 10
771.5580541015413
 20
550.8147077197114
 10
771.778835517557
 20
550.5939263036959
 10
772.330789057596
 20
550.3731448876802
 10
772.5515704736117
 20
550.2627541796723
 10
772.6619611816195
 20
550.0419727636567
 10
772.7723518896273
 20
549.8211913476411
 10
772.7723518896273
 20
549.37962851561
 10
772.5515704736117
 20
549.0484563915865
 10
772.2203983495882
 20
548.9380656835788
 10
771.8892262255648
 20
548.9380656835788
 10
771.5580541015413
 20
549.0484563915865
 10
771.4476633935336
 20
549.37962851561
  0
LWPOLYLINE
  5
3D1
330
1F
100
AcDbEntity
  8
PDF_RICKLEE_POWERSUPPLY
370
     9
100
AcDbPolyline
 90
        4
 70
     0
 43
0.0
 10
773.3243054296663
 20
551.3666612597505
 10
773.4346961376741
 20
551.4770519677584
 10
773.7658682616975
 20
551.9186147997896
 10
773.7658682616975
 20
548.9380656835788
  0
LWPOLYLINE
  5
3D2
330
1F
100
AcDbEntity
  8
PDF_RICKLEE_POWERSUPPLY
370
     9
100
AcDbPolyline
 90
       14
 70
     0
 43
0.0
 10
774.8697753417757
 20
551.145879843735
 10
774.8697753417757
 20
551.3666612597505
 10
774.9801660497835
 20
551.5874426757661
 10
775.0905567577913
 20
551.6978333837739
 10
775.2009474657991
 20
551.9186147997896
 10
775.6425102978303
 20
551.9186147997896
 10
775.8632917138458
 20
551.6978333837739
 10
775.8632917138458
 20
551.5874426757661
 10
775.9736824218537
 20
551.3666612597505
 10
775.9736824218537
 20
551.0354891357271
 10
775.8632917138458
 20
550.8147077197114
 10
775.7529010058381
 20
550.3731448876802
 10
774.7593846337678
 20
548.9380656835788
 10
776.0840731298616
 20
548.9380656835788
  0
LWPOLYLINE
  5
3D3
330
1F
100
AcDbEntity
  8
PDF_RICKLEE_POWERSUPPLY
370
     9
100
AcDbPolyline
 90
       16
 70
     1
 43
0.0
 10
777.1879802099397
 20
551.9186147997896
 10
776.967198793924
 20
551.6978333837739
 10
776.7464173779083
 20
551.3666612597505
 10
776.6360266699006
 20
550.5939263036959
 10
776.6360266699006
 20
550.1523634716646
 10
776.7464173779083
 20
549.4900192236177
 10
776.967198793924
 20
549.0484563915865
 10
777.1879802099397
 20
548.9380656835788
 10
777.4087616259553
 20
548.9380656835788
 10
777.6295430419708
 20
549.0484563915865
 10
777.8503244579865
 20
549.4900192236177
 10
777.9607151659943
 20
550.1523634716646
 10
777.9607151659943
 20
550.5939263036959
 10
777.8503244579865
 20
551.3666612597505
 10
777.6295430419708
 20
551.6978333837739
 10
777.4087616259553
 20
551.9186147997896
  0
LWPOLYLINE
  5
3D4
330
1F
100
AcDbEntity
  8
PDF_RICKLEE_POWERSUPPLY
370
     9
100
AcDbPolyline
 90
        3
 70
     0
 43
0.0
 10
778.5126687060334
 20
548.9380656835788
 10
779.285403662088
 20
551.9186147997896
 10
779.9477479101349
 20
548.9380656835788
  0
LWPOLYLINE
  5
3D5
330
1F
100
AcDbEntity
  8
PDF_RICKLEE_POWERSUPPLY
370
     9
100
AcDbPolyline
 90
        2
 70
     0
 43
0.0
 10
778.8438408300568
 20
549.9315820556489
 10
779.7269664941193
 20
549.9315820556489
  0
CIRCLE
  5
3D6
330
1F
100
AcDbEntity
  8
PDF_RICKLEE_ENDOFTAPOFFBLOCK
370
     0
100
AcDbCircle
 10
856.0963930706197
 20
358.5820082256542
 30
0.0
 40
4.581213833653611
  0
LWPOLYLINE
  5
3D7
330
1F
100
AcDbEntity
  8
PDF_RICKLEE_ENDOFTAPOFFBLOCK
370
     0
100
AcDbPolyline
 90
        2
 70
     0
 43
0.0
 10
851.4809266991955
 20
358.5140943701074
 10
860.6433554638435
 20
358.4037036620996
  0
CIRCLE
  5
3D8
330
1F
100
AcDbEntity
  8
PDF_RICKLEE_ENDOFTAPOFFBLOCK
370
     0
100
AcDbCircle
 10
817.0164540886927
 20
602.5553833807015
 30
0.0
 40
4.58121383364804
  0
LWPOLYLINE
  5
3D9
330
1F
100
AcDbEntity
  8
PDF_RICKLEE_ENDOFTAPOFFBLOCK
370
     0
100
AcDbPolyline
 90
        2
 70
     0
 43
0.0
 10
812.292225356423
 20
602.4775590673664
 10
821.4546541210712
 20
602.4775590673664
  0
LWPOLYLINE
  5
3DA
330
1F
100
AcDbEntity
  8
PDF_Level 35
370
     9
100
AcDbPolyline
 90
        2
 70
     0
 43
0.0
 10
722.9861425781052
 20
887.0648043114991
 10
721.8822354980272
 20
888.9414463476319
  0
LWPOLYLINE
  5
3DB
330
1F
100
AcDbEntity
  8
PDF_Level 35
370
     9
100
AcDbPolyline
 90
        2
 70
     0
 43
0.0
 10
722.7653611620895
 20
887.0648043114991
 10
721.7718447900193
 20
888.8310556396241
  0
LWPOLYLINE
  5
3DC
330
1F
100
AcDbEntity
  8
PDF_Level 35
370
     9
100
AcDbPolyline
 90
        3
 70
     0
 43
0.0
 10
723.4277054101364
 20
887.5063671435304
 10
722.6549704540818
 20
887.0648043114991
 10
721.6614540820114
 20
888.7206649316162
  0
LWPOLYLINE
  5
3DD
330
1F
100
AcDbEntity
  8
PDF_Level 35
370
     9
100
AcDbPolyline
 90
        4
 70
     0
 43
0.0
 10
723.5380961181443
 20
887.7271485595461
 10
722.4341890380661
 20
887.0648043114991
 10
721.5510633740036
 20
888.4998835156007
 10
722.6549704540818
 20
889.2726184716552
  0
LWPOLYLINE
  5
3DE
330
1F
100
AcDbEntity
  8
PDF_Level 35
370
     9
100
AcDbPolyline
 90
        5
 70
     0
 43
0.0
 10
722.1030169140427
 20
887.0648043114991
 10
721.4406726659959
 20
888.2791020995851
 10
722.9861425781052
 20
889.1622277636475
 10
723.648486826152
 20
887.9479299755617
 10
722.2134076220505
 20
887.0648043114991
  0
LWPOLYLINE
  5
3DF
330
1F
100
AcDbEntity
  8
PDF_Level 35
370
     9
100
AcDbPolyline
 90
        4
 70
     0
 43
0.0
 10
723.648486826152
 20
888.3894928075928
 10
721.8822354980272
 20
887.2855857275146
 10
721.4406726659959
 20
888.0583206835694
 10
723.096533286113
 20
889.0518370556396
  0
LWPOLYLINE
  5
3E0
330
1F
100
AcDbEntity
  8
PDF_Level 35
370
     9
100
AcDbPolyline
 90
        2
 70
     0
 43
0.0
 10
723.3173147021286
 20
887.2855857275146
 10
722.2134076220505
 20
889.1622277636475
  0
LWPOLYLINE
  5
3E1
330
1F
100
AcDbEntity
  8
PDF_Level 35
370
     9
100
AcDbPolyline
 90
        2
 70
     0
 43
0.0
 10
723.4277054101364
 20
887.3959764355227
 10
722.3237983300584
 20
889.2726184716552
  0
LWPOLYLINE
  5
3E2
330
1F
100
AcDbEntity
  8
PDF_Level 35
370
     9
100
AcDbPolyline
 90
        2
 70
     0
 43
0.0
 10
723.5380961181443
 20
887.6167578515383
 10
722.5445797460739
 20
889.2726184716552
  0
LWPOLYLINE
  5
3E3
330
1F
100
AcDbEntity
  8
PDF_Level 35
370
     9
100
AcDbPolyline
 90
        2
 70
     0
 43
0.0
 10
723.648486826152
 20
887.7271485595461
 10
722.7653611620895
 20
889.2726184716552
  0
LWPOLYLINE
  5
3E5
330
1F
100
AcDbEntity
  8
PDF_Level 35
370
     9
100
AcDbPolyline
 90
        2
 70
     0
 43
0.0
 10
723.648486826152
 20
888.2791020995851
 10
723.2069239941209
 20
889.0518370556396
  0
LWPOLYLINE
  5
3E6
330
1F
100
AcDbEntity
  8
PDF_Level 35
370
     9
100
AcDbPolyline
 90
        2
 70
     0
 43
0.0
 10
723.096533286113
 20
887.1751950195069
 10
721.9926262060349
 20
889.0518370556396
  0
CIRCLE
  5
3E7
330
1F
100
AcDbEntity
  8
PDF_Level 35
370
     9
100
AcDbCircle
 10
722.6285800063067
 20
888.2581582104732
 30
0.0
 40
1.159220452439899
  0
LWPOLYLINE
  5
3E8
330
1F
100
AcDbEntity
  8
PDF_Level 35
370
     9
100
AcDbPolyline
 90
        2
 70
     0
 43
0.0
 10
721.6614540820114
 20
887.3959764355227
 10
723.648486826152
 20
888.4998835156007
  0
LWPOLYLINE
  5
3EA
330
1F
100
AcDbEntity
  8
PDF_Level 35
370
     9
100
AcDbPolyline
 90
        2
 70
     0
 43
0.0
 10
723.648486826152
 20
888.1687113915772
 10
721.9926262060349
 20
887.1751950195069
  0
LWPOLYLINE
  5
3EE
330
1F
100
AcDbEntity
  8
PDF_Level 35
370
     9
100
AcDbPolyline
 90
        2
 70
     0
 43
0.0
 10
721.5510633740036
 20
887.7271485595461
 10
723.4277054101364
 20
888.8310556396241
  0
LWPOLYLINE
  5
3EF
330
1F
100
AcDbEntity
  8
PDF_Level 35
370
     9
100
AcDbPolyline
 90
        2
 70
     0
 43
0.0
 10
723.3173147021286
 20
888.9414463476319
 10
721.4406726659959
 20
887.9479299755617
  0
LWPOLYLINE
  5
3F3
330
1F
100
AcDbEntity
  8
PDF_Level 35
370
     9
100
AcDbPolyline
 90
        2
 70
     0
 43
0.0
 10
722.4341890380661
 20
889.2726184716552
 10
721.6614540820114
 20
888.8310556396241
  0
LWPOLYLINE
  5
3F4
330
1F
100
AcDbEntity
  8
PDF_Level 35
370
     9
100
AcDbPolyline
 90
        2
 70
     0
 43
0.0
 10
723.5380961181443
 20
888.7206649316162
 10
721.6614540820114
 20
887.6167578515383
  0
LWPOLYLINE
  5
3F5
330
1F
100
AcDbEntity
  8
PDF_RICKLEE_COAXCABLE
370
     0
100
AcDbPolyline
 90
        3
 70
     0
 43
0.0
 10
743.960377099589
 20
134.2001756982385
 10
744.7331120556436
 20
131.8819708300745
 10
743.6292049755656
 20
131.550798706051
  0
LWPOLYLINE
  5
3F6
330
1F
100
AcDbEntity
  8
PDF_RICKLEE_COAXCABLE
370
     0
100
AcDbPolyline
 90
        2
 70
     0
 43
0.0
 10
741.9733443554484
 20
130.8884544580042
 10
738.4408416991986
 20
129.5637659619105
  0
LWPOLYLINE
  5
3F7
330
1F
100
AcDbEntity
  8
PDF_RICKLEE_COAXCABLE
370
     0
100
AcDbPolyline
 90
        2
 70
     0
 43
0.0
 10
736.6745903710736
 20
128.7910310058558
 10
733.1420877148237
 20
127.4663425097621
  0
LWPOLYLINE
  5
3F8
330
1F
100
AcDbEntity
  8
PDF_RICKLEE_COAXCABLE
370
     0
100
AcDbPolyline
 90
        2
 70
     0
 43
0.0
 10
732.0381806347455
 20
128.3494681738246
 10
730.4927107226363
 20
131.7715801220667
  0
LWPOLYLINE
  5
3F9
330
1F
100
AcDbEntity
  8
PDF_RICKLEE_COAXCABLE
370
     0
100
AcDbPolyline
 90
        2
 70
     0
 43
0.0
 10
729.7199757665815
 20
133.4274407421838
 10
728.1745058544722
 20
136.8495526904259
  0
LWPOLYLINE
  5
3FA
330
1F
100
AcDbEntity
  8
PDF_RICKLEE_COAXCABLE
370
     0
100
AcDbPolyline
 90
        3
 70
     0
 43
0.0
 10
727.2913801904097
 20
138.6158040185508
 10
725.966691694316
 20
141.7067438427695
 10
725.6355195702926
 20
141.4859624267539
  0
LWPOLYLINE
  5
3FB
330
1F
100
AcDbEntity
  8
PDF_RICKLEE_COAXCABLE
370
     0
100
AcDbPolyline
 90
        2
 70
     0
 43
0.0
 10
723.8692682421676
 20
140.8236181787071
 10
720.4471562939255
 20
139.2781482665977
  0
LWPOLYLINE
  5
3FC
330
1F
100
AcDbEntity
  8
PDF_RICKLEE_COAXCABLE
370
     0
100
AcDbPolyline
 90
        2
 70
     0
 43
0.0
 10
718.6809049658006
 20
138.505413310543
 10
715.4795744335741
 20
137.1807248144494
  0
LWPOLYLINE
  5
3FD
330
1F
100
AcDbEntity
  8
PDF_RICKLEE_COAXCABLE
370
     0
100
AcDbPolyline
 90
        2
 70
     0
 43
0.0
 10
855.5653828954843
 20
267.2209788476489
 10
859.5394483837655
 20
267.8833230956958
  0
LWPOLYLINE
  5
3FE
330
1F
100
AcDbEntity
  8
PDF_RICKLEE_COAXCABLE
370
     0
100
AcDbPolyline
 90
        3
 70
     0
 43
0.0
 10
861.4160904198982
 20
268.2144952197192
 10
862.4096067919685
 20
268.4352766357349
 10
861.8576532519295
 20
271.0846536279223
  0
LWPOLYLINE
  5
3FF
330
1F
100
AcDbEntity
  8
PDF_RICKLEE_COAXCABLE
370
     0
100
AcDbPolyline
 90
        2
 70
     0
 43
0.0
 10
861.5264811279061
 20
272.8509049560472
 10
860.7537461718514
 20
276.6041890283127
  0
LWPOLYLINE
  5
400
330
1F
100
AcDbEntity
  8
PDF_RICKLEE_COAXCABLE
370
     0
100
AcDbPolyline
 90
        2
 70
     0
 43
0.0
 10
860.422574047828
 20
278.3704403564377
 10
859.6498390917734
 20
282.1237244287032
  0
LWPOLYLINE
  5
401
330
1F
100
AcDbEntity
  8
PDF_RICKLEE_COAXCABLE
370
     0
100
AcDbPolyline
 90
        2
 70
     0
 43
0.0
 10
859.3186669677498
 20
283.8899757568281
 10
858.5459320116953
 20
287.6432598290937
  0
LWPOLYLINE
  5
402
330
1F
100
AcDbEntity
  8
PDF_RICKLEE_COAXCABLE
370
     0
100
AcDbPolyline
 90
        2
 70
     0
 43
0.0
 10
858.104369179664
 20
289.4095111572186
 10
857.4420249316172
 20
293.0524045214763
  0
LWPOLYLINE
  5
403
330
1F
100
AcDbEntity
  8
PDF_RICKLEE_COAXCABLE
370
     0
100
AcDbPolyline
 90
        2
 70
     0
 43
0.0
 10
857.0004620995858
 20
294.9290465576091
 10
856.2277271435313
 20
298.9031120458902
  0
LWPOLYLINE
  5
404
330
1F
100
AcDbEntity
  8
PDF_RICKLEE_COAXCABLE
370
     0
100
AcDbPolyline
 90
        2
 70
     0
 43
0.0
 10
752.1292894921669
 20
134.0897849902307
 10
756.4345271044714
 20
135.63525490234
  0
LWPOLYLINE
  5
405
330
1F
100
AcDbEntity
  8
PDF_RICKLEE_COAXCABLE
370
     0
100
AcDbPolyline
 90
        3
 70
     0
 43
0.0
 10
758.2007784325964
 20
136.2975991503869
 10
759.8566390527135
 20
136.9599433984337
 10
759.3046855126744
 20
138.7261947265587
  0
LWPOLYLINE
  5
406
330
1F
100
AcDbEntity
  8
PDF_RICKLEE_COAXCABLE
370
     0
100
AcDbPolyline
 90
        2
 70
     0
 43
0.0
 10
758.6423412646277
 20
140.4924460546836
 10
757.4280434765418
 20
144.0249487109335
  0
LWPOLYLINE
  5
407
330
1F
100
AcDbEntity
  8
PDF_RICKLEE_COAXCABLE
370
     0
100
AcDbPolyline
 90
        2
 70
     0
 43
0.0
 10
756.8760899365027
 20
145.7912000390585
 10
755.6617921484168
 20
149.4340934033162
  0
LWPOLYLINE
  5
408
330
1F
100
AcDbEntity
  8
PDF_RICKLEE_COAXCABLE
370
     0
100
AcDbPolyline
 90
        3
 70
     0
 43
0.0
 10
755.1098386083777
 20
151.2003447314412
 10
754.7786664843543
 20
151.862688979488
 10
757.5384341845496
 20
153.1873774755817
  0
LWPOLYLINE
  5
409
330
1F
100
AcDbEntity
  8
PDF_RICKLEE_COAXCABLE
370
     0
100
AcDbPolyline
 90
        2
 70
     0
 43
0.0
 10
759.1942948046667
 20
153.9601124316364
 10
762.6164067529088
 20
155.5055823437457
  0
LWPOLYLINE
  5
40A
330
1F
100
AcDbEntity
  8
PDF_RICKLEE_COAXCABLE
370
     0
100
AcDbPolyline
 90
        2
 70
     0
 43
0.0
 10
764.3826580810338
 20
156.2783172998004
 10
768.4671142773226
 20
158.1549593359332
  0
LWPOLYLINE
  5
40B
330
1F
100
AcDbEntity
  8
PDF_RICKLEE_COAXCABLE
370
     0
100
AcDbPolyline
 90
        3
 70
     0
 43
0.0
 10
757.7592156005652
 20
750.4011077978309
 10
757.3176527685339
 20
752.3881405419715
 10
759.5254669286902
 20
752.9400940820105
  0
LWPOLYLINE
  5
40C
330
1F
100
AcDbEntity
  8
PDF_RICKLEE_COAXCABLE
370
     0
100
AcDbPolyline
 90
        2
 70
     0
 43
0.0
 10
761.4021089648229
 20
753.2712662060341
 10
765.0450023290805
 20
754.1543918700965
  0
LWPOLYLINE
  5
40D
330
1F
100
AcDbEntity
  8
PDF_RICKLEE_COAXCABLE
370
     0
100
AcDbPolyline
 90
        2
 70
     0
 43
0.0
 10
765.7073465771275
 20
752.8297033740027
 10
766.4800815331821
 20
749.0764193017374
  0
LWPOLYLINE
  5
40E
330
1F
100
AcDbEntity
  8
PDF_RICKLEE_COAXCABLE
370
     0
100
AcDbPolyline
 90
        2
 70
     0
 43
0.0
 10
766.8112536572055
 20
747.3101679736124
 10
767.5839886132601
 20
743.6672746093545
  0
LWPOLYLINE
  5
40F
330
1F
100
AcDbEntity
  8
PDF_RICKLEE_COAXCABLE
370
     0
100
AcDbPolyline
 90
        2
 70
     0
 43
0.0
 10
768.0255514452915
 20
741.7906325732219
 10
768.7982864013461
 20
738.1477392089641
  0
LWPOLYLINE
  5
410
330
1F
100
AcDbEntity
  8
PDF_RICKLEE_COAXCABLE
370
     0
100
AcDbPolyline
 90
        2
 70
     0
 43
0.0
 10
769.1294585253696
 20
736.2710971728313
 10
769.9021934814242
 20
732.6282038085737
  0
LWPOLYLINE
  5
411
330
1F
100
AcDbEntity
  8
PDF_RICKLEE_COAXCABLE
370
     0
100
AcDbPolyline
 90
        2
 70
     0
 43
0.0
 10
770.3437563134555
 20
730.7515617724409
 10
771.0061005615023
 20
727.1086684081831
  0
LWPOLYLINE
  5
412
330
1F
100
AcDbEntity
  8
PDF_RICKLEE_COAXCABLE
370
     0
100
AcDbPolyline
 90
        2
 70
     0
 43
0.0
 10
771.4476633935336
 20
725.2320263720505
 10
772.2203983495882
 20
721.5891330077927
  0
LWPOLYLINE
  5
413
330
1F
100
AcDbEntity
  8
PDF_RICKLEE_COAXCABLE
370
     0
100
AcDbPolyline
 90
        2
 70
     0
 43
0.0
 10
772.5515704736117
 20
719.7124909716599
 10
773.3243054296663
 20
716.0695976074023
  0
LWPOLYLINE
  5
414
330
1F
100
AcDbEntity
  8
PDF_RICKLEE_COAXCABLE
370
     0
100
AcDbPolyline
 90
        2
 70
     0
 43
0.0
 10
773.7658682616975
 20
714.3033462792772
 10
774.64899392576
 20
709.9981086669727
  0
LWPOLYLINE
  5
415
330
1F
100
AcDbEntity
  8
PDF_Level 35
370
     9
100
AcDbPolyline
 90
        2
 70
     0
 43
0.0
 10
801.4739359716577
 20
534.5872736425635
 10
800.3700288915796
 20
536.4639156786962
  0
LWPOLYLINE
  5
416
330
1F
100
AcDbEntity
  8
PDF_Level 35
370
     9
100
AcDbPolyline
 90
        2
 70
     0
 43
0.0
 10
801.2531545556422
 20
534.4768829345557
 10
800.2596381835719
 20
536.3535249706884
  0
LWPOLYLINE
  5
417
330
1F
100
AcDbEntity
  8
PDF_Level 35
370
     9
100
AcDbPolyline
 90
        3
 70
     0
 43
0.0
 10
801.9154988036889
 20
534.9184457665869
 10
801.1427638476343
 20
534.4768829345557
 10
800.1492474755639
 20
536.1327435546727
  0
LWPOLYLINE
  5
418
330
1F
100
AcDbEntity
  8
PDF_Level 35
370
     9
100
AcDbPolyline
 90
        3
 70
     0
 43
0.0
 10
802.0258895116969
 20
535.1392271826025
 10
800.9219824316186
 20
534.4768829345557
 10
800.0388567675562
 20
535.9119621386571
  0
LWPOLYLINE
  5
419
330
1F
100
AcDbEntity
  8
PDF_Level 35
370
     9
100
AcDbPolyline
 90
        2
 70
     0
 43
0.0
 10
800.5908103075952
 20
534.5872736425635
 10
799.9284660595484
 20
535.6911807226415
  0
LWPOLYLINE
  5
41A
330
1F
100
AcDbEntity
  8
PDF_Level 35
370
     9
100
AcDbPolyline
 90
        3
 70
     0
 43
0.0
 10
802.1362802197046
 20
535.8015714306493
 10
800.3700288915796
 20
534.6976643505713
 10
799.9284660595484
 20
535.4703993066259
  0
LWPOLYLINE
  5
41B
330
1F
100
AcDbEntity
  8
PDF_Level 35
370
     9
100
AcDbPolyline
 90
        2
 70
     0
 43
0.0
 10
801.805108095681
 20
534.6976643505713
 10
800.5908103075952
 20
536.574306386704
  0
LWPOLYLINE
  5
41C
330
1F
100
AcDbEntity
  8
PDF_Level 35
370
     9
100
AcDbPolyline
 90
        2
 70
     0
 43
0.0
 10
801.9154988036889
 20
534.8080550585791
 10
800.8115917236109
 20
536.6846970947118
  0
LWPOLYLINE
  5
41D
330
1F
100
AcDbEntity
  8
PDF_Level 35
370
     9
100
AcDbPolyline
 90
        2
 70
     0
 43
0.0
 10
802.0258895116969
 20
535.0288364745948
 10
801.0323731396265
 20
536.6846970947118
  0
LWPOLYLINE
  5
41E
330
1F
100
AcDbEntity
  8
PDF_Level 35
370
     9
100
AcDbPolyline
 90
        2
 70
     0
 43
0.0
 10
802.1362802197046
 20
535.2496178906103
 10
801.2531545556422
 20
536.6846970947118
  0
LWPOLYLINE
  5
41F
330
1F
100
AcDbEntity
  8
PDF_Level 35
370
     9
100
AcDbPolyline
 90
        3
 70
     0
 43
0.0
 10
802.1362802197046
 20
535.4703993066259
 10
801.4739359716577
 20
536.574306386704
 10
799.9284660595484
 20
535.8015714306493
  0
LWPOLYLINE
  5
420
330
1F
100
AcDbEntity
  8
PDF_Level 35
370
     9
100
AcDbPolyline
 90
        2
 70
     0
 43
0.0
 10
802.1362802197046
 20
535.6911807226415
 10
801.6947173876733
 20
536.4639156786962
  0
LWPOLYLINE
  5
421
330
1F
100
AcDbEntity
  8
PDF_Level 35
370
     9
100
AcDbPolyline
 90
        2
 70
     0
 43
0.0
 10
801.5843266796656
 20
534.5872736425635
 10
800.4804195995873
 20
536.574306386704
  0
CIRCLE
  5
422
330
1F
100
AcDbEntity
  8
PDF_Level 35
370
     9
100
AcDbCircle
 10
801.1195739443273
 20
535.655918608507
 30
0.0
 40
1.159220452372262
  0
LWPOLYLINE
  5
423
330
1F
100
AcDbEntity
  8
PDF_Level 35
370
     9
100
AcDbPolyline
 90
        2
 70
     0
 43
0.0
 10
800.1492474755639
 20
534.9184457665869
 10
802.0258895116969
 20
536.0223528466649
  0
LWPOLYLINE
  5
425
330
1F
100
AcDbEntity
  8
PDF_Level 35
370
     9
100
AcDbPolyline
 90
        2
 70
     0
 43
0.0
 10
802.1362802197046
 20
535.5807900146337
 10
800.4804195995873
 20
534.5872736425635
  0
LWPOLYLINE
  5
426
330
1F
100
AcDbEntity
  8
PDF_Level 35
370
     9
100
AcDbPolyline
 90
        2
 70
     0
 43
0.0
 10
802.1362802197046
 20
535.3600085986181
 10
800.7012010156032
 20
534.5872736425635
  0
LWPOLYLINE
  5
429
330
1F
100
AcDbEntity
  8
PDF_Level 35
370
     9
100
AcDbPolyline
 90
        2
 70
     0
 43
0.0
 10
800.0388567675562
 20
535.1392271826025
 10
801.9154988036889
 20
536.2431342626806
  0
LWPOLYLINE
  5
42A
330
1F
100
AcDbEntity
  8
PDF_Level 35
370
     9
100
AcDbPolyline
 90
        2
 70
     0
 43
0.0
 10
801.805108095681
 20
536.4639156786962
 10
799.9284660595484
 20
535.3600085986181
  0
LWPOLYLINE
  5
42B
330
1F
100
AcDbEntity
  8
PDF_Level 35
370
     9
100
AcDbPolyline
 90
        2
 70
     0
 43
0.0
 10
801.5843266796656
 20
536.574306386704
 10
799.9284660595484
 20
535.5807900146337
  0
LWPOLYLINE
  5
42D
330
1F
100
AcDbEntity
  8
PDF_Level 35
370
     9
100
AcDbPolyline
 90
        2
 70
     0
 43
0.0
 10
801.1427638476343
 20
536.6846970947118
 10
800.0388567675562
 20
536.0223528466649
  0
LWPOLYLINE
  5
42E
330
1F
100
AcDbEntity
  8
PDF_Level 35
370
     9
100
AcDbPolyline
 90
        2
 70
     0
 43
0.0
 10
800.9219824316186
 20
536.6846970947118
 10
800.1492474755639
 20
536.2431342626806
  0
LWPOLYLINE
  5
42F
330
1F
100
AcDbEntity
  8
PDF_Level 35
370
     9
100
AcDbPolyline
 90
        2
 70
     0
 43
0.0
 10
802.0258895116969
 20
536.1327435546727
 10
800.0388567675562
 20
535.0288364745948
  0
LWPOLYLINE
  5
430
330
1F
100
AcDbEntity
  8
PDF_RICKLEE_COAXCABLE
370
     0
100
AcDbPolyline
 90
        2
 70
     0
 43
0.0
 10
825.8702824413836
 20
496.612870087877
 10
828.6300501415789
 20
497.164823627916
  0
LWPOLYLINE
  5
431
330
1F
100
AcDbEntity
  8
PDF_RICKLEE_COAXCABLE
370
     0
100
AcDbPolyline
 90
        2
 70
     0
 43
0.0
 10
829.5131758056413
 20
496.060916547838
 10
830.1755200536883
 20
492.4180231835802
  0
LWPOLYLINE
  5
432
330
1F
100
AcDbEntity
  8
PDF_RICKLEE_COAXCABLE
370
     0
100
AcDbPolyline
 90
        2
 70
     0
 43
0.0
 10
830.3963014697039
 20
490.5413811474475
 10
831.0586457177507
 20
486.8984877831898
  0
LWPOLYLINE
  5
433
330
1F
100
AcDbEntity
  8
PDF_RICKLEE_COAXCABLE
370
     0
100
AcDbPolyline
 90
        2
 70
     0
 43
0.0
 10
831.3898178417741
 20
485.021845747057
 10
832.052162089821
 20
481.2685616747915
  0
LWPOLYLINE
  5
434
330
1F
100
AcDbEntity
  8
PDF_RICKLEE_COAXCABLE
370
     0
100
AcDbPolyline
 90
        2
 70
     0
 43
0.0
 10
832.2729435058365
 20
479.5023103466665
 10
832.9352877538834
 20
475.749026274401
  0
LWPOLYLINE
  5
435
330
1F
100
AcDbEntity
  8
PDF_RICKLEE_COAXCABLE
370
     0
100
AcDbPolyline
 90
        2
 70
     0
 43
0.0
 10
833.2664598779068
 20
473.8723842382682
 10
833.9288041259537
 20
470.2294908740106
  0
LWPOLYLINE
  5
436
330
1F
100
AcDbEntity
  8
PDF_RICKLEE_COAXCABLE
370
     0
100
AcDbPolyline
 90
        2
 70
     0
 43
0.0
 10
832.60411562986
 20
469.346365209948
 10
829.0716129736102
 20
468.2424581298699
  0
LWPOLYLINE
  5
437
330
1F
100
AcDbEntity
  8
PDF_RICKLEE_COAXCABLE
370
     0
100
AcDbPolyline
 90
        3
 70
     0
 43
0.0
 10
827.1949709374773
 20
467.8008952978387
 10
824.4352032372821
 20
466.9177696337762
 10
824.6559846532978
 20
466.0346439697137
  0
LWPOLYLINE
  5
438
330
1F
100
AcDbEntity
  8
PDF_RICKLEE_COAXCABLE
370
     0
100
AcDbPolyline
 90
        2
 70
     0
 43
0.0
 10
824.8767660693133
 20
464.2683926415888
 10
825.5391103173602
 20
460.5151085693233
  0
LWPOLYLINE
  5
439
330
1F
100
AcDbEntity
  8
PDF_RICKLEE_COAXCABLE
370
     0
100
AcDbPolyline
 90
        2
 70
     0
 43
0.0
 10
825.8702824413836
 20
458.6384665331905
 10
826.4222359814226
 20
454.9955731689329
  0
LWPOLYLINE
  5
43A
330
1F
100
AcDbEntity
  8
PDF_RICKLEE_COAXCABLE
370
     0
100
AcDbPolyline
 90
        2
 70
     0
 43
0.0
 10
826.7534081054462
 20
453.1189311328001
 10
827.1949709374773
 20
450.3591634326048
  0
LWPOLYLINE
  5
43B
330
1F
100
AcDbEntity
  8
PDF_RICKLEE_COAXCABLE
370
     0
100
AcDbPolyline
 90
        2
 70
     0
 43
0.0
 10
736.1226368310346
 20
149.9860469433552
 10
733.3628691308392
 20
148.6613584472615
  0
LWPOLYLINE
  5
43C
330
1F
100
AcDbEntity
  8
PDF_RICKLEE_COAXCABLE
370
     0
100
AcDbPolyline
 90
        3
 70
     0
 43
0.0
 10
731.5966178027143
 20
147.8886234912069
 10
730.7134921386518
 20
147.5574513671834
 10
729.9407571825971
 20
150.2068283593709
  0
LWPOLYLINE
  5
43D
330
1F
100
AcDbEntity
  8
PDF_RICKLEE_COAXCABLE
370
     0
100
AcDbPolyline
 90
        2
 70
     0
 43
0.0
 10
729.4991943505659
 20
151.9730796874958
 10
728.5056779784956
 20
155.6159730517535
  0
LWPOLYLINE
  5
43E
330
1F
100
AcDbEntity
  8
PDF_RICKLEE_COAXCABLE
370
     0
100
AcDbPolyline
 90
        2
 70
     0
 43
0.0
 10
727.9537244384567
 20
157.3822243798785
 10
726.9602080663863
 20
161.0251177441362
  0
LWPOLYLINE
  5
43F
330
1F
100
AcDbEntity
  8
PDF_RICKLEE_COAXCABLE
370
     0
100
AcDbPolyline
 90
        2
 70
     0
 43
0.0
 10
726.4082545263472
 20
162.7913690722611
 10
725.4147381542771
 20
166.4342624365189
  0
LWPOLYLINE
  5
440
330
1F
100
AcDbEntity
  8
PDF_RICKLEE_COAXCABLE
370
     0
100
AcDbPolyline
 90
        2
 70
     0
 43
0.0
 10
724.9731753222457
 20
168.2005137646438
 10
723.8692682421676
 20
171.8434071289015
  0
LWPOLYLINE
  5
441
330
1F
100
AcDbEntity
  8
PDF_RICKLEE_COAXCABLE
370
     0
100
AcDbPolyline
 90
        2
 70
     0
 43
0.0
 10
723.4277054101364
 20
173.7200491650343
 10
722.4341890380661
 20
177.2525518212842
  0
LWPOLYLINE
  5
442
330
1F
100
AcDbEntity
  8
PDF_RICKLEE_COAXCABLE
370
     0
100
AcDbPolyline
 90
        2
 70
     0
 43
0.0
 10
721.8822354980272
 20
179.1291938574169
 10
720.8887191259568
 20
182.6616965136669
  0
LWPOLYLINE
  5
443
330
1F
100
AcDbEntity
  8
PDF_RICKLEE_COAXCABLE
370
     0
100
AcDbPolyline
 90
        2
 70
     0
 43
0.0
 10
720.3367655859177
 20
184.5383385497996
 10
719.3432492138474
 20
188.0708412060495
  0
LWPOLYLINE
  5
444
330
1F
100
AcDbEntity
  8
PDF_RICKLEE_COAXCABLE
370
     0
100
AcDbPolyline
 90
        3
 70
     0
 43
0.0
 10
718.9016863818162
 20
189.9474832421823
 10
718.0185607177537
 20
192.9280323583931
 10
717.0250443456835
 20
196.5709257226509
  0
LWPOLYLINE
  5
445
330
1F
100
AcDbEntity
  8
PDF_RICKLEE_NODEDETAILS
370
    13
100
AcDbPolyline
 90
        4
 70
     0
 43
0.0
 10
702.5638615966604
 20
544.3016559472507
 10
702.5638615966604
 20
551.145879843735
 10
705.8755828368947
 20
544.3016559472507
 10
705.8755828368947
 20
551.145879843735
  0
LWPOLYLINE
  5
446
330
1F
100
AcDbEntity
  8
PDF_RICKLEE_NODEDETAILS
370
    13
100
AcDbPolyline
 90
       20
 70
     1
 43
0.0
 10
709.0769133691212
 20
551.145879843735
 10
708.6353505370899
 20
550.8147077197114
 10
708.1937877050587
 20
550.1523634716646
 10
707.9730062890432
 20
549.4900192236177
 10
707.7522248730275
 20
548.4965028515476
 10
707.7522248730275
 20
546.8406422314303
 10
707.9730062890432
 20
545.8471258593601
 10
708.1937877050587
 20
545.1847816113131
 10
708.6353505370899
 20
544.6328280712741
 10
709.0769133691212
 20
544.3016559472507
 10
710.0704297411915
 20
544.3016559472507
 10
710.5119925732227
 20
544.6328280712741
 10
710.953555405254
 20
545.1847816113131
 10
711.1743368212695
 20
545.8471258593601
 10
711.3951182372852
 20
546.8406422314303
 10
711.3951182372852
 20
548.4965028515476
 10
711.1743368212695
 20
549.4900192236177
 10
710.953555405254
 20
550.1523634716646
 10
710.5119925732227
 20
550.8147077197114
 10
710.0704297411915
 20
551.145879843735
  0
LWPOLYLINE
  5
447
330
1F
100
AcDbEntity
  8
PDF_RICKLEE_NODEDETAILS
370
    13
100
AcDbPolyline
 90
       12
 70
     1
 43
0.0
 10
712.8301974413867
 20
544.3016559472507
 10
712.8301974413867
 20
551.145879843735
 10
714.4860580615038
 20
551.145879843735
 10
715.1484023095507
 20
550.8147077197114
 10
715.5899651415819
 20
550.1523634716646
 10
715.9211372656054
 20
549.4900192236177
 10
716.141918681621
 20
548.4965028515476
 10
716.141918681621
 20
546.8406422314303
 10
715.8107465575975
 20
545.8471258593601
 10
715.5899651415819
 20
545.1847816113131
 10
715.1484023095507
 20
544.5224373632663
 10
714.4860580615038
 20
544.3016559472507
  0
LWPOLYLINE
  5
448
330
1F
100
AcDbEntity
  8
PDF_RICKLEE_NODEDETAILS
370
    13
100
AcDbPolyline
 90
        4
 70
     0
 43
0.0
 10
720.778328417949
 20
544.191265239243
 10
717.6873885937303
 20
544.191265239243
 10
717.6873885937303
 20
551.145879843735
 10
720.778328417949
 20
551.145879843735
  0
LWPOLYLINE
  5
449
330
1F
100
AcDbEntity
  8
PDF_RICKLEE_NODEDETAILS
370
    13
100
AcDbPolyline
 90
        2
 70
     0
 43
0.0
 10
717.6873885937303
 20
547.8341586035005
 10
719.5640306298631
 20
547.8341586035005
  0
LWPOLYLINE
  5
44B
330
1F
100
AcDbEntity
  8
PDF_RICKLEE_NODEDETAILS
370
    13
100
AcDbPolyline
 90
        4
 70
     1
 43
0.0
 10
722.4341890380661
 20
548.8276749755709
 10
722.2134076220505
 20
548.4965028515476
 10
722.4341890380661
 20
548.165330727524
 10
722.6549704540818
 20
548.4965028515476
  0
LWPOLYLINE
  5
44C
330
1F
100
AcDbEntity
  8
PDF_RICKLEE_NODEDETAILS
370
    13
100
AcDbPolyline
 90
        4
 70
     1
 43
0.0
 10
722.4341890380661
 20
544.8536094872897
 10
722.1030169140427
 20
544.5224373632663
 10
722.4341890380661
 20
544.191265239243
 10
722.6549704540818
 20
544.5224373632663
  0
LWPOLYLINE
  5
44D
330
1F
100
AcDbEntity
  8
PDF_RICKLEE_NODEDETAILS
370
    13
100
AcDbPolyline
 90
        3
 70
     0
 43
0.0
 10
725.6355195702926
 20
551.0354891357271
 10
725.6355195702926
 20
544.191265239243
 10
728.5056779784956
 20
544.191265239243
  0
LWPOLYLINE
  5
44E
330
1F
100
AcDbEntity
  8
PDF_RICKLEE_NODEDETAILS
370
    13
100
AcDbPolyline
 90
       11
 70
     0
 43
0.0
 10
729.6095850585738
 20
544.191265239243
 10
729.6095850585738
 20
551.0354891357271
 10
731.7070085107221
 20
551.0354891357271
 10
732.3693527587689
 20
550.7043170117036
 10
732.7005248827925
 20
550.3731448876802
 10
732.921306298808
 20
549.8211913476411
 10
732.921306298808
 20
548.8276749755709
 10
732.7005248827925
 20
548.165330727524
 10
732.3693527587689
 20
547.8341586035005
 10
731.7070085107221
 20
547.5029864794771
 10
729.6095850585738
 20
547.5029864794771
  0
LWPOLYLINE
  5
44F
330
1F
100
AcDbEntity
  8
PDF_RICKLEE_NODEDETAILS
370
    13
100
AcDbPolyline
 90
        3
 70
     0
 43
0.0
 10
734.4667762109174
 20
544.191265239243
 10
736.3434182470501
 20
551.0354891357271
 10
738.2200602831828
 20
544.191265239243
  0
LWPOLYLINE
  5
450
330
1F
100
AcDbEntity
  8
PDF_RICKLEE_NODEDETAILS
370
    13
100
AcDbPolyline
 90
        2
 70
     0
 43
0.0
 10
735.2395111669721
 20
546.5094701074069
 10
737.5577160351361
 20
546.5094701074069
  0
LWPOLYLINE
  5
451
330
1F
100
AcDbEntity
  8
PDF_RICKLEE_NODEDETAILS
370
    13
100
AcDbPolyline
 90
        4
 70
     0
 43
0.0
 10
739.6551394872845
 20
549.7108006396334
 10
740.0967023193157
 20
550.0419727636567
 10
740.8694372753704
 20
551.0354891357271
 10
740.7590465673625
 20
544.191265239243
  0
LWPOLYLINE
  5
452
330
1F
100
AcDbEntity
  8
PDF_RICKLEE_NODEDETAILS
370
    13
100
AcDbPolyline
 90
       14
 70
     0
 43
0.0
 10
743.6292049755656
 20
549.37962851561
 10
743.6292049755656
 20
549.7108006396334
 10
743.8499863915811
 20
550.3731448876802
 10
744.0707678075967
 20
550.7043170117036
 10
744.5123306396281
 20
551.0354891357271
 10
745.5058470116983
 20
551.0354891357271
 10
745.9474098437295
 20
550.7043170117036
 10
746.1681912597452
 20
550.3731448876802
 10
746.3889726757607
 20
549.7108006396334
 10
746.3889726757607
 20
549.0484563915865
 10
746.1681912597452
 20
548.4965028515476
 10
745.726628427714
 20
547.5029864794771
 10
743.4084235595499
 20
544.191265239243
 10
746.6097540917765
 20
544.191265239243
  0
LWPOLYLINE
  5
453
330
1F
100
AcDbEntity
  8
PDF_RICKLEE_NODEDETAILS
370
    13
100
AcDbPolyline
 90
       16
 70
     1
 43
0.0
 10
749.4799124999794
 20
551.0354891357271
 10
748.7071775439248
 20
550.7043170117036
 10
748.2656147118936
 20
549.7108006396334
 10
748.0448332958779
 20
548.165330727524
 10
748.0448332958779
 20
547.1718143554538
 10
748.2656147118936
 20
545.5159537353365
 10
748.7071775439248
 20
544.5224373632663
 10
749.4799124999794
 20
544.191265239243
 10
749.9214753320107
 20
544.191265239243
 10
750.5838195800576
 20
544.5224373632663
 10
751.0253824120887
 20
545.5159537353365
 10
751.3565545361123
 20
547.1718143554538
 10
751.3565545361123
 20
548.165330727524
 10
751.0253824120887
 20
549.7108006396334
 10
750.5838195800576
 20
550.7043170117036
 10
749.9214753320107
 20
551.0354891357271
  0
LWPOLYLINE
  5
454
330
1F
100
AcDbEntity
  8
PDF_RICKLEE_NODEDETAILS
370
    13
100
AcDbPolyline
 90
       11
 70
     0
 43
0.0
 10
712.4990253173633
 20
535.0288364745948
 10
712.4990253173633
 20
539.0029019628758
 10
713.823713813457
 20
539.0029019628758
 10
714.2652766454882
 20
538.7821205468602
 10
714.375667353496
 20
538.5613391308446
 10
714.4860580615038
 20
538.2301670068211
 10
714.4860580615038
 20
537.6782134667821
 10
714.375667353496
 20
537.236650634751
 10
714.2652766454882
 20
537.1262599267431
 10
713.823713813457
 20
536.9054785107275
 10
712.4990253173633
 20
536.9054785107275
  0
LWPOLYLINE
  5
455
330
1F
100
AcDbEntity
  8
PDF_RICKLEE_NODEDETAILS
370
    13
100
AcDbPolyline
 90
       20
 70
     0
 43
0.0
 10
717.4666071777147
 20
538.3405577148289
 10
717.1354350536914
 20
538.7821205468602
 10
716.69387222166
 20
539.0029019628758
 10
716.141918681621
 20
539.0029019628758
 10
715.8107465575975
 20
538.7821205468602
 10
715.4795744335741
 20
538.4509484228367
 10
715.4795744335741
 20
538.0093855908055
 10
715.5899651415819
 20
537.6782134667821
 10
715.8107465575975
 20
537.4574320507665
 10
716.0315279736132
 20
537.236650634751
 10
716.9146536376756
 20
536.9054785107275
 10
717.1354350536914
 20
536.6846970947118
 10
717.2458257616991
 20
536.574306386704
 10
717.4666071777147
 20
536.1327435546727
 10
717.4666071777147
 20
535.5807900146337
 10
717.1354350536914
 20
535.2496178906103
 10
716.69387222166
 20
535.0288364745948
 10
716.141918681621
 20
535.0288364745948
 10
715.8107465575975
 20
535.2496178906103
 10
715.4795744335741
 20
535.5807900146337
  0
LWPOLYLINE
  5
456
330
1F
100
AcDbEntity
  8
PDF_RICKLEE_NODEDETAILS
370
    13
100
AcDbPolyline
 90
        2
 70
     0
 43
0.0
 10
719.4536399218552
 20
539.0029019628758
 10
718.4601235497851
 20
533.7041479785009
  0
LWPOLYLINE
  5
457
330
1F
100
AcDbEntity
  8
PDF_RICKLEE_NODEDETAILS
370
    13
100
AcDbPolyline
 90
        2
 70
     0
 43
0.0
 10
720.2263748779099
 20
539.0029019628758
 10
719.2328585058397
 20
533.7041479785009
  0
LWPOLYLINE
  5
458
330
1F
100
AcDbEntity
  8
PDF_RICKLEE_NODEDETAILS
370
    13
100
AcDbPolyline
 90
        2
 70
     0
 43
0.0
 10
718.4601235497851
 20
536.9054785107275
 10
720.3367655859177
 20
536.9054785107275
  0
LWPOLYLINE
  5
459
330
1F
100
AcDbEntity
  8
PDF_RICKLEE_NODEDETAILS
370
    13
100
AcDbPolyline
 90
        2
 70
     0
 43
0.0
 10
718.2393421337693
 20
535.8015714306493
 10
720.2263748779099
 20
535.8015714306493
  0
LWPOLYLINE
  5
45A
330
1F
100
AcDbEntity
  8
PDF_RICKLEE_NODEDETAILS
370
    13
100
AcDbPolyline
 90
        4
 70
     1
 43
0.0
 10
721.1095005419724
 20
537.6782134667821
 10
720.8887191259568
 20
537.4574320507665
 10
721.1095005419724
 20
537.236650634751
 10
721.2198912499802
 20
537.4574320507665
  0
LWPOLYLINE
  5
45B
330
1F
100
AcDbEntity
  8
PDF_RICKLEE_NODEDETAILS
370
    13
100
AcDbPolyline
 90
        4
 70
     1
 43
0.0
 10
721.1095005419724
 20
535.3600085986181
 10
720.8887191259568
 20
535.2496178906103
 10
721.1095005419724
 20
535.0288364745948
 10
721.2198912499802
 20
535.2496178906103
  0
LWPOLYLINE
  5
45C
330
1F
100
AcDbEntity
  8
PDF_RICKLEE_NODEDETAILS
370
    13
100
AcDbPolyline
 90
        3
 70
     0
 43
0.0
 10
722.9861425781052
 20
538.8925112548681
 10
722.9861425781052
 20
535.0288364745948
 10
724.7523939062301
 20
535.0288364745948
  0
LWPOLYLINE
  5
45D
330
1F
100
AcDbEntity
  8
PDF_RICKLEE_NODEDETAILS
370
    13
100
AcDbPolyline
 90
       11
 70
     0
 43
0.0
 10
725.4147381542771
 20
535.0288364745948
 10
725.4147381542771
 20
538.8925112548681
 10
726.629035942363
 20
538.8925112548681
 10
727.0705987743942
 20
538.7821205468602
 10
727.1809894824019
 20
538.5613391308446
 10
727.4017708984175
 20
538.2301670068211
 10
727.4017708984175
 20
537.6782134667821
 10
727.1809894824019
 20
537.236650634751
 10
727.0705987743942
 20
537.1262599267431
 10
726.629035942363
 20
536.9054785107275
 10
725.4147381542771
 20
536.9054785107275
  0
LWPOLYLINE
  5
45E
330
1F
100
AcDbEntity
  8
PDF_RICKLEE_NODEDETAILS
370
    13
100
AcDbPolyline
 90
        3
 70
     0
 43
0.0
 10
728.3952872704879
 20
535.0288364745948
 10
729.4991943505659
 20
538.8925112548681
 10
730.6031014306441
 20
535.0288364745948
  0
LWPOLYLINE
  5
45F
330
1F
100
AcDbEntity
  8
PDF_RICKLEE_NODEDETAILS
370
    13
100
AcDbPolyline
 90
        2
 70
     0
 43
0.0
 10
728.7264593945113
 20
536.3535249706884
 10
730.1615385986129
 20
536.3535249706884
  0
LWPOLYLINE
  5
460
330
1F
100
AcDbEntity
  8
PDF_RICKLEE_NODEDETAILS
370
    13
100
AcDbPolyline
 90
        4
 70
     0
 43
0.0
 10
731.4862270947066
 20
538.2301670068211
 10
731.7070085107221
 20
538.3405577148289
 10
732.1485713427533
 20
538.8925112548681
 10
732.1485713427533
 20
535.0288364745948
  0
LWPOLYLINE
  5
461
330
1F
100
AcDbEntity
  8
PDF_RICKLEE_NODEDETAILS
370
    13
100
AcDbPolyline
 90
       14
 70
     0
 43
0.0
 10
733.8044319628705
 20
538.0093855908055
 10
733.8044319628705
 20
538.2301670068211
 10
733.9148226708783
 20
538.5613391308446
 10
734.1356040868939
 20
538.7821205468602
 10
734.3563855029096
 20
538.8925112548681
 10
734.9083390429487
 20
538.8925112548681
 10
735.2395111669721
 20
538.7821205468602
 10
735.3499018749799
 20
538.5613391308446
 10
735.4602925829876
 20
538.2301670068211
 10
735.4602925829876
 20
537.7886041747899
 10
735.3499018749799
 20
537.4574320507665
 10
735.0187297509564
 20
536.9054785107275
 10
733.6940412548628
 20
535.0288364745948
 10
735.5706832909954
 20
535.0288364745948
  0
LWPOLYLINE
  5
462
330
1F
100
AcDbEntity
  8
PDF_RICKLEE_NODEDETAILS
370
    13
100
AcDbPolyline
 90
       16
 70
     1
 43
0.0
 10
737.3369346191204
 20
538.8925112548681
 10
736.8953717870891
 20
538.7821205468602
 10
736.5641996630658
 20
538.2301670068211
 10
736.4538089550579
 20
537.236650634751
 10
736.4538089550579
 20
536.6846970947118
 10
736.5641996630658
 20
535.8015714306493
 10
736.8953717870891
 20
535.2496178906103
 10
737.3369346191204
 20
535.0288364745948
 10
737.5577160351361
 20
535.0288364745948
 10
737.9992788671672
 20
535.2496178906103
 10
738.3304509911908
 20
535.8015714306493
 10
738.4408416991986
 20
536.6846970947118
 10
738.4408416991986
 20
537.236650634751
 10
738.3304509911908
 20
538.2301670068211
 10
737.9992788671672
 20
538.7821205468602
 10
737.5577160351361
 20
538.8925112548681
  0
LWPOLYLINE
  5
463
330
1F
100
AcDbEntity
  8
PDF_RICKLEE_NODEDETAILS
370
    13
100
AcDbPolyline
 90
        3
 70
     0
 43
0.0
 10
739.2135766552532
 20
535.0288364745948
 10
740.4278744433391
 20
538.8925112548681
 10
741.5317815234171
 20
535.0288364745948
  0
LWPOLYLINE
  5
464
330
1F
100
AcDbEntity
  8
PDF_RICKLEE_NODEDETAILS
370
    13
100
AcDbPolyline
 90
        2
 70
     0
 43
0.0
 10
739.6551394872845
 20
536.3535249706884
 10
741.0902186913859
 20
536.3535249706884
  0
LWPOLYLINE
  5
465
330
1F
100
AcDbEntity
  8
PDF_RICKLEE_COAXCABLE
370
     0
100
AcDbPolyline
 90
        3
 70
     0
 43
0.0
 10
826.5326266894303
 20
399.1378749169813
 10
827.3053616454852
 20
395.1638094287001
 10
827.8573151855242
 20
392.1832603124893
  0
LWPOLYLINE
  5
466
330
1F
100
AcDbEntity
  8
PDF_RICKLEE_COAXCABLE
370
     0
100
AcDbPolyline
 90
        2
 70
     0
 43
0.0
 10
828.1884873095476
 20
390.4170089843643
 10
828.8508315575944
 20
386.6637249120988
  0
LWPOLYLINE
  5
467
330
1F
100
AcDbEntity
  8
PDF_RICKLEE_COAXCABLE
370
     0
100
AcDbPolyline
 90
        2
 70
     0
 43
0.0
 10
829.1820036816179
 20
384.787082875966
 10
829.9547386376726
 20
381.1441895117083
  0
LWPOLYLINE
  5
468
330
1F
100
AcDbEntity
  8
PDF_RICKLEE_COAXCABLE
370
     0
100
AcDbPolyline
 90
        2
 70
     0
 43
0.0
 10
830.285910761696
 20
379.2675474755756
 10
830.9482550097428
 20
375.6246541113179
  0
LWPOLYLINE
  5
469
330
1F
100
AcDbEntity
  8
PDF_RICKLEE_COAXCABLE
370
     0
100
AcDbPolyline
 90
        2
 70
     0
 43
0.0
 10
831.2794271337661
 20
373.7480120751851
 10
831.9417713818131
 20
370.1051187109273
  0
LWPOLYLINE
  5
46A
330
1F
100
AcDbEntity
  8
PDF_RICKLEE_COAXCABLE
370
     0
100
AcDbPolyline
 90
        2
 70
     0
 43
0.0
 10
832.2729435058365
 20
368.2284766747946
 10
833.0456784618913
 20
364.5855833105369
  0
LWPOLYLINE
  5
46B
330
1F
100
AcDbEntity
  8
PDF_RICKLEE_COAXCABLE
370
     0
100
AcDbPolyline
 90
        2
 70
     0
 43
0.0
 10
833.3768505859147
 20
362.7089412744041
 10
834.0391948339615
 20
359.0660479101464
  0
LWPOLYLINE
  5
46C
330
1F
100
AcDbEntity
  8
PDF_RICKLEE_COAXCABLE
370
     0
100
AcDbPolyline
 90
        2
 70
     0
 43
0.0
 10
834.3703669579848
 20
357.1894058740137
 10
835.0327112060318
 20
353.5465125097559
  0
LWPOLYLINE
  5
46D
330
1F
100
AcDbEntity
  8
PDF_RICKLEE_COAXCABLE
370
     0
100
AcDbPolyline
 90
        3
 70
     0
 43
0.0
 10
835.3638833300552
 20
351.6698704736232
 10
835.9158368700942
 20
348.6893213574123
 10
836.7989625341568
 20
344.2736930371
  0
LWPOLYLINE
  5
46E
330
1F
100
AcDbEntity
  8
PDF_RICKLEE_COAXCABLE
370
     0
100
AcDbPolyline
 90
        2
 70
     0
 43
0.0
 10
740.5382651513469
 20
805.2652896777123
 10
739.8759209033
 20
808.6874016259544
  0
LWPOLYLINE
  5
46F
330
1F
100
AcDbEntity
  8
PDF_RICKLEE_COAXCABLE
370
     0
100
AcDbPolyline
 90
        2
 70
     0
 43
0.0
 10
739.4343580712687
 20
810.4536529540794
 10
738.6616231152141
 20
814.2069370263447
  0
LWPOLYLINE
  5
470
330
1F
100
AcDbEntity
  8
PDF_RICKLEE_COAXCABLE
370
     0
100
AcDbPolyline
 90
        2
 70
     0
 43
0.0
 10
738.2200602831828
 20
815.9731883544697
 10
737.4473253271283
 20
819.6160817187276
  0
LWPOLYLINE
  5
471
330
1F
100
AcDbEntity
  8
PDF_RICKLEE_COAXCABLE
370
     0
100
AcDbPolyline
 90
        2
 70
     0
 43
0.0
 10
737.1161532031049
 20
821.4927237548604
 10
736.3434182470501
 20
825.1356171191179
  0
LWPOLYLINE
  5
472
330
1F
100
AcDbEntity
  8
PDF_RICKLEE_COAXCABLE
370
     0
100
AcDbPolyline
 90
        2
 70
     0
 43
0.0
 10
735.9018554150188
 20
827.0122591552508
 10
735.1291204589642
 20
830.323980395485
  0
LWPOLYLINE
  5
473
330
1F
100
AcDbEntity
  8
PDF_RICKLEE_COAXCABLE
370
     0
100
AcDbPolyline
 90
        2
 70
     0
 43
0.0
 10
819.3572306689228
 20
180.7850544775341
 10
821.2338727050557
 20
181.5577894335888
  0
LWPOLYLINE
  5
474
330
1F
100
AcDbEntity
  8
PDF_RICKLEE_COAXCABLE
370
     0
100
AcDbPolyline
 90
        2
 70
     0
 43
0.0
 10
822.8897333251728
 20
182.3305243896434
 10
826.3118452734149
 20
183.8759943017527
  0
LWPOLYLINE
  5
475
330
1F
100
AcDbEntity
  8
PDF_RICKLEE_COAXCABLE
370
     0
100
AcDbPolyline
 90
        2
 70
     0
 43
0.0
 10
828.0780966015399
 20
184.6487292578074
 10
831.500208549782
 20
186.1941991699167
  0
LWPOLYLINE
  5
476
330
1F
100
AcDbEntity
  8
PDF_RICKLEE_COAXCABLE
370
     0
100
AcDbPolyline
 90
        2
 70
     0
 43
0.0
 10
833.1560691698991
 20
186.9669341259714
 10
836.5781811181411
 20
188.5124040380808
  0
LWPOLYLINE
  5
477
330
1F
100
AcDbEntity
  8
PDF_RICKLEE_COAXCABLE
370
     0
100
AcDbPolyline
 90
        2
 70
     0
 43
0.0
 10
838.344432446266
 20
189.2851389941354
 10
840.2210744823989
 20
190.1682646581979
  0
LWPOLYLINE
  5
478
330
1F
100
AcDbEntity
  8
PDF_Level 22
370
     9
100
AcDbPolyline
 90
        8
 70
     1
 43
0.0
 10
749.4799124999794
 20
129.8949380859339
 10
751.6877266601357
 20
130.7780637499964
 10
752.5708523241982
 20
132.9858779101526
 10
751.6877266601357
 20
135.1936920703088
 10
749.4799124999794
 20
136.0768177343713
 10
747.2720983398232
 20
135.1936920703088
 10
746.3889726757607
 20
132.9858779101526
 10
747.2720983398232
 20
130.8884544580042
  0
LWPOLYLINE
  5
479
330
1F
100
AcDbEntity
  8
PDF_Level 22
370
     9
100
AcDbPolyline
 90
       14
 70
     0
 43
0.0
 10
749.5903032079873
 20
134.7521292382775
 10
749.7006939159951
 20
134.8625199462853
 10
750.0318660400185
 20
134.8625199462853
 10
750.1422567480264
 20
134.7521292382775
 10
750.3630381640419
 20
134.6417385302697
 10
750.4734288720498
 20
134.3105664062463
 10
750.4734288720498
 20
134.0897849902307
 10
750.3630381640419
 20
133.869003574215
 10
750.1422567480264
 20
133.6482221581994
 10
749.9214753320107
 20
133.5378314501916
 10
749.5903032079873
 20
133.5378314501916
 10
749.1487403759561
 20
133.6482221581994
 10
747.4928797558389
 20
134.0897849902307
 10
748.0448332958779
 20
132.765096494137
  0
LWPOLYLINE
  5
47A
330
1F
100
AcDbEntity
  8
PDF_Level 22
370
     9
100
AcDbPolyline
 90
       15
 70
     0
 43
0.0
 10
751.0253824120887
 20
132.9858779101526
 10
751.4669452441201
 20
131.9923615380823
 10
750.1422567480264
 20
132.1027522460901
 10
750.2526474560341
 20
131.8819708300745
 10
750.2526474560341
 20
131.6611894140589
 10
750.1422567480264
 20
131.4404079980432
 10
749.8110846240028
 20
131.2196265820277
 10
749.5903032079873
 20
131.1092358740198
 10
749.1487403759561
 20
131.1092358740198
 10
748.8175682519326
 20
131.1092358740198
 10
748.5967868359169
 20
131.4404079980432
 10
748.4863961279091
 20
131.6611894140589
 10
748.4863961279091
 20
131.9923615380823
 10
748.5967868359169
 20
132.2131429540979
 10
748.7071775439248
 20
132.3235336621057
  0
LWPOLYLINE
  5
47B
330
1F
100
AcDbEntity
  8
PDF_Level 22
370
     9
100
AcDbPolyline
 90
        4
 70
     1
 43
0.0
 10
868.3707050243903
 20
147.4470606591756
 10
867.37718865232
 20
152.8562053515583
 10
872.7863333447027
 20
153.8497217236286
 10
873.779849716773
 20
148.4405770312459
  0
LWPOLYLINE
  5
47C
330
1F
100
AcDbEntity
  8
PDF_Level 22
370
     9
100
AcDbPolyline
 90
        4
 70
     0
 43
0.0
 10
870.1369563525151
 20
148.5509677392537
 10
869.9161749364996
 20
148.7717491552693
 10
869.4746121044683
 20
149.1029212792928
 10
872.3447705126714
 20
149.544484111324
  0
LWPOLYLINE
  5
47D
330
1F
100
AcDbEntity
  8
PDF_Level 22
370
     9
100
AcDbPolyline
 90
        4
 70
     0
 43
0.0
 10
871.7928169726324
 20
152.1938611035114
 10
868.9226585644293
 20
151.6419075634724
 10
871.1304727245854
 20
150.7587818994099
 10
870.799300600562
 20
152.6354239355427
  0
LWPOLYLINE
  5
47E
330
1F
100
AcDbEntity
  8
PDF_Level 22
370
     9
100
AcDbPolyline
 90
        4
 70
     1
 43
0.0
 10
835.1431019140397
 20
395.4949815527236
 10
834.0391948339615
 20
400.9041262451062
 10
839.4483395263442
 20
402.0080333251843
 10
840.5522466064223
 20
396.5988886328017
  0
LWPOLYLINE
  5
47F
330
1F
100
AcDbEntity
  8
PDF_Level 22
370
     9
100
AcDbPolyline
 90
        4
 70
     0
 43
0.0
 10
836.7989625341568
 20
396.5988886328017
 10
836.5781811181411
 20
396.8196700488173
 10
836.13661828611
 20
397.1508421728407
 10
839.0067766943129
 20
397.7027957128797
  0
LWPOLYLINE
  5
480
330
1F
100
AcDbEntity
  8
PDF_Level 22
370
     9
100
AcDbPolyline
 90
        3
 70
     0
 43
0.0
 10
835.8054461620865
 20
398.4755306689344
 10
835.4742740380631
 20
400.2417819970593
 10
838.6756045702895
 20
399.5794377490125
  0
LWPOLYLINE
  5
481
330
1F
100
AcDbEntity
  8
PDF_Level 21
370
     9
100
AcDbPolyline
 90
        5
 70
     0
 43
0.0
 10
697.4858890283012
 20
991.1632419628636
 10
698.5897961083793
 20
995.4684795751679
 10
700.1352660204887
 20
991.6048047948947
 10
700.1352660204887
 20
995.7996516991915
 10
702.784643012676
 20
992.2671490429415
  0
CIRCLE
  5
483
330
1F
100
AcDbEntity
  8
PDF_Level 21
370
     9
100
AcDbCircle
 10
723.2909233823989
 20
884.7255437796757
 30
0.0
 40
3.366847759758271
  0
LWPOLYLINE
  5
484
330
1F
100
AcDbEntity
  8
PDF_Level 21
370
     9
100
AcDbPolyline
 90
       15
 70
     0
 43
0.0
 10
721.8822354980272
 20
883.7530830712649
 10
721.6614540820114
 20
884.8569901513428
 10
722.8757518700973
 20
884.4154273193117
 10
722.8757518700973
 20
884.7465994433351
 10
722.8757518700973
 20
884.9673808593506
 10
722.9861425781052
 20
885.0777715673586
 10
723.4277054101364
 20
885.2985529833743
 10
723.648486826152
 20
885.408943691382
 10
724.0900496581832
 20
885.2985529833743
 10
724.4212217822068
 20
885.1881622753664
 10
724.6420031982223
 20
884.9673808593506
 10
724.6420031982223
 20
884.6362087353272
 10
724.6420031982223
 20
884.3050366113038
 10
724.5316124902146
 20
884.1946459032961
 10
724.3108310741989
 20
883.9738644872804
  0
LWPOLYLINE
  5
485
330
1F
100
AcDbEntity
  8
PDF_Level 22
370
     9
100
AcDbPolyline
 90
        8
 70
     1
 43
0.0
 10
820.2403563329854
 20
546.9510329394381
 10
817.9221514648213
 20
546.5094701074069
 10
816.5974629687276
 20
544.5224373632663
 10
817.1494165087667
 20
542.2042324951023
 10
819.0260585448994
 20
540.8795439990086
 10
821.3442634130634
 20
541.3211068310398
 10
822.6689519091571
 20
543.3081395751805
 10
822.2273890771258
 20
545.6263444433444
  0
LWPOLYLINE
  5
486
330
1F
100
AcDbEntity
  8
PDF_Level 22
370
     9
100
AcDbPolyline
 90
       14
 70
     0
 43
0.0
 10
819.246839960915
 20
542.2042324951023
 10
819.1364492529071
 20
542.2042324951023
 10
818.8052771288838
 20
542.3146232031101
 10
818.694886420876
 20
542.3146232031101
 10
818.4741050048604
 20
542.5354046191257
 10
818.3637142968525
 20
542.9769674511569
 10
818.4741050048604
 20
543.1977488671726
 10
818.5844957128683
 20
543.3081395751805
 10
818.9156678368917
 20
543.4185302831882
 10
819.1364492529071
 20
543.528920991196
 10
819.4676213769307
 20
543.4185302831882
 10
819.909184208962
 20
543.3081395751805
 10
821.4546541210712
 20
542.5354046191257
 10
821.1234819970478
 20
543.9704838232273
  0
LWPOLYLINE
  5
487
330
1F
100
AcDbEntity
  8
PDF_Level 22
370
     9
100
AcDbPolyline
 90
       16
 70
     1
 43
0.0
 10
818.0325421728291
 20
544.6328280712741
 10
818.2533235888447
 20
544.4120466552585
 10
818.694886420876
 20
544.3016559472507
 10
819.3572306689228
 20
544.3016559472507
 10
819.7987935009541
 20
544.4120466552585
 10
820.4611377490008
 20
544.6328280712741
 10
820.7923098730244
 20
544.8536094872897
 10
820.9027005810323
 20
545.1847816113131
 10
820.9027005810323
 20
545.4055630273287
 10
820.6819191650165
 20
545.7367351513522
 10
820.2403563329854
 20
545.8471258593601
 10
819.5780120849386
 20
545.7367351513522
 10
819.1364492529071
 20
545.7367351513522
 10
818.4741050048604
 20
545.5159537353365
 10
818.142932880837
 20
545.1847816113131
 10
818.0325421728291
 20
544.8536094872897
  0
LWPOLYLINE
  5
488
330
1F
100
AcDbEntity
  8
PDF_Level 22
370
     9
100
AcDbPolyline
 90
        8
 70
     1
 43
0.0
 10
819.6884027929463
 20
179.5707566894482
 10
818.694886420876
 20
181.7785708496044
 10
816.4870722607199
 20
182.5513058056591
 10
814.2792581005636
 20
181.6681801415966
 10
813.5065231445089
 20
179.4603659814404
 10
814.3896488085713
 20
177.2525518212842
 10
816.5974629687276
 20
176.3694261572217
 10
818.8052771288838
 20
177.362942529292
  0
LWPOLYLINE
  5
489
330
1F
100
AcDbEntity
  8
PDF_Level 22
370
     9
100
AcDbPolyline
 90
       14
 70
     0
 43
0.0
 10
814.8312116406028
 20
179.5707566894482
 10
814.8312116406028
 20
179.681147397456
 10
814.7208209325949
 20
180.0123195214794
 10
814.8312116406028
 20
180.1227102294872
 10
814.9416023486105
 20
180.3434916455028
 10
815.2727744726339
 20
180.5642730615185
 10
815.6039465966573
 20
180.4538823535107
 10
815.714337304665
 20
180.3434916455028
 10
815.9351187206807
 20
180.233100937495
 10
816.0455094286886
 20
179.9019288134716
 10
816.0455094286886
 20
179.681147397456
 10
816.0455094286886
 20
179.1291938574169
 10
815.6039465966573
 20
177.4733332372998
 10
816.928635092751
 20
178.1356774853467
  0
LWPOLYLINE
  5
48A
330
1F
100
AcDbEntity
  8
PDF_Level 22
370
     9
100
AcDbPolyline
 90
       16
 70
     1
 43
0.0
 10
816.928635092751
 20
181.2266173095653
 10
816.7078536767354
 20
181.0058358935497
 10
816.7078536767354
 20
180.5642730615185
 10
816.8182443847433
 20
179.7915381054638
 10
817.0390258007588
 20
179.4603659814404
 10
817.3701979247823
 20
178.9084124414013
 10
817.7013700488057
 20
178.5772403173779
 10
818.0325421728291
 20
178.5772403173779
 10
818.2533235888447
 20
178.6876310253857
 10
818.4741050048604
 20
178.9084124414013
 10
818.4741050048604
 20
179.3499752734326
 10
818.3637142968525
 20
180.0123195214794
 10
818.142932880837
 20
180.4538823535107
 10
817.8117607568136
 20
181.0058358935497
 10
817.48058863279
 20
181.3370080175731
 10
817.1494165087667
 20
181.3370080175731
  0
LWPOLYLINE
  5
48B
330
1F
100
AcDbEntity
  8
PDF_Level 22
370
     9
100
AcDbPolyline
 90
        8
 70
     1
 43
0.0
 10
701.4599545165823
 20
991.8255862109104
 10
699.1417496484183
 20
991.2736326708714
 10
697.8170611523246
 20
989.2865999267307
 10
698.3690146923637
 20
986.9683950585667
 10
700.3560474365042
 20
985.7540972704807
 10
702.6742523046682
 20
986.195660102512
 10
703.8885500927541
 20
988.1826928466525
 10
703.4469872607229
 20
990.5008977148165
  0
LWPOLYLINE
  5
48C
330
1F
100
AcDbEntity
  8
PDF_Level 22
370
     9
100
AcDbPolyline
 90
        4
 70
     0
 43
0.0
 10
700.3560474365042
 20
987.0787857665746
 10
700.2456567284964
 20
987.1891764745823
 10
699.6937031884574
 20
987.409957890598
 10
702.5638615966604
 20
988.0723021386447
  0
LWPOLYLINE
  5
48D
330
1F
100
AcDbEntity
  8
PDF_Level 22
370
     9
100
AcDbPolyline
 90
        4
 70
     0
 43
0.0
 10
702.1222987646292
 20
990.1697255907931
 10
699.2521403564261
 20
989.5073813427464
 10
701.3495638085745
 20
988.9554278027073
 10
701.0183916845512
 20
990.3905070068088
  0
LWPOLYLINE
  5
48E
330
1F
100
AcDbEntity
  8
PDF_Level 22
370
     9
100
AcDbPolyline
 90
        4
 70
     1
 43
0.0
 10
847.7276426269298
 20
328.8189939160066
 10
846.7341262548597
 20
334.2281386083893
 10
852.1432709472422
 20
335.2216549804595
 10
853.1367873193126
 20
329.8125102880769
  0
LWPOLYLINE
  5
48F
330
1F
100
AcDbEntity
  8
PDF_Level 22
370
     9
100
AcDbPolyline
 90
        4
 70
     0
 43
0.0
 10
849.3835032470471
 20
329.9229009960847
 10
849.2731125390392
 20
330.1436824121004
 10
848.7211589990002
 20
330.364463828116
 10
851.5913174072032
 20
330.916417368155
  0
LWPOLYLINE
  5
490
330
1F
100
AcDbEntity
  8
PDF_Level 22
370
     9
100
AcDbPolyline
 90
        4
 70
     0
 43
0.0
 10
851.1497545751719
 20
333.5657943603424
 10
848.279596166969
 20
333.0138408203034
 10
850.4874103271252
 20
332.1307151562409
 10
850.0458474950939
 20
334.0073571923737
  0
LWPOLYLINE
  5
491
330
1F
100
AcDbEntity
  8
PDF_RICKLEE_COAXCABLE
370
     0
100
AcDbPolyline
 90
        2
 70
     0
 43
0.0
 10
893.3190050341552
 20
50.0824561962877
 10
892.6566607861085
 20
53.7253495605454
  0
LWPOLYLINE
  5
492
330
1F
100
AcDbEntity
  8
PDF_RICKLEE_COAXCABLE
370
     0
100
AcDbPolyline
 90
        2
 70
     0
 43
0.0
 10
892.2150979540772
 20
55.60199159667816
 10
891.5527537060302
 20
59.24488496093587
  0
LWPOLYLINE
  5
493
330
1F
100
AcDbEntity
  8
PDF_RICKLEE_COAXCABLE
370
     0
100
AcDbPolyline
 90
        2
 70
     0
 43
0.0
 10
891.2215815820069
 20
61.12152699706864
 10
890.5592373339599
 20
64.76442036132636
  0
LWPOLYLINE
  5
494
330
1F
100
AcDbEntity
  8
PDF_RICKLEE_COAXCABLE
370
     0
100
AcDbPolyline
 90
        2
 70
     0
 43
0.0
 10
890.2280652099365
 20
66.64106239745911
 10
889.4553302538819
 20
70.28395576171682
  0
LWPOLYLINE
  5
495
330
1F
100
AcDbEntity
  8
PDF_RICKLEE_COAXCABLE
370
     0
100
AcDbPolyline
 90
        2
 70
     0
 43
0.0
 10
889.1241581298585
 20
72.16059779784959
 10
888.4618138818115
 20
75.80349116210729
  0
LWPOLYLINE
  5
496
330
1F
100
AcDbEntity
  8
PDF_RICKLEE_COAXCABLE
370
     0
100
AcDbPolyline
 90
        2
 70
     0
 43
0.0
 10
888.1306417577881
 20
77.68013319824006
 10
887.4682975097412
 20
81.43341727050559
  0
LWPOLYLINE
  5
497
330
1F
100
AcDbEntity
  8
PDF_RICKLEE_COAXCABLE
370
     0
100
AcDbPolyline
 90
        2
 70
     0
 43
0.0
 10
887.0267346777101
 20
83.19966859863054
 10
886.3643904296631
 20
86.84256196288826
  0
LWPOLYLINE
  5
498
330
1F
100
AcDbEntity
  8
PDF_RICKLEE_COAXCABLE
370
     0
100
AcDbPolyline
 90
        3
 70
     0
 43
0.0
 10
818.4741050048604
 20
441.8590789160035
 10
819.246839960915
 20
438.105794843738
 10
820.0195749169697
 20
434.1317293554568
  0
LWPOLYLINE
  5
499
330
1F
100
AcDbEntity
  8
PDF_RICKLEE_COAXCABLE
370
     0
100
AcDbPolyline
 90
        2
 70
     0
 43
0.0
 10
820.3507470409931
 20
432.255087319324
 10
821.01309128904
 20
428.6121939550664
  0
LWPOLYLINE
  5
49A
330
1F
100
AcDbEntity
  8
PDF_RICKLEE_COAXCABLE
370
     0
100
AcDbPolyline
 90
        2
 70
     0
 43
0.0
 10
821.3442634130634
 20
426.7355519189336
 10
822.1169983691181
 20
423.0926585546758
  0
LWPOLYLINE
  5
49B
330
1F
100
AcDbEntity
  8
PDF_RICKLEE_COAXCABLE
370
     0
100
AcDbPolyline
 90
        2
 70
     0
 43
0.0
 10
822.4481704931415
 20
421.2160165185431
 10
823.1105147411884
 20
417.5731231542854
  0
LWPOLYLINE
  5
49C
330
1F
100
AcDbEntity
  8
PDF_RICKLEE_COAXCABLE
370
     0
100
AcDbPolyline
 90
        2
 70
     0
 43
0.0
 10
823.4416868652118
 20
415.6964811181526
 10
824.1040311132586
 20
411.9431970458871
  0
LWPOLYLINE
  5
49D
330
1F
100
AcDbEntity
  8
PDF_RICKLEE_COAXCABLE
370
     0
100
AcDbPolyline
 90
        2
 70
     0
 43
0.0
 10
824.4352032372821
 20
410.1769457177622
 10
825.2079381933366
 20
406.4236616454967
  0
LWPOLYLINE
  5
49E
330
1F
100
AcDbEntity
  8
PDF_RICKLEE_COAXCABLE
370
     0
100
AcDbPolyline
 90
        2
 70
     0
 43
0.0
 10
825.5391103173602
 20
404.6574103173717
 10
826.201454565407
 20
400.9041262451062
  0
LWPOLYLINE
  5
4A1
330
1F
100
AcDbEntity
  8
PDF_RICKLEE_COAXCABLE
370
     0
100
AcDbPolyline
 90
        2
 70
     0
 43
0.0
 10
837.6820881982192
 20
195.0254558105415
 10
834.2599762499771
 20
193.59037660644
  0
LWPOLYLINE
  5
4A2
330
1F
100
AcDbEntity
  8
PDF_RICKLEE_COAXCABLE
370
     0
100
AcDbPolyline
 90
        2
 70
     0
 43
0.0
 10
832.60411562986
 20
192.8176416503853
 10
829.1820036816179
 20
191.272171738276
  0
LWPOLYLINE
  5
4A3
330
1F
100
AcDbEntity
  8
PDF_RICKLEE_COAXCABLE
370
     0
100
AcDbPolyline
 90
        2
 70
     0
 43
0.0
 10
827.4157523534929
 20
190.4994367822213
 10
823.9936404052508
 20
188.953966870112
  0
LWPOLYLINE
  5
4A4
330
1F
100
AcDbEntity
  8
PDF_RICKLEE_COAXCABLE
370
     0
100
AcDbPolyline
 90
        2
 70
     0
 43
0.0
 10
822.3377797851338
 20
188.1812319140573
 10
818.9156678368917
 20
186.635762001948
  0
LWPOLYLINE
  5
4A6
330
1F
100
AcDbEntity
  8
PDF_RICKLEE_COAXCABLE
370
     0
100
AcDbPolyline
 90
        3
 70
     0
 43
0.0
 10
790.4348651708768
 20
586.2501249902184
 10
789.9933023388455
 20
588.6787205663901
 10
789.2205673827909
 20
592.21122322264
  0
LWPOLYLINE
  5
4A7
330
1F
100
AcDbEntity
  8
PDF_RICKLEE_COAXCABLE
370
     0
100
AcDbPolyline
 90
        2
 70
     0
 43
0.0
 10
788.7790045507596
 20
594.0878652587728
 10
788.006269594705
 20
597.7307586230306
  0
LWPOLYLINE
  5
4A8
330
1F
100
AcDbEntity
  8
PDF_RICKLEE_COAXCABLE
370
     0
100
AcDbPolyline
 90
        2
 70
     0
 43
0.0
 10
787.5647067626737
 20
599.6074006591632
 10
786.7919718066191
 20
603.250294023421
  0
LWPOLYLINE
  5
4A9
330
1F
100
AcDbEntity
  8
PDF_RICKLEE_COAXCABLE
370
     0
100
AcDbPolyline
 90
        2
 70
     0
 43
0.0
 10
786.4607996825956
 20
605.016545351546
 10
785.688064726541
 20
608.7698294238114
  0
LWPOLYLINE
  5
4AA
330
1F
100
AcDbEntity
  8
PDF_RICKLEE_COAXCABLE
370
     0
100
AcDbPolyline
 90
        2
 70
     0
 43
0.0
 10
785.2465018945097
 20
610.5360807519364
 10
784.4737669384551
 20
614.1789741161942
  0
LWPOLYLINE
  5
4AB
330
1F
100
AcDbEntity
  8
PDF_RICKLEE_COAXCABLE
370
     0
100
AcDbPolyline
 90
        2
 70
     0
 43
0.0
 10
784.0322041064238
 20
616.0556161523268
 10
783.2594691503692
 20
619.6985095165846
  0
LWPOLYLINE
  5
4AC
330
1F
100
AcDbEntity
  8
PDF_RICKLEE_COAXCABLE
370
     0
100
AcDbPolyline
 90
        2
 70
     0
 43
0.0
 10
782.8179063183378
 20
621.5751515527174
 10
782.0451713622833
 20
625.218044916975
  0
LWPOLYLINE
  5
4AD
330
1F
100
AcDbEntity
  8
PDF_RICKLEE_COAXCABLE
370
     0
100
AcDbPolyline
 90
        2
 70
     0
 43
0.0
 10
781.7139992382598
 20
627.0946869531078
 10
780.8308735741974
 20
630.7375803173656
  0
LWPOLYLINE
  5
4AE
330
1F
100
AcDbEntity
  8
PDF_RICKLEE_COAXCABLE
370
     0
100
AcDbPolyline
 90
        2
 70
     0
 43
0.0
 10
780.4997014501739
 20
632.5038316454904
 10
779.7269664941193
 20
636.257115717756
  0
LWPOLYLINE
  5
4AF
330
1F
100
AcDbEntity
  8
PDF_RICKLEE_COAXCABLE
370
     0
100
AcDbPolyline
 90
        2
 70
     0
 43
0.0
 10
779.285403662088
 20
638.023367045881
 10
778.5126687060334
 20
641.6662604101386
  0
LWPOLYLINE
  5
4B0
330
1F
100
AcDbEntity
  8
PDF_RICKLEE_COAXCABLE
370
     0
100
AcDbPolyline
 90
        2
 70
     0
 43
0.0
 10
778.0711058740021
 20
643.5429024462714
 10
777.2983709179475
 20
647.1857958105292
  0
LWPOLYLINE
  5
4B1
330
1F
100
AcDbEntity
  8
PDF_RICKLEE_COAXCABLE
370
     0
100
AcDbPolyline
 90
        2
 70
     0
 43
0.0
 10
776.967198793924
 20
649.0624378466618
 10
776.0840731298616
 20
652.7053312109196
  0
LWPOLYLINE
  5
4B3
330
1F
100
AcDbEntity
  8
PDF_Level 21
370
     9
100
AcDbPolyline
 90
        5
 70
     0
 43
0.0
 10
690.2001022997858
 20
875.473779970679
 10
686.005255395489
 20
876.6880777587651
 10
689.8689301757623
 20
878.1231569628667
 10
685.6740832714656
 20
878.3439383788822
 10
689.2065859277155
 20
880.8829246630619
  0
LWPOLYLINE
  5
4B5
330
1F
100
AcDbEntity
  8
PDF_Level 21
370
     9
100
AcDbPolyline
 90
        5
 70
     0
 43
0.0
 10
688.9858045116999
 20
170.0771558007766
 10
691.8559629199029
 20
173.3888770410109
 10
691.5247907958795
 20
169.3044208447219
 10
693.4014328320122
 20
173.0577049169874
 10
694.1741677880669
 20
168.7524673046828
  0
LWPOLYLINE
  5
4B7
330
1F
100
AcDbEntity
  8
PDF_Level 22
 62
     7
370
     9
100
AcDbPolyline
 90
        4
 70
     1
 43
0.0
 10
811.2987089843526
 20
499.5934192040878
 10
824.8767660693133
 20
502.2427961962753
 10
826.4222359814226
 20
494.294665219713
 10
812.8441788964622
 20
491.7556789355334
  0
LWPOLYLINE
  5
4B8
330
1F
100
AcDbEntity
  8
PDF_Level 21
370
     9
100
AcDbPolyline
 90
        3
 70
     1
 43
0.0
 10
812.8441788964622
 20
498.7102935400254
 10
818.4741050048604
 20
496.7232607958848
 10
813.9480859765402
 20
492.8595860156114
  0
LWPOLYLINE
  5
4B9
330
1F
100
AcDbEntity
  8
PDF_Level 22
 62
     7
370
     9
100
AcDbPolyline
 90
        3
 70
     0
 43
0.0
 10
814.5000395165792
 20
496.7232607958848
 10
816.2662908447043
 20
496.3920886718613
 10
814.7208209325949
 20
495.3985722997911
  0
LWPOLYLINE
  5
4BA
330
1F
100
AcDbEntity
  8
PDF_Level 22
 62
     7
370
     9
100
AcDbPolyline
 90
        2
 70
     0
 43
0.0
 10
815.0519930566183
 20
496.612870087877
 10
815.2727744726339
 20
495.7297444238145
  0
LWPOLYLINE
  5
4BB
330
1F
100
AcDbEntity
  8
PDF_Level 22
 62
     7
370
     9
100
AcDbPolyline
 90
        2
 70
     0
 43
0.0
 10
815.9351187206807
 20
497.7167771679551
 10
820.3507470409931
 20
498.5999028320176
  0
LWPOLYLINE
  5
4BC
330
1F
100
AcDbEntity
  8
PDF_Level 22
 62
     7
370
     9
100
AcDbPolyline
 90
        2
 70
     0
 43
0.0
 10
816.376681552712
 20
494.846618759752
 10
825.8702824413836
 20
496.612870087877
  0
CIRCLE
  5
4BD
330
1F
100
AcDbEntity
  8
PDF_Level 22
 62
     7
370
     9
100
AcDbCircle
 10
822.9778322843893
 20
499.2255246926423
 30
0.0
 40
2.373589891416178
  0
LWPOLYLINE
  5
4BE
330
1F
100
AcDbEntity
  8
PDF_Level 22
370
     9
100
AcDbPolyline
 90
       10
 70
     0
 43
0.0
 10
823.1105147411884
 20
500.1453727441269
 10
823.3312961572041
 20
498.8206842480332
 10
823.3312961572041
 20
498.4895121240098
 10
823.2209054491962
 20
498.3791214160019
 10
823.1105147411884
 20
498.2687307079941
 10
823.0001240331805
 20
498.2687307079941
 10
822.7793426171649
 20
498.3791214160019
 10
822.6689519091571
 20
498.3791214160019
 10
822.5585612011494
 20
498.5999028320176
 10
822.5585612011494
 20
498.8206842480332
  0
LWPOLYLINE
  5
4BF
330
1F
100
AcDbEntity
  8
PDF_RICKLEE_COAXCABLE
370
     0
100
AcDbPolyline
 90
        2
 70
     0
 43
0.0
 10
777.4087616259553
 20
698.5174750341605
 10
778.1814965820099
 20
694.7641909618951
  0
LWPOLYLINE
  5
4C0
330
1F
100
AcDbEntity
  8
PDF_RICKLEE_COAXCABLE
370
     0
100
AcDbPolyline
 90
        2
 70
     0
 43
0.0
 10
778.6230594140412
 20
692.8875489257623
 10
779.3957943700958
 20
689.2446555615045
  0
LWPOLYLINE
  5
4C1
330
1F
100
AcDbEntity
  8
PDF_RICKLEE_COAXCABLE
370
     0
100
AcDbPolyline
 90
        2
 70
     0
 43
0.0
 10
779.8373572021271
 20
687.3680135253719
 10
780.6100921581816
 20
683.7251201611141
  0
LWPOLYLINE
  5
4C2
330
1F
100
AcDbEntity
  8
PDF_RICKLEE_COAXCABLE
370
     0
100
AcDbPolyline
 90
        2
 70
     0
 43
0.0
 10
780.9412642822052
 20
681.8484781249813
 10
781.8243899462676
 20
678.2055847607237
  0
LWPOLYLINE
  5
4C3
330
1F
100
AcDbEntity
  8
PDF_RICKLEE_COAXCABLE
370
     0
100
AcDbPolyline
 90
        2
 70
     0
 43
0.0
 10
782.1555620702911
 20
676.4393334325987
 10
783.0386877343535
 20
672.5756586523252
  0
LWPOLYLINE
  5
4C4
330
1F
100
AcDbEntity
  8
PDF_RICKLEE_COAXCABLE
370
     0
100
AcDbPolyline
 90
        3
 70
     0
 43
0.0
 10
843.2016235986097
 20
309.8317921386634
 10
844.0847492626721
 20
305.4161638183511
 10
844.747093510719
 20
301.5524890380777
  0
LWPOLYLINE
  5
4C5
330
1F
100
AcDbEntity
  8
PDF_RICKLEE_COAXCABLE
370
     0
100
AcDbPolyline
 90
        2
 70
     0
 43
0.0
 10
845.1886563427503
 20
299.6758470019449
 10
845.8510005907971
 20
296.0329536376872
  0
LWPOLYLINE
  5
4C6
330
1F
100
AcDbEntity
  8
PDF_RICKLEE_COAXCABLE
370
     0
100
AcDbPolyline
 90
        2
 70
     0
 43
0.0
 10
846.1821727148205
 20
294.1563116015544
 10
846.8445169628674
 20
290.4030275292889
  0
LWPOLYLINE
  5
4C7
330
1F
100
AcDbEntity
  8
PDF_RICKLEE_COAXCABLE
370
     0
100
AcDbPolyline
 90
        2
 70
     0
 43
0.0
 10
847.2860797948987
 20
288.636776201164
 10
847.9484240429455
 20
284.8834921288985
  0
LWPOLYLINE
  5
4C8
330
1F
100
AcDbEntity
  8
PDF_RICKLEE_COAXCABLE
370
     0
100
AcDbPolyline
 90
        2
 70
     0
 43
0.0
 10
848.279596166969
 20
283.1172408007735
 10
849.0523311230237
 20
279.363956728508
  0
LWPOLYLINE
  5
4C9
330
1F
100
AcDbEntity
  8
PDF_RICKLEE_COAXCABLE
370
     0
100
AcDbPolyline
 90
        2
 70
     0
 43
0.0
 10
849.3835032470471
 20
277.597705400383
 10
850.0458474950939
 20
273.6236399121019
  0
LWPOLYLINE
  5
4CB
330
1F
100
AcDbEntity
  8
PDF_RICKLEE_COAXCABLE
370
     0
100
AcDbPolyline
 90
        2
 70
     0
 43
0.0
 10
716.4730908056444
 20
198.4475677587836
 10
715.4795744335741
 20
201.9800704150335
  0
LWPOLYLINE
  5
4CC
330
1F
100
AcDbEntity
  8
PDF_RICKLEE_COAXCABLE
370
     0
100
AcDbPolyline
 90
        2
 70
     0
 43
0.0
 10
715.0380116015429
 20
203.8567124511663
 10
714.0444952294727
 20
207.499605815424
  0
LWPOLYLINE
  5
4CD
330
1F
100
AcDbEntity
  8
PDF_RICKLEE_COAXCABLE
370
     0
100
AcDbPolyline
 90
        2
 70
     0
 43
0.0
 10
713.4925416894335
 20
209.265857143549
 10
712.4990253173633
 20
212.9087505078067
  0
LWPOLYLINE
  5
4CE
330
1F
100
AcDbEntity
  8
PDF_RICKLEE_COAXCABLE
370
     0
100
AcDbPolyline
 90
        2
 70
     0
 43
0.0
 10
712.057462485332
 20
214.6750018359316
 10
710.953555405254
 20
218.3178952001893
  0
LWPOLYLINE
  5
4D0
330
1F
100
AcDbEntity
  8
PDF_Level 21
370
     9
100
AcDbPolyline
 90
        3
 70
     1
 43
0.0
 10
723.2069239941209
 20
879.3374547509525
 10
723.7588775341598
 20
881.2140967870853
 10
725.0835660302535
 20
879.7790175829836
  0
LWPOLYLINE
  5
4D1
330
1F
100
AcDbEntity
  8
PDF_Level 21
370
     9
100
AcDbPolyline
 90
        3
 70
     0
 43
0.0
 10
725.0835660302535
 20
879.7790175829836
 10
723.2069239941209
 20
879.4478454589603
 10
724.9731753222457
 20
879.8894082909914
  0
LWPOLYLINE
  5
4D2
330
1F
100
AcDbEntity
  8
PDF_Level 21
370
     9
100
AcDbPolyline
 90
        2
 70
     0
 43
0.0
 10
724.9731753222457
 20
879.9997989989993
 10
723.3173147021286
 20
879.558236166968
  0
LWPOLYLINE
  5
4D3
330
1F
100
AcDbEntity
  8
PDF_Level 21
370
     9
100
AcDbPolyline
 90
        2
 70
     0
 43
0.0
 10
724.862784614238
 20
879.9997989989993
 10
723.3173147021286
 20
879.6686268749759
  0
LWPOLYLINE
  5
4D4
330
1F
100
AcDbEntity
  8
PDF_Level 21
370
     9
100
AcDbPolyline
 90
        3
 70
     0
 43
0.0
 10
723.3173147021286
 20
879.8894082909914
 10
724.7523939062301
 20
880.110189707007
 10
723.3173147021286
 20
879.7790175829836
  0
LWPOLYLINE
  5
4D5
330
1F
100
AcDbEntity
  8
PDF_Level 21
370
     9
100
AcDbPolyline
 90
        3
 70
     0
 43
0.0
 10
724.6420031982223
 20
880.2205804150148
 10
723.4277054101364
 20
879.9997989989993
 10
724.6420031982223
 20
880.3309711230228
  0
LWPOLYLINE
  5
4D6
330
1F
100
AcDbEntity
  8
PDF_Level 21
370
     9
100
AcDbPolyline
 90
        2
 70
     0
 43
0.0
 10
724.5316124902146
 20
880.3309711230228
 10
723.4277054101364
 20
880.110189707007
  0
LWPOLYLINE
  5
4D7
330
1F
100
AcDbEntity
  8
PDF_Level 21
370
     9
100
AcDbPolyline
 90
        2
 70
     0
 43
0.0
 10
724.5316124902146
 20
880.4413618310306
 10
723.4277054101364
 20
880.2205804150148
  0
LWPOLYLINE
  5
4D8
330
1F
100
AcDbEntity
  8
PDF_Level 21
370
     9
100
AcDbPolyline
 90
        2
 70
     0
 43
0.0
 10
724.4212217822068
 20
880.5517525390385
 10
723.5380961181443
 20
880.3309711230228
  0
LWPOLYLINE
  5
4D9
330
1F
100
AcDbEntity
  8
PDF_Level 21
370
     9
100
AcDbPolyline
 90
        2
 70
     0
 43
0.0
 10
724.3108310741989
 20
880.5517525390385
 10
723.5380961181443
 20
880.4413618310306
  0
LWPOLYLINE
  5
4DA
330
1F
100
AcDbEntity
  8
PDF_Level 21
370
     9
100
AcDbPolyline
 90
        2
 70
     0
 43
0.0
 10
724.3108310741989
 20
880.6621432470462
 10
723.5380961181443
 20
880.5517525390385
  0
LWPOLYLINE
  5
4DB
330
1F
100
AcDbEntity
  8
PDF_Level 21
370
     9
100
AcDbPolyline
 90
        2
 70
     0
 43
0.0
 10
724.2004403661911
 20
880.7725339550541
 10
723.648486826152
 20
880.6621432470462
  0
LWPOLYLINE
  5
4DC
330
1F
100
AcDbEntity
  8
PDF_Level 21
370
     9
100
AcDbPolyline
 90
        3
 70
     0
 43
0.0
 10
723.648486826152
 20
880.7725339550541
 10
724.0900496581832
 20
880.8829246630619
 10
723.648486826152
 20
880.7725339550541
  0
LWPOLYLINE
  5
4DD
330
1F
100
AcDbEntity
  8
PDF_Level 21
370
     9
100
AcDbPolyline
 90
        3
 70
     0
 43
0.0
 10
723.7588775341598
 20
880.9933153710696
 10
723.9796589501755
 20
880.9933153710696
 10
723.648486826152
 20
880.8829246630619
  0
LWPOLYLINE
  5
4DE
330
1F
100
AcDbEntity
  8
PDF_Level 21
370
     9
100
AcDbPolyline
 90
        2
 70
     0
 43
0.0
 10
723.8692682421676
 20
881.1037060790775
 10
723.7588775341598
 20
881.1037060790775
  0
LWPOLYLINE
  5
4DF
330
1F
100
AcDbEntity
  8
PDF_Level 21
370
     9
100
AcDbPolyline
 90
        3
 70
     1
 43
0.0
 10
723.096533286113
 20
879.2270640429446
 10
723.7588775341598
 20
881.4348782031009
 10
725.3043474462692
 20
879.6686268749759
  0
LWPOLYLINE
  5
4E0
330
1F
100
AcDbEntity
  8
PDF_Level 21
370
     9
100
AcDbPolyline
 90
        3
 70
     1
 43
0.0
 10
720.9991098339647
 20
872.9347936864995
 10
723.7588775341598
 20
881.6556596191164
 10
729.9407571825971
 20
874.9218264306401
  0
LWPOLYLINE
  5
4E1
330
1F
100
AcDbEntity
  8
PDF_Level 22
 62
     7
370
     9
100
AcDbPolyline
 90
        3
 70
     0
 43
0.0
 10
723.096533286113
 20
877.1296405907962
 10
723.5380961181443
 20
875.1426078466556
 10
724.6420031982223
 20
875.3633892626712
  0
LWPOLYLINE
  5
4E2
330
1F
100
AcDbEntity
  8
PDF_Level 22
 62
     7
370
     9
100
AcDbPolyline
 90
        5
 70
     0
 43
0.0
 10
725.1939567382613
 20
875.473779970679
 10
724.7523939062301
 20
877.4608127148196
 10
725.966691694316
 20
875.5841706786871
 10
726.1874731103317
 20
877.791984838843
 10
726.7394266503707
 20
875.8049520947027
  0
LWPOLYLINE
  5
4E3
330
1F
100
AcDbEntity
  8
PDF_Level 22
370
     9
100
AcDbPolyline
 90
        8
 70
     1
 43
0.0
 10
851.9224895312266
 20
329.15016604003
 10
849.4938939550548
 20
328.8189939160066
 10
848.1692054589611
 20
326.8319611718661
 10
848.6107682909924
 20
324.5137563037021
 10
850.5978010351329
 20
323.1890678076084
 10
852.9160059032969
 20
323.6306306396396
 10
854.2406943993906
 20
325.5072726757723
 10
853.7991315673595
 20
327.8254775439364
  0
LWPOLYLINE
  5
4E4
330
1F
100
AcDbEntity
  8
PDF_Level 22
370
     9
100
AcDbPolyline
 90
        4
 70
     0
 43
0.0
 10
850.5978010351329
 20
324.5137563037021
 10
850.4874103271252
 20
324.7345377197177
 10
850.0458474950939
 20
324.9553191357333
 10
852.8056151952892
 20
325.3968819677646
  0
LWPOLYLINE
  5
4E5
330
1F
100
AcDbEntity
  8
PDF_Level 22
370
     9
100
AcDbPolyline
 90
        3
 70
     0
 43
0.0
 10
849.8250660790782
 20
326.0592262158114
 10
849.4938939550548
 20
327.4943054199129
 10
852.5848337792735
 20
326.9423518798739
  0
LWPOLYLINE
  5
4E6
330
1F
100
AcDbEntity
  8
PDF_Level 22
370
     9
100
AcDbPolyline
 90
        8
 70
     1
 43
0.0
 10
836.9093532421645
 20
407.5275687255747
 10
834.4807576659928
 20
407.0860058935435
 10
833.2664598779068
 20
405.2093638574107
 10
833.7080227099381
 20
402.8911589892468
 10
835.5846647460708
 20
401.5664704931531
 10
837.9028696142349
 20
402.0080333251843
 10
839.2275581103286
 20
403.884675361317
 10
838.7859952782973
 20
406.202880229481
  0
LWPOLYLINE
  5
4E7
330
1F
100
AcDbEntity
  8
PDF_Level 22
370
     9
100
AcDbPolyline
 90
       14
 70
     0
 43
0.0
 10
835.8054461620865
 20
402.8911589892468
 10
835.6950554540786
 20
402.8911589892468
 10
835.3638833300552
 20
402.8911589892468
 10
835.2534926220474
 20
403.0015496972545
 10
835.0327112060318
 20
403.1119404052624
 10
834.9223204980241
 20
403.5535032372936
 10
835.0327112060318
 20
403.7742846533093
 10
835.1431019140397
 20
403.884675361317
 10
835.4742740380631
 20
404.1054567773326
 10
835.6950554540786
 20
404.1054567773326
 10
836.0262275781021
 20
404.1054567773326
 10
836.4677904101334
 20
403.9950660693248
 10
838.0132603222426
 20
403.2223311132701
 10
837.6820881982192
 20
404.6574103173717
  0
LWPOLYLINE
  5
4E8
330
1F
100
AcDbEntity
  8
PDF_Level 22
370
     9
100
AcDbPolyline
 90
       16
 70
     1
 43
0.0
 10
834.5911483740005
 20
405.3197545654185
 10
834.8119297900161
 20
404.9885824413951
 10
835.2534926220474
 20
404.8781917333873
 10
836.0262275781021
 20
404.8781917333873
 10
836.3573997021255
 20
404.9885824413951
 10
837.0197439501723
 20
405.2093638574107
 10
837.3509160741958
 20
405.5405359814342
 10
837.4613067822036
 20
405.8717081054576
 10
837.4613067822036
 20
405.9820988134654
 10
837.2405253661881
 20
406.3132709374889
 10
836.7989625341568
 20
406.4236616454967
 10
836.13661828611
 20
406.4236616454967
 10
835.6950554540786
 20
406.3132709374889
 10
835.0327112060318
 20
406.0924895214732
 10
834.7015390820084
 20
405.7613173974498
 10
834.5911483740005
 20
405.4301452734264
  0
LWPOLYLINE
  5
4E9
330
1F
100
AcDbEntity
  8
PDF_Level 22
370
     9
100
AcDbPolyline
 90
        8
 70
     1
 43
0.0
 10
696.2715912402153
 20
878.1231569628667
 10
695.830028408184
 20
880.4413618310306
 10
693.8429956640435
 20
881.7660503271243
 10
691.5247907958795
 20
881.324487495093
 10
690.2001022997858
 20
879.4478454589603
 10
690.641665131817
 20
877.1296405907962
 10
692.5183071679498
 20
875.8049520947027
 10
694.9469027441216
 20
876.2465149267338
  0
LWPOLYLINE
  5
4EA
330
1F
100
AcDbEntity
  8
PDF_Level 22
370
     9
100
AcDbPolyline
 90
        4
 70
     0
 43
0.0
 10
691.5247907958795
 20
879.3374547509525
 10
691.6351815038873
 20
879.558236166968
 10
691.8559629199029
 20
879.9997989989993
 10
692.407916459942
 20
877.1296405907962
  0
LWPOLYLINE
  5
4EB
330
1F
100
AcDbEntity
  8
PDF_Level 22
370
     9
100
AcDbPolyline
 90
        4
 70
     0
 43
0.0
 10
694.5053399120903
 20
877.5712034228275
 10
694.0637770800591
 20
880.4413618310306
 10
693.4014328320122
 20
878.3439383788822
 10
694.8365120361138
 20
878.5647197948978
  0
LWPOLYLINE
  5
4EC
330
1F
100
AcDbEntity
  8
PDF_Level 21
370
     9
100
AcDbPolyline
 90
        3
 70
     0
 43
0.0
 10
807.9869877441185
 20
497.9375585839707
 10
809.0908948241967
 20
491.42450681151
 10
805.8895642919701
 20
496.5024793798692
  0
CIRCLE
  5
4ED
330
1F
100
AcDbEntity
  8
PDF_Level 21
370
     9
100
AcDbCircle
 10
808.6264219873664
 20
494.6992819975147
 30
0.0
 40
3.367149668242862
  0
LWPOLYLINE
  5
4EF
330
1F
100
AcDbEntity
  8
PDF_Level 21
370
     9
100
AcDbPolyline
 90
        2
 70
     0
 43
0.0
 10
808.4285505761497
 20
491.42450681151
 10
805.5583921679467
 20
495.9505258398301
  0
LWPOLYLINE
  5
4F0
330
1F
100
AcDbEntity
  8
PDF_Level 21
370
     9
100
AcDbPolyline
 90
        2
 70
     0
 43
0.0
 10
807.6558156200951
 20
491.5348975195178
 10
805.337610751931
 20
495.0674001757676
  0
LWPOLYLINE
  5
4F1
330
1F
100
AcDbEntity
  8
PDF_Level 21
370
     9
100
AcDbPolyline
 90
        2
 70
     0
 43
0.0
 10
806.5519085400168
 20
492.0868510595568
 10
805.337610751931
 20
494.0738838036974
  0
LWPOLYLINE
  5
4F2
330
1F
100
AcDbEntity
  8
PDF_Level 21
370
     9
100
AcDbPolyline
 90
        2
 70
     0
 43
0.0
 10
808.5389412841575
 20
491.976460351549
 10
806.1103457079857
 20
492.6388045995959
  0
LWPOLYLINE
  5
4F3
330
1F
100
AcDbEntity
  8
PDF_Level 21
370
     9
100
AcDbPolyline
 90
        2
 70
     0
 43
0.0
 10
808.0973784521264
 20
492.9699767236193
 10
805.5583921679467
 20
493.4115395556506
  0
LWPOLYLINE
  5
4F4
330
1F
100
AcDbEntity
  8
PDF_Level 21
370
     9
100
AcDbPolyline
 90
        2
 70
     0
 43
0.0
 10
807.3246434960717
 20
493.9634930956896
 10
805.448001459939
 20
494.0738838036974
  0
LWPOLYLINE
  5
4F5
330
1F
100
AcDbEntity
  8
PDF_Level 21
370
     9
100
AcDbPolyline
 90
        2
 70
     0
 43
0.0
 10
806.7726899560327
 20
494.846618759752
 10
805.2272200439231
 20
494.6258373437364
  0
LWPOLYLINE
  5
4F6
330
1F
100
AcDbEntity
  8
PDF_Level 21
370
     9
100
AcDbPolyline
 90
        2
 70
     0
 43
0.0
 10
806.3311271240014
 20
495.5089630077989
 10
805.448001459939
 20
495.2881815917833
  0
LWPOLYLINE
  5
4F7
330
1F
100
AcDbEntity
  8
PDF_Level 21
370
     9
100
AcDbPolyline
 90
        2
 70
     0
 43
0.0
 10
810.5259740282981
 20
493.1907581396349
 10
810.3051926122825
 20
494.5154466357286
  0
LWPOLYLINE
  5
4F8
330
1F
100
AcDbEntity
  8
PDF_Level 21
370
     9
100
AcDbPolyline
 90
       27
 70
     1
 43
0.0
 10
808.9805041161888
 20
495.1777908837755
 10
809.0908948241967
 20
494.9570094677599
 10
809.3116762402122
 20
494.9570094677599
 10
809.5324576562278
 20
494.9570094677599
 10
809.6428483642355
 20
495.0674001757676
 10
809.7532390722435
 20
495.2881815917833
 10
809.7532390722435
 20
495.6193537158068
 10
809.8636297802512
 20
495.8401351318223
 10
809.9740204882589
 20
495.9505258398301
 10
810.1948019042747
 20
496.060916547838
 10
810.4155833202904
 20
496.1713072558458
 10
810.6363647363059
 20
496.060916547838
 10
810.7467554443138
 20
496.060916547838
 10
810.8571461523215
 20
495.8401351318223
 10
810.9675368603292
 20
495.6193537158068
 10
810.8571461523215
 20
495.2881815917833
 10
810.6363647363059
 20
495.1777908837755
 10
810.3051926122825
 20
495.0674001757676
 10
810.1948019042747
 20
495.1777908837755
 10
809.9740204882589
 20
495.1777908837755
 10
809.7532390722435
 20
495.3985722997911
 10
809.6428483642355
 20
495.7297444238145
 10
809.5324576562278
 20
495.8401351318223
 10
809.3116762402122
 20
495.8401351318223
 10
809.0908948241967
 20
495.8401351318223
 10
808.9805041161888
 20
495.7297444238145
 10
808.8701134081809
 20
495.5089630077989
  0
LWPOLYLINE
  5
4F9
330
1F
100
AcDbEntity
  8
PDF_RICKLEE_COAXCABLE
370
     0
100
AcDbPolyline
 90
        2
 70
     0
 43
0.0
 10
826.201454565407
 20
510.7428807128766
 10
825.5391103173602
 20
513.9442112451031
  0
LWPOLYLINE
  5
4FA
330
1F
100
AcDbEntity
  8
PDF_RICKLEE_COAXCABLE
370
     0
100
AcDbPolyline
 90
        2
 70
     0
 43
0.0
 10
825.2079381933366
 20
515.8208532812359
 10
824.4352032372821
 20
519.4637466454935
  0
LWPOLYLINE
  5
4FB
330
1F
100
AcDbEntity
  8
PDF_RICKLEE_COAXCABLE
370
     0
100
AcDbPolyline
 90
        2
 70
     0
 43
0.0
 10
824.1040311132586
 20
521.3403886816263
 10
823.4416868652118
 20
524.9832820458841
  0
LWPOLYLINE
  5
4FC
330
1F
100
AcDbEntity
  8
PDF_RICKLEE_COAXCABLE
370
     0
100
AcDbPolyline
 90
        2
 70
     0
 43
0.0
 10
823.0001240331805
 20
526.8599240820168
 10
822.3377797851338
 20
530.5028174462745
  0
LWPOLYLINE
  5
4FD
330
1F
100
AcDbEntity
  8
PDF_RICKLEE_COAXCABLE
370
     0
100
AcDbPolyline
 90
        2
 70
     0
 43
0.0
 10
822.0066076611104
 20
532.3794594824073
 10
821.2338727050557
 20
536.0223528466649
  0
LWPOLYLINE
  5
4FE
330
1F
100
AcDbEntity
  8
PDF_RICKLEE_COAXCABLE
370
     0
100
AcDbPolyline
 90
        2
 70
     0
 43
0.0
 10
820.9027005810323
 20
537.8989948827977
 10
820.2403563329854
 20
541.1003254150243
  0
LWPOLYLINE
  5
4FF
330
1F
100
AcDbEntity
  8
PDF_RICKLEE_COAXCABLE
370
     0
100
AcDbPolyline
 90
        2
 70
     0
 43
0.0
 10
710.7327739892383
 20
943.5848468114976
 10
709.9600390331836
 20
947.4485215917709
  0
LWPOLYLINE
  5
500
330
1F
100
AcDbEntity
  8
PDF_RICKLEE_COAXCABLE
370
     0
100
AcDbPolyline
 90
        2
 70
     0
 43
0.0
 10
709.5184762011524
 20
949.2147729198959
 10
708.7457412450977
 20
952.8576662841535
  0
LWPOLYLINE
  5
501
330
1F
100
AcDbEntity
  8
PDF_RICKLEE_COAXCABLE
370
     0
100
AcDbPolyline
 90
        2
 70
     0
 43
0.0
 10
708.3041784130665
 20
954.7343083202862
 10
707.5314434570118
 20
958.3772016845442
  0
LWPOLYLINE
  5
502
330
1F
100
AcDbEntity
  8
PDF_RICKLEE_COAXCABLE
370
     0
100
AcDbPolyline
 90
        2
 70
     0
 43
0.0
 10
707.0898806249807
 20
960.2538437206767
 10
706.3171456689259
 20
963.8967370849345
  0
LWPOLYLINE
  5
503
330
1F
100
AcDbEntity
  8
PDF_RICKLEE_COAXCABLE
370
     0
100
AcDbPolyline
 90
        2
 70
     0
 43
0.0
 10
705.9859735449025
 20
965.7733791210674
 10
705.10284788084
 20
969.4162724853249
  0
LWPOLYLINE
  5
504
330
1F
100
AcDbEntity
  8
PDF_RICKLEE_COAXCABLE
370
     0
100
AcDbPolyline
 90
        2
 70
     0
 43
0.0
 10
704.7716757568166
 20
971.1825238134499
 10
703.8885500927541
 20
974.8254171777077
  0
LWPOLYLINE
  5
505
330
1F
100
AcDbEntity
  8
PDF_RICKLEE_COAXCABLE
370
     0
100
AcDbPolyline
 90
        2
 70
     0
 43
0.0
 10
703.5573779687307
 20
976.7020592138404
 10
702.784643012676
 20
980.3449525780981
  0
LWPOLYLINE
  5
506
330
1F
100
AcDbEntity
  8
PDF_RICKLEE_COAXCABLE
370
     0
100
AcDbPolyline
 90
        2
 70
     0
 43
0.0
 10
702.3430801806448
 20
982.2215946142309
 10
701.5703452245901
 20
985.9748786864964
  0
LWPOLYLINE
  5
507
330
1F
100
AcDbEntity
  8
PDF_RICKLEE_COAXCABLE
370
     0
100
AcDbPolyline
 90
        2
 70
     0
 43
0.0
 10
851.3705359911877
 20
251.7662797265556
 10
852.0328802392345
 20
248.1233863622979
  0
LWPOLYLINE
  5
508
330
1F
100
AcDbEntity
  8
PDF_RICKLEE_COAXCABLE
370
     0
100
AcDbPolyline
 90
        2
 70
     0
 43
0.0
 10
852.4744430712656
 20
246.357135034173
 10
853.1367873193126
 20
242.6038509619074
  0
LWPOLYLINE
  5
509
330
1F
100
AcDbEntity
  8
PDF_RICKLEE_COAXCABLE
370
     0
100
AcDbPolyline
 90
        2
 70
     0
 43
0.0
 10
853.4679594433359
 20
240.8375996337825
 10
854.2406943993906
 20
237.0843155615169
  0
LWPOLYLINE
  5
50A
330
1F
100
AcDbEntity
  8
PDF_RICKLEE_COAXCABLE
370
     0
100
AcDbPolyline
 90
        2
 70
     0
 43
0.0
 10
854.571866523414
 20
235.318064233392
 10
855.234210771461
 20
231.5647801611265
  0
LWPOLYLINE
  5
50B
330
1F
100
AcDbEntity
  8
PDF_RICKLEE_COAXCABLE
370
     0
100
AcDbPolyline
 90
        2
 70
     0
 43
0.0
 10
855.6757736034922
 20
229.7985288330015
 10
856.338117851539
 20
226.045244760736
  0
LWPOLYLINE
  5
50C
330
1F
100
AcDbEntity
  8
PDF_RICKLEE_COAXCABLE
370
     0
100
AcDbPolyline
 90
        2
 70
     0
 43
0.0
 10
856.6692899755624
 20
224.2789934326111
 10
857.4420249316172
 20
220.5257093603455
  0
LWPOLYLINE
  5
50D
330
1F
100
AcDbEntity
  8
PDF_RICKLEE_COAXCABLE
370
     0
100
AcDbPolyline
 90
        2
 70
     0
 43
0.0
 10
857.7731970556406
 20
218.7594580322206
 10
858.4355413036874
 20
215.006173959955
  0
LWPOLYLINE
  5
50E
330
1F
100
AcDbEntity
  8
PDF_RICKLEE_COAXCABLE
370
     0
100
AcDbPolyline
 90
        2
 70
     0
 43
0.0
 10
858.766713427711
 20
213.2399226318301
 10
859.5394483837655
 20
209.4866385595646
  0
LWPOLYLINE
  5
50F
330
1F
100
AcDbEntity
  8
PDF_RICKLEE_COAXCABLE
370
     0
100
AcDbPolyline
 90
        2
 70
     0
 43
0.0
 10
859.870620507789
 20
207.7203872314396
 10
860.6433554638435
 20
203.9671031591741
  0
LWPOLYLINE
  5
510
330
1F
100
AcDbEntity
  8
PDF_RICKLEE_COAXCABLE
370
     0
100
AcDbPolyline
 90
        2
 70
     0
 43
0.0
 10
860.9745275878671
 20
202.2008518310492
 10
861.6368718359138
 20
198.5579584667914
  0
LWPOLYLINE
  5
511
330
1F
100
AcDbEntity
  8
PDF_RICKLEE_COAXCABLE
370
     0
100
AcDbPolyline
 90
        2
 70
     0
 43
0.0
 10
809.0908948241967
 20
491.7556789355334
 10
809.8636297802512
 20
487.8920041552601
  0
LWPOLYLINE
  5
512
330
1F
100
AcDbEntity
  8
PDF_RICKLEE_COAXCABLE
370
     0
100
AcDbPolyline
 90
        2
 70
     0
 43
0.0
 10
810.1948019042747
 20
486.1257528271351
 10
810.8571461523215
 20
482.3724687548696
  0
LWPOLYLINE
  5
513
330
1F
100
AcDbEntity
  8
PDF_RICKLEE_COAXCABLE
370
     0
100
AcDbPolyline
 90
        2
 70
     0
 43
0.0
 10
811.1883182763449
 20
480.6062174267446
 10
811.8506625243918
 20
476.8529333544791
  0
LWPOLYLINE
  5
514
330
1F
100
AcDbEntity
  8
PDF_RICKLEE_COAXCABLE
370
     0
100
AcDbPolyline
 90
        2
 70
     0
 43
0.0
 10
812.292225356423
 20
475.0866820263541
 10
812.9545696044699
 20
471.3333979540886
  0
LWPOLYLINE
  5
515
330
1F
100
AcDbEntity
  8
PDF_RICKLEE_COAXCABLE
370
     0
100
AcDbPolyline
 90
        2
 70
     0
 43
0.0
 10
813.2857417284933
 20
469.5671466259637
 10
813.9480859765402
 20
465.8138625536982
  0
LWPOLYLINE
  5
516
330
1F
100
AcDbEntity
  8
PDF_RICKLEE_COAXCABLE
370
     0
100
AcDbPolyline
 90
        2
 70
     0
 43
0.0
 10
814.3896488085713
 20
464.0476112255732
 10
815.0519930566183
 20
460.2943271533077
  0
LWPOLYLINE
  5
517
330
1F
100
AcDbEntity
  8
PDF_RICKLEE_COAXCABLE
370
     0
100
AcDbPolyline
 90
        2
 70
     0
 43
0.0
 10
815.3831651806417
 20
458.4176851171749
 10
816.0455094286886
 20
454.7747917529171
  0
LWPOLYLINE
  5
518
330
1F
100
AcDbEntity
  8
PDF_RICKLEE_COAXCABLE
370
     0
100
AcDbPolyline
 90
        2
 70
     0
 43
0.0
 10
816.376681552712
 20
452.8981497167844
 10
817.1494165087667
 20
449.2552563525268
  0
LWPOLYLINE
  5
519
330
1F
100
AcDbEntity
  8
PDF_RICKLEE_COAXCABLE
370
     0
100
AcDbPolyline
 90
        2
 70
     0
 43
0.0
 10
817.48058863279
 20
447.378614316394
 10
818.142932880837
 20
443.7357209521363
  0
LWPOLYLINE
  5
51B
330
1F
100
AcDbEntity
  8
PDF_RICKLEE_COAXCABLE
370
     0
100
AcDbPolyline
 90
        2
 70
     0
 43
0.0
 10
797.279089067361
 20
554.4576010839691
 10
796.7271355273219
 20
556.8861966601409
  0
LWPOLYLINE
  5
51C
330
1F
100
AcDbEntity
  8
PDF_RICKLEE_COAXCABLE
370
     0
100
AcDbPolyline
 90
        2
 70
     0
 43
0.0
 10
796.3959634032985
 20
558.7628386962737
 10
795.512837739236
 20
562.4057320605316
  0
LWPOLYLINE
  5
51D
330
1F
100
AcDbEntity
  8
PDF_RICKLEE_COAXCABLE
370
     0
100
AcDbPolyline
 90
        2
 70
     0
 43
0.0
 10
795.1816656152126
 20
564.2823740966641
 10
794.4089306591579
 20
567.925267460922
  0
LWPOLYLINE
  5
51E
330
1F
100
AcDbEntity
  8
PDF_RICKLEE_COAXCABLE
370
     0
100
AcDbPolyline
 90
        2
 70
     0
 43
0.0
 10
793.9673678271267
 20
569.8019094970548
 10
793.194632871072
 20
573.4448028613123
  0
LWPOLYLINE
  5
51F
330
1F
100
AcDbEntity
  8
PDF_RICKLEE_COAXCABLE
370
     0
100
AcDbPolyline
 90
        2
 70
     0
 43
0.0
 10
792.8634607470486
 20
575.3214448974452
 10
792.0907257909939
 20
578.964338261703
  0
LWPOLYLINE
  5
520
330
1F
100
AcDbEntity
  8
PDF_RICKLEE_COAXCABLE
370
     0
100
AcDbPolyline
 90
        2
 70
     0
 43
0.0
 10
791.6491629589627
 20
580.7305895898277
 10
790.876428002908
 20
584.4838736620934
  0
LWPOLYLINE
  5
522
330
1F
100
AcDbEntity
  8
PDF_Level 22
 62
     7
370
     9
100
AcDbPolyline
 90
        4
 70
     1
 43
0.0
 10
754.8890571923622
 20
729.6476546923629
 10
752.018898784159
 20
743.2257117773233
 10
759.8566390527135
 20
744.8815723974405
 10
762.7267974609166
 20
731.3035153124799
  0
LWPOLYLINE
  5
523
330
1F
100
AcDbEntity
  8
PDF_Level 22
 62
     7
370
     9
100
AcDbPolyline
 90
        3
 70
     0
 43
0.0
 10
757.7592156005652
 20
732.7385945165815
 10
757.9799970165808
 20
734.6152365527143
 10
759.0839040966589
 20
733.0697666406049
  0
LWPOLYLINE
  5
524
330
1F
100
AcDbEntity
  8
PDF_Level 22
 62
     7
370
     9
100
AcDbPolyline
 90
        2
 70
     0
 43
0.0
 10
757.869606308573
 20
733.4009387646283
 10
758.6423412646277
 20
733.6217201806439
  0
LWPOLYLINE
  5
525
330
1F
100
AcDbEntity
  8
PDF_Level 21
370
     9
100
AcDbPolyline
 90
        3
 70
     1
 43
0.0
 10
755.7721828564246
 20
731.1931246044721
 10
757.5384341845496
 20
736.9334414208783
 10
761.6228903808385
 20
732.4074223925581
  0
LWPOLYLINE
  5
526
330
1F
100
AcDbEntity
  8
PDF_Level 22
 62
     7
370
     9
100
AcDbPolyline
 90
        2
 70
     0
 43
0.0
 10
756.6553085204871
 20
734.3944551366988
 10
755.7721828564246
 20
738.8100834570109
  0
LWPOLYLINE
  5
527
330
1F
100
AcDbEntity
  8
PDF_Level 22
 62
     7
370
     9
100
AcDbPolyline
 90
        2
 70
     0
 43
0.0
 10
759.5254669286902
 20
734.9464086767377
 10
757.5384341845496
 20
744.3296188574016
  0
CIRCLE
  5
528
330
1F
100
AcDbEntity
  8
PDF_Level 22
 62
     7
370
     9
100
AcDbCircle
 10
755.1951868160484
 20
741.3221737078323
 30
0.0
 40
2.373541154515049
  0
LWPOLYLINE
  5
529
330
1F
100
AcDbEntity
  8
PDF_Level 22
370
     9
100
AcDbPolyline
 90
       14
 70
     0
 43
0.0
 10
754.7786664843543
 20
740.6867254931437
 10
754.6682757763464
 20
740.6867254931437
 10
754.4474943603309
 20
740.6867254931437
 10
754.4474943603309
 20
740.7971162011515
 10
754.2267129443152
 20
740.9075069091593
 10
754.2267129443152
 20
741.2386790331827
 10
754.2267129443152
 20
741.4594604491985
 10
754.3371036523231
 20
741.4594604491985
 10
754.4474943603309
 20
741.6802418652141
 10
754.6682757763464
 20
741.6802418652141
 10
754.7786664843543
 20
741.5698511572063
 10
755.1098386083777
 20
741.4594604491985
 10
756.1033549804481
 20
740.9075069091593
 10
755.8825735644323
 20
742.0114139892375
  0
LWPOLYLINE
  5
52A
330
1F
100
AcDbEntity
  8
PDF_RICKLEE_COAXCABLE
370
     0
100
AcDbPolyline
 90
        2
 70
     0
 43
0.0
 10
754.2267129443152
 20
742.6737582372843
 10
753.5643686962684
 20
745.5439166454873
  0
LWPOLYLINE
  5
52B
330
1F
100
AcDbEntity
  8
PDF_RICKLEE_COAXCABLE
370
     0
100
AcDbPolyline
 90
        2
 70
     0
 43
0.0
 10
753.2331965722449
 20
747.3101679736124
 10
752.4604616161903
 20
750.9530613378701
  0
LWPOLYLINE
  5
52C
330
1F
100
AcDbEntity
  8
PDF_RICKLEE_COAXCABLE
370
     0
100
AcDbPolyline
 90
        2
 70
     0
 43
0.0
 10
752.018898784159
 20
752.8297033740027
 10
751.2461638281044
 20
756.4725967382606
  0
LWPOLYLINE
  5
52D
330
1F
100
AcDbEntity
  8
PDF_RICKLEE_COAXCABLE
370
     0
100
AcDbPolyline
 90
        2
 70
     0
 43
0.0
 10
750.8046009960732
 20
758.3492387743933
 10
750.0318660400185
 20
761.992132138651
  0
LWPOLYLINE
  5
52E
330
1F
100
AcDbEntity
  8
PDF_RICKLEE_COAXCABLE
370
     0
100
AcDbPolyline
 90
        2
 70
     0
 43
0.0
 10
749.5903032079873
 20
763.758383466776
 10
748.8175682519326
 20
767.5116675390415
  0
LWPOLYLINE
  5
52F
330
1F
100
AcDbEntity
  8
PDF_RICKLEE_COAXCABLE
370
     0
100
AcDbPolyline
 90
        2
 70
     0
 43
0.0
 10
748.3760054199014
 20
769.2779188671663
 10
747.6032704638466
 20
772.9208122314242
  0
LWPOLYLINE
  5
530
330
1F
100
AcDbEntity
  8
PDF_RICKLEE_COAXCABLE
370
     0
100
AcDbPolyline
 90
        2
 70
     0
 43
0.0
 10
747.2720983398232
 20
774.797454267557
 10
746.3889726757607
 20
778.4403476318145
  0
LWPOLYLINE
  5
531
330
1F
100
AcDbEntity
  8
PDF_RICKLEE_COAXCABLE
370
     0
100
AcDbPolyline
 90
        2
 70
     0
 43
0.0
 10
746.0578005517374
 20
780.3169896679474
 10
745.1746748876749
 20
783.9598830322052
  0
LWPOLYLINE
  5
532
330
1F
100
AcDbEntity
  8
PDF_RICKLEE_COAXCABLE
370
     0
100
AcDbPolyline
 90
        2
 70
     0
 43
0.0
 10
744.8435027636515
 20
785.8365250683378
 10
744.0707678075967
 20
789.4794184325956
  0
LWPOLYLINE
  5
533
330
1F
100
AcDbEntity
  8
PDF_RICKLEE_COAXCABLE
370
     0
100
AcDbPolyline
 90
        2
 70
     0
 43
0.0
 10
743.6292049755656
 20
791.2456697607206
 10
742.8564700195108
 20
794.998953832986
  0
LWPOLYLINE
  5
534
330
1F
100
AcDbEntity
  8
PDF_RICKLEE_COAXCABLE
370
     0
100
AcDbPolyline
 90
        2
 70
     0
 43
0.0
 10
742.4149071874796
 20
796.765205161111
 10
741.8629536474407
 20
799.5249728613061
  0
LWPOLYLINE
  5
535
330
1F
100
AcDbEntity
  8
PDF_RICKLEE_COAXCABLE
370
     0
100
AcDbPolyline
 90
        2
 70
     0
 43
0.0
 10
829.6235665136491
 20
438.657748383777
 10
830.285910761696
 20
435.0148550195193
  0
LWPOLYLINE
  5
536
330
1F
100
AcDbEntity
  8
PDF_RICKLEE_COAXCABLE
370
     0
100
AcDbPolyline
 90
        2
 70
     0
 43
0.0
 10
830.6170828857194
 20
433.2486036913944
 10
831.3898178417741
 20
429.4953196191288
  0
LWPOLYLINE
  5
537
330
1F
100
AcDbEntity
  8
PDF_RICKLEE_COAXCABLE
370
     0
100
AcDbPolyline
 90
        2
 70
     0
 43
0.0
 10
831.7209899657976
 20
427.7290682910039
 10
832.4937249218521
 20
423.9757842187383
  0
LWPOLYLINE
  5
538
330
1F
100
AcDbEntity
  8
PDF_RICKLEE_COAXCABLE
370
     0
100
AcDbPolyline
 90
        2
 70
     0
 43
0.0
 10
832.8248970458757
 20
422.2095328906134
 10
833.4872412939224
 20
418.4562488183479
  0
LWPOLYLINE
  5
539
330
1F
100
AcDbEntity
  8
PDF_RICKLEE_COAXCABLE
370
     0
100
AcDbPolyline
 90
        2
 70
     0
 43
0.0
 10
833.9288041259537
 20
416.6899974902229
 10
834.5911483740005
 20
412.9367134179574
  0
LWPOLYLINE
  5
53A
330
1F
100
AcDbEntity
  8
PDF_RICKLEE_COAXCABLE
370
     0
100
AcDbPolyline
 90
        2
 70
     0
 43
0.0
 10
834.9223204980241
 20
411.1704620898325
 10
835.6950554540786
 20
407.5275687255747
  0
LWPOLYLINE
  5
53B
330
1F
100
AcDbEntity
  8
PDF_Level 22
370
     9
100
AcDbPolyline
 90
        4
 70
     1
 43
0.0
 10
778.8438408300568
 20
704.8097453906057
 10
780.1685293261505
 20
699.4006006982231
 10
774.7593846337678
 20
698.186302910137
 10
773.4346961376741
 20
703.4850568945119
  0
LWPOLYLINE
  5
53C
330
1F
100
AcDbEntity
  8
PDF_Level 22
370
     9
100
AcDbPolyline
 90
       14
 70
     0
 43
0.0
 10
777.0775895019318
 20
703.5954476025197
 10
777.1879802099397
 20
703.5954476025197
 10
777.5191523339631
 20
703.5954476025197
 10
777.6295430419708
 20
703.4850568945119
 10
777.8503244579865
 20
703.2642754784963
 10
777.9607151659943
 20
702.7123219384573
 10
777.9607151659943
 20
702.4915405224417
 10
777.8503244579865
 20
702.2707591064261
 10
777.5191523339631
 20
702.1603683984182
 10
777.2983709179475
 20
702.0499776904105
 10
776.967198793924
 20
702.1603683984182
 10
776.5256359618928
 20
702.2707591064261
 10
774.8697753417757
 20
703.1538847704885
 10
775.3113381738069
 20
701.4980241503715
  0
LWPOLYLINE
  5
53D
330
1F
100
AcDbEntity
  8
PDF_Level 22
370
     9
100
AcDbPolyline
 90
       16
 70
     1
 43
0.0
 10
778.5126687060334
 20
700.6148984863089
 10
778.2918872900177
 20
701.0564613183401
 10
777.8503244579865
 20
701.1668520263478
 10
777.0775895019318
 20
701.0564613183401
 10
776.6360266699006
 20
701.0564613183401
 10
776.0840731298616
 20
700.7252891943167
 10
775.6425102978303
 20
700.3941170702932
 10
775.6425102978303
 20
699.952554238262
 10
775.6425102978303
 20
699.7317728222465
 10
775.8632917138458
 20
699.4006006982231
 10
776.415245253885
 20
699.2902099902153
 10
777.0775895019318
 20
699.2902099902153
 10
777.5191523339631
 20
699.4006006982231
 10
778.1814965820099
 20
699.7317728222465
 10
778.5126687060334
 20
700.0629449462699
 10
778.5126687060334
 20
700.3941170702932
  0
LWPOLYLINE
  5
53E
330
1F
100
AcDbEntity
  8
PDF_Level 22
370
     9
100
AcDbPolyline
 90
        7
 70
     0
 43
0.0
 10
896.5203355663817
 20
45.99799999999873
 10
896.8515076904051
 20
46.43956283202998
 10
896.4099448583739
 20
48.86815840820179
 10
894.533302822241
 20
50.1928469042955
 10
892.1047072460693
 20
49.75128407226426
 10
890.7800187499756
 20
47.76425132812369
 10
891.1111908739989
 20
45.99799999999873
  0
LWPOLYLINE
  5
53F
330
1F
100
AcDbEntity
  8
PDF_Level 22
370
     9
100
AcDbPolyline
 90
        9
 70
     0
 43
0.0
 10
892.6566607861085
 20
45.99799999999873
 10
892.5462700781006
 20
46.10839070800655
 10
892.6566607861085
 20
46.32917212402216
 10
892.7670514941162
 20
46.43956283202998
 10
893.0982236181396
 20
46.54995354003779
 10
893.3190050341552
 20
46.6603442480456
 10
893.6501771581786
 20
46.54995354003779
 10
894.0917399902099
 20
46.43956283202998
 10
895.0852563622802
 20
45.99799999999873
  0
LWPOLYLINE
  5
540
330
1F
100
AcDbEntity
  8
PDF_Level 22
370
     9
100
AcDbPolyline
 90
        2
 70
     0
 43
0.0
 10
895.5268191943114
 20
45.99799999999873
 10
895.3060377782959
 20
47.10190708007683
  0
LWPOLYLINE
  5
541
330
1F
100
AcDbEntity
  8
PDF_Level 22
370
     9
100
AcDbPolyline
 90
       15
 70
     0
 43
0.0
 10
892.3254886620849
 20
47.43307920410027
 10
892.1047072460693
 20
48.53698628417835
 10
893.3190050341552
 20
48.09542345214712
 10
893.2086143261473
 20
48.42659557617055
 10
893.3190050341552
 20
48.64737699218617
 10
893.429395742163
 20
48.75776770019398
 10
893.8709585741943
 20
48.97854911620959
 10
894.0917399902099
 20
48.97854911620959
 10
894.533302822241
 20
48.97854911620959
 10
894.8644749462644
 20
48.75776770019398
 10
895.0852563622802
 20
48.53698628417835
 10
895.0852563622802
 20
48.20581416015492
 10
895.0852563622802
 20
47.8746420361315
 10
894.9748656542723
 20
47.76425132812369
 10
894.6436935302489
 20
47.65386062011588
  0
LWPOLYLINE
  5
542
330
1F
100
AcDbEntity
  8
PDF_Level 22
370
     9
100
AcDbPolyline
 90
        4
 70
     1
 43
0.0
 10
824.6559846532978
 20
504.5610010644393
 10
823.4416868652118
 20
509.970145756822
 10
828.8508315575944
 20
511.0740528369
 10
830.0651293456803
 20
505.6649081445174
  0
LWPOLYLINE
  5
543
330
1F
100
AcDbEntity
  8
PDF_Level 22
370
     9
100
AcDbPolyline
 90
       14
 70
     0
 43
0.0
 10
826.4222359814226
 20
505.6649081445174
 10
826.3118452734149
 20
505.6649081445174
 10
825.9806731493915
 20
505.6649081445174
 10
825.8702824413836
 20
505.7752988525252
 10
825.6495010253681
 20
505.9960802685408
 10
825.5391103173602
 20
506.4376431005721
 10
825.6495010253681
 20
506.7688152245955
 10
825.7598917333758
 20
506.8792059326033
 10
825.9806731493915
 20
507.0999873486189
 10
826.3118452734149
 20
507.0999873486189
 10
826.5326266894303
 20
507.0999873486189
 10
827.0845802294696
 20
506.8792059326033
 10
828.6300501415789
 20
505.9960802685408
 10
828.2988780175553
 20
507.7623315966658
  0
LWPOLYLINE
  5
544
330
1F
100
AcDbEntity
  8
PDF_Level 22
370
     9
100
AcDbPolyline
 90
       15
 70
     0
 43
0.0
 10
825.2079381933366
 20
508.0935037206891
 10
824.9871567773212
 20
509.4181922167829
 10
826.201454565407
 20
508.9766293847516
 10
826.0910638573992
 20
509.3078015087751
 10
826.201454565407
 20
509.5285829247907
 10
826.3118452734149
 20
509.7493643408063
 10
826.6430173974383
 20
509.970145756822
 10
826.9741895214618
 20
509.970145756822
 10
827.4157523534929
 20
509.970145756822
 10
827.7469244775163
 20
509.7493643408063
 10
827.967705893532
 20
509.4181922167829
 10
827.967705893532
 20
509.0870200927595
 10
827.967705893532
 20
508.6454572607283
 10
827.8573151855242
 20
508.5350665527204
 10
827.6365337695086
 20
508.3142851367048
  0
LWPOLYLINE
  5
545
330
1F
100
AcDbEntity
  8
PDF_Level 22
370
     9
100
AcDbPolyline
 90
        4
 70
     1
 43
0.0
 10
848.6107682909924
 20
251.4351076025322
 10
847.6172519189221
 20
256.8442522949148
 10
853.0263966113048
 20
257.8377686669851
 10
854.019912983375
 20
252.4286239746025
  0
LWPOLYLINE
  5
546
330
1F
100
AcDbEntity
  8
PDF_Level 22
370
     9
100
AcDbPolyline
 90
       14
 70
     0
 43
0.0
 10
850.4874103271252
 20
252.4286239746025
 10
850.3770196191174
 20
252.4286239746025
 10
850.0458474950939
 20
252.5390146826103
 10
849.8250660790782
 20
252.6494053906181
 10
849.7146753710705
 20
252.8701868066337
 10
849.6042846630626
 20
253.3117496386649
 10
849.7146753710705
 20
253.6429217626884
 10
849.8250660790782
 20
253.7533124706962
 10
850.0458474950939
 20
253.9740938867118
 10
850.2666289111095
 20
253.9740938867118
 10
850.5978010351329
 20
253.863703178704
 10
851.0393638671642
 20
253.7533124706962
 10
852.6952244872813
 20
252.7597960986259
 10
852.3640523632579
 20
254.5260474267508
  0
LWPOLYLINE
  5
547
330
1F
100
AcDbEntity
  8
PDF_Level 22
370
     9
100
AcDbPolyline
 90
       15
 70
     0
 43
0.0
 10
849.2731125390392
 20
254.9676102587821
 10
849.0523311230237
 20
256.2922987548758
 10
850.2666289111095
 20
255.7403452148367
 10
850.1562382031018
 20
256.181908046868
 10
850.2666289111095
 20
256.4026894628836
 10
850.3770196191174
 20
256.5130801708914
 10
850.8185824511485
 20
256.733861586907
 10
851.0393638671642
 20
256.8442522949148
 10
851.4809266991955
 20
256.733861586907
 10
851.8120988232189
 20
256.6234708788992
 10
852.0328802392345
 20
256.181908046868
 10
852.1432709472422
 20
255.8507359228446
 10
852.0328802392345
 20
255.5195637988211
 10
851.9224895312266
 20
255.2987823828055
 10
851.7017081152111
 20
255.1883916747977
  0
LWPOLYLINE
  5
548
330
1F
100
AcDbEntity
  8
PDF_Level 22
370
     9
100
AcDbPolyline
 90
        8
 70
     1
 43
0.0
 10
711.9470717773242
 20
943.6952375195053
 10
709.6288669091602
 20
943.2536746874742
 10
708.4145691210743
 20
941.2666419433335
 10
708.8561319531057
 20
938.9484370751695
 10
710.8431646972461
 20
937.623748579076
 10
713.1613695654102
 20
938.0653114111071
 10
714.4860580615038
 20
940.0523441552477
 10
713.9341045214648
 20
942.3705490234118
  0
LWPOLYLINE
  5
549
330
1F
100
AcDbEntity
  8
PDF_Level 22
370
     9
100
AcDbPolyline
 90
       14
 70
     0
 43
0.0
 10
710.953555405254
 20
938.9484370751695
 10
710.8431646972461
 20
938.9484370751695
 10
710.6223832812305
 20
939.0588277831772
 10
710.4016018652149
 20
939.0588277831772
 10
710.2912111572071
 20
939.2796091991931
 10
710.1808204491994
 20
939.6107813232164
 10
710.2912111572071
 20
939.9419534472398
 10
710.4016018652149
 20
940.0523441552477
 10
710.6223832812305
 20
940.1627348632555
 10
710.8431646972461
 20
940.2731255712634
 10
711.1743368212695
 20
940.1627348632555
 10
711.6158996533008
 20
940.0523441552477
 10
713.1613695654102
 20
939.389999907201
 10
712.8301974413867
 20
940.7146884032945
  0
LWPOLYLINE
  5
54A
330
1F
100
AcDbEntity
  8
PDF_Level 22
370
     9
100
AcDbPolyline
 90
       16
 70
     1
 43
0.0
 10
709.8496483251758
 20
941.3770326513413
 10
709.9600390331836
 20
941.0458605273179
 10
710.4016018652149
 20
940.9354698193101
 10
711.1743368212695
 20
941.0458605273179
 10
711.505508945293
 20
941.1562512353256
 10
712.1678531933398
 20
941.3770326513413
 10
712.4990253173633
 20
941.5978140673571
 10
712.6094160253711
 20
941.9289861913805
 10
712.6094160253711
 20
942.1497676073961
 10
712.3886346093554
 20
942.4809397314195
 10
711.9470717773242
 20
942.5913304394272
 10
711.2847275292774
 20
942.4809397314195
 10
710.8431646972461
 20
942.4809397314195
 10
710.1808204491994
 20
942.1497676073961
 10
709.8496483251758
 20
941.9289861913805
 10
709.739257617168
 20
941.5978140673571
  0
LWPOLYLINE
  5
54B
330
1F
100
AcDbEntity
  8
PDF_Level 22
370
     9
100
AcDbPolyline
 90
        8
 70
     1
 43
0.0
 10
774.8697753417757
 20
704.1474011425589
 10
777.1879802099397
 20
704.6993546825979
 10
778.4022779980256
 20
706.7967781347463
 10
777.8503244579865
 20
709.0045922949025
 10
775.7529010058381
 20
710.2188900829883
 10
773.4346961376741
 20
709.6669365429493
 10
772.2203983495882
 20
707.6799037988087
 10
772.882742597635
 20
705.3616989306447
  0
LWPOLYLINE
  5
54C
330
1F
100
AcDbEntity
  8
PDF_Level 22
370
     9
100
AcDbPolyline
 90
       14
 70
     0
 43
0.0
 10
775.6425102978303
 20
709.0045922949025
 10
775.7529010058381
 20
709.0045922949025
 10
776.0840731298616
 20
709.0045922949025
 10
776.1944638378694
 20
708.8942015868947
 10
776.415245253885
 20
708.7838108788869
 10
776.5256359618928
 20
708.3422480468555
 10
776.415245253885
 20
708.1214666308398
 10
776.3048545458772
 20
708.0110759228321
 10
776.0840731298616
 20
707.7902945068164
 10
775.8632917138458
 20
707.7902945068164
 10
775.5321195898225
 20
707.7902945068164
 10
775.0905567577913
 20
707.9006852148243
 10
773.4346961376741
 20
708.5630294628713
 10
773.8762589697054
 20
707.1279502587697
  0
LWPOLYLINE
  5
54D
330
1F
100
AcDbEntity
  8
PDF_Level 22
370
     9
100
AcDbPolyline
 90
       15
 70
     0
 43
0.0
 10
776.8568080859162
 20
707.0175595507619
 10
777.0775895019318
 20
705.9136524706836
 10
775.8632917138458
 20
706.2448245947073
 10
775.9736824218537
 20
706.0240431786917
 10
775.8632917138458
 20
705.6928710546681
 10
775.7529010058381
 20
705.5824803466602
 10
775.4217288818147
 20
705.3616989306447
 10
775.0905567577913
 20
705.3616989306447
 10
774.7593846337678
 20
705.3616989306447
 10
774.4282125097444
 20
705.4720896386525
 10
774.2074310937288
 20
705.6928710546681
 10
774.097040385721
 20
706.0240431786917
 10
774.2074310937288
 20
706.3552153027151
 10
774.3178218017366
 20
706.4656060107229
 10
774.5386032177521
 20
706.6863874267385
  0
LWPOLYLINE
  5
54E
330
1F
100
AcDbEntity
  8
PDF_Level 22
370
     9
100
AcDbPolyline
 90
        8
 70
     1
 43
0.0
 10
704.550894340801
 20
227.3699332568297
 10
702.232689472637
 20
228.0322775048766
 10
700.2456567284964
 20
226.8179797167907
 10
699.5833124804496
 20
224.4997748486266
 10
700.7976102685355
 20
222.5127421044861
 10
703.1158151366995
 20
221.8503978564392
 10
705.10284788084
 20
223.0646956445252
 10
705.7651921288869
 20
225.3829005126891
  0
LWPOLYLINE
  5
54F
330
1F
100
AcDbEntity
  8
PDF_Level 22
370
     9
100
AcDbPolyline
 90
        4
 70
     0
 43
0.0
 10
701.4599545165823
 20
223.727039892572
 10
701.3495638085745
 20
223.9478213085876
 10
701.0183916845512
 20
224.2789934326111
 10
703.7781593847463
 20
223.6166491845642
  0
LWPOLYLINE
  5
550
330
1F
100
AcDbEntity
  8
PDF_Level 22
370
     9
100
AcDbPolyline
 90
        3
 70
     0
 43
0.0
 10
701.3495638085745
 20
225.3829005126891
 10
701.6807359325979
 20
226.8179797167907
 10
704.2197222167776
 20
225.0517283886657
  0
LWPOLYLINE
  5
551
330
1F
100
AcDbEntity
  8
PDF_RICKLEE_COAXCABLE
370
     0
100
AcDbPolyline
 90
        2
 70
     0
 43
0.0
 10
733.9148226708783
 20
836.0642972118911
 10
733.4732598388471
 20
838.0513299560318
  0
LWPOLYLINE
  5
552
330
1F
100
AcDbEntity
  8
PDF_RICKLEE_COAXCABLE
370
     0
100
AcDbPolyline
 90
        2
 70
     0
 43
0.0
 10
733.0316970068158
 20
839.9279719921644
 10
732.2589620507612
 20
843.5708653564223
  0
LWPOLYLINE
  5
553
330
1F
100
AcDbEntity
  8
PDF_RICKLEE_COAXCABLE
370
     0
100
AcDbPolyline
 90
        2
 70
     0
 43
0.0
 10
731.81739921873
 20
845.3371166845473
 10
731.0446642626752
 20
848.9800100488048
  0
LWPOLYLINE
  5
554
330
1F
100
AcDbEntity
  8
PDF_RICKLEE_COAXCABLE
370
     0
100
AcDbPolyline
 90
        2
 70
     0
 43
0.0
 10
730.6031014306441
 20
850.8566520849376
 10
729.8303664745893
 20
854.4995454491955
  0
LWPOLYLINE
  5
555
330
1F
100
AcDbEntity
  8
PDF_RICKLEE_COAXCABLE
370
     0
100
AcDbPolyline
 90
        2
 70
     0
 43
0.0
 10
729.3888036425581
 20
856.376187485328
 10
728.6160686865034
 20
860.0190808495858
  0
LWPOLYLINE
  5
556
330
1F
100
AcDbEntity
  8
PDF_RICKLEE_COAXCABLE
370
     0
100
AcDbPolyline
 90
        2
 70
     0
 43
0.0
 10
728.1745058544722
 20
861.8957228857187
 10
727.4017708984175
 20
865.5386162499763
  0
LWPOLYLINE
  5
557
330
1F
100
AcDbEntity
  8
PDF_RICKLEE_COAXCABLE
370
     0
100
AcDbPolyline
 90
        2
 70
     0
 43
0.0
 10
726.9602080663863
 20
867.3048675781013
 10
726.0770824023238
 20
870.947760942359
  0
LWPOLYLINE
  5
558
330
1F
100
AcDbEntity
  8
PDF_RICKLEE_COAXCABLE
370
     0
100
AcDbPolyline
 90
        2
 70
     0
 43
0.0
 10
725.7459102783005
 20
872.8244029784915
 10
725.3043474462692
 20
874.8114357226322
  0
LWPOLYLINE
  5
559
330
1F
100
AcDbEntity
  8
PDF_RICKLEE_COAXCABLE
370
     0
100
AcDbPolyline
 90
        3
 70
     0
 43
0.0
 10
838.1236510302505
 20
336.9879063085845
 10
839.0067766943129
 20
332.5722779882722
 10
839.7795116503676
 20
328.1566496679598
  0
LWPOLYLINE
  5
55A
330
1F
100
AcDbEntity
  8
PDF_RICKLEE_COAXCABLE
370
     0
100
AcDbPolyline
 90
        2
 70
     0
 43
0.0
 10
840.110683774391
 20
326.3903983398348
 10
840.7730280224379
 20
322.6371142675693
  0
LWPOLYLINE
  5
55B
330
1F
100
AcDbEntity
  8
PDF_RICKLEE_COAXCABLE
370
     0
100
AcDbPolyline
 90
        2
 70
     0
 43
0.0
 10
841.2145908544692
 20
320.8708629394444
 10
841.876935102516
 20
317.1175788671788
  0
LWPOLYLINE
  5
55C
330
1F
100
AcDbEntity
  8
PDF_RICKLEE_COAXCABLE
370
     0
100
AcDbPolyline
 90
        2
 70
     0
 43
0.0
 10
842.2081072265395
 20
315.3513275390539
 10
842.8704514745863
 20
311.5980434667883
  0
LWPOLYLINE
  5
55E
330
1F
100
AcDbEntity
  8
PDF_RICKLEE_COAXCABLE
370
     0
100
AcDbPolyline
 90
        2
 70
     0
 43
0.0
 10
800.9219824316186
 20
536.1327435546727
 10
801.6947173876733
 20
531.6067245263526
  0
LWPOLYLINE
  5
55F
330
1F
100
AcDbEntity
  8
PDF_RICKLEE_COAXCABLE
370
     0
100
AcDbPolyline
 90
        2
 70
     0
 43
0.0
 10
802.0258895116969
 20
529.7300824902199
 10
802.7986244677514
 20
526.0871891259621
  0
LWPOLYLINE
  5
560
330
1F
100
AcDbEntity
  8
PDF_RICKLEE_COAXCABLE
370
     0
100
AcDbPolyline
 90
        2
 70
     0
 43
0.0
 10
803.1297965917749
 20
524.2105470898293
 10
803.7921408398217
 20
520.5676537255717
  0
LWPOLYLINE
  5
561
330
1F
100
AcDbEntity
  8
PDF_RICKLEE_COAXCABLE
370
     0
100
AcDbPolyline
 90
        2
 70
     0
 43
0.0
 10
804.1233129638451
 20
518.6910116894389
 10
804.785657211892
 20
514.9377276171732
  0
LWPOLYLINE
  5
562
330
1F
100
AcDbEntity
  8
PDF_RICKLEE_COAXCABLE
370
     0
100
AcDbPolyline
 90
        2
 70
     0
 43
0.0
 10
805.1168293359154
 20
513.1714762890485
 10
805.7791735839623
 20
509.4181922167829
  0
LWPOLYLINE
  5
563
330
1F
100
AcDbEntity
  8
PDF_RICKLEE_COAXCABLE
370
     0
100
AcDbPolyline
 90
        2
 70
     0
 43
0.0
 10
806.1103457079857
 20
507.6519408886579
 10
806.8830806640404
 20
503.8986568163925
  0
LWPOLYLINE
  5
564
330
1F
100
AcDbEntity
  8
PDF_RICKLEE_COAXCABLE
370
     0
100
AcDbPolyline
 90
        2
 70
     0
 43
0.0
 10
807.2142527880638
 20
502.1324054882675
 10
807.9869877441185
 20
497.6063864599473
  0
LWPOLYLINE
  5
565
330
1F
100
AcDbEntity
  8
PDF_RICKLEE_COAXCABLE
370
     0
100
AcDbPolyline
 90
        2
 70
     0
 43
0.0
 10
714.2652766454882
 20
882.7595666991946
 10
711.6158996533008
 20
882.2076131591554
  0
LWPOLYLINE
  5
566
330
1F
100
AcDbEntity
  8
PDF_RICKLEE_COAXCABLE
370
     0
100
AcDbPolyline
 90
        2
 70
     0
 43
0.0
 10
709.8496483251758
 20
881.876441035132
 10
706.0963642529103
 20
881.2140967870853
  0
LWPOLYLINE
  5
567
330
1F
100
AcDbEntity
  8
PDF_RICKLEE_COAXCABLE
370
     0
100
AcDbPolyline
 90
        2
 70
     0
 43
0.0
 10
704.3301129247854
 20
880.8829246630619
 10
700.5768288525198
 20
880.110189707007
  0
LWPOLYLINE
  5
568
330
1F
100
AcDbEntity
  8
PDF_RICKLEE_COAXCABLE
370
     0
100
AcDbPolyline
 90
        2
 70
     0
 43
0.0
 10
698.7001868163871
 20
879.7790175829836
 10
696.1612005322075
 20
879.3374547509525
  0
LWPOLYLINE
  5
569
330
1F
100
AcDbEntity
  8
PDF_Level 21
370
     9
100
AcDbPolyline
 90
        3
 70
     0
 43
0.0
 10
742.1941257714641
 20
152.6354239355427
 10
736.1226368310346
 20
149.9860469433552
 10
740.3174837353312
 20
154.4016752636676
  0
CIRCLE
  5
56A
330
1F
100
AcDbEntity
  8
PDF_Level 21
370
     9
100
AcDbCircle
 10
739.187860368517
 20
151.3702131804825
 30
0.0
 40
3.367115371087737
  0
LWPOLYLINE
  5
56C
330
1F
100
AcDbEntity
  8
PDF_Level 21
370
     9
100
AcDbPolyline
 90
        2
 70
     0
 43
0.0
 10
735.9018554150188
 20
150.6483911914021
 10
739.6551394872845
 20
154.5120659716754
  0
LWPOLYLINE
  5
56D
330
1F
100
AcDbEntity
  8
PDF_Level 21
370
     9
100
AcDbPolyline
 90
        2
 70
     0
 43
0.0
 10
735.9018554150188
 20
151.5315168554646
 10
738.772013823222
 20
154.5120659716754
  0
LWPOLYLINE
  5
56E
330
1F
100
AcDbEntity
  8
PDF_Level 21
370
     9
100
AcDbPolyline
 90
        2
 70
     0
 43
0.0
 10
736.1226368310346
 20
152.6354239355427
 10
737.7784974511516
 20
154.4016752636676
  0
LWPOLYLINE
  5
56F
330
1F
100
AcDbEntity
  8
PDF_Level 21
370
     9
100
AcDbPolyline
 90
        2
 70
     0
 43
0.0
 10
736.5641996630658
 20
150.6483911914021
 10
736.6745903710736
 20
153.1873774755817
  0
LWPOLYLINE
  5
570
330
1F
100
AcDbEntity
  8
PDF_Level 21
370
     9
100
AcDbPolyline
 90
        2
 70
     0
 43
0.0
 10
737.3369346191204
 20
151.310735439449
 10
737.2265439111126
 20
153.9601124316364
  0
LWPOLYLINE
  5
571
330
1F
100
AcDbEntity
  8
PDF_Level 21
370
     9
100
AcDbPolyline
 90
        2
 70
     0
 43
0.0
 10
738.109669575175
 20
152.3042518115192
 10
737.8888881591595
 20
154.180893847652
  0
LWPOLYLINE
  5
572
330
1F
100
AcDbEntity
  8
PDF_Level 21
370
     9
100
AcDbPolyline
 90
        2
 70
     0
 43
0.0
 10
738.8824045312297
 20
153.0769867675739
 10
738.3304509911908
 20
154.5120659716754
  0
LWPOLYLINE
  5
573
330
1F
100
AcDbEntity
  8
PDF_Level 21
370
     9
100
AcDbPolyline
 90
        2
 70
     0
 43
0.0
 10
739.4343580712687
 20
153.7393310156208
 10
738.9927952392375
 20
154.5120659716754
  0
LWPOLYLINE
  5
574
330
1F
100
AcDbEntity
  8
PDF_Level 21
370
     9
100
AcDbPolyline
 90
        2
 70
     0
 43
0.0
 10
738.2200602831828
 20
149.1029212792928
 10
739.3239673632609
 20
149.6548748193318
  0
LWPOLYLINE
  5
575
330
1F
100
AcDbEntity
  8
PDF_Level 21
370
     9
100
AcDbPolyline
 90
       28
 70
     1
 43
0.0
 10
739.7655301952923
 20
151.0899540234333
 10
739.6551394872845
 20
150.8691726074177
 10
739.6551394872845
 20
150.6483911914021
 10
739.6551394872845
 20
150.5380004833943
 10
739.8759209033
 20
150.3172190673787
 10
739.9863116113079
 20
150.3172190673787
 10
740.3174837353312
 20
150.3172190673787
 10
740.5382651513469
 20
150.3172190673787
 10
740.7590465673625
 20
150.2068283593709
 10
740.8694372753704
 20
150.0964376513631
 10
740.9798279833782
 20
149.7652655273396
 10
740.9798279833782
 20
149.6548748193318
 10
740.9798279833782
 20
149.544484111324
 10
740.8694372753704
 20
149.3237026953084
 10
740.5382651513469
 20
149.2133119873006
 10
740.3174837353312
 20
149.2133119873006
 10
740.2070930273234
 20
149.2133119873006
 10
740.0967023193157
 20
149.4340934033162
 10
739.9863116113079
 20
149.6548748193318
 10
739.9863116113079
 20
149.8756562353474
 10
739.9863116113079
 20
150.0964376513631
 10
740.2070930273234
 20
150.3172190673787
 10
740.4278744433391
 20
150.5380004833943
 10
740.5382651513469
 20
150.6483911914021
 10
740.4278744433391
 20
150.8691726074177
 10
740.4278744433391
 20
150.9795633154255
 10
740.2070930273234
 20
151.2003447314412
 10
739.9863116113079
 20
151.2003447314412
  0
CIRCLE
  5
576
330
1F
100
AcDbEntity
  8
PDF_Level 21
370
     9
100
AcDbCircle
 10
718.4335641245676
 20
259.3367192680318
 30
0.0
 40
3.36709228837525
  0
LWPOLYLINE
  5
577
330
1F
100
AcDbEntity
  8
PDF_Level 21
370
     9
100
AcDbPolyline
 90
       14
 70
     0
 43
0.0
 10
717.4666071777147
 20
258.8312850390554
 10
717.3562164697069
 20
258.8312850390554
 10
717.1354350536914
 20
258.9416757470632
 10
717.0250443456835
 20
259.1624571630788
 10
716.9146536376756
 20
259.3832385790945
 10
717.0250443456835
 20
259.7144107031179
 10
717.1354350536914
 20
259.9351921191335
 10
717.3562164697069
 20
260.0455828271413
 10
717.5769978857225
 20
260.0455828271413
 10
717.908170009746
 20
259.9351921191335
 10
718.1289514257615
 20
259.8248014111257
 10
718.4601235497851
 20
259.4936292871023
 10
719.5640306298631
 20
258.1689407910086
 10
719.8952027538865
 20
259.4936292871023
  0
LWPOLYLINE
  5
578
330
1F
100
AcDbEntity
  8
PDF_Level 22
370
     9
100
AcDbPolyline
 90
        8
 70
     1
 43
0.0
 10
856.338117851539
 20
304.7538195703042
 10
854.019912983375
 20
304.312256738273
 10
852.6952244872813
 20
302.3252239941323
 10
853.1367873193126
 20
300.0070191259683
 10
855.1238200634532
 20
298.6823306298746
 10
857.4420249316172
 20
299.1238934619059
 10
858.766713427711
 20
301.1109262060464
 10
858.2147598876717
 20
303.4291310742105
  0
LWPOLYLINE
  5
579
330
1F
100
AcDbEntity
  8
PDF_Level 22
370
     9
100
AcDbPolyline
 90
       14
 70
     0
 43
0.0
 10
855.234210771461
 20
300.0070191259683
 10
855.1238200634532
 20
300.0070191259683
 10
854.7926479394297
 20
300.0070191259683
 10
854.6822572314219
 20
300.1174098339761
 10
854.4614758154063
 20
300.3381912499918
 10
854.4614758154063
 20
300.6693633740152
 10
854.571866523414
 20
300.8901447900308
 10
854.6822572314219
 20
301.1109262060464
 10
854.9030386474376
 20
301.2213169140542
 10
855.1238200634532
 20
301.2213169140542
 10
855.4549921874766
 20
301.2213169140542
 10
855.8965550195077
 20
301.1109262060464
 10
857.4420249316172
 20
300.3381912499918
 10
857.1108528075937
 20
301.7732704540933
  0
LWPOLYLINE
  5
57A
330
1F
100
AcDbEntity
  8
PDF_Level 22
370
     9
100
AcDbPolyline
 90
       16
 70
     1
 43
0.0
 10
854.1303036913829
 20
302.4356147021402
 10
854.2406943993906
 20
302.1044425781167
 10
854.6822572314219
 20
301.9940518701089
 10
855.4549921874766
 20
302.1044425781167
 10
855.7861643115
 20
302.1044425781167
 10
856.4485085595469
 20
302.3252239941323
 10
856.890071391578
 20
302.6563961181558
 10
856.890071391578
 20
302.9875682421792
 10
856.890071391578
 20
303.2083496581948
 10
856.6692899755624
 20
303.4291310742105
 10
856.2277271435313
 20
303.5395217822182
 10
855.5653828954843
 20
303.5395217822182
 10
855.1238200634532
 20
303.4291310742105
 10
854.4614758154063
 20
303.2083496581948
 10
854.1303036913829
 20
302.9875682421792
 10
854.019912983375
 20
302.6563961181558
  0
LWPOLYLINE
  5
57B
330
1F
100
AcDbEntity
  8
PDF_Level 22
370
     9
100
AcDbPolyline
 90
        8
 70
     1
 43
0.0
 10
845.8510005907971
 20
191.3825624462838
 10
844.9678749267347
 20
193.59037660644
 10
842.7600607665784
 20
194.3631115624947
 10
840.5522466064223
 20
193.4799858984322
 10
839.7795116503676
 20
191.272171738276
 10
840.66263731443
 20
189.0643575781198
 10
842.8704514745863
 20
188.1812319140573
 10
845.0782656347424
 20
189.1747482861276
  0
LWPOLYLINE
  5
57C
330
1F
100
AcDbEntity
  8
PDF_Level 22
370
     9
100
AcDbPolyline
 90
        4
 70
     0
 43
0.0
 10
840.9938094384536
 20
191.4929531542916
 10
841.1042001464613
 20
191.7137345703072
 10
841.2145908544692
 20
192.1552974023384
 10
842.428888642555
 20
189.505920410151
  0
LWPOLYLINE
  5
57D
330
1F
100
AcDbEntity
  8
PDF_Level 22
370
     9
100
AcDbPolyline
 90
        4
 70
     0
 43
0.0
 10
844.4159213866957
 20
190.3890460742135
 10
843.2016235986097
 20
193.0384230664009
 10
843.0912328906019
 20
190.9409996142525
 10
844.5263120947034
 20
191.4929531542916
  0
LWPOLYLINE
  5
57E
330
1F
100
AcDbEntity
  8
PDF_Level 22
370
     9
100
AcDbPolyline
 90
        8
 70
     1
 43
0.0
 10
809.3116762402122
 20
597.2891957909991
 10
806.9934713720481
 20
596.8476329589679
 10
805.7791735839623
 20
594.8606002148274
 10
806.2207364159934
 20
592.5423953466633
 10
808.2077691601341
 20
591.2177068505697
 10
810.5259740282981
 20
591.7696603906088
 10
811.8506625243918
 20
593.7566931347494
 10
811.2987089843526
 20
596.0748980029134
  0
LWPOLYLINE
  5
57F
330
1F
100
AcDbEntity
  8
PDF_Level 22
370
     9
100
AcDbPolyline
 90
        4
 70
     0
 43
0.0
 10
808.2077691601341
 20
592.5423953466633
 10
808.0973784521264
 20
592.6527860546712
 10
807.6558156200951
 20
592.8735674706867
 10
810.4155833202904
 20
593.5359117187338
  0
LWPOLYLINE
  5
580
330
1F
100
AcDbEntity
  8
PDF_Level 22
370
     9
100
AcDbPolyline
 90
        4
 70
     0
 43
0.0
 10
809.9740204882589
 20
595.6333351708821
 10
807.103862080056
 20
595.0813816308429
 10
809.2012855322044
 20
594.4190373827962
 10
808.8701134081809
 20
595.9645072949056
  0
LWPOLYLINE
  5
581
330
1F
100
AcDbEntity
  8
PDF_Level 22
370
     9
100
AcDbPolyline
 90
        8
 70
     1
 43
0.0
 10
885.4812647656007
 20
98.65436771972387
 10
883.1630598974369
 20
98.21280488769263
 10
881.7279806933353
 20
96.22577214355205
 10
882.1695435253666
 20
93.90756727538805
 10
884.156576269507
 20
92.58287877929433
 10
886.4747811376711
 20
93.02444161132559
 10
887.7994696337648
 20
95.01147435546615
 10
887.3579068017335
 20
97.32967922363016
  0
LWPOLYLINE
  5
582
330
1F
100
AcDbEntity
  8
PDF_Level 22
370
     9
100
AcDbPolyline
 90
        4
 70
     0
 43
0.0
 10
884.156576269507
 20
93.90756727538805
 10
884.0461855614991
 20
94.12834869140366
 10
883.604622729468
 20
94.34913010741928
 10
886.3643904296631
 20
94.90108364745834
  0
LWPOLYLINE
  5
583
330
1F
100
AcDbEntity
  8
PDF_Level 22
370
     9
100
AcDbPolyline
 90
        3
 70
     0
 43
0.0
 10
883.3838413134524
 20
95.45303718749739
 10
883.052669189429
 20
96.88811639159892
 10
886.1436090136477
 20
96.44655355956768
  0
LWPOLYLINE
  5
585
330
1F
100
AcDbEntity
  8
PDF_RICKLEE_COAXCABLE
370
     0
100
AcDbPolyline
 90
        2
 70
     0
 43
0.0
 10
765.1553930370884
 20
162.9017597802689
 10
761.7332810888463
 20
161.3562898681596
  0
LWPOLYLINE
  5
586
330
1F
100
AcDbEntity
  8
PDF_RICKLEE_COAXCABLE
370
     0
100
AcDbPolyline
 90
        2
 70
     0
 43
0.0
 10
760.0774204687292
 20
160.583554912105
 10
756.6553085204871
 20
159.1484757080034
  0
LWPOLYLINE
  5
587
330
1F
100
AcDbEntity
  8
PDF_RICKLEE_COAXCABLE
370
     0
100
AcDbPolyline
 90
        2
 70
     0
 43
0.0
 10
754.8890571923622
 20
158.3757407519488
 10
751.4669452441201
 20
156.8302708398394
  0
LWPOLYLINE
  5
588
330
1F
100
AcDbEntity
  8
PDF_RICKLEE_COAXCABLE
370
     0
100
AcDbPolyline
 90
        2
 70
     0
 43
0.0
 10
749.8110846240028
 20
156.0575358837848
 10
746.3889726757607
 20
154.5120659716754
  0
LWPOLYLINE
  5
589
330
1F
100
AcDbEntity
  8
PDF_RICKLEE_COAXCABLE
370
     0
100
AcDbPolyline
 90
        2
 70
     0
 43
0.0
 10
744.6227213476358
 20
153.7393310156208
 10
741.8629536474407
 20
152.5250332275349
  0
LWPOLYLINE
  5
58A
330
1F
100
AcDbEntity
  8
PDF_Level 22
370
     9
100
AcDbPolyline
 90
        8
 70
     1
 43
0.0
 10
850.2666289111095
 20
263.3573040673756
 10
847.9484240429455
 20
262.9157412353444
 10
846.6237355468518
 20
260.9287084912038
 10
847.0652983788831
 20
258.6105036230398
 10
849.0523311230237
 20
257.2858151269461
 10
851.3705359911877
 20
257.7273779589773
 10
852.6952244872813
 20
259.6040199951101
 10
852.25366165525
 20
261.9222248632741
  0
LWPOLYLINE
  5
58B
330
1F
100
AcDbEntity
  8
PDF_Level 22
370
     9
100
AcDbPolyline
 90
       14
 70
     0
 43
0.0
 10
849.2731125390392
 20
258.500112915032
 10
849.0523311230237
 20
258.500112915032
 10
848.8315497070079
 20
258.6105036230398
 10
848.6107682909924
 20
258.6105036230398
 10
848.5003775829845
 20
258.8312850390554
 10
848.3899868749768
 20
259.2728478710867
 10
848.5003775829845
 20
259.4936292871023
 10
848.6107682909924
 20
259.6040199951101
 10
848.8315497070079
 20
259.7144107031179
 10
849.1627218310314
 20
259.8248014111257
 10
849.3835032470471
 20
259.7144107031179
 10
849.8250660790782
 20
259.6040199951101
 10
851.3705359911877
 20
258.8312850390554
 10
851.1497545751719
 20
260.2663642431569
  0
LWPOLYLINE
  5
58C
330
1F
100
AcDbEntity
  8
PDF_Level 22
370
     9
100
AcDbPolyline
 90
       15
 70
     0
 43
0.0
 10
848.1692054589611
 20
260.4871456591726
 10
847.9484240429455
 20
261.7014434472585
 10
849.1627218310314
 20
261.2598806152272
 10
849.0523311230237
 20
261.5910527392506
 10
849.1627218310314
 20
261.8118341552663
 10
849.2731125390392
 20
261.9222248632741
 10
849.7146753710705
 20
262.0326155712819
 10
849.9354567870861
 20
262.1430062792897
 10
850.3770196191174
 20
262.1430062792897
 10
850.7081917431408
 20
261.9222248632741
 10
850.9289731591563
 20
261.7014434472585
 10
850.9289731591563
 20
261.370271323235
 10
850.8185824511485
 20
261.0390991992116
 10
850.7081917431408
 20
260.9287084912038
 10
850.4874103271252
 20
260.818317783196
  0
LWPOLYLINE
  5
58D
330
1F
100
AcDbEntity
  8
PDF_RICKLEE_COAXCABLE
370
     0
100
AcDbPolyline
 90
        2
 70
     0
 43
0.0
 10
837.9028696142349
 20
395.826153676747
 10
838.344432446266
 20
393.6183395165908
  0
LWPOLYLINE
  5
58E
330
1F
100
AcDbEntity
  8
PDF_RICKLEE_COAXCABLE
370
     0
100
AcDbPolyline
 90
        2
 70
     0
 43
0.0
 10
838.6756045702895
 20
391.741697480458
 10
839.4483395263442
 20
388.0988041162003
  0
LWPOLYLINE
  5
58F
330
1F
100
AcDbEntity
  8
PDF_RICKLEE_COAXCABLE
370
     0
100
AcDbPolyline
 90
        2
 70
     0
 43
0.0
 10
839.7795116503676
 20
386.2221620800676
 10
840.5522466064223
 20
382.5792687158099
  0
LWPOLYLINE
  5
590
330
1F
100
AcDbEntity
  8
PDF_RICKLEE_COAXCABLE
370
     0
100
AcDbPolyline
 90
        2
 70
     0
 43
0.0
 10
840.9938094384536
 20
380.702626679677
 10
841.6561536865003
 20
377.0597333154193
  0
LWPOLYLINE
  5
591
330
1F
100
AcDbEntity
  8
PDF_RICKLEE_COAXCABLE
370
     0
100
AcDbPolyline
 90
        2
 70
     0
 43
0.0
 10
842.0977165185316
 20
375.1830912792866
 10
842.7600607665784
 20
371.5401979150289
  0
LWPOLYLINE
  5
592
330
1F
100
AcDbEntity
  8
PDF_RICKLEE_COAXCABLE
370
     0
100
AcDbPolyline
 90
        2
 70
     0
 43
0.0
 10
843.2016235986097
 20
369.6635558788961
 10
843.9743585546644
 20
366.0206625146384
  0
LWPOLYLINE
  5
593
330
1F
100
AcDbEntity
  8
PDF_RICKLEE_COAXCABLE
370
     0
100
AcDbPolyline
 90
        2
 70
     0
 43
0.0
 10
844.3055306786879
 20
364.1440204785056
 10
845.0782656347424
 20
360.5011271142479
  0
LWPOLYLINE
  5
594
330
1F
100
AcDbEntity
  8
PDF_RICKLEE_COAXCABLE
370
     0
100
AcDbPolyline
 90
        2
 70
     0
 43
0.0
 10
845.4094377587658
 20
358.6244850781152
 10
845.8510005907971
 20
356.416670917959
  0
LWPOLYLINE
  5
595
330
1F
100
AcDbEntity
  8
PDF_Level 22
370
     9
100
AcDbPolyline
 90
        8
 70
     1
 43
0.0
 10
886.4747811376711
 20
92.69326948730215
 10
884.156576269507
 20
92.25170665527091
 10
882.8318877734133
 20
90.26467391113035
 10
883.2734506054446
 20
87.94646904296634
 10
885.2604833495851
 20
86.62178054687263
 10
887.5786882177491
 20
87.06334337890387
 10
888.9033767138428
 20
89.05037612304443
 10
888.4618138818115
 20
91.36858099120843
  0
LWPOLYLINE
  5
596
330
1F
100
AcDbEntity
  8
PDF_Level 22
370
     9
100
AcDbPolyline
 90
       14
 70
     0
 43
0.0
 10
885.3708740575928
 20
87.94646904296634
 10
885.2604833495851
 20
87.94646904296634
 10
885.0397019335694
 20
88.05685975097416
 10
884.818920517554
 20
88.05685975097416
 10
884.7085298095461
 20
88.27764116698977
 10
884.5981391015383
 20
88.719203999021
 10
884.7085298095461
 20
88.93998541503663
 10
884.818920517554
 20
89.05037612304443
 10
885.0397019335694
 20
89.16076683105224
 10
885.3708740575928
 20
89.27115753906006
 10
885.5916554736086
 20
89.16076683105224
 10
886.0332183056398
 20
89.05037612304443
 10
887.5786882177491
 20
88.27764116698977
 10
887.3579068017335
 20
89.71272037109129
  0
LWPOLYLINE
  5
597
330
1F
100
AcDbEntity
  8
PDF_Level 22
370
     9
100
AcDbPolyline
 90
       16
 70
     1
 43
0.0
 10
884.2669669775148
 20
90.37506461913816
 10
884.4877483935304
 20
90.15428320312253
 10
884.9293112255617
 20
89.9335017871069
 10
885.5916554736086
 20
90.04389249511472
 10
886.0332183056398
 20
90.04389249511472
 10
886.6955625536867
 20
90.26467391113035
 10
887.0267346777101
 20
90.59584603515377
 10
887.1371253857178
 20
90.92701815917719
 10
887.0267346777101
 20
91.14779957519282
 10
886.9163439697024
 20
91.36858099120843
 10
886.4747811376711
 20
91.47897169921625
 10
885.7020461816164
 20
91.47897169921625
 10
885.3708740575928
 20
91.47897169921625
 10
884.7085298095461
 20
91.14779957519282
 10
884.2669669775148
 20
90.92701815917719
 10
884.2669669775148
 20
90.59584603515377
  0
LWPOLYLINE
  5
598
330
1F
100
AcDbEntity
  8
PDF_Level 22
370
     9
100
AcDbPolyline
 90
        8
 70
     1
 43
0.0
 10
831.0586457177507
 20
501.4700612402206
 10
830.6170828857194
 20
503.7882661083846
 10
828.6300501415789
 20
505.1129546044784
 10
826.3118452734149
 20
504.6713917724471
 10
824.9871567773212
 20
502.6843590283065
 10
825.4287196093523
 20
500.3661541601426
 10
827.4157523534929
 20
499.0414656640488
 10
829.733957221657
 20
499.4830284960801
  0
LWPOLYLINE
  5
599
330
1F
100
AcDbEntity
  8
PDF_Level 22
370
     9
100
AcDbPolyline
 90
       14
 70
     0
 43
0.0
 10
826.3118452734149
 20
502.4635776122909
 10
826.3118452734149
 20
502.6843590283065
 10
826.3118452734149
 20
502.9051404443221
 10
826.4222359814226
 20
503.1259218603377
 10
826.5326266894303
 20
503.2363125683456
 10
826.9741895214618
 20
503.3467032763534
 10
827.1949709374773
 20
503.2363125683456
 10
827.3053616454852
 20
503.1259218603377
 10
827.5261430615007
 20
502.9051404443221
 10
827.5261430615007
 20
502.5739683202988
 10
827.5261430615007
 20
502.3531869042831
 10
827.4157523534929
 20
501.9116240722518
 10
826.6430173974383
 20
500.3661541601426
 10
828.0780966015399
 20
500.5869355761581
  0
LWPOLYLINE
  5
59A
330
1F
100
AcDbEntity
  8
PDF_Level 22
370
     9
100
AcDbPolyline
 90
       15
 70
     0
 43
0.0
 10
828.2988780175553
 20
503.567484692369
 10
829.4027850976336
 20
503.7882661083846
 10
828.9612222656023
 20
502.5739683202988
 10
829.2923943896257
 20
502.6843590283065
 10
829.5131758056413
 20
502.5739683202988
 10
829.6235665136491
 20
502.4635776122909
 10
829.8443479296647
 20
502.0220147802596
 10
829.9547386376726
 20
501.801233364244
 10
829.8443479296647
 20
501.3596705322128
 10
829.733957221657
 20
501.0284984081894
 10
829.4027850976336
 20
500.9181077001816
 10
829.1820036816179
 20
500.8077169921738
 10
828.8508315575944
 20
500.9181077001816
 10
828.7404408495866
 20
501.0284984081894
 10
828.519659433571
 20
501.249279824205
  0
LWPOLYLINE
  5
59C
330
1F
100
AcDbEntity
  8
PDF_RICKLEE_COAXCABLE
370
     0
100
AcDbPolyline
 90
        2
 70
     0
 43
0.0
 10
765.1553930370884
 20
703.1538847704885
 10
764.3826580810338
 20
706.7967781347463
  0
LWPOLYLINE
  5
59D
330
1F
100
AcDbEntity
  8
PDF_RICKLEE_COAXCABLE
370
     0
100
AcDbPolyline
 90
        2
 70
     0
 43
0.0
 10
764.0514859570103
 20
708.5630294628713
 10
763.1683602929479
 20
712.3163135351367
  0
LWPOLYLINE
  5
59E
330
1F
100
AcDbEntity
  8
PDF_RICKLEE_COAXCABLE
370
     0
100
AcDbPolyline
 90
        2
 70
     0
 43
0.0
 10
762.8371881689243
 20
714.0825648632617
 10
762.0644532128697
 20
717.7254582275192
  0
LWPOLYLINE
  5
59F
330
1F
100
AcDbEntity
  8
PDF_RICKLEE_COAXCABLE
370
     0
100
AcDbPolyline
 90
        2
 70
     0
 43
0.0
 10
761.6228903808385
 20
719.6021002636521
 10
760.8501554247839
 20
723.2449936279099
  0
LWPOLYLINE
  5
5A0
330
1F
100
AcDbEntity
  8
PDF_RICKLEE_COAXCABLE
370
     0
100
AcDbPolyline
 90
        2
 70
     0
 43
0.0
 10
760.5189833007604
 20
725.1216356640427
 10
759.635857636698
 20
728.7645290283003
  0
LWPOLYLINE
  5
5A1
330
1F
100
AcDbEntity
  8
PDF_RICKLEE_COAXCABLE
370
     0
100
AcDbPolyline
 90
        2
 70
     0
 43
0.0
 10
759.3046855126744
 20
730.6411710644331
 10
758.4215598486121
 20
734.3944551366988
  0
LWPOLYLINE
  5
5A2
330
1F
100
AcDbEntity
  8
PDF_RICKLEE_COAXCABLE
370
     0
100
AcDbPolyline
 90
        2
 70
     0
 43
0.0
 10
722.5445797460739
 20
887.5063671435304
 10
722.1030169140427
 20
889.7141813036867
  0
LWPOLYLINE
  5
5A3
330
1F
100
AcDbEntity
  8
PDF_RICKLEE_COAXCABLE
370
     0
100
AcDbPolyline
 90
        2
 70
     0
 43
0.0
 10
721.6614540820114
 20
891.5908233398193
 10
720.9991098339647
 20
895.233716704077
  0
LWPOLYLINE
  5
5A4
330
1F
100
AcDbEntity
  8
PDF_RICKLEE_COAXCABLE
370
     0
100
AcDbPolyline
 90
        2
 70
     0
 43
0.0
 10
720.5575470019333
 20
897.1103587402099
 10
719.7848120458787
 20
900.7532521044675
  0
LWPOLYLINE
  5
5A5
330
1F
100
AcDbEntity
  8
PDF_RICKLEE_COAXCABLE
370
     0
100
AcDbPolyline
 90
        2
 70
     0
 43
0.0
 10
719.4536399218552
 20
902.6298941406002
 10
718.6809049658006
 20
906.2727875048581
  0
LWPOLYLINE
  5
5A6
330
1F
100
AcDbEntity
  8
PDF_RICKLEE_COAXCABLE
370
     0
100
AcDbPolyline
 90
        2
 70
     0
 43
0.0
 10
718.2393421337693
 20
908.1494295409907
 10
717.4666071777147
 20
911.7923229052484
  0
LWPOLYLINE
  5
5A7
330
1F
100
AcDbEntity
  8
PDF_RICKLEE_COAXCABLE
370
     0
100
AcDbPolyline
 90
        2
 70
     0
 43
0.0
 10
717.1354350536914
 20
913.5585742333734
 10
716.3627000976366
 20
917.3118583056389
  0
LWPOLYLINE
  5
5A8
330
1F
100
AcDbEntity
  8
PDF_RICKLEE_COAXCABLE
370
     0
100
AcDbPolyline
 90
        2
 70
     0
 43
0.0
 10
715.9211372656054
 20
919.0781096337639
 10
715.1484023095507
 20
922.8313937060296
  0
LWPOLYLINE
  5
5A9
330
1F
100
AcDbEntity
  8
PDF_RICKLEE_COAXCABLE
370
     0
100
AcDbPolyline
 90
        2
 70
     0
 43
0.0
 10
714.8172301855273
 20
924.5976450341542
 10
714.0444952294727
 20
928.2405383984121
  0
LWPOLYLINE
  5
5AA
330
1F
100
AcDbEntity
  8
PDF_RICKLEE_COAXCABLE
370
     0
100
AcDbPolyline
 90
        2
 70
     0
 43
0.0
 10
713.6029323974415
 20
930.1171804345448
 10
712.8301974413867
 20
933.7600737988024
  0
LWPOLYLINE
  5
5AB
330
1F
100
AcDbEntity
  8
PDF_RICKLEE_COAXCABLE
370
     0
100
AcDbPolyline
 90
        2
 70
     0
 43
0.0
 10
712.4990253173633
 20
935.6367158349353
 10
712.057462485332
 20
937.8445299950914
  0
LWPOLYLINE
  5
5AC
330
1F
100
AcDbEntity
  8
PDF_Level 22
370
     9
100
AcDbPolyline
 90
        8
 70
     1
 43
0.0
 10
828.4092687255633
 20
450.3591634326048
 10
826.0910638573992
 20
449.9176006005736
 10
824.7663753613055
 20
448.0409585644408
 10
825.2079381933366
 20
445.612362988269
 10
827.0845802294696
 20
444.2876744921753
 10
829.5131758056413
 20
444.7292373242065
 10
830.837864301735
 20
446.7162700683472
 10
830.3963014697039
 20
449.0344749365111
  0
LWPOLYLINE
  5
5AD
330
1F
100
AcDbEntity
  8
PDF_Level 22
370
     9
100
AcDbPolyline
 90
       14
 70
     0
 43
0.0
 10
827.3053616454852
 20
445.612362988269
 10
827.1949709374773
 20
445.612362988269
 10
826.9741895214618
 20
445.612362988269
 10
826.7534081054462
 20
445.7227536962768
 10
826.6430173974383
 20
445.9435351122924
 10
826.5326266894303
 20
446.2747072363159
 10
826.6430173974383
 20
446.4954886523314
 10
826.7534081054462
 20
446.6058793603393
 10
826.9741895214618
 20
446.8266607763549
 10
827.3053616454852
 20
446.8266607763549
 10
827.5261430615007
 20
446.8266607763549
 10
827.967705893532
 20
446.7162700683472
 10
829.5131758056413
 20
445.9435351122924
 10
829.2923943896257
 20
447.378614316394
  0
LWPOLYLINE
  5
5AE
330
1F
100
AcDbEntity
  8
PDF_Level 22
370
     9
100
AcDbPolyline
 90
       15
 70
     0
 43
0.0
 10
826.3118452734149
 20
447.5993957324096
 10
826.0910638573992
 20
448.7033028124876
 10
827.3053616454852
 20
448.3721306884643
 10
827.1949709374773
 20
448.5929121044799
 10
827.3053616454852
 20
448.8136935204955
 10
827.4157523534929
 20
448.9240842285033
 10
827.8573151855242
 20
449.1448656445189
 10
828.0780966015399
 20
449.2552563525268
 10
828.519659433571
 20
449.1448656445189
 10
828.8508315575944
 20
449.0344749365111
 10
828.9612222656023
 20
448.7033028124876
 10
829.0716129736102
 20
448.4825213964721
 10
828.9612222656023
 20
448.1513492724486
 10
828.8508315575944
 20
448.0409585644408
 10
828.6300501415789
 20
447.8201771484251
  0
LWPOLYLINE
  5
5B0
330
1F
100
AcDbEntity
  8
PDF_RICKLEE_COAXCABLE
370
     0
100
AcDbPolyline
 90
        2
 70
     0
 43
0.0
 10
837.1301346581802
 20
342.507441708975
 10
837.7924789062271
 20
338.7541576367095
  0
LWPOLYLINE
  5
5B2
330
1F
100
AcDbEntity
  8
PDF_RICKLEE_COAXCABLE
370
     0
100
AcDbPolyline
 90
        2
 70
     0
 43
0.0
 10
680.154547871075
 20
123.8234491455044
 10
680.816892119122
 20
126.4728261376918
  0
LWPOLYLINE
  5
5B3
330
1F
100
AcDbEntity
  8
PDF_RICKLEE_COAXCABLE
370
     0
100
AcDbPolyline
 90
        2
 70
     0
 43
0.0
 10
681.368845659161
 20
128.2390774658168
 10
682.2519713232235
 20
131.8819708300745
  0
LWPOLYLINE
  5
5B4
330
1F
100
AcDbEntity
  8
PDF_RICKLEE_COAXCABLE
370
     0
100
AcDbPolyline
 90
        2
 70
     0
 43
0.0
 10
682.6935341552547
 20
133.7586128662072
 10
683.5766598193172
 20
137.401506230465
  0
LWPOLYLINE
  5
5B5
330
1F
100
AcDbEntity
  8
PDF_RICKLEE_COAXCABLE
370
     0
100
AcDbPolyline
 90
        2
 70
     0
 43
0.0
 10
684.1286133593562
 20
139.1677575585899
 10
685.0117390234187
 20
142.8106509228476
  0
LWPOLYLINE
  5
5B6
330
1F
100
AcDbEntity
  8
PDF_RICKLEE_COAXCABLE
370
     0
100
AcDbPolyline
 90
        2
 70
     0
 43
0.0
 10
685.45330185545
 20
144.5769022509726
 10
686.3364275195124
 20
148.2197956152303
  0
LWPOLYLINE
  5
5B7
330
1F
100
AcDbEntity
  8
PDF_RICKLEE_COAXCABLE
370
     0
100
AcDbPolyline
 90
        2
 70
     0
 43
0.0
 10
686.8883810595515
 20
150.0964376513631
 10
687.771506723614
 20
153.7393310156208
  0
LWPOLYLINE
  5
5B8
330
1F
100
AcDbEntity
  8
PDF_RICKLEE_COAXCABLE
370
     0
100
AcDbPolyline
 90
        2
 70
     0
 43
0.0
 10
688.2130695556452
 20
155.5055823437457
 10
689.0961952197077
 20
159.1484757080034
  0
LWPOLYLINE
  5
5B9
330
1F
100
AcDbEntity
  8
PDF_RICKLEE_COAXCABLE
370
     0
100
AcDbPolyline
 90
        2
 70
     0
 43
0.0
 10
689.6481487597467
 20
161.0251177441362
 10
690.3104930077936
 20
163.6744947363236
  0
LWPOLYLINE
  5
5BA
330
1F
100
AcDbEntity
  8
PDF_Level 21
370
     9
100
AcDbPolyline
 90
        3
 70
     1
 43
0.0
 10
716.2523093896289
 20
254.1948753027274
 10
717.5769978857225
 20
255.6299545068289
 10
718.1289514257615
 20
253.7533124706962
  0
LWPOLYLINE
  5
5BB
330
1F
100
AcDbEntity
  8
PDF_Level 21
370
     9
100
AcDbPolyline
 90
        2
 70
     0
 43
0.0
 10
718.1289514257615
 20
253.863703178704
 10
716.2523093896289
 20
254.3052660107353
  0
LWPOLYLINE
  5
5BC
330
1F
100
AcDbEntity
  8
PDF_Level 21
370
     9
100
AcDbPolyline
 90
        3
 70
     0
 43
0.0
 10
716.4730908056444
 20
254.415656718743
 10
718.0185607177537
 20
253.9740938867118
 10
716.3627000976366
 20
254.415656718743
  0
LWPOLYLINE
  5
5BD
330
1F
100
AcDbEntity
  8
PDF_Level 21
370
     9
100
AcDbPolyline
 90
        2
 70
     0
 43
0.0
 10
718.0185607177537
 20
254.0844845947196
 10
716.4730908056444
 20
254.5260474267508
  0
LWPOLYLINE
  5
5BE
330
1F
100
AcDbEntity
  8
PDF_Level 21
370
     9
100
AcDbPolyline
 90
        2
 70
     0
 43
0.0
 10
718.0185607177537
 20
254.1948753027274
 10
716.5834815136522
 20
254.5260474267508
  0
LWPOLYLINE
  5
5BF
330
1F
100
AcDbEntity
  8
PDF_Level 21
370
     9
100
AcDbPolyline
 90
        2
 70
     0
 43
0.0
 10
718.0185607177537
 20
254.3052660107353
 10
716.5834815136522
 20
254.6364381347586
  0
LWPOLYLINE
  5
5C0
330
1F
100
AcDbEntity
  8
PDF_Level 21
370
     9
100
AcDbPolyline
 90
        2
 70
     0
 43
0.0
 10
717.908170009746
 20
254.415656718743
 10
716.69387222166
 20
254.7468288427665
  0
LWPOLYLINE
  5
5C1
330
1F
100
AcDbEntity
  8
PDF_Level 21
370
     9
100
AcDbPolyline
 90
        3
 70
     0
 43
0.0
 10
716.8042629296678
 20
254.8572195507743
 10
717.908170009746
 20
254.5260474267508
 10
716.8042629296678
 20
254.7468288427665
  0
LWPOLYLINE
  5
5C2
330
1F
100
AcDbEntity
  8
PDF_Level 21
370
     9
100
AcDbPolyline
 90
        2
 70
     0
 43
0.0
 10
717.908170009746
 20
254.6364381347586
 10
716.9146536376756
 20
254.8572195507743
  0
LWPOLYLINE
  5
5C3
330
1F
100
AcDbEntity
  8
PDF_Level 21
370
     9
100
AcDbPolyline
 90
        2
 70
     0
 43
0.0
 10
717.7977793017381
 20
254.7468288427665
 10
716.9146536376756
 20
254.9676102587821
  0
LWPOLYLINE
  5
5C4
330
1F
100
AcDbEntity
  8
PDF_Level 21
370
     9
100
AcDbPolyline
 90
        2
 70
     0
 43
0.0
 10
717.7977793017381
 20
254.8572195507743
 10
717.0250443456835
 20
255.0780009667899
  0
LWPOLYLINE
  5
5C5
330
1F
100
AcDbEntity
  8
PDF_Level 21
370
     9
100
AcDbPolyline
 90
        3
 70
     0
 43
0.0
 10
717.7977793017381
 20
254.9676102587821
 10
717.1354350536914
 20
255.1883916747977
 10
717.7977793017381
 20
255.0780009667899
  0
LWPOLYLINE
  5
5C6
330
1F
100
AcDbEntity
  8
PDF_Level 21
370
     9
100
AcDbPolyline
 90
        2
 70
     0
 43
0.0
 10
717.6873885937303
 20
255.1883916747977
 10
717.2458257616991
 20
255.2987823828055
  0
LWPOLYLINE
  5
5C7
330
1F
100
AcDbEntity
  8
PDF_Level 21
370
     9
100
AcDbPolyline
 90
        5
 70
     0
 43
0.0
 10
717.6873885937303
 20
255.2987823828055
 10
717.3562164697069
 20
255.4091730908133
 10
717.6873885937303
 20
255.4091730908133
 10
717.4666071777147
 20
255.5195637988211
 10
717.5769978857225
 20
255.5195637988211
  0
LWPOLYLINE
  5
5C8
330
1F
100
AcDbEntity
  8
PDF_Level 21
370
     9
100
AcDbPolyline
 90
        3
 70
     1
 43
0.0
 10
716.0315279736132
 20
254.1948753027274
 10
717.6873885937303
 20
255.8507359228446
 10
718.2393421337693
 20
253.6429217626884
  0
LWPOLYLINE
  5
5C9
330
1F
100
AcDbEntity
  8
PDF_Level 21
370
     9
100
AcDbPolyline
 90
        3
 70
     1
 43
0.0
 10
711.2847275292774
 20
249.5584655663994
 10
717.6873885937303
 20
256.0715173388602
 10
720.2263748779099
 20
247.2402606982354
  0
LWPOLYLINE
  5
5CA
330
1F
100
AcDbEntity
  8
PDF_Level 22
 62
     7
370
     9
100
AcDbPolyline
 90
        3
 70
     0
 43
0.0
 10
715.1484023095507
 20
252.3182332665947
 10
714.5964487695116
 20
250.3312005224541
 10
715.7003558495897
 20
250.0000283984307
  0
LWPOLYLINE
  5
5CB
330
1F
100
AcDbEntity
  8
PDF_Level 22
 62
     7
370
     9
100
AcDbPolyline
 90
        5
 70
     0
 43
0.0
 10
716.2523093896289
 20
249.8896376904228
 10
716.69387222166
 20
251.8766704345634
 10
717.0250443456835
 20
249.779246982415
 10
718.2393421337693
 20
251.54549831054
 10
717.6873885937303
 20
249.5584655663994
  0
LWPOLYLINE
  5
5CC
330
1F
100
AcDbEntity
  8
PDF_Level 22
 62
     7
370
     9
100
AcDbPolyline
 90
        4
 70
     1
 43
0.0
 10
744.0707678075967
 20
149.1029212792928
 10
749.2591310839639
 20
136.1872084423791
 10
741.7525629394328
 20
133.317050034176
 10
736.6745903710736
 20
146.1223721630819
  0
LWPOLYLINE
  5
5CD
330
1F
100
AcDbEntity
  8
PDF_Level 21
370
     9
100
AcDbPolyline
 90
        3
 70
     1
 43
0.0
 10
743.5188142675578
 20
147.4470606591756
 10
742.6356886034953
 20
141.4859624267539
 10
737.9992788671672
 20
145.2392464990194
  0
LWPOLYLINE
  5
5CE
330
1F
100
AcDbEntity
  8
PDF_Level 22
 62
     7
370
     9
100
AcDbPolyline
 90
        3
 70
     0
 43
0.0
 10
741.8629536474407
 20
145.4600279150351
 10
741.9733443554484
 20
143.5833858789023
 10
740.6486558593546
 20
145.0184650830038
  0
LWPOLYLINE
  5
5CF
330
1F
100
AcDbEntity
  8
PDF_Level 22
 62
     7
370
     9
100
AcDbPolyline
 90
        2
 70
     0
 43
0.0
 10
741.8629536474407
 20
144.7976836669882
 10
741.0902186913859
 20
144.4665115429648
  0
LWPOLYLINE
  5
5D0
330
1F
100
AcDbEntity
  8
PDF_Level 22
 62
     7
370
     9
100
AcDbPolyline
 90
        2
 70
     0
 43
0.0
 10
743.1876421435344
 20
144.1353394189414
 10
744.8435027636515
 20
139.9404925146446
  0
LWPOLYLINE
  5
5D1
330
1F
100
AcDbEntity
  8
PDF_Level 22
 62
     7
370
     9
100
AcDbPolyline
 90
        2
 70
     0
 43
0.0
 10
740.4278744433391
 20
143.1418230468711
 10
743.960377099589
 20
134.2001756982385
  0
CIRCLE
  5
5D2
330
1F
100
AcDbEntity
  8
PDF_Level 22
 62
     7
370
     9
100
AcDbCircle
 10
745.9219735487693
 20
137.6812171373609
 30
0.0
 40
2.373585957971109
  0
LWPOLYLINE
  5
5D3
330
1F
100
AcDbEntity
  8
PDF_Level 22
370
     9
100
AcDbPolyline
 90
       10
 70
     0
 43
0.0
 10
746.830535507792
 20
137.6222876464806
 10
745.6162377197061
 20
137.0703341064416
 10
745.2850655956827
 20
137.0703341064416
 10
745.1746748876749
 20
137.0703341064416
 10
745.064284179667
 20
137.2911155224572
 10
744.9538934716592
 20
137.401506230465
 10
745.064284179667
 20
137.6222876464806
 10
745.064284179667
 20
137.7326783544884
 10
745.2850655956827
 20
137.8430690624962
 10
745.3954563036906
 20
137.953459770504
  0
LWPOLYLINE
  5
5D4
330
1F
100
AcDbEntity
  8
PDF_RICKLEE_COAXCABLE
370
     0
100
AcDbPolyline
 90
        2
 70
     0
 43
0.0
 10
711.2847275292774
 20
257.8377686669851
 10
710.5119925732227
 20
254.6364381347586
  0
LWPOLYLINE
  5
5D5
330
1F
100
AcDbEntity
  8
PDF_RICKLEE_COAXCABLE
370
     0
100
AcDbPolyline
 90
        2
 70
     0
 43
0.0
 10
709.9600390331836
 20
252.7597960986259
 10
709.0769133691212
 20
249.227293442376
  0
LWPOLYLINE
  5
5D6
330
1F
100
AcDbEntity
  8
PDF_RICKLEE_COAXCABLE
370
     0
100
AcDbPolyline
 90
        2
 70
     0
 43
0.0
 10
708.6353505370899
 20
247.3506514062432
 10
707.6418341650196
 20
243.7077580419855
  0
LWPOLYLINE
  5
5D7
330
1F
100
AcDbEntity
  8
PDF_RICKLEE_COAXCABLE
370
     0
100
AcDbPolyline
 90
        2
 70
     0
 43
0.0
 10
707.2002713329884
 20
241.9415067138606
 10
706.2067549609182
 20
238.2986133496029
  0
LWPOLYLINE
  5
5D8
330
1F
100
AcDbEntity
  8
PDF_RICKLEE_COAXCABLE
370
     0
100
AcDbPolyline
 90
        2
 70
     0
 43
0.0
 10
705.7651921288869
 20
236.5323620214779
 10
704.7716757568166
 20
232.8894686572202
  0
LWPOLYLINE
  5
5D9
330
1F
100
AcDbEntity
  8
PDF_RICKLEE_COAXCABLE
370
     0
100
AcDbPolyline
 90
        2
 70
     0
 43
0.0
 10
704.3301129247854
 20
231.0128266210874
 10
703.4469872607229
 20
227.8114960888609
  0
LWPOLYLINE
  5
5DA
330
1F
100
AcDbEntity
  8
PDF_Level 21
370
     9
100
AcDbPolyline
 90
        5
 70
     0
 43
0.0
 10
726.4082545263472
 20
888.3894928075928
 10
730.7134921386518
 20
887.2855857275146
 10
726.8498173583785
 20
885.8505065234133
 10
730.9342735546675
 20
885.6297251073977
 10
727.5121616064254
 20
883.090738823218
  0
LWPOLYLINE
  5
5DC
330
1F
100
AcDbEntity
  8
PDF_Level 21
370
     9
100
AcDbPolyline
 90
        5
 70
     0
 43
0.0
 10
846.4029541308361
 20
334.7800921484283
 10
847.6172519189221
 20
338.9749390527251
 10
848.9419404150158
 20
335.1112642724518
 10
849.1627218310314
 20
339.3061111767485
 10
851.7017081152111
 20
335.6632178124908
  0
CIRCLE
  5
5DE
330
1F
100
AcDbEntity
  8
PDF_RICKLEE_ENDOFTAPOFFBLOCK
370
     0
100
AcDbCircle
 10
896.1698484246246
 20
100.5884235796743
 30
0.0
 40
4.58121383365145
  0
LWPOLYLINE
  5
5DF
330
1F
100
AcDbEntity
  8
PDF_RICKLEE_ENDOFTAPOFFBLOCK
370
     0
100
AcDbPolyline
 90
        2
 70
     0
 43
0.0
 10
891.5527537060302
 20
100.5310097558566
 10
900.7151824706784
 20
100.5310097558566
  0
LWPOLYLINE
  5
5E0
330
1F
100
AcDbEntity
  8
PDF_RICKLEE_ENDOFTAPOFFBLOCK
370
     0
100
AcDbPolyline
 90
        2
 70
     0
 43
0.0
 10
854.7926479394297
 20
339.1957204687407
 10
863.9550767040779
 20
339.1957204687407
  0
LWPOLYLINE
  5
5E1
330
1F
100
AcDbEntity
  8
PDF_RICKLEE_ENDOFTAPOFFBLOCK
370
     0
100
AcDbPolyline
 90
        2
 70
     0
 43
0.0
 10
689.4273673437311
 20
868.9607281982185
 10
698.5897961083793
 20
868.9607281982185
  0
CIRCLE
  5
5E2
330
1F
100
AcDbEntity
  8
PDF_RICKLEE_ENDOFTAPOFFBLOCK
370
     0
100
AcDbCircle
 10
694.146598734665
 20
869.0494455925717
 30
0.0
 40
4.581213833675211
  0
CIRCLE
  5
5E3
330
1F
100
AcDbEntity
  8
PDF_RICKLEE_ENDOFTAPOFFBLOCK
370
     0
100
AcDbCircle
 10
889.4357344866394
 20
141.3242512566758
 30
0.0
 40
4.581213833648722
  0
LWPOLYLINE
  5
5E4
330
1F
100
AcDbEntity
  8
PDF_RICKLEE_ENDOFTAPOFFBLOCK
370
     0
100
AcDbPolyline
 90
        2
 70
     0
 43
0.0
 10
884.7085298095461
 20
141.3755717187461
 10
893.8709585741943
 20
141.2651810107383
  0
CIRCLE
  5
5E5
330
1F
100
AcDbEntity
  8
PDF_RICKLEE_ENDOFTAPOFFBLOCK
370
     0
100
AcDbCircle
 10
679.6848544866451
 20
168.0398975176627
 30
0.0
 40
4.581213833648722
  0
LWPOLYLINE
  5
5E6
330
1F
100
AcDbEntity
  8
PDF_RICKLEE_ENDOFTAPOFFBLOCK
370
     0
100
AcDbPolyline
 90
        2
 70
     0
 43
0.0
 10
674.966184594708
 20
168.090123056636
 10
684.1286133593562
 20
167.9797323486282
  0
LWPOLYLINE
  5
5E7
330
1F
100
AcDbEntity
  8
PDF_RICKLEE_ENDOFTAPOFFBLOCK
370
     0
100
AcDbPolyline
 90
        2
 70
     0
 43
0.0
 10
790.5452558788846
 20
666.1729975878724
 10
799.7076846435328
 20
666.1729975878724
  0
CIRCLE
  5
5E8
330
1F
100
AcDbEntity
  8
PDF_RICKLEE_ENDOFTAPOFFBLOCK
370
     0
100
AcDbCircle
 10
846.0504455925988
 20
182.5016698406596
 30
0.0
 40
4.581213833647358
  0
LWPOLYLINE
  5
5E9
330
1F
100
AcDbEntity
  8
PDF_RICKLEE_ENDOFTAPOFFBLOCK
370
     0
100
AcDbPolyline
 90
        2
 70
     0
 43
0.0
 10
841.4353722704847
 20
182.4409150976513
 10
850.5978010351329
 20
182.4409150976513
  0
LWPOLYLINE
  5
5EA
330
1F
100
AcDbEntity
  8
PDF_RICKLEE_AMPBLOCK
370
     9
100
AcDbPolyline
 90
        4
 70
     1
 43
0.0
 10
739.7655301952923
 20
719.9332723876755
 10
739.8759209033
 20
738.6996927490031
 10
719.5640306298631
 20
738.6996927490031
 10
719.5640306298631
 20
719.9332723876755
  0
LWPOLYLINE
  5
5EB
330
1F
100
AcDbEntity
  8
PDF_RICKLEE_AMPBLOCK
370
     9
100
AcDbPolyline
 90
        2
 70
     0
 43
0.0
 10
719.5640306298631
 20
723.0242122118943
 10
739.7655301952923
 20
723.0242122118943
  0
LWPOLYLINE
  5
5EC
330
1F
100
AcDbEntity
  8
PDF_RICKLEE_AMPBLOCK
370
     9
100
AcDbPolyline
 90
        2
 70
     0
 43
0.0
 10
719.5640306298631
 20
726.2255427441207
 10
739.7655301952923
 20
726.1151520361129
  0
LWPOLYLINE
  5
5ED
330
1F
100
AcDbEntity
  8
PDF_RICKLEE_AMPBLOCK
370
     9
100
AcDbPolyline
 90
        2
 70
     0
 43
0.0
 10
719.5640306298631
 20
729.3164825683393
 10
739.7655301952923
 20
729.3164825683393
  0
LWPOLYLINE
  5
5EE
330
1F
100
AcDbEntity
  8
PDF_RICKLEE_AMPBLOCK
370
     9
100
AcDbPolyline
 90
        2
 70
     0
 43
0.0
 10
719.5640306298631
 20
732.4074223925581
 10
739.7655301952923
 20
732.4074223925581
  0
LWPOLYLINE
  5
5EF
330
1F
100
AcDbEntity
  8
PDF_RICKLEE_AMPBLOCK
370
     9
100
AcDbPolyline
 90
        2
 70
     0
 43
0.0
 10
719.5640306298631
 20
735.6087529247845
 10
739.8759209033
 20
735.6087529247845
  0
LWPOLYLINE
  5
5F1
330
1F
100
AcDbEntity
  8
PDF_RICKLEE_AMPBLOCK
370
     9
100
AcDbPolyline
 90
        2
 70
     0
 43
0.0
 10
729.7199757665815
 20
735.6087529247845
 10
729.6095850585738
 20
719.9332723876755
  0
ARC
  5
5F2
330
1F
100
AcDbEntity
  8
PDF_RICKLEE_AMPBLOCK
370
     9
100
AcDbCircle
 10
729.8042572552608
 20
734.6984521018929
 30
0.0
 40
10.87452778144671
100
AcDbArc
 50
21.66910918197504
 51
158.1742370639838
  0
LWPOLYLINE
  5
5F3
330
1F
100
AcDbEntity
  8
PDF_RICKLEE_AMPBLOCK
370
     9
100
AcDbPolyline
 90
        4
 70
     1
 43
0.0
 10
743.0772514355266
 20
216.4412531640566
 10
743.0772514355266
 20
235.2076735253842
 10
722.7653611620895
 20
235.318064233392
 10
722.7653611620895
 20
216.4412531640566
  0
LWPOLYLINE
  5
5F4
330
1F
100
AcDbEntity
  8
PDF_RICKLEE_AMPBLOCK
370
     9
100
AcDbPolyline
 90
        2
 70
     0
 43
0.0
 10
722.7653611620895
 20
219.6425836962831
 10
743.0772514355266
 20
219.5321929882752
  0
LWPOLYLINE
  5
5F5
330
1F
100
AcDbEntity
  8
PDF_RICKLEE_AMPBLOCK
370
     9
100
AcDbPolyline
 90
        2
 70
     0
 43
0.0
 10
722.7653611620895
 20
222.7335235205017
 10
743.0772514355266
 20
222.7335235205017
  0
LWPOLYLINE
  5
5F6
330
1F
100
AcDbEntity
  8
PDF_RICKLEE_AMPBLOCK
370
     9
100
AcDbPolyline
 90
        2
 70
     0
 43
0.0
 10
722.7653611620895
 20
225.8244633447204
 10
743.0772514355266
 20
225.8244633447204
  0
LWPOLYLINE
  5
5F7
330
1F
100
AcDbEntity
  8
PDF_RICKLEE_AMPBLOCK
370
     9
100
AcDbPolyline
 90
        2
 70
     0
 43
0.0
 10
722.7653611620895
 20
229.0257938769469
 10
743.0772514355266
 20
229.0257938769469
  0
LWPOLYLINE
  5
5F8
330
1F
100
AcDbEntity
  8
PDF_RICKLEE_AMPBLOCK
370
     9
100
AcDbPolyline
 90
        2
 70
     0
 43
0.0
 10
722.7653611620895
 20
232.1167337011655
 10
743.0772514355266
 20
232.1167337011655
  0
LWPOLYLINE
  5
5FA
330
1F
100
AcDbEntity
  8
PDF_RICKLEE_AMPBLOCK
370
     9
100
AcDbPolyline
 90
        2
 70
     0
 43
0.0
 10
732.921306298808
 20
232.1167337011655
 10
732.921306298808
 20
216.4412531640566
  0
ARC
  5
5FB
330
1F
100
AcDbEntity
  8
PDF_RICKLEE_AMPBLOCK
370
     9
100
AcDbCircle
 10
733.0057562372116
 20
231.2963429094373
 30
0.0
 40
10.87452778141766
100
AcDbArc
 50
21.66910918183476
 51
158.1742370640226
  0
LWPOLYLINE
  5
5FC
330
1F
100
AcDbEntity
  8
PDF_Level 22
370
     9
100
AcDbPolyline
 90
        8
 70
     1
 43
0.0
 10
710.8431646972461
 20
191.824125278315
 10
713.0509788574023
 20
192.4864695263619
 10
714.2652766454882
 20
194.5838929785103
 10
713.6029323974415
 20
196.9020978466743
 10
711.505508945293
 20
198.0060049267524
 10
709.187304077129
 20
197.3436606787055
 10
708.0833969970509
 20
195.2462372265571
 10
708.7457412450977
 20
193.0384230664009
  0
LWPOLYLINE
  5
5FD
330
1F
100
AcDbEntity
  8
PDF_Level 22
370
     9
100
AcDbPolyline
 90
        4
 70
     0
 43
0.0
 10
711.6158996533008
 20
196.3501443066352
 10
711.8366810693165
 20
196.2397535986274
 10
712.3886346093554
 20
196.0189721826118
 10
709.5184762011524
 20
195.2462372265571
  0
LWPOLYLINE
  5
5FE
330
1F
100
AcDbEntity
  8
PDF_Level 22
370
     9
100
AcDbPolyline
 90
        4
 70
     0
 43
0.0
 10
712.1678531933398
 20
194.8046743945259
 10
712.2782439013477
 20
194.5838929785103
 10
712.8301974413867
 20
194.4735022705025
 10
710.0704297411915
 20
193.59037660644
  0
LWPOLYLINE
  5
5FF
330
1F
100
AcDbEntity
  8
PDF_Level 1
370
     9
100
AcDbPolyline
 90
        2
 70
     0
 43
0.0
 10
711.9470717773242
 20
192.1552974023384
 10
712.6094160253711
 20
189.9474832421823
  0
LWPOLYLINE
  5
600
330
1F
100
AcDbEntity
  8
PDF_Level 1
370
     9
100
AcDbPolyline
 90
        2
 70
     0
 43
0.0
 10
714.5964487695116
 20
190.4994367822213
 10
710.6223832812305
 20
189.3955297021432
  0
LWPOLYLINE
  5
601
330
1F
100
AcDbEntity
  8
PDF_RICKLEE_AMPBLOCK
370
     9
100
AcDbPolyline
 90
        4
 70
     1
 43
0.0
 10
858.656322719703
 20
465.0411275976435
 10
858.656322719703
 20
483.8075479589711
 10
838.344432446266
 20
483.8075479589711
 10
838.344432446266
 20
465.0411275976435
  0
LWPOLYLINE
  5
602
330
1F
100
AcDbEntity
  8
PDF_RICKLEE_AMPBLOCK
370
     9
100
AcDbPolyline
 90
        2
 70
     0
 43
0.0
 10
838.344432446266
 20
468.2424581298699
 10
858.656322719703
 20
468.1320674218621
  0
LWPOLYLINE
  5
603
330
1F
100
AcDbEntity
  8
PDF_RICKLEE_AMPBLOCK
370
     9
100
AcDbPolyline
 90
        2
 70
     0
 43
0.0
 10
838.344432446266
 20
471.3333979540886
 10
858.656322719703
 20
471.3333979540886
  0
LWPOLYLINE
  5
604
330
1F
100
AcDbEntity
  8
PDF_RICKLEE_AMPBLOCK
370
     9
100
AcDbPolyline
 90
        2
 70
     0
 43
0.0
 10
838.344432446266
 20
474.4243377783073
 10
858.656322719703
 20
474.4243377783073
  0
LWPOLYLINE
  5
605
330
1F
100
AcDbEntity
  8
PDF_RICKLEE_AMPBLOCK
370
     9
100
AcDbPolyline
 90
        2
 70
     0
 43
0.0
 10
838.344432446266
 20
477.6256683105337
 10
858.656322719703
 20
477.515277602526
  0
LWPOLYLINE
  5
606
330
1F
100
AcDbEntity
  8
PDF_RICKLEE_AMPBLOCK
370
     9
100
AcDbPolyline
 90
        2
 70
     0
 43
0.0
 10
838.344432446266
 20
480.7166081347524
 10
858.656322719703
 20
480.7166081347524
  0
LWPOLYLINE
  5
608
330
1F
100
AcDbEntity
  8
PDF_RICKLEE_AMPBLOCK
370
     9
100
AcDbPolyline
 90
        2
 70
     0
 43
0.0
 10
848.5003775829845
 20
480.7166081347524
 10
848.5003775829845
 20
465.0411275976435
  0
ARC
  5
609
330
1F
100
AcDbEntity
  8
PDF_RICKLEE_AMPBLOCK
370
     9
100
AcDbCircle
 10
848.5894879632802
 20
479.906366437866
 30
0.0
 40
10.87452778142242
100
AcDbArc
 50
21.66910918186379
 51
158.1742370640208
  0
LWPOLYLINE
  5
60A
330
1F
100
AcDbEntity
  8
PDF_RICKLEE_AMPBLOCK
370
     9
100
AcDbPolyline
 90
        4
 70
     1
 43
0.0
 10
778.6230594140412
 20
496.2816979638536
 10
778.6230594140412
 20
515.0481183251812
 10
758.3111691406043
 20
515.158509033189
 10
758.3111691406043
 20
496.2816979638536
  0
LWPOLYLINE
  5
60B
330
1F
100
AcDbEntity
  8
PDF_RICKLEE_AMPBLOCK
370
     9
100
AcDbPolyline
 90
        2
 70
     0
 43
0.0
 10
758.3111691406043
 20
499.4830284960801
 10
778.6230594140412
 20
499.3726377880722
  0
LWPOLYLINE
  5
60C
330
1F
100
AcDbEntity
  8
PDF_RICKLEE_AMPBLOCK
370
     9
100
AcDbPolyline
 90
        2
 70
     0
 43
0.0
 10
758.3111691406043
 20
502.5739683202988
 10
778.6230594140412
 20
502.5739683202988
  0
LWPOLYLINE
  5
60D
330
1F
100
AcDbEntity
  8
PDF_RICKLEE_AMPBLOCK
370
     9
100
AcDbPolyline
 90
        2
 70
     0
 43
0.0
 10
758.3111691406043
 20
505.6649081445174
 10
778.6230594140412
 20
505.6649081445174
  0
LWPOLYLINE
  5
60E
330
1F
100
AcDbEntity
  8
PDF_RICKLEE_AMPBLOCK
370
     9
100
AcDbPolyline
 90
        2
 70
     0
 43
0.0
 10
758.3111691406043
 20
508.8662386767438
 10
778.6230594140412
 20
508.755847968736
  0
LWPOLYLINE
  5
60F
330
1F
100
AcDbEntity
  8
PDF_RICKLEE_AMPBLOCK
370
     9
100
AcDbPolyline
 90
        2
 70
     0
 43
0.0
 10
758.3111691406043
 20
511.9571785009624
 10
778.6230594140412
 20
511.9571785009624
  0
LWPOLYLINE
  5
611
330
1F
100
AcDbEntity
  8
PDF_RICKLEE_AMPBLOCK
370
     9
100
AcDbPolyline
 90
        2
 70
     0
 43
0.0
 10
768.4671142773226
 20
511.9571785009624
 10
768.4671142773226
 20
496.2816979638536
  0
ARC
  5
612
330
1F
100
AcDbEntity
  8
PDF_RICKLEE_AMPBLOCK
370
     9
100
AcDbCircle
 10
768.5529679632913
 20
511.1481721019311
 30
0.0
 40
10.8745277814129
100
AcDbArc
 50
21.66910918186406
 51
158.1742370640754
  0
LWPOLYLINE
  5
613
330
1F
100
AcDbEntity
  8
PDF_RICKLEE_POWERSUPPLY
370
     9
100
AcDbPolyline
 90
        4
 70
     1
 43
0.0
 10
767.4735979052524
 20
543.1977488671726
 10
767.5839886132601
 20
528.2950032861183
 10
782.4867341943145
 20
528.5157847021339
 10
782.3763434863067
 20
543.4185302831882
  0
LWPOLYLINE
  5
614
330
1F
100
AcDbEntity
  8
PDF_RICKLEE_POWERSUPPLY
370
     9
100
AcDbPolyline
 90
        2
 70
     0
 43
0.0
 10
779.285403662088
 20
531.7171152343604
 10
779.285403662088
 20
531.7171152343604
  0
CIRCLE
  5
615
330
1F
100
AcDbEntity
  8
PDF_RICKLEE_POWERSUPPLY
370
     9
100
AcDbCircle
 10
775.0663006902831
 20
535.9870913983004
 30
0.0
 40
5.905902188113526
  0
LWPOLYLINE
  5
616
330
1F
100
AcDbEntity
  8
PDF_RICKLEE_POWERSUPPLY
370
     9
100
AcDbPolyline
 90
        2
 70
     0
 43
0.0
 10
801.3635452636499
 20
536.2431342626806
 10
782.4867341943145
 20
536.0223528466649
  0
CIRCLE
  5
617
330
1F
100
AcDbEntity
  8
PDF_RICKLEE_POWERSUPPLY
370
     9
100
AcDbCircle
 10
775.0662997010066
 20
535.987090409024
 30
0.0
 40
6.347466009421175
  0
LWPOLYLINE
  5
618
330
1F
100
AcDbEntity
  8
PDF_RICKLEE_POWERSUPPLY
370
     9
100
AcDbPolyline
 90
        5
 70
     0
 43
0.0
 10
782.1555620702911
 20
528.5157847021339
 10
781.9347806542755
 20
542.9769674511569
 10
767.8047700292759
 20
542.8665767431491
 10
768.0255514452915
 20
528.7365661181495
 10
782.1555620702911
 20
528.9573475341651
  0
LWPOLYLINE
  5
619
330
1F
100
AcDbEntity
  8
PDF_RICKLEE_POWERSUPPLY
370
     9
100
AcDbPolyline
 90
        5
 70
     0
 43
0.0
 10
781.7139992382598
 20
528.5157847021339
 10
781.4932178222442
 20
542.6457953271335
 10
768.2463328613071
 20
542.4250139111179
 10
768.4671142773226
 20
529.1781289501808
 10
781.7139992382598
 20
529.2885196581886
  0
ARC
  5
61C
330
1F
100
AcDbEntity
  8
PDF_RICKLEE_POWERSUPPLY
370
     9
100
AcDbCircle
 10
775.0662981675803
 20
535.9870925337149
 30
0.0
 40
7.120203206205598
100
AcDbArc
 50
292.3242205598004
 51
338.5491903821955
  0
ARC
  5
61D
330
1F
100
AcDbEntity
  8
PDF_RICKLEE_POWERSUPPLY
370
     9
100
AcDbCircle
 10
775.066299201036
 20
535.9870916617109
 30
0.0
 40
6.789029986867731
100
AcDbArc
 50
280.1184168065244
 51
349.9584926087563
  0
ARC
  5
61E
330
1F
100
AcDbEntity
  8
PDF_RICKLEE_POWERSUPPLY
370
     9
100
AcDbCircle
 10
775.0662991734082
 20
535.9870902819864
 30
0.0
 40
7.12020153398359
100
AcDbArc
 50
22.95043789316653
 51
68.18114151968545
  0
ARC
  5
61F
330
1F
100
AcDbEntity
  8
PDF_RICKLEE_POWERSUPPLY
370
     9
100
AcDbCircle
 10
775.0662998491578
 20
535.9870907370175
 30
0.0
 40
6.789028532926507
100
AcDbArc
 50
11.54113306075281
 51
79.1949442743317
  0
ARC
  5
620
330
1F
100
AcDbEntity
  8
PDF_RICKLEE_POWERSUPPLY
370
     9
100
AcDbCircle
 10
775.0662987380033
 20
535.9870892763308
 30
0.0
 40
6.789026881840809
100
AcDbArc
 50
190.8215198922375
 51
261.3812328951
  0
ARC
  5
621
330
1F
100
AcDbEntity
  8
PDF_RICKLEE_POWERSUPPLY
370
     9
100
AcDbCircle
 10
775.0662996464519
 20
535.9870915085446
 30
0.0
 40
7.120200905924609
100
AcDbArc
 50
202.6263465140223
 51
249.1754191927755
  0
ARC
  5
622
330
1F
100
AcDbEntity
  8
PDF_RICKLEE_POWERSUPPLY
370
     9
100
AcDbCircle
 10
775.0662951166688
 20
535.9870944661064
 30
0.0
 40
7.561769857294307
100
AcDbArc
 50
299.179706834971
 51
331.8585166488871
  0
ARC
  5
623
330
1F
100
AcDbEntity
  8
PDF_RICKLEE_POWERSUPPLY
370
     9
100
AcDbCircle
 10
775.0662916915216
 20
535.9870987000005
 30
0.0
 40
8.003337820724132
100
AcDbArc
 50
304.2334150188302
 51
326.8871951792051
  0
ARC
  5
624
330
1F
100
AcDbEntity
  8
PDF_RICKLEE_POWERSUPPLY
370
     9
100
AcDbCircle
 10
775.0662655944381
 20
535.9871204554217
 30
0.0
 40
8.334543533222159
100
AcDbArc
 50
308.2654404960871
 51
322.9046429786034
  0
ARC
  5
625
330
1F
100
AcDbEntity
  8
PDF_RICKLEE_POWERSUPPLY
370
     9
100
AcDbCircle
 10
775.0662398709732
 20
535.987145189652
 30
0.0
 40
8.776142226953888
100
AcDbArc
 50
311.6272540180471
 51
319.5812799659631
  0
ARC
  5
626
330
1F
100
AcDbEntity
  8
PDF_RICKLEE_POWERSUPPLY
370
     9
100
AcDbCircle
 10
775.0662355017137
 20
535.9871375382073
 30
0.0
 40
9.217702942107933
100
AcDbArc
 50
314.5002032067676
 51
316.4942060925098
  0
ARC
  5
627
330
1F
100
AcDbEntity
  8
PDF_RICKLEE_POWERSUPPLY
370
     9
100
AcDbCircle
 10
775.0663011136578
 20
535.9870919452862
 30
0.0
 40
7.561765307932078
100
AcDbArc
 50
209.3994211114694
 51
242.3199481090997
  0
ARC
  5
628
330
1F
100
AcDbEntity
  8
PDF_RICKLEE_POWERSUPPLY
370
     9
100
AcDbCircle
 10
775.0663026450848
 20
535.9870962699261
 30
0.0
 40
8.003332350335172
100
AcDbArc
 50
214.4146955497666
 51
237.2662411161259
  0
ARC
  5
629
330
1F
100
AcDbEntity
  8
PDF_RICKLEE_POWERSUPPLY
370
     9
100
AcDbCircle
 10
775.066302353503
 20
535.987091974252
 30
0.0
 40
8.334501048524913
100
AcDbArc
 50
218.4246751421606
 51
233.2342497344253
  0
ARC
  5
62A
330
1F
100
AcDbEntity
  8
PDF_RICKLEE_POWERSUPPLY
370
     9
100
AcDbCircle
 10
775.0663598555765
 20
535.9871531571211
 30
0.0
 40
8.776147836075015
100
AcDbArc
 50
221.7645691822522
 51
229.872399197718
  0
ARC
  5
62B
330
1F
100
AcDbEntity
  8
PDF_RICKLEE_POWERSUPPLY
370
     9
100
AcDbCircle
 10
775.0667452269667
 20
535.987543786176
 30
0.0
 40
9.218259040004999
100
AcDbArc
 50
224.62652120145
 51
226.9994112457439
  0
ARC
  5
630
330
1F
100
AcDbEntity
  8
PDF_RICKLEE_POWERSUPPLY
370
     9
100
AcDbCircle
 10
775.0662989182066
 20
535.9870924104401
 30
0.0
 40
6.789026798315706
100
AcDbArc
 50
102.3046864442374
 51
170.6781142737775
  0
ARC
  5
631
330
1F
100
AcDbEntity
  8
PDF_RICKLEE_POWERSUPPLY
370
     9
100
AcDbCircle
 10
775.0663014502388
 20
535.987090069301
 30
0.0
 40
7.120201827645818
100
AcDbArc
 50
113.3184880968447
 51
158.8732910163358
  0
ARC
  5
632
330
1F
100
AcDbEntity
  8
PDF_RICKLEE_POWERSUPPLY
370
     9
100
AcDbCircle
 10
775.0663014009185
 20
535.9870918986127
 30
0.0
 40
7.561761965234461
100
AcDbArc
 50
29.64111198035006
 51
61.58386758111188
  0
ARC
  5
633
330
1F
100
AcDbEntity
  8
PDF_RICKLEE_POWERSUPPLY
370
     9
100
AcDbCircle
 10
775.0662932872558
 20
535.9870829435903
 30
0.0
 40
8.003336448524066
100
AcDbArc
 50
34.61244060983482
 51
56.66197627780528
  0
ARC
  5
634
330
1F
100
AcDbEntity
  8
PDF_RICKLEE_POWERSUPPLY
370
     9
100
AcDbCircle
 10
775.0662677620728
 20
535.9870570710222
 30
0.0
 40
8.334544558535736
100
AcDbArc
 50
38.59501256936061
 51
52.71236783031554
  0
ARC
  5
635
330
1F
100
AcDbEntity
  8
PDF_RICKLEE_POWERSUPPLY
370
     9
100
AcDbCircle
 10
775.0664257478082
 20
535.9872226181161
 30
0.0
 40
8.775879174321946
100
AcDbArc
 50
41.9182459811527
 51
49.41107346125549
  0
ARC
  5
636
330
1F
100
AcDbEntity
  8
PDF_RICKLEE_POWERSUPPLY
370
     9
100
AcDbCircle
 10
775.0671474417717
 20
535.9879920187812
 30
0.0
 40
9.216387030400417
100
AcDbArc
 50
44.76352555771963
 51
46.58200701276723
  0
ARC
  5
637
330
1F
100
AcDbEntity
  8
PDF_RICKLEE_POWERSUPPLY
370
     9
100
AcDbCircle
 10
775.0662898593615
 20
535.987098013796
 30
0.0
 40
7.561751296135171
100
AcDbArc
 50
119.9157314592576
 51
152.1002344664917
  0
ARC
  5
638
330
1F
100
AcDbEntity
  8
PDF_RICKLEE_POWERSUPPLY
370
     9
100
AcDbCircle
 10
775.0663121137773
 20
535.9870804527008
 30
0.0
 40
8.003342116252763
100
AcDbArc
 50
124.8321850285448
 51
146.9915612580999
  0
ARC
  5
639
330
1F
100
AcDbEntity
  8
PDF_RICKLEE_POWERSUPPLY
370
     9
100
AcDbCircle
 10
775.066287952772
 20
535.9871092388614
 30
0.0
 40
8.334476922899051
100
AcDbArc
 50
128.7872491278175
 51
143.0859905669305
  0
ARC
  5
63A
330
1F
100
AcDbEntity
  8
PDF_RICKLEE_POWERSUPPLY
370
     9
100
AcDbCircle
 10
775.0663418094034
 20
535.9870445754669
 30
0.0
 40
8.776123484792634
100
AcDbArc
 50
132.0886227657536
 51
139.7350539088408
  0
ARC
  5
63B
330
1F
100
AcDbEntity
  8
PDF_RICKLEE_POWERSUPPLY
370
     9
100
AcDbCircle
 10
775.0666831775445
 20
535.9866854821389
 30
0.0
 40
9.218181443639101
100
AcDbArc
 50
134.9175064648187
 51
136.872958671054
  0
CIRCLE
  5
63C
330
1F
100
AcDbEntity
  8
PDF_RICKLEE_ENDOFTAPOFFBLOCK
370
     0
100
AcDbCircle
 10
705.8485191326338
 20
187.1382620641648
 30
0.0
 40
4.581213833655316
  0
LWPOLYLINE
  5
63D
330
1F
100
AcDbEntity
  8
PDF_RICKLEE_ENDOFTAPOFFBLOCK
370
     0
100
AcDbPolyline
 90
        2
 70
     0
 43
0.0
 10
701.2391731005667
 20
187.0773248339792
 10
710.2912111572071
 20
187.0773248339792
  0
LWPOLYLINE
  5
63E
330
1F
100
AcDbEntity
  8
PDF_RICKLEE_AMPBLOCK
370
     9
100
AcDbPolyline
 90
        4
 70
     1
 43
0.0
 10
778.1814965820099
 20
852.9540755370859
 10
778.1814965820099
 20
871.7204958984137
 10
757.869606308573
 20
871.7204958984137
 10
757.869606308573
 20
852.9540755370859
  0
LWPOLYLINE
  5
63F
330
1F
100
AcDbEntity
  8
PDF_RICKLEE_AMPBLOCK
370
     9
100
AcDbPolyline
 90
        2
 70
     0
 43
0.0
 10
757.869606308573
 20
856.0450153613047
 10
778.1814965820099
 20
856.0450153613047
  0
LWPOLYLINE
  5
640
330
1F
100
AcDbEntity
  8
PDF_RICKLEE_AMPBLOCK
370
     9
100
AcDbPolyline
 90
        2
 70
     0
 43
0.0
 10
757.869606308573
 20
859.2463458935313
 10
778.1814965820099
 20
859.2463458935313
  0
LWPOLYLINE
  5
641
330
1F
100
AcDbEntity
  8
PDF_RICKLEE_AMPBLOCK
370
     9
100
AcDbPolyline
 90
        2
 70
     0
 43
0.0
 10
757.869606308573
 20
862.3372857177498
 10
778.1814965820099
 20
862.3372857177498
  0
LWPOLYLINE
  5
642
330
1F
100
AcDbEntity
  8
PDF_RICKLEE_AMPBLOCK
370
     9
100
AcDbPolyline
 90
        2
 70
     0
 43
0.0
 10
757.869606308573
 20
865.5386162499763
 10
778.1814965820099
 20
865.4282255419685
  0
LWPOLYLINE
  5
643
330
1F
100
AcDbEntity
  8
PDF_RICKLEE_AMPBLOCK
370
     9
100
AcDbPolyline
 90
        2
 70
     0
 43
0.0
 10
757.869606308573
 20
868.6295560741951
 10
778.1814965820099
 20
868.6295560741951
  0
LWPOLYLINE
  5
645
330
1F
100
AcDbEntity
  8
PDF_RICKLEE_AMPBLOCK
370
     9
100
AcDbPolyline
 90
        2
 70
     0
 43
0.0
 10
768.0255514452915
 20
868.6295560741951
 10
768.0255514452915
 20
852.9540755370859
  0
ARC
  5
646
330
1F
100
AcDbEntity
  8
PDF_RICKLEE_AMPBLOCK
370
     9
100
AcDbCircle
 10
768.1114051312622
 20
867.8350363499699
 30
0.0
 40
10.87452778141022
100
AcDbArc
 50
21.66910918185936
 51
158.1742370640973
  0
LWPOLYLINE
  5
647
330
1F
100
AcDbEntity
  8
PDF_RICKLEE_AMPBLOCK
370
     9
100
AcDbPolyline
 90
        4
 70
     1
 43
0.0
 10
832.3833342138444
 20
258.9416757470632
 10
832.4937249218521
 20
277.7080961083908
 10
812.1818346484152
 20
277.7080961083908
 10
812.1818346484152
 20
258.9416757470632
  0
LWPOLYLINE
  5
648
330
1F
100
AcDbEntity
  8
PDF_RICKLEE_AMPBLOCK
370
     9
100
AcDbPolyline
 90
        2
 70
     0
 43
0.0
 10
812.1818346484152
 20
262.1430062792897
 10
832.3833342138444
 20
262.0326155712819
  0
LWPOLYLINE
  5
649
330
1F
100
AcDbEntity
  8
PDF_RICKLEE_AMPBLOCK
370
     9
100
AcDbPolyline
 90
        2
 70
     0
 43
0.0
 10
812.1818346484152
 20
265.2339461035084
 10
832.3833342138444
 20
265.2339461035084
  0
LWPOLYLINE
  5
64A
330
1F
100
AcDbEntity
  8
PDF_RICKLEE_AMPBLOCK
370
     9
100
AcDbPolyline
 90
        2
 70
     0
 43
0.0
 10
812.1818346484152
 20
268.324885927727
 10
832.3833342138444
 20
268.324885927727
  0
LWPOLYLINE
  5
64B
330
1F
100
AcDbEntity
  8
PDF_RICKLEE_AMPBLOCK
370
     9
100
AcDbPolyline
 90
        2
 70
     0
 43
0.0
 10
812.1818346484152
 20
271.5262164599535
 10
832.3833342138444
 20
271.4158257519457
  0
LWPOLYLINE
  5
64C
330
1F
100
AcDbEntity
  8
PDF_RICKLEE_AMPBLOCK
370
     9
100
AcDbPolyline
 90
        2
 70
     0
 43
0.0
 10
812.1818346484152
 20
274.6171562841722
 10
832.4937249218521
 20
274.6171562841722
  0
LWPOLYLINE
  5
64E
330
1F
100
AcDbEntity
  8
PDF_RICKLEE_AMPBLOCK
370
     9
100
AcDbPolyline
 90
        2
 70
     0
 43
0.0
 10
822.3377797851338
 20
274.6171562841722
 10
822.2273890771258
 20
258.9416757470632
  0
ARC
  5
64F
330
1F
100
AcDbEntity
  8
PDF_RICKLEE_AMPBLOCK
370
     9
100
AcDbCircle
 10
822.4258233172893
 20
273.7984921019422
 30
0.0
 40
10.87452778141536
100
AcDbArc
 50
21.66910918183345
 51
158.1742370640404
  0
LWPOLYLINE
  5
650
330
1F
100
AcDbEntity
  8
PDF_RICKLEE_AMPBLOCK
370
     9
100
AcDbPolyline
 90
        4
 70
     1
 43
0.0
 10
781.1620456982208
 20
106.3817172802705
 10
781.2724364062286
 20
125.1481376415981
 10
760.9605461327917
 20
125.1481376415981
 10
760.8501554247839
 20
106.3817172802705
  0
LWPOLYLINE
  5
651
330
1F
100
AcDbEntity
  8
PDF_RICKLEE_AMPBLOCK
370
     9
100
AcDbPolyline
 90
        2
 70
     0
 43
0.0
 10
760.9605461327917
 20
109.4726571044892
 10
781.1620456982208
 20
109.4726571044892
  0
LWPOLYLINE
  5
652
330
1F
100
AcDbEntity
  8
PDF_RICKLEE_AMPBLOCK
370
     9
100
AcDbPolyline
 90
        2
 70
     0
 43
0.0
 10
760.9605461327917
 20
112.6739876367157
 10
781.1620456982208
 20
112.5635969287078
  0
LWPOLYLINE
  5
653
330
1F
100
AcDbEntity
  8
PDF_RICKLEE_AMPBLOCK
370
     9
100
AcDbPolyline
 90
        2
 70
     0
 43
0.0
 10
760.9605461327917
 20
115.7649274609343
 10
781.1620456982208
 20
115.7649274609343
  0
LWPOLYLINE
  5
654
330
1F
100
AcDbEntity
  8
PDF_RICKLEE_AMPBLOCK
370
     9
100
AcDbPolyline
 90
        2
 70
     0
 43
0.0
 10
760.9605461327917
 20
118.855867285153
 10
781.1620456982208
 20
118.855867285153
  0
LWPOLYLINE
  5
655
330
1F
100
AcDbEntity
  8
PDF_RICKLEE_AMPBLOCK
370
     9
100
AcDbPolyline
 90
        2
 70
     0
 43
0.0
 10
760.9605461327917
 20
122.0571978173794
 10
781.1620456982208
 20
121.9468071093716
  0
LWPOLYLINE
  5
657
330
1F
100
AcDbEntity
  8
PDF_RICKLEE_AMPBLOCK
370
     9
100
AcDbPolyline
 90
        2
 70
     0
 43
0.0
 10
771.11649126951
 20
122.0571978173794
 10
771.0061005615023
 20
106.3817172802705
  0
ARC
  5
658
330
1F
100
AcDbEntity
  8
PDF_RICKLEE_AMPBLOCK
370
     9
100
AcDbCircle
 10
771.2024572552771
 20
121.1219383629295
 30
0.0
 40
10.87452778141819
100
AcDbArc
 50
21.66910918184494
 51
158.1742370640441
  0
LWPOLYLINE
  5
659
330
1F
100
AcDbEntity
  8
PDF_Level 21
370
     9
100
AcDbPolyline
 90
        4
 70
     1
 43
0.0
 10
802.3570616357202
 20
534.6976643505713
 10
802.3570616357202
 20
537.5678227587743
 10
799.4869032275171
 20
537.5678227587743
 10
799.4869032275171
 20
534.6976643505713
  0
LWPOLYLINE
  5
65A
330
1F
100
AcDbEntity
  8
PDF_Level 21
370
     9
100
AcDbPolyline
 90
        2
 70
     0
 43
0.0
 10
799.4869032275171
 20
536.1327435546727
 10
802.3570616357202
 20
536.1327435546727
  0
LWPOLYLINE
  5
65B
330
1F
100
AcDbEntity
  8
PDF_Level 21
370
     9
100
AcDbPolyline
 90
        2
 70
     0
 43
0.0
 10
799.4869032275171
 20
536.9054785107275
 10
802.3570616357202
 20
536.9054785107275
  0
LWPOLYLINE
  5
65C
330
1F
100
AcDbEntity
  8
PDF_Level 21
370
     9
100
AcDbPolyline
 90
        2
 70
     0
 43
0.0
 10
799.4869032275171
 20
535.3600085986181
 10
802.3570616357202
 20
535.3600085986181
  0
LWPOLYLINE
  5
65D
330
1F
100
AcDbEntity
  8
PDF_Level 21
370
     9
100
AcDbPolyline
 90
        2
 70
     0
 43
0.0
 10
799.4869032275171
 20
535.6911807226415
 10
802.3570616357202
 20
535.6911807226415
  0
LWPOLYLINE
  5
65E
330
1F
100
AcDbEntity
  8
PDF_Level 21
370
     9
100
AcDbPolyline
 90
        2
 70
     0
 43
0.0
 10
799.4869032275171
 20
535.0288364745948
 10
802.3570616357202
 20
535.0288364745948
  0
LWPOLYLINE
  5
65F
330
1F
100
AcDbEntity
  8
PDF_Level 21
370
     9
100
AcDbPolyline
 90
        2
 70
     0
 43
0.0
 10
799.4869032275171
 20
536.4639156786962
 10
802.3570616357202
 20
536.4639156786962
  0
LWPOLYLINE
  5
660
330
1F
100
AcDbEntity
  8
PDF_Level 21
370
     9
100
AcDbPolyline
 90
        2
 70
     0
 43
0.0
 10
799.4869032275171
 20
537.236650634751
 10
802.3570616357202
 20
537.236650634751
  0
LWPOLYLINE
  5
661
330
1F
100
AcDbEntity
  8
PDF_Level 21
370
     9
100
AcDbPolyline
 90
        2
 70
     0
 43
0.0
 10
799.4869032275171
 20
534.6976643505713
 10
802.3570616357202
 20
537.5678227587743
  0
LWPOLYLINE
  5
662
330
1F
100
AcDbEntity
  8
PDF_Level 21
370
     9
100
AcDbPolyline
 90
        2
 70
     0
 43
0.0
 10
799.4869032275171
 20
537.5678227587743
 10
802.3570616357202
 20
534.6976643505713
  0
CIRCLE
  5
663
330
1F
100
AcDbEntity
  8
PDF_RICKLEE_ENDOFTAPOFFBLOCK
370
     0
100
AcDbCircle
 10
859.518617318668
 20
339.2628482256744
 30
0.0
 40
4.581213833652133
  0
CIRCLE
  5
664
330
1F
100
AcDbEntity
  8
PDF_RICKLEE_ENDOFTAPOFFBLOCK
370
     0
100
AcDbCircle
 10
795.1581955046788
 20
666.2534047966969
 30
0.0
 40
4.581213833678281
  0
LWPOLYLINE
  5
665
330
1F
100
AcDbEntity
  8
PDF_RICKLEE_NODEBOUNDARY
370
     0
100
AcDbPolyline
 90
        4
 70
     0
 10
991.456344453098
 20
114.3298482568328
 40
0.2851126958649503
 41
0.2851126958649503
 10
985.2744648046606
 20
154.6224566796832
 40
0.2747977466761356
 41
0.2747977466761356
 10
641.5178000683417
 20
51.73831681640483
 40
0.3177151108701294
 41
0.3177151108701294
 10
639.8067440942208
 20
45.99799999999873
 40
0.0
 41
0.0
  0
LWPOLYLINE
  5
666
330
1F
100
AcDbEntity
  8
PDF_RICKLEE_NODEBOUNDARY
370
     0
100
AcDbPolyline
 90
        6
 70
     0
 10
985.2744648046606
 20
154.6224566796832
 40
0.3161691403541056
 41
0.3161691403541056
 10
777.0775895019319
 20
1038.410464990206
 40
0.3316976741600511
 41
0.3316976741600511
 10
556.7929316723479
 20
946.0134423876693
 40
0.2132882204531429
 41
0.2132882204531429
 10
670.9921191064268
 20
519.0221838134623
 40
0.3287903903513561
 41
0.3287903903513561
 10
694.6709259741021
 20
322.195551435538
 40
0.3249434286336783
 41
0.3249434286336783
 10
641.4626047143379
 20
51.73831681640483
 40
0.0
 41
0.0
  0
LWPOLYLINE
  5
667
330
1F
100
AcDbEntity
  8
PDF_SKY-Lipa$0$RICKLEE_ROAD
370
     0
100
AcDbPolyline
 90
        2
 70
     0
 43
0.0
 10
699.8040938964652
 20
1041.170232690401
 10
714.5964487695116
 20
1048.235238002901
  0
LWPOLYLINE
  5
668
330
1F
100
AcDbEntity
  8
PDF_SKY-Lipa$0$RICKLEE_ROAD
370
     0
100
AcDbPolyline
 90
        2
 70
     0
 43
0.0
 10
701.1287823925589
 20
1030.903896845675
 10
737.2265439111126
 20
1048.235238002901
  0
LWPOLYLINE
  5
669
330
1F
100
AcDbEntity
  8
PDF_SKY-Lipa$0$RICKLEE_ROAD
370
     0
100
AcDbPolyline
 90
        2
 70
     0
 43
0.0
 10
708.3041784130665
 20
337.871031972647
 10
724.4212217822068
 20
271.3054350439379
  0
LWPOLYLINE
  5
66A
330
1F
100
AcDbEntity
  8
PDF_SKY-Lipa$0$RICKLEE_ROAD
370
     0
100
AcDbPolyline
 90
        2
 70
     0
 43
0.0
 10
717.7977793017381
 20
340.189236840811
 10
733.4732598388471
 20
275.7210633642503
  0
LWPOLYLINE
  5
66B
330
1F
100
AcDbEntity
  8
PDF_SKY-Lipa$0$RICKLEE_ROAD
370
     0
100
AcDbPolyline
 90
        2
 70
     0
 43
0.0
 10
711.2847275292774
 20
224.3893841406189
 10
730.9342735546675
 20
151.862688979488
  0
LWPOLYLINE
  5
66C
330
1F
100
AcDbEntity
  8
PDF_SKY-Lipa$0$RICKLEE_ROAD
370
     0
100
AcDbPolyline
 90
        2
 70
     0
 43
0.0
 10
730.3823200146284
 20
888.0583206835694
 10
700.0248753124808
 20
1028.806473393526
  0
LWPOLYLINE
  5
66D
330
1F
100
AcDbEntity
  8
PDF_SKY-Lipa$0$RICKLEE_ROAD
370
     0
100
AcDbPolyline
 90
        2
 70
     0
 43
0.0
 10
708.0833969970509
 20
198.5579584667914
 10
721.9926262060349
 20
147.22627924316
  0
LWPOLYLINE
  5
66E
330
1F
100
AcDbEntity
  8
PDF_SKY-Lipa$0$RICKLEE_ROAD
370
     0
100
AcDbPolyline
 90
        2
 70
     0
 43
0.0
 10
846.8445169628674
 20
201.0969447509711
 10
733.5836505468549
 20
150.5380004833943
  0
LWPOLYLINE
  5
66F
330
1F
100
AcDbEntity
  8
PDF_SKY-Lipa$0$RICKLEE_ROAD
370
     0
100
AcDbPolyline
 90
        5
 70
     0
 43
0.0
 10
894.6436935302489
 20
62.77738761718578
 10
802.7986244677514
 20
552.2497869238129
 10
738.8824045312297
 20
848.6488379247814
 10
735.9018554150188
 20
862.2268950097421
 10
733.2524784228314
 20
874.5906543066167
  0
LWPOLYLINE
  5
670
330
1F
100
AcDbEntity
  8
PDF_SKY-Lipa$0$RICKLEE_ROAD
370
     0
100
AcDbPolyline
 90
        2
 70
     0
 43
0.0
 10
897.7346333544677
 20
45.99799999999873
 10
897.1826798144284
 20
49.08893982421741
  0
LWPOLYLINE
  5
671
330
1F
100
AcDbEntity
  8
PDF_SKY-Lipa$0$RICKLEE_ROAD
370
     0
100
AcDbPolyline
 90
        2
 70
     0
 43
0.0
 10
897.2930705224364
 20
61.34230841308426
 10
991.456344453098
 20
99.20632125976291
  0
LWPOLYLINE
  5
672
330
1F
100
AcDbEntity
  8
PDF_SKY-Lipa$0$RICKLEE_ROAD
370
     0
100
AcDbPolyline
 90
        2
 70
     0
 43
0.0
 10
898.3969776025144
 20
51.2967539843736
 10
991.456344453098
 20
88.719203999021
  0
LWPOLYLINE
  5
673
330
1F
100
AcDbEntity
  8
PDF_SKY-Lipa$0$RICKLEE_ROAD
370
     0
100
AcDbPolyline
 90
        2
 70
     0
 43
0.0
 10
991.456344453098
 20
342.9490045410062
 10
980.4172736523169
 20
369.3323837548727
  0
LWPOLYLINE
  5
674
330
1F
100
AcDbEntity
  8
PDF_SKY-Lipa$0$RICKLEE_ROAD
370
     0
100
AcDbPolyline
 90
        2
 70
     0
 43
0.0
 10
981.5211807323949
 20
371.8713700390523
 10
991.456344453098
 20
376.1766076513569
  0
ARC
  5
675
330
1F
100
AcDbEntity
  8
PDF_SKY-Lipa$0$RICKLEE_ROAD
370
     0
100
AcDbCircle
 10
982.3884721081276
 20
370.1735091872705
 30
0.0
 40
1.931822247007602
100
AcDbArc
 50
112.9918273733333
 51
202.7336342912117
  0
LWPOLYLINE
  5
676
330
1F
100
AcDbEntity
  8
PDF_SKY-Lipa$0$RICKLEE_ROAD
370
     0
100
AcDbPolyline
 90
        2
 70
     0
 43
0.0
 10
766.4800815331821
 20
278.3704403564377
 10
745.1746748876749
 20
347.2542421533108
  0
ARC
  5
677
330
1F
100
AcDbEntity
  8
PDF_SKY-Lipa$0$RICKLEE_ROAD
370
     0
100
AcDbCircle
 10
764.6891243047524
 20
277.7727246824002
 30
0.0
 40
1.9319838884334
100
AcDbArc
 50
292.5501753412934
 51
17.17235961727167
  0
ARC
  5
678
330
1F
100
AcDbEntity
  8
PDF_SKY-Lipa$0$RICKLEE_ROAD
370
     0
100
AcDbCircle
 10
735.4344056828973
 20
276.2271975410785
 30
0.0
 40
1.931912616432235
100
AcDbArc
 50
193.6574834814362
 51
292.5509265197032
  0
LWPOLYLINE
  5
679
330
1F
100
AcDbEntity
  8
PDF_SKY-Lipa$0$RICKLEE_ROAD
370
     0
100
AcDbPolyline
 90
        2
 70
     0
 43
0.0
 10
754.4474943603309
 20
284.000366464836
 10
735.791464707011
 20
344.3840837451078
  0
LWPOLYLINE
  5
67A
330
1F
100
AcDbEntity
  8
PDF_SKY-Lipa$0$RICKLEE_ROAD
370
     0
100
AcDbPolyline
 90
        2
 70
     0
 43
0.0
 10
736.1226368310346
 20
274.3963748681566
 10
753.3435872802527
 20
281.5717708886642
  0
ARC
  5
67B
330
1F
100
AcDbEntity
  8
PDF_SKY-Lipa$0$RICKLEE_ROAD
370
     0
100
AcDbCircle
 10
752.6560879326906
 20
283.4028753904011
 30
0.0
 40
1.931983888423961
100
AcDbArc
 50
292.5501753411468
 51
17.17235961753657
  0
ARC
  5
67C
330
1F
100
AcDbEntity
  8
PDF_SKY-Lipa$0$RICKLEE_ROAD
370
     0
100
AcDbCircle
 10
722.6285801221838
 20
270.9282194122281
 30
0.0
 40
1.93183705388912
100
AcDbArc
 50
292.5494448383083
 51
13.65052964994635
  0
LWPOLYLINE
  5
67D
330
1F
100
AcDbEntity
  8
PDF_SKY-Lipa$0$RICKLEE_ROAD
370
     0
100
AcDbPolyline
 90
        3
 70
     0
 43
0.0
 10
710.9328489103224
 20
263.1312611629401
 42
-0.2353838505691063
 10
712.057462485332
 20
264.4612111474537
 10
723.3173147021286
 20
269.0976208837817
  0
LWPOLYLINE
  5
67F
330
1F
100
AcDbEntity
  8
PDF_SKY-Lipa$0$RICKLEE_ROAD
370
     0
100
AcDbPolyline
 90
        2
 70
     0
 43
0.0
 10
720.2263748779099
 20
257.2858151269461
 10
765.3761744531041
 20
275.9418447802659
  0
LWPOLYLINE
  5
680
330
1F
100
AcDbEntity
  8
PDF_SKY-Lipa$0$RICKLEE_ROAD
370
     0
100
AcDbPolyline
 90
        2
 70
     0
 43
0.0
 10
711.2847275292774
 20
225.3829005126891
 10
719.1224677978318
 20
255.9611266308523
  0
ARC
  5
681
330
1F
100
AcDbEntity
  8
PDF_SKY-Lipa$0$RICKLEE_ROAD
370
     0
100
AcDbCircle
 10
721.0830543138731
 20
255.47290369255
 30
0.0
 40
1.931837360521133
100
AcDbArc
 50
112.5494570582934
 51
165.5310227677114
  0
ARC
  5
682
330
1F
100
AcDbEntity
  8
PDF_SKY-Lipa$0$RICKLEE_ROAD
370
     0
100
AcDbCircle
 10
713.2449702717139
 20
224.8934276238439
 30
0.0
 40
1.931830858077674
100
AcDbArc
 50
165.5309541592277
 51
195.1831506192871
  0
ARC
  5
683
330
1F
100
AcDbEntity
  8
PDF_SKY-Lipa$0$RICKLEE_ROAD
370
     0
100
AcDbCircle
 10
706.2900821842333
 20
198.0673920926371
 30
0.0
 40
1.931836091507077
100
AcDbArc
 50
15.18307369326455
 51
165.5310408767412
  0
LWPOLYLINE
  5
684
330
1F
100
AcDbEntity
  8
PDF_SKY-Lipa$0$RICKLEE_ROAD
370
     0
100
AcDbPolyline
 90
        2
 70
     0
 43
0.0
 10
672.9791518505675
 20
116.2064902929655
 10
710.8431646972461
 20
263.13652265136
  0
LWPOLYLINE
  5
685
330
1F
100
AcDbEntity
  8
PDF_SKY-Lipa$0$RICKLEE_ROAD
370
     0
100
AcDbPolyline
 90
        2
 70
     0
 43
0.0
 10
847.6172519189221
 20
190.8306089062447
 10
675.6285288427549
 20
113.9986761328094
  0
ARC
  5
686
330
1F
100
AcDbEntity
  8
PDF_SKY-Lipa$0$RICKLEE_ROAD
370
     0
100
AcDbCircle
 10
674.9378828592869
 20
115.8229577240378
 30
0.0
 40
1.931835161916673
100
AcDbArc
 50
165.5309715270134
 51
294.0765492125299
  0
LWPOLYLINE
  5
687
330
1F
100
AcDbEntity
  8
PDF_SKY-Lipa$0$RICKLEE_ROAD
370
     0
100
AcDbPolyline
 90
        2
 70
     0
 43
0.0
 10
687.5507253075983
 20
133.4274407421838
 10
704.3301129247854
 20
198.5579584667914
  0
LWPOLYLINE
  5
688
330
1F
100
AcDbEntity
  8
PDF_SKY-Lipa$0$RICKLEE_ROAD
370
     0
100
AcDbPolyline
 90
        2
 70
     0
 43
0.0
 10
720.9991098339647
 20
144.908074374996
 10
690.2001022997858
 20
131.2196265820277
  0
ARC
  5
689
330
1F
100
AcDbEntity
  8
PDF_SKY-Lipa$0$RICKLEE_ROAD
370
     0
100
AcDbCircle
 10
689.5100178153616
 20
133.0446100470477
 30
0.0
 40
1.931835161933303
100
AcDbArc
 50
165.5309715275176
 51
294.0765492124358
  0
ARC
  5
68A
330
1F
100
AcDbEntity
  8
PDF_SKY-Lipa$0$RICKLEE_ROAD
370
     0
100
AcDbCircle
 10
720.1998726837792
 20
146.7336198336698
 30
0.0
 40
1.931836672840072
100
AcDbArc
 50
294.076525616728
 51
15.18311362015667
  0
ARC
  5
68B
330
1F
100
AcDbEntity
  8
PDF_SKY-Lipa$0$RICKLEE_ROAD
370
     0
100
AcDbCircle
 10
732.895364447203
 20
152.4741746793511
 30
0.0
 40
1.93183639087112
100
AcDbArc
 50
195.183086987891
 51
294.0765440490462
  0
ARC
  5
68C
330
1F
100
AcDbEntity
  8
PDF_SKY-Lipa$0$RICKLEE_ROAD
370
     0
100
AcDbCircle
 10
701.9846757811148
 20
1029.232876089181
 30
0.0
 40
1.931837667388645
100
AcDbArc
 50
115.6366083017983
 51
192.1673712534096
  0
ARC
  5
68D
330
1F
100
AcDbEntity
  8
PDF_SKY-Lipa$0$RICKLEE_ROAD
370
     0
100
AcDbCircle
 10
699.0040130472565
 20
1043.032275828694
 30
0.0
 40
1.931931002057584
100
AcDbArc
 50
192.1704563885199
 51
295.6396721415652
  0
ARC
  5
68E
330
1F
100
AcDbEntity
  8
PDF_SKY-Lipa$0$RICKLEE_ROAD
370
     0
100
AcDbCircle
 10
896.6114125529472
 20
63.27484865571793
 30
0.0
 40
1.931935993046472
100
AcDbArc
 50
190.6255167369032
 51
291.8974806076798
  0
ARC
  5
68F
330
1F
100
AcDbEntity
  8
PDF_SKY-Lipa$0$RICKLEE_ROAD
370
     0
100
AcDbCircle
 10
899.1505092581068
 20
49.47544759208687
 30
0.0
 40
1.931837229926676
100
AcDbArc
 50
111.9012493004885
 51
190.6292827539855
  0
LWPOLYLINE
  5
690
330
1F
100
AcDbEntity
  8
PDF_SKY-Lipa$0$RICKLEE_ROAD
370
     0
100
AcDbPolyline
 90
        3
 70
     0
 43
0.0
 10
877.8643059130619
 20
45.99799999999873
 10
875.3253196288822
 20
59.24488496093587
 10
851.0393638671642
 20
188.953966870112
  0
LWPOLYLINE
  5
691
330
1F
100
AcDbEntity
  8
PDF_SKY-Lipa$0$RICKLEE_ROAD
370
     0
100
AcDbPolyline
 90
        2
 70
     0
 43
0.0
 10
717.0250443456835
 20
862.1165043017342
 10
681.1480642431454
 20
1028.696082685519
  0
LWPOLYLINE
  5
692
330
1F
100
AcDbEntity
  8
PDF_SKY-Lipa$0$RICKLEE_ROAD
370
     0
100
AcDbPolyline
 90
        3
 70
     0
 43
0.0
 10
678.1675151269345
 20
1042.384530478487
 10
676.9532173388486
 20
1048.235238002901
 10
736.3434182470501
 20
772.9208122314242
  0
ARC
  5
694
330
1F
100
AcDbEntity
  8
PDF_SKY-Lipa$0$RICKLEE_ROAD
370
     0
100
AcDbCircle
 10
848.6998786162157
 20
188.5733966538541
 30
0.0
 40
2.483814135724617
100
AcDbArc
 50
10.62767895727299
 51
114.0749482656365
  0
ARC
  5
695
330
1F
100
AcDbEntity
  8
PDF_SKY-Lipa$0$RICKLEE_ROAD
370
     0
100
AcDbCircle
 10
845.939997904181
 20
203.4767464624954
 30
0.0
 40
2.483791280687042
100
AcDbArc
 50
294.0765298339663
 51
10.62925129940097
  0
LWPOLYLINE
  5
696
330
1F
100
AcDbEntity
  8
PDF_SKY-Lipa$0$RICKLEE_HOUSECOUNT
370
     0
100
AcDbPolyline
 90
        4
 70
     1
 43
0.0
 10
878.0850873290775
 20
206.8372615673772
 10
878.0850873290775
 20
202.311242539057
 10
873.5590683007572
 20
202.311242539057
 10
873.5590683007572
 20
206.8372615673772
  0
LWPOLYLINE
  5
697
330
1F
100
AcDbEntity
  8
PDF_SKY-Lipa$0$RICKLEE_HOUSECOUNT
370
     0
100
AcDbPolyline
 90
       16
 70
     1
 43
0.0
 10
874.5525846728275
 20
205.2917916552678
 10
874.3318032568121
 20
205.18140094726
 10
874.2214125488041
 20
205.0710102392522
 10
874.2214125488041
 20
204.7398381152288
 10
874.2214125488041
 20
204.5190566992131
 10
874.2214125488041
 20
204.2982752831975
 10
874.3318032568121
 20
204.0774938671819
 10
874.5525846728275
 20
204.0774938671819
 10
874.6629753808354
 20
204.0774938671819
 10
874.8837567968509
 20
204.0774938671819
 10
874.9941475048588
 20
204.2982752831975
 10
874.9941475048588
 20
204.5190566992131
 10
874.9941475048588
 20
204.7398381152288
 10
874.9941475048588
 20
205.0710102392522
 10
874.8837567968509
 20
205.18140094726
 10
874.6629753808354
 20
205.2917916552678
  0
LWPOLYLINE
  5
698
330
1F
100
AcDbEntity
  8
PDF_SKY-Lipa$0$RICKLEE_HOUSECOUNT
370
     0
100
AcDbPolyline
 90
        2
 70
     0
 43
0.0
 10
876.4292267089604
 20
205.5125730712834
 10
875.3253196288822
 20
203.6359310351507
  0
LWPOLYLINE
  5
699
330
1F
100
AcDbEntity
  8
PDF_SKY-Lipa$0$RICKLEE_HOUSECOUNT
370
     0
100
AcDbPolyline
 90
       20
 70
     0
 43
0.0
 10
877.3123523730228
 20
205.0710102392522
 10
877.3123523730228
 20
205.18140094726
 10
877.0915709570072
 20
205.2917916552678
 10
876.9811802489995
 20
205.2917916552678
 10
876.7603988329838
 20
205.18140094726
 10
876.6500081249759
 20
205.0710102392522
 10
876.6500081249759
 20
204.7398381152288
 10
876.6500081249759
 20
204.4086659912053
 10
876.6500081249759
 20
204.1878845751897
 10
876.7603988329838
 20
204.0774938671819
 10
876.9811802489995
 20
204.0774938671819
 10
877.2019616650149
 20
204.0774938671819
 10
877.3123523730228
 20
204.1878845751897
 10
877.4227430810308
 20
204.4086659912053
 10
877.3123523730228
 20
204.6294474072209
 10
877.2019616650149
 20
204.7398381152288
 10
876.9811802489995
 20
204.7398381152288
 10
876.7603988329838
 20
204.7398381152288
 10
876.6500081249759
 20
204.6294474072209
 10
876.6500081249759
 20
204.4086659912053
  0
LWPOLYLINE
  5
69A
330
1F
100
AcDbEntity
  8
PDF_SKY-Lipa$0$RICKLEE_STRAND
370
     0
100
AcDbPolyline
 90
        2
 70
     0
 43
0.0
 10
869.2538306884527
 20
204.2982752831975
 10
843.2016235986097
 20
201.0969447509711
  0
LWPOLYLINE
  5
69B
330
1F
100
AcDbEntity
  8
PDF_SKY-Lipa$0$RICKLEE_STRANDDISTANCE
370
     0
100
AcDbPolyline
 90
       14
 70
     0
 43
0.0
 10
842.0977165185316
 20
205.7333544872991
 10
842.0977165185316
 20
205.8437451953069
 10
842.2081072265395
 20
205.9541359033147
 10
842.3184979345473
 20
206.0645266113225
 10
842.428888642555
 20
206.1749173193303
 10
842.8704514745863
 20
206.2853080273381
 10
842.980842182594
 20
206.1749173193303
 10
843.0912328906019
 20
206.0645266113225
 10
843.2016235986097
 20
205.9541359033147
 10
843.3120143066176
 20
205.7333544872991
 10
843.2016235986097
 20
205.5125730712834
 10
843.0912328906019
 20
205.2917916552678
 10
842.2081072265395
 20
204.1878845751897
 10
843.5327957226331
 20
204.4086659912053
  0
LWPOLYLINE
  5
69C
330
1F
100
AcDbEntity
  8
PDF_SKY-Lipa$0$RICKLEE_STRANDDISTANCE
370
     0
100
AcDbPolyline
 90
       22
 70
     0
 43
0.0
 10
844.9678749267347
 20
206.2853080273381
 10
844.8574842187268
 20
206.3956987353459
 10
844.5263120947034
 20
206.5060894433537
 10
844.4159213866957
 20
206.5060894433537
 10
844.0847492626721
 20
206.2853080273381
 10
843.9743585546644
 20
206.0645266113225
 10
843.9743585546644
 20
205.5125730712834
 10
843.9743585546644
 20
205.0710102392522
 10
844.0847492626721
 20
204.7398381152288
 10
844.3055306786879
 20
204.5190566992131
 10
844.6367028027113
 20
204.5190566992131
 10
844.747093510719
 20
204.5190566992131
 10
844.9678749267347
 20
204.6294474072209
 10
845.1886563427503
 20
204.8502288232366
 10
845.1886563427503
 20
205.18140094726
 10
845.1886563427503
 20
205.2917916552678
 10
845.0782656347424
 20
205.5125730712834
 10
844.8574842187268
 20
205.6229637792912
 10
844.5263120947034
 20
205.7333544872991
 10
844.19513997068
 20
205.6229637792912
 10
844.0847492626721
 20
205.4021823632756
 10
843.9743585546644
 20
205.0710102392522
  0
LWPOLYLINE
  5
69D
330
1F
100
AcDbEntity
  8
PDF_SKY-Lipa$0$RICKLEE_STRANDDISTANCE
370
     0
100
AcDbPolyline
 90
        2
 70
     0
 43
0.0
 10
845.961391298805
 20
204.6294474072209
 10
845.7406098827894
 20
205.9541359033147
  0
LWPOLYLINE
  5
69E
330
1F
100
AcDbEntity
  8
PDF_SKY-Lipa$0$RICKLEE_STRANDDISTANCE
370
     0
100
AcDbPolyline
 90
        7
 70
     0
 43
0.0
 10
845.8510005907971
 20
205.6229637792912
 10
846.0717820068127
 20
205.9541359033147
 10
846.1821727148205
 20
206.0645266113225
 10
846.5133448388439
 20
206.0645266113225
 10
846.7341262548597
 20
205.9541359033147
 10
846.8445169628674
 20
205.7333544872991
 10
846.9549076708753
 20
204.8502288232366
  0
LWPOLYLINE
  5
69F
330
1F
100
AcDbEntity
  8
PDF_SKY-Lipa$0$RICKLEE_STRANDDISTANCE
370
     0
100
AcDbPolyline
 90
        7
 70
     0
 43
0.0
 10
846.8445169628674
 20
205.7333544872991
 10
847.0652983788831
 20
206.0645266113225
 10
847.2860797948987
 20
206.1749173193303
 10
847.5068612109142
 20
206.1749173193303
 10
847.7276426269298
 20
206.0645266113225
 10
847.8380333349377
 20
205.8437451953069
 10
847.9484240429455
 20
204.9606195312444
  0
LWPOLYLINE
  5
6A0
330
1F
100
AcDbEntity
  8
PDF_SKY-Lipa$0$RICKLEE_HOUSECOUNT
370
     0
100
AcDbPolyline
 90
        4
 70
     1
 43
0.0
 10
839.5587302343519
 20
206.3956987353459
 10
839.5587302343519
 20
201.9800704150335
 10
835.1431019140397
 20
201.9800704150335
 10
835.1431019140397
 20
206.5060894433537
  0
LWPOLYLINE
  5
6A1
330
1F
100
AcDbEntity
  8
PDF_SKY-Lipa$0$RICKLEE_HOUSECOUNT
370
     0
100
AcDbPolyline
 90
        4
 70
     0
 43
0.0
 10
835.8054461620865
 20
204.6294474072209
 10
835.9158368700942
 20
204.7398381152288
 10
836.0262275781021
 20
204.8502288232366
 10
836.0262275781021
 20
203.6359310351507
  0
LWPOLYLINE
  5
6A2
330
1F
100
AcDbEntity
  8
PDF_SKY-Lipa$0$RICKLEE_HOUSECOUNT
370
     0
100
AcDbPolyline
 90
        2
 70
     0
 43
0.0
 10
837.6820881982192
 20
205.0710102392522
 10
836.6885718261489
 20
203.3047589111272
  0
LWPOLYLINE
  5
6A3
330
1F
100
AcDbEntity
  8
PDF_SKY-Lipa$0$RICKLEE_HOUSECOUNT
370
     0
100
AcDbPolyline
 90
       15
 70
     0
 43
0.0
 10
838.1236510302505
 20
204.8502288232366
 10
838.6756045702895
 20
204.8502288232366
 10
838.344432446266
 20
204.4086659912053
 10
838.5652138622818
 20
204.4086659912053
 10
838.6756045702895
 20
204.4086659912053
 10
838.6756045702895
 20
204.2982752831975
 10
838.7859952782973
 20
204.0774938671819
 10
838.7859952782973
 20
203.9671031591741
 10
838.6756045702895
 20
203.8567124511663
 10
838.5652138622818
 20
203.7463217431585
 10
838.4548231542739
 20
203.6359310351507
 10
838.2340417382582
 20
203.6359310351507
 10
838.1236510302505
 20
203.7463217431585
 10
838.0132603222426
 20
203.7463217431585
 10
838.0132603222426
 20
203.8567124511663
  0
LWPOLYLINE
  5
6A4
330
1F
100
AcDbEntity
  8
PDF_SKY-Lipa$0$RICKLEE_STRAND
370
     0
100
AcDbPolyline
 90
        2
 70
     0
 43
0.0
 10
840.4418558984144
 20
200.4346005029242
 10
814.610430224587
 20
189.505920410151
  0
LWPOLYLINE
  5
6A5
330
1F
100
AcDbEntity
  8
PDF_SKY-Lipa$0$RICKLEE_STRANDDISTANCE
370
     0
100
AcDbPolyline
 90
       15
 70
     0
 43
0.0
 10
823.6624682812275
 20
197.5644420947211
 10
824.5455939452899
 20
198.0060049267524
 10
824.3248125292744
 20
197.0124885546821
 10
824.6559846532978
 20
197.1228792626899
 10
824.8767660693133
 20
197.1228792626899
 10
824.9871567773212
 20
197.1228792626899
 10
825.0975474853289
 20
196.9020978466743
 10
825.2079381933366
 20
196.6813164306587
 10
825.2079381933366
 20
196.460535014643
 10
825.0975474853289
 20
196.1293628906196
 10
824.8767660693133
 20
196.0189721826118
 10
824.6559846532978
 20
195.908581474604
 10
824.3248125292744
 20
195.7981907665962
 10
824.2144218212665
 20
195.908581474604
 10
824.1040311132586
 20
196.0189721826118
  0
LWPOLYLINE
  5
6A6
330
1F
100
AcDbEntity
  8
PDF_SKY-Lipa$0$RICKLEE_STRANDDISTANCE
370
     0
100
AcDbPolyline
 90
        4
 70
     0
 43
0.0
 10
825.3183289013446
 20
197.8956142187446
 10
825.4287196093523
 20
198.0060049267524
 10
825.6495010253681
 20
198.4475677587836
 10
826.4222359814226
 20
196.5709257226509
  0
LWPOLYLINE
  5
6A7
330
1F
100
AcDbEntity
  8
PDF_SKY-Lipa$0$RICKLEE_STRANDDISTANCE
370
     0
100
AcDbPolyline
 90
        2
 70
     0
 43
0.0
 10
827.3053616454852
 20
197.0124885546821
 10
826.8637988134539
 20
198.226786342768
  0
LWPOLYLINE
  5
6A8
330
1F
100
AcDbEntity
  8
PDF_SKY-Lipa$0$RICKLEE_STRANDDISTANCE
370
     0
100
AcDbPolyline
 90
        7
 70
     0
 43
0.0
 10
826.9741895214618
 20
197.8956142187446
 10
827.0845802294696
 20
198.226786342768
 10
827.1949709374773
 20
198.3371770507758
 10
827.5261430615007
 20
198.4475677587836
 10
827.7469244775163
 20
198.4475677587836
 10
827.8573151855242
 20
198.226786342768
 10
828.2988780175553
 20
197.3436606787055
  0
LWPOLYLINE
  5
6A9
330
1F
100
AcDbEntity
  8
PDF_SKY-Lipa$0$RICKLEE_STRANDDISTANCE
370
     0
100
AcDbPolyline
 90
        7
 70
     0
 43
0.0
 10
827.8573151855242
 20
198.226786342768
 10
828.0780966015399
 20
198.6683491747992
 10
828.1884873095476
 20
198.778739882807
 10
828.4092687255633
 20
198.8891305908148
 10
828.6300501415789
 20
198.8891305908148
 10
828.8508315575944
 20
198.6683491747992
 10
829.1820036816179
 20
197.7852235107368
  0
LWPOLYLINE
  5
6AA
330
1F
100
AcDbEntity
  8
PDF_SKY-Lipa$0$RICKLEE_HOUSECOUNT
370
     0
100
AcDbPolyline
 90
        4
 70
     1
 43
0.0
 10
812.6233974804465
 20
194.9150651025337
 10
812.6233974804465
 20
190.4994367822213
 10
808.0973784521264
 20
190.4994367822213
 10
808.2077691601341
 20
194.9150651025337
  0
LWPOLYLINE
  5
6AB
330
1F
100
AcDbEntity
  8
PDF_SKY-Lipa$0$RICKLEE_HOUSECOUNT
370
     0
100
AcDbPolyline
 90
        4
 70
     0
 43
0.0
 10
808.7597227001731
 20
193.1488137744088
 10
808.8701134081809
 20
193.2592044824166
 10
809.0908948241967
 20
193.3695951904244
 10
809.0908948241967
 20
192.1552974023384
  0
LWPOLYLINE
  5
6AC
330
1F
100
AcDbEntity
  8
PDF_SKY-Lipa$0$RICKLEE_HOUSECOUNT
370
     0
100
AcDbPolyline
 90
        2
 70
     0
 43
0.0
 10
810.7467554443138
 20
193.59037660644
 10
809.7532390722435
 20
191.7137345703072
  0
LWPOLYLINE
  5
6AD
330
1F
100
AcDbEntity
  8
PDF_SKY-Lipa$0$RICKLEE_HOUSECOUNT
370
     0
100
AcDbPolyline
 90
        4
 70
     0
 43
0.0
 10
811.5194904003685
 20
192.1552974023384
 10
811.5194904003685
 20
193.3695951904244
 10
810.9675368603292
 20
192.5968602343697
 10
811.8506625243918
 20
192.5968602343697
  0
LWPOLYLINE
  5
6AF
330
1F
100
AcDbEntity
  8
PDF_SKY-Lipa$0$RICKLEE_STRAND
370
     0
100
AcDbPolyline
 90
        2
 70
     0
 43
0.0
 10
811.9610532323996
 20
188.402013330073
 10
768.6878956933383
 20
169.6355929687453
  0
LWPOLYLINE
  5
6B0
330
1F
100
AcDbEntity
  8
PDF_SKY-Lipa$0$RICKLEE_STRANDDISTANCE
370
     0
100
AcDbPolyline
 90
       17
 70
     0
 43
0.0
 10
787.1231439306425
 20
181.8889615576122
 10
786.24001826658
 20
181.4473987255809
 10
786.4607996825956
 20
180.6746637695263
 10
786.5711903906035
 20
180.7850544775341
 10
786.7919718066191
 20
181.0058358935497
 10
787.0127532226347
 20
181.1162266015575
 10
787.3439253466581
 20
181.1162266015575
 10
787.5647067626737
 20
181.0058358935497
 10
787.7854881786894
 20
180.7850544775341
 10
787.7854881786894
 20
180.6746637695263
 10
787.8958788866972
 20
180.3434916455028
 10
787.7854881786894
 20
180.1227102294872
 10
787.5647067626737
 20
179.9019288134716
 10
787.3439253466581
 20
179.7915381054638
 10
787.0127532226347
 20
179.7915381054638
 10
786.9023625146269
 20
179.7915381054638
 10
786.6815810986113
 20
180.0123195214794
  0
LWPOLYLINE
  5
6B1
330
1F
100
AcDbEntity
  8
PDF_SKY-Lipa$0$RICKLEE_STRANDDISTANCE
370
     0
100
AcDbPolyline
 90
       16
 70
     1
 43
0.0
 10
788.3374417187284
 20
182.3305243896434
 10
788.1166603027128
 20
182.2201336816356
 10
788.006269594705
 20
181.8889615576122
 10
788.1166603027128
 20
181.3370080175731
 10
788.2270510107206
 20
181.1162266015575
 10
788.558223134744
 20
180.7850544775341
 10
788.7790045507596
 20
180.5642730615185
 10
789.1101766747831
 20
180.5642730615185
 10
789.2205673827909
 20
180.6746637695263
 10
789.4413487988065
 20
180.8954451855419
 10
789.5517395068143
 20
181.2266173095653
 10
789.4413487988065
 20
181.6681801415966
 10
789.3309580907987
 20
181.8889615576122
 10
789.1101766747831
 20
182.3305243896434
 10
788.7790045507596
 20
182.4409150976513
 10
788.4478324267362
 20
182.4409150976513
  0
LWPOLYLINE
  5
6B2
330
1F
100
AcDbEntity
  8
PDF_SKY-Lipa$0$RICKLEE_STRANDDISTANCE
370
     0
100
AcDbPolyline
 90
        2
 70
     0
 43
0.0
 10
790.324474462869
 20
181.1162266015575
 10
789.7725209228299
 20
182.3305243896434
  0
LWPOLYLINE
  5
6B3
330
1F
100
AcDbEntity
  8
PDF_SKY-Lipa$0$RICKLEE_STRANDDISTANCE
370
     0
100
AcDbPolyline
 90
        7
 70
     0
 43
0.0
 10
789.8829116308377
 20
181.99935226562
 10
790.1036930468533
 20
182.3305243896434
 10
790.2140837548612
 20
182.4409150976513
 10
790.4348651708768
 20
182.5513058056591
 10
790.6556465868924
 20
182.5513058056591
 10
790.876428002908
 20
182.3305243896434
 10
791.2076001269314
 20
181.5577894335888
  0
LWPOLYLINE
  5
6B4
330
1F
100
AcDbEntity
  8
PDF_SKY-Lipa$0$RICKLEE_STRANDDISTANCE
370
     0
100
AcDbPolyline
 90
        7
 70
     0
 43
0.0
 10
790.876428002908
 20
182.3305243896434
 10
790.9868187109158
 20
182.7720872216747
 10
791.0972094189236
 20
182.8824779296825
 10
791.4283815429471
 20
182.9928686376903
 10
791.6491629589627
 20
182.9928686376903
 10
791.7595536669705
 20
182.7720872216747
 10
792.2011164990017
 20
181.8889615576122
  0
LWPOLYLINE
  5
6B5
330
1F
100
AcDbEntity
  8
PDF_SKY-Lipa$0$RICKLEE_HOUSECOUNT
370
     0
100
AcDbPolyline
 90
        4
 70
     1
 43
0.0
 10
765.928127993143
 20
174.1616119970655
 10
765.928127993143
 20
169.7459836767531
 10
761.5124996728306
 20
169.7459836767531
 10
761.5124996728306
 20
174.1616119970655
  0
LWPOLYLINE
  5
6B6
330
1F
100
AcDbEntity
  8
PDF_SKY-Lipa$0$RICKLEE_HOUSECOUNT
370
     0
100
AcDbPolyline
 90
        4
 70
     0
 43
0.0
 10
762.6164067529088
 20
171.4018442968703
 10
762.6164067529088
 20
172.6161420849562
 10
762.0644532128697
 20
171.8434071289015
 10
762.8371881689243
 20
171.8434071289015
  0
LWPOLYLINE
  5
6B8
330
1F
100
AcDbEntity
  8
PDF_SKY-Lipa$0$RICKLEE_HOUSECOUNT
370
     0
100
AcDbPolyline
 90
        2
 70
     0
 43
0.0
 10
764.272267373026
 20
172.8369235009718
 10
763.1683602929479
 20
171.0706721728469
  0
LWPOLYLINE
  5
6B9
330
1F
100
AcDbEntity
  8
PDF_SKY-Lipa$0$RICKLEE_HOUSECOUNT
370
     0
100
AcDbPolyline
 90
       27
 70
     1
 43
0.0
 10
764.7138302050572
 20
172.6161420849562
 10
764.6034394970493
 20
172.6161420849562
 10
764.4930487890416
 20
172.5057513769484
 10
764.4930487890416
 20
172.3953606689406
 10
764.6034394970493
 20
172.2849699609328
 10
764.7138302050572
 20
172.1745792529249
 10
764.9346116210728
 20
172.0641885449171
 10
765.0450023290805
 20
172.0641885449171
 10
765.1553930370884
 20
171.9537978369093
 10
765.2657837450962
 20
171.8434071289015
 10
765.2657837450962
 20
171.6226257128859
 10
765.1553930370884
 20
171.5122350048781
 10
764.9346116210728
 20
171.4018442968703
 10
764.7138302050572
 20
171.4018442968703
 10
764.6034394970493
 20
171.5122350048781
 10
764.4930487890416
 20
171.5122350048781
 10
764.4930487890416
 20
171.6226257128859
 10
764.4930487890416
 20
171.8434071289015
 10
764.4930487890416
 20
171.9537978369093
 10
764.6034394970493
 20
172.0641885449171
 10
764.824220913065
 20
172.0641885449171
 10
765.0450023290805
 20
172.1745792529249
 10
765.1553930370884
 20
172.2849699609328
 10
765.1553930370884
 20
172.3953606689406
 10
765.1553930370884
 20
172.5057513769484
 10
765.1553930370884
 20
172.6161420849562
 10
764.9346116210728
 20
172.6161420849562
  0
LWPOLYLINE
  5
6BA
330
1F
100
AcDbEntity
  8
PDF_SKY-Lipa$0$RICKLEE_STRAND
370
     0
100
AcDbPolyline
 90
        2
 70
     0
 43
0.0
 10
766.0385187011509
 20
168.4212951806594
 10
734.6875576269329
 20
154.5120659716754
  0
LWPOLYLINE
  5
6BB
330
1F
100
AcDbEntity
  8
PDF_SKY-Lipa$0$RICKLEE_STRANDDISTANCE
370
     0
100
AcDbPolyline
 90
       15
 70
     0
 43
0.0
 10
746.2785819677529
 20
164.005666860347
 10
747.2720983398232
 20
164.4472296923783
 10
747.0513169238077
 20
163.453713320308
 10
747.2720983398232
 20
163.5641040283158
 10
747.4928797558389
 20
163.5641040283158
 10
747.6032704638466
 20
163.5641040283158
 10
747.8240518798624
 20
163.3433226123002
 10
747.9344425878702
 20
163.1225411962846
 10
747.9344425878702
 20
162.9017597802689
 10
747.8240518798624
 20
162.5705876562455
 10
747.6032704638466
 20
162.4601969482377
 10
747.3824890478311
 20
162.3498062402299
 10
747.0513169238077
 20
162.2394155322221
 10
746.9409262157999
 20
162.3498062402299
 10
746.830535507792
 20
162.4601969482377
  0
LWPOLYLINE
  5
6BC
330
1F
100
AcDbEntity
  8
PDF_SKY-Lipa$0$RICKLEE_STRANDDISTANCE
370
     0
100
AcDbPolyline
 90
       14
 70
     0
 43
0.0
 10
748.1552240038857
 20
164.2264482763627
 10
748.0448332958779
 20
164.3368389843705
 10
748.0448332958779
 20
164.5576204003861
 10
748.1552240038857
 20
164.6680111083939
 10
748.2656147118936
 20
164.8887925244095
 10
748.5967868359169
 20
164.9991832324173
 10
748.8175682519326
 20
164.9991832324173
 10
748.9279589599405
 20
164.9991832324173
 10
749.1487403759561
 20
164.7784018164017
 10
749.1487403759561
 20
164.6680111083939
 10
749.1487403759561
 20
164.4472296923783
 10
749.1487403759561
 20
164.1160575683549
 10
748.5967868359169
 20
162.9017597802689
 10
749.8110846240028
 20
163.453713320308
  0
LWPOLYLINE
  5
6BD
330
1F
100
AcDbEntity
  8
PDF_SKY-Lipa$0$RICKLEE_STRANDDISTANCE
370
     0
100
AcDbPolyline
 90
        2
 70
     0
 43
0.0
 10
750.3630381640419
 20
163.6744947363236
 10
749.8110846240028
 20
164.7784018164017
  0
LWPOLYLINE
  5
6BE
330
1F
100
AcDbEntity
  8
PDF_SKY-Lipa$0$RICKLEE_STRANDDISTANCE
370
     0
100
AcDbPolyline
 90
        7
 70
     0
 43
0.0
 10
749.9214753320107
 20
164.4472296923783
 10
750.1422567480264
 20
164.8887925244095
 10
750.2526474560341
 20
164.9991832324173
 10
750.4734288720498
 20
165.1095739404251
 10
750.6942102880653
 20
165.1095739404251
 10
750.914991704081
 20
164.8887925244095
 10
751.2461638281044
 20
164.005666860347
  0
LWPOLYLINE
  5
6BF
330
1F
100
AcDbEntity
  8
PDF_SKY-Lipa$0$RICKLEE_STRANDDISTANCE
370
     0
100
AcDbPolyline
 90
        7
 70
     0
 43
0.0
 10
750.914991704081
 20
164.8887925244095
 10
751.0253824120887
 20
165.219964648433
 10
751.1357731200965
 20
165.4407460644486
 10
751.4669452441201
 20
165.5511367724564
 10
751.6877266601357
 20
165.5511367724564
 10
751.7981173681435
 20
165.3303553564408
 10
752.2396802001747
 20
164.4472296923783
  0
LWPOLYLINE
  5
6C0
330
1F
100
AcDbEntity
  8
PDF_SKY-Lipa$0$RICKLEE_HOUSECOUNT
370
     0
100
AcDbPolyline
 90
        4
 70
     1
 43
0.0
 10
738.2200602831828
 20
160.3627734960893
 10
738.2200602831828
 20
155.947145175777
 10
733.8044319628705
 20
155.947145175777
 10
733.8044319628705
 20
160.3627734960893
  0
LWPOLYLINE
  5
6C1
330
1F
100
AcDbEntity
  8
PDF_SKY-Lipa$0$RICKLEE_HOUSECOUNT
370
     0
100
AcDbPolyline
 90
       13
 70
     0
 43
0.0
 10
734.3563855029096
 20
158.5965221679644
 10
734.3563855029096
 20
158.7069128759722
 10
734.4667762109174
 20
158.81730358398
 10
734.5771669189251
 20
158.81730358398
 10
734.7979483349408
 20
158.81730358398
 10
734.9083390429487
 20
158.81730358398
 10
735.0187297509564
 20
158.7069128759722
 10
735.0187297509564
 20
158.5965221679644
 10
735.0187297509564
 20
158.4861314599566
 10
735.0187297509564
 20
158.3757407519488
 10
734.7979483349408
 20
158.265350043941
 10
734.2459947949017
 20
157.6030057958941
 10
735.1291204589642
 20
157.6030057958941
  0
LWPOLYLINE
  5
6C2
330
1F
100
AcDbEntity
  8
PDF_SKY-Lipa$0$RICKLEE_HOUSECOUNT
370
     0
100
AcDbPolyline
 90
        2
 70
     0
 43
0.0
 10
736.4538089550579
 20
159.0380849999956
 10
735.4602925829876
 20
157.2718336718707
  0
LWPOLYLINE
  5
6C3
330
1F
100
AcDbEntity
  8
PDF_SKY-Lipa$0$RICKLEE_HOUSECOUNT
370
     0
100
AcDbPolyline
 90
        4
 70
     0
 43
0.0
 10
737.2265439111126
 20
157.6030057958941
 10
737.2265439111126
 20
158.81730358398
 10
736.6745903710736
 20
158.0445686279253
 10
737.5577160351361
 20
158.0445686279253
  0
LWPOLYLINE
  5
6C5
330
1F
100
AcDbEntity
  8
PDF_SKY-Lipa$0$RICKLEE_STRAND
370
     0
100
AcDbPolyline
 90
        2
 70
     0
 43
0.0
 10
733.0316970068158
 20
155.3951916357379
 10
722.7653611620895
 20
192.7072509423775
  0
LWPOLYLINE
  5
6C6
330
1F
100
AcDbEntity
  8
PDF_SKY-Lipa$0$RICKLEE_STRANDDISTANCE
370
     0
100
AcDbPolyline
 90
        4
 70
     0
 43
0.0
 10
732.1485713427533
 20
173.1680956249952
 10
730.2719293066206
 20
172.6161420849562
 10
731.81739921873
 20
172.0641885449171
 10
731.3758363866988
 20
173.3888770410109
  0
LWPOLYLINE
  5
6C8
330
1F
100
AcDbEntity
  8
PDF_SKY-Lipa$0$RICKLEE_STRANDDISTANCE
370
     0
100
AcDbPolyline
 90
       14
 70
     0
 43
0.0
 10
730.4927107226363
 20
173.7200491650343
 10
730.3823200146284
 20
173.7200491650343
 10
730.1615385986129
 20
173.7200491650343
 10
730.0511478906051
 20
173.8304398730421
 10
729.9407571825971
 20
173.9408305810499
 10
729.8303664745893
 20
174.3823934130811
 10
729.8303664745893
 20
174.6031748290968
 10
729.9407571825971
 20
174.7135655371046
 10
730.0511478906051
 20
174.8239562451124
 10
730.2719293066206
 20
174.8239562451124
 10
730.4927107226363
 20
174.8239562451124
 10
730.8238828466596
 20
174.7135655371046
 10
731.9277899267377
 20
174.0512212890577
 10
731.5966178027143
 20
175.2655190771436
  0
LWPOLYLINE
  5
6C9
330
1F
100
AcDbEntity
  8
PDF_SKY-Lipa$0$RICKLEE_STRANDDISTANCE
370
     0
100
AcDbPolyline
 90
        2
 70
     0
 43
0.0
 10
731.3758363866988
 20
175.8174726171827
 10
730.1615385986129
 20
175.4863004931593
  0
LWPOLYLINE
  5
6CA
330
1F
100
AcDbEntity
  8
PDF_SKY-Lipa$0$RICKLEE_STRANDDISTANCE
370
     0
100
AcDbPolyline
 90
        7
 70
     0
 43
0.0
 10
730.4927107226363
 20
175.596691201167
 10
730.1615385986129
 20
175.8174726171827
 10
730.0511478906051
 20
175.9278633251905
 10
729.9407571825971
 20
176.2590354492139
 10
730.0511478906051
 20
176.4798168652295
 10
730.2719293066206
 20
176.5902075732373
 10
731.155054970683
 20
176.8109889892529
  0
LWPOLYLINE
  5
6CB
330
1F
100
AcDbEntity
  8
PDF_SKY-Lipa$0$RICKLEE_STRANDDISTANCE
370
     0
100
AcDbPolyline
 90
        7
 70
     0
 43
0.0
 10
730.2719293066206
 20
176.5902075732373
 10
729.9407571825971
 20
176.8109889892529
 10
729.7199757665815
 20
176.9213796972608
 10
729.7199757665815
 20
177.2525518212842
 10
729.7199757665815
 20
177.4733332372998
 10
729.9407571825971
 20
177.5837239453076
 10
730.8238828466596
 20
177.8045053613232
  0
LWPOLYLINE
  5
6CC
330
1F
100
AcDbEntity
  8
PDF_SKY-Lipa$0$RICKLEE_HOUSECOUNT
370
     0
100
AcDbPolyline
 90
        4
 70
     1
 43
0.0
 10
729.7199757665815
 20
196.9020978466743
 10
729.7199757665815
 20
192.3760788183541
 10
725.1939567382613
 20
192.3760788183541
 10
725.1939567382613
 20
196.9020978466743
  0
LWPOLYLINE
  5
6CD
330
1F
100
AcDbEntity
  8
PDF_SKY-Lipa$0$RICKLEE_HOUSECOUNT
370
     0
100
AcDbPolyline
 90
        4
 70
     0
 43
0.0
 10
726.2978638183394
 20
194.142330146479
 10
726.2978638183394
 20
195.3566279345649
 10
725.7459102783005
 20
194.4735022705025
 10
726.629035942363
 20
194.4735022705025
  0
LWPOLYLINE
  5
6CF
330
1F
100
AcDbEntity
  8
PDF_SKY-Lipa$0$RICKLEE_HOUSECOUNT
370
     0
100
AcDbPolyline
 90
        2
 70
     0
 43
0.0
 10
727.9537244384567
 20
195.5774093505806
 10
726.8498173583785
 20
193.7007673144478
  0
LWPOLYLINE
  5
6D0
330
1F
100
AcDbEntity
  8
PDF_SKY-Lipa$0$RICKLEE_HOUSECOUNT
370
     0
100
AcDbPolyline
 90
       28
 70
     1
 43
0.0
 10
728.3952872704879
 20
195.3566279345649
 10
728.28489656248
 20
195.2462372265571
 10
728.1745058544722
 20
195.1358465185493
 10
728.1745058544722
 20
195.0254558105415
 10
728.28489656248
 20
194.9150651025337
 10
728.3952872704879
 20
194.8046743945259
 10
728.6160686865034
 20
194.8046743945259
 10
728.836850102519
 20
194.6942836865181
 10
728.9472408105269
 20
194.5838929785103
 10
728.9472408105269
 20
194.4735022705025
 10
728.9472408105269
 20
194.3631115624947
 10
728.9472408105269
 20
194.2527208544868
 10
728.836850102519
 20
194.142330146479
 10
728.6160686865034
 20
194.142330146479
 10
728.3952872704879
 20
194.142330146479
 10
728.28489656248
 20
194.142330146479
 10
728.1745058544722
 20
194.2527208544868
 10
728.1745058544722
 20
194.3631115624947
 10
728.1745058544722
 20
194.4735022705025
 10
728.1745058544722
 20
194.5838929785103
 10
728.28489656248
 20
194.6942836865181
 10
728.5056779784956
 20
194.8046743945259
 10
728.7264593945113
 20
194.8046743945259
 10
728.836850102519
 20
194.9150651025337
 10
728.9472408105269
 20
195.0254558105415
 10
728.9472408105269
 20
195.1358465185493
 10
728.836850102519
 20
195.2462372265571
 10
728.6160686865034
 20
195.3566279345649
  0
LWPOLYLINE
  5
6D1
330
1F
100
AcDbEntity
  8
PDF_SKY-Lipa$0$RICKLEE_STRAND
370
     0
100
AcDbPolyline
 90
        2
 70
     0
 43
0.0
 10
721.7718447900193
 20
195.3566279345649
 10
703.2262058447074
 20
235.2076735253842
  0
LWPOLYLINE
  5
6D2
330
1F
100
AcDbEntity
  8
PDF_SKY-Lipa$0$RICKLEE_STRANDDISTANCE
370
     0
100
AcDbPolyline
 90
        4
 70
     0
 43
0.0
 10
713.4925416894335
 20
217.8763323681581
 10
715.2587930175585
 20
218.6490673242127
 10
713.6029323974415
 20
218.9802394482362
 10
714.2652766454882
 20
217.7659416601503
  0
LWPOLYLINE
  5
6D4
330
1F
100
AcDbEntity
  8
PDF_SKY-Lipa$0$RICKLEE_STRANDDISTANCE
370
     0
100
AcDbPolyline
 90
       23
 70
     0
 43
0.0
 10
715.8107465575975
 20
216.77242528808
 10
715.9211372656054
 20
216.8828159960878
 10
715.9211372656054
 20
217.2139881201113
 10
715.8107465575975
 20
217.324378828119
 10
715.7003558495897
 20
217.5451602441347
 10
715.3691837255664
 20
217.6555509521425
 10
714.8172301855273
 20
217.5451602441347
 10
714.375667353496
 20
217.324378828119
 10
714.1548859374804
 20
217.1035974121034
 10
714.0444952294727
 20
216.77242528808
 10
714.0444952294727
 20
216.5516438720644
 10
714.1548859374804
 20
216.4412531640566
 10
714.2652766454882
 20
216.220471748041
 10
714.5964487695116
 20
216.1100810400331
 10
714.8172301855273
 20
216.1100810400331
 10
714.9276208935352
 20
216.220471748041
 10
715.1484023095507
 20
216.4412531640566
 10
715.2587930175585
 20
216.6620345800722
 10
715.2587930175585
 20
216.9932067040956
 10
715.1484023095507
 20
216.9932067040956
 10
714.9276208935352
 20
217.2139881201113
 10
714.7068394775194
 20
217.324378828119
 10
714.375667353496
 20
217.324378828119
  0
LWPOLYLINE
  5
6D5
330
1F
100
AcDbEntity
  8
PDF_SKY-Lipa$0$RICKLEE_STRANDDISTANCE
370
     0
100
AcDbPolyline
 90
        2
 70
     0
 43
0.0
 10
714.5964487695116
 20
215.3373460839785
 10
715.8107465575975
 20
215.8892996240175
  0
LWPOLYLINE
  5
6D6
330
1F
100
AcDbEntity
  8
PDF_SKY-Lipa$0$RICKLEE_STRANDDISTANCE
370
     0
100
AcDbPolyline
 90
        7
 70
     0
 43
0.0
 10
715.4795744335741
 20
215.7789089160097
 10
715.8107465575975
 20
215.5581274999941
 10
716.0315279736132
 20
215.4477367919863
 10
716.141918681621
 20
215.2269553759707
 10
716.141918681621
 20
215.006173959955
 10
715.9211372656054
 20
214.7853925439394
 10
715.0380116015429
 20
214.454220419916
  0
LWPOLYLINE
  5
6D7
330
1F
100
AcDbEntity
  8
PDF_SKY-Lipa$0$RICKLEE_STRANDDISTANCE
370
     0
100
AcDbPolyline
 90
        7
 70
     0
 43
0.0
 10
715.9211372656054
 20
214.7853925439394
 10
716.2523093896289
 20
214.6750018359316
 10
716.4730908056444
 20
214.5646111279238
 10
716.5834815136522
 20
214.2334390039004
 10
716.5834815136522
 20
214.1230482958926
 10
716.3627000976366
 20
213.9022668798769
 10
715.4795744335741
 20
213.4607040478457
  0
LWPOLYLINE
  5
6D8
330
1F
100
AcDbEntity
  8
PDF_SKY-Lipa$0$RICKLEE_HOUSECOUNT
370
     0
100
AcDbPolyline
 90
        4
 70
     1
 43
0.0
 10
701.1287823925589
 20
241.6103345898371
 10
701.1287823925589
 20
237.0843155615169
 10
696.7131540722465
 20
237.0843155615169
 10
696.7131540722465
 20
241.6103345898371
  0
LWPOLYLINE
  5
6D9
330
1F
100
AcDbEntity
  8
PDF_SKY-Lipa$0$RICKLEE_HOUSECOUNT
370
     0
100
AcDbPolyline
 90
       16
 70
     1
 43
0.0
 10
697.596279736309
 20
240.0648646777278
 10
697.4858890283012
 20
239.95447396972
 10
697.3754983202934
 20
239.8440832617122
 10
697.2651076122856
 20
239.5129111376887
 10
697.2651076122856
 20
239.2921297216731
 10
697.3754983202934
 20
239.0713483056575
 10
697.4858890283012
 20
238.8505668896419
 10
697.596279736309
 20
238.8505668896419
 10
697.7066704443168
 20
238.8505668896419
 10
697.9274518603324
 20
238.8505668896419
 10
698.0378425683402
 20
239.0713483056575
 10
698.0378425683402
 20
239.2921297216731
 10
698.0378425683402
 20
239.5129111376887
 10
698.0378425683402
 20
239.8440832617122
 10
697.9274518603324
 20
239.95447396972
 10
697.7066704443168
 20
240.0648646777278
  0
LWPOLYLINE
  5
6DA
330
1F
100
AcDbEntity
  8
PDF_SKY-Lipa$0$RICKLEE_HOUSECOUNT
370
     0
100
AcDbPolyline
 90
        2
 70
     0
 43
0.0
 10
699.4729217724418
 20
240.2856460937434
 10
698.4794054003715
 20
238.4090040576107
  0
LWPOLYLINE
  5
6DB
330
1F
100
AcDbEntity
  8
PDF_SKY-Lipa$0$RICKLEE_HOUSECOUNT
370
     0
100
AcDbPolyline
 90
       22
 70
     0
 43
0.0
 10
700.3560474365042
 20
239.8440832617122
 10
700.3560474365042
 20
239.95447396972
 10
700.1352660204887
 20
240.0648646777278
 10
700.0248753124808
 20
240.0648646777278
 10
699.914484604473
 20
239.95447396972
 10
699.8040938964652
 20
239.7336925537044
 10
699.6937031884574
 20
239.5129111376887
 10
699.6937031884574
 20
239.1817390136653
 10
699.8040938964652
 20
238.9609575976497
 10
699.914484604473
 20
238.8505668896419
 10
700.0248753124808
 20
238.8505668896419
 10
700.1352660204887
 20
238.8505668896419
 10
700.2456567284964
 20
238.8505668896419
 10
700.3560474365042
 20
238.9609575976497
 10
700.466438144512
 20
239.1817390136653
 10
700.3560474365042
 20
239.4025204296809
 10
700.2456567284964
 20
239.5129111376887
 10
700.1352660204887
 20
239.5129111376887
 10
700.0248753124808
 20
239.5129111376887
 10
699.914484604473
 20
239.5129111376887
 10
699.8040938964652
 20
239.4025204296809
 10
699.6937031884574
 20
239.1817390136653
  0
LWPOLYLINE
  5
6DC
330
1F
100
AcDbEntity
  8
PDF_SKY-Lipa$0$RICKLEE_STRAND
370
     0
100
AcDbPolyline
 90
        2
 70
     0
 43
0.0
 10
703.0054244286917
 20
237.8570505175716
 10
708.8561319531057
 20
262.6949598193287
  0
LWPOLYLINE
  5
6DD
330
1F
100
AcDbEntity
  8
PDF_SKY-Lipa$0$RICKLEE_STRANDDISTANCE
370
     0
100
AcDbPolyline
 90
        4
 70
     0
 43
0.0
 10
703.5573779687307
 20
248.7857306103447
 10
701.6807359325979
 20
249.227293442376
 10
702.6742523046682
 20
248.1233863622979
 10
703.0054244286917
 20
249.4480748583916
  0
LWPOLYLINE
  5
6DF
330
1F
100
AcDbEntity
  8
PDF_SKY-Lipa$0$RICKLEE_STRANDDISTANCE
370
     0
100
AcDbPolyline
 90
       14
 70
     0
 43
0.0
 10
702.3430801806448
 20
250.2208098144463
 10
702.232689472637
 20
250.2208098144463
 10
702.1222987646292
 20
250.3312005224541
 10
702.0119080566214
 20
250.4415912304619
 10
702.0119080566214
 20
250.6623726464775
 10
702.1222987646292
 20
250.9935447705009
 10
702.232689472637
 20
251.2143261865166
 10
702.3430801806448
 20
251.2143261865166
 10
702.5638615966604
 20
251.3247168945244
 10
702.6742523046682
 20
251.2143261865166
 10
702.8950337206838
 20
251.1039354785088
 10
703.1158151366995
 20
250.8831540624931
 10
703.7781593847463
 20
249.779246982415
 10
704.1093315087697
 20
250.9935447705009
  0
LWPOLYLINE
  5
6E0
330
1F
100
AcDbEntity
  8
PDF_SKY-Lipa$0$RICKLEE_STRANDDISTANCE
370
     0
100
AcDbPolyline
 90
        2
 70
     0
 43
0.0
 10
704.2197222167776
 20
251.54549831054
 10
703.0054244286917
 20
251.8766704345634
  0
LWPOLYLINE
  5
6E1
330
1F
100
AcDbEntity
  8
PDF_SKY-Lipa$0$RICKLEE_STRANDDISTANCE
370
     0
100
AcDbPolyline
 90
        7
 70
     0
 43
0.0
 10
703.3365965527151
 20
251.7662797265556
 10
703.1158151366995
 20
252.0974518505791
 10
703.0054244286917
 20
252.3182332665947
 10
703.1158151366995
 20
252.5390146826103
 10
703.2262058447074
 20
252.7597960986259
 10
703.5573779687307
 20
252.7597960986259
 10
704.4405036327932
 20
252.5390146826103
  0
LWPOLYLINE
  5
6E2
330
1F
100
AcDbEntity
  8
PDF_SKY-Lipa$0$RICKLEE_STRANDDISTANCE
370
     0
100
AcDbPolyline
 90
        7
 70
     0
 43
0.0
 10
703.5573779687307
 20
252.7597960986259
 10
703.3365965527151
 20
253.0909682226493
 10
703.3365965527151
 20
253.3117496386649
 10
703.3365965527151
 20
253.5325310546806
 10
703.4469872607229
 20
253.7533124706962
 10
703.7781593847463
 20
253.7533124706962
 10
704.6612850488088
 20
253.5325310546806
  0
LWPOLYLINE
  5
6E3
330
1F
100
AcDbEntity
  8
PDF_SKY-Lipa$0$RICKLEE_HOUSECOUNT
370
     0
100
AcDbPolyline
 90
        4
 70
     1
 43
0.0
 10
706.9794899169728
 20
267.5521509716724
 10
706.9794899169728
 20
263.0261319433522
 10
702.4534708886526
 20
263.0261319433522
 10
702.4534708886526
 20
267.5521509716724
  0
LWPOLYLINE
  5
6E4
330
1F
100
AcDbEntity
  8
PDF_SKY-Lipa$0$RICKLEE_HOUSECOUNT
370
     0
100
AcDbPolyline
 90
       16
 70
     1
 43
0.0
 10
703.3365965527151
 20
266.006681059563
 10
703.2262058447074
 20
265.8962903515552
 10
703.1158151366995
 20
265.7858996435474
 10
703.0054244286917
 20
265.454727519524
 10
703.0054244286917
 20
265.2339461035084
 10
703.1158151366995
 20
265.0131646874927
 10
703.2262058447074
 20
264.7923832714771
 10
703.3365965527151
 20
264.7923832714771
 10
703.4469872607229
 20
264.7923832714771
 10
703.6677686767385
 20
264.7923832714771
 10
703.7781593847463
 20
265.0131646874927
 10
703.7781593847463
 20
265.2339461035084
 10
703.7781593847463
 20
265.454727519524
 10
703.7781593847463
 20
265.7858996435474
 10
703.6677686767385
 20
265.8962903515552
 10
703.4469872607229
 20
266.006681059563
  0
LWPOLYLINE
  5
6E5
330
1F
100
AcDbEntity
  8
PDF_SKY-Lipa$0$RICKLEE_HOUSECOUNT
370
     0
100
AcDbPolyline
 90
        2
 70
     0
 43
0.0
 10
705.2132385888478
 20
266.2274624755787
 10
704.2197222167776
 20
264.3508204394459
  0
LWPOLYLINE
  5
6E6
330
1F
100
AcDbEntity
  8
PDF_SKY-Lipa$0$RICKLEE_HOUSECOUNT
370
     0
100
AcDbPolyline
 90
       13
 70
     0
 43
0.0
 10
705.5444107128713
 20
265.6755089355396
 10
705.5444107128713
 20
265.7858996435474
 10
705.5444107128713
 20
265.8962903515552
 10
705.6548014208791
 20
265.8962903515552
 10
705.7651921288869
 20
266.006681059563
 10
705.9859735449025
 20
266.006681059563
 10
706.0963642529103
 20
265.8962903515552
 10
706.2067549609182
 20
265.7858996435474
 10
706.2067549609182
 20
265.6755089355396
 10
706.0963642529103
 20
265.5651182275318
 10
705.9859735449025
 20
265.3443368115162
 10
705.4340200048635
 20
264.7923832714771
 10
706.2067549609182
 20
264.7923832714771
  0
LWPOLYLINE
  5
6E7
330
1F
100
AcDbEntity
  8
PDF_SKY-Lipa$0$RICKLEE_STRAND
370
     0
100
AcDbPolyline
 90
        2
 70
     0
 43
0.0
 10
732.4797434667768
 20
152.8562053515583
 10
716.8042629296678
 20
131.6611894140589
  0
LWPOLYLINE
  5
6E8
330
1F
100
AcDbEntity
  8
PDF_SKY-Lipa$0$RICKLEE_STRANDDISTANCE
370
     0
100
AcDbPolyline
 90
       14
 70
     0
 43
0.0
 10
716.4730908056444
 20
145.3496372070273
 10
716.3627000976366
 20
145.3496372070273
 10
716.3627000976366
 20
145.5704186230429
 10
716.2523093896289
 20
145.6808093310506
 10
716.3627000976366
 20
145.9015907470663
 10
716.5834815136522
 20
146.2327628710897
 10
716.69387222166
 20
146.2327628710897
 10
716.9146536376756
 20
146.3431535790975
 10
717.1354350536914
 20
146.2327628710897
 10
717.2458257616991
 20
146.1223721630819
 10
717.3562164697069
 20
146.0119814550741
 10
717.4666071777147
 20
145.6808093310506
 10
717.6873885937303
 20
144.356120834957
 10
718.4601235497851
 20
145.3496372070273
  0
LWPOLYLINE
  5
6E9
330
1F
100
AcDbEntity
  8
PDF_SKY-Lipa$0$RICKLEE_STRANDDISTANCE
370
     0
100
AcDbPolyline
 90
       23
 70
     0
 43
0.0
 10
718.4601235497851
 20
147.5574513671834
 10
718.5705142577928
 20
147.3366699511678
 10
718.6809049658006
 20
147.1158885351522
 10
718.5705142577928
 20
146.7847164111288
 10
718.4601235497851
 20
146.6743257031209
 10
718.2393421337693
 20
146.5639349951132
 10
718.0185607177537
 20
146.5639349951132
 10
717.6873885937303
 20
146.5639349951132
 10
717.5769978857225
 20
146.6743257031209
 10
717.4666071777147
 20
146.8951071191366
 10
717.4666071777147
 20
147.22627924316
 10
717.4666071777147
 20
147.4470606591756
 10
717.5769978857225
 20
147.5574513671834
 10
717.7977793017381
 20
147.6678420751913
 10
718.0185607177537
 20
147.7782327831991
 10
718.4601235497851
 20
147.5574513671834
 10
718.7912956738085
 20
147.3366699511678
 10
719.1224677978318
 20
147.0054978271444
 10
719.2328585058397
 20
146.6743257031209
 10
719.1224677978318
 20
146.3431535790975
 10
719.012077089824
 20
146.2327628710897
 10
718.7912956738085
 20
146.0119814550741
 10
718.5705142577928
 20
146.1223721630819
  0
LWPOLYLINE
  5
6EA
330
1F
100
AcDbEntity
  8
PDF_SKY-Lipa$0$RICKLEE_STRANDDISTANCE
370
     0
100
AcDbPolyline
 90
        2
 70
     0
 43
0.0
 10
719.8952027538865
 20
147.3366699511678
 10
718.7912956738085
 20
148.1094049072225
  0
LWPOLYLINE
  5
6EB
330
1F
100
AcDbEntity
  8
PDF_SKY-Lipa$0$RICKLEE_STRANDDISTANCE
370
     0
100
AcDbPolyline
 90
        7
 70
     0
 43
0.0
 10
719.1224677978318
 20
147.8886234912069
 10
719.012077089824
 20
148.3301863232381
 10
719.1224677978318
 20
148.4405770312459
 10
719.2328585058397
 20
148.6613584472615
 10
719.4536399218552
 20
148.7717491552693
 10
719.674421337871
 20
148.6613584472615
 10
720.4471562939255
 20
148.1094049072225
  0
LWPOLYLINE
  5
6EC
330
1F
100
AcDbEntity
  8
PDF_SKY-Lipa$0$RICKLEE_STRANDDISTANCE
370
     0
100
AcDbPolyline
 90
        7
 70
     0
 43
0.0
 10
719.674421337871
 20
148.6613584472615
 10
719.674421337871
 20
149.1029212792928
 10
719.674421337871
 20
149.3237026953084
 10
719.8952027538865
 20
149.544484111324
 10
720.0055934618943
 20
149.6548748193318
 10
720.3367655859177
 20
149.544484111324
 10
721.1095005419724
 20
148.992530571285
  0
LWPOLYLINE
  5
6ED
330
1F
100
AcDbEntity
  8
PDF_SKY-Lipa$0$RICKLEE_HOUSECOUNT
370
     0
100
AcDbPolyline
 90
        4
 70
     1
 43
0.0
 10
718.9016863818162
 20
128.5702495898402
 10
718.9016863818162
 20
124.04423056152
 10
714.375667353496
 20
124.04423056152
 10
714.375667353496
 20
128.5702495898402
  0
LWPOLYLINE
  5
6EE
330
1F
100
AcDbEntity
  8
PDF_SKY-Lipa$0$RICKLEE_HOUSECOUNT
370
     0
100
AcDbPolyline
 90
       16
 70
     1
 43
0.0
 10
715.2587930175585
 20
127.0247796777309
 10
715.0380116015429
 20
126.9143889697231
 10
714.9276208935352
 20
126.8039982617153
 10
714.9276208935352
 20
126.4728261376918
 10
714.9276208935352
 20
126.2520447216762
 10
714.9276208935352
 20
126.0312633056606
 10
715.0380116015429
 20
125.810481889645
 10
715.2587930175585
 20
125.810481889645
 10
715.3691837255664
 20
125.810481889645
 10
715.5899651415819
 20
125.810481889645
 10
715.7003558495897
 20
126.0312633056606
 10
715.7003558495897
 20
126.2520447216762
 10
715.7003558495897
 20
126.4728261376918
 10
715.7003558495897
 20
126.8039982617153
 10
715.5899651415819
 20
126.9143889697231
 10
715.3691837255664
 20
127.0247796777309
  0
LWPOLYLINE
  5
6EF
330
1F
100
AcDbEntity
  8
PDF_SKY-Lipa$0$RICKLEE_HOUSECOUNT
370
     0
100
AcDbPolyline
 90
        2
 70
     0
 43
0.0
 10
717.1354350536914
 20
127.2455610937465
 10
716.0315279736132
 20
125.3689190576137
  0
LWPOLYLINE
  5
6F0
330
1F
100
AcDbEntity
  8
PDF_SKY-Lipa$0$RICKLEE_HOUSECOUNT
370
     0
100
AcDbPolyline
 90
       12
 70
     0
 43
0.0
 10
717.3562164697069
 20
126.6936075537074
 10
717.3562164697069
 20
126.8039982617153
 10
717.4666071777147
 20
126.9143889697231
 10
717.5769978857225
 20
127.0247796777309
 10
717.7977793017381
 20
127.0247796777309
 10
718.0185607177537
 20
126.9143889697231
 10
718.1289514257615
 20
126.8039982617153
 10
718.1289514257615
 20
126.6936075537074
 10
718.0185607177537
 20
126.5832168456996
 10
717.908170009746
 20
126.362435429684
 10
717.3562164697069
 20
125.810481889645
 10
718.1289514257615
 20
125.810481889645
  0
LWPOLYLINE
  5
6F1
330
1F
100
AcDbEntity
  8
PDF_SKY-Lipa$0$RICKLEE_HOUSECOUNT
370
     0
100
AcDbPolyline
 90
        4
 70
     1
 43
0.0
 10
669.777821318341
 20
124.04423056152
 10
669.777821318341
 20
119.5182115331998
 10
665.2518022900208
 20
119.5182115331998
 10
665.2518022900208
 20
124.04423056152
  0
LWPOLYLINE
  5
6F2
330
1F
100
AcDbEntity
  8
PDF_SKY-Lipa$0$RICKLEE_HOUSECOUNT
370
     0
100
AcDbPolyline
 90
        4
 70
     0
 43
0.0
 10
666.0245372460755
 20
122.2779792333951
 10
666.1349279540833
 20
122.2779792333951
 10
666.245318662091
 20
122.4987606494107
 10
666.245318662091
 20
121.2844628613248
  0
LWPOLYLINE
  5
6F3
330
1F
100
AcDbEntity
  8
PDF_SKY-Lipa$0$RICKLEE_HOUSECOUNT
370
     0
100
AcDbPolyline
 90
        2
 70
     0
 43
0.0
 10
668.011569990216
 20
122.7195420654263
 10
666.907662910138
 20
120.8429000292935
  0
LWPOLYLINE
  5
6F4
330
1F
100
AcDbEntity
  8
PDF_SKY-Lipa$0$RICKLEE_HOUSECOUNT
370
     0
100
AcDbPolyline
 90
       21
 70
     0
 43
0.0
 10
668.8946956542785
 20
122.2779792333951
 10
668.8946956542785
 20
122.3883699414029
 10
668.6739142382629
 20
122.4987606494107
 10
668.5635235302551
 20
122.4987606494107
 10
668.3427421142395
 20
122.3883699414029
 10
668.2323514062317
 20
122.2779792333951
 10
668.2323514062317
 20
121.9468071093716
 10
668.2323514062317
 20
121.726025693356
 10
668.2323514062317
 20
121.5052442773404
 10
668.3427421142395
 20
121.2844628613248
 10
668.5635235302551
 20
121.2844628613248
 10
668.7843049462706
 20
121.2844628613248
 10
668.8946956542785
 20
121.5052442773404
 10
669.0050863622864
 20
121.6156349853482
 10
669.0050863622864
 20
121.726025693356
 10
668.8946956542785
 20
121.8364164013638
 10
668.7843049462706
 20
121.9468071093716
 10
668.5635235302551
 20
122.0571978173794
 10
668.3427421142395
 20
121.9468071093716
 10
668.2323514062317
 20
121.8364164013638
 10
668.2323514062317
 20
121.726025693356
  0
LWPOLYLINE
  5
6F5
330
1F
100
AcDbEntity
  8
PDF_SKY-Lipa$0$RICKLEE_STRAND
370
     0
100
AcDbPolyline
 90
        2
 70
     0
 43
0.0
 10
672.9791518505675
 20
123.1611048974575
 10
698.8105775243949
 20
164.8887925244095
  0
LWPOLYLINE
  5
6F6
330
1F
100
AcDbEntity
  8
PDF_SKY-Lipa$0$RICKLEE_STRANDDISTANCE
370
     0
100
AcDbPolyline
 90
       17
 70
     0
 43
0.0
 10
695.9404191161919
 20
155.7263637597613
 10
695.4988562841606
 20
154.8432380956989
 10
696.1612005322075
 20
154.4016752636676
 10
696.0508098241997
 20
154.5120659716754
 10
696.1612005322075
 20
154.7328473876911
 10
696.2715912402153
 20
155.0640195117145
 10
696.4923726562309
 20
155.1744102197223
 10
696.8235447802543
 20
155.2848009277301
 10
697.0443261962699
 20
155.1744102197223
 10
697.2651076122856
 20
155.0640195117145
 10
697.4858890283012
 20
154.8432380956989
 10
697.4858890283012
 20
154.6224566796832
 10
697.3754983202934
 20
154.2912845556598
 10
697.2651076122856
 20
154.0705031396442
 10
697.0443261962699
 20
153.8497217236286
 10
696.9339354882621
 20
153.8497217236286
 10
696.7131540722465
 20
153.8497217236286
  0
LWPOLYLINE
  5
6F7
330
1F
100
AcDbEntity
  8
PDF_SKY-Lipa$0$RICKLEE_STRANDDISTANCE
370
     0
100
AcDbPolyline
 90
       16
 70
     1
 43
0.0
 10
696.6027633642387
 20
156.8302708398394
 10
696.6027633642387
 20
156.499098715816
 10
696.7131540722465
 20
156.1679265917926
 10
697.0443261962699
 20
155.8367544677691
 10
697.2651076122856
 20
155.7263637597613
 10
697.7066704443168
 20
155.5055823437457
 10
698.0378425683402
 20
155.6159730517535
 10
698.2586239843558
 20
155.7263637597613
 10
698.3690146923637
 20
155.947145175777
 10
698.4794054003715
 20
156.1679265917926
 10
698.3690146923637
 20
156.499098715816
 10
698.0378425683402
 20
156.8302708398394
 10
697.7066704443168
 20
156.9406615478472
 10
697.2651076122856
 20
157.1614429638629
 10
696.9339354882621
 20
157.1614429638629
 10
696.7131540722465
 20
156.9406615478472
  0
LWPOLYLINE
  5
6F8
330
1F
100
AcDbEntity
  8
PDF_SKY-Lipa$0$RICKLEE_STRANDDISTANCE
370
     0
100
AcDbPolyline
 90
        2
 70
     0
 43
0.0
 10
699.0313589404105
 20
156.8302708398394
 10
697.9274518603324
 20
157.6030057958941
  0
LWPOLYLINE
  5
6F9
330
1F
100
AcDbEntity
  8
PDF_SKY-Lipa$0$RICKLEE_STRANDDISTANCE
370
     0
100
AcDbPolyline
 90
        7
 70
     0
 43
0.0
 10
698.2586239843558
 20
157.3822243798785
 10
698.148233276348
 20
157.7133965039019
 10
698.148233276348
 20
157.9341779199175
 10
698.2586239843558
 20
158.1549593359332
 10
698.4794054003715
 20
158.265350043941
 10
698.7001868163871
 20
158.265350043941
 10
699.5833124804496
 20
157.7133965039019
  0
LWPOLYLINE
  5
6FA
330
1F
100
AcDbEntity
  8
PDF_SKY-Lipa$0$RICKLEE_STRANDDISTANCE
370
     0
100
AcDbPolyline
 90
        7
 70
     0
 43
0.0
 10
698.7001868163871
 20
158.265350043941
 10
698.7001868163871
 20
158.5965221679644
 10
698.7001868163871
 20
158.81730358398
 10
698.8105775243949
 20
159.0380849999956
 10
699.0313589404105
 20
159.1484757080034
 10
699.2521403564261
 20
159.1484757080034
 10
700.1352660204887
 20
158.5965221679644
  0
LWPOLYLINE
  5
6FB
330
1F
100
AcDbEntity
  8
PDF_SKY-Lipa$0$RICKLEE_HOUSECOUNT
370
     0
100
AcDbPolyline
 90
        4
 70
     1
 43
0.0
 10
706.5379270849416
 20
165.771918188472
 10
706.5379270849416
 20
161.2458991601518
 10
702.0119080566214
 20
161.2458991601518
 10
702.0119080566214
 20
165.771918188472
  0
LWPOLYLINE
  5
6FC
330
1F
100
AcDbEntity
  8
PDF_SKY-Lipa$0$RICKLEE_HOUSECOUNT
370
     0
100
AcDbPolyline
 90
        4
 70
     0
 43
0.0
 10
702.784643012676
 20
164.005666860347
 10
702.8950337206838
 20
164.005666860347
 10
703.1158151366995
 20
164.2264482763627
 10
703.1158151366995
 20
163.0121504882768
  0
LWPOLYLINE
  5
6FD
330
1F
100
AcDbEntity
  8
PDF_SKY-Lipa$0$RICKLEE_HOUSECOUNT
370
     0
100
AcDbPolyline
 90
        2
 70
     0
 43
0.0
 10
704.7716757568166
 20
164.4472296923783
 10
703.6677686767385
 20
162.5705876562455
  0
LWPOLYLINE
  5
6FE
330
1F
100
AcDbEntity
  8
PDF_SKY-Lipa$0$RICKLEE_HOUSECOUNT
370
     0
100
AcDbPolyline
 90
       23
 70
     0
 43
0.0
 10
705.6548014208791
 20
164.005666860347
 10
705.6548014208791
 20
164.1160575683549
 10
705.4340200048635
 20
164.2264482763627
 10
705.3236292968556
 20
164.2264482763627
 10
705.10284788084
 20
164.1160575683549
 10
704.9924571728322
 20
164.005666860347
 10
704.9924571728322
 20
163.6744947363236
 10
704.9924571728322
 20
163.453713320308
 10
704.9924571728322
 20
163.2329319042924
 10
705.10284788084
 20
163.1225411962846
 10
705.3236292968556
 20
163.0121504882768
 10
705.4340200048635
 20
163.0121504882768
 10
705.5444107128713
 20
163.1225411962846
 10
705.6548014208791
 20
163.2329319042924
 10
705.7651921288869
 20
163.3433226123002
 10
705.7651921288869
 20
163.453713320308
 10
705.6548014208791
 20
163.5641040283158
 10
705.5444107128713
 20
163.6744947363236
 10
705.4340200048635
 20
163.7848854443314
 10
705.3236292968556
 20
163.7848854443314
 10
705.10284788084
 20
163.6744947363236
 10
704.9924571728322
 20
163.5641040283158
 10
704.9924571728322
 20
163.453713320308
  0
LWPOLYLINE
  5
6FF
330
1F
100
AcDbEntity
  8
PDF_SKY-Lipa$0$RICKLEE_STRAND
370
     0
100
AcDbPolyline
 90
        2
 70
     0
 43
0.0
 10
870.4681284765387
 20
205.9541359033147
 10
860.422574047828
 20
270.643090795891
  0
LWPOLYLINE
  5
700
330
1F
100
AcDbEntity
  8
PDF_SKY-Lipa$0$RICKLEE_STRANDDISTANCE
370
     0
100
AcDbPolyline
 90
        3
 70
     0
 43
0.0
 10
867.8187514843513
 20
235.8700177734311
 10
867.5979700683356
 20
237.1947062695248
 10
869.695393520484
 20
236.5323620214779
  0
LWPOLYLINE
  5
701
330
1F
100
AcDbEntity
  8
PDF_SKY-Lipa$0$RICKLEE_STRANDDISTANCE
370
     0
100
AcDbPolyline
 90
        4
 70
     0
 43
0.0
 10
867.9291421923592
 20
237.7466598095638
 10
867.7083607763433
 20
237.9674412255794
 10
867.4875793603277
 20
238.188222641595
 10
869.3642213964606
 20
238.5193947656185
  0
LWPOLYLINE
  5
702
330
1F
100
AcDbEntity
  8
PDF_SKY-Lipa$0$RICKLEE_STRANDDISTANCE
370
     0
100
AcDbPolyline
 90
        2
 70
     0
 43
0.0
 10
869.2538306884527
 20
239.5129111376887
 10
867.9291421923592
 20
239.2921297216731
  0
LWPOLYLINE
  5
703
330
1F
100
AcDbEntity
  8
PDF_SKY-Lipa$0$RICKLEE_STRANDDISTANCE
370
     0
100
AcDbPolyline
 90
        7
 70
     0
 43
0.0
 10
868.2603143163825
 20
239.4025204296809
 10
867.9291421923592
 20
239.6233018456966
 10
867.8187514843513
 20
239.7336925537044
 10
867.8187514843513
 20
240.0648646777278
 10
867.8187514843513
 20
240.2856460937434
 10
868.1499236083746
 20
240.3960368017512
 10
869.0330492724372
 20
240.506427509759
  0
LWPOLYLINE
  5
704
330
1F
100
AcDbEntity
  8
PDF_SKY-Lipa$0$RICKLEE_STRANDDISTANCE
370
     0
100
AcDbPolyline
 90
        7
 70
     0
 43
0.0
 10
868.1499236083746
 20
240.3960368017512
 10
867.8187514843513
 20
240.6168182177669
 10
867.7083607763433
 20
240.8375996337825
 10
867.5979700683356
 20
241.0583810497981
 10
867.7083607763433
 20
241.2791624658137
 10
867.9291421923592
 20
241.3895531738215
 10
868.9226585644293
 20
241.4999438818293
  0
LWPOLYLINE
  5
705
330
1F
100
AcDbEntity
  8
PDF_SKY-Lipa$0$RICKLEE_HOUSECOUNT
370
     0
100
AcDbPolyline
 90
        4
 70
     1
 43
0.0
 10
867.4875793603277
 20
274.8379377001878
 10
867.4875793603277
 20
270.3119186718676
 10
862.9615603320075
 20
270.3119186718676
 10
862.9615603320075
 20
274.8379377001878
  0
LWPOLYLINE
  5
706
330
1F
100
AcDbEntity
  8
PDF_SKY-Lipa$0$RICKLEE_HOUSECOUNT
370
     0
100
AcDbPolyline
 90
        4
 70
     0
 43
0.0
 10
863.2927324560311
 20
272.961295664055
 10
863.4031231640388
 20
273.0716863720628
 10
863.5135138720468
 20
273.2924677880784
 10
863.5135138720468
 20
272.0781699999926
  0
LWPOLYLINE
  5
707
330
1F
100
AcDbEntity
  8
PDF_SKY-Lipa$0$RICKLEE_HOUSECOUNT
370
     0
100
AcDbPolyline
 90
        2
 70
     0
 43
0.0
 10
865.1693744921638
 20
273.5132492040941
 10
864.1758581200935
 20
271.6366071679613
  0
LWPOLYLINE
  5
708
330
1F
100
AcDbEntity
  8
PDF_SKY-Lipa$0$RICKLEE_HOUSECOUNT
370
     0
100
AcDbPolyline
 90
        4
 70
     0
 43
0.0
 10
865.3901559081793
 20
272.961295664055
 10
865.6109373241951
 20
273.0716863720628
 10
865.7213280322029
 20
273.2924677880784
 10
865.7213280322029
 20
272.0781699999926
  0
LWPOLYLINE
  5
709
330
1F
100
AcDbEntity
  8
PDF_SKY-Lipa$0$RICKLEE_HOUSECOUNT
370
     0
100
AcDbPolyline
 90
       16
 70
     1
 43
0.0
 10
866.7148444042732
 20
273.2924677880784
 10
866.4940629882575
 20
273.1820770800707
 10
866.3836722802496
 20
272.961295664055
 10
866.3836722802496
 20
272.7405142480394
 10
866.3836722802496
 20
272.5197328320238
 10
866.3836722802496
 20
272.2989514160082
 10
866.4940629882575
 20
272.0781699999926
 10
866.7148444042732
 20
272.0781699999926
 10
866.8252351122809
 20
272.0781699999926
 10
867.0460165282966
 20
272.0781699999926
 10
867.1564072363043
 20
272.2989514160082
 10
867.1564072363043
 20
272.5197328320238
 10
867.1564072363043
 20
272.7405142480394
 10
867.1564072363043
 20
272.961295664055
 10
867.0460165282966
 20
273.1820770800707
 10
866.8252351122809
 20
273.2924677880784
  0
LWPOLYLINE
  5
70A
330
1F
100
AcDbEntity
  8
PDF_SKY-Lipa$0$RICKLEE_STRAND
370
     0
100
AcDbPolyline
 90
        2
 70
     0
 43
0.0
 10
859.870620507789
 20
273.4028584960863
 10
853.0263966113048
 20
306.0785080663979
  0
LWPOLYLINE
  5
70B
330
1F
100
AcDbEntity
  8
PDF_SKY-Lipa$0$RICKLEE_STRANDDISTANCE
370
     0
100
AcDbPolyline
 90
       15
 70
     0
 43
0.0
 10
858.8771041357187
 20
287.5328691210859
 10
858.766713427711
 20
288.5263854931562
 10
859.5394483837655
 20
288.0848226611249
 10
859.5394483837655
 20
288.4159947851484
 10
859.5394483837655
 20
288.5263854931562
 10
859.6498390917734
 20
288.636776201164
 10
859.870620507789
 20
288.8575576171796
 10
860.0914019238045
 20
288.8575576171796
 10
860.3121833398201
 20
288.8575576171796
 10
860.5329647558358
 20
288.7471669091718
 10
860.7537461718514
 20
288.4159947851484
 10
860.7537461718514
 20
288.1952133691327
 10
860.7537461718514
 20
287.8640412451093
 10
860.6433554638435
 20
287.7536505371015
 10
860.5329647558358
 20
287.6432598290937
  0
LWPOLYLINE
  5
70C
330
1F
100
AcDbEntity
  8
PDF_SKY-Lipa$0$RICKLEE_STRANDDISTANCE
370
     0
100
AcDbPolyline
 90
       28
 70
     1
 43
0.0
 10
858.4355413036874
 20
289.6302925732343
 10
858.656322719703
 20
289.2991204492108
 10
858.8771041357187
 20
289.2991204492108
 10
858.9874948437264
 20
289.2991204492108
 10
859.2082762597421
 20
289.4095111572186
 10
859.2082762597421
 20
289.6302925732343
 10
859.2082762597421
 20
290.0718554052655
 10
859.3186669677498
 20
290.2926368212811
 10
859.4290576757577
 20
290.5134182372967
 10
859.5394483837655
 20
290.6238089453045
 10
859.870620507789
 20
290.7341996533123
 10
860.0914019238045
 20
290.7341996533123
 10
860.2017926318124
 20
290.6238089453045
 10
860.3121833398201
 20
290.4030275292889
 10
860.422574047828
 20
289.9614646972577
 10
860.422574047828
 20
289.7406832812421
 10
860.3121833398201
 20
289.6302925732343
 10
860.0914019238045
 20
289.4095111572186
 10
859.870620507789
 20
289.4095111572186
 10
859.6498390917734
 20
289.4095111572186
 10
859.4290576757577
 20
289.6302925732343
 10
859.3186669677498
 20
289.8510739892499
 10
859.0978855517343
 20
290.1822461132733
 10
858.9874948437264
 20
290.4030275292889
 10
858.766713427711
 20
290.4030275292889
 10
858.656322719703
 20
290.4030275292889
 10
858.4355413036874
 20
290.2926368212811
 10
858.4355413036874
 20
289.9614646972577
  0
LWPOLYLINE
  5
70D
330
1F
100
AcDbEntity
  8
PDF_SKY-Lipa$0$RICKLEE_STRANDDISTANCE
370
     0
100
AcDbPolyline
 90
        2
 70
     0
 43
0.0
 10
860.0914019238045
 20
291.3965439013592
 10
858.8771041357187
 20
291.0653717773358
  0
LWPOLYLINE
  5
70E
330
1F
100
AcDbEntity
  8
PDF_SKY-Lipa$0$RICKLEE_STRANDDISTANCE
370
     0
100
AcDbPolyline
 90
        7
 70
     0
 43
0.0
 10
859.2082762597421
 20
291.1757624853436
 10
858.8771041357187
 20
291.3965439013592
 10
858.766713427711
 20
291.506934609367
 10
858.656322719703
 20
291.8381067333904
 10
858.766713427711
 20
292.0588881494061
 10
858.9874948437264
 20
292.1692788574139
 10
859.870620507789
 20
292.3900602734295
  0
LWPOLYLINE
  5
70F
330
1F
100
AcDbEntity
  8
PDF_SKY-Lipa$0$RICKLEE_STRANDDISTANCE
370
     0
100
AcDbPolyline
 90
        7
 70
     0
 43
0.0
 10
858.9874948437264
 20
292.1692788574139
 10
858.656322719703
 20
292.3900602734295
 10
858.5459320116953
 20
292.5004509814373
 10
858.4355413036874
 20
292.8316231054607
 10
858.5459320116953
 20
293.0524045214763
 10
858.766713427711
 20
293.1627952294842
 10
859.6498390917734
 20
293.3835766454998
  0
LWPOLYLINE
  5
710
330
1F
100
AcDbEntity
  8
PDF_SKY-Lipa$0$RICKLEE_HOUSECOUNT
370
     0
100
AcDbPolyline
 90
        4
 70
     1
 43
0.0
 10
860.0914019238045
 20
309.9421828466712
 10
860.0914019238045
 20
305.5265545263588
 10
855.5653828954843
 20
305.5265545263588
 10
855.5653828954843
 20
310.052573554679
  0
LWPOLYLINE
  5
711
330
1F
100
AcDbEntity
  8
PDF_SKY-Lipa$0$RICKLEE_HOUSECOUNT
370
     0
100
AcDbPolyline
 90
       16
 70
     1
 43
0.0
 10
856.4485085595469
 20
308.3967129345619
 10
856.338117851539
 20
308.3967129345619
 10
856.2277271435313
 20
308.1759315185462
 10
856.1173364355235
 20
307.9551501025306
 10
856.1173364355235
 20
307.734368686515
 10
856.2277271435313
 20
307.4031965624916
 10
856.338117851539
 20
307.2928058544838
 10
856.4485085595469
 20
307.182415146476
 10
856.5588992675547
 20
307.182415146476
 10
856.7796806835703
 20
307.2928058544838
 10
856.890071391578
 20
307.4031965624916
 10
857.0004620995858
 20
307.734368686515
 10
857.0004620995858
 20
307.9551501025306
 10
856.890071391578
 20
308.1759315185462
 10
856.7796806835703
 20
308.3967129345619
 10
856.5588992675547
 20
308.3967129345619
  0
LWPOLYLINE
  5
712
330
1F
100
AcDbEntity
  8
PDF_SKY-Lipa$0$RICKLEE_HOUSECOUNT
370
     0
100
AcDbPolyline
 90
        2
 70
     0
 43
0.0
 10
858.3251505956795
 20
308.6174943505775
 10
857.3316342236093
 20
306.8512430224525
  0
LWPOLYLINE
  5
713
330
1F
100
AcDbEntity
  8
PDF_SKY-Lipa$0$RICKLEE_HOUSECOUNT
370
     0
100
AcDbPolyline
 90
       26
 70
     1
 43
0.0
 10
858.8771041357187
 20
308.3967129345619
 10
858.656322719703
 20
308.3967129345619
 10
858.656322719703
 20
308.2863222265541
 10
858.656322719703
 20
308.1759315185462
 10
858.656322719703
 20
308.0655408105384
 10
858.766713427711
 20
307.9551501025306
 10
858.9874948437264
 20
307.9551501025306
 10
859.2082762597421
 20
307.8447593945228
 10
859.3186669677498
 20
307.734368686515
 10
859.4290576757577
 20
307.6239779785072
 10
859.4290576757577
 20
307.4031965624916
 10
859.3186669677498
 20
307.2928058544838
 10
859.0978855517343
 20
307.182415146476
 10
858.8771041357187
 20
307.182415146476
 10
858.656322719703
 20
307.2928058544838
 10
858.5459320116953
 20
307.4031965624916
 10
858.5459320116953
 20
307.6239779785072
 10
858.656322719703
 20
307.734368686515
 10
858.766713427711
 20
307.8447593945228
 10
858.8771041357187
 20
307.9551501025306
 10
859.0978855517343
 20
307.9551501025306
 10
859.3186669677498
 20
308.0655408105384
 10
859.3186669677498
 20
308.1759315185462
 10
859.3186669677498
 20
308.2863222265541
 10
859.3186669677498
 20
308.3967129345619
 10
859.0978855517343
 20
308.3967129345619
  0
LWPOLYLINE
  5
714
330
1F
100
AcDbEntity
  8
PDF_SKY-Lipa$0$RICKLEE_STRAND
370
     0
100
AcDbPolyline
 90
        2
 70
     0
 43
0.0
 10
852.4744430712656
 20
308.8382757665931
 10
847.3964705029064
 20
333.8969664843659
  0
LWPOLYLINE
  5
715
330
1F
100
AcDbEntity
  8
PDF_SKY-Lipa$0$RICKLEE_STRANDDISTANCE
370
     0
100
AcDbPolyline
 90
       15
 70
     0
 43
0.0
 10
852.3640523632579
 20
319.1046116113194
 10
852.1432709472422
 20
320.0981279833897
 10
853.0263966113048
 20
319.7669558593663
 10
853.0263966113048
 20
319.9877372753818
 10
853.0263966113048
 20
320.2085186913975
 10
853.1367873193126
 20
320.3189093994053
 10
853.3575687353282
 20
320.4293001074131
 10
853.5783501513437
 20
320.5396908154209
 10
853.7991315673595
 20
320.4293001074131
 10
854.019912983375
 20
320.3189093994053
 10
854.2406943993906
 20
320.0981279833897
 10
854.2406943993906
 20
319.7669558593663
 10
854.2406943993906
 20
319.4357837353428
 10
854.1303036913829
 20
319.325393027335
 10
854.019912983375
 20
319.2150023193272
  0
LWPOLYLINE
  5
716
330
1F
100
AcDbEntity
  8
PDF_SKY-Lipa$0$RICKLEE_STRANDDISTANCE
370
     0
100
AcDbPolyline
 90
       16
 70
     1
 43
0.0
 10
851.9224895312266
 20
321.3124257714756
 10
852.1432709472422
 20
321.0916443554599
 10
852.3640523632579
 20
320.9812536474522
 10
852.9160059032969
 20
320.9812536474522
 10
853.1367873193126
 20
320.9812536474522
 10
853.5783501513437
 20
321.2020350634678
 10
853.7991315673595
 20
321.4228164794834
 10
853.9095222753672
 20
321.643597895499
 10
853.7991315673595
 20
321.8643793115147
 10
853.6887408593516
 20
322.0851607275303
 10
853.3575687353282
 20
322.3059421435459
 10
852.9160059032969
 20
322.3059421435459
 10
852.5848337792735
 20
322.195551435538
 10
852.1432709472422
 20
321.9747700195224
 10
851.9224895312266
 20
321.7539886035068
 10
851.9224895312266
 20
321.5332071874912
  0
LWPOLYLINE
  5
717
330
1F
100
AcDbEntity
  8
PDF_SKY-Lipa$0$RICKLEE_STRANDDISTANCE
370
     0
100
AcDbPolyline
 90
        2
 70
     0
 43
0.0
 10
853.5783501513437
 20
322.9682863915927
 10
852.3640523632579
 20
322.7475049755771
  0
LWPOLYLINE
  5
718
330
1F
100
AcDbEntity
  8
PDF_SKY-Lipa$0$RICKLEE_STRANDDISTANCE
370
     0
100
AcDbPolyline
 90
        7
 70
     0
 43
0.0
 10
852.6952244872813
 20
322.7475049755771
 10
852.3640523632579
 20
322.9682863915927
 10
852.25366165525
 20
323.1890678076084
 10
852.1432709472422
 20
323.409849223624
 10
852.25366165525
 20
323.6306306396396
 10
852.4744430712656
 20
323.8514120556552
 10
853.3575687353282
 20
323.961802763663
  0
LWPOLYLINE
  5
719
330
1F
100
AcDbEntity
  8
PDF_SKY-Lipa$0$RICKLEE_STRANDDISTANCE
370
     0
100
AcDbPolyline
 90
        7
 70
     0
 43
0.0
 10
852.4744430712656
 20
323.8514120556552
 10
852.1432709472422
 20
323.961802763663
 10
852.0328802392345
 20
324.1825841796786
 10
851.9224895312266
 20
324.4033655956942
 10
852.0328802392345
 20
324.6241470117098
 10
852.25366165525
 20
324.8449284277255
 10
853.2471780273203
 20
324.9553191357333
  0
LWPOLYLINE
  5
71A
330
1F
100
AcDbEntity
  8
PDF_SKY-Lipa$0$RICKLEE_HOUSECOUNT
370
     0
100
AcDbPolyline
 90
        4
 70
     1
 43
0.0
 10
854.4614758154063
 20
337.5398598486236
 10
854.4614758154063
 20
333.0138408203034
 10
849.9354567870861
 20
333.1242315283112
 10
849.9354567870861
 20
337.5398598486236
  0
LWPOLYLINE
  5
71B
330
1F
100
AcDbEntity
  8
PDF_SKY-Lipa$0$RICKLEE_HOUSECOUNT
370
     0
100
AcDbPolyline
 90
        3
 70
     0
 43
0.0
 10
850.1562382031018
 20
335.9943899365143
 10
850.9289731591563
 20
335.9943899365143
 10
850.3770196191174
 20
334.7800921484283
  0
LWPOLYLINE
  5
71C
330
1F
100
AcDbEntity
  8
PDF_SKY-Lipa$0$RICKLEE_HOUSECOUNT
370
     0
100
AcDbPolyline
 90
        2
 70
     0
 43
0.0
 10
852.3640523632579
 20
336.2151713525299
 10
851.2601452831798
 20
334.3385293163971
  0
LWPOLYLINE
  5
71D
330
1F
100
AcDbEntity
  8
PDF_SKY-Lipa$0$RICKLEE_HOUSECOUNT
370
     0
100
AcDbPolyline
 90
        4
 70
     0
 43
0.0
 10
852.5848337792735
 20
335.7736085204986
 10
852.6952244872813
 20
335.7736085204986
 10
852.8056151952892
 20
335.9943899365143
 10
852.8056151952892
 20
334.7800921484283
  0
LWPOLYLINE
  5
71E
330
1F
100
AcDbEntity
  8
PDF_SKY-Lipa$0$RICKLEE_HOUSECOUNT
370
     0
100
AcDbPolyline
 90
       16
 70
     1
 43
0.0
 10
853.7991315673595
 20
335.9943899365143
 10
853.6887408593516
 20
335.9943899365143
 10
853.5783501513437
 20
335.7736085204986
 10
853.4679594433359
 20
335.4424363964752
 10
853.4679594433359
 20
335.3320456884674
 10
853.5783501513437
 20
335.000873564444
 10
853.6887408593516
 20
334.8904828564362
 10
853.7991315673595
 20
334.7800921484283
 10
853.9095222753672
 20
334.7800921484283
 10
854.1303036913829
 20
334.8904828564362
 10
854.2406943993906
 20
335.000873564444
 10
854.2406943993906
 20
335.3320456884674
 10
854.2406943993906
 20
335.4424363964752
 10
854.2406943993906
 20
335.7736085204986
 10
854.1303036913829
 20
335.9943899365143
 10
853.9095222753672
 20
335.9943899365143
  0
LWPOLYLINE
  5
71F
330
1F
100
AcDbEntity
  8
PDF_SKY-Lipa$0$RICKLEE_STRAND
370
     0
100
AcDbPolyline
 90
        2
 70
     0
 43
0.0
 10
846.8445169628674
 20
336.6567341845611
 10
844.4159213866957
 20
348.0269771093655
  0
LWPOLYLINE
  5
720
330
1F
100
AcDbEntity
  8
PDF_SKY-Lipa$0$RICKLEE_STRANDDISTANCE
370
     0
100
AcDbPolyline
 90
        4
 70
     0
 43
0.0
 10
848.5003775829845
 20
340.189236840811
 10
848.279596166969
 20
340.2996275488188
 10
847.9484240429455
 20
340.5204089648344
 10
849.9354567870861
 20
340.9619717968657
  0
LWPOLYLINE
  5
721
330
1F
100
AcDbEntity
  8
PDF_SKY-Lipa$0$RICKLEE_STRANDDISTANCE
370
     0
100
AcDbPolyline
 90
       17
 70
     0
 43
0.0
 10
847.5068612109142
 20
342.6178324169828
 10
847.7276426269298
 20
341.7347067529203
 10
848.6107682909924
 20
341.8450974609281
 10
848.5003775829845
 20
341.955488168936
 10
848.279596166969
 20
342.1762695849516
 10
848.279596166969
 20
342.3970510009672
 10
848.279596166969
 20
342.7282231249906
 10
848.3899868749768
 20
342.9490045410062
 10
848.7211589990002
 20
343.0593952490141
 10
848.8315497070079
 20
343.1697859570219
 10
849.1627218310314
 20
343.0593952490141
 10
849.3835032470471
 20
342.9490045410062
 10
849.4938939550548
 20
342.7282231249906
 10
849.6042846630626
 20
342.3970510009672
 10
849.6042846630626
 20
342.1762695849516
 10
849.4938939550548
 20
342.0658788769438
 10
849.2731125390392
 20
341.8450974609281
  0
LWPOLYLINE
  5
722
330
1F
100
AcDbEntity
  8
PDF_SKY-Lipa$0$RICKLEE_STRANDDISTANCE
370
     0
100
AcDbPolyline
 90
        2
 70
     0
 43
0.0
 10
849.2731125390392
 20
343.8321302050687
 10
848.0588147509534
 20
343.5009580810453
  0
LWPOLYLINE
  5
723
330
1F
100
AcDbEntity
  8
PDF_SKY-Lipa$0$RICKLEE_STRANDDISTANCE
370
     0
100
AcDbPolyline
 90
        7
 70
     0
 43
0.0
 10
848.3899868749768
 20
343.6113487890531
 10
848.0588147509534
 20
343.8321302050687
 10
847.9484240429455
 20
343.9425209130765
 10
847.8380333349377
 20
344.2736930371
 10
847.9484240429455
 20
344.4944744531156
 10
848.1692054589611
 20
344.6048651611234
 10
849.0523311230237
 20
344.825646577139
  0
LWPOLYLINE
  5
724
330
1F
100
AcDbEntity
  8
PDF_SKY-Lipa$0$RICKLEE_STRANDDISTANCE
370
     0
100
AcDbPolyline
 90
        7
 70
     0
 43
0.0
 10
848.1692054589611
 20
344.6048651611234
 10
847.8380333349377
 20
344.825646577139
 10
847.7276426269298
 20
344.9360372851468
 10
847.6172519189221
 20
345.2672094091702
 10
847.7276426269298
 20
345.4879908251859
 10
847.9484240429455
 20
345.5983815331937
 10
848.8315497070079
 20
345.8191629492093
  0
LWPOLYLINE
  5
725
330
1F
100
AcDbEntity
  8
PDF_SKY-Lipa$0$RICKLEE_STRAND
370
     0
100
AcDbPolyline
 90
        2
 70
     0
 43
0.0
 10
843.8639678466566
 20
350.7867448095607
 10
835.5846647460708
 20
393.6183395165908
  0
LWPOLYLINE
  5
726
330
1F
100
AcDbEntity
  8
PDF_SKY-Lipa$0$RICKLEE_STRANDDISTANCE
370
     0
100
AcDbPolyline
 90
        4
 70
     0
 43
0.0
 10
843.9743585546644
 20
370.9882443749898
 10
841.9873258105239
 20
370.6570722509664
 10
843.4224050146253
 20
369.9947280029196
 10
843.2016235986097
 20
371.3194164990133
  0
LWPOLYLINE
  5
728
330
1F
100
AcDbEntity
  8
PDF_SKY-Lipa$0$RICKLEE_STRANDDISTANCE
370
     0
100
AcDbPolyline
 90
       22
 70
     0
 43
0.0
 10
842.2081072265395
 20
372.8648864111226
 10
842.5392793505629
 20
372.8648864111226
 10
842.7600607665784
 20
372.7544957031148
 10
842.8704514745863
 20
372.4233235790913
 10
842.8704514745863
 20
372.3129328710836
 10
842.8704514745863
 20
372.0921514550679
 10
842.7600607665784
 20
371.8713700390523
 10
842.428888642555
 20
371.6505886230367
 10
842.0977165185316
 20
371.7609793310445
 10
841.876935102516
 20
371.8713700390523
 10
841.7665443945081
 20
372.0921514550679
 10
841.7665443945081
 20
372.2025421630757
 10
841.7665443945081
 20
372.5337142870992
 10
841.876935102516
 20
372.7544957031148
 10
842.2081072265395
 20
372.8648864111226
 10
842.7600607665784
 20
372.9752771191304
 10
843.2016235986097
 20
372.9752771191304
 10
843.5327957226331
 20
372.8648864111226
 10
843.643186430641
 20
372.5337142870992
 10
843.643186430641
 20
372.4233235790913
 10
843.643186430641
 20
372.0921514550679
 10
843.4224050146253
 20
371.9817607470602
  0
LWPOLYLINE
  5
729
330
1F
100
AcDbEntity
  8
PDF_SKY-Lipa$0$RICKLEE_STRANDDISTANCE
370
     0
100
AcDbPolyline
 90
        2
 70
     0
 43
0.0
 10
843.4224050146253
 20
373.7480120751851
 10
842.0977165185316
 20
373.5272306591694
  0
LWPOLYLINE
  5
72A
330
1F
100
AcDbEntity
  8
PDF_SKY-Lipa$0$RICKLEE_STRANDDISTANCE
370
     0
100
AcDbPolyline
 90
        7
 70
     0
 43
0.0
 10
842.5392793505629
 20
373.6376213671773
 10
842.2081072265395
 20
373.8584027831929
 10
841.9873258105239
 20
373.9687934912007
 10
841.9873258105239
 20
374.2999656152242
 10
841.9873258105239
 20
374.4103563232319
 10
842.3184979345473
 20
374.6311377392475
 10
843.2016235986097
 20
374.7415284472554
  0
LWPOLYLINE
  5
72B
330
1F
100
AcDbEntity
  8
PDF_SKY-Lipa$0$RICKLEE_STRANDDISTANCE
370
     0
100
AcDbPolyline
 90
        7
 70
     0
 43
0.0
 10
842.3184979345473
 20
374.6311377392475
 10
841.9873258105239
 20
374.8519191552632
 10
841.876935102516
 20
374.962309863271
 10
841.7665443945081
 20
375.2934819872944
 10
841.876935102516
 20
375.51426340331
 10
842.0977165185316
 20
375.6246541113179
 10
842.980842182594
 20
375.8454355273335
  0
LWPOLYLINE
  5
72C
330
1F
100
AcDbEntity
  8
PDF_SKY-Lipa$0$RICKLEE_HOUSECOUNT
370
     0
100
AcDbPolyline
 90
        4
 70
     1
 43
0.0
 10
842.6496700585706
 20
398.144358544911
 10
842.6496700585706
 20
393.6183395165908
 10
838.1236510302505
 20
393.6183395165908
 10
838.1236510302505
 20
398.144358544911
  0
LWPOLYLINE
  5
72D
330
1F
100
AcDbEntity
  8
PDF_SKY-Lipa$0$RICKLEE_HOUSECOUNT
370
     0
100
AcDbPolyline
 90
       16
 70
     1
 43
0.0
 10
838.6756045702895
 20
396.5988886328017
 10
838.4548231542739
 20
396.4884979247938
 10
838.344432446266
 20
396.2677165087782
 10
838.2340417382582
 20
396.0469350927626
 10
838.2340417382582
 20
395.826153676747
 10
838.344432446266
 20
395.6053722607314
 10
838.4548231542739
 20
395.3845908447157
 10
838.6756045702895
 20
395.3845908447157
 10
838.7859952782973
 20
395.3845908447157
 10
838.8963859863052
 20
395.3845908447157
 10
839.0067766943129
 20
395.6053722607314
 10
839.1171674023208
 20
395.826153676747
 10
839.1171674023208
 20
396.0469350927626
 10
839.0067766943129
 20
396.2677165087782
 10
838.8963859863052
 20
396.4884979247938
 10
838.7859952782973
 20
396.5988886328017
  0
LWPOLYLINE
  5
72E
330
1F
100
AcDbEntity
  8
PDF_SKY-Lipa$0$RICKLEE_HOUSECOUNT
370
     0
100
AcDbPolyline
 90
        2
 70
     0
 43
0.0
 10
840.4418558984144
 20
396.8196700488173
 10
839.4483395263442
 20
394.9430280126845
  0
LWPOLYLINE
  5
72F
330
1F
100
AcDbEntity
  8
PDF_SKY-Lipa$0$RICKLEE_HOUSECOUNT
370
     0
100
AcDbPolyline
 90
        4
 70
     0
 43
0.0
 10
840.66263731443
 20
396.2677165087782
 10
840.7730280224379
 20
396.378107216786
 10
840.9938094384536
 20
396.5988886328017
 10
840.9938094384536
 20
395.3845908447157
  0
LWPOLYLINE
  5
730
330
1F
100
AcDbEntity
  8
PDF_SKY-Lipa$0$RICKLEE_HOUSECOUNT
370
     0
100
AcDbPolyline
 90
       16
 70
     1
 43
0.0
 10
841.9873258105239
 20
396.5988886328017
 10
841.7665443945081
 20
396.4884979247938
 10
841.6561536865003
 20
396.2677165087782
 10
841.6561536865003
 20
396.0469350927626
 10
841.6561536865003
 20
395.826153676747
 10
841.6561536865003
 20
395.6053722607314
 10
841.7665443945081
 20
395.3845908447157
 10
841.9873258105239
 20
395.3845908447157
 10
842.0977165185316
 20
395.3845908447157
 10
842.3184979345473
 20
395.3845908447157
 10
842.428888642555
 20
395.6053722607314
 10
842.428888642555
 20
395.826153676747
 10
842.428888642555
 20
396.0469350927626
 10
842.428888642555
 20
396.2677165087782
 10
842.3184979345473
 20
396.4884979247938
 10
842.0977165185316
 20
396.5988886328017
  0
LWPOLYLINE
  5
731
330
1F
100
AcDbEntity
  8
PDF_SKY-Lipa$0$RICKLEE_STRAND
370
     0
100
AcDbPolyline
 90
        2
 70
     0
 43
0.0
 10
835.0327112060318
 20
396.4884979247938
 10
827.1949709374773
 20
437.8850134277223
  0
LWPOLYLINE
  5
732
330
1F
100
AcDbEntity
  8
PDF_SKY-Lipa$0$RICKLEE_STRANDDISTANCE
370
     0
100
AcDbPolyline
 90
        4
 70
     0
 43
0.0
 10
835.3638833300552
 20
416.027653242176
 10
833.3768505859147
 20
415.5860904101449
 10
834.8119297900161
 20
414.923746162098
 10
834.5911483740005
 20
416.3588253661995
  0
LWPOLYLINE
  5
734
330
1F
100
AcDbEntity
  8
PDF_SKY-Lipa$0$RICKLEE_STRANDDISTANCE
370
     0
100
AcDbPolyline
 90
        3
 70
     0
 43
0.0
 10
833.2664598779068
 20
416.5796067822151
 10
832.9352877538834
 20
417.7939045703011
 10
835.0327112060318
 20
417.241951030262
  0
LWPOLYLINE
  5
735
330
1F
100
AcDbEntity
  8
PDF_SKY-Lipa$0$RICKLEE_STRANDDISTANCE
370
     0
100
AcDbPolyline
 90
        2
 70
     0
 43
0.0
 10
834.8119297900161
 20
418.7874209423713
 10
833.4872412939224
 20
418.4562488183479
  0
LWPOLYLINE
  5
736
330
1F
100
AcDbEntity
  8
PDF_SKY-Lipa$0$RICKLEE_STRANDDISTANCE
370
     0
100
AcDbPolyline
 90
        7
 70
     0
 43
0.0
 10
833.9288041259537
 20
418.5666395263557
 10
833.5976320019302
 20
418.7874209423713
 10
833.3768505859147
 20
418.8978116503791
 10
833.3768505859147
 20
419.2289837744025
 10
833.4872412939224
 20
419.4497651904182
 10
833.7080227099381
 20
419.5601558984259
 10
834.5911483740005
 20
419.7809373144416
  0
LWPOLYLINE
  5
737
330
1F
100
AcDbEntity
  8
PDF_SKY-Lipa$0$RICKLEE_STRANDDISTANCE
370
     0
100
AcDbPolyline
 90
        7
 70
     0
 43
0.0
 10
833.7080227099381
 20
419.5601558984259
 10
833.3768505859147
 20
419.7809373144416
 10
833.2664598779068
 20
420.0017187304572
 10
833.1560691698991
 20
420.2225001464729
 10
833.2664598779068
 20
420.4432815624884
 10
833.4872412939224
 20
420.5536722704962
 10
834.3703669579848
 20
420.7744536865119
  0
LWPOLYLINE
  5
738
330
1F
100
AcDbEntity
  8
PDF_SKY-Lipa$0$RICKLEE_HOUSECOUNT
370
     0
100
AcDbPolyline
 90
        4
 70
     1
 43
0.0
 10
833.818413417946
 20
439.5408740478394
 10
833.818413417946
 20
435.0148550195193
 10
829.2923943896257
 20
435.0148550195193
 10
829.2923943896257
 20
439.5408740478394
  0
LWPOLYLINE
  5
739
330
1F
100
AcDbEntity
  8
PDF_SKY-Lipa$0$RICKLEE_HOUSECOUNT
370
     0
100
AcDbPolyline
 90
        3
 70
     0
 43
0.0
 10
829.4027850976336
 20
437.9954041357302
 10
830.1755200536883
 20
437.9954041357302
 10
829.6235665136491
 20
436.7811063476443
  0
LWPOLYLINE
  5
73A
330
1F
100
AcDbEntity
  8
PDF_SKY-Lipa$0$RICKLEE_HOUSECOUNT
370
     0
100
AcDbPolyline
 90
        2
 70
     0
 43
0.0
 10
831.6105992577897
 20
438.2161855517458
 10
830.6170828857194
 20
436.339543515613
  0
LWPOLYLINE
  5
73B
330
1F
100
AcDbEntity
  8
PDF_SKY-Lipa$0$RICKLEE_HOUSECOUNT
370
     0
100
AcDbPolyline
 90
        4
 70
     0
 43
0.0
 10
831.8313806738053
 20
437.7746227197145
 10
831.9417713818131
 20
437.7746227197145
 10
832.1625527978287
 20
437.9954041357302
 10
832.1625527978287
 20
436.7811063476443
  0
LWPOLYLINE
  5
73C
330
1F
100
AcDbEntity
  8
PDF_SKY-Lipa$0$RICKLEE_HOUSECOUNT
370
     0
100
AcDbPolyline
 90
        4
 70
     0
 43
0.0
 10
833.3768505859147
 20
436.7811063476443
 10
833.3768505859147
 20
437.9954041357302
 10
832.7145063378678
 20
437.1122784716677
 10
833.5976320019302
 20
437.1122784716677
  0
LWPOLYLINE
  5
73E
330
1F
100
AcDbEntity
  8
PDF_SKY-Lipa$0$RICKLEE_STRAND
370
     0
100
AcDbPolyline
 90
        2
 70
     0
 43
0.0
 10
826.6430173974383
 20
440.7551718359254
 10
817.590979340798
 20
490.4309904394397
  0
LWPOLYLINE
  5
73F
330
1F
100
AcDbEntity
  8
PDF_SKY-Lipa$0$RICKLEE_STRANDDISTANCE
370
     0
100
AcDbPolyline
 90
       17
 70
     0
 43
0.0
 10
824.3248125292744
 20
464.158001933581
 10
824.5455939452899
 20
463.2748762695185
 10
825.3183289013446
 20
463.2748762695185
 10
825.2079381933366
 20
463.3852669775263
 10
825.0975474853289
 20
463.606048393542
 10
825.0975474853289
 20
463.9372205175654
 10
825.0975474853289
 20
464.158001933581
 10
825.2079381933366
 20
464.3787833495967
 10
825.5391103173602
 20
464.5995647656122
 10
825.6495010253681
 20
464.5995647656122
 10
825.9806731493915
 20
464.5995647656122
 10
826.201454565407
 20
464.3787833495967
 10
826.3118452734149
 20
464.158001933581
 10
826.4222359814226
 20
463.8268298095576
 10
826.3118452734149
 20
463.606048393542
 10
826.3118452734149
 20
463.4956576855342
 10
826.0910638573992
 20
463.3852669775263
  0
LWPOLYLINE
  5
740
330
1F
100
AcDbEntity
  8
PDF_SKY-Lipa$0$RICKLEE_STRANDDISTANCE
370
     0
100
AcDbPolyline
 90
       23
 70
     0
 43
0.0
 10
824.3248125292744
 20
466.0346439697137
 10
824.1040311132586
 20
465.9242532617059
 10
824.1040311132586
 20
465.5930811376825
 10
824.1040311132586
 20
465.4826904296747
 10
824.2144218212665
 20
465.1515183056513
 10
824.5455939452899
 20
465.0411275976435
 10
825.0975474853289
 20
465.0411275976435
 10
825.5391103173602
 20
465.1515183056513
 10
825.8702824413836
 20
465.2619090136591
 10
825.9806731493915
 20
465.4826904296747
 10
826.0910638573992
 20
465.8138625536982
 10
826.0910638573992
 20
465.9242532617059
 10
825.8702824413836
 20
466.1450346777216
 10
825.6495010253681
 20
466.2554253857294
 10
825.4287196093523
 20
466.3658160937372
 10
825.3183289013446
 20
466.3658160937372
 10
824.9871567773212
 20
466.1450346777216
 10
824.8767660693133
 20
465.9242532617059
 10
824.8767660693133
 20
465.7034718456904
 10
824.8767660693133
 20
465.5930811376825
 10
824.9871567773212
 20
465.3722997216669
 10
825.2079381933366
 20
465.1515183056513
 10
825.5391103173602
 20
465.1515183056513
  0
LWPOLYLINE
  5
741
330
1F
100
AcDbEntity
  8
PDF_SKY-Lipa$0$RICKLEE_STRANDDISTANCE
370
     0
100
AcDbPolyline
 90
        2
 70
     0
 43
0.0
 10
825.8702824413836
 20
467.1385510497919
 10
824.5455939452899
 20
466.8073789257684
  0
LWPOLYLINE
  5
742
330
1F
100
AcDbEntity
  8
PDF_SKY-Lipa$0$RICKLEE_STRANDDISTANCE
370
     0
100
AcDbPolyline
 90
        7
 70
     0
 43
0.0
 10
824.8767660693133
 20
466.9177696337762
 10
824.5455939452899
 20
467.1385510497919
 10
824.4352032372821
 20
467.3593324658075
 10
824.4352032372821
 20
467.5801138818231
 10
824.4352032372821
 20
467.8008952978387
 10
824.7663753613055
 20
467.9112860058466
 10
825.6495010253681
 20
468.1320674218621
  0
LWPOLYLINE
  5
743
330
1F
100
AcDbEntity
  8
PDF_SKY-Lipa$0$RICKLEE_STRANDDISTANCE
370
     0
100
AcDbPolyline
 90
        7
 70
     0
 43
0.0
 10
824.7663753613055
 20
467.9112860058466
 10
824.4352032372821
 20
468.1320674218621
 10
824.3248125292744
 20
468.3528488378778
 10
824.2144218212665
 20
468.5736302538934
 10
824.3248125292744
 20
468.794411669909
 10
824.5455939452899
 20
468.9048023779168
 10
825.4287196093523
 20
469.1255837939324
  0
LWPOLYLINE
  5
744
330
1F
100
AcDbEntity
  8
PDF_SKY-Lipa$0$RICKLEE_HOUSECOUNT
370
     0
100
AcDbPolyline
 90
        4
 70
     1
 43
0.0
 10
824.6559846532978
 20
494.7362280517443
 10
824.6559846532978
 20
490.210209023424
 10
820.1299656249775
 20
490.210209023424
 10
820.1299656249775
 20
494.7362280517443
  0
LWPOLYLINE
  5
745
330
1F
100
AcDbEntity
  8
PDF_SKY-Lipa$0$RICKLEE_HOUSECOUNT
370
     0
100
AcDbPolyline
 90
        4
 70
     0
 43
0.0
 10
820.9027005810323
 20
491.976460351549
 10
820.9027005810323
 20
493.1907581396349
 10
820.3507470409931
 20
492.4180231835802
 10
821.2338727050557
 20
492.4180231835802
  0
LWPOLYLINE
  5
747
330
1F
100
AcDbEntity
  8
PDF_SKY-Lipa$0$RICKLEE_HOUSECOUNT
370
     0
100
AcDbPolyline
 90
        2
 70
     0
 43
0.0
 10
822.5585612011494
 20
493.4115395556506
 10
821.4546541210712
 20
491.5348975195178
  0
LWPOLYLINE
  5
748
330
1F
100
AcDbEntity
  8
PDF_SKY-Lipa$0$RICKLEE_HOUSECOUNT
370
     0
100
AcDbPolyline
 90
        4
 70
     0
 43
0.0
 10
822.7793426171649
 20
492.9699767236193
 10
822.8897333251728
 20
492.9699767236193
 10
823.0001240331805
 20
493.1907581396349
 10
823.0001240331805
 20
491.976460351549
  0
LWPOLYLINE
  5
749
330
1F
100
AcDbEntity
  8
PDF_SKY-Lipa$0$RICKLEE_HOUSECOUNT
370
     0
100
AcDbPolyline
 90
       16
 70
     1
 43
0.0
 10
823.9936404052508
 20
493.1907581396349
 10
823.8832496972431
 20
493.0803674316271
 10
823.7728589892352
 20
492.9699767236193
 10
823.6624682812275
 20
492.6388045995959
 10
823.6624682812275
 20
492.5284138915881
 10
823.7728589892352
 20
492.1972417675646
 10
823.8832496972431
 20
491.976460351549
 10
823.9936404052508
 20
491.976460351549
 10
824.1040311132586
 20
491.976460351549
 10
824.3248125292744
 20
491.976460351549
 10
824.4352032372821
 20
492.1972417675646
 10
824.4352032372821
 20
492.5284138915881
 10
824.4352032372821
 20
492.6388045995959
 10
824.4352032372821
 20
492.9699767236193
 10
824.3248125292744
 20
493.0803674316271
 10
824.1040311132586
 20
493.1907581396349
  0
LWPOLYLINE
  5
74A
330
1F
100
AcDbEntity
  8
PDF_SKY-Lipa$0$RICKLEE_STRAND
370
     0
100
AcDbPolyline
 90
        2
 70
     0
 43
0.0
 10
817.0390258007588
 20
493.1907581396349
 10
806.9934713720481
 20
546.5094701074069
  0
LWPOLYLINE
  5
74B
330
1F
100
AcDbEntity
  8
PDF_SKY-Lipa$0$RICKLEE_STRANDDISTANCE
370
     0
100
AcDbPolyline
 90
       17
 70
     0
 43
0.0
 10
814.2792581005636
 20
518.4702302734233
 10
814.5000395165792
 20
517.5871046093608
 10
815.2727744726339
 20
517.6974953173686
 10
815.1623837646262
 20
517.6974953173686
 10
815.0519930566183
 20
518.0286674413921
 10
815.0519930566183
 20
518.2494488574077
 10
815.0519930566183
 20
518.5806209814311
 10
815.1623837646262
 20
518.8014023974467
 10
815.4935558886496
 20
518.9117931054545
 10
815.6039465966573
 20
518.9117931054545
 10
815.9351187206807
 20
518.9117931054545
 10
816.1559001366963
 20
518.8014023974467
 10
816.2662908447043
 20
518.4702302734233
 10
816.376681552712
 20
518.2494488574077
 10
816.2662908447043
 20
517.9182767333843
 10
816.2662908447043
 20
517.8078860253764
 10
816.0455094286886
 20
517.6974953173686
  0
LWPOLYLINE
  5
74C
330
1F
100
AcDbEntity
  8
PDF_SKY-Lipa$0$RICKLEE_STRANDDISTANCE
370
     0
100
AcDbPolyline
 90
       23
 70
     0
 43
0.0
 10
814.610430224587
 20
520.5676537255717
 10
814.8312116406028
 20
520.4572630175639
 10
815.0519930566183
 20
520.3468723095561
 10
815.2727744726339
 20
520.1260908935404
 10
815.2727744726339
 20
520.0157001855326
 10
815.1623837646262
 20
519.6845280615092
 10
815.0519930566183
 20
519.4637466454935
 10
814.8312116406028
 20
519.3533559374857
 10
814.7208209325949
 20
519.3533559374857
 10
814.3896488085713
 20
519.3533559374857
 10
814.1688673925559
 20
519.5741373535013
 10
814.058476684548
 20
519.794918769517
 10
814.058476684548
 20
519.9053094775248
 10
814.058476684548
 20
520.1260908935404
 10
814.2792581005636
 20
520.3468723095561
 10
814.610430224587
 20
520.5676537255717
 10
815.0519930566183
 20
520.6780444335795
 10
815.4935558886496
 20
520.6780444335795
 10
815.824728012673
 20
520.4572630175639
 10
815.9351187206807
 20
520.2364816015483
 10
816.0455094286886
 20
520.0157001855326
 10
815.9351187206807
 20
519.794918769517
 10
815.824728012673
 20
519.6845280615092
  0
LWPOLYLINE
  5
74D
330
1F
100
AcDbEntity
  8
PDF_SKY-Lipa$0$RICKLEE_STRANDDISTANCE
370
     0
100
AcDbPolyline
 90
        2
 70
     0
 43
0.0
 10
815.714337304665
 20
521.4507793896341
 10
814.5000395165792
 20
521.2299979736185
  0
LWPOLYLINE
  5
74E
330
1F
100
AcDbEntity
  8
PDF_SKY-Lipa$0$RICKLEE_STRANDDISTANCE
370
     0
100
AcDbPolyline
 90
        7
 70
     0
 43
0.0
 10
814.8312116406028
 20
521.2299979736185
 10
814.5000395165792
 20
521.4507793896341
 10
814.3896488085713
 20
521.6715608056497
 10
814.2792581005636
 20
521.8923422216653
 10
814.3896488085713
 20
522.113123637681
 10
814.610430224587
 20
522.2235143456888
 10
815.6039465966573
 20
522.4442957617044
  0
LWPOLYLINE
  5
74F
330
1F
100
AcDbEntity
  8
PDF_SKY-Lipa$0$RICKLEE_STRANDDISTANCE
370
     0
100
AcDbPolyline
 90
        7
 70
     0
 43
0.0
 10
814.610430224587
 20
522.2235143456888
 10
814.2792581005636
 20
522.4442957617044
 10
814.1688673925559
 20
522.6650771777201
 10
814.1688673925559
 20
522.8858585937357
 10
814.1688673925559
 20
523.1066400097513
 10
814.5000395165792
 20
523.2170307177591
 10
815.3831651806417
 20
523.4378121337747
  0
LWPOLYLINE
  5
750
330
1F
100
AcDbEntity
  8
PDF_SKY-Lipa$0$RICKLEE_STRAND
370
     0
100
AcDbPolyline
 90
        2
 70
     0
 43
0.0
 10
806.4415178320091
 20
549.37962851561
 10
798.2726054394312
 20
586.2501249902184
  0
LWPOLYLINE
  5
751
330
1F
100
AcDbEntity
  8
PDF_SKY-Lipa$0$RICKLEE_STRANDDISTANCE
370
     0
100
AcDbPolyline
 90
        4
 70
     0
 43
0.0
 10
806.6622992480247
 20
566.7109696728359
 10
804.6752665038843
 20
566.2694068408048
 10
806.2207364159934
 20
565.6070625927579
 10
805.8895642919701
 20
567.0421417968594
  0
LWPOLYLINE
  5
753
330
1F
100
AcDbEntity
  8
PDF_SKY-Lipa$0$RICKLEE_STRANDDISTANCE
370
     0
100
AcDbPolyline
 90
       15
 70
     0
 43
0.0
 10
804.4544850878686
 20
567.3733139208829
 10
804.233703671853
 20
568.3668302929532
 10
805.1168293359154
 20
568.0356581689298
 10
805.0064386279077
 20
568.2564395849453
 10
805.1168293359154
 20
568.477221000961
 10
805.1168293359154
 20
568.5876117089687
 10
805.448001459939
 20
568.6980024169765
 10
805.5583921679467
 20
568.8083931249844
 10
805.8895642919701
 20
568.6980024169765
 10
806.1103457079857
 20
568.5876117089687
 10
806.2207364159934
 20
568.3668302929532
 10
806.3311271240014
 20
568.0356581689298
 10
806.3311271240014
 20
567.8148767529141
 10
806.2207364159934
 20
567.7044860449064
 10
805.999954999978
 20
567.4837046288907
  0
LWPOLYLINE
  5
754
330
1F
100
AcDbEntity
  8
PDF_SKY-Lipa$0$RICKLEE_STRANDDISTANCE
370
     0
100
AcDbPolyline
 90
        2
 70
     0
 43
0.0
 10
805.999954999978
 20
569.4707373730314
 10
804.785657211892
 20
569.1395652490077
  0
LWPOLYLINE
  5
755
330
1F
100
AcDbEntity
  8
PDF_SKY-Lipa$0$RICKLEE_STRANDDISTANCE
370
     0
100
AcDbPolyline
 90
        7
 70
     0
 43
0.0
 10
805.1168293359154
 20
569.2499559570156
 10
804.785657211892
 20
569.4707373730314
 10
804.6752665038843
 20
569.5811280810391
 10
804.5648757958764
 20
569.9123002050625
 10
804.6752665038843
 20
570.1330816210782
 10
804.8960479198997
 20
570.243472329086
 10
805.7791735839623
 20
570.4642537451015
  0
LWPOLYLINE
  5
756
330
1F
100
AcDbEntity
  8
PDF_SKY-Lipa$0$RICKLEE_STRANDDISTANCE
370
     0
100
AcDbPolyline
 90
        7
 70
     0
 43
0.0
 10
804.8960479198997
 20
570.243472329086
 10
804.5648757958764
 20
570.4642537451015
 10
804.4544850878686
 20
570.5746444531094
 10
804.3440943798609
 20
570.9058165771327
 10
804.4544850878686
 20
571.1265979931483
 10
804.6752665038843
 20
571.2369887011561
 10
805.5583921679467
 20
571.4577701171718
  0
LWPOLYLINE
  5
757
330
1F
100
AcDbEntity
  8
PDF_SKY-Lipa$0$RICKLEE_STRAND
370
     0
100
AcDbPolyline
 90
        2
 70
     0
 43
0.0
 10
797.7206518993922
 20
589.0098926904136
 10
782.4867341943145
 20
659.2183829833804
  0
LWPOLYLINE
  5
758
330
1F
100
AcDbEntity
  8
PDF_SKY-Lipa$0$RICKLEE_STRANDDISTANCE
370
     0
100
AcDbPolyline
 90
        3
 70
     0
 43
0.0
 10
792.642679331033
 20
621.6855422607252
 10
792.3115072070095
 20
623.0102307568188
 10
794.5193213671657
 20
622.4582772167798
  0
LWPOLYLINE
  5
759
330
1F
100
AcDbEntity
  8
PDF_SKY-Lipa$0$RICKLEE_STRANDDISTANCE
370
     0
100
AcDbPolyline
 90
        3
 70
     0
 43
0.0
 10
792.2011164990017
 20
623.5621842968578
 10
791.9803350829861
 20
624.7764820849438
 10
794.0777585351345
 20
624.3349192529126
  0
LWPOLYLINE
  5
75A
330
1F
100
AcDbEntity
  8
PDF_SKY-Lipa$0$RICKLEE_STRANDDISTANCE
370
     0
100
AcDbPolyline
 90
        2
 70
     0
 43
0.0
 10
793.7465864111111
 20
625.769998457014
 10
792.5322886230252
 20
625.4388263329906
  0
LWPOLYLINE
  5
75B
330
1F
100
AcDbEntity
  8
PDF_SKY-Lipa$0$RICKLEE_STRANDDISTANCE
370
     0
100
AcDbPolyline
 90
        7
 70
     0
 43
0.0
 10
792.8634607470486
 20
625.5492170409984
 10
792.5322886230252
 20
625.769998457014
 10
792.4218979150173
 20
625.8803891650217
 10
792.3115072070095
 20
626.2115612890454
 10
792.4218979150173
 20
626.432342705061
 10
792.642679331033
 20
626.5427334130688
 10
793.5258049950954
 20
626.7635148290844
  0
LWPOLYLINE
  5
75C
330
1F
100
AcDbEntity
  8
PDF_SKY-Lipa$0$RICKLEE_STRANDDISTANCE
370
     0
100
AcDbPolyline
 90
        7
 70
     0
 43
0.0
 10
792.642679331033
 20
626.5427334130688
 10
792.3115072070095
 20
626.7635148290844
 10
792.2011164990017
 20
626.9842962451
 10
792.0907257909939
 20
627.2050776611156
 10
792.2011164990017
 20
627.4258590771312
 10
792.4218979150173
 20
627.536249785139
 10
793.3050235790798
 20
627.7570312011546
  0
LWPOLYLINE
  5
75D
330
1F
100
AcDbEntity
  8
PDF_SKY-Lipa$0$RICKLEE_STRAND
370
     0
100
AcDbPolyline
 90
        2
 70
     0
 43
0.0
 10
781.9347806542755
 20
661.9781506835757
 10
774.3178218017366
 20
697.4135679540824
  0
LWPOLYLINE
  5
75E
330
1F
100
AcDbEntity
  8
PDF_SKY-Lipa$0$RICKLEE_STRANDDISTANCE
370
     0
100
AcDbPolyline
 90
        4
 70
     0
 43
0.0
 10
782.3763434863067
 20
678.6471475927548
 10
780.4997014501739
 20
678.2055847607237
 10
781.9347806542755
 20
677.5432405126767
 10
781.603608530252
 20
678.8679290087705
  0
LWPOLYLINE
  5
760
330
1F
100
AcDbEntity
  8
PDF_SKY-Lipa$0$RICKLEE_STRANDDISTANCE
370
     0
100
AcDbPolyline
 90
       16
 70
     1
 43
0.0
 10
780.1685293261505
 20
679.640663964825
 10
780.2789200341583
 20
679.4198825488095
 10
780.6100921581816
 20
679.3094918408017
 10
781.051654990213
 20
679.3094918408017
 10
781.3828271142364
 20
679.3094918408017
 10
781.8243899462676
 20
679.5302732568172
 10
782.0451713622833
 20
679.7510546728329
 10
782.0451713622833
 20
680.0822267968563
 10
782.0451713622833
 20
680.1926175048643
 10
781.8243899462676
 20
680.5237896288876
 10
781.603608530252
 20
680.6341803368955
 10
781.051654990213
 20
680.6341803368955
 10
780.8308735741974
 20
680.5237896288876
 10
780.3893107421661
 20
680.4133989208799
 10
780.1685293261505
 20
680.0822267968563
 10
780.0581386181427
 20
679.8614453808406
  0
LWPOLYLINE
  5
761
330
1F
100
AcDbEntity
  8
PDF_SKY-Lipa$0$RICKLEE_STRANDDISTANCE
370
     0
100
AcDbPolyline
 90
        2
 70
     0
 43
0.0
 10
781.8243899462676
 20
681.2965245849422
 10
780.4997014501739
 20
681.0757431689267
  0
LWPOLYLINE
  5
762
330
1F
100
AcDbEntity
  8
PDF_SKY-Lipa$0$RICKLEE_STRANDDISTANCE
370
     0
100
AcDbPolyline
 90
        7
 70
     0
 43
0.0
 10
780.8308735741974
 20
681.1861338769345
 10
780.4997014501739
 20
681.2965245849422
 10
780.3893107421661
 20
681.5173060009579
 10
780.3893107421661
 20
681.7380874169734
 10
780.3893107421661
 20
681.9588688329891
 10
780.6100921581816
 20
682.1796502490046
 10
781.603608530252
 20
682.2900409570125
  0
LWPOLYLINE
  5
763
330
1F
100
AcDbEntity
  8
PDF_SKY-Lipa$0$RICKLEE_STRANDDISTANCE
370
     0
100
AcDbPolyline
 90
        7
 70
     0
 43
0.0
 10
780.6100921581816
 20
682.1796502490046
 10
780.2789200341583
 20
682.4004316650203
 10
780.1685293261505
 20
682.5108223730283
 10
780.1685293261505
 20
682.8419944970517
 10
780.1685293261505
 20
682.9523852050595
 10
780.4997014501739
 20
683.1731666210751
 10
781.3828271142364
 20
683.2835573290829
  0
LWPOLYLINE
  5
764
330
1F
100
AcDbEntity
  8
PDF_SKY-Lipa$0$RICKLEE_STRAND
370
     0
100
AcDbPolyline
 90
        2
 70
     0
 43
0.0
 10
773.7658682616975
 20
700.1733356542777
 10
766.4800815331821
 20
736.4918785888469
  0
LWPOLYLINE
  5
765
330
1F
100
AcDbEntity
  8
PDF_SKY-Lipa$0$RICKLEE_STRANDDISTANCE
370
     0
100
AcDbPolyline
 90
        4
 70
     0
 43
0.0
 10
774.3178218017366
 20
717.1735046874803
 10
772.4411797656039
 20
716.8423325634569
 10
773.8762589697054
 20
716.1799883154101
 10
773.6554775536898
 20
717.5046768115037
  0
LWPOLYLINE
  5
767
330
1F
100
AcDbEntity
  8
PDF_SKY-Lipa$0$RICKLEE_STRANDDISTANCE
370
     0
100
AcDbPolyline
 90
       14
 70
     0
 43
0.0
 10
772.6619611816195
 20
717.9462396435351
 10
772.5515704736117
 20
717.8358489355273
 10
772.330789057596
 20
717.9462396435351
 10
772.2203983495882
 20
718.0566303515429
 10
772.1100076415804
 20
718.1670210595507
 10
772.1100076415804
 20
718.4981931835741
 10
772.1100076415804
 20
718.7189745995897
 10
772.2203983495882
 20
718.8293653075975
 10
772.330789057596
 20
718.9397560156053
 10
772.5515704736117
 20
719.0501467236131
 10
772.7723518896273
 20
718.9397560156053
 10
773.1035240136507
 20
718.8293653075975
 10
774.097040385721
 20
718.0566303515429
 10
773.8762589697054
 20
719.3813188476365
  0
LWPOLYLINE
  5
768
330
1F
100
AcDbEntity
  8
PDF_SKY-Lipa$0$RICKLEE_STRANDDISTANCE
370
     0
100
AcDbPolyline
 90
        2
 70
     0
 43
0.0
 10
773.7658682616975
 20
719.9332723876755
 10
772.5515704736117
 20
719.7124909716599
  0
LWPOLYLINE
  5
769
330
1F
100
AcDbEntity
  8
PDF_SKY-Lipa$0$RICKLEE_STRANDDISTANCE
370
     0
100
AcDbPolyline
 90
        7
 70
     0
 43
0.0
 10
772.882742597635
 20
719.7124909716599
 10
772.5515704736117
 20
719.9332723876755
 10
772.4411797656039
 20
720.1540538036913
 10
772.330789057596
 20
720.3748352197069
 10
772.4411797656039
 20
720.5956166357225
 10
772.6619611816195
 20
720.7060073437303
 10
773.5450868456819
 20
720.9267887597459
  0
LWPOLYLINE
  5
76A
330
1F
100
AcDbEntity
  8
PDF_SKY-Lipa$0$RICKLEE_STRANDDISTANCE
370
     0
100
AcDbPolyline
 90
        7
 70
     0
 43
0.0
 10
772.6619611816195
 20
720.7060073437303
 10
772.330789057596
 20
720.9267887597459
 10
772.2203983495882
 20
721.1475701757615
 10
772.1100076415804
 20
721.3683515917771
 10
772.2203983495882
 20
721.5891330077927
 10
772.4411797656039
 20
721.8099144238083
 10
773.3243054296663
 20
721.9203051318161
  0
LWPOLYLINE
  5
76B
330
1F
100
AcDbEntity
  8
PDF_SKY-Lipa$0$RICKLEE_STRAND
370
     0
100
AcDbPolyline
 90
        2
 70
     0
 43
0.0
 10
765.8177372851353
 20
739.2516462890423
 10
751.9085080761513
 20
802.7263033935328
  0
LWPOLYLINE
  5
76C
330
1F
100
AcDbEntity
  8
PDF_SKY-Lipa$0$RICKLEE_STRANDDISTANCE
370
     0
100
AcDbPolyline
 90
        3
 70
     0
 43
0.0
 10
761.4021089648229
 20
768.6155746191196
 10
761.0709368407995
 20
769.8298724072055
 10
763.2787510009556
 20
769.3883095751742
  0
LWPOLYLINE
  5
76D
330
1F
100
AcDbEntity
  8
PDF_SKY-Lipa$0$RICKLEE_STRANDDISTANCE
370
     0
100
AcDbPolyline
 90
       16
 70
     1
 43
0.0
 10
760.8501554247839
 20
770.9337794872835
 10
761.0709368407995
 20
770.712998071268
 10
761.2917182568151
 20
770.6026073632601
 10
761.8436717968541
 20
770.6026073632601
 10
762.0644532128697
 20
770.6026073632601
 10
762.506016044901
 20
770.8233887792758
 10
762.7267974609166
 20
771.0441701952913
 10
762.8371881689243
 20
771.3753423193147
 10
762.7267974609166
 20
771.5961237353304
 10
762.6164067529088
 20
771.8169051513459
 10
762.2852346288854
 20
771.9272958593538
 10
761.8436717968541
 20
771.9272958593538
 10
761.5124996728306
 20
771.8169051513459
 10
761.0709368407995
 20
771.7065144433381
 10
760.8501554247839
 20
771.3753423193147
 10
760.8501554247839
 20
771.1545609032992
  0
LWPOLYLINE
  5
76E
330
1F
100
AcDbEntity
  8
PDF_SKY-Lipa$0$RICKLEE_STRANDDISTANCE
370
     0
100
AcDbPolyline
 90
        2
 70
     0
 43
0.0
 10
762.506016044901
 20
772.7000308154085
 10
761.2917182568151
 20
772.3688586913851
  0
LWPOLYLINE
  5
76F
330
1F
100
AcDbEntity
  8
PDF_SKY-Lipa$0$RICKLEE_STRANDDISTANCE
370
     0
100
AcDbPolyline
 90
        7
 70
     0
 43
0.0
 10
761.6228903808385
 20
772.479249399393
 10
761.2917182568151
 20
772.7000308154085
 10
761.1813275488072
 20
772.8104215234163
 10
761.0709368407995
 20
773.1415936474397
 10
761.1813275488072
 20
773.2519843554475
 10
761.4021089648229
 20
773.4727657714631
 10
762.2852346288854
 20
773.6935471874788
  0
LWPOLYLINE
  5
770
330
1F
100
AcDbEntity
  8
PDF_SKY-Lipa$0$RICKLEE_STRANDDISTANCE
370
     0
100
AcDbPolyline
 90
        7
 70
     0
 43
0.0
 10
761.4021089648229
 20
773.4727657714631
 10
761.0709368407995
 20
773.6935471874788
 10
760.9605461327917
 20
773.8039378954866
 10
760.8501554247839
 20
774.13511001951
 10
760.9605461327917
 20
774.2455007275177
 10
761.1813275488072
 20
774.4662821435335
 10
762.0644532128697
 20
774.6870635595492
  0
LWPOLYLINE
  5
771
330
1F
100
AcDbEntity
  8
PDF_SKY-Lipa$0$RICKLEE_STRAND
370
     0
100
AcDbPolyline
 90
        2
 70
     0
 43
0.0
 10
751.2461638281044
 20
805.486071093728
 10
745.064284179667
 20
833.9668737597428
  0
LWPOLYLINE
  5
772
330
1F
100
AcDbEntity
  8
PDF_SKY-Lipa$0$RICKLEE_STRANDDISTANCE
370
     0
100
AcDbPolyline
 90
       15
 70
     0
 43
0.0
 10
750.6942102880653
 20
817.5186582665793
 10
750.4734288720498
 20
818.5121746386494
 10
751.2461638281044
 20
818.0706118066181
 10
751.2461638281044
 20
818.4017839306417
 10
751.2461638281044
 20
818.6225653466571
 10
751.3565545361123
 20
818.732956054665
 10
751.5773359521278
 20
818.8433467626728
 10
751.7981173681435
 20
818.8433467626728
 10
752.018898784159
 20
818.8433467626728
 10
752.2396802001747
 20
818.732956054665
 10
752.4604616161903
 20
818.4017839306417
 10
752.4604616161903
 20
818.181002514626
 10
752.4604616161903
 20
817.8498303906026
 10
752.3500709081824
 20
817.7394396825947
 10
752.2396802001747
 20
817.629048974587
  0
LWPOLYLINE
  5
773
330
1F
100
AcDbEntity
  8
PDF_SKY-Lipa$0$RICKLEE_STRANDDISTANCE
370
     0
100
AcDbPolyline
 90
       15
 70
     0
 43
0.0
 10
750.2526474560341
 20
819.2849095947043
 10
750.0318660400185
 20
820.2784259667744
 10
750.914991704081
 20
819.947253842751
 10
750.8046009960732
 20
820.1680352587667
 10
750.914991704081
 20
820.3888166747821
 10
750.914991704081
 20
820.49920738279
 10
751.2461638281044
 20
820.6095980907978
 10
751.3565545361123
 20
820.7199887988055
 10
751.6877266601357
 20
820.7199887988055
 10
751.9085080761513
 20
820.49920738279
 10
752.018898784159
 20
820.2784259667744
 10
752.1292894921669
 20
820.0576445507588
 10
752.1292894921669
 20
819.7264724267354
 10
752.018898784159
 20
819.6160817187276
 10
751.7981173681435
 20
819.5056910107197
  0
LWPOLYLINE
  5
774
330
1F
100
AcDbEntity
  8
PDF_SKY-Lipa$0$RICKLEE_STRANDDISTANCE
370
     0
100
AcDbPolyline
 90
        2
 70
     0
 43
0.0
 10
751.7981173681435
 20
821.3823330468525
 10
750.5838195800576
 20
821.0511609228289
  0
LWPOLYLINE
  5
775
330
1F
100
AcDbEntity
  8
PDF_SKY-Lipa$0$RICKLEE_STRANDDISTANCE
370
     0
100
AcDbPolyline
 90
        7
 70
     0
 43
0.0
 10
750.914991704081
 20
821.1615516308368
 10
750.5838195800576
 20
821.3823330468525
 10
750.4734288720498
 20
821.4927237548604
 10
750.3630381640419
 20
821.8238958788838
 10
750.4734288720498
 20
822.0446772948994
 10
750.6942102880653
 20
822.1550680029071
 10
751.5773359521278
 20
822.3758494189228
  0
LWPOLYLINE
  5
776
330
1F
100
AcDbEntity
  8
PDF_SKY-Lipa$0$RICKLEE_STRANDDISTANCE
370
     0
100
AcDbPolyline
 90
        7
 70
     0
 43
0.0
 10
750.6942102880653
 20
822.1550680029071
 10
750.3630381640419
 20
822.3758494189228
 10
750.2526474560341
 20
822.5966308349384
 10
750.1422567480264
 20
822.8174122509539
 10
750.2526474560341
 20
823.0381936669695
 10
750.4734288720498
 20
823.1485843749775
 10
751.3565545361123
 20
823.3693657909929
  0
LWPOLYLINE
  5
777
330
1F
100
AcDbEntity
  8
PDF_SKY-Lipa$0$RICKLEE_STRAND
370
     0
100
AcDbPolyline
 90
        2
 70
     0
 43
0.0
 10
744.4019399316203
 20
836.7266414599381
 10
733.0316970068158
 20
889.7141813036867
  0
LWPOLYLINE
  5
778
330
1F
100
AcDbEntity
  8
PDF_SKY-Lipa$0$RICKLEE_STRANDDISTANCE
370
     0
100
AcDbPolyline
 90
       17
 70
     0
 43
0.0
 10
740.9798279833782
 20
861.8957228857187
 10
741.2006093993937
 20
861.0125972216561
 10
742.0837350634562
 20
861.0125972216561
 10
741.9733443554484
 20
861.1229879296638
 10
741.7525629394328
 20
861.3437693456795
 10
741.7525629394328
 20
861.674941469703
 10
741.7525629394328
 20
862.0061135937264
 10
741.8629536474407
 20
862.2268950097421
 10
742.1941257714641
 20
862.3372857177498
 10
742.3045164794719
 20
862.3372857177498
 10
742.6356886034953
 20
862.3372857177498
 10
742.8564700195108
 20
862.2268950097421
 10
742.9668607275186
 20
861.8957228857187
 10
743.0772514355266
 20
861.674941469703
 10
743.0772514355266
 20
861.3437693456795
 10
742.9668607275186
 20
861.2333786376716
 10
742.7460793115031
 20
861.1229879296638
  0
LWPOLYLINE
  5
779
330
1F
100
AcDbEntity
  8
PDF_SKY-Lipa$0$RICKLEE_STRANDDISTANCE
370
     0
100
AcDbPolyline
 90
       28
 70
     1
 43
0.0
 10
740.7590465673625
 20
863.1100206738045
 10
740.8694372753704
 20
862.7788485497811
 10
741.0902186913859
 20
862.7788485497811
 10
741.3110001074016
 20
862.7788485497811
 10
741.4213908154094
 20
862.8892392577888
 10
741.5317815234171
 20
863.1100206738045
 10
741.5317815234171
 20
863.5515835058356
 10
741.5317815234171
 20
863.7723649218512
 10
741.6421722314249
 20
863.9931463378671
 10
741.8629536474407
 20
864.2139277538827
 10
742.0837350634562
 20
864.2139277538827
 10
742.3045164794719
 20
864.2139277538827
 10
742.4149071874796
 20
864.1035370458748
 10
742.6356886034953
 20
863.8827556298592
 10
742.6356886034953
 20
863.4411927978279
 10
742.6356886034953
 20
863.2204113818122
 10
742.5252978954874
 20
863.1100206738045
 10
742.4149071874796
 20
862.9996299657966
 10
742.0837350634562
 20
862.8892392577888
 10
741.9733443554484
 20
862.9996299657966
 10
741.7525629394328
 20
863.1100206738045
 10
741.5317815234171
 20
863.33080208982
 10
741.4213908154094
 20
863.6619742138433
 10
741.2006093993937
 20
863.8827556298592
 10
741.0902186913859
 20
863.8827556298592
 10
740.8694372753704
 20
863.8827556298592
 10
740.7590465673625
 20
863.7723649218512
 10
740.6486558593546
 20
863.4411927978279
  0
LWPOLYLINE
  5
77A
330
1F
100
AcDbEntity
  8
PDF_SKY-Lipa$0$RICKLEE_STRANDDISTANCE
370
     0
100
AcDbPolyline
 90
        2
 70
     0
 43
0.0
 10
742.4149071874796
 20
864.8762720019295
 10
741.0902186913859
 20
864.5450998779061
  0
LWPOLYLINE
  5
77B
330
1F
100
AcDbEntity
  8
PDF_SKY-Lipa$0$RICKLEE_STRANDDISTANCE
370
     0
100
AcDbPolyline
 90
        7
 70
     0
 43
0.0
 10
741.4213908154094
 20
864.6554905859138
 10
741.0902186913859
 20
864.8762720019295
 10
740.9798279833782
 20
864.9866627099372
 10
740.9798279833782
 20
865.3178348339606
 10
740.9798279833782
 20
865.5386162499763
 10
741.2006093993937
 20
865.649006957984
 10
742.1941257714641
 20
865.8697883739996
  0
LWPOLYLINE
  5
77C
330
1F
100
AcDbEntity
  8
PDF_SKY-Lipa$0$RICKLEE_STRANDDISTANCE
370
     0
100
AcDbPolyline
 90
        7
 70
     0
 43
0.0
 10
741.2006093993937
 20
865.649006957984
 10
740.8694372753704
 20
865.8697883739996
 10
740.7590465673625
 20
866.0905697900153
 10
740.7590465673625
 20
866.3113512060311
 10
740.7590465673625
 20
866.5321326220466
 10
740.9798279833782
 20
866.6425233300545
 10
741.9733443554484
 20
866.86330474607
  0
LWPOLYLINE
  5
77D
330
1F
100
AcDbEntity
  8
PDF_SKY-Lipa$0$RICKLEE_STRAND
370
     0
100
AcDbPolyline
 90
        2
 70
     0
 43
0.0
 10
731.2654456786909
 20
890.8180883837646
 10
686.7779903515437
 20
882.2076131591554
  0
LWPOLYLINE
  5
77E
330
1F
100
AcDbEntity
  8
PDF_SKY-Lipa$0$RICKLEE_STRANDDISTANCE
370
     0
100
AcDbPolyline
 90
        4
 70
     0
 43
0.0
 10
702.8950337206838
 20
880.6621432470462
 10
702.4534708886526
 20
882.5387852831788
 10
701.7911266406058
 20
881.1037060790775
 10
703.2262058447074
 20
881.324487495093
  0
LWPOLYLINE
  5
780
330
1F
100
AcDbEntity
  8
PDF_SKY-Lipa$0$RICKLEE_STRANDDISTANCE
370
     0
100
AcDbPolyline
 90
       28
 70
     1
 43
0.0
 10
703.8885500927541
 20
882.7595666991946
 10
703.5573779687307
 20
882.6491759911869
 10
703.5573779687307
 20
882.4283945751711
 10
703.5573779687307
 20
882.3180038671633
 10
703.6677686767385
 20
882.0972224511477
 10
703.8885500927541
 20
882.0972224511477
 10
704.3301129247854
 20
881.9868317431398
 10
704.550894340801
 20
881.9868317431398
 10
704.7716757568166
 20
881.876441035132
 10
704.8820664648244
 20
881.6556596191164
 10
704.9924571728322
 20
881.4348782031009
 10
704.8820664648244
 20
881.2140967870853
 10
704.8820664648244
 20
881.1037060790775
 10
704.550894340801
 20
880.9933153710696
 10
704.2197222167776
 20
880.8829246630619
 10
703.8885500927541
 20
880.8829246630619
 10
703.7781593847463
 20
880.9933153710696
 10
703.6677686767385
 20
881.1037060790775
 10
703.6677686767385
 20
881.4348782031009
 10
703.6677686767385
 20
881.6556596191164
 10
703.8885500927541
 20
881.876441035132
 10
704.1093315087697
 20
881.9868317431398
 10
704.4405036327932
 20
882.2076131591554
 10
704.6612850488088
 20
882.3180038671633
 10
704.6612850488088
 20
882.5387852831788
 10
704.6612850488088
 20
882.6491759911869
 10
704.550894340801
 20
882.8699574072025
 10
704.2197222167776
 20
882.8699574072025
  0
LWPOLYLINE
  5
781
330
1F
100
AcDbEntity
  8
PDF_SKY-Lipa$0$RICKLEE_STRANDDISTANCE
370
     0
100
AcDbPolyline
 90
        2
 70
     0
 43
0.0
 10
705.6548014208791
 20
881.1037060790775
 10
705.3236292968556
 20
882.4283945751711
  0
LWPOLYLINE
  5
782
330
1F
100
AcDbEntity
  8
PDF_SKY-Lipa$0$RICKLEE_STRANDDISTANCE
370
     0
100
AcDbPolyline
 90
        7
 70
     0
 43
0.0
 10
705.4340200048635
 20
882.0972224511477
 10
705.6548014208791
 20
882.4283945751711
 10
705.7651921288869
 20
882.5387852831788
 10
706.0963642529103
 20
882.5387852831788
 10
706.3171456689259
 20
882.5387852831788
 10
706.4275363769337
 20
882.2076131591554
 10
706.6483177929494
 20
881.324487495093
  0
LWPOLYLINE
  5
783
330
1F
100
AcDbEntity
  8
PDF_SKY-Lipa$0$RICKLEE_STRANDDISTANCE
370
     0
100
AcDbPolyline
 90
        7
 70
     0
 43
0.0
 10
706.4275363769337
 20
882.2076131591554
 10
706.6483177929494
 20
882.5387852831788
 10
706.869099208965
 20
882.7595666991946
 10
707.0898806249807
 20
882.7595666991946
 10
707.3106620409962
 20
882.7595666991946
 10
707.421052749004
 20
882.4283945751711
 10
707.6418341650196
 20
881.5452689111086
  0
LWPOLYLINE
  5
784
330
1F
100
AcDbEntity
  8
PDF_SKY-Lipa$0$RICKLEE_STRAND
370
     0
100
AcDbPolyline
 90
        2
 70
     0
 43
0.0
 10
732.3693527587689
 20
892.4739490038819
 10
722.3237983300584
 20
941.3770326513413
  0
LWPOLYLINE
  5
785
330
1F
100
AcDbEntity
  8
PDF_SKY-Lipa$0$RICKLEE_STRANDDISTANCE
370
     0
100
AcDbPolyline
 90
       17
 70
     0
 43
0.0
 10
729.6095850585738
 20
915.5456069775139
 10
729.8303664745893
 20
914.6624813134515
 10
730.6031014306441
 20
914.7728720214592
 10
730.4927107226363
 20
914.8832627294671
 10
730.3823200146284
 20
915.1040441454826
 10
730.2719293066206
 20
915.3248255614983
 10
730.3823200146284
 20
915.6559976855218
 10
730.4927107226363
 20
915.8767791015375
 10
730.7134921386518
 20
915.9871698095454
 10
730.9342735546675
 20
916.0975605175531
 10
731.2654456786909
 20
915.9871698095454
 10
731.4862270947066
 20
915.8767791015375
 10
731.5966178027143
 20
915.6559976855218
 10
731.7070085107221
 20
915.3248255614983
 10
731.5966178027143
 20
915.1040441454826
 10
731.5966178027143
 20
914.9936534374749
 10
731.3758363866988
 20
914.7728720214592
  0
LWPOLYLINE
  5
786
330
1F
100
AcDbEntity
  8
PDF_SKY-Lipa$0$RICKLEE_STRANDDISTANCE
370
     0
100
AcDbPolyline
 90
       22
 70
     0
 43
0.0
 10
729.4991943505659
 20
917.5326397216545
 10
729.3888036425581
 20
917.3118583056389
 10
729.2784129345504
 20
917.0910768896233
 10
729.3888036425581
 20
916.8702954736076
 10
729.4991943505659
 20
916.6495140575921
 10
729.8303664745893
 20
916.5391233495842
 10
730.2719293066206
 20
916.5391233495842
 10
730.7134921386518
 20
916.5391233495842
 10
731.0446642626752
 20
916.7599047655999
 10
731.2654456786909
 20
916.9806861816155
 10
731.2654456786909
 20
917.3118583056389
 10
731.0446642626752
 20
917.6430304296623
 10
730.8238828466596
 20
917.75342113767
 10
730.6031014306441
 20
917.75342113767
 10
730.4927107226363
 20
917.75342113767
 10
730.2719293066206
 20
917.6430304296623
 10
730.0511478906051
 20
917.4222490136466
 10
730.0511478906051
 20
917.0910768896233
 10
730.0511478906051
 20
916.9806861816155
 10
730.2719293066206
 20
916.7599047655999
 10
730.4927107226363
 20
916.6495140575921
 10
730.7134921386518
 20
916.5391233495842
  0
LWPOLYLINE
  5
787
330
1F
100
AcDbEntity
  8
PDF_SKY-Lipa$0$RICKLEE_STRANDDISTANCE
370
     0
100
AcDbPolyline
 90
        2
 70
     0
 43
0.0
 10
731.0446642626752
 20
918.5261560937249
 10
729.7199757665815
 20
918.3053746777092
  0
LWPOLYLINE
  5
788
330
1F
100
AcDbEntity
  8
PDF_SKY-Lipa$0$RICKLEE_STRANDDISTANCE
370
     0
100
AcDbPolyline
 90
        7
 70
     0
 43
0.0
 10
730.0511478906051
 20
918.4157653857171
 10
729.7199757665815
 20
918.5261560937249
 10
729.6095850585738
 20
918.7469375097405
 10
729.6095850585738
 20
918.9677189257562
 10
729.6095850585738
 20
919.1885003417716
 10
729.8303664745893
 20
919.4092817577873
 10
730.8238828466596
 20
919.519672465795
  0
LWPOLYLINE
  5
789
330
1F
100
AcDbEntity
  8
PDF_SKY-Lipa$0$RICKLEE_STRANDDISTANCE
370
     0
100
AcDbPolyline
 90
        7
 70
     0
 43
0.0
 10
729.8303664745893
 20
919.4092817577873
 10
729.4991943505659
 20
919.6300631738029
 10
729.3888036425581
 20
919.7404538818107
 10
729.3888036425581
 20
920.071626005834
 10
729.3888036425581
 20
920.182016713842
 10
729.7199757665815
 20
920.4027981298578
 10
730.6031014306441
 20
920.5131888378655
  0
LWPOLYLINE
  5
78A
330
1F
100
AcDbEntity
  8
PDF_SKY-Lipa$0$RICKLEE_STRAND
370
     0
100
AcDbPolyline
 90
        2
 70
     0
 43
0.0
 10
721.6614540820114
 20
944.2471910595445
 10
711.9470717773242
 20
988.9554278027073
  0
LWPOLYLINE
  5
78B
330
1F
100
AcDbEntity
  8
PDF_SKY-Lipa$0$RICKLEE_STRANDDISTANCE
370
     0
100
AcDbPolyline
 90
       17
 70
     0
 43
0.0
 10
719.1224677978318
 20
965.3318162890361
 10
719.3432492138474
 20
964.3382999169658
 10
720.1159841699022
 20
964.4486906249735
 10
720.0055934618943
 20
964.5590813329814
 10
719.8952027538865
 20
964.7798627489969
 10
719.7848120458787
 20
965.0006441650125
 10
719.8952027538865
 20
965.3318162890361
 10
720.0055934618943
 20
965.5525977050517
 10
720.2263748779099
 20
965.7733791210674
 10
720.4471562939255
 20
965.7733791210674
 10
720.778328417949
 20
965.7733791210674
 10
720.9991098339647
 20
965.5525977050517
 10
721.1095005419724
 20
965.3318162890361
 10
721.1095005419724
 20
965.1110348730206
 10
721.1095005419724
 20
964.7798627489969
 10
721.1095005419724
 20
964.6694720409891
 10
720.8887191259568
 20
964.5590813329814
  0
LWPOLYLINE
  5
78C
330
1F
100
AcDbEntity
  8
PDF_SKY-Lipa$0$RICKLEE_STRANDDISTANCE
370
     0
100
AcDbPolyline
 90
       16
 70
     1
 43
0.0
 10
718.7912956738085
 20
966.5461140771219
 10
719.012077089824
 20
966.3253326611064
 10
719.3432492138474
 20
966.2149419530985
 10
719.7848120458787
 20
966.2149419530985
 10
720.0055934618943
 20
966.2149419530985
 10
720.4471562939255
 20
966.4357233691141
 10
720.6679377099412
 20
966.6565047851298
 10
720.778328417949
 20
966.9876769091532
 10
720.6679377099412
 20
967.2084583251686
 10
720.5575470019333
 20
967.4292397411845
 10
720.2263748779099
 20
967.5396304491924
 10
719.7848120458787
 20
967.5396304491924
 10
719.4536399218552
 20
967.4292397411845
 10
719.012077089824
 20
967.3188490331765
 10
718.7912956738085
 20
966.9876769091532
 10
718.7912956738085
 20
966.7668954931375
  0
LWPOLYLINE
  5
78D
330
1F
100
AcDbEntity
  8
PDF_SKY-Lipa$0$RICKLEE_STRANDDISTANCE
370
     0
100
AcDbPolyline
 90
        2
 70
     0
 43
0.0
 10
720.4471562939255
 20
968.2019746972391
 10
719.2328585058397
 20
967.9811932812235
  0
LWPOLYLINE
  5
78E
330
1F
100
AcDbEntity
  8
PDF_SKY-Lipa$0$RICKLEE_STRANDDISTANCE
370
     0
100
AcDbPolyline
 90
        7
 70
     0
 43
0.0
 10
719.5640306298631
 20
968.0915839892314
 10
719.2328585058397
 20
968.3123654052469
 10
719.1224677978318
 20
968.4227561132548
 10
719.012077089824
 20
968.7539282372782
 10
719.1224677978318
 20
968.8643189452859
 10
719.3432492138474
 20
969.0851003613015
 10
720.2263748779099
 20
969.1954910693093
  0
LWPOLYLINE
  5
78F
330
1F
100
AcDbEntity
  8
PDF_SKY-Lipa$0$RICKLEE_STRANDDISTANCE
370
     0
100
AcDbPolyline
 90
        7
 70
     0
 43
0.0
 10
719.3432492138474
 20
969.0851003613015
 10
719.012077089824
 20
969.3058817773172
 10
718.9016863818162
 20
969.4162724853249
 10
718.7912956738085
 20
969.7474446093483
 10
718.9016863818162
 20
969.8578353173564
 10
719.1224677978318
 20
970.0786167333719
 10
720.0055934618943
 20
970.2993981493875
  0
LWPOLYLINE
  5
791
330
1F
100
AcDbEntity
  8
PDF_SKY-Lipa$0$RICKLEE_STRAND
370
     0
100
AcDbPolyline
 90
        2
 70
     0
 43
0.0
 10
871.0200820165777
 20
203.0839774951116
 10
881.838371401343
 20
148.5509677392537
  0
LWPOLYLINE
  5
792
330
1F
100
AcDbEntity
  8
PDF_SKY-Lipa$0$RICKLEE_STRANDDISTANCE
370
     0
100
AcDbPolyline
 90
       22
 70
     0
 43
0.0
 10
879.6305572411869
 20
178.2460681933545
 10
879.8513386572025
 20
178.3564589013623
 10
879.8513386572025
 20
178.6876310253857
 10
879.8513386572025
 20
178.9084124414013
 10
879.6305572411869
 20
179.1291938574169
 10
879.4097758251712
 20
179.2395845654248
 10
878.8578222851322
 20
179.2395845654248
 10
878.4162594531009
 20
179.1291938574169
 10
878.0850873290775
 20
179.0188031494091
 10
877.9746966210696
 20
178.7980217333935
 10
877.8643059130619
 20
178.4668496093701
 10
877.8643059130619
 20
178.3564589013623
 10
878.0850873290775
 20
178.1356774853467
 10
878.305868745093
 20
178.0252867773388
 10
878.5266501611088
 20
177.914896069331
 10
878.6370408691166
 20
178.0252867773388
 10
878.9682129931399
 20
178.1356774853467
 10
879.0786037011478
 20
178.3564589013623
 10
879.0786037011478
 20
178.6876310253857
 10
878.9682129931399
 20
179.0188031494091
 10
878.7474315771245
 20
179.1291938574169
 10
878.4162594531009
 20
179.1291938574169
  0
LWPOLYLINE
  5
793
330
1F
100
AcDbEntity
  8
PDF_SKY-Lipa$0$RICKLEE_STRANDDISTANCE
370
     0
100
AcDbPolyline
 90
       16
 70
     1
 43
0.0
 10
880.1825107812259
 20
177.0317704052686
 10
880.0721200732182
 20
177.362942529292
 10
879.7409479491946
 20
177.4733332372998
 10
879.1889944091556
 20
177.4733332372998
 10
878.9682129931399
 20
177.362942529292
 10
878.5266501611088
 20
177.2525518212842
 10
878.305868745093
 20
176.9213796972608
 10
878.305868745093
 20
176.7005982812451
 10
878.305868745093
 20
176.4798168652295
 10
878.4162594531009
 20
176.2590354492139
 10
878.7474315771245
 20
176.1486447412061
 10
879.1889944091556
 20
176.1486447412061
 10
879.520166533179
 20
176.1486447412061
 10
879.9617293652103
 20
176.3694261572217
 10
880.1825107812259
 20
176.5902075732373
 10
880.1825107812259
 20
176.9213796972608
  0
LWPOLYLINE
  5
794
330
1F
100
AcDbEntity
  8
PDF_SKY-Lipa$0$RICKLEE_STRANDDISTANCE
370
     0
100
AcDbPolyline
 90
        2
 70
     0
 43
0.0
 10
878.5266501611088
 20
175.3759097851514
 10
879.7409479491946
 20
175.596691201167
  0
LWPOLYLINE
  5
795
330
1F
100
AcDbEntity
  8
PDF_SKY-Lipa$0$RICKLEE_STRANDDISTANCE
370
     0
100
AcDbPolyline
 90
        7
 70
     0
 43
0.0
 10
879.4097758251712
 20
175.596691201167
 10
879.7409479491946
 20
175.3759097851514
 10
879.8513386572025
 20
175.1551283691358
 10
879.9617293652103
 20
174.9343469531202
 10
879.8513386572025
 20
174.7135655371046
 10
879.6305572411869
 20
174.6031748290968
 10
878.7474315771245
 20
174.3823934130811
  0
LWPOLYLINE
  5
796
330
1F
100
AcDbEntity
  8
PDF_SKY-Lipa$0$RICKLEE_STRANDDISTANCE
370
     0
100
AcDbPolyline
 90
        7
 70
     0
 43
0.0
 10
879.6305572411869
 20
174.6031748290968
 10
879.9617293652103
 20
174.3823934130811
 10
880.0721200732182
 20
174.1616119970655
 10
880.1825107812259
 20
173.9408305810499
 10
880.0721200732182
 20
173.7200491650343
 10
879.8513386572025
 20
173.6096584570265
 10
878.8578222851322
 20
173.3888770410109
  0
LWPOLYLINE
  5
797
330
1F
100
AcDbEntity
  8
PDF_SKY-Lipa$0$RICKLEE_HOUSECOUNT
370
     0
100
AcDbPolyline
 90
        4
 70
     1
 43
0.0
 10
888.6825952978272
 20
151.9730796874958
 10
888.6825952978272
 20
147.4470606591756
 10
884.156576269507
 20
147.4470606591756
 10
884.156576269507
 20
151.9730796874958
  0
LWPOLYLINE
  5
798
330
1F
100
AcDbEntity
  8
PDF_SKY-Lipa$0$RICKLEE_HOUSECOUNT
370
     0
100
AcDbPolyline
 90
       16
 70
     1
 43
0.0
 10
884.7085298095461
 20
150.4276097753865
 10
884.4877483935304
 20
150.3172190673787
 10
884.3773576855227
 20
150.2068283593709
 10
884.3773576855227
 20
149.8756562353474
 10
884.3773576855227
 20
149.7652655273396
 10
884.3773576855227
 20
149.4340934033162
 10
884.4877483935304
 20
149.3237026953084
 10
884.7085298095461
 20
149.2133119873006
 10
884.818920517554
 20
149.2133119873006
 10
884.9293112255617
 20
149.2133119873006
 10
885.0397019335694
 20
149.4340934033162
 10
885.1500926415774
 20
149.7652655273396
 10
885.1500926415774
 20
149.8756562353474
 10
885.0397019335694
 20
150.2068283593709
 10
884.9293112255617
 20
150.3172190673787
 10
884.818920517554
 20
150.4276097753865
  0
LWPOLYLINE
  5
799
330
1F
100
AcDbEntity
  8
PDF_SKY-Lipa$0$RICKLEE_HOUSECOUNT
370
     0
100
AcDbPolyline
 90
        2
 70
     0
 43
0.0
 10
886.4747811376711
 20
150.6483911914021
 10
885.4812647656007
 20
148.7717491552693
  0
LWPOLYLINE
  5
79A
330
1F
100
AcDbEntity
  8
PDF_SKY-Lipa$0$RICKLEE_HOUSECOUNT
370
     0
100
AcDbPolyline
 90
        4
 70
     0
 43
0.0
 10
886.8059532616944
 20
150.2068283593709
 10
886.9163439697024
 20
150.2068283593709
 10
887.0267346777101
 20
150.4276097753865
 10
887.0267346777101
 20
149.2133119873006
  0
LWPOLYLINE
  5
79B
330
1F
100
AcDbEntity
  8
PDF_SKY-Lipa$0$RICKLEE_HOUSECOUNT
370
     0
100
AcDbPolyline
 90
       16
 70
     1
 43
0.0
 10
888.0202510497804
 20
150.4276097753865
 10
887.9098603417727
 20
150.3172190673787
 10
887.6890789257569
 20
150.2068283593709
 10
887.6890789257569
 20
149.8756562353474
 10
887.6890789257569
 20
149.7652655273396
 10
887.6890789257569
 20
149.4340934033162
 10
887.9098603417727
 20
149.2133119873006
 10
888.0202510497804
 20
149.2133119873006
 10
888.1306417577881
 20
149.2133119873006
 10
888.3514231738038
 20
149.2133119873006
 10
888.4618138818115
 20
149.4340934033162
 10
888.4618138818115
 20
149.7652655273396
 10
888.4618138818115
 20
149.8756562353474
 10
888.4618138818115
 20
150.2068283593709
 10
888.3514231738038
 20
150.3172190673787
 10
888.1306417577881
 20
150.4276097753865
  0
LWPOLYLINE
  5
79C
330
1F
100
AcDbEntity
  8
PDF_SKY-Lipa$0$RICKLEE_STRAND
370
     0
100
AcDbPolyline
 90
        2
 70
     0
 43
0.0
 10
882.390324941382
 20
145.6808093310506
 10
892.3254886620849
 20
91.92053453124747
  0
LWPOLYLINE
  5
79D
330
1F
100
AcDbEntity
  8
PDF_SKY-Lipa$0$RICKLEE_STRANDDISTANCE
370
     0
100
AcDbPolyline
 90
       17
 70
     0
 43
0.0
 10
890.8904094579835
 20
121.2844628613248
 10
890.6696280419678
 20
122.1675885253873
 10
889.8968930859131
 20
122.1675885253873
 10
890.0072837939209
 20
122.0571978173794
 10
890.1176745019286
 20
121.8364164013638
 10
890.2280652099365
 20
121.5052442773404
 10
890.1176745019286
 20
121.2844628613248
 10
890.0072837939209
 20
121.0636814453092
 10
889.7865023779052
 20
120.8429000292935
 10
889.5657209618898
 20
120.8429000292935
 10
889.2345488378664
 20
120.8429000292935
 10
889.0137674218506
 20
121.0636814453092
 10
888.9033767138428
 20
121.2844628613248
 10
888.9033767138428
 20
121.6156349853482
 10
888.9033767138428
 20
121.8364164013638
 10
889.0137674218506
 20
121.9468071093716
 10
889.1241581298585
 20
122.0571978173794
  0
LWPOLYLINE
  5
79E
330
1F
100
AcDbEntity
  8
PDF_SKY-Lipa$0$RICKLEE_STRANDDISTANCE
370
     0
100
AcDbPolyline
 90
       27
 70
     1
 43
0.0
 10
891.1111908739989
 20
120.0701650732389
 10
891.0008001659912
 20
120.4013371972623
 10
890.7800187499756
 20
120.4013371972623
 10
890.5592373339599
 20
120.4013371972623
 10
890.4488466259522
 20
120.2909464892545
 10
890.3384559179444
 20
120.0701650732389
 10
890.3384559179444
 20
119.6286022412076
 10
890.3384559179444
 20
119.407820825192
 10
890.1176745019286
 20
119.1870394091764
 10
890.0072837939209
 20
119.0766487011686
 10
889.6761116698975
 20
118.9662579931608
 10
889.4553302538819
 20
119.0766487011686
 10
889.2345488378664
 20
119.407820825192
 10
889.2345488378664
 20
119.7389929492155
 10
889.2345488378664
 20
120.0701650732389
 10
889.3449395458741
 20
120.1805557812467
 10
889.4553302538819
 20
120.2909464892545
 10
889.7865023779052
 20
120.2909464892545
 10
889.8968930859131
 20
120.2909464892545
 10
890.1176745019286
 20
120.0701650732389
 10
890.3384559179444
 20
119.8493836572233
 10
890.4488466259522
 20
119.5182115331998
 10
890.5592373339599
 20
119.2974301171842
 10
890.7800187499756
 20
119.2974301171842
 10
891.0008001659912
 20
119.2974301171842
 10
891.1111908739989
 20
119.407820825192
 10
891.2215815820069
 20
119.7389929492155
  0
LWPOLYLINE
  5
79F
330
1F
100
AcDbEntity
  8
PDF_SKY-Lipa$0$RICKLEE_STRANDDISTANCE
370
     0
100
AcDbPolyline
 90
        2
 70
     0
 43
0.0
 10
889.4553302538819
 20
118.3039137451139
 10
890.7800187499756
 20
118.6350858691374
  0
LWPOLYLINE
  5
7A0
330
1F
100
AcDbEntity
  8
PDF_SKY-Lipa$0$RICKLEE_STRANDDISTANCE
370
     0
100
AcDbPolyline
 90
        7
 70
     0
 43
0.0
 10
890.3384559179444
 20
118.5246951611295
 10
890.6696280419678
 20
118.3039137451139
 10
890.7800187499756
 20
118.0831323290983
 10
890.8904094579835
 20
117.8623509130827
 10
890.7800187499756
 20
117.6415694970671
 10
890.5592373339599
 20
117.5311787890592
 10
889.6761116698975
 20
117.3103973730436
  0
LWPOLYLINE
  5
7A1
330
1F
100
AcDbEntity
  8
PDF_SKY-Lipa$0$RICKLEE_STRANDDISTANCE
370
     0
100
AcDbPolyline
 90
        7
 70
     0
 43
0.0
 10
890.5592373339599
 20
117.5311787890592
 10
890.8904094579835
 20
117.3103973730436
 10
891.0008001659912
 20
117.089615957028
 10
891.0008001659912
 20
116.8688345410124
 10
891.0008001659912
 20
116.6480531249968
 10
890.7800187499756
 20
116.537662416989
 10
889.7865023779052
 20
116.3168810009734
  0
LWPOLYLINE
  5
7A2
330
1F
100
AcDbEntity
  8
PDF_SKY-Lipa$0$RICKLEE_HOUSECOUNT
370
     0
100
AcDbPolyline
 90
        4
 70
     1
 43
0.0
 10
899.9424475146238
 20
92.58287877929433
 10
899.9424475146238
 20
88.05685975097416
 10
895.4164284863036
 20
88.05685975097416
 10
895.5268191943114
 20
92.58287877929433
  0
LWPOLYLINE
  5
7A3
330
1F
100
AcDbEntity
  8
PDF_SKY-Lipa$0$RICKLEE_HOUSECOUNT
370
     0
100
AcDbPolyline
 90
       28
 70
     1
 43
0.0
 10
895.9683820263427
 20
91.03740886718501
 10
895.747600610327
 20
91.03740886718501
 10
895.747600610327
 20
90.81662745116938
 10
895.6372099023193
 20
90.70623674316157
 10
895.747600610327
 20
90.59584603515377
 10
895.8579913183347
 20
90.59584603515377
 10
896.0787727343504
 20
90.48545532714596
 10
896.299554150366
 20
90.48545532714596
 10
896.4099448583739
 20
90.37506461913816
 10
896.4099448583739
 20
90.26467391113035
 10
896.4099448583739
 20
90.04389249511472
 10
896.4099448583739
 20
89.9335017871069
 10
896.299554150366
 20
89.9335017871069
 10
896.1891634423583
 20
89.82311107909911
 10
895.9683820263427
 20
89.82311107909911
 10
895.747600610327
 20
89.9335017871069
 10
895.6372099023193
 20
89.9335017871069
 10
895.6372099023193
 20
90.04389249511472
 10
895.6372099023193
 20
90.26467391113035
 10
895.6372099023193
 20
90.37506461913816
 10
895.8579913183347
 20
90.48545532714596
 10
895.9683820263427
 20
90.48545532714596
 10
896.1891634423583
 20
90.59584603515377
 10
896.299554150366
 20
90.59584603515377
 10
896.4099448583739
 20
90.70623674316157
 10
896.4099448583739
 20
90.81662745116938
 10
896.299554150366
 20
91.03740886718501
 10
896.1891634423583
 20
91.03740886718501
  0
LWPOLYLINE
  5
7A4
330
1F
100
AcDbEntity
  8
PDF_SKY-Lipa$0$RICKLEE_HOUSECOUNT
370
     0
100
AcDbPolyline
 90
        2
 70
     0
 43
0.0
 10
897.8450240624754
 20
91.25819028320064
 10
896.7411169823973
 20
89.38154824706787
  0
LWPOLYLINE
  5
7A5
330
1F
100
AcDbEntity
  8
PDF_SKY-Lipa$0$RICKLEE_HOUSECOUNT
370
     0
100
AcDbPolyline
 90
        4
 70
     0
 43
0.0
 10
898.065805478491
 20
90.81662745116938
 10
898.1761961864988
 20
90.81662745116938
 10
898.3969776025144
 20
91.03740886718501
 10
898.3969776025144
 20
89.82311107909911
  0
LWPOLYLINE
  5
7A6
330
1F
100
AcDbEntity
  8
PDF_SKY-Lipa$0$RICKLEE_HOUSECOUNT
370
     0
100
AcDbPolyline
 90
       16
 70
     1
 43
0.0
 10
899.3904939745847
 20
91.03740886718501
 10
899.1697125585691
 20
90.92701815917719
 10
899.0593218505614
 20
90.81662745116938
 10
898.9489311425534
 20
90.48545532714596
 10
898.9489311425534
 20
90.37506461913816
 10
899.0593218505614
 20
90.04389249511472
 10
899.1697125585691
 20
89.9335017871069
 10
899.3904939745847
 20
89.82311107909911
 10
899.5008846825925
 20
89.82311107909911
 10
899.6112753906004
 20
89.9335017871069
 10
899.7216660986081
 20
90.04389249511472
 10
899.832056806616
 20
90.37506461913816
 10
899.832056806616
 20
90.48545532714596
 10
899.7216660986081
 20
90.81662745116938
 10
899.6112753906004
 20
90.92701815917719
 10
899.5008846825925
 20
91.03740886718501
  0
LWPOLYLINE
  5
7A7
330
1F
100
AcDbEntity
  8
PDF_SKY-Lipa$0$RICKLEE_STRAND
370
     0
100
AcDbPolyline
 90
        2
 70
     0
 43
0.0
 10
892.8774422021239
 20
89.05037612304443
 10
899.6112753906004
 20
49.19933053222521
  0
LWPOLYLINE
  5
7A8
330
1F
100
AcDbEntity
  8
PDF_SKY-Lipa$0$RICKLEE_STRANDDISTANCE
370
     0
100
AcDbPolyline
 90
       15
 70
     0
 43
0.0
 10
899.6112753906004
 20
72.49176992187301
 10
899.832056806616
 20
71.49825354980272
 10
898.9489311425534
 20
71.93981638183396
 10
899.0593218505614
 20
71.60864425781054
 10
898.9489311425534
 20
71.38786284179492
 10
898.8385404345457
 20
71.27747213378711
 10
898.6177590185301
 20
71.1670814257793
 10
898.3969776025144
 20
71.1670814257793
 10
898.1761961864988
 20
71.1670814257793
 10
897.9554147704831
 20
71.38786284179492
 10
897.7346333544677
 20
71.60864425781054
 10
897.7346333544677
 20
71.82942567382617
 10
897.7346333544677
 20
72.16059779784959
 10
897.8450240624754
 20
72.27098850585739
 10
898.065805478491
 20
72.3813792138652
  0
LWPOLYLINE
  5
7A9
330
1F
100
AcDbEntity
  8
PDF_SKY-Lipa$0$RICKLEE_STRANDDISTANCE
370
     0
100
AcDbPolyline
 90
       23
 70
     0
 43
0.0
 10
899.832056806616
 20
69.62161151366996
 10
899.9424475146238
 20
69.84239292968559
 10
900.0528382226317
 20
70.06317434570121
 10
899.9424475146238
 20
70.28395576171682
 10
899.832056806616
 20
70.50473717773243
 10
899.5008846825925
 20
70.72551859374806
 10
899.0593218505614
 20
70.72551859374806
 10
898.6177590185301
 20
70.61512788574025
 10
898.2865868945067
 20
70.50473717773243
 10
898.065805478491
 20
70.28395576171682
 10
898.065805478491
 20
69.9527836376934
 10
898.065805478491
 20
69.84239292968559
 10
898.1761961864988
 20
69.62161151366996
 10
898.3969776025144
 20
69.40083009765435
 10
898.728149726538
 20
69.40083009765435
 10
898.8385404345457
 20
69.40083009765435
 10
899.0593218505614
 20
69.51122080566216
 10
899.2801032665768
 20
69.73200222167777
 10
899.2801032665768
 20
70.06317434570121
 10
899.2801032665768
 20
70.17356505370901
 10
899.1697125585691
 20
70.39434646972464
 10
898.9489311425534
 20
70.61512788574025
 10
898.6177590185301
 20
70.61512788574025
  0
LWPOLYLINE
  5
7AA
330
1F
100
AcDbEntity
  8
PDF_SKY-Lipa$0$RICKLEE_STRANDDISTANCE
370
     0
100
AcDbPolyline
 90
        2
 70
     0
 43
0.0
 10
898.2865868945067
 20
68.62809514159969
 10
899.6112753906004
 20
68.8488765576153
  0
LWPOLYLINE
  5
7AB
330
1F
100
AcDbEntity
  8
PDF_SKY-Lipa$0$RICKLEE_STRANDDISTANCE
370
     0
100
AcDbPolyline
 90
        7
 70
     0
 43
0.0
 10
899.1697125585691
 20
68.8488765576153
 10
899.5008846825925
 20
68.62809514159969
 10
899.6112753906004
 20
68.40731372558406
 10
899.7216660986081
 20
68.18653230956845
 10
899.6112753906004
 20
67.96575089355282
 10
899.3904939745847
 20
67.85536018554501
 10
898.5073683105223
 20
67.6345787695294
  0
LWPOLYLINE
  5
7AC
330
1F
100
AcDbEntity
  8
PDF_SKY-Lipa$0$RICKLEE_STRANDDISTANCE
370
     0
100
AcDbPolyline
 90
        7
 70
     0
 43
0.0
 10
899.3904939745847
 20
67.85536018554501
 10
899.7216660986081
 20
67.52418806152158
 10
899.832056806616
 20
67.41379735351379
 10
899.832056806616
 20
67.08262522949034
 10
899.832056806616
 20
66.97223452148254
 10
899.5008846825925
 20
66.75145310546692
 10
898.6177590185301
 20
66.64106239745911
  0
LWPOLYLINE
  5
7AD
330
1F
100
AcDbEntity
  8
PDF_SKY-Lipa$0$RICKLEE_HOUSECOUNT
370
     0
100
AcDbPolyline
 90
        4
 70
     0
 43
0.0
 10
901.4879174267331
 20
45.99799999999873
 10
901.4879174267331
 20
46.88112566406121
 10
906.0139364550533
 20
46.88112566406121
 10
906.0139364550533
 20
45.99799999999873
  0
LWPOLYLINE
  5
7AF
330
1F
100
AcDbEntity
  8
PDF_SKY-Lipa$0$RICKLEE_STRAND
370
     0
100
AcDbPolyline
 90
        2
 70
     0
 43
0.0
 10
900.0528382226317
 20
46.43956283202998
 10
900.1632289306394
 20
45.99799999999873
  0
LWPOLYLINE
  5
7B0
330
1F
100
AcDbEntity
  8
PDF_SKY-Lipa$0$RICKLEE_STRAND
370
     0
100
AcDbPolyline
 90
        2
 70
     0
 43
0.0
 10
673.6414960986144
 20
122.1675885253873
 10
714.4860580615038
 20
130.2261102099574
  0
LWPOLYLINE
  5
7B1
330
1F
100
AcDbEntity
  8
PDF_SKY-Lipa$0$RICKLEE_STRANDDISTANCE
370
     0
100
AcDbPolyline
 90
       17
 70
     0
 43
0.0
 10
706.2067549609182
 20
124.1546212695278
 10
705.3236292968556
 20
124.04423056152
 10
705.4340200048635
 20
123.1611048974575
 10
705.4340200048635
 20
123.2714956054653
 10
705.7651921288869
 20
123.3818863134732
 10
705.9859735449025
 20
123.492277021481
 10
706.3171456689259
 20
123.3818863134732
 10
706.5379270849416
 20
123.2714956054653
 10
706.6483177929494
 20
123.0507141894497
 10
706.6483177929494
 20
122.8299327734341
 10
706.6483177929494
 20
122.4987606494107
 10
706.5379270849416
 20
122.2779792333951
 10
706.2067549609182
 20
122.1675885253873
 10
705.9859735449025
 20
122.1675885253873
 10
705.6548014208791
 20
122.1675885253873
 10
705.5444107128713
 20
122.2779792333951
 10
705.4340200048635
 20
122.3883699414029
  0
LWPOLYLINE
  5
7B2
330
1F
100
AcDbEntity
  8
PDF_SKY-Lipa$0$RICKLEE_STRANDDISTANCE
370
     0
100
AcDbPolyline
 90
       13
 70
     0
 43
0.0
 10
707.0898806249807
 20
123.9338398535122
 10
707.2002713329884
 20
124.1546212695278
 10
707.3106620409962
 20
124.2650119775356
 10
707.421052749004
 20
124.3754026855434
 10
707.7522248730275
 20
124.4857933935513
 10
707.9730062890432
 20
124.3754026855434
 10
708.0833969970509
 20
124.3754026855434
 10
708.1937877050587
 20
124.1546212695278
 10
708.3041784130665
 20
124.04423056152
 10
708.1937877050587
 20
123.8234491455044
 10
708.0833969970509
 20
123.492277021481
 10
707.3106620409962
 20
122.3883699414029
 10
708.6353505370899
 20
122.6091513574185
  0
LWPOLYLINE
  5
7B3
330
1F
100
AcDbEntity
  8
PDF_SKY-Lipa$0$RICKLEE_STRANDDISTANCE
370
     0
100
AcDbPolyline
 90
        2
 70
     0
 43
0.0
 10
709.187304077129
 20
122.7195420654263
 10
708.9665226611134
 20
124.04423056152
  0
LWPOLYLINE
  5
7B4
330
1F
100
AcDbEntity
  8
PDF_SKY-Lipa$0$RICKLEE_STRANDDISTANCE
370
     0
100
AcDbPolyline
 90
        7
 70
     0
 43
0.0
 10
708.9665226611134
 20
123.7130584374966
 10
709.187304077129
 20
124.04423056152
 10
709.4080854931446
 20
124.1546212695278
 10
709.6288669091602
 20
124.1546212695278
 10
709.8496483251758
 20
124.1546212695278
 10
709.9600390331836
 20
123.8234491455044
 10
710.1808204491994
 20
122.9403234814419
  0
LWPOLYLINE
  5
7B5
330
1F
100
AcDbEntity
  8
PDF_SKY-Lipa$0$RICKLEE_STRANDDISTANCE
370
     0
100
AcDbPolyline
 90
        7
 70
     0
 43
0.0
 10
709.9600390331836
 20
123.8234491455044
 10
710.1808204491994
 20
124.1546212695278
 10
710.4016018652149
 20
124.3754026855434
 10
710.6223832812305
 20
124.3754026855434
 10
710.8431646972461
 20
124.3754026855434
 10
710.953555405254
 20
124.04423056152
 10
711.1743368212695
 20
123.1611048974575
  0
LWPOLYLINE
  5
7B6
330
1F
100
AcDbEntity
  8
PDF_SKY-Lipa$0$LANDMARK
370
     9
100
AcDbPolyline
 90
       19
 70
     0
 43
0.0
 10
886.2539997216554
 20
232.999859365228
 10
886.5851718456788
 20
232.999859365228
 10
886.6955625536867
 20
232.7790779492123
 10
886.9163439697024
 20
232.5582965331967
 10
886.9163439697024
 20
232.1167337011655
 10
886.9163439697024
 20
231.8959522851499
 10
886.8059532616944
 20
231.6751708691343
 10
886.4747811376711
 20
231.4543894531187
 10
885.4812647656007
 20
231.3439987451109
 10
884.9293112255617
 20
234.2141571533139
 10
886.0332183056398
 20
234.4349385693295
 10
886.3643904296631
 20
234.3245478613217
 10
886.4747811376711
 20
234.2141571533139
 10
886.6955625536867
 20
233.9933757372983
 10
886.6955625536867
 20
233.6622036132748
 10
886.5851718456788
 20
233.3310314892514
 10
886.5851718456788
 20
233.2206407812436
 10
886.2539997216554
 20
232.999859365228
 10
885.1500926415774
 20
232.8894686572202
  0
LWPOLYLINE
  5
7B7
330
1F
100
AcDbEntity
  8
PDF_SKY-Lipa$0$LANDMARK
370
     9
100
AcDbPolyline
 90
       11
 70
     0
 43
0.0
 10
887.9098603417727
 20
231.7855615771421
 10
887.3579068017335
 20
234.6557199853451
 10
888.3514231738038
 20
234.8765014013608
 10
888.7929860058349
 20
234.766110693353
 10
888.9033767138428
 20
234.6557199853451
 10
889.0137674218506
 20
234.3245478613217
 10
889.1241581298585
 20
234.1037664453061
 10
889.0137674218506
 20
233.7725943212827
 10
888.9033767138428
 20
233.6622036132748
 10
888.6825952978272
 20
233.4414221972592
 10
887.5786882177491
 20
233.2206407812436
  0
LWPOLYLINE
  5
7B8
330
1F
100
AcDbEntity
  8
PDF_SKY-Lipa$0$LANDMARK
370
     9
100
AcDbPolyline
 90
        2
 70
     0
 43
0.0
 10
888.3514231738038
 20
233.4414221972592
 10
889.4553302538819
 20
232.0063429931577
  0
LWPOLYLINE
  5
7B9
330
1F
100
AcDbEntity
  8
PDF_SKY-Lipa$0$LANDMARK
370
     9
100
AcDbPolyline
 90
       20
 70
     0
 43
0.0
 10
891.6631444140382
 20
234.6557199853451
 10
891.4423629980225
 20
234.9868921093686
 10
891.2215815820069
 20
235.2076735253842
 10
890.8904094579835
 20
235.318064233392
 10
890.4488466259522
 20
235.2076735253842
 10
890.2280652099365
 20
234.9868921093686
 10
890.1176745019286
 20
234.6557199853451
 10
890.0072837939209
 20
234.4349385693295
 10
890.0072837939209
 20
233.9933757372983
 10
890.1176745019286
 20
233.3310314892514
 10
890.2280652099365
 20
232.8894686572202
 10
890.4488466259522
 20
232.6686872412046
 10
890.6696280419678
 20
232.4479058251889
 10
891.0008001659912
 20
232.3375151171811
 10
891.4423629980225
 20
232.3375151171811
 10
891.6631444140382
 20
232.5582965331967
 10
891.7735351220459
 20
232.8894686572202
 10
891.8839258300536
 20
233.2206407812436
 10
891.7735351220459
 20
233.551812905267
 10
891.2215815820069
 20
233.4414221972592
  0
LWPOLYLINE
  5
7BA
330
1F
100
AcDbEntity
  8
PDF_SKY-Lipa$0$LANDMARK
370
     9
100
AcDbPolyline
 90
        3
 70
     0
 43
0.0
 10
892.2150979540772
 20
235.5388456494076
 10
893.3190050341552
 20
234.3245478613217
 10
893.9813492822022
 20
235.8700177734311
  0
LWPOLYLINE
  5
7BB
330
1F
100
AcDbEntity
  8
PDF_SKY-Lipa$0$LANDMARK
370
     9
100
AcDbPolyline
 90
        2
 70
     0
 43
0.0
 10
893.3190050341552
 20
234.3245478613217
 10
893.6501771581786
 20
232.7790779492123
  0
LWPOLYLINE
  5
7BC
330
1F
100
AcDbEntity
  8
PDF_SKY-Lipa$0$LANDMARK
370
     9
100
AcDbPolyline
 90
        4
 70
     0
 43
0.0
 10
895.0852563622802
 20
233.3310314892514
 10
894.9748656542723
 20
233.1102500732358
 10
895.0852563622802
 20
232.999859365228
 10
895.195647070288
 20
233.2206407812436
  0
LWPOLYLINE
  5
7BD
330
1F
100
AcDbEntity
  8
PDF_SKY-Lipa$0$LANDMARK
370
     9
100
AcDbPolyline
 90
        2
 70
     0
 43
0.0
 10
896.0787727343504
 20
233.2206407812436
 10
895.6372099023193
 20
236.0907991894467
  0
LWPOLYLINE
  5
7BE
330
1F
100
AcDbEntity
  8
PDF_SKY-Lipa$0$LANDMARK
370
     9
100
AcDbPolyline
 90
        2
 70
     0
 43
0.0
 10
897.1826798144284
 20
236.4219713134701
 10
897.7346333544677
 20
233.4414221972592
  0
LWPOLYLINE
  5
7BF
330
1F
100
AcDbEntity
  8
PDF_SKY-Lipa$0$LANDMARK
370
     9
100
AcDbPolyline
 90
        2
 70
     0
 43
0.0
 10
895.8579913183347
 20
234.766110693353
 10
897.513851938452
 20
234.9868921093686
  0
LWPOLYLINE
  5
7C0
330
1F
100
AcDbEntity
  8
PDF_SKY-Lipa$0$LANDMARK
370
     9
100
AcDbPolyline
 90
        3
 70
     0
 43
0.0
 10
898.6177590185301
 20
233.6622036132748
 10
899.0593218505614
 20
236.7531434374935
 10
900.4944010546628
 20
233.9933757372983
  0
LWPOLYLINE
  5
7C1
330
1F
100
AcDbEntity
  8
PDF_SKY-Lipa$0$LANDMARK
370
     9
100
AcDbPolyline
 90
        2
 70
     0
 43
0.0
 10
898.8385404345457
 20
234.6557199853451
 10
899.9424475146238
 20
234.8765014013608
  0
LWPOLYLINE
  5
7C2
330
1F
100
AcDbEntity
  8
PDF_SKY-Lipa$0$LANDMARK
370
     9
100
AcDbPolyline
 90
        3
 70
     0
 43
0.0
 10
900.7151824706784
 20
236.9739248535092
 10
901.1567453027097
 20
234.1037664453061
 10
902.5918245068112
 20
234.3245478613217
  0
LWPOLYLINE
  5
7C3
330
1F
100
AcDbEntity
  8
PDF_SKY-Lipa$0$LANDMARK
370
     9
100
AcDbPolyline
 90
        3
 70
     0
 43
0.0
 10
902.5918245068112
 20
237.3050969775326
 10
903.1437780468502
 20
234.4349385693295
 10
904.4684665429441
 20
234.6557199853451
  0
LWPOLYLINE
  5
7C4
330
1F
100
AcDbEntity
  8
PDF_SKY-Lipa$0$LANDMARK
370
     9
100
AcDbPolyline
 90
       19
 70
     0
 43
0.0
 10
878.9682129931399
 20
227.4803239648375
 10
879.2993851171633
 20
227.3699332568297
 10
879.520166533179
 20
227.2595425488219
 10
879.6305572411869
 20
227.0387611328063
 10
879.7409479491946
 20
226.5971983007751
 10
879.6305572411869
 20
226.2660261767516
 10
879.520166533179
 20
226.1556354687438
 10
879.2993851171633
 20
225.9348540527282
 10
878.1954780370853
 20
225.7140726367126
 10
877.7539152050541
 20
228.5842310449156
 10
878.7474315771245
 20
228.8050124609312
 10
879.0786037011478
 20
228.6946217529234
 10
879.2993851171633
 20
228.5842310449156
 10
879.4097758251712
 20
228.3634496289
 10
879.4097758251712
 20
228.1426682128844
 10
879.4097758251712
 20
227.8114960888609
 10
879.2993851171633
 20
227.5907146728453
 10
878.9682129931399
 20
227.4803239648375
 10
877.9746966210696
 20
227.2595425488219
  0
LWPOLYLINE
  5
7C5
330
1F
100
AcDbEntity
  8
PDF_SKY-Lipa$0$LANDMARK
370
     9
100
AcDbPolyline
 90
       10
 70
     0
 43
0.0
 10
880.0721200732182
 20
229.0257938769469
 10
880.5136829052493
 20
227.0387611328063
 10
880.624073613257
 20
226.5971983007751
 10
880.9552457372806
 20
226.3764168847594
 10
881.286417861304
 20
226.2660261767516
 10
881.5071992773196
 20
226.3764168847594
 10
881.838371401343
 20
226.4868075927672
 10
882.0591528173586
 20
226.8179797167907
 10
882.0591528173586
 20
227.2595425488219
 10
881.7279806933353
 20
229.3569660009703
  0
LWPOLYLINE
  5
7C6
330
1F
100
AcDbEntity
  8
PDF_SKY-Lipa$0$LANDMARK
370
     9
100
AcDbPolyline
 90
       20
 70
     0
 43
0.0
 10
884.4877483935304
 20
229.1361845849547
 10
884.2669669775148
 20
229.3569660009703
 10
884.0461855614991
 20
229.5777474169859
 10
883.8254041454836
 20
229.6881381249937
 10
883.3838413134524
 20
229.5777474169859
 10
883.1630598974369
 20
229.4673567089781
 10
882.9422784814211
 20
229.1361845849547
 10
882.8318877734133
 20
228.8050124609312
 10
882.8318877734133
 20
228.3634496289
 10
882.9422784814211
 20
227.7011053808531
 10
883.1630598974369
 20
227.3699332568297
 10
883.2734506054446
 20
227.0387611328063
 10
883.604622729468
 20
226.8179797167907
 10
883.8254041454836
 20
226.7075890087828
 10
884.2669669775148
 20
226.8179797167907
 10
884.4877483935304
 20
227.0387611328063
 10
884.7085298095461
 20
227.2595425488219
 10
884.7085298095461
 20
227.5907146728453
 10
884.7085298095461
 20
228.0322775048766
 10
884.156576269507
 20
227.9218867968688
  0
LWPOLYLINE
  5
7C7
330
1F
100
AcDbEntity
  8
PDF_SKY-Lipa$0$LANDMARK
370
     9
100
AcDbPolyline
 90
        2
 70
     0
 43
0.0
 10
885.8124368896241
 20
230.129700957025
 10
886.3643904296631
 20
227.1491518408141
  0
LWPOLYLINE
  5
7C8
330
1F
100
AcDbEntity
  8
PDF_SKY-Lipa$0$LANDMARK
370
     9
100
AcDbPolyline
 90
        2
 70
     0
 43
0.0
 10
885.0397019335694
 20
229.9089195410093
 10
886.6955625536867
 20
230.2400916650328
  0
LWPOLYLINE
  5
7C9
330
1F
100
AcDbEntity
  8
PDF_SKY-Lipa$0$LANDMARK
370
     9
100
AcDbPolyline
 90
       20
 70
     1
 43
0.0
 10
887.7994696337648
 20
230.4608730810484
 10
887.5786882177491
 20
230.2400916650328
 10
887.4682975097412
 20
229.9089195410093
 10
887.3579068017335
 20
229.5777474169859
 10
887.3579068017335
 20
229.2465752929625
 10
887.4682975097412
 20
228.4738403369078
 10
887.5786882177491
 20
228.1426682128844
 10
887.7994696337648
 20
227.8114960888609
 10
888.0202510497804
 20
227.5907146728453
 10
888.3514231738038
 20
227.4803239648375
 10
888.7929860058349
 20
227.5907146728453
 10
889.0137674218506
 20
227.8114960888609
 10
889.1241581298585
 20
228.1426682128844
 10
889.2345488378664
 20
228.3634496289
 10
889.2345488378664
 20
228.8050124609312
 10
889.1241581298585
 20
229.4673567089781
 10
889.0137674218506
 20
229.9089195410093
 10
888.7929860058349
 20
230.129700957025
 10
888.5722045898194
 20
230.3504823730406
 10
888.2410324657961
 20
230.4608730810484
  0
LWPOLYLINE
  5
7CA
330
1F
100
AcDbEntity
  8
PDF_SKY-Lipa$0$LANDMARK
370
     9
100
AcDbPolyline
 90
        4
 70
     0
 43
0.0
 10
890.1176745019286
 20
227.8114960888609
 10
889.6761116698975
 20
230.7920452050718
 10
891.7735351220459
 20
228.1426682128844
 10
891.2215815820069
 20
231.0128266210874
  0
LWPOLYLINE
  5
7CB
330
1F
100
AcDbEntity
  8
PDF_SKY-Lipa$0$LANDMARK
370
     9
100
AcDbPolyline
 90
       20
 70
     0
 43
0.0
 10
893.9813492822022
 20
230.7920452050718
 10
893.8709585741943
 20
231.0128266210874
 10
893.5397864501707
 20
231.3439987451109
 10
893.3190050341552
 20
231.3439987451109
 10
892.8774422021239
 20
231.3439987451109
 10
892.6566607861085
 20
231.1232173290953
 10
892.4358793700926
 20
230.7920452050718
 10
892.4358793700926
 20
230.5712637890562
 10
892.3254886620849
 20
230.129700957025
 10
892.4358793700926
 20
229.3569660009703
 10
892.6566607861085
 20
229.0257938769469
 10
892.8774422021239
 20
228.8050124609312
 10
893.0982236181396
 20
228.4738403369078
 10
893.3190050341552
 20
228.4738403369078
 10
893.8709585741943
 20
228.4738403369078
 10
893.9813492822022
 20
228.6946217529234
 10
894.2021306982177
 20
229.0257938769469
 10
894.3125214062256
 20
229.2465752929625
 10
894.2021306982177
 20
229.6881381249937
 10
893.6501771581786
 20
229.5777474169859
  0
LWPOLYLINE
  5
7CC
330
1F
100
AcDbEntity
  8
PDF_SKY-Lipa$0$LANDMARK
370
     9
100
AcDbPolyline
 90
        4
 70
     0
 43
0.0
 10
897.2930705224364
 20
229.1361845849547
 10
896.7411169823973
 20
232.0063429931577
 10
898.8385404345457
 20
229.3569660009703
 10
898.3969776025144
 20
232.3375151171811
  0
LWPOLYLINE
  5
7CD
330
1F
100
AcDbEntity
  8
PDF_SKY-Lipa$0$LANDMARK
370
     9
100
AcDbPolyline
 90
        3
 70
     0
 43
0.0
 10
899.832056806616
 20
229.5777474169859
 10
900.1632289306394
 20
232.5582965331967
 10
901.5983081347409
 20
229.9089195410093
  0
LWPOLYLINE
  5
7CE
330
1F
100
AcDbEntity
  8
PDF_SKY-Lipa$0$LANDMARK
370
     9
100
AcDbPolyline
 90
        2
 70
     0
 43
0.0
 10
899.9424475146238
 20
230.5712637890562
 10
901.1567453027097
 20
230.7920452050718
  0
LWPOLYLINE
  5
7CF
330
1F
100
AcDbEntity
  8
PDF_SKY-Lipa$0$LANDMARK
370
     9
100
AcDbPolyline
 90
       11
 70
     0
 43
0.0
 10
904.4684665429441
 20
230.3504823730406
 10
904.0269037109126
 20
233.3310314892514
 10
905.020420082983
 20
233.4414221972592
 10
905.3515922070063
 20
233.4414221972592
 10
905.5723736230222
 20
233.2206407812436
 10
905.6827643310299
 20
232.999859365228
 10
905.7931550390376
 20
232.5582965331967
 10
905.6827643310299
 20
232.3375151171811
 10
905.5723736230222
 20
232.1167337011655
 10
905.2412014989986
 20
231.8959522851499
 10
904.2476851269283
 20
231.7855615771421
  0
LWPOLYLINE
  5
7D0
330
1F
100
AcDbEntity
  8
PDF_SKY-Lipa$0$LANDMARK
370
     9
100
AcDbPolyline
 90
       10
 70
     0
 43
0.0
 10
906.4554992870846
 20
233.6622036132748
 10
906.786671411108
 20
231.6751708691343
 10
907.0074528271236
 20
231.233608037103
 10
907.2282342431392
 20
231.0128266210874
 10
907.5594063671626
 20
230.9024359130796
 10
907.7801877831783
 20
231.0128266210874
 10
908.1113599072017
 20
231.1232173290953
 10
908.3321413232173
 20
231.4543894531187
 10
908.3321413232173
 20
231.8959522851499
 10
908.0009691991939
 20
233.9933757372983
  0
LWPOLYLINE
  5
7D1
330
1F
100
AcDbEntity
  8
PDF_SKY-Lipa$0$LANDMARK
370
     9
100
AcDbPolyline
 90
        3
 70
     0
 43
0.0
 10
908.8840948632563
 20
234.1037664453061
 10
909.4360484032954
 20
231.233608037103
 10
910.871127607397
 20
231.4543894531187
  0
LWPOLYLINE
  5
7D2
330
1F
100
AcDbEntity
  8
PDF_SKY-Lipa$0$LANDMARK
370
     9
100
AcDbPolyline
 90
       20
 70
     1
 43
0.0
 10
911.5334718554437
 20
234.6557199853451
 10
911.3126904394281
 20
234.4349385693295
 10
911.2022997314204
 20
234.1037664453061
 10
911.0919090234125
 20
233.8829850292905
 10
911.0919090234125
 20
233.4414221972592
 10
911.2022997314204
 20
232.6686872412046
 10
911.423081147436
 20
232.3375151171811
 10
911.5334718554437
 20
232.0063429931577
 10
911.8646439794671
 20
231.7855615771421
 10
912.0854253954828
 20
231.6751708691343
 10
912.5269882275141
 20
231.7855615771421
 10
912.7477696435297
 20
232.0063429931577
 10
912.9685510595454
 20
232.3375151171811
 10
912.9685510595454
 20
232.5582965331967
 10
913.0789417675531
 20
232.999859365228
 10
912.8581603515375
 20
233.7725943212827
 10
912.7477696435297
 20
234.1037664453061
 10
912.5269882275141
 20
234.3245478613217
 10
912.3062068114984
 20
234.6557199853451
 10
911.975034687475
 20
234.6557199853451
  0
LWPOLYLINE
  5
7D3
330
1F
100
AcDbEntity
  8
PDF_SKY-Lipa$0$LANDMARK
370
     9
100
AcDbPolyline
 90
       19
 70
     0
 43
0.0
 10
875.8772731689212
 20
286.9809155810468
 10
876.2084452929448
 20
286.9809155810468
 10
876.4292267089604
 20
286.870524873039
 10
876.5396174169682
 20
286.5393527490156
 10
876.6500081249759
 20
286.2081806249922
 10
876.5396174169682
 20
285.8770085009687
 10
876.4292267089604
 20
285.7666177929609
 10
876.0980545849371
 20
285.5458363769453
 10
875.1045382128667
 20
285.3250549609297
 10
874.6629753808354
 20
288.1952133691327
 10
875.6564917529058
 20
288.4159947851484
 10
875.9876638769291
 20
288.3056040771405
 10
876.0980545849371
 20
288.1952133691327
 10
876.3188360009525
 20
287.9744319531171
 10
876.3188360009525
 20
287.6432598290937
 10
876.3188360009525
 20
287.4224784130781
 10
876.2084452929448
 20
287.2016969970624
 10
875.8772731689212
 20
286.9809155810468
 10
874.8837567968509
 20
286.870524873039
  0
LWPOLYLINE
  5
7D4
330
1F
100
AcDbEntity
  8
PDF_SKY-Lipa$0$LANDMARK
370
     9
100
AcDbPolyline
 90
       10
 70
     0
 43
0.0
 10
876.9811802489995
 20
288.636776201164
 10
877.4227430810308
 20
286.5393527490156
 10
877.5331337890385
 20
286.2081806249922
 10
877.8643059130619
 20
285.9873992089765
 10
878.1954780370853
 20
285.8770085009687
 10
878.4162594531009
 20
285.8770085009687
 10
878.7474315771245
 20
286.0977899169844
 10
878.9682129931399
 20
286.4289620410078
 10
878.9682129931399
 20
286.870524873039
 10
878.6370408691166
 20
288.9679483251874
  0
LWPOLYLINE
  5
7D5
330
1F
100
AcDbEntity
  8
PDF_SKY-Lipa$0$LANDMARK
370
     9
100
AcDbPolyline
 90
       20
 70
     0
 43
0.0
 10
881.3968085693117
 20
288.7471669091718
 10
881.1760271532962
 20
288.9679483251874
 10
880.9552457372806
 20
289.188729741203
 10
880.7344643212649
 20
289.2991204492108
 10
880.1825107812259
 20
289.188729741203
 10
880.0721200732182
 20
289.0783390331952
 10
879.8513386572025
 20
288.7471669091718
 10
879.7409479491946
 20
288.4159947851484
 10
879.7409479491946
 20
287.9744319531171
 10
879.8513386572025
 20
287.3120877050703
 10
880.0721200732182
 20
286.870524873039
 10
880.1825107812259
 20
286.6497434570234
 10
880.5136829052493
 20
286.4289620410078
 10
880.7344643212649
 20
286.318571333
 10
881.1760271532962
 20
286.4289620410078
 10
881.3968085693117
 20
286.5393527490156
 10
881.6175899853273
 20
286.870524873039
 10
881.6175899853273
 20
287.2016969970624
 10
881.6175899853273
 20
287.6432598290937
 10
880.9552457372806
 20
287.5328691210859
  0
LWPOLYLINE
  5
7D6
330
1F
100
AcDbEntity
  8
PDF_SKY-Lipa$0$LANDMARK
370
     9
100
AcDbPolyline
 90
        2
 70
     0
 43
0.0
 10
882.7214970654054
 20
289.6302925732343
 10
883.2734506054446
 20
286.7601341650312
  0
LWPOLYLINE
  5
7D7
330
1F
100
AcDbEntity
  8
PDF_SKY-Lipa$0$LANDMARK
370
     9
100
AcDbPolyline
 90
        2
 70
     0
 43
0.0
 10
881.9487621093507
 20
289.5199018652264
 10
883.604622729468
 20
289.8510739892499
  0
LWPOLYLINE
  5
7D8
330
1F
100
AcDbEntity
  8
PDF_SKY-Lipa$0$LANDMARK
370
     9
100
AcDbPolyline
 90
       20
 70
     1
 43
0.0
 10
884.7085298095461
 20
289.9614646972577
 10
884.4877483935304
 20
289.8510739892499
 10
884.3773576855227
 20
289.5199018652264
 10
884.2669669775148
 20
289.188729741203
 10
884.2669669775148
 20
288.7471669091718
 10
884.3773576855227
 20
288.0848226611249
 10
884.4877483935304
 20
287.7536505371015
 10
884.7085298095461
 20
287.4224784130781
 10
884.9293112255617
 20
287.2016969970624
 10
885.2604833495851
 20
287.0913062890546
 10
885.7020461816164
 20
287.2016969970624
 10
885.922827597632
 20
287.4224784130781
 10
886.0332183056398
 20
287.6432598290937
 10
886.1436090136477
 20
287.9744319531171
 10
886.1436090136477
 20
288.4159947851484
 10
886.0332183056398
 20
289.0783390331952
 10
885.8124368896241
 20
289.5199018652264
 10
885.7020461816164
 20
289.7406832812421
 10
885.3708740575928
 20
289.9614646972577
 10
885.1500926415774
 20
290.0718554052655
  0
LWPOLYLINE
  5
7D9
330
1F
100
AcDbEntity
  8
PDF_SKY-Lipa$0$LANDMARK
370
     9
100
AcDbPolyline
 90
        4
 70
     0
 43
0.0
 10
887.0267346777101
 20
287.4224784130781
 10
886.5851718456788
 20
290.2926368212811
 10
888.6825952978272
 20
287.7536505371015
 10
888.1306417577881
 20
290.6238089453045
  0
LWPOLYLINE
  5
7DA
330
1F
100
AcDbEntity
  8
PDF_SKY-Lipa$0$LANDMARK
370
     9
100
AcDbPolyline
 90
       20
 70
     0
 43
0.0
 10
890.8904094579835
 20
290.4030275292889
 10
890.7800187499756
 20
290.6238089453045
 10
890.4488466259522
 20
290.8445903613202
 10
890.2280652099365
 20
290.954981069328
 10
889.7865023779052
 20
290.954981069328
 10
889.5657209618898
 20
290.7341996533123
 10
889.3449395458741
 20
290.4030275292889
 10
889.3449395458741
 20
290.0718554052655
 10
889.2345488378664
 20
289.6302925732343
 10
889.3449395458741
 20
288.9679483251874
 10
889.5657209618898
 20
288.636776201164
 10
889.7865023779052
 20
288.3056040771405
 10
890.0072837939209
 20
288.0848226611249
 10
890.2280652099365
 20
287.9744319531171
 10
890.7800187499756
 20
288.0848226611249
 10
890.8904094579835
 20
288.3056040771405
 10
891.1111908739989
 20
288.636776201164
 10
891.2215815820069
 20
288.8575576171796
 10
891.1111908739989
 20
289.2991204492108
 10
890.5592373339599
 20
289.188729741203
  0
LWPOLYLINE
  5
7DB
330
1F
100
AcDbEntity
  8
PDF_SKY-Lipa$0$LANDMARK
370
     9
100
AcDbPolyline
 90
        4
 70
     0
 43
0.0
 10
894.2021306982177
 20
288.7471669091718
 10
893.6501771581786
 20
291.6173253173748
 10
895.747600610327
 20
288.9679483251874
 10
895.3060377782959
 20
291.8381067333904
  0
LWPOLYLINE
  5
7DC
330
1F
100
AcDbEntity
  8
PDF_SKY-Lipa$0$LANDMARK
370
     9
100
AcDbPolyline
 90
        3
 70
     0
 43
0.0
 10
896.7411169823973
 20
289.188729741203
 10
897.0722891064207
 20
292.1692788574139
 10
898.5073683105223
 20
289.5199018652264
  0
LWPOLYLINE
  5
7DD
330
1F
100
AcDbEntity
  8
PDF_SKY-Lipa$0$LANDMARK
370
     9
100
AcDbPolyline
 90
        2
 70
     0
 43
0.0
 10
896.8515076904051
 20
290.1822461132733
 10
898.065805478491
 20
290.4030275292889
  0
LWPOLYLINE
  5
7DE
330
1F
100
AcDbEntity
  8
PDF_SKY-Lipa$0$LANDMARK
370
     9
100
AcDbPolyline
 90
       11
 70
     0
 43
0.0
 10
901.3775267187254
 20
289.9614646972577
 10
900.9359638866941
 20
292.8316231054607
 10
901.9294802587642
 20
293.0524045214763
 10
902.2606523827878
 20
292.9420138134685
 10
902.4814337988035
 20
292.8316231054607
 10
902.5918245068112
 20
292.6108416894451
 10
902.7022152148189
 20
292.1692788574139
 10
902.5918245068112
 20
291.9484974413983
 10
902.4814337988035
 20
291.7277160253826
 10
902.1502616747801
 20
291.506934609367
 10
901.1567453027097
 20
291.3965439013592
  0
LWPOLYLINE
  5
7DF
330
1F
100
AcDbEntity
  8
PDF_SKY-Lipa$0$LANDMARK
370
     9
100
AcDbPolyline
 90
       10
 70
     0
 43
0.0
 10
903.2541687548581
 20
293.273185937492
 10
903.6957315868892
 20
291.2861531933515
 10
903.9165130029049
 20
290.8445903613202
 10
904.1372944189205
 20
290.6238089453045
 10
904.4684665429441
 20
290.5134182372967
 10
904.6892479589596
 20
290.6238089453045
 10
905.020420082983
 20
290.7341996533123
 10
905.2412014989986
 20
291.0653717773358
 10
905.2412014989986
 20
291.506934609367
 10
904.9100293749752
 20
293.6043580615154
  0
LWPOLYLINE
  5
7E0
330
1F
100
AcDbEntity
  8
PDF_SKY-Lipa$0$LANDMARK
370
     9
100
AcDbPolyline
 90
        3
 70
     0
 43
0.0
 10
905.7931550390376
 20
293.7147487695232
 10
906.3451085790767
 20
290.8445903613202
 10
907.6697970751704
 20
291.0653717773358
  0
LWPOLYLINE
  5
7E1
330
1F
100
AcDbEntity
  8
PDF_SKY-Lipa$0$LANDMARK
370
     9
100
AcDbPolyline
 90
       20
 70
     1
 43
0.0
 10
908.442532031225
 20
294.2667023095622
 10
908.2217506152096
 20
294.0459208935466
 10
908.1113599072017
 20
293.7147487695232
 10
908.0009691991939
 20
293.3835766454998
 10
908.0009691991939
 20
292.9420138134685
 10
908.1113599072017
 20
292.2796695654217
 10
908.3321413232173
 20
291.9484974413983
 10
908.442532031225
 20
291.6173253173748
 10
908.7737041552484
 20
291.3965439013592
 10
908.9944855712641
 20
291.2861531933515
 10
909.4360484032954
 20
291.3965439013592
 10
909.656829819311
 20
291.6173253173748
 10
909.8776112353267
 20
291.9484974413983
 10
909.8776112353267
 20
292.1692788574139
 10
909.9880019433344
 20
292.6108416894451
 10
909.7672205273187
 20
293.273185937492
 10
909.656829819311
 20
293.7147487695232
 10
909.4360484032954
 20
293.9355301855388
 10
909.2152669872799
 20
294.1563116015544
 10
908.8840948632563
 20
294.2667023095622
  0
LWPOLYLINE
  5
7E2
330
1F
100
AcDbEntity
  8
PDF_SKY-Lipa$0$LANDMARK
370
     9
100
AcDbPolyline
 90
        4
 70
     0
 43
0.0
 10
883.4942320214603
 20
282.5652872607345
 10
882.0591528173586
 20
282.234115136711
 10
881.5071992773196
 20
285.1042735449141
 10
883.052669189429
 20
285.4354456689375
  0
LWPOLYLINE
  5
7E3
330
1F
100
AcDbEntity
  8
PDF_SKY-Lipa$0$LANDMARK
370
     9
100
AcDbPolyline
 90
        2
 70
     0
 43
0.0
 10
881.838371401343
 20
283.7795850488204
 10
882.7214970654054
 20
283.8899757568281
  0
LWPOLYLINE
  5
7E5
330
1F
100
AcDbEntity
  8
PDF_SKY-Lipa$0$LANDMARK
370
     9
100
AcDbPolyline
 90
        3
 70
     0
 43
0.0
 10
883.7150134374757
 20
285.5458363769453
 10
884.2669669775148
 20
282.6756779687423
 10
885.5916554736086
 20
282.8964593847579
  0
LWPOLYLINE
  5
7E6
330
1F
100
AcDbEntity
  8
PDF_SKY-Lipa$0$LANDMARK
370
     9
100
AcDbPolyline
 90
        4
 70
     0
 43
0.0
 10
887.6890789257569
 20
283.2276315087813
 10
886.1436090136477
 20
283.0068500927657
 10
885.7020461816164
 20
285.8770085009687
 10
887.1371253857178
 20
286.0977899169844
  0
LWPOLYLINE
  5
7E7
330
1F
100
AcDbEntity
  8
PDF_SKY-Lipa$0$LANDMARK
370
     9
100
AcDbPolyline
 90
        2
 70
     0
 43
0.0
 10
885.922827597632
 20
284.552320004875
 10
886.8059532616944
 20
284.6627107128828
  0
LWPOLYLINE
  5
7E9
330
1F
100
AcDbEntity
  8
PDF_SKY-Lipa$0$LANDMARK
370
     9
100
AcDbPolyline
 90
        5
 70
     0
 43
0.0
 10
888.3514231738038
 20
283.3380222167891
 10
887.9098603417727
 20
286.318571333
 10
889.2345488378664
 20
283.5588036328047
 10
889.6761116698975
 20
286.5393527490156
 10
890.2280652099365
 20
283.6691943408125
  0
LWPOLYLINE
  5
7EA
330
1F
100
AcDbEntity
  8
PDF_SKY-Lipa$0$LANDMARK
370
     9
100
AcDbPolyline
 90
        4
 70
     0
 43
0.0
 10
892.6566607861085
 20
284.1107571728438
 10
891.1111908739989
 20
283.8899757568281
 10
890.6696280419678
 20
286.7601341650312
 10
892.1047072460693
 20
286.9809155810468
  0
LWPOLYLINE
  5
7EB
330
1F
100
AcDbEntity
  8
PDF_SKY-Lipa$0$LANDMARK
370
     9
100
AcDbPolyline
 90
        2
 70
     0
 43
0.0
 10
890.8904094579835
 20
285.3250549609297
 10
891.7735351220459
 20
285.5458363769453
  0
LWPOLYLINE
  5
7ED
330
1F
100
AcDbEntity
  8
PDF_SKY-Lipa$0$LANDMARK
370
     9
100
AcDbPolyline
 90
        4
 70
     0
 43
0.0
 10
893.3190050341552
 20
284.2211478808516
 10
892.7670514941162
 20
287.0913062890546
 10
894.8644749462644
 20
284.552320004875
 10
894.4229121142333
 20
287.4224784130781
  0
LWPOLYLINE
  5
7EE
330
1F
100
AcDbEntity
  8
PDF_SKY-Lipa$0$LANDMARK
370
     9
100
AcDbPolyline
 90
        2
 70
     0
 43
0.0
 10
896.0787727343504
 20
287.7536505371015
 10
896.6307262743894
 20
284.8834921288985
  0
LWPOLYLINE
  5
7EF
330
1F
100
AcDbEntity
  8
PDF_SKY-Lipa$0$LANDMARK
370
     9
100
AcDbPolyline
 90
        2
 70
     0
 43
0.0
 10
895.3060377782959
 20
287.5328691210859
 10
896.961898398413
 20
287.8640412451093
  0
LWPOLYLINE
  5
7F0
330
1F
100
AcDbEntity
  8
PDF_SKY-Lipa$0$LANDMARK
370
     9
100
AcDbPolyline
 90
        3
 70
     0
 43
0.0
 10
897.8450240624754
 20
285.1042735449141
 10
898.2865868945067
 20
288.0848226611249
 10
899.7216660986081
 20
285.4354456689375
  0
LWPOLYLINE
  5
7F1
330
1F
100
AcDbEntity
  8
PDF_SKY-Lipa$0$LANDMARK
370
     9
100
AcDbPolyline
 90
        2
 70
     0
 43
0.0
 10
898.065805478491
 20
286.0977899169844
 10
899.1697125585691
 20
286.318571333
  0
LWPOLYLINE
  5
7F2
330
1F
100
AcDbEntity
  8
PDF_SKY-Lipa$0$LANDMARK
370
     9
100
AcDbPolyline
 90
       11
 70
     0
 43
0.0
 10
900.3840103466551
 20
285.5458363769453
 10
899.9424475146238
 20
288.4159947851484
 10
900.9359638866941
 20
288.5263854931562
 10
901.2671360107175
 20
288.5263854931562
 10
901.4879174267331
 20
288.4159947851484
 10
901.5983081347409
 20
288.0848226611249
 10
901.7086988427488
 20
287.8640412451093
 10
901.5983081347409
 20
287.5328691210859
 10
901.4879174267331
 20
287.4224784130781
 10
901.1567453027097
 20
287.2016969970624
 10
900.1632289306394
 20
286.9809155810468
  0
LWPOLYLINE
  5
7F3
330
1F
100
AcDbEntity
  8
PDF_SKY-Lipa$0$LANDMARK
370
     9
100
AcDbPolyline
 90
        2
 70
     0
 43
0.0
 10
900.9359638866941
 20
287.2016969970624
 10
902.0398709667722
 20
285.7666177929609
  0
LWPOLYLINE
  5
7F4
330
1F
100
AcDbEntity
  8
PDF_SKY-Lipa$0$LANDMARK
370
     9
100
AcDbPolyline
 90
        3
 70
     0
 43
0.0
 10
902.3710430907955
 20
288.8575576171796
 10
903.4749501708738
 20
287.6432598290937
 10
904.1372944189205
 20
289.188729741203
  0
LWPOLYLINE
  5
7F5
330
1F
100
AcDbEntity
  8
PDF_SKY-Lipa$0$LANDMARK
370
     9
100
AcDbPolyline
 90
        2
 70
     0
 43
0.0
 10
903.4749501708738
 20
287.6432598290937
 10
903.8061222948972
 20
286.0977899169844
  0
LWPOLYLINE
  5
7F6
330
1F
100
AcDbEntity
  8
PDF_SKY-Lipa$0$LANDMARK
370
     9
100
AcDbPolyline
 90
       20
 70
     0
 43
0.0
 10
888.4618138818115
 20
281.682161596672
 10
888.1306417577881
 20
281.9029430126876
 10
887.7994696337648
 20
281.9029430126876
 10
887.3579068017335
 20
281.9029430126876
 10
887.0267346777101
 20
281.682161596672
 10
886.8059532616944
 20
281.3509894726486
 10
886.9163439697024
 20
281.1302080566329
 10
887.0267346777101
 20
280.7990359326095
 10
887.1371253857178
 20
280.6886452246017
 10
887.4682975097412
 20
280.5782545165939
 10
888.1306417577881
 20
280.467863808586
 10
888.4618138818115
 20
280.3574731005783
 10
888.5722045898194
 20
280.2470823925705
 10
888.6825952978272
 20
280.0263009765548
 10
888.7929860058349
 20
279.5847381445236
 10
888.5722045898194
 20
279.2535660205002
 10
888.3514231738038
 20
279.0327846044846
 10
887.7994696337648
 20
278.9223938964767
 10
887.4682975097412
 20
279.0327846044846
 10
887.2475160937257
 20
279.2535660205002
  0
LWPOLYLINE
  5
7F7
330
1F
100
AcDbEntity
  8
PDF_SKY-Lipa$0$LANDMARK
370
     9
100
AcDbPolyline
 90
       18
 70
     0
 43
0.0
 10
890.8904094579835
 20
281.7925523046798
 10
890.7800187499756
 20
282.0133337206954
 10
890.4488466259522
 20
282.234115136711
 10
890.2280652099365
 20
282.3445058447188
 10
889.7865023779052
 20
282.3445058447188
 10
889.5657209618898
 20
282.1237244287032
 10
889.3449395458741
 20
281.7925523046798
 10
889.3449395458741
 20
281.4613801806564
 10
889.2345488378664
 20
281.0198173486251
 10
889.3449395458741
 20
280.3574731005783
 10
889.5657209618898
 20
280.0263009765548
 10
889.6761116698975
 20
279.6951288525314
 10
890.0072837939209
 20
279.4743474365158
 10
890.2280652099365
 20
279.363956728508
 10
890.6696280419678
 20
279.4743474365158
 10
890.8904094579835
 20
279.6951288525314
 10
891.1111908739989
 20
280.0263009765548
 10
891.2215815820069
 20
280.2470823925705
  0
LWPOLYLINE
  5
7F8
330
1F
100
AcDbEntity
  8
PDF_SKY-Lipa$0$LANDMARK
370
     9
100
AcDbPolyline
 90
        2
 70
     0
 43
0.0
 10
891.9943165380615
 20
279.6951288525314
 10
891.4423629980225
 20
282.5652872607345
  0
LWPOLYLINE
  5
7F9
330
1F
100
AcDbEntity
  8
PDF_SKY-Lipa$0$LANDMARK
370
     9
100
AcDbPolyline
 90
        2
 70
     0
 43
0.0
 10
893.0982236181396
 20
282.8964593847579
 10
893.5397864501707
 20
280.0263009765548
  0
LWPOLYLINE
  5
7FA
330
1F
100
AcDbEntity
  8
PDF_SKY-Lipa$0$LANDMARK
370
     9
100
AcDbPolyline
 90
        2
 70
     0
 43
0.0
 10
891.6631444140382
 20
281.2405987646407
 10
893.3190050341552
 20
281.4613801806564
  0
LWPOLYLINE
  5
7FB
330
1F
100
AcDbEntity
  8
PDF_SKY-Lipa$0$LANDMARK
370
     9
100
AcDbPolyline
 90
       20
 70
     1
 43
0.0
 10
894.6436935302489
 20
283.1172408007735
 10
894.4229121142333
 20
283.0068500927657
 10
894.3125214062256
 20
282.6756779687423
 10
894.2021306982177
 20
282.3445058447188
 10
894.2021306982177
 20
281.9029430126876
 10
894.3125214062256
 20
281.2405987646407
 10
894.533302822241
 20
280.9094266406173
 10
894.6436935302489
 20
280.5782545165939
 10
894.9748656542723
 20
280.3574731005783
 10
895.195647070288
 20
280.2470823925705
 10
895.6372099023193
 20
280.3574731005783
 10
895.8579913183347
 20
280.5782545165939
 10
896.0787727343504
 20
280.7990359326095
 10
896.0787727343504
 20
281.1302080566329
 10
896.1891634423583
 20
281.5717708886642
 10
896.0787727343504
 20
282.234115136711
 10
895.8579913183347
 20
282.6756779687423
 10
895.6372099023193
 20
282.8964593847579
 10
895.4164284863036
 20
283.1172408007735
 10
895.195647070288
 20
283.2276315087813
  0
LWPOLYLINE
  5
7FC
330
1F
100
AcDbEntity
  8
PDF_SKY-Lipa$0$LANDMARK
370
     9
100
AcDbPolyline
 90
       20
 70
     1
 43
0.0
 10
897.1826798144284
 20
283.6691943408125
 10
896.961898398413
 20
283.4484129247969
 10
896.8515076904051
 20
283.1172408007735
 10
896.7411169823973
 20
282.78606867675
 10
896.7411169823973
 20
282.3445058447188
 10
896.8515076904051
 20
281.682161596672
 10
897.0722891064207
 20
281.3509894726486
 10
897.1826798144284
 20
281.0198173486251
 10
897.513851938452
 20
280.7990359326095
 10
897.7346333544677
 20
280.6886452246017
 10
898.1761961864988
 20
280.7990359326095
 10
898.3969776025144
 20
281.0198173486251
 10
898.6177590185301
 20
281.3509894726486
 10
898.6177590185301
 20
281.5717708886642
 10
898.6177590185301
 20
282.0133337206954
 10
898.5073683105223
 20
282.6756779687423
 10
898.3969776025144
 20
283.1172408007735
 10
898.1761961864988
 20
283.3380222167891
 10
897.9554147704831
 20
283.5588036328047
 10
897.6242426464597
 20
283.6691943408125
  0
LWPOLYLINE
  5
7FD
330
1F
100
AcDbEntity
  8
PDF_SKY-Lipa$0$LANDMARK
370
     9
100
AcDbPolyline
 90
        3
 70
     0
 43
0.0
 10
899.0593218505614
 20
283.8899757568281
 10
899.5008846825925
 20
281.0198173486251
 10
900.9359638866941
 20
281.2405987646407
  0
LWPOLYLINE
  5
7FE
330
1F
100
AcDbEntity
  8
PDF_SKY-Lipa$0$RICKLEE_ROAD
370
     0
100
AcDbPolyline
 90
        3
 70
     0
 43
0.0
 10
685.5636925634578
 20
818.181002514626
 10
685.7844739794734
 20
821.2719423388445
 10
687.3299438915827
 20
818.6225653466571
  0
LWPOLYLINE
  5
7FF
330
1F
100
AcDbEntity
  8
PDF_SKY-Lipa$0$RICKLEE_ROAD
370
     0
100
AcDbPolyline
 90
        2
 70
     0
 43
0.0
 10
685.6740832714656
 20
819.2849095947043
 10
686.7779903515437
 20
819.5056910107197
  0
LWPOLYLINE
  5
800
330
1F
100
AcDbEntity
  8
PDF_SKY-Lipa$0$RICKLEE_ROAD
370
     0
100
AcDbPolyline
 90
        2
 70
     0
 43
0.0
 10
687.9922881396296
 20
818.8433467626728
 10
688.9858045116999
 20
822.0446772948994
  0
LWPOLYLINE
  5
801
330
1F
100
AcDbEntity
  8
PDF_SKY-Lipa$0$RICKLEE_ROAD
370
     0
100
AcDbPolyline
 90
        2
 70
     0
 43
0.0
 10
687.3299438915827
 20
821.713505170876
 10
689.6481487597467
 20
819.1745188866963
  0
LWPOLYLINE
  5
802
330
1F
100
AcDbEntity
  8
PDF_SKY-Lipa$0$RICKLEE_ROAD
370
     0
100
AcDbPolyline
 90
        2
 70
     0
 43
0.0
 10
690.3104930077936
 20
819.2849095947043
 10
689.6481487597467
 20
822.1550680029071
  0
LWPOLYLINE
  5
803
330
1F
100
AcDbEntity
  8
PDF_SKY-Lipa$0$RICKLEE_ROAD
370
     0
100
AcDbPolyline
 90
       20
 70
     0
 43
0.0
 10
692.1871350439263
 20
822.3758494189228
 10
691.9663536279107
 20
822.5966308349384
 10
691.5247907958795
 20
822.5966308349384
 10
691.0832279638482
 20
822.4862401269305
 10
690.8624465478326
 20
822.3758494189228
 10
690.641665131817
 20
822.0446772948994
 10
690.7520558398248
 20
821.713505170876
 10
690.8624465478326
 20
821.4927237548604
 10
691.0832279638482
 20
821.3823330468525
 10
691.3040093798639
 20
821.2719423388445
 10
692.0767443359185
 20
821.1615516308368
 10
692.2975257519341
 20
821.0511609228289
 10
692.407916459942
 20
820.9407702148212
 10
692.6286978759576
 20
820.7199887988055
 10
692.7390885839654
 20
820.2784259667744
 10
692.5183071679498
 20
819.947253842751
 10
692.2975257519341
 20
819.8368631347431
 10
691.7455722118951
 20
819.7264724267354
 10
691.4144000878717
 20
819.7264724267354
 10
691.0832279638482
 20
819.947253842751
  0
LWPOLYLINE
  5
804
330
1F
100
AcDbEntity
  8
PDF_SKY-Lipa$0$RICKLEE_ROAD
370
     0
100
AcDbPolyline
 90
        5
 70
     0
 43
0.0
 10
695.6092469921684
 20
820.6095980907978
 10
694.9469027441216
 20
823.4797564990008
 10
696.6027633642387
 20
820.8303795068134
 10
696.8235447802543
 20
823.9213193310321
 10
697.4858890283012
 20
821.0511609228289
  0
LWPOLYLINE
  5
805
330
1F
100
AcDbEntity
  8
PDF_SKY-Lipa$0$RICKLEE_ROAD
370
     0
100
AcDbPolyline
 90
        4
 70
     0
 43
0.0
 10
699.8040938964652
 20
821.6031144628683
 10
698.3690146923637
 20
821.2719423388445
 10
697.7066704443168
 20
824.03171003904
 10
699.1417496484183
 20
824.4732728710712
  0
LWPOLYLINE
  5
806
330
1F
100
AcDbEntity
  8
PDF_SKY-Lipa$0$RICKLEE_ROAD
370
     0
100
AcDbPolyline
 90
        2
 70
     0
 43
0.0
 10
698.0378425683402
 20
822.7070215429462
 10
698.9209682324027
 20
822.9278029589618
  0
LWPOLYLINE
  5
808
330
1F
100
AcDbEntity
  8
PDF_SKY-Lipa$0$RICKLEE_ROAD
370
     0
100
AcDbPolyline
 90
       20
 70
     0
 43
0.0
 10
701.6807359325979
 20
824.2524914550555
 10
701.5703452245901
 20
824.5836635790791
 10
701.2391731005667
 20
824.8044449950945
 10
701.0183916845512
 20
824.8044449950945
 10
700.5768288525198
 20
824.6940542870868
 10
700.3560474365042
 20
824.5836635790791
 10
700.1352660204887
 20
824.2524914550555
 10
700.1352660204887
 20
823.9213193310321
 10
700.1352660204887
 20
823.4797564990008
 10
700.2456567284964
 20
822.8174122509539
 10
700.466438144512
 20
822.3758494189228
 10
700.6872195605277
 20
822.1550680029071
 10
700.9080009765433
 20
821.9342865868917
 10
701.2391731005667
 20
821.9342865868917
 10
701.6807359325979
 20
821.9342865868917
 10
701.9015173486137
 20
822.1550680029071
 10
702.0119080566214
 20
822.4862401269305
 10
702.1222987646292
 20
822.8174122509539
 10
702.0119080566214
 20
823.2589750829852
 10
701.4599545165823
 20
823.0381936669695
  0
LWPOLYLINE
  5
809
330
1F
100
AcDbEntity
  8
PDF_SKY-Lipa$0$RICKLEE_ROAD
370
     0
100
AcDbPolyline
 90
       20
 70
     0
 43
0.0
 10
706.3171456689259
 20
825.3563985351336
 10
706.0963642529103
 20
825.5771799511492
 10
705.7651921288869
 20
825.7979613671647
 10
705.5444107128713
 20
825.9083520751726
 10
705.10284788084
 20
825.7979613671647
 10
704.8820664648244
 20
825.5771799511492
 10
704.7716757568166
 20
825.2460078271258
 10
704.6612850488088
 20
825.0252264111102
 10
704.6612850488088
 20
824.5836635790791
 10
704.7716757568166
 20
823.9213193310321
 10
704.9924571728322
 20
823.4797564990008
 10
705.2132385888478
 20
823.2589750829852
 10
705.5444107128713
 20
823.0381936669695
 10
705.7651921288869
 20
822.9278029589618
 10
706.2067549609182
 20
823.0381936669695
 10
706.4275363769337
 20
823.2589750829852
 10
706.5379270849416
 20
823.5901472070086
 10
706.6483177929494
 20
823.8109286230244
 10
706.5379270849416
 20
824.2524914550555
 10
705.9859735449025
 20
824.1421007470478
  0
LWPOLYLINE
  5
80A
330
1F
100
AcDbEntity
  8
PDF_SKY-Lipa$0$RICKLEE_ROAD
370
     0
100
AcDbPolyline
 90
        3
 70
     0
 43
0.0
 10
707.421052749004
 20
823.3693657909929
 10
707.7522248730275
 20
826.4603056152118
 10
709.2976947851369
 20
823.8109286230244
  0
LWPOLYLINE
  5
80B
330
1F
100
AcDbEntity
  8
PDF_SKY-Lipa$0$RICKLEE_ROAD
370
     0
100
AcDbPolyline
 90
        2
 70
     0
 43
0.0
 10
707.5314434570118
 20
824.3628821630634
 10
708.7457412450977
 20
824.6940542870868
  0
LWPOLYLINE
  5
80C
330
1F
100
AcDbEntity
  8
PDF_SKY-Lipa$0$RICKLEE_ROAD
370
     0
100
AcDbPolyline
 90
       20
 70
     0
 43
0.0
 10
710.953555405254
 20
826.7914777392352
 10
710.7327739892383
 20
827.0122591552508
 10
710.2912111572071
 20
827.0122591552508
 10
709.8496483251758
 20
826.9018684472429
 10
709.5184762011524
 20
826.6810870312275
 10
709.4080854931446
 20
826.3499149072041
 10
709.4080854931446
 20
826.1291334911884
 10
709.6288669091602
 20
825.9083520751726
 10
709.739257617168
 20
825.7979613671647
 10
710.0704297411915
 20
825.687570659157
 10
710.7327739892383
 20
825.5771799511492
 10
711.0639461132617
 20
825.4667892431413
 10
711.1743368212695
 20
825.3563985351336
 10
711.3951182372852
 20
825.1356171191179
 10
711.3951182372852
 20
824.6940542870868
 10
711.2847275292774
 20
824.3628821630634
 10
710.953555405254
 20
824.1421007470478
 10
710.5119925732227
 20
824.03171003904
 10
710.1808204491994
 20
824.1421007470478
 10
709.8496483251758
 20
824.3628821630634
  0
LWPOLYLINE
  5
80D
330
1F
100
AcDbEntity
  8
PDF_SKY-Lipa$0$RICKLEE_ROAD
370
     0
100
AcDbPolyline
 90
       20
 70
     0
 43
0.0
 10
693.6222142480279
 20
818.2913932226338
 10
693.2910421240044
 20
818.5121746386494
 10
692.959869999981
 20
818.6225653466571
 10
692.5183071679498
 20
818.5121746386494
 10
692.1871350439263
 20
818.2913932226338
 10
691.9663536279107
 20
817.9602210986104
 10
692.0767443359185
 20
817.7394396825947
 10
692.2975257519341
 20
817.4082675585713
 10
692.407916459942
 20
817.2978768505636
 10
692.6286978759576
 20
817.2978768505636
 10
693.4014328320122
 20
817.1874861425559
 10
693.6222142480279
 20
817.077095434548
 10
693.8429956640435
 20
816.9667047265402
 10
693.9533863720513
 20
816.7459233105246
 10
694.0637770800591
 20
816.3043604784931
 10
693.9533863720513
 20
815.9731883544697
 10
693.6222142480279
 20
815.7524069384542
 10
693.1806514159966
 20
815.6420162304463
 10
692.7390885839654
 20
815.7524069384542
 10
692.5183071679498
 20
815.9731883544697
  0
LWPOLYLINE
  5
80E
330
1F
100
AcDbEntity
  8
PDF_SKY-Lipa$0$RICKLEE_ROAD
370
     0
100
AcDbPolyline
 90
        2
 70
     0
 43
0.0
 10
694.9469027441216
 20
819.0641281786886
 10
695.6092469921684
 20
816.1939697704854
  0
LWPOLYLINE
  5
80F
330
1F
100
AcDbEntity
  8
PDF_SKY-Lipa$0$RICKLEE_ROAD
370
     0
100
AcDbPolyline
 90
        2
 70
     0
 43
0.0
 10
694.1741677880669
 20
818.9537374706805
 10
695.830028408184
 20
819.2849095947043
  0
LWPOLYLINE
  5
810
330
1F
100
AcDbEntity
  8
PDF_SKY-Lipa$0$RICKLEE_ROAD
370
     0
100
AcDbPolyline
 90
        3
 70
     0
 43
0.0
 10
696.9339354882621
 20
816.5251418945087
 10
697.1547169042779
 20
819.6160817187276
 10
698.7001868163871
 20
816.9667047265402
  0
LWPOLYLINE
  5
811
330
1F
100
AcDbEntity
  8
PDF_SKY-Lipa$0$RICKLEE_ROAD
370
     0
100
AcDbPolyline
 90
        2
 70
     0
 43
0.0
 10
697.0443261962699
 20
817.5186582665793
 10
698.148233276348
 20
817.8498303906026
  0
LWPOLYLINE
  5
812
330
1F
100
AcDbEntity
  8
PDF_SKY-Lipa$0$RICKLEE_ROAD
370
     0
100
AcDbPolyline
 90
        2
 70
     0
 43
0.0
 10
699.4729217724418
 20
820.1680352587667
 10
700.2456567284964
 20
817.2978768505636
  0
LWPOLYLINE
  5
813
330
1F
100
AcDbEntity
  8
PDF_SKY-Lipa$0$RICKLEE_ROAD
370
     0
100
AcDbPolyline
 90
        2
 70
     0
 43
0.0
 10
698.7001868163871
 20
819.947253842751
 10
700.3560474365042
 20
820.3888166747821
  0
LWPOLYLINE
  5
814
330
1F
100
AcDbEntity
  8
PDF_SKY-Lipa$0$RICKLEE_ROAD
370
     0
100
AcDbPolyline
 90
        2
 70
     0
 43
0.0
 10
701.4599545165823
 20
817.629048974587
 10
700.7976102685355
 20
820.3888166747821
  0
LWPOLYLINE
  5
815
330
1F
100
AcDbEntity
  8
PDF_SKY-Lipa$0$RICKLEE_ROAD
370
     0
100
AcDbPolyline
 90
       20
 70
     1
 43
0.0
 10
702.3430801806448
 20
820.8303795068134
 10
702.1222987646292
 20
820.6095980907978
 10
702.0119080566214
 20
820.2784259667744
 10
701.9015173486137
 20
819.947253842751
 10
701.9015173486137
 20
819.6160817187276
 10
702.1222987646292
 20
818.8433467626728
 10
702.3430801806448
 20
818.5121746386494
 10
702.4534708886526
 20
818.2913932226338
 10
702.784643012676
 20
818.0706118066181
 10
703.0054244286917
 20
817.9602210986104
 10
703.4469872607229
 20
818.0706118066181
 10
703.6677686767385
 20
818.2913932226338
 10
703.8885500927541
 20
818.6225653466571
 10
703.8885500927541
 20
818.8433467626728
 10
703.8885500927541
 20
819.2849095947043
 10
703.7781593847463
 20
819.947253842751
 10
703.5573779687307
 20
820.3888166747821
 10
703.3365965527151
 20
820.6095980907978
 10
703.1158151366995
 20
820.8303795068134
 10
702.784643012676
 20
820.9407702148212
  0
LWPOLYLINE
  5
816
330
1F
100
AcDbEntity
  8
PDF_SKY-Lipa$0$RICKLEE_ROAD
370
     0
100
AcDbPolyline
 90
        4
 70
     0
 43
0.0
 10
704.8820664648244
 20
818.4017839306417
 10
704.2197222167776
 20
821.2719423388445
 10
706.4275363769337
 20
818.732956054665
 10
705.7651921288869
 20
821.6031144628683
  0
LWPOLYLINE
  5
817
330
1F
100
AcDbEntity
  8
PDF_SKY-Lipa$0$RICKLEE_ROAD
370
     0
100
AcDbPolyline
 90
        2
 70
     0
 43
0.0
 10
755.1098386083777
 20
939.7211720312244
 10
754.2267129443152
 20
942.4809397314195
  0
LWPOLYLINE
  5
818
330
1F
100
AcDbEntity
  8
PDF_SKY-Lipa$0$RICKLEE_ROAD
370
     0
100
AcDbPolyline
 90
        2
 70
     0
 43
0.0
 10
755.7721828564246
 20
943.0328932714585
 10
754.7786664843543
 20
940.7146884032945
  0
LWPOLYLINE
  5
819
330
1F
100
AcDbEntity
  8
PDF_SKY-Lipa$0$RICKLEE_ROAD
370
     0
100
AcDbPolyline
 90
        2
 70
     0
 43
0.0
 10
755.2202293163856
 20
941.4874233593492
 10
756.6553085204871
 20
940.2731255712634
  0
LWPOLYLINE
  5
81A
330
1F
100
AcDbEntity
  8
PDF_SKY-Lipa$0$RICKLEE_ROAD
370
     0
100
AcDbPolyline
 90
        3
 70
     0
 43
0.0
 10
757.4280434765418
 20
940.4939069872789
 10
757.4280434765418
 20
943.5848468114976
 10
759.1942948046667
 20
941.0458605273179
  0
LWPOLYLINE
  5
81B
330
1F
100
AcDbEntity
  8
PDF_SKY-Lipa$0$RICKLEE_ROAD
370
     0
100
AcDbPolyline
 90
        2
 70
     0
 43
0.0
 10
757.5384341845496
 20
941.4874233593492
 10
758.6423412646277
 20
941.8185954833727
  0
LWPOLYLINE
  5
81C
330
1F
100
AcDbEntity
  8
PDF_SKY-Lipa$0$RICKLEE_ROAD
370
     0
100
AcDbPolyline
 90
        2
 70
     0
 43
0.0
 10
759.8566390527135
 20
941.2666419433335
 10
758.973513388651
 20
944.0264096435289
  0
LWPOLYLINE
  5
81D
330
1F
100
AcDbEntity
  8
PDF_SKY-Lipa$0$RICKLEE_ROAD
370
     0
100
AcDbPolyline
 90
        4
 70
     0
 43
0.0
 10
760.739764716776
 20
941.4874233593492
 10
759.8566390527135
 20
944.3575817675522
 10
762.3956253368931
 20
942.0393768993884
 10
761.5124996728306
 20
944.7991445995835
  0
LWPOLYLINE
  5
81E
330
1F
100
AcDbEntity
  8
PDF_SKY-Lipa$0$RICKLEE_ROAD
370
     0
100
AcDbPolyline
 90
        3
 70
     0
 43
0.0
 10
763.2787510009556
 20
942.2601583154039
 10
763.2787510009556
 20
945.3510981396226
 10
765.0450023290805
 20
942.9225025634506
  0
LWPOLYLINE
  5
81F
330
1F
100
AcDbEntity
  8
PDF_SKY-Lipa$0$RICKLEE_ROAD
370
     0
100
AcDbPolyline
 90
        2
 70
     0
 43
0.0
 10
763.2787510009556
 20
943.3640653954819
 10
764.3826580810338
 20
943.6952375195053
  0
LWPOLYLINE
  5
820
330
1F
100
AcDbEntity
  8
PDF_SKY-Lipa$0$RICKLEE_ROAD
370
     0
100
AcDbPolyline
 90
        4
 70
     0
 43
0.0
 10
765.7073465771275
 20
943.0328932714585
 10
764.824220913065
 20
945.9030516796614
 10
767.2528164892367
 20
943.5848468114976
 10
766.3696908251742
 20
946.3446145116929
  0
LWPOLYLINE
  5
821
330
1F
100
AcDbEntity
  8
PDF_SKY-Lipa$0$RICKLEE_ROAD
370
     0
100
AcDbPolyline
 90
       20
 70
     0
 43
0.0
 10
771.0061005615023
 20
947.4485215917709
 10
770.6749284374788
 20
947.6693030077866
 10
770.3437563134555
 20
947.6693030077866
 10
769.9021934814242
 20
947.4485215917709
 10
769.5710213574008
 20
947.2277401757553
 10
769.460630649393
 20
946.8965680517319
 10
769.5710213574008
 20
946.6757866357163
 10
769.7918027734163
 20
946.4550052197008
 10
769.9021934814242
 20
946.3446145116929
 10
770.1229748974399
 20
946.2342238036852
 10
770.8957098534945
 20
946.2342238036852
 10
771.2268819775179
 20
946.1238330956771
 10
771.3372726855258
 20
946.0134423876693
 10
771.5580541015413
 20
945.7926609716537
 10
771.6684448095492
 20
945.4614888476303
 10
771.5580541015413
 20
945.1303167236069
 10
771.2268819775179
 20
944.7991445995835
 10
770.7853191454867
 20
944.6887538915758
 10
770.4541470214633
 20
944.6887538915758
 10
770.1229748974399
 20
944.9095353075913
  0
LWPOLYLINE
  5
822
330
1F
100
AcDbEntity
  8
PDF_SKY-Lipa$0$RICKLEE_ROAD
370
     0
100
AcDbPolyline
 90
        3
 70
     0
 43
0.0
 10
772.4411797656039
 20
945.2407074316147
 10
772.4411797656039
 20
948.3316472558334
 10
774.2074310937288
 20
945.7926609716537
  0
LWPOLYLINE
  5
823
330
1F
100
AcDbEntity
  8
PDF_SKY-Lipa$0$RICKLEE_ROAD
370
     0
100
AcDbPolyline
 90
        2
 70
     0
 43
0.0
 10
772.5515704736117
 20
946.2342238036852
 10
773.6554775536898
 20
946.6757866357163
  0
LWPOLYLINE
  5
824
330
1F
100
AcDbEntity
  8
PDF_SKY-Lipa$0$RICKLEE_ROAD
370
     0
100
AcDbPolyline
 90
        2
 70
     0
 43
0.0
 10
776.967198793924
 20
946.6757866357163
 10
776.0840731298616
 20
949.4355543359116
  0
LWPOLYLINE
  5
825
330
1F
100
AcDbEntity
  8
PDF_SKY-Lipa$0$RICKLEE_ROAD
370
     0
100
AcDbPolyline
 90
        2
 70
     0
 43
0.0
 10
777.6295430419708
 20
949.9875078759504
 10
776.7464173779083
 20
947.5589122997787
  0
LWPOLYLINE
  5
826
330
1F
100
AcDbEntity
  8
PDF_SKY-Lipa$0$RICKLEE_ROAD
370
     0
100
AcDbPolyline
 90
        2
 70
     0
 43
0.0
 10
777.0775895019318
 20
948.4420379638411
 10
778.6230594140412
 20
947.1173494677476
  0
LWPOLYLINE
  5
827
330
1F
100
AcDbEntity
  8
PDF_SKY-Lipa$0$RICKLEE_ROAD
370
     0
100
AcDbPolyline
 90
       10
 70
     0
 43
0.0
 10
778.5126687060334
 20
950.2082892919661
 10
779.0646222460724
 20
948.2212565478254
 10
779.285403662088
 20
947.8900844238021
 10
779.6165757861115
 20
947.6693030077866
 10
780.0581386181427
 20
947.6693030077866
 10
780.2789200341583
 20
947.6693030077866
 10
780.4997014501739
 20
947.8900844238021
 10
780.7204828661896
 20
948.2212565478254
 10
780.6100921581816
 20
948.6628193798569
 10
780.0581386181427
 20
950.7602428320051
  0
LWPOLYLINE
  5
828
330
1F
100
AcDbEntity
  8
PDF_SKY-Lipa$0$RICKLEE_ROAD
370
     0
100
AcDbPolyline
 90
       19
 70
     0
 43
0.0
 10
782.3763434863067
 20
949.9875078759504
 10
782.7075156103301
 20
949.9875078759504
 10
782.8179063183378
 20
949.8771171679427
 10
783.0386877343535
 20
949.6563357519271
 10
783.1490784423614
 20
949.2147729198959
 10
783.1490784423614
 20
948.8836007958726
 10
783.0386877343535
 20
948.7732100878647
 10
782.8179063183378
 20
948.5524286718488
 10
781.8243899462676
 20
948.2212565478254
 10
780.9412642822052
 20
950.981024248021
 10
781.9347806542755
 20
951.3121963720443
 10
782.2659527782989
 20
951.3121963720443
 10
782.4867341943145
 20
951.2018056640366
 10
782.5971249023223
 20
950.981024248021
 10
782.7075156103301
 20
950.6498521239974
 10
782.7075156103301
 20
950.4290707079817
 10
782.5971249023223
 20
950.2082892919661
 10
782.3763434863067
 20
949.9875078759504
 10
781.3828271142364
 20
949.6563357519271
  0
LWPOLYLINE
  5
82A
330
1F
100
AcDbEntity
  8
PDF_SKY-Lipa$0$RICKLEE_ROAD
370
     0
100
AcDbPolyline
 90
       20
 70
     1
 43
0.0
 10
783.921813398416
 20
951.9745406200911
 10
783.7010319824003
 20
951.7537592040755
 10
783.5906412743926
 20
951.4225870800521
 10
783.5906412743926
 20
951.0914149560287
 10
783.5906412743926
 20
950.6498521239974
 10
783.8114226904082
 20
949.9875078759504
 10
784.0322041064238
 20
949.6563357519271
 10
784.2529855224395
 20
949.4355543359116
 10
784.5841576464629
 20
949.2147729198959
 10
784.8049390624785
 20
949.104382211888
 10
785.2465018945097
 20
949.3251636279037
 10
785.4672833105254
 20
949.4355543359116
 10
785.5776740185332
 20
949.8771171679427
 10
785.5776740185332
 20
950.0978985839584
 10
785.5776740185332
 20
950.5394614159895
 10
785.3568926025175
 20
951.2018056640366
 10
785.1361111865019
 20
951.6433684960677
 10
784.9153297704863
 20
951.8641499120834
 10
784.5841576464629
 20
951.9745406200911
 10
784.3633762304473
 20
952.0849313280988
  0
LWPOLYLINE
  5
82B
330
1F
100
AcDbEntity
  8
PDF_SKY-Lipa$0$LANDMARK
370
     9
100
AcDbPolyline
 90
        3
 70
     0
 43
0.0
 10
922.462151948217
 20
45.99799999999873
 10
922.3517612402091
 20
46.10839070800655
 10
923.7868404443107
 20
46.6603442480456
  0
LWPOLYLINE
  5
82C
330
1F
100
AcDbEntity
  8
PDF_SKY-Lipa$0$LANDMARK
370
     9
100
AcDbPolyline
 90
        3
 70
     0
 43
0.0
 10
927.4297338085684
 20
45.99799999999873
 10
927.3193431005605
 20
48.09542345214712
 10
929.0855944286855
 20
45.99799999999873
  0
LWPOLYLINE
  5
82D
330
1F
100
AcDbEntity
  8
PDF_SKY-Lipa$0$LANDMARK
370
     9
100
AcDbPolyline
 90
        2
 70
     0
 43
0.0
 10
927.5401245165761
 20
45.99799999999873
 10
928.6440315966542
 20
46.43956283202998
  0
LWPOLYLINE
  5
82E
330
1F
100
AcDbEntity
  8
PDF_SKY-Lipa$0$LANDMARK
370
     9
100
AcDbPolyline
 90
        4
 70
     0
 43
0.0
 10
929.8583293847402
 20
45.99799999999873
 10
928.8648130126698
 20
48.64737699218617
 10
931.4037992968493
 20
46.43956283202998
 10
930.4102829247792
 20
49.19933053222521
  0
LWPOLYLINE
  5
82F
330
1F
100
AcDbEntity
  8
PDF_SKY-Lipa$0$LANDMARK
370
     9
100
AcDbPolyline
 90
       12
 70
     1
 43
0.0
 10
932.2869249609119
 20
46.7707349560534
 10
931.2934085888416
 20
49.53050265624864
 10
932.0661435448963
 20
49.86167478027207
 10
932.3973156689197
 20
49.86167478027207
 10
932.7284877929432
 20
49.64089336425645
 10
932.9492692089589
 20
49.42011194824083
 10
933.1700506249744
 20
49.08893982421741
 10
933.39083204099
 20
48.42659557617055
 10
933.5012227489979
 20
47.9850327441393
 10
933.5012227489979
 20
47.76425132812369
 10
933.39083204099
 20
47.32268849609245
 10
933.0596599169666
 20
47.10190708007683
  0
LWPOLYLINE
  5
830
330
1F
100
AcDbEntity
  8
PDF_SKY-Lipa$0$LANDMARK
370
     9
100
AcDbPolyline
 90
        2
 70
     0
 43
0.0
 10
933.6116134570056
 20
45.99799999999873
 10
933.6116134570056
 20
45.99799999999873
  0
LWPOLYLINE
  5
831
330
1F
100
AcDbEntity
  8
PDF_SKY-Lipa$0$LANDMARK
370
     9
100
AcDbPolyline
 90
        2
 70
     0
 43
0.0
 10
935.4882554931384
 20
46.6603442480456
 10
936.4817718652087
 20
45.99799999999873
  0
LWPOLYLINE
  5
832
330
1F
100
AcDbEntity
  8
PDF_SKY-Lipa$0$LANDMARK
370
     9
100
AcDbPolyline
 90
        2
 70
     0
 43
0.0
 10
936.92333469724
 20
45.99799999999873
 10
937.2545068212634
 20
47.32268849609245
  0
LWPOLYLINE
  5
833
330
1F
100
AcDbEntity
  8
PDF_SKY-Lipa$0$POLE NUMBER
370
    13
100
AcDbPolyline
 90
        2
 70
     0
 43
0.0
 10
907.6697970751704
 20
48.09542345214712
 10
907.6697970751704
 20
50.52401902831893
  0
LWPOLYLINE
  5
834
330
1F
100
AcDbEntity
  8
PDF_SKY-Lipa$0$POLE NUMBER
370
    13
100
AcDbPolyline
 90
        5
 70
     0
 43
0.0
 10
908.552922739233
 20
47.9850327441393
 10
908.552922739233
 20
50.52401902831893
 10
909.5464391113033
 20
47.9850327441393
 10
910.4295647753657
 20
50.52401902831893
 10
910.4295647753657
 20
47.9850327441393
  0
LWPOLYLINE
  5
835
330
1F
100
AcDbEntity
  8
PDF_SKY-Lipa$0$POLE NUMBER
370
    13
100
AcDbPolyline
 90
        3
 70
     0
 43
0.0
 10
911.423081147436
 20
50.52401902831893
 10
911.423081147436
 20
47.9850327441393
 10
912.7477696435297
 20
47.9850327441393
  0
LWPOLYLINE
  5
836
330
1F
100
AcDbEntity
  8
PDF_SKY-Lipa$0$POLE NUMBER
370
    13
100
AcDbPolyline
 90
        2
 70
     0
 43
0.0
 10
913.4101138915765
 20
49.08893982421741
 10
915.5075373437249
 20
49.08893982421741
  0
LWPOLYLINE
  5
837
330
1F
100
AcDbEntity
  8
PDF_SKY-Lipa$0$POLE NUMBER
370
    13
100
AcDbPolyline
 90
        4
 70
     0
 43
0.0
 10
916.3906630077875
 20
49.97206548827988
 10
916.6114444238031
 20
50.0824561962877
 10
916.9426165478265
 20
50.52401902831893
 10
916.9426165478265
 20
47.9850327441393
  0
LWPOLYLINE
  5
838
330
1F
100
AcDbEntity
  8
PDF_SKY-Lipa$0$POLE NUMBER
370
    13
100
AcDbPolyline
 90
       15
 70
     0
 43
0.0
 10
918.4880864599358
 20
50.52401902831893
 10
919.8127749560295
 20
50.52401902831893
 10
919.0400399999749
 20
49.53050265624864
 10
919.481602832006
 20
49.53050265624864
 10
919.7023842480218
 20
49.42011194824083
 10
919.8127749560295
 20
49.30972124023302
 10
919.9231656640373
 20
48.97854911620959
 10
919.9231656640373
 20
48.75776770019398
 10
919.8127749560295
 20
48.42659557617055
 10
919.5919935400139
 20
48.09542345214712
 10
919.1504307079826
 20
47.9850327441393
 10
918.8192585839592
 20
47.9850327441393
 10
918.4880864599358
 20
48.09542345214712
 10
918.3776957519279
 20
48.20581416015492
 10
918.2673050439202
 20
48.53698628417835
  0
LWPOLYLINE
  5
839
330
1F
100
AcDbEntity
  8
PDF_SKY-Lipa$0$POLE NUMBER
370
    13
100
AcDbPolyline
 90
       23
 70
     0
 43
0.0
 10
922.0205891161857
 20
50.0824561962877
 10
921.9101984081778
 20
50.30323761230331
 10
921.5790262841544
 20
50.52401902831893
 10
921.3582448681389
 20
50.52401902831893
 10
920.9166820361076
 20
50.30323761230331
 10
920.695900620092
 20
49.97206548827988
 10
920.585509912084
 20
49.42011194824083
 10
920.585509912084
 20
48.86815840820179
 10
920.695900620092
 20
48.42659557617055
 10
920.9166820361076
 20
48.09542345214712
 10
921.247854160131
 20
47.9850327441393
 10
921.4686355761466
 20
47.9850327441393
 10
921.79980770017
 20
48.09542345214712
 10
922.0205891161857
 20
48.31620486816274
 10
922.1309798241936
 20
48.75776770019398
 10
922.1309798241936
 20
48.86815840820179
 10
922.0205891161857
 20
49.19933053222521
 10
921.79980770017
 20
49.42011194824083
 10
921.4686355761466
 20
49.53050265624864
 10
921.3582448681389
 20
49.53050265624864
 10
920.9166820361076
 20
49.42011194824083
 10
920.695900620092
 20
49.19933053222521
 10
920.585509912084
 20
48.86815840820179
  0
LWPOLYLINE
  5
83A
330
1F
100
AcDbEntity
  8
PDF_SKY-Lipa$0$POLE NUMBER
370
    13
100
AcDbPolyline
 90
        2
 70
     0
 43
0.0
 10
893.429395742163
 20
149.6548748193318
 10
893.429395742163
 20
152.0834703955036
  0
LWPOLYLINE
  5
83B
330
1F
100
AcDbEntity
  8
PDF_SKY-Lipa$0$POLE NUMBER
370
    13
100
AcDbPolyline
 90
        5
 70
     0
 43
0.0
 10
894.3125214062256
 20
149.6548748193318
 10
894.3125214062256
 20
152.0834703955036
 10
895.195647070288
 20
149.6548748193318
 10
896.1891634423583
 20
152.0834703955036
 10
896.1891634423583
 20
149.6548748193318
  0
LWPOLYLINE
  5
83C
330
1F
100
AcDbEntity
  8
PDF_SKY-Lipa$0$POLE NUMBER
370
    13
100
AcDbPolyline
 90
        3
 70
     0
 43
0.0
 10
897.0722891064207
 20
152.0834703955036
 10
897.0722891064207
 20
149.6548748193318
 10
898.5073683105223
 20
149.6548748193318
  0
LWPOLYLINE
  5
83D
330
1F
100
AcDbEntity
  8
PDF_SKY-Lipa$0$POLE NUMBER
370
    13
100
AcDbPolyline
 90
        2
 70
     0
 43
0.0
 10
899.0593218505614
 20
150.6483911914021
 10
901.1567453027097
 20
150.6483911914021
  0
LWPOLYLINE
  5
83E
330
1F
100
AcDbEntity
  8
PDF_SKY-Lipa$0$POLE NUMBER
370
    13
100
AcDbPolyline
 90
        4
 70
     0
 43
0.0
 10
902.1502616747801
 20
151.5315168554646
 10
902.3710430907955
 20
151.6419075634724
 10
902.7022152148189
 20
152.0834703955036
 10
902.7022152148189
 20
149.544484111324
  0
LWPOLYLINE
  5
83F
330
1F
100
AcDbEntity
  8
PDF_SKY-Lipa$0$POLE NUMBER
370
    13
100
AcDbPolyline
 90
       15
 70
     0
 43
0.0
 10
904.2476851269283
 20
152.0834703955036
 10
905.4619829150142
 20
152.0834703955036
 10
904.7996386669675
 20
151.0899540234333
 10
905.1308107909909
 20
151.0899540234333
 10
905.3515922070063
 20
150.9795633154255
 10
905.4619829150142
 20
150.8691726074177
 10
905.5723736230222
 20
150.5380004833943
 10
905.5723736230222
 20
150.3172190673787
 10
905.4619829150142
 20
149.9860469433552
 10
905.2412014989986
 20
149.7652655273396
 10
904.9100293749752
 20
149.544484111324
 10
904.5788572509518
 20
149.544484111324
 10
904.2476851269283
 20
149.7652655273396
 10
904.1372944189205
 20
149.8756562353474
 10
904.0269037109126
 20
150.0964376513631
  0
LWPOLYLINE
  5
840
330
1F
100
AcDbEntity
  8
PDF_SKY-Lipa$0$POLE NUMBER
370
    13
100
AcDbPolyline
 90
        4
 70
     0
 43
0.0
 10
907.4490156591549
 20
149.544484111324
 10
907.4490156591549
 20
152.0834703955036
 10
906.3451085790767
 20
150.4276097753865
 10
908.1113599072017
 20
150.4276097753865
  0
LWPOLYLINE
  5
841
330
1F
100
AcDbEntity
  8
PDF_SKY-Lipa$0$POLE NUMBER
370
    13
100
AcDbPolyline
 90
        2
 70
     0
 43
0.0
 10
881.7279806933353
 20
203.4151496191351
 10
881.7279806933353
 20
205.8437451953069
  0
LWPOLYLINE
  5
842
330
1F
100
AcDbEntity
  8
PDF_SKY-Lipa$0$POLE NUMBER
370
    13
100
AcDbPolyline
 90
        5
 70
     0
 43
0.0
 10
882.6111063573977
 20
203.4151496191351
 10
882.7214970654054
 20
205.8437451953069
 10
883.604622729468
 20
203.4151496191351
 10
884.4877483935304
 20
205.8437451953069
 10
884.4877483935304
 20
203.4151496191351
  0
LWPOLYLINE
  5
843
330
1F
100
AcDbEntity
  8
PDF_SKY-Lipa$0$POLE NUMBER
370
    13
100
AcDbPolyline
 90
        3
 70
     0
 43
0.0
 10
885.4812647656007
 20
205.8437451953069
 10
885.4812647656007
 20
203.4151496191351
 10
886.8059532616944
 20
203.4151496191351
  0
LWPOLYLINE
  5
844
330
1F
100
AcDbEntity
  8
PDF_SKY-Lipa$0$POLE NUMBER
370
    13
100
AcDbPolyline
 90
        2
 70
     0
 43
0.0
 10
887.4682975097412
 20
204.4086659912053
 10
889.5657209618898
 20
204.4086659912053
  0
LWPOLYLINE
  5
845
330
1F
100
AcDbEntity
  8
PDF_SKY-Lipa$0$POLE NUMBER
370
    13
100
AcDbPolyline
 90
        4
 70
     0
 43
0.0
 10
890.4488466259522
 20
205.4021823632756
 10
890.6696280419678
 20
205.5125730712834
 10
891.1111908739989
 20
205.8437451953069
 10
891.1111908739989
 20
203.4151496191351
  0
LWPOLYLINE
  5
846
330
1F
100
AcDbEntity
  8
PDF_SKY-Lipa$0$POLE NUMBER
370
    13
100
AcDbPolyline
 90
       15
 70
     0
 43
0.0
 10
892.5462700781006
 20
205.8437451953069
 10
893.8709585741943
 20
205.8437451953069
 10
893.2086143261473
 20
204.8502288232366
 10
893.5397864501707
 20
204.8502288232366
 10
893.7605678661865
 20
204.7398381152288
 10
893.8709585741943
 20
204.6294474072209
 10
893.9813492822022
 20
204.2982752831975
 10
893.9813492822022
 20
204.0774938671819
 10
893.8709585741943
 20
203.7463217431585
 10
893.6501771581786
 20
203.5255403271428
 10
893.3190050341552
 20
203.4151496191351
 10
892.8774422021239
 20
203.4151496191351
 10
892.5462700781006
 20
203.5255403271428
 10
892.4358793700926
 20
203.6359310351507
 10
892.3254886620849
 20
203.8567124511663
  0
LWPOLYLINE
  5
847
330
1F
100
AcDbEntity
  8
PDF_SKY-Lipa$0$POLE NUMBER
370
    13
100
AcDbPolyline
 90
       15
 70
     0
 43
0.0
 10
894.8644749462644
 20
205.8437451953069
 10
896.1891634423583
 20
205.8437451953069
 10
895.5268191943114
 20
204.8502288232366
 10
895.8579913183347
 20
204.8502288232366
 10
896.0787727343504
 20
204.7398381152288
 10
896.1891634423583
 20
204.6294474072209
 10
896.299554150366
 20
204.2982752831975
 10
896.299554150366
 20
204.0774938671819
 10
896.1891634423583
 20
203.7463217431585
 10
895.9683820263427
 20
203.5255403271428
 10
895.6372099023193
 20
203.4151496191351
 10
895.3060377782959
 20
203.4151496191351
 10
894.8644749462644
 20
203.5255403271428
 10
894.7540842382567
 20
203.6359310351507
 10
894.6436935302489
 20
203.8567124511663
  0
LWPOLYLINE
  5
848
330
1F
100
AcDbEntity
  8
PDF_SKY-Lipa$0$POLE NUMBER
370
    13
100
AcDbPolyline
 90
        2
 70
     0
 43
0.0
 10
903.0333873388425
 20
88.60881329101321
 10
903.0333873388425
 20
91.03740886718501
  0
LWPOLYLINE
  5
849
330
1F
100
AcDbEntity
  8
PDF_SKY-Lipa$0$POLE NUMBER
370
    13
100
AcDbPolyline
 90
        5
 70
     0
 43
0.0
 10
903.9165130029049
 20
88.60881329101321
 10
903.9165130029049
 20
91.03740886718501
 10
904.9100293749752
 20
88.60881329101321
 10
905.7931550390376
 20
91.03740886718501
 10
905.7931550390376
 20
88.60881329101321
  0
LWPOLYLINE
  5
84A
330
1F
100
AcDbEntity
  8
PDF_SKY-Lipa$0$POLE NUMBER
370
    13
100
AcDbPolyline
 90
        3
 70
     0
 43
0.0
 10
906.786671411108
 20
91.03740886718501
 10
906.786671411108
 20
88.60881329101321
 10
908.1113599072017
 20
88.60881329101321
  0
LWPOLYLINE
  5
84B
330
1F
100
AcDbEntity
  8
PDF_SKY-Lipa$0$POLE NUMBER
370
    13
100
AcDbPolyline
 90
        2
 70
     0
 43
0.0
 10
908.7737041552484
 20
89.71272037109129
 10
910.871127607397
 20
89.71272037109129
  0
LWPOLYLINE
  5
84C
330
1F
100
AcDbEntity
  8
PDF_SKY-Lipa$0$POLE NUMBER
370
    13
100
AcDbPolyline
 90
        4
 70
     0
 43
0.0
 10
911.7542532714594
 20
90.59584603515377
 10
911.975034687475
 20
90.70623674316157
 10
912.3062068114984
 20
91.03740886718501
 10
912.3062068114984
 20
88.60881329101321
  0
LWPOLYLINE
  5
84D
330
1F
100
AcDbEntity
  8
PDF_SKY-Lipa$0$POLE NUMBER
370
    13
100
AcDbPolyline
 90
       15
 70
     0
 43
0.0
 10
913.8516767236078
 20
91.03740886718501
 10
915.1763652197015
 20
91.03740886718501
 10
914.4036302636468
 20
90.15428320312253
 10
914.8451930956779
 20
90.15428320312253
 10
915.0659745116938
 20
90.04389249511472
 10
915.1763652197015
 20
89.9335017871069
 10
915.2867559277094
 20
89.60232966308348
 10
915.2867559277094
 20
89.27115753906006
 10
915.1763652197015
 20
88.93998541503663
 10
914.9555838036858
 20
88.719203999021
 10
914.5140209716545
 20
88.60881329101321
 10
914.1828488476312
 20
88.60881329101321
 10
913.8516767236078
 20
88.719203999021
 10
913.7412860156
 20
88.82959470702882
 10
913.6308953075921
 20
89.05037612304443
  0
LWPOLYLINE
  5
84E
330
1F
100
AcDbEntity
  8
PDF_SKY-Lipa$0$POLE NUMBER
370
    13
100
AcDbPolyline
 90
       23
 70
     0
 43
0.0
 10
917.3841793798578
 20
90.70623674316157
 10
917.2737886718499
 20
90.92701815917719
 10
916.9426165478265
 20
91.03740886718501
 10
916.6114444238031
 20
91.03740886718501
 10
916.2802722997795
 20
90.92701815917719
 10
916.0594908837639
 20
90.59584603515377
 10
915.9491001757562
 20
90.04389249511472
 10
915.9491001757562
 20
89.38154824706787
 10
916.0594908837639
 20
88.93998541503663
 10
916.2802722997795
 20
88.719203999021
 10
916.6114444238031
 20
88.60881329101321
 10
916.7218351318108
 20
88.60881329101321
 10
917.163397963842
 20
88.719203999021
 10
917.3841793798578
 20
88.93998541503663
 10
917.4945700878655
 20
89.27115753906006
 10
917.4945700878655
 20
89.38154824706787
 10
917.3841793798578
 20
89.82311107909911
 10
917.163397963842
 20
90.04389249511472
 10
916.7218351318108
 20
90.15428320312253
 10
916.6114444238031
 20
90.15428320312253
 10
916.2802722997795
 20
90.04389249511472
 10
916.0594908837639
 20
89.82311107909911
 10
915.9491001757562
 20
89.38154824706787
  0
LWPOLYLINE
  5
84F
330
1F
100
AcDbEntity
  8
PDF_SKY-Lipa$0$POLE NUMBER
370
    13
100
AcDbPolyline
 90
        2
 70
     0
 43
0.0
 10
827.8573151855242
 20
208.6035128955021
 10
827.8573151855242
 20
211.1424991796817
  0
LWPOLYLINE
  5
850
330
1F
100
AcDbEntity
  8
PDF_SKY-Lipa$0$POLE NUMBER
370
    13
100
AcDbPolyline
 90
        5
 70
     0
 43
0.0
 10
828.7404408495866
 20
208.6035128955021
 10
828.7404408495866
 20
211.1424991796817
 10
829.6235665136491
 20
208.6035128955021
 10
830.6170828857194
 20
211.1424991796817
 10
830.6170828857194
 20
208.6035128955021
  0
LWPOLYLINE
  5
851
330
1F
100
AcDbEntity
  8
PDF_SKY-Lipa$0$POLE NUMBER
370
    13
100
AcDbPolyline
 90
        3
 70
     0
 43
0.0
 10
831.500208549782
 20
211.1424991796817
 10
831.500208549782
 20
208.6035128955021
 10
832.9352877538834
 20
208.6035128955021
  0
LWPOLYLINE
  5
852
330
1F
100
AcDbEntity
  8
PDF_SKY-Lipa$0$POLE NUMBER
370
    13
100
AcDbPolyline
 90
        2
 70
     0
 43
0.0
 10
833.4872412939224
 20
209.7074199755802
 10
835.5846647460708
 20
209.7074199755802
  0
LWPOLYLINE
  5
853
330
1F
100
AcDbEntity
  8
PDF_SKY-Lipa$0$POLE NUMBER
370
    13
100
AcDbPolyline
 90
        4
 70
     0
 43
0.0
 10
836.5781811181411
 20
210.5905456396427
 10
836.7989625341568
 20
210.7009363476505
 10
837.1301346581802
 20
211.0321084716739
 10
837.1301346581802
 20
208.6035128955021
  0
LWPOLYLINE
  5
854
330
1F
100
AcDbEntity
  8
PDF_SKY-Lipa$0$POLE NUMBER
370
    13
100
AcDbPolyline
 90
       15
 70
     0
 43
0.0
 10
838.6756045702895
 20
211.0321084716739
 10
839.8899023583755
 20
211.0321084716739
 10
839.2275581103286
 20
210.1489828076114
 10
839.5587302343519
 20
210.1489828076114
 10
839.7795116503676
 20
210.0385920996036
 10
839.8899023583755
 20
209.9282013915958
 10
840.0002930663832
 20
209.5970292675724
 10
840.0002930663832
 20
209.3762478515567
 10
839.8899023583755
 20
208.9346850195255
 10
839.6691209423599
 20
208.7139036035099
 10
839.3379488183363
 20
208.6035128955021
 10
839.0067766943129
 20
208.6035128955021
 10
838.6756045702895
 20
208.7139036035099
 10
838.5652138622818
 20
208.8242943115177
 10
838.4548231542739
 20
209.1554664355411
  0
LWPOLYLINE
  5
855
330
1F
100
AcDbEntity
  8
PDF_SKY-Lipa$0$POLE NUMBER
370
    13
100
AcDbPolyline
 90
       15
 70
     0
 43
0.0
 10
840.9938094384536
 20
211.0321084716739
 10
842.3184979345473
 20
211.0321084716739
 10
841.5457629784926
 20
210.1489828076114
 10
841.876935102516
 20
210.1489828076114
 10
842.0977165185316
 20
210.0385920996036
 10
842.3184979345473
 20
209.9282013915958
 10
842.428888642555
 20
209.5970292675724
 10
842.428888642555
 20
209.3762478515567
 10
842.3184979345473
 20
208.9346850195255
 10
841.9873258105239
 20
208.7139036035099
 10
841.6561536865003
 20
208.6035128955021
 10
841.3249815624769
 20
208.6035128955021
 10
840.9938094384536
 20
208.7139036035099
 10
840.8834187304458
 20
208.8242943115177
 10
840.7730280224379
 20
209.0450757275334
  0
LWPOLYLINE
  5
856
330
1F
100
AcDbEntity
  8
PDF_SKY-Lipa$0$POLE NUMBER
370
    13
100
AcDbPolyline
 90
        2
 70
     0
 43
0.0
 10
800.8115917236109
 20
197.7852235107368
 10
800.8115917236109
 20
200.2138190869086
  0
LWPOLYLINE
  5
857
330
1F
100
AcDbEntity
  8
PDF_SKY-Lipa$0$POLE NUMBER
370
    13
100
AcDbPolyline
 90
        5
 70
     0
 43
0.0
 10
801.805108095681
 20
197.7852235107368
 10
801.805108095681
 20
200.2138190869086
 10
802.6882337597436
 20
197.7852235107368
 10
803.571359423806
 20
200.2138190869086
 10
803.571359423806
 20
197.7852235107368
  0
LWPOLYLINE
  5
858
330
1F
100
AcDbEntity
  8
PDF_SKY-Lipa$0$POLE NUMBER
370
    13
100
AcDbPolyline
 90
        3
 70
     0
 43
0.0
 10
804.5648757958764
 20
200.2138190869086
 10
804.5648757958764
 20
197.7852235107368
 10
805.999954999978
 20
197.7852235107368
  0
LWPOLYLINE
  5
859
330
1F
100
AcDbEntity
  8
PDF_SKY-Lipa$0$POLE NUMBER
370
    13
100
AcDbPolyline
 90
        2
 70
     0
 43
0.0
 10
806.5519085400168
 20
198.8891305908148
 10
808.6493319921654
 20
198.8891305908148
  0
LWPOLYLINE
  5
85A
330
1F
100
AcDbEntity
  8
PDF_SKY-Lipa$0$POLE NUMBER
370
    13
100
AcDbPolyline
 90
        4
 70
     0
 43
0.0
 10
809.5324576562278
 20
199.7722562548773
 10
809.7532390722435
 20
199.8826469628851
 10
810.1948019042747
 20
200.2138190869086
 10
810.1948019042747
 20
197.7852235107368
  0
LWPOLYLINE
  5
85B
330
1F
100
AcDbEntity
  8
PDF_SKY-Lipa$0$POLE NUMBER
370
    13
100
AcDbPolyline
 90
       15
 70
     0
 43
0.0
 10
811.6298811083762
 20
200.2138190869086
 10
812.9545696044699
 20
200.2138190869086
 10
812.292225356423
 20
199.3306934228461
 10
812.6233974804465
 20
199.3306934228461
 10
812.8441788964622
 20
199.2203027148383
 10
812.9545696044699
 20
199.1099120068304
 10
813.0649603124776
 20
198.778739882807
 10
813.0649603124776
 20
198.4475677587836
 10
812.9545696044699
 20
198.1163956347602
 10
812.7337881884542
 20
197.8956142187446
 10
812.4026160644309
 20
197.7852235107368
 10
811.9610532323996
 20
197.7852235107368
 10
811.6298811083762
 20
197.8956142187446
 10
811.5194904003685
 20
198.0060049267524
 10
811.4090996923605
 20
198.226786342768
  0
LWPOLYLINE
  5
85C
330
1F
100
AcDbEntity
  8
PDF_SKY-Lipa$0$POLE NUMBER
370
    13
100
AcDbPolyline
 90
       15
 70
     0
 43
0.0
 10
813.9480859765402
 20
200.2138190869086
 10
815.2727744726339
 20
200.2138190869086
 10
814.610430224587
 20
199.3306934228461
 10
814.9416023486105
 20
199.3306934228461
 10
815.1623837646262
 20
199.2203027148383
 10
815.2727744726339
 20
199.1099120068304
 10
815.3831651806417
 20
198.778739882807
 10
815.3831651806417
 20
198.4475677587836
 10
815.2727744726339
 20
198.1163956347602
 10
815.0519930566183
 20
197.8956142187446
 10
814.7208209325949
 20
197.7852235107368
 10
814.3896488085713
 20
197.7852235107368
 10
813.9480859765402
 20
197.8956142187446
 10
813.8376952685325
 20
198.0060049267524
 10
813.7273045605246
 20
198.226786342768
  0
LWPOLYLINE
  5
85D
330
1F
100
AcDbEntity
  8
PDF_SKY-Lipa$0$POLE NUMBER
370
    13
100
AcDbPolyline
 90
        4
 70
     0
 43
0.0
 10
816.0455094286886
 20
199.7722562548773
 10
816.376681552712
 20
199.8826469628851
 10
816.7078536767354
 20
200.2138190869086
 10
816.7078536767354
 20
197.7852235107368
  0
LWPOLYLINE
  5
85E
330
1F
100
AcDbEntity
  8
PDF_SKY-Lipa$0$POLE NUMBER
370
    13
100
AcDbPolyline
 90
       15
 70
     0
 43
0.0
 10
818.142932880837
 20
200.2138190869086
 10
819.4676213769307
 20
200.2138190869086
 10
818.8052771288838
 20
199.3306934228461
 10
819.1364492529071
 20
199.3306934228461
 10
819.3572306689228
 20
199.2203027148383
 10
819.4676213769307
 20
199.1099120068304
 10
819.5780120849386
 20
198.6683491747992
 10
819.5780120849386
 20
198.4475677587836
 10
819.4676213769307
 20
198.1163956347602
 10
819.246839960915
 20
197.8956142187446
 10
818.9156678368917
 20
197.7852235107368
 10
818.5844957128683
 20
197.7852235107368
 10
818.142932880837
 20
197.8956142187446
 10
818.0325421728291
 20
198.0060049267524
 10
817.9221514648213
 20
198.226786342768
  0
LWPOLYLINE
  5
85F
330
1F
100
AcDbEntity
  8
PDF_SKY-Lipa$0$POLE NUMBER
370
    13
100
AcDbPolyline
 90
        2
 70
     0
 43
0.0
 10
653.2192151171695
 20
115.2129739208953
 10
653.2192151171695
 20
117.7519602050749
  0
LWPOLYLINE
  5
860
330
1F
100
AcDbEntity
  8
PDF_SKY-Lipa$0$POLE NUMBER
370
    13
100
AcDbPolyline
 90
        5
 70
     0
 43
0.0
 10
654.2127314892399
 20
115.2129739208953
 10
654.2127314892399
 20
117.7519602050749
 10
655.0958571533024
 20
115.2129739208953
 10
656.0893735253727
 20
117.7519602050749
 10
656.0893735253727
 20
115.2129739208953
  0
LWPOLYLINE
  5
861
330
1F
100
AcDbEntity
  8
PDF_SKY-Lipa$0$POLE NUMBER
370
    13
100
AcDbPolyline
 90
        3
 70
     0
 43
0.0
 10
656.9724991894351
 20
117.7519602050749
 10
656.9724991894351
 20
115.2129739208953
 10
658.4075783935367
 20
115.2129739208953
  0
LWPOLYLINE
  5
862
330
1F
100
AcDbEntity
  8
PDF_SKY-Lipa$0$POLE NUMBER
370
    13
100
AcDbPolyline
 90
        2
 70
     0
 43
0.0
 10
658.9595319335757
 20
116.3168810009734
 10
661.056955385724
 20
116.3168810009734
  0
LWPOLYLINE
  5
863
330
1F
100
AcDbEntity
  8
PDF_SKY-Lipa$0$POLE NUMBER
370
    13
100
AcDbPolyline
 90
        4
 70
     0
 43
0.0
 10
661.9400810497865
 20
117.2000066650358
 10
662.27125317381
 20
117.3103973730436
 10
662.6024252978334
 20
117.7519602050749
 10
662.6024252978334
 20
115.2129739208953
  0
LWPOLYLINE
  5
864
330
1F
100
AcDbEntity
  8
PDF_SKY-Lipa$0$POLE NUMBER
370
    13
100
AcDbPolyline
 90
       15
 70
     0
 43
0.0
 10
664.0375045019348
 20
117.6415694970671
 10
665.3621929980287
 20
117.6415694970671
 10
664.6998487499818
 20
116.7584438330046
 10
665.0310208740052
 20
116.7584438330046
 10
665.2518022900208
 20
116.6480531249968
 10
665.3621929980287
 20
116.537662416989
 10
665.4725837060365
 20
116.2064902929655
 10
665.4725837060365
 20
115.9857088769499
 10
665.3621929980287
 20
115.5441460449187
 10
665.141411582013
 20
115.3233646289031
 10
664.8102394579896
 20
115.2129739208953
 10
664.4790673339662
 20
115.2129739208953
 10
664.0375045019348
 20
115.3233646289031
 10
663.9271137939271
 20
115.4337553369109
 10
663.8167230859193
 20
115.7649274609343
  0
LWPOLYLINE
  5
865
330
1F
100
AcDbEntity
  8
PDF_SKY-Lipa$0$POLE NUMBER
370
    13
100
AcDbPolyline
 90
       15
 70
     0
 43
0.0
 10
666.4661000781068
 20
117.6415694970671
 10
667.6803978661927
 20
117.6415694970671
 10
667.0180536181458
 20
116.7584438330046
 10
667.3492257421692
 20
116.7584438330046
 10
667.5700071581847
 20
116.6480531249968
 10
667.6803978661927
 20
116.537662416989
 10
667.7907885742005
 20
116.2064902929655
 10
667.7907885742005
 20
115.9857088769499
 10
667.6803978661927
 20
115.5441460449187
 10
667.459616450177
 20
115.3233646289031
 10
667.1284443261535
 20
115.2129739208953
 10
666.7972722021302
 20
115.2129739208953
 10
666.4661000781068
 20
115.3233646289031
 10
666.245318662091
 20
115.4337553369109
 10
666.1349279540833
 20
115.7649274609343
  0
LWPOLYLINE
  5
866
330
1F
100
AcDbEntity
  8
PDF_SKY-Lipa$0$POLE NUMBER
370
    13
100
AcDbPolyline
 90
        4
 70
     0
 43
0.0
 10
669.9986027343566
 20
115.2129739208953
 10
668.5635235302551
 20
115.2129739208953
 10
668.5635235302551
 20
117.6415694970671
 10
669.9986027343566
 20
117.6415694970671
  0
LWPOLYLINE
  5
867
330
1F
100
AcDbEntity
  8
PDF_SKY-Lipa$0$POLE NUMBER
370
    13
100
AcDbPolyline
 90
        2
 70
     0
 43
0.0
 10
668.5635235302551
 20
116.537662416989
 10
669.4466491943176
 20
116.537662416989
  0
LWPOLYLINE
  5
869
330
1F
100
AcDbEntity
  8
PDF_SKY-Lipa$0$POLE NUMBER
370
    13
100
AcDbPolyline
 90
        2
 70
     0
 43
0.0
 10
676.2908730908018
 20
239.0713483056575
 10
676.2908730908018
 20
241.6103345898371
  0
LWPOLYLINE
  5
86A
330
1F
100
AcDbEntity
  8
PDF_SKY-Lipa$0$POLE NUMBER
370
    13
100
AcDbPolyline
 90
        5
 70
     0
 43
0.0
 10
677.2843894628721
 20
239.0713483056575
 10
677.2843894628721
 20
241.6103345898371
 10
678.1675151269345
 20
239.0713483056575
 10
679.050640790997
 20
241.4999438818293
 10
679.050640790997
 20
239.0713483056575
  0
LWPOLYLINE
  5
86B
330
1F
100
AcDbEntity
  8
PDF_SKY-Lipa$0$POLE NUMBER
370
    13
100
AcDbPolyline
 90
        3
 70
     0
 43
0.0
 10
680.0441571630673
 20
241.4999438818293
 10
680.0441571630673
 20
239.0713483056575
 10
681.4792363671688
 20
239.0713483056575
  0
LWPOLYLINE
  5
86C
330
1F
100
AcDbEntity
  8
PDF_SKY-Lipa$0$POLE NUMBER
370
    13
100
AcDbPolyline
 90
        2
 70
     0
 43
0.0
 10
682.0311899072079
 20
240.1752553857356
 10
684.1286133593562
 20
240.1752553857356
  0
LWPOLYLINE
  5
86D
330
1F
100
AcDbEntity
  8
PDF_SKY-Lipa$0$POLE NUMBER
370
    13
100
AcDbPolyline
 90
        4
 70
     0
 43
0.0
 10
685.0117390234187
 20
241.0583810497981
 10
685.2325204394343
 20
241.1687717578059
 10
685.6740832714656
 20
241.4999438818293
 10
685.6740832714656
 20
239.0713483056575
  0
LWPOLYLINE
  5
86E
330
1F
100
AcDbEntity
  8
PDF_SKY-Lipa$0$POLE NUMBER
370
    13
100
AcDbPolyline
 90
       15
 70
     0
 43
0.0
 10
687.1091624755671
 20
241.4999438818293
 10
688.4338509716608
 20
241.4999438818293
 10
687.771506723614
 20
240.6168182177669
 10
688.1026788476374
 20
240.6168182177669
 10
688.323460263653
 20
240.506427509759
 10
688.4338509716608
 20
240.3960368017512
 10
688.5442416796686
 20
240.0648646777278
 10
688.5442416796686
 20
239.8440832617122
 10
688.4338509716608
 20
239.4025204296809
 10
688.2130695556452
 20
239.1817390136653
 10
687.8818974316218
 20
239.0713483056575
 10
687.4403345995905
 20
239.0713483056575
 10
687.1091624755671
 20
239.1817390136653
 10
686.9987717675593
 20
239.2921297216731
 10
686.8883810595515
 20
239.5129111376887
  0
LWPOLYLINE
  5
86F
330
1F
100
AcDbEntity
  8
PDF_SKY-Lipa$0$POLE NUMBER
370
    13
100
AcDbPolyline
 90
       15
 70
     0
 43
0.0
 10
689.4273673437311
 20
241.4999438818293
 10
690.7520558398248
 20
241.4999438818293
 10
690.089711591778
 20
240.6168182177669
 10
690.4208837158014
 20
240.6168182177669
 10
690.641665131817
 20
240.506427509759
 10
690.7520558398248
 20
240.3960368017512
 10
690.8624465478326
 20
240.0648646777278
 10
690.8624465478326
 20
239.7336925537044
 10
690.7520558398248
 20
239.4025204296809
 10
690.5312744238092
 20
239.1817390136653
 10
690.2001022997858
 20
239.0713483056575
 10
689.8689301757623
 20
239.0713483056575
 10
689.4273673437311
 20
239.1817390136653
 10
689.3169766357233
 20
239.2921297216731
 10
689.2065859277155
 20
239.5129111376887
  0
LWPOLYLINE
  5
870
330
1F
100
AcDbEntity
  8
PDF_SKY-Lipa$0$POLE NUMBER
370
    13
100
AcDbPolyline
 90
       20
 70
     0
 43
0.0
 10
693.2910421240044
 20
240.9479903417903
 10
693.1806514159966
 20
241.1687717578059
 10
692.959869999981
 20
241.3895531738215
 10
692.7390885839654
 20
241.4999438818293
 10
692.2975257519341
 20
241.4999438818293
 10
692.0767443359185
 20
241.3895531738215
 10
691.8559629199029
 20
241.1687717578059
 10
691.7455722118951
 20
240.9479903417903
 10
691.5247907958795
 20
240.6168182177669
 10
691.5247907958795
 20
240.0648646777278
 10
691.7455722118951
 20
239.6233018456966
 10
691.8559629199029
 20
239.4025204296809
 10
692.0767443359185
 20
239.1817390136653
 10
692.2975257519341
 20
239.0713483056575
 10
692.7390885839654
 20
239.0713483056575
 10
692.959869999981
 20
239.1817390136653
 10
693.1806514159966
 20
239.4025204296809
 10
693.2910421240044
 20
239.6233018456966
 10
693.2910421240044
 20
240.0648646777278
 10
692.7390885839654
 20
240.0648646777278
  0
LWPOLYLINE
  5
871
330
1F
100
AcDbEntity
  8
PDF_SKY-Lipa$0$POLE NUMBER
370
    13
100
AcDbPolyline
 90
        4
 70
     0
 43
0.0
 10
692.959869999981
 20
266.3378531835864
 10
693.1806514159966
 20
266.4482438915943
 10
693.51182354002
 20
266.7794160156177
 10
693.51182354002
 20
264.3508204394459
  0
LWPOLYLINE
  5
872
330
1F
100
AcDbEntity
  8
PDF_SKY-Lipa$0$POLE NUMBER
370
    13
100
AcDbPolyline
 90
       15
 70
     0
 43
0.0
 10
695.0572934521294
 20
266.7794160156177
 10
696.2715912402153
 20
266.7794160156177
 10
695.6092469921684
 20
265.8962903515552
 10
695.9404191161919
 20
265.8962903515552
 10
696.1612005322075
 20
265.7858996435474
 10
696.2715912402153
 20
265.6755089355396
 10
696.3819819482231
 20
265.2339461035084
 10
696.3819819482231
 20
265.0131646874927
 10
696.2715912402153
 20
264.6819925634693
 10
696.0508098241997
 20
264.4612111474537
 10
695.7196377001762
 20
264.3508204394459
 10
695.3884655761528
 20
264.3508204394459
 10
695.0572934521294
 20
264.4612111474537
 10
694.9469027441216
 20
264.5716018554615
 10
694.726121328106
 20
264.7923832714771
  0
LWPOLYLINE
  5
873
330
1F
100
AcDbEntity
  8
PDF_SKY-Lipa$0$POLE NUMBER
370
    13
100
AcDbPolyline
 90
       15
 70
     0
 43
0.0
 10
697.3754983202934
 20
266.7794160156177
 10
698.5897961083793
 20
266.7794160156177
 10
697.9274518603324
 20
265.8962903515552
 10
698.2586239843558
 20
265.8962903515552
 10
698.4794054003715
 20
265.7858996435474
 10
698.5897961083793
 20
265.6755089355396
 10
698.7001868163871
 20
265.2339461035084
 10
698.7001868163871
 20
265.0131646874927
 10
698.5897961083793
 20
264.6819925634693
 10
698.3690146923637
 20
264.4612111474537
 10
698.0378425683402
 20
264.3508204394459
 10
697.7066704443168
 20
264.3508204394459
 10
697.3754983202934
 20
264.4612111474537
 10
697.2651076122856
 20
264.5716018554615
 10
697.1547169042779
 20
264.7923832714771
  0
LWPOLYLINE
  5
874
330
1F
100
AcDbEntity
  8
PDF_SKY-Lipa$0$POLE NUMBER
370
    13
100
AcDbPolyline
 90
        2
 70
     0
 43
0.0
 10
699.4729217724418
 20
264.3508204394459
 10
699.4729217724418
 20
266.7794160156177
  0
LWPOLYLINE
  5
875
330
1F
100
AcDbEntity
  8
PDF_SKY-Lipa$0$POLE NUMBER
370
    13
100
AcDbPolyline
 90
        2
 70
     0
 43
0.0
 10
701.1287823925589
 20
266.7794160156177
 10
701.0183916845512
 20
264.3508204394459
  0
LWPOLYLINE
  5
876
330
1F
100
AcDbEntity
  8
PDF_SKY-Lipa$0$POLE NUMBER
370
    13
100
AcDbPolyline
 90
        2
 70
     0
 43
0.0
 10
699.4729217724418
 20
265.6755089355396
 10
701.0183916845512
 20
265.6755089355396
  0
LWPOLYLINE
  5
877
330
1F
100
AcDbEntity
  8
PDF_SKY-Lipa$0$POLE NUMBER
370
    13
100
AcDbPolyline
 90
        2
 70
     0
 43
0.0
 10
870.90969130857
 20
270.7534815038989
 10
870.90969130857
 20
273.1820770800707
  0
LWPOLYLINE
  5
878
330
1F
100
AcDbEntity
  8
PDF_SKY-Lipa$0$POLE NUMBER
370
    13
100
AcDbPolyline
 90
        5
 70
     0
 43
0.0
 10
871.9032076806401
 20
270.7534815038989
 10
871.9032076806401
 20
273.1820770800707
 10
872.7863333447027
 20
270.7534815038989
 10
873.6694590087651
 20
273.1820770800707
 10
873.6694590087651
 20
270.7534815038989
  0
LWPOLYLINE
  5
879
330
1F
100
AcDbEntity
  8
PDF_SKY-Lipa$0$POLE NUMBER
370
    13
100
AcDbPolyline
 90
        3
 70
     0
 43
0.0
 10
874.6629753808354
 20
273.1820770800707
 10
874.6629753808354
 20
270.7534815038989
 10
876.0980545849371
 20
270.7534815038989
  0
LWPOLYLINE
  5
87A
330
1F
100
AcDbEntity
  8
PDF_SKY-Lipa$0$POLE NUMBER
370
    13
100
AcDbPolyline
 90
        2
 70
     0
 43
0.0
 10
876.6500081249759
 20
271.8573885839769
 10
878.7474315771245
 20
271.8573885839769
  0
LWPOLYLINE
  5
87B
330
1F
100
AcDbEntity
  8
PDF_SKY-Lipa$0$POLE NUMBER
370
    13
100
AcDbPolyline
 90
        4
 70
     0
 43
0.0
 10
879.6305572411869
 20
272.7405142480394
 10
879.8513386572025
 20
272.8509049560472
 10
880.2929014892336
 20
273.1820770800707
 10
880.2929014892336
 20
270.7534815038989
  0
LWPOLYLINE
  5
87C
330
1F
100
AcDbEntity
  8
PDF_SKY-Lipa$0$POLE NUMBER
370
    13
100
AcDbPolyline
 90
       15
 70
     0
 43
0.0
 10
881.7279806933353
 20
273.1820770800707
 10
883.052669189429
 20
273.1820770800707
 10
882.390324941382
 20
272.2989514160082
 10
882.7214970654054
 20
272.2989514160082
 10
882.9422784814211
 20
272.1885607080003
 10
883.052669189429
 20
272.0781699999926
 10
883.1630598974369
 20
271.6366071679613
 10
883.1630598974369
 20
271.4158257519457
 10
883.052669189429
 20
271.0846536279223
 10
882.8318877734133
 20
270.8638722119066
 10
882.5007156493899
 20
270.7534815038989
 10
882.0591528173586
 20
270.7534815038989
 10
881.7279806933353
 20
270.8638722119066
 10
881.6175899853273
 20
270.9742629199145
 10
881.5071992773196
 20
271.1950443359301
  0
LWPOLYLINE
  5
87D
330
1F
100
AcDbEntity
  8
PDF_SKY-Lipa$0$POLE NUMBER
370
    13
100
AcDbPolyline
 90
        4
 70
     0
 43
0.0
 10
883.8254041454836
 20
272.7405142480394
 10
884.0461855614991
 20
272.8509049560472
 10
884.4877483935304
 20
273.1820770800707
 10
884.4877483935304
 20
270.7534815038989
  0
LWPOLYLINE
  5
87E
330
1F
100
AcDbEntity
  8
PDF_SKY-Lipa$0$POLE NUMBER
370
    13
100
AcDbPolyline
 90
       20
 70
     0
 43
0.0
 10
864.3966395361092
 20
307.5135872704994
 10
864.2862488281014
 20
307.734368686515
 10
864.0654674120856
 20
307.9551501025306
 10
863.8446859960701
 20
308.0655408105384
 10
863.4031231640388
 20
308.0655408105384
 10
863.1823417480232
 20
307.9551501025306
 10
862.8511696239998
 20
307.734368686515
 10
862.7407789159919
 20
307.5135872704994
 10
862.6303882079842
 20
307.182415146476
 10
862.6303882079842
 20
306.6304616064369
 10
862.7407789159919
 20
306.1888987744057
 10
862.8511696239998
 20
305.9681173583901
 10
863.1823417480232
 20
305.7473359423744
 10
863.4031231640388
 20
305.6369452343667
 10
863.8446859960701
 20
305.6369452343667
 10
864.0654674120856
 20
305.7473359423744
 10
864.2862488281014
 20
305.9681173583901
 10
864.3966395361092
 20
306.1888987744057
 10
864.3966395361092
 20
306.6304616064369
 10
863.8446859960701
 20
306.6304616064369
  0
LWPOLYLINE
  5
87F
330
1F
100
AcDbEntity
  8
PDF_SKY-Lipa$0$POLE NUMBER
370
    13
100
AcDbPolyline
 90
        2
 70
     0
 43
0.0
 10
865.9421094482185
 20
308.0655408105384
 10
865.9421094482185
 20
305.6369452343667
  0
LWPOLYLINE
  5
880
330
1F
100
AcDbEntity
  8
PDF_SKY-Lipa$0$POLE NUMBER
370
    13
100
AcDbPolyline
 90
        2
 70
     0
 43
0.0
 10
865.1693744921638
 20
308.0655408105384
 10
866.7148444042732
 20
308.0655408105384
  0
LWPOLYLINE
  5
881
330
1F
100
AcDbEntity
  8
PDF_SKY-Lipa$0$POLE NUMBER
370
    13
100
AcDbPolyline
 90
        2
 70
     0
 43
0.0
 10
867.2667979443122
 20
306.7408523144447
 10
869.3642213964606
 20
306.7408523144447
  0
LWPOLYLINE
  5
882
330
1F
100
AcDbEntity
  8
PDF_SKY-Lipa$0$POLE NUMBER
370
    13
100
AcDbPolyline
 90
       16
 70
     1
 43
0.0
 10
870.90969130857
 20
308.0655408105384
 10
870.5785191845464
 20
307.9551501025306
 10
870.3577377685309
 20
307.6239779785072
 10
870.247347060523
 20
307.0720244384681
 10
870.247347060523
 20
306.7408523144447
 10
870.3577377685309
 20
306.0785080663979
 10
870.5785191845464
 20
305.7473359423744
 10
870.90969130857
 20
305.6369452343667
 10
871.1304727245854
 20
305.6369452343667
 10
871.5720355566167
 20
305.7473359423744
 10
871.7928169726324
 20
306.0785080663979
 10
871.9032076806401
 20
306.6304616064369
 10
871.9032076806401
 20
307.0720244384681
 10
871.7928169726324
 20
307.6239779785072
 10
871.5720355566167
 20
307.9551501025306
 10
871.1304727245854
 20
308.0655408105384
  0
LWPOLYLINE
  5
883
330
1F
100
AcDbEntity
  8
PDF_SKY-Lipa$0$POLE NUMBER
370
    13
100
AcDbPolyline
 90
       15
 70
     0
 43
0.0
 10
872.7863333447027
 20
308.0655408105384
 10
874.1110218407964
 20
308.0655408105384
 10
873.4486775927495
 20
307.182415146476
 10
873.779849716773
 20
307.182415146476
 10
874.0006311327887
 20
307.0720244384681
 10
874.1110218407964
 20
306.9616337304603
 10
874.2214125488041
 20
306.5200708984291
 10
874.2214125488041
 20
306.2992894824135
 10
874.1110218407964
 20
305.9681173583901
 10
873.8902404247808
 20
305.7473359423744
 10
873.5590683007572
 20
305.6369452343667
 10
873.1175054687261
 20
305.6369452343667
 10
872.7863333447027
 20
305.7473359423744
 10
872.675942636695
 20
305.8577266503822
 10
872.565551928687
 20
306.0785080663979
  0
LWPOLYLINE
  5
884
330
1F
100
AcDbEntity
  8
PDF_SKY-Lipa$0$POLE NUMBER
370
    13
100
AcDbPolyline
 90
       17
 70
     0
 43
0.0
 10
876.3188360009525
 20
308.0655408105384
 10
875.1045382128667
 20
308.0655408105384
 10
874.9941475048588
 20
307.0720244384681
 10
875.1045382128667
 20
307.182415146476
 10
875.5461010448978
 20
307.2928058544838
 10
875.8772731689212
 20
307.2928058544838
 10
876.2084452929448
 20
307.182415146476
 10
876.4292267089604
 20
306.9616337304603
 10
876.5396174169682
 20
306.5200708984291
 10
876.5396174169682
 20
306.2992894824135
 10
876.4292267089604
 20
305.9681173583901
 10
876.2084452929448
 20
305.7473359423744
 10
875.8772731689212
 20
305.6369452343667
 10
875.5461010448978
 20
305.6369452343667
 10
875.1045382128667
 20
305.7473359423744
 10
874.9941475048588
 20
305.8577266503822
 10
874.8837567968509
 20
306.0785080663979
  0
LWPOLYLINE
  5
885
330
1F
100
AcDbEntity
  8
PDF_SKY-Lipa$0$POLE NUMBER
370
    13
100
AcDbPolyline
 90
       16
 70
     1
 43
0.0
 10
877.9746966210696
 20
308.0655408105384
 10
877.6435244970462
 20
307.9551501025306
 10
877.3123523730228
 20
307.6239779785072
 10
877.2019616650149
 20
307.0720244384681
 10
877.2019616650149
 20
306.6304616064369
 10
877.3123523730228
 20
306.0785080663979
 10
877.6435244970462
 20
305.7473359423744
 10
877.9746966210696
 20
305.6369452343667
 10
878.1954780370853
 20
305.6369452343667
 10
878.5266501611088
 20
305.7473359423744
 10
878.7474315771245
 20
306.0785080663979
 10
878.8578222851322
 20
306.6304616064369
 10
878.8578222851322
 20
307.0720244384681
 10
878.7474315771245
 20
307.6239779785072
 10
878.5266501611088
 20
307.9551501025306
 10
878.1954780370853
 20
308.0655408105384
  0
LWPOLYLINE
  5
886
330
1F
100
AcDbEntity
  8
PDF_SKY-Lipa$0$POLE NUMBER
370
    13
100
AcDbPolyline
 90
        2
 70
     0
 43
0.0
 10
856.6692899755624
 20
333.3450129443268
 10
856.6692899755624
 20
335.7736085204986
  0
LWPOLYLINE
  5
887
330
1F
100
AcDbEntity
  8
PDF_SKY-Lipa$0$POLE NUMBER
370
    13
100
AcDbPolyline
 90
        5
 70
     0
 43
0.0
 10
857.552415639625
 20
333.3450129443268
 10
857.552415639625
 20
335.7736085204986
 10
858.5459320116953
 20
333.3450129443268
 10
859.4290576757577
 20
335.7736085204986
 10
859.4290576757577
 20
333.3450129443268
  0
LWPOLYLINE
  5
888
330
1F
100
AcDbEntity
  8
PDF_SKY-Lipa$0$POLE NUMBER
370
    13
100
AcDbPolyline
 90
        3
 70
     0
 43
0.0
 10
860.422574047828
 20
335.7736085204986
 10
860.422574047828
 20
333.3450129443268
 10
861.7472625439217
 20
333.3450129443268
  0
LWPOLYLINE
  5
889
330
1F
100
AcDbEntity
  8
PDF_SKY-Lipa$0$POLE NUMBER
370
    13
100
AcDbPolyline
 90
        2
 70
     0
 43
0.0
 10
862.4096067919685
 20
334.3385293163971
 10
864.5070302441169
 20
334.3385293163971
  0
LWPOLYLINE
  5
88A
330
1F
100
AcDbEntity
  8
PDF_SKY-Lipa$0$POLE NUMBER
370
    13
100
AcDbPolyline
 90
        4
 70
     0
 43
0.0
 10
865.3901559081793
 20
335.3320456884674
 10
865.6109373241951
 20
335.4424363964752
 10
865.9421094482185
 20
335.7736085204986
 10
865.9421094482185
 20
333.3450129443268
  0
LWPOLYLINE
  5
88B
330
1F
100
AcDbEntity
  8
PDF_SKY-Lipa$0$POLE NUMBER
370
    13
100
AcDbPolyline
 90
       15
 70
     0
 43
0.0
 10
867.4875793603277
 20
335.7736085204986
 10
868.8122678564214
 20
335.7736085204986
 10
868.0395329003669
 20
334.7800921484283
 10
868.481095732398
 20
334.7800921484283
 10
868.7018771484137
 20
334.6697014404205
 10
868.8122678564214
 20
334.5593107324127
 10
868.9226585644293
 20
334.2281386083893
 10
868.9226585644293
 20
334.0073571923737
 10
868.8122678564214
 20
333.6761850683503
 10
868.5914864404059
 20
333.4554036523346
 10
868.2603143163825
 20
333.3450129443268
 10
867.8187514843513
 20
333.3450129443268
 10
867.4875793603277
 20
333.4554036523346
 10
867.37718865232
 20
333.5657943603424
 10
867.2667979443122
 20
333.7865757763581
  0
LWPOLYLINE
  5
88C
330
1F
100
AcDbEntity
  8
PDF_SKY-Lipa$0$POLE NUMBER
370
    13
100
AcDbPolyline
 90
       16
 70
     1
 43
0.0
 10
870.3577377685309
 20
335.7736085204986
 10
869.9161749364996
 20
335.6632178124908
 10
869.695393520484
 20
335.3320456884674
 10
869.5850028124763
 20
334.6697014404205
 10
869.5850028124763
 20
334.3385293163971
 10
869.695393520484
 20
333.7865757763581
 10
869.9161749364996
 20
333.4554036523346
 10
870.3577377685309
 20
333.3450129443268
 10
870.5785191845464
 20
333.3450129443268
 10
870.90969130857
 20
333.4554036523346
 10
871.1304727245854
 20
333.7865757763581
 10
871.2408634325933
 20
334.3385293163971
 10
871.2408634325933
 20
334.6697014404205
 10
871.1304727245854
 20
335.3320456884674
 10
870.90969130857
 20
335.6632178124908
 10
870.5785191845464
 20
335.7736085204986
  0
LWPOLYLINE
  5
88D
330
1F
100
AcDbEntity
  8
PDF_SKY-Lipa$0$POLE NUMBER
370
    13
100
AcDbPolyline
 90
       20
 70
     0
 43
0.0
 10
852.0328802392345
 20
351.780261181631
 10
851.9224895312266
 20
352.0010425976466
 10
851.7017081152111
 20
352.2218240136622
 10
851.4809266991955
 20
352.33221472167
 10
851.0393638671642
 20
352.33221472167
 10
850.8185824511485
 20
352.2218240136622
 10
850.5978010351329
 20
352.0010425976466
 10
850.4874103271252
 20
351.780261181631
 10
850.3770196191174
 20
351.4490890576076
 10
850.3770196191174
 20
350.8971355175685
 10
850.4874103271252
 20
350.4555726855373
 10
850.5978010351329
 20
350.2347912695217
 10
850.8185824511485
 20
350.014009853506
 10
851.0393638671642
 20
349.9036191454982
 10
851.4809266991955
 20
349.9036191454982
 10
851.7017081152111
 20
350.014009853506
 10
851.9224895312266
 20
350.2347912695217
 10
852.0328802392345
 20
350.4555726855373
 10
852.0328802392345
 20
350.8971355175685
 10
851.4809266991955
 20
350.8971355175685
  0
LWPOLYLINE
  5
88E
330
1F
100
AcDbEntity
  8
PDF_SKY-Lipa$0$POLE NUMBER
370
    13
100
AcDbPolyline
 90
        2
 70
     0
 43
0.0
 10
853.5783501513437
 20
352.33221472167
 10
853.5783501513437
 20
349.9036191454982
  0
LWPOLYLINE
  5
88F
330
1F
100
AcDbEntity
  8
PDF_SKY-Lipa$0$POLE NUMBER
370
    13
100
AcDbPolyline
 90
        2
 70
     0
 43
0.0
 10
852.8056151952892
 20
352.33221472167
 10
854.4614758154063
 20
352.33221472167
  0
LWPOLYLINE
  5
890
330
1F
100
AcDbEntity
  8
PDF_SKY-Lipa$0$POLE NUMBER
370
    13
100
AcDbPolyline
 90
        2
 70
     0
 43
0.0
 10
854.9030386474376
 20
351.0075262255763
 10
857.0004620995858
 20
351.0075262255763
  0
LWPOLYLINE
  5
891
330
1F
100
AcDbEntity
  8
PDF_SKY-Lipa$0$POLE NUMBER
370
    13
100
AcDbPolyline
 90
       16
 70
     1
 43
0.0
 10
858.656322719703
 20
352.33221472167
 10
858.2147598876717
 20
352.2218240136622
 10
857.9939784716561
 20
351.8906518896388
 10
857.8835877636484
 20
351.3386983495998
 10
857.8835877636484
 20
351.0075262255763
 10
857.9939784716561
 20
350.3451819775295
 10
858.2147598876717
 20
350.014009853506
 10
858.656322719703
 20
349.9036191454982
 10
858.8771041357187
 20
349.9036191454982
 10
859.2082762597421
 20
350.014009853506
 10
859.4290576757577
 20
350.3451819775295
 10
859.5394483837655
 20
351.0075262255763
 10
859.5394483837655
 20
351.3386983495998
 10
859.4290576757577
 20
351.8906518896388
 10
859.2082762597421
 20
352.2218240136622
 10
858.8771041357187
 20
352.33221472167
  0
LWPOLYLINE
  5
892
330
1F
100
AcDbEntity
  8
PDF_SKY-Lipa$0$POLE NUMBER
370
    13
100
AcDbPolyline
 90
       15
 70
     0
 43
0.0
 10
860.422574047828
 20
352.33221472167
 10
861.7472625439217
 20
352.33221472167
 10
861.0849182958748
 20
351.4490890576076
 10
861.4160904198982
 20
351.4490890576076
 10
861.6368718359138
 20
351.3386983495998
 10
861.7472625439217
 20
351.2283076415919
 10
861.8576532519295
 20
350.8971355175685
 10
861.8576532519295
 20
350.5659633935451
 10
861.7472625439217
 20
350.2347912695217
 10
861.5264811279061
 20
350.014009853506
 10
861.1953090038827
 20
349.9036191454982
 10
860.8641368798593
 20
349.9036191454982
 10
860.422574047828
 20
350.014009853506
 10
860.3121833398201
 20
350.1244005615139
 10
860.2017926318124
 20
350.3451819775295
  0
LWPOLYLINE
  5
893
330
1F
100
AcDbEntity
  8
PDF_SKY-Lipa$0$POLE NUMBER
370
    13
100
AcDbPolyline
 90
       17
 70
     0
 43
0.0
 10
863.9550767040779
 20
352.33221472167
 10
862.8511696239998
 20
352.33221472167
 10
862.6303882079842
 20
351.3386983495998
 10
862.8511696239998
 20
351.4490890576076
 10
863.1823417480232
 20
351.5594797656154
 10
863.5135138720468
 20
351.5594797656154
 10
863.8446859960701
 20
351.4490890576076
 10
864.0654674120856
 20
351.2283076415919
 10
864.1758581200935
 20
350.7867448095607
 10
864.1758581200935
 20
350.5659633935451
 10
864.0654674120856
 20
350.2347912695217
 10
863.8446859960701
 20
350.014009853506
 10
863.5135138720468
 20
349.9036191454982
 10
863.1823417480232
 20
349.9036191454982
 10
862.8511696239998
 20
350.014009853506
 10
862.6303882079842
 20
350.1244005615139
 10
862.5199974999764
 20
350.3451819775295
  0
LWPOLYLINE
  5
894
330
1F
100
AcDbEntity
  8
PDF_SKY-Lipa$0$POLE NUMBER
370
    13
100
AcDbPolyline
 90
        4
 70
     0
 43
0.0
 10
864.9485930761482
 20
351.8906518896388
 10
865.1693744921638
 20
352.0010425976466
 10
865.5005466161872
 20
352.33221472167
 10
865.5005466161872
 20
349.9036191454982
  0
LWPOLYLINE
  5
895
330
1F
100
AcDbEntity
  8
PDF_SKY-Lipa$0$POLE NUMBER
370
    13
100
AcDbPolyline
 90
        2
 70
     0
 43
0.0
 10
844.9678749267347
 20
395.826153676747
 10
844.9678749267347
 20
398.3651399609266
  0
LWPOLYLINE
  5
896
330
1F
100
AcDbEntity
  8
PDF_SKY-Lipa$0$POLE NUMBER
370
    13
100
AcDbPolyline
 90
        5
 70
     0
 43
0.0
 10
845.8510005907971
 20
395.826153676747
 10
845.8510005907971
 20
398.2547492529188
 10
846.8445169628674
 20
395.826153676747
 10
847.7276426269298
 20
398.2547492529188
 10
847.7276426269298
 20
395.826153676747
  0
LWPOLYLINE
  5
897
330
1F
100
AcDbEntity
  8
PDF_SKY-Lipa$0$POLE NUMBER
370
    13
100
AcDbPolyline
 90
        3
 70
     0
 43
0.0
 10
848.7211589990002
 20
398.2547492529188
 10
848.7211589990002
 20
395.826153676747
 10
850.0458474950939
 20
395.826153676747
  0
LWPOLYLINE
  5
898
330
1F
100
AcDbEntity
  8
PDF_SKY-Lipa$0$POLE NUMBER
370
    13
100
AcDbPolyline
 90
        2
 70
     0
 43
0.0
 10
850.7081917431408
 20
396.9300607568251
 10
852.8056151952892
 20
396.9300607568251
  0
LWPOLYLINE
  5
899
330
1F
100
AcDbEntity
  8
PDF_SKY-Lipa$0$POLE NUMBER
370
    13
100
AcDbPolyline
 90
        4
 70
     0
 43
0.0
 10
853.6887408593516
 20
397.8131864208876
 10
853.9095222753672
 20
397.9235771288954
 10
854.2406943993906
 20
398.2547492529188
 10
854.2406943993906
 20
395.826153676747
  0
LWPOLYLINE
  5
89A
330
1F
100
AcDbEntity
  8
PDF_SKY-Lipa$0$POLE NUMBER
370
    13
100
AcDbPolyline
 90
       14
 70
     0
 43
0.0
 10
855.6757736034922
 20
397.7027957128797
 10
855.6757736034922
 20
397.8131864208876
 10
855.7861643115
 20
398.0339678369032
 10
855.8965550195077
 20
398.144358544911
 10
856.1173364355235
 20
398.2547492529188
 10
856.6692899755624
 20
398.2547492529188
 10
856.890071391578
 20
398.144358544911
 10
857.0004620995858
 20
398.0339678369032
 10
857.1108528075937
 20
397.8131864208876
 10
857.1108528075937
 20
397.5924050048719
 10
857.0004620995858
 20
397.3716235888563
 10
856.7796806835703
 20
397.0404514648329
 10
855.5653828954843
 20
395.826153676747
 10
857.2212435156016
 20
395.826153676747
  0
LWPOLYLINE
  5
89B
330
1F
100
AcDbEntity
  8
PDF_SKY-Lipa$0$POLE NUMBER
370
    13
100
AcDbPolyline
 90
       23
 70
     0
 43
0.0
 10
859.4290576757577
 20
397.4820142968641
 10
859.3186669677498
 20
397.1508421728407
 10
859.0978855517343
 20
396.9300607568251
 10
858.766713427711
 20
396.8196700488173
 10
858.5459320116953
 20
396.8196700488173
 10
858.2147598876717
 20
396.9300607568251
 10
857.9939784716561
 20
397.1508421728407
 10
857.8835877636484
 20
397.4820142968641
 10
857.8835877636484
 20
397.5924050048719
 10
857.9939784716561
 20
397.9235771288954
 10
858.2147598876717
 20
398.144358544911
 10
858.5459320116953
 20
398.2547492529188
 10
858.766713427711
 20
398.2547492529188
 10
859.0978855517343
 20
398.144358544911
 10
859.3186669677498
 20
397.9235771288954
 10
859.4290576757577
 20
397.4820142968641
 10
859.4290576757577
 20
396.9300607568251
 10
859.3186669677498
 20
396.2677165087782
 10
859.0978855517343
 20
395.9365443847548
 10
858.766713427711
 20
395.826153676747
 10
858.4355413036874
 20
395.826153676747
 10
858.104369179664
 20
395.9365443847548
 10
857.9939784716561
 20
396.1573258007704
  0
LWPOLYLINE
  5
89C
330
1F
100
AcDbEntity
  8
PDF_SKY-Lipa$0$POLE NUMBER
370
    13
100
AcDbPolyline
 90
        2
 70
     0
 43
0.0
 10
837.0197439501723
 20
435.6771992675661
 10
837.0197439501723
 20
438.105794843738
  0
LWPOLYLINE
  5
89D
330
1F
100
AcDbEntity
  8
PDF_SKY-Lipa$0$POLE NUMBER
370
    13
100
AcDbPolyline
 90
        5
 70
     0
 43
0.0
 10
837.9028696142349
 20
435.6771992675661
 10
837.9028696142349
 20
438.105794843738
 10
838.8963859863052
 20
435.6771992675661
 10
839.7795116503676
 20
438.105794843738
 10
839.7795116503676
 20
435.6771992675661
  0
LWPOLYLINE
  5
89E
330
1F
100
AcDbEntity
  8
PDF_SKY-Lipa$0$POLE NUMBER
370
    13
100
AcDbPolyline
 90
        3
 70
     0
 43
0.0
 10
840.7730280224379
 20
438.105794843738
 10
840.7730280224379
 20
435.6771992675661
 10
842.0977165185316
 20
435.6771992675661
  0
LWPOLYLINE
  5
89F
330
1F
100
AcDbEntity
  8
PDF_SKY-Lipa$0$POLE NUMBER
370
    13
100
AcDbPolyline
 90
        2
 70
     0
 43
0.0
 10
842.7600607665784
 20
436.6707156396365
 10
844.8574842187268
 20
436.6707156396365
  0
LWPOLYLINE
  5
8A0
330
1F
100
AcDbEntity
  8
PDF_SKY-Lipa$0$POLE NUMBER
370
    13
100
AcDbPolyline
 90
        4
 70
     0
 43
0.0
 10
845.7406098827894
 20
437.553841303699
 10
845.961391298805
 20
437.6642320117067
 10
846.4029541308361
 20
438.105794843738
 10
846.2925634228284
 20
435.5668085595584
  0
LWPOLYLINE
  5
8A1
330
1F
100
AcDbEntity
  8
PDF_SKY-Lipa$0$POLE NUMBER
370
    13
100
AcDbPolyline
 90
       14
 70
     0
 43
0.0
 10
847.7276426269298
 20
437.4434505956911
 10
847.7276426269298
 20
437.553841303699
 10
847.8380333349377
 20
437.8850134277223
 10
847.9484240429455
 20
437.9954041357302
 10
848.1692054589611
 20
438.105794843738
 10
848.7211589990002
 20
438.105794843738
 10
848.9419404150158
 20
437.9954041357302
 10
849.0523311230237
 20
437.7746227197145
 10
849.1627218310314
 20
437.553841303699
 10
849.1627218310314
 20
437.3330598876833
 10
849.0523311230237
 20
437.1122784716677
 10
848.8315497070079
 20
436.7811063476443
 10
847.6172519189221
 20
435.5668085595584
 10
849.2731125390392
 20
435.5668085595584
  0
LWPOLYLINE
  5
8A2
330
1F
100
AcDbEntity
  8
PDF_SKY-Lipa$0$POLE NUMBER
370
    13
100
AcDbPolyline
 90
       28
 70
     1
 43
0.0
 10
850.5978010351329
 20
438.105794843738
 10
850.1562382031018
 20
437.9954041357302
 10
850.0458474950939
 20
437.6642320117067
 10
850.0458474950939
 20
437.4434505956911
 10
850.1562382031018
 20
437.2226691796755
 10
850.3770196191174
 20
437.1122784716677
 10
850.9289731591563
 20
437.0018877636598
 10
851.2601452831798
 20
436.8914970556521
 10
851.4809266991955
 20
436.6707156396365
 10
851.5913174072032
 20
436.4499342236208
 10
851.5913174072032
 20
436.1187620995974
 10
851.4809266991955
 20
435.8979806835818
 10
851.3705359911877
 20
435.6771992675661
 10
851.0393638671642
 20
435.5668085595584
 10
850.5978010351329
 20
435.5668085595584
 10
850.1562382031018
 20
435.6771992675661
 10
850.0458474950939
 20
435.8979806835818
 10
849.9354567870861
 20
436.1187620995974
 10
849.9354567870861
 20
436.4499342236208
 10
850.0458474950939
 20
436.6707156396365
 10
850.2666289111095
 20
436.8914970556521
 10
850.7081917431408
 20
437.0018877636598
 10
851.1497545751719
 20
437.1122784716677
 10
851.3705359911877
 20
437.2226691796755
 10
851.4809266991955
 20
437.4434505956911
 10
851.4809266991955
 20
437.6642320117067
 10
851.3705359911877
 20
437.9954041357302
 10
851.0393638671642
 20
438.105794843738
  0
LWPOLYLINE
  5
8A3
330
1F
100
AcDbEntity
  8
PDF_SKY-Lipa$0$POLE NUMBER
370
    13
100
AcDbPolyline
 90
        2
 70
     0
 43
0.0
 10
822.8897333251728
 20
486.8984877831898
 10
822.8897333251728
 20
489.3270833593616
  0
LWPOLYLINE
  5
8A4
330
1F
100
AcDbEntity
  8
PDF_SKY-Lipa$0$POLE NUMBER
370
    13
100
AcDbPolyline
 90
        5
 70
     0
 43
0.0
 10
823.7728589892352
 20
486.8984877831898
 10
823.7728589892352
 20
489.3270833593616
 10
824.7663753613055
 20
486.8984877831898
 10
825.6495010253681
 20
489.3270833593616
 10
825.6495010253681
 20
486.8984877831898
  0
LWPOLYLINE
  5
8A5
330
1F
100
AcDbEntity
  8
PDF_SKY-Lipa$0$POLE NUMBER
370
    13
100
AcDbPolyline
 90
        3
 70
     0
 43
0.0
 10
826.6430173974383
 20
489.3270833593616
 10
826.6430173974383
 20
486.8984877831898
 10
827.967705893532
 20
486.8984877831898
  0
LWPOLYLINE
  5
8A6
330
1F
100
AcDbEntity
  8
PDF_SKY-Lipa$0$POLE NUMBER
370
    13
100
AcDbPolyline
 90
        2
 70
     0
 43
0.0
 10
828.6300501415789
 20
487.8920041552601
 10
830.7274735937273
 20
487.8920041552601
  0
LWPOLYLINE
  5
8A7
330
1F
100
AcDbEntity
  8
PDF_SKY-Lipa$0$POLE NUMBER
370
    13
100
AcDbPolyline
 90
        4
 70
     0
 43
0.0
 10
831.6105992577897
 20
488.8855205273303
 10
831.8313806738053
 20
488.9959112353381
 10
832.2729435058365
 20
489.3270833593616
 10
832.1625527978287
 20
486.8984877831898
  0
LWPOLYLINE
  5
8A8
330
1F
100
AcDbEntity
  8
PDF_SKY-Lipa$0$POLE NUMBER
370
    13
100
AcDbPolyline
 90
       14
 70
     0
 43
0.0
 10
833.5976320019302
 20
488.6647391113148
 10
833.5976320019302
 20
488.8855205273303
 10
833.7080227099381
 20
489.106301943346
 10
833.818413417946
 20
489.2166926513538
 10
834.0391948339615
 20
489.3270833593616
 10
834.5911483740005
 20
489.3270833593616
 10
834.8119297900161
 20
489.2166926513538
 10
834.9223204980241
 20
489.106301943346
 10
835.0327112060318
 20
488.8855205273303
 10
835.0327112060318
 20
488.5543484033069
 10
834.9223204980241
 20
488.3335669872913
 10
834.7015390820084
 20
488.0023948632679
 10
833.4872412939224
 20
486.8984877831898
 10
835.1431019140397
 20
486.8984877831898
  0
LWPOLYLINE
  5
8A9
330
1F
100
AcDbEntity
  8
PDF_SKY-Lipa$0$POLE NUMBER
370
    13
100
AcDbPolyline
 90
        3
 70
     0
 43
0.0
 10
835.8054461620865
 20
489.3270833593616
 10
837.4613067822036
 20
489.3270833593616
 10
836.2470089941178
 20
486.8984877831898
  0
LWPOLYLINE
  5
8AA
330
1F
100
AcDbEntity
  8
PDF_SKY-Lipa$0$POLE NUMBER
370
    13
100
AcDbPolyline
 90
        2
 70
     0
 43
0.0
 10
815.824728012673
 20
547.8341586035005
 10
815.824728012673
 20
550.2627541796723
  0
LWPOLYLINE
  5
8AB
330
1F
100
AcDbEntity
  8
PDF_SKY-Lipa$0$POLE NUMBER
370
    13
100
AcDbPolyline
 90
        5
 70
     0
 43
0.0
 10
816.7078536767354
 20
547.8341586035005
 10
816.7078536767354
 20
550.2627541796723
 10
817.7013700488057
 20
547.8341586035005
 10
818.5844957128683
 20
550.2627541796723
 10
818.5844957128683
 20
547.8341586035005
  0
LWPOLYLINE
  5
8AC
330
1F
100
AcDbEntity
  8
PDF_SKY-Lipa$0$POLE NUMBER
370
    13
100
AcDbPolyline
 90
        3
 70
     0
 43
0.0
 10
819.5780120849386
 20
550.2627541796723
 10
819.5780120849386
 20
547.8341586035005
 10
820.9027005810323
 20
547.7237678954927
  0
LWPOLYLINE
  5
8AD
330
1F
100
AcDbEntity
  8
PDF_SKY-Lipa$0$POLE NUMBER
370
    13
100
AcDbPolyline
 90
        2
 70
     0
 43
0.0
 10
821.5650448290791
 20
548.8276749755709
 10
823.6624682812275
 20
548.8276749755709
  0
LWPOLYLINE
  5
8AE
330
1F
100
AcDbEntity
  8
PDF_SKY-Lipa$0$POLE NUMBER
370
    13
100
AcDbPolyline
 90
        4
 70
     0
 43
0.0
 10
824.5455939452899
 20
549.7108006396334
 10
824.7663753613055
 20
549.8211913476411
 10
825.2079381933366
 20
550.2627541796723
 10
825.2079381933366
 20
547.7237678954927
  0
LWPOLYLINE
  5
8AF
330
1F
100
AcDbEntity
  8
PDF_SKY-Lipa$0$POLE NUMBER
370
    13
100
AcDbPolyline
 90
       14
 70
     0
 43
0.0
 10
826.5326266894303
 20
549.6004099316255
 10
826.5326266894303
 20
549.7108006396334
 10
826.6430173974383
 20
549.9315820556489
 10
826.7534081054462
 20
550.1523634716646
 10
826.9741895214618
 20
550.2627541796723
 10
827.5261430615007
 20
550.2627541796723
 10
827.7469244775163
 20
550.1523634716646
 10
827.8573151855242
 20
549.9315820556489
 10
827.967705893532
 20
549.7108006396334
 10
827.967705893532
 20
549.4900192236177
 10
827.8573151855242
 20
549.2692378076021
 10
827.6365337695086
 20
548.9380656835788
 10
826.4222359814226
 20
547.7237678954927
 10
828.0780966015399
 20
547.7237678954927
  0
LWPOLYLINE
  5
8B0
330
1F
100
AcDbEntity
  8
PDF_SKY-Lipa$0$POLE NUMBER
370
    13
100
AcDbPolyline
 90
        4
 70
     0
 43
0.0
 10
828.7404408495866
 20
549.7108006396334
 10
828.9612222656023
 20
549.8211913476411
 10
829.4027850976336
 20
550.2627541796723
 10
829.4027850976336
 20
547.7237678954927
  0
LWPOLYLINE
  5
8B1
330
1F
100
AcDbEntity
  8
PDF_SKY-Lipa$0$POLE NUMBER
370
    13
100
AcDbPolyline
 90
       23
 70
     0
 43
0.0
 10
832.052162089821
 20
549.8211913476411
 10
831.9417713818131
 20
550.0419727636567
 10
831.6105992577897
 20
550.2627541796723
 10
831.3898178417741
 20
550.2627541796723
 10
830.9482550097428
 20
550.0419727636567
 10
830.7274735937273
 20
549.7108006396334
 10
830.6170828857194
 20
549.1588470995943
 10
830.6170828857194
 20
548.6068935595553
 10
830.7274735937273
 20
548.165330727524
 10
830.9482550097428
 20
547.8341586035005
 10
831.2794271337661
 20
547.7237678954927
 10
831.500208549782
 20
547.7237678954927
 10
831.8313806738053
 20
547.8341586035005
 10
832.052162089821
 20
548.165330727524
 10
832.1625527978287
 20
548.4965028515476
 10
832.1625527978287
 20
548.6068935595553
 10
832.052162089821
 20
548.9380656835788
 10
831.8313806738053
 20
549.1588470995943
 10
831.500208549782
 20
549.2692378076021
 10
831.2794271337661
 20
549.2692378076021
 10
830.9482550097428
 20
549.1588470995943
 10
830.7274735937273
 20
548.9380656835788
 10
830.6170828857194
 20
548.6068935595553
  0
LWPOLYLINE
  5
8B2
330
1F
100
AcDbEntity
  8
PDF_SKY-Lipa$0$POLE NUMBER
370
    13
100
AcDbPolyline
 90
        2
 70
     0
 43
0.0
 10
809.3116762402122
 20
586.9124692382651
 10
809.3116762402122
 20
589.341064814437
  0
LWPOLYLINE
  5
8B3
330
1F
100
AcDbEntity
  8
PDF_SKY-Lipa$0$POLE NUMBER
370
    13
100
AcDbPolyline
 90
        5
 70
     0
 43
0.0
 10
810.3051926122825
 20
586.9124692382651
 10
810.3051926122825
 20
589.341064814437
 10
811.1883182763449
 20
586.9124692382651
 10
812.1818346484152
 20
589.341064814437
 10
812.1818346484152
 20
586.9124692382651
  0
LWPOLYLINE
  5
8B4
330
1F
100
AcDbEntity
  8
PDF_SKY-Lipa$0$POLE NUMBER
370
    13
100
AcDbPolyline
 90
        3
 70
     0
 43
0.0
 10
813.0649603124776
 20
589.341064814437
 10
813.0649603124776
 20
586.9124692382651
 10
814.5000395165792
 20
586.9124692382651
  0
LWPOLYLINE
  5
8B5
330
1F
100
AcDbEntity
  8
PDF_SKY-Lipa$0$POLE NUMBER
370
    13
100
AcDbPolyline
 90
        2
 70
     0
 43
0.0
 10
815.0519930566183
 20
587.9059856103354
 10
817.1494165087667
 20
587.9059856103354
  0
LWPOLYLINE
  5
8B6
330
1F
100
AcDbEntity
  8
PDF_SKY-Lipa$0$POLE NUMBER
370
    13
100
AcDbPolyline
 90
        4
 70
     0
 43
0.0
 10
818.142932880837
 20
588.789111274398
 10
818.3637142968525
 20
588.8995019824058
 10
818.694886420876
 20
589.341064814437
 10
818.694886420876
 20
586.8020785302574
  0
LWPOLYLINE
  5
8B7
330
1F
100
AcDbEntity
  8
PDF_SKY-Lipa$0$POLE NUMBER
370
    13
100
AcDbPolyline
 90
       14
 70
     0
 43
0.0
 10
820.1299656249775
 20
588.6787205663901
 10
820.1299656249775
 20
588.789111274398
 10
820.2403563329854
 20
589.1202833984213
 10
820.3507470409931
 20
589.2306741064292
 10
820.5715284570088
 20
589.341064814437
 10
821.01309128904
 20
589.341064814437
 10
821.2338727050557
 20
589.2306741064292
 10
821.3442634130634
 20
589.1202833984213
 10
821.4546541210712
 20
588.789111274398
 10
821.4546541210712
 20
588.5683298583824
 10
821.3442634130634
 20
588.3475484423668
 10
821.1234819970478
 20
588.0163763183431
 10
820.0195749169697
 20
586.8020785302574
 10
821.5650448290791
 20
586.8020785302574
  0
LWPOLYLINE
  5
8B8
330
1F
100
AcDbEntity
  8
PDF_SKY-Lipa$0$POLE NUMBER
370
    13
100
AcDbPolyline
 90
        4
 70
     0
 43
0.0
 10
822.3377797851338
 20
588.789111274398
 10
822.5585612011494
 20
588.8995019824058
 10
822.8897333251728
 20
589.341064814437
 10
822.8897333251728
 20
586.8020785302574
  0
LWPOLYLINE
  5
8B9
330
1F
100
AcDbEntity
  8
PDF_SKY-Lipa$0$POLE NUMBER
370
    13
100
AcDbPolyline
 90
       17
 70
     0
 43
0.0
 10
825.5391103173602
 20
589.341064814437
 10
824.4352032372821
 20
589.341064814437
 10
824.3248125292744
 20
588.2371577343588
 10
824.4352032372821
 20
588.3475484423668
 10
824.7663753613055
 20
588.4579391503746
 10
825.0975474853289
 20
588.4579391503746
 10
825.4287196093523
 20
588.3475484423668
 10
825.6495010253681
 20
588.1267670263509
 10
825.7598917333758
 20
587.7955949023276
 10
825.7598917333758
 20
587.574813486312
 10
825.6495010253681
 20
587.2436413622885
 10
825.4287196093523
 20
586.9124692382651
 10
825.0975474853289
 20
586.8020785302574
 10
824.7663753613055
 20
586.8020785302574
 10
824.4352032372821
 20
586.9124692382651
 10
824.3248125292744
 20
587.1332506542808
 10
824.2144218212665
 20
587.3540320702963
  0
LWPOLYLINE
  5
8BA
330
1F
100
AcDbEntity
  8
PDF_SKY-Lipa$0$POLE NUMBER
370
    13
100
AcDbPolyline
 90
        2
 70
     0
 43
0.0
 10
793.5258049950954
 20
657.5625223632632
 10
793.6361957031033
 20
659.991117939435
  0
LWPOLYLINE
  5
8BB
330
1F
100
AcDbEntity
  8
PDF_SKY-Lipa$0$POLE NUMBER
370
    13
100
AcDbPolyline
 90
        5
 70
     0
 43
0.0
 10
794.5193213671657
 20
657.5625223632632
 10
794.5193213671657
 20
659.991117939435
 10
795.4024470312282
 20
657.5625223632632
 10
796.3959634032985
 20
659.991117939435
 10
796.3959634032985
 20
657.5625223632632
  0
LWPOLYLINE
  5
8BC
330
1F
100
AcDbEntity
  8
PDF_SKY-Lipa$0$POLE NUMBER
370
    13
100
AcDbPolyline
 90
        3
 70
     0
 43
0.0
 10
797.279089067361
 20
659.991117939435
 10
797.279089067361
 20
657.5625223632632
 10
798.7141682714625
 20
657.5625223632632
  0
LWPOLYLINE
  5
8BD
330
1F
100
AcDbEntity
  8
PDF_SKY-Lipa$0$POLE NUMBER
370
    13
100
AcDbPolyline
 90
        2
 70
     0
 43
0.0
 10
799.2661218115015
 20
658.6664294433412
 10
801.3635452636499
 20
658.6664294433412
  0
LWPOLYLINE
  5
8BE
330
1F
100
AcDbEntity
  8
PDF_SKY-Lipa$0$POLE NUMBER
370
    13
100
AcDbPolyline
 90
        4
 70
     0
 43
0.0
 10
802.3570616357202
 20
659.5495551074038
 10
802.5778430517359
 20
659.6599458154116
 10
802.9090151757593
 20
659.991117939435
 10
802.9090151757593
 20
657.5625223632632
  0
LWPOLYLINE
  5
8BF
330
1F
100
AcDbEntity
  8
PDF_SKY-Lipa$0$POLE NUMBER
370
    13
100
AcDbPolyline
 90
       14
 70
     0
 43
0.0
 10
804.3440943798609
 20
659.4391643993961
 10
804.3440943798609
 20
659.5495551074038
 10
804.4544850878686
 20
659.7703365234194
 10
804.5648757958764
 20
659.8807272314273
 10
804.785657211892
 20
659.991117939435
 10
805.2272200439231
 20
659.991117939435
 10
805.448001459939
 20
659.8807272314273
 10
805.5583921679467
 20
659.7703365234194
 10
805.6687828759546
 20
659.5495551074038
 10
805.6687828759546
 20
659.3287736913882
 10
805.5583921679467
 20
659.1079922753727
 10
805.337610751931
 20
658.776820151349
 10
804.233703671853
 20
657.5625223632632
 10
805.7791735839623
 20
657.5625223632632
  0
LWPOLYLINE
  5
8C0
330
1F
100
AcDbEntity
  8
PDF_SKY-Lipa$0$POLE NUMBER
370
    13
100
AcDbPolyline
 90
        4
 70
     0
 43
0.0
 10
807.6558156200951
 20
657.5625223632632
 10
807.6558156200951
 20
659.991117939435
 10
806.5519085400168
 20
658.3352573193178
 10
808.3181598681418
 20
658.3352573193178
  0
LWPOLYLINE
  5
8C1
330
1F
100
AcDbEntity
  8
PDF_SKY-Lipa$0$POLE NUMBER
370
    13
100
AcDbPolyline
 90
        2
 70
     0
 43
0.0
 10
784.6945483544707
 20
697.0823958300591
 10
784.6945483544707
 20
699.5109914062309
  0
LWPOLYLINE
  5
8C2
330
1F
100
AcDbEntity
  8
PDF_SKY-Lipa$0$POLE NUMBER
370
    13
100
AcDbPolyline
 90
        5
 70
     0
 43
0.0
 10
785.5776740185332
 20
697.0823958300591
 10
785.5776740185332
 20
699.5109914062309
 10
786.5711903906035
 20
697.0823958300591
 10
787.4543160546659
 20
699.5109914062309
 10
787.4543160546659
 20
697.0823958300591
  0
LWPOLYLINE
  5
8C3
330
1F
100
AcDbEntity
  8
PDF_SKY-Lipa$0$POLE NUMBER
370
    13
100
AcDbPolyline
 90
        3
 70
     0
 43
0.0
 10
788.4478324267362
 20
699.5109914062309
 10
788.4478324267362
 20
697.0823958300591
 10
789.7725209228299
 20
697.0823958300591
  0
LWPOLYLINE
  5
8C4
330
1F
100
AcDbEntity
  8
PDF_SKY-Lipa$0$POLE NUMBER
370
    13
100
AcDbPolyline
 90
        2
 70
     0
 43
0.0
 10
790.4348651708768
 20
698.0759122021293
 10
792.5322886230252
 20
698.0759122021293
  0
LWPOLYLINE
  5
8C5
330
1F
100
AcDbEntity
  8
PDF_SKY-Lipa$0$POLE NUMBER
370
    13
100
AcDbPolyline
 90
        4
 70
     0
 43
0.0
 10
793.4154142870876
 20
699.0694285741997
 10
793.6361957031033
 20
699.1798192822074
 10
793.9673678271267
 20
699.5109914062309
 10
793.9673678271267
 20
697.0823958300591
  0
LWPOLYLINE
  5
8C6
330
1F
100
AcDbEntity
  8
PDF_SKY-Lipa$0$POLE NUMBER
370
    13
100
AcDbPolyline
 90
       14
 70
     0
 43
0.0
 10
795.4024470312282
 20
698.9590378661919
 10
795.4024470312282
 20
699.0694285741997
 10
795.512837739236
 20
699.2902099902153
 10
795.6232284472438
 20
699.4006006982231
 10
795.8440098632594
 20
699.5109914062309
 10
796.3959634032985
 20
699.5109914062309
 10
796.6167448193141
 20
699.4006006982231
 10
796.7271355273219
 20
699.2902099902153
 10
796.8375262353297
 20
699.0694285741997
 10
796.8375262353297
 20
698.8486471581839
 10
796.7271355273219
 20
698.5174750341605
 10
796.5063541113063
 20
698.186302910137
 10
795.2920563232204
 20
697.0823958300591
 10
796.9479169433375
 20
697.0823958300591
  0
LWPOLYLINE
  5
8C7
330
1F
100
AcDbEntity
  8
PDF_SKY-Lipa$0$POLE NUMBER
370
    13
100
AcDbPolyline
 90
       15
 70
     0
 43
0.0
 10
797.8310426074
 20
699.5109914062309
 10
799.1557311034937
 20
699.5109914062309
 10
798.4933868554469
 20
698.5174750341605
 10
798.8245589794703
 20
698.5174750341605
 10
799.0453403954859
 20
698.4070843261527
 10
799.1557311034937
 20
698.2966936181449
 10
799.2661218115015
 20
697.9655214941215
 10
799.2661218115015
 20
697.7447400781059
 10
799.1557311034937
 20
697.4135679540824
 10
798.9349496874781
 20
697.1927865380669
 10
798.6037775634547
 20
697.0823958300591
 10
798.1622147314234
 20
697.0823958300591
 10
797.8310426074
 20
697.1927865380669
 10
797.7206518993922
 20
697.3031772460747
 10
797.6102611913844
 20
697.5239586620903
  0
LWPOLYLINE
  5
8C8
330
1F
100
AcDbEntity
  8
PDF_SKY-Lipa$0$POLE NUMBER
370
    13
100
AcDbPolyline
 90
       17
 70
     0
 43
0.0
 10
778.8438408300568
 20
739.3620369970501
 10
777.7399337499787
 20
739.3620369970501
 10
777.6295430419708
 20
738.3685206249797
 10
777.7399337499787
 20
738.4789113329875
 10
778.0711058740021
 20
738.5893020409953
 10
778.4022779980256
 20
738.5893020409953
 10
778.733450122049
 20
738.4789113329875
 10
778.9542315380646
 20
738.2581299169719
 10
779.0646222460724
 20
737.8165670849407
 10
779.0646222460724
 20
737.5957856689251
 10
778.9542315380646
 20
737.2646135449017
 10
778.733450122049
 20
737.0438321288861
 10
778.4022779980256
 20
736.9334414208783
 10
778.0711058740021
 20
736.9334414208783
 10
777.7399337499787
 20
737.0438321288861
 10
777.6295430419708
 20
737.1542228368939
 10
777.5191523339631
 20
737.3750042529096
  0
LWPOLYLINE
  5
8C9
330
1F
100
AcDbEntity
  8
PDF_SKY-Lipa$0$POLE NUMBER
370
    13
100
AcDbPolyline
 90
        4
 70
     0
 43
0.0
 10
779.8373572021271
 20
738.9204741650187
 10
780.0581386181427
 20
739.0308648730267
 10
780.3893107421661
 20
739.3620369970501
 10
780.3893107421661
 20
736.9334414208783
  0
LWPOLYLINE
  5
8CA
330
1F
100
AcDbEntity
  8
PDF_SKY-Lipa$0$POLE NUMBER
370
    13
100
AcDbPolyline
 90
       16
 70
     1
 43
0.0
 10
782.3763434863067
 20
739.3620369970501
 10
782.0451713622833
 20
739.2516462890423
 10
781.8243899462676
 20
738.9204741650187
 10
781.7139992382598
 20
738.3685206249797
 10
781.7139992382598
 20
737.9269577929485
 10
781.8243899462676
 20
737.3750042529096
 10
782.0451713622833
 20
737.0438321288861
 10
782.3763434863067
 20
736.9334414208783
 10
782.5971249023223
 20
736.9334414208783
 10
782.9282970263457
 20
737.0438321288861
 10
783.1490784423614
 20
737.3750042529096
 10
783.2594691503692
 20
737.9269577929485
 10
783.2594691503692
 20
738.3685206249797
 10
783.1490784423614
 20
738.9204741650187
 10
782.9282970263457
 20
739.2516462890423
 10
782.5971249023223
 20
739.3620369970501
  0
LWPOLYLINE
  5
8CB
330
1F
100
AcDbEntity
  8
PDF_SKY-Lipa$0$POLE NUMBER
370
    13
100
AcDbPolyline
 90
       23
 70
     0
 43
0.0
 10
785.3568926025175
 20
739.0308648730267
 10
785.2465018945097
 20
739.2516462890423
 10
784.9153297704863
 20
739.3620369970501
 10
784.6945483544707
 20
739.3620369970501
 10
784.3633762304473
 20
739.2516462890423
 10
784.1425948144316
 20
738.9204741650187
 10
784.0322041064238
 20
738.3685206249797
 10
784.0322041064238
 20
737.7061763769329
 10
784.1425948144316
 20
737.2646135449017
 10
784.3633762304473
 20
737.0438321288861
 10
784.6945483544707
 20
736.9334414208783
 10
784.8049390624785
 20
736.9334414208783
 10
785.1361111865019
 20
737.0438321288861
 10
785.3568926025175
 20
737.2646135449017
 10
785.5776740185332
 20
737.5957856689251
 10
785.5776740185332
 20
737.7061763769329
 10
785.3568926025175
 20
738.0373485009563
 10
785.1361111865019
 20
738.3685206249797
 10
784.8049390624785
 20
738.4789113329875
 10
784.6945483544707
 20
738.4789113329875
 10
784.3633762304473
 20
738.3685206249797
 10
784.1425948144316
 20
738.0373485009563
 10
784.0322041064238
 20
737.7061763769329
  0
LWPOLYLINE
  5
8CC
330
1F
100
AcDbEntity
  8
PDF_SKY-Lipa$0$POLE NUMBER
370
    13
100
AcDbPolyline
 90
       23
 70
     0
 43
0.0
 10
787.7854881786894
 20
739.0308648730267
 10
787.6750974706815
 20
739.2516462890423
 10
787.2335346386503
 20
739.3620369970501
 10
787.0127532226347
 20
739.3620369970501
 10
786.6815810986113
 20
739.2516462890423
 10
786.4607996825956
 20
738.9204741650187
 10
786.3504089745878
 20
738.3685206249797
 10
786.3504089745878
 20
737.7061763769329
 10
786.4607996825956
 20
737.2646135449017
 10
786.6815810986113
 20
737.0438321288861
 10
787.0127532226347
 20
736.9334414208783
 10
787.1231439306425
 20
736.9334414208783
 10
787.4543160546659
 20
737.0438321288861
 10
787.7854881786894
 20
737.2646135449017
 10
787.8958788866972
 20
737.5957856689251
 10
787.8958788866972
 20
737.7061763769329
 10
787.7854881786894
 20
738.0373485009563
 10
787.4543160546659
 20
738.3685206249797
 10
787.1231439306425
 20
738.4789113329875
 10
787.0127532226347
 20
738.4789113329875
 10
786.6815810986113
 20
738.3685206249797
 10
786.4607996825956
 20
738.0373485009563
 10
786.3504089745878
 20
737.7061763769329
  0
LWPOLYLINE
  5
8CD
330
1F
100
AcDbEntity
  8
PDF_SKY-Lipa$0$POLE NUMBER
370
    13
100
AcDbPolyline
 90
        3
 70
     0
 43
0.0
 10
788.6686138427518
 20
739.3620369970501
 10
790.324474462869
 20
739.3620369970501
 10
789.1101766747831
 20
736.9334414208783
  0
LWPOLYLINE
  5
8CE
330
1F
100
AcDbEntity
  8
PDF_SKY-Lipa$0$POLE NUMBER
370
    13
100
AcDbPolyline
 90
        2
 70
     0
 43
0.0
 10
761.5124996728306
 20
802.6159126855249
 10
761.5124996728306
 20
805.0445082616969
  0
LWPOLYLINE
  5
8CF
330
1F
100
AcDbEntity
  8
PDF_SKY-Lipa$0$POLE NUMBER
370
    13
100
AcDbPolyline
 90
        5
 70
     0
 43
0.0
 10
762.3956253368931
 20
802.6159126855249
 10
762.3956253368931
 20
805.0445082616969
 10
763.3891417089635
 20
802.6159126855249
 10
764.272267373026
 20
805.0445082616969
 10
764.272267373026
 20
802.6159126855249
  0
LWPOLYLINE
  5
8D0
330
1F
100
AcDbEntity
  8
PDF_SKY-Lipa$0$POLE NUMBER
370
    13
100
AcDbPolyline
 90
        3
 70
     0
 43
0.0
 10
765.2657837450962
 20
805.0445082616969
 10
765.2657837450962
 20
802.505521977517
 10
766.59047224119
 20
802.505521977517
  0
LWPOLYLINE
  5
8D1
330
1F
100
AcDbEntity
  8
PDF_SKY-Lipa$0$POLE NUMBER
370
    13
100
AcDbPolyline
 90
        2
 70
     0
 43
0.0
 10
767.2528164892367
 20
803.6094290575952
 10
769.3502399413852
 20
803.6094290575952
  0
LWPOLYLINE
  5
8D2
330
1F
100
AcDbEntity
  8
PDF_SKY-Lipa$0$POLE NUMBER
370
    13
100
AcDbPolyline
 90
        4
 70
     0
 43
0.0
 10
770.2333656054477
 20
804.4925547216575
 10
770.4541470214633
 20
804.6029454296654
 10
770.8957098534945
 20
805.0445082616969
 10
770.7853191454867
 20
802.505521977517
  0
LWPOLYLINE
  5
8D3
330
1F
100
AcDbEntity
  8
PDF_SKY-Lipa$0$POLE NUMBER
370
    13
100
AcDbPolyline
 90
       14
 70
     0
 43
0.0
 10
772.2203983495882
 20
804.3821640136497
 10
772.2203983495882
 20
804.4925547216575
 10
772.330789057596
 20
804.7133361376731
 10
772.4411797656039
 20
804.9341175536889
 10
772.6619611816195
 20
805.0445082616969
 10
773.2139147216585
 20
805.0445082616969
 10
773.4346961376741
 20
804.9341175536889
 10
773.5450868456819
 20
804.7133361376731
 10
773.6554775536898
 20
804.4925547216575
 10
773.6554775536898
 20
804.271773305642
 10
773.5450868456819
 20
804.0509918896264
 10
773.3243054296663
 20
803.719819765603
 10
772.1100076415804
 20
802.505521977517
 10
773.7658682616975
 20
802.505521977517
  0
LWPOLYLINE
  5
8D4
330
1F
100
AcDbEntity
  8
PDF_SKY-Lipa$0$POLE NUMBER
370
    13
100
AcDbPolyline
 90
       14
 70
     0
 43
0.0
 10
774.5386032177521
 20
804.3821640136497
 10
774.5386032177521
 20
804.4925547216575
 10
774.64899392576
 20
804.7133361376731
 10
774.7593846337678
 20
804.823726845681
 10
775.0905567577913
 20
805.0445082616969
 10
775.5321195898225
 20
805.0445082616969
 10
775.7529010058381
 20
804.823726845681
 10
775.8632917138458
 20
804.7133361376731
 10
775.9736824218537
 20
804.4925547216575
 10
775.9736824218537
 20
804.271773305642
 10
775.8632917138458
 20
804.0509918896264
 10
775.6425102978303
 20
803.719819765603
 10
774.4282125097444
 20
802.505521977517
 10
776.0840731298616
 20
802.505521977517
  0
LWPOLYLINE
  5
8D5
330
1F
100
AcDbEntity
  8
PDF_SKY-Lipa$0$POLE NUMBER
370
    13
100
AcDbPolyline
 90
       20
 70
     0
 43
0.0
 10
735.9018554150188
 20
896.3376237841551
 10
735.791464707011
 20
896.5584052001707
 10
735.5706832909954
 20
896.7791866161865
 10
735.3499018749799
 20
896.8895773241943
 10
734.7979483349408
 20
896.8895773241943
 10
734.5771669189251
 20
896.7791866161865
 10
734.3563855029096
 20
896.5584052001707
 10
734.2459947949017
 20
896.3376237841551
 10
734.1356040868939
 20
896.0064516601317
 10
734.1356040868939
 20
895.4544981200927
 10
734.2459947949017
 20
895.1233259960693
 10
734.3563855029096
 20
894.7921538720459
 10
734.5771669189251
 20
894.5713724560302
 10
734.7979483349408
 20
894.4609817480225
 10
735.3499018749799
 20
894.4609817480225
 10
735.5706832909954
 20
894.5713724560302
 10
735.791464707011
 20
894.7921538720459
 10
735.9018554150188
 20
895.0129352880615
 10
735.9018554150188
 20
895.4544981200927
 10
735.3499018749799
 20
895.4544981200927
  0
LWPOLYLINE
  5
8D6
330
1F
100
AcDbEntity
  8
PDF_SKY-Lipa$0$POLE NUMBER
370
    13
100
AcDbPolyline
 90
        2
 70
     0
 43
0.0
 10
737.4473253271283
 20
896.8895773241943
 10
737.4473253271283
 20
894.4609817480225
  0
LWPOLYLINE
  5
8D7
330
1F
100
AcDbEntity
  8
PDF_SKY-Lipa$0$POLE NUMBER
370
    13
100
AcDbPolyline
 90
        2
 70
     0
 43
0.0
 10
736.5641996630658
 20
896.8895773241943
 10
738.2200602831828
 20
896.8895773241943
  0
LWPOLYLINE
  5
8D8
330
1F
100
AcDbEntity
  8
PDF_SKY-Lipa$0$POLE NUMBER
370
    13
100
AcDbPolyline
 90
        2
 70
     0
 43
0.0
 10
738.6616231152141
 20
895.5648888281004
 10
740.7590465673625
 20
895.5648888281004
  0
LWPOLYLINE
  5
8D9
330
1F
100
AcDbEntity
  8
PDF_SKY-Lipa$0$POLE NUMBER
370
    13
100
AcDbPolyline
 90
        4
 70
     0
 43
0.0
 10
741.7525629394328
 20
896.4480144921628
 10
741.9733443554484
 20
896.5584052001707
 10
742.3045164794719
 20
896.8895773241943
 10
742.3045164794719
 20
894.4609817480225
  0
LWPOLYLINE
  5
8DA
330
1F
100
AcDbEntity
  8
PDF_SKY-Lipa$0$POLE NUMBER
370
    13
100
AcDbPolyline
 90
       14
 70
     0
 43
0.0
 10
743.7395956835733
 20
896.3376237841551
 10
743.7395956835733
 20
896.4480144921628
 10
743.8499863915811
 20
896.6687959081784
 10
743.960377099589
 20
896.7791866161865
 10
744.1811585156046
 20
896.8895773241943
 10
744.6227213476358
 20
896.8895773241943
 10
744.8435027636515
 20
896.7791866161865
 10
744.9538934716592
 20
896.6687959081784
 10
745.064284179667
 20
896.4480144921628
 10
745.064284179667
 20
896.2272330761473
 10
744.9538934716592
 20
896.0064516601317
 10
744.7331120556436
 20
895.6752795361083
 10
743.6292049755656
 20
894.4609817480225
 10
745.1746748876749
 20
894.4609817480225
  0
LWPOLYLINE
  5
8DB
330
1F
100
AcDbEntity
  8
PDF_SKY-Lipa$0$POLE NUMBER
370
    13
100
AcDbPolyline
 90
       16
 70
     1
 43
0.0
 10
746.6097540917765
 20
896.8895773241943
 10
746.2785819677529
 20
896.7791866161865
 10
746.0578005517374
 20
896.4480144921628
 10
745.9474098437295
 20
895.8960609521239
 10
745.9474098437295
 20
895.5648888281004
 10
746.0578005517374
 20
894.9025445800536
 10
746.2785819677529
 20
894.5713724560302
 10
746.6097540917765
 20
894.4609817480225
 10
746.830535507792
 20
894.4609817480225
 10
747.1617076318154
 20
894.5713724560302
 10
747.3824890478311
 20
894.9025445800536
 10
747.4928797558389
 20
895.5648888281004
 10
747.6032704638466
 20
895.8960609521239
 10
747.3824890478311
 20
896.4480144921628
 10
747.1617076318154
 20
896.7791866161865
 10
746.830535507792
 20
896.8895773241943
  0
LWPOLYLINE
  5
8DC
330
1F
100
AcDbEntity
  8
PDF_SKY-Lipa$0$POLE NUMBER
 62
     7
370
     9
100
AcDbPolyline
 90
        2
 70
     0
 43
0.0
 10
675.8493102587705
 20
885.408943691382
 10
675.8493102587705
 20
887.8375392675538
  0
LWPOLYLINE
  5
8DD
330
1F
100
AcDbEntity
  8
PDF_SKY-Lipa$0$POLE NUMBER
 62
     7
370
     9
100
AcDbPolyline
 90
        5
 70
     0
 43
0.0
 10
676.8428266308408
 20
885.408943691382
 10
676.8428266308408
 20
887.8375392675538
 10
677.7259522949033
 20
885.408943691382
 10
678.7194686669736
 20
887.8375392675538
 10
678.7194686669736
 20
885.408943691382
  0
LWPOLYLINE
  5
8DE
330
1F
100
AcDbEntity
  8
PDF_SKY-Lipa$0$POLE NUMBER
 62
     7
370
     9
100
AcDbPolyline
 90
        3
 70
     0
 43
0.0
 10
679.6025943310361
 20
887.8375392675538
 10
679.6025943310361
 20
885.408943691382
 10
681.0376735351375
 20
885.408943691382
  0
LWPOLYLINE
  5
8DF
330
1F
100
AcDbEntity
  8
PDF_SKY-Lipa$0$POLE NUMBER
 62
     7
370
     9
100
AcDbPolyline
 90
        2
 70
     0
 43
0.0
 10
681.5896270751766
 20
886.5128507714601
 10
683.687050527325
 20
886.5128507714601
  0
LWPOLYLINE
  5
8E0
330
1F
100
AcDbEntity
  8
PDF_SKY-Lipa$0$POLE NUMBER
 62
     7
370
     9
100
AcDbPolyline
 90
        4
 70
     0
 43
0.0
 10
684.6805668993953
 20
887.3959764355227
 10
684.9013483154109
 20
887.5063671435304
 10
685.2325204394343
 20
887.8375392675538
 10
685.2325204394343
 20
885.408943691382
  0
LWPOLYLINE
  5
8E1
330
1F
100
AcDbEntity
  8
PDF_SKY-Lipa$0$POLE NUMBER
 62
     7
370
     9
100
AcDbPolyline
 90
        4
 70
     0
 43
0.0
 10
686.4468182275202
 20
887.3959764355227
 10
686.7779903515437
 20
887.5063671435304
 10
687.1091624755671
 20
887.8375392675538
 10
687.1091624755671
 20
885.408943691382
  0
LWPOLYLINE
  5
8E2
330
1F
100
AcDbEntity
  8
PDF_SKY-Lipa$0$POLE NUMBER
 62
     7
370
     9
100
AcDbPolyline
 90
       23
 70
     0
 43
0.0
 10
689.8689301757623
 20
887.0648043114991
 10
689.7585394677545
 20
886.7336321874757
 10
689.5377580517389
 20
886.5128507714601
 10
689.2065859277155
 20
886.2920693554444
 10
689.0961952197077
 20
886.2920693554444
 10
688.6546323876764
 20
886.5128507714601
 10
688.4338509716608
 20
886.7336321874757
 10
688.323460263653
 20
887.0648043114991
 10
688.323460263653
 20
887.1751950195069
 10
688.4338509716608
 20
887.5063671435304
 10
688.7650230956842
 20
887.7271485595461
 10
689.0961952197077
 20
887.8375392675538
 10
689.2065859277155
 20
887.8375392675538
 10
689.5377580517389
 20
887.7271485595461
 10
689.7585394677545
 20
887.5063671435304
 10
689.8689301757623
 20
887.0648043114991
 10
689.8689301757623
 20
886.4024600634522
 10
689.7585394677545
 20
885.8505065234133
 10
689.5377580517389
 20
885.5193343993899
 10
689.2065859277155
 20
885.408943691382
 10
688.9858045116999
 20
885.408943691382
 10
688.5442416796686
 20
885.5193343993899
 10
688.4338509716608
 20
885.7401158154054
  0
LWPOLYLINE
  5
8E3
330
1F
100
AcDbEntity
  8
PDF_SKY-Lipa$0$POLE NUMBER
 62
     7
370
     9
100
AcDbPolyline
 90
        2
 70
     0
 43
0.0
 10
690.641665131817
 20
885.408943691382
 10
692.2975257519341
 20
887.8375392675538
  0
LWPOLYLINE
  5
8E4
330
1F
100
AcDbEntity
  8
PDF_SKY-Lipa$0$POLE NUMBER
 62
     7
370
     9
100
AcDbPolyline
 90
        2
 70
     0
 43
0.0
 10
690.641665131817
 20
887.8375392675538
 10
692.2975257519341
 20
885.408943691382
  0
LWPOLYLINE
  5
8E5
330
1F
100
AcDbEntity
  8
PDF_SKY-Lipa$0$POLE NUMBER
370
    13
100
AcDbPolyline
 90
        2
 70
     0
 43
0.0
 10
735.9018554150188
 20
941.9289861913805
 10
735.9018554150188
 20
944.3575817675522
  0
LWPOLYLINE
  5
8E6
330
1F
100
AcDbEntity
  8
PDF_SKY-Lipa$0$POLE NUMBER
370
    13
100
AcDbPolyline
 90
        5
 70
     0
 43
0.0
 10
736.8953717870891
 20
941.9289861913805
 10
736.8953717870891
 20
944.3575817675522
 10
737.7784974511516
 20
941.9289861913805
 10
738.772013823222
 20
944.3575817675522
 10
738.772013823222
 20
941.9289861913805
  0
LWPOLYLINE
  5
8E7
330
1F
100
AcDbEntity
  8
PDF_SKY-Lipa$0$POLE NUMBER
370
    13
100
AcDbPolyline
 90
        3
 70
     0
 43
0.0
 10
739.6551394872845
 20
944.3575817675522
 10
739.6551394872845
 20
941.9289861913805
 10
741.0902186913859
 20
941.9289861913805
  0
LWPOLYLINE
  5
8E8
330
1F
100
AcDbEntity
  8
PDF_SKY-Lipa$0$POLE NUMBER
370
    13
100
AcDbPolyline
 90
        4
 70
     0
 43
0.0
 10
741.6421722314249
 20
943.9160189355211
 10
741.8629536474407
 20
944.0264096435289
 10
742.1941257714641
 20
944.3575817675522
 10
742.1941257714641
 20
941.9289861913805
  0
LWPOLYLINE
  5
8E9
330
1F
100
AcDbEntity
  8
PDF_SKY-Lipa$0$POLE NUMBER
370
    13
100
AcDbPolyline
 90
        4
 70
     0
 43
0.0
 10
743.5188142675578
 20
943.9160189355211
 10
743.7395956835733
 20
944.0264096435289
 10
744.0707678075967
 20
944.3575817675522
 10
744.0707678075967
 20
941.9289861913805
  0
LWPOLYLINE
  5
8EA
330
1F
100
AcDbEntity
  8
PDF_SKY-Lipa$0$POLE NUMBER
370
    13
100
AcDbPolyline
 90
       28
 70
     1
 43
0.0
 10
745.9474098437295
 20
944.3575817675522
 10
745.6162377197061
 20
944.2471910595445
 10
745.5058470116983
 20
944.0264096435289
 10
745.5058470116983
 20
943.805628227513
 10
745.6162377197061
 20
943.5848468114976
 10
745.8370191357218
 20
943.4744561034897
 10
746.2785819677529
 20
943.3640653954819
 10
746.6097540917765
 20
943.2536746874742
 10
746.9409262157999
 20
943.0328932714585
 10
747.0513169238077
 20
942.7017211474352
 10
747.0513169238077
 20
942.3705490234118
 10
746.9409262157999
 20
942.1497676073961
 10
746.7201447997843
 20
942.0393768993884
 10
746.3889726757607
 20
941.9289861913805
 10
745.9474098437295
 20
941.9289861913805
 10
745.6162377197061
 20
942.0393768993884
 10
745.5058470116983
 20
942.1497676073961
 10
745.3954563036906
 20
942.3705490234118
 10
745.3954563036906
 20
942.7017211474352
 10
745.5058470116983
 20
943.0328932714585
 10
745.726628427714
 20
943.2536746874742
 10
746.0578005517374
 20
943.3640653954819
 10
746.4993633837686
 20
943.4744561034897
 10
746.7201447997843
 20
943.5848468114976
 10
746.9409262157999
 20
943.805628227513
 10
746.9409262157999
 20
944.0264096435289
 10
746.7201447997843
 20
944.2471910595445
 10
746.3889726757607
 20
944.3575817675522
  0
LWPOLYLINE
  5
8EB
330
1F
100
AcDbEntity
  8
PDF_SKY-Lipa$0$POLE NUMBER
370
    13
100
AcDbPolyline
 90
        2
 70
     0
 43
0.0
 10
722.2134076220505
 20
990.7216791308322
 10
722.2134076220505
 20
993.1502747070039
  0
LWPOLYLINE
  5
8EC
330
1F
100
AcDbEntity
  8
PDF_SKY-Lipa$0$POLE NUMBER
370
    13
100
AcDbPolyline
 90
        5
 70
     0
 43
0.0
 10
723.2069239941209
 20
990.7216791308322
 10
723.2069239941209
 20
993.1502747070039
 10
724.0900496581832
 20
990.7216791308322
 10
725.0835660302535
 20
993.1502747070039
 10
725.0835660302535
 20
990.7216791308322
  0
LWPOLYLINE
  5
8ED
330
1F
100
AcDbEntity
  8
PDF_SKY-Lipa$0$POLE NUMBER
370
    13
100
AcDbPolyline
 90
        3
 70
     0
 43
0.0
 10
725.966691694316
 20
993.1502747070039
 10
725.966691694316
 20
990.7216791308322
 10
727.4017708984175
 20
990.7216791308322
  0
LWPOLYLINE
  5
8EE
330
1F
100
AcDbEntity
  8
PDF_SKY-Lipa$0$POLE NUMBER
370
    13
100
AcDbPolyline
 90
        2
 70
     0
 43
0.0
 10
727.9537244384567
 20
991.8255862109104
 10
730.0511478906051
 20
991.8255862109104
  0
LWPOLYLINE
  5
8EF
330
1F
100
AcDbEntity
  8
PDF_SKY-Lipa$0$POLE NUMBER
370
    13
100
AcDbPolyline
 90
        4
 70
     0
 43
0.0
 10
730.9342735546675
 20
992.7087118749728
 10
731.2654456786909
 20
992.8191025829805
 10
731.5966178027143
 20
993.1502747070039
 10
731.5966178027143
 20
990.7216791308322
  0
LWPOLYLINE
  5
8F0
330
1F
100
AcDbEntity
  8
PDF_SKY-Lipa$0$POLE NUMBER
370
    13
100
AcDbPolyline
 90
        4
 70
     0
 43
0.0
 10
732.8109155908002
 20
992.7087118749728
 10
733.0316970068158
 20
992.8191025829805
 10
733.4732598388471
 20
993.1502747070039
 10
733.4732598388471
 20
990.7216791308322
  0
LWPOLYLINE
  5
8F1
330
1F
100
AcDbEntity
  8
PDF_SKY-Lipa$0$POLE NUMBER
370
    13
100
AcDbPolyline
 90
       17
 70
     0
 43
0.0
 10
736.1226368310346
 20
993.1502747070039
 10
734.9083390429487
 20
993.1502747070039
 10
734.7979483349408
 20
992.1567583349338
 10
734.9083390429487
 20
992.2671490429415
 10
735.3499018749799
 20
992.3775397509494
 10
735.6810739990033
 20
992.3775397509494
 10
736.0122461230267
 20
992.2671490429415
 10
736.2330275390424
 20
992.046367626926
 10
736.3434182470501
 20
991.6048047948947
 10
736.3434182470501
 20
991.3840233788791
 10
736.2330275390424
 20
991.0528512548557
 10
736.0122461230267
 20
990.8320698388399
 10
735.6810739990033
 20
990.7216791308322
 10
735.2395111669721
 20
990.7216791308322
 10
734.9083390429487
 20
990.8320698388399
 10
734.7979483349408
 20
990.9424605468478
 10
734.6875576269329
 20
991.1632419628636
  0
LWPOLYLINE
  5
8F2
330
1F
100
AcDbEntity
  8
PDF_SKY-Lipa$0$POLE NUMBER
370
    13
100
AcDbPolyline
 90
       15
 70
     0
 43
0.0
 10
762.9475788769322
 20
181.3370080175731
 10
764.272267373026
 20
181.3370080175731
 10
763.4995324169713
 20
180.3434916455028
 10
763.8307045409947
 20
180.3434916455028
 10
764.161876665018
 20
180.233100937495
 10
764.272267373026
 20
180.1227102294872
 10
764.3826580810338
 20
179.7915381054638
 10
764.3826580810338
 20
179.5707566894482
 10
764.272267373026
 20
179.2395845654248
 10
763.9410952490025
 20
179.0188031494091
 10
763.6099231249791
 20
178.9084124414013
 10
763.2787510009556
 20
178.9084124414013
 10
762.9475788769322
 20
179.0188031494091
 10
762.8371881689243
 20
179.1291938574169
 10
762.7267974609166
 20
179.3499752734326
  0
LWPOLYLINE
  5
8F3
330
1F
100
AcDbEntity
  8
PDF_SKY-Lipa$0$POLE NUMBER
370
    13
100
AcDbPolyline
 90
       15
 70
     0
 43
0.0
 10
765.2657837450962
 20
181.3370080175731
 10
766.59047224119
 20
181.3370080175731
 10
765.8177372851353
 20
180.3434916455028
 10
766.2593001171664
 20
180.3434916455028
 10
766.4800815331821
 20
180.233100937495
 10
766.59047224119
 20
180.1227102294872
 10
766.7008629491978
 20
179.7915381054638
 10
766.7008629491978
 20
179.5707566894482
 10
766.59047224119
 20
179.2395845654248
 10
766.3696908251742
 20
179.0188031494091
 10
765.928127993143
 20
178.9084124414013
 10
765.5969558691197
 20
178.9084124414013
 10
765.2657837450962
 20
179.0188031494091
 10
765.1553930370884
 20
179.1291938574169
 10
765.0450023290805
 20
179.3499752734326
  0
LWPOLYLINE
  5
8F4
330
1F
100
AcDbEntity
  8
PDF_SKY-Lipa$0$POLE NUMBER
370
    13
100
AcDbPolyline
 90
       18
 70
     0
 43
0.0
 10
769.1294585253696
 20
180.6746637695263
 10
769.0190678173618
 20
181.0058358935497
 10
768.7982864013461
 20
181.2266173095653
 10
768.5775049853305
 20
181.3370080175731
 10
768.0255514452915
 20
181.3370080175731
 10
767.8047700292759
 20
181.2266173095653
 10
767.5839886132601
 20
181.0058358935497
 10
767.4735979052524
 20
180.6746637695263
 10
767.3632071972446
 20
180.3434916455028
 10
767.3632071972446
 20
179.7915381054638
 10
767.4735979052524
 20
179.4603659814404
 10
767.5839886132601
 20
179.2395845654248
 10
767.8047700292759
 20
179.0188031494091
 10
768.0255514452915
 20
178.9084124414013
 10
768.5775049853305
 20
178.9084124414013
 10
768.7982864013461
 20
179.0188031494091
 10
769.0190678173618
 20
179.2395845654248
 10
769.1294585253696
 20
179.4603659814404
  0
LWPOLYLINE
  5
8F5
330
1F
100
AcDbEntity
  8
PDF_SKY-Lipa$0$POLE NUMBER
370
    13
100
AcDbPolyline
 90
       14
 70
     0
 43
0.0
 10
737.9992788671672
 20
168.9732487206985
 10
737.9992788671672
 20
169.0836394287063
 10
738.109669575175
 20
169.4148115527297
 10
738.2200602831828
 20
169.5252022607375
 10
738.4408416991986
 20
169.6355929687453
 10
738.9927952392375
 20
169.6355929687453
 10
739.2135766552532
 20
169.5252022607375
 10
739.3239673632609
 20
169.4148115527297
 10
739.4343580712687
 20
169.0836394287063
 10
739.4343580712687
 20
168.8628580126907
 10
739.3239673632609
 20
168.642076596675
 10
739.1031859472454
 20
168.3109044726516
 10
737.8888881591595
 20
167.0966066845657
 10
739.5447487792766
 20
167.0966066845657
  0
LWPOLYLINE
  5
8F6
330
1F
100
AcDbEntity
  8
PDF_SKY-Lipa$0$POLE NUMBER
370
    13
100
AcDbPolyline
 90
       17
 70
     0
 43
0.0
 10
741.6421722314249
 20
169.6355929687453
 10
740.4278744433391
 20
169.6355929687453
 10
740.3174837353312
 20
168.5316858886672
 10
740.4278744433391
 20
168.642076596675
 10
740.8694372753704
 20
168.7524673046828
 10
741.2006093993937
 20
168.7524673046828
 10
741.5317815234171
 20
168.642076596675
 10
741.7525629394328
 20
168.4212951806594
 10
741.8629536474407
 20
168.090123056636
 10
741.8629536474407
 20
167.8693416406204
 10
741.7525629394328
 20
167.538169516597
 10
741.5317815234171
 20
167.2069973925735
 10
741.2006093993937
 20
167.0966066845657
 10
740.7590465673625
 20
167.0966066845657
 10
740.4278744433391
 20
167.2069973925735
 10
740.3174837353312
 20
167.4277788085891
 10
740.2070930273234
 20
167.6485602246048
  0
LWPOLYLINE
  5
8F7
330
1F
100
AcDbEntity
  8
PDF_SKY-Lipa$0$POLE NUMBER
370
    13
100
AcDbPolyline
 90
       23
 70
     0
 43
0.0
 10
744.0707678075967
 20
168.7524673046828
 10
743.960377099589
 20
168.4212951806594
 10
743.7395956835733
 20
168.2005137646438
 10
743.4084235595499
 20
168.090123056636
 10
743.2980328515421
 20
168.090123056636
 10
742.9668607275186
 20
168.2005137646438
 10
742.6356886034953
 20
168.4212951806594
 10
742.5252978954874
 20
168.7524673046828
 10
742.5252978954874
 20
168.8628580126907
 10
742.6356886034953
 20
169.1940301367141
 10
742.9668607275186
 20
169.5252022607375
 10
743.2980328515421
 20
169.6355929687453
 10
743.4084235595499
 20
169.6355929687453
 10
743.7395956835733
 20
169.5252022607375
 10
743.960377099589
 20
169.1940301367141
 10
744.0707678075967
 20
168.7524673046828
 10
744.0707678075967
 20
168.2005137646438
 10
743.960377099589
 20
167.6485602246048
 10
743.7395956835733
 20
167.2069973925735
 10
743.4084235595499
 20
167.0966066845657
 10
743.1876421435344
 20
167.0966066845657
 10
742.7460793115031
 20
167.2069973925735
 10
742.6356886034953
 20
167.538169516597
  0
LWPOLYLINE
  5
8F8
330
1F
100
AcDbEntity
  8
PDF_SKY-Lipa$0$POLE NUMBER
370
    13
100
AcDbPolyline
 90
        3
 70
     0
 43
0.0
 10
744.8435027636515
 20
169.6355929687453
 10
746.4993633837686
 20
169.6355929687453
 10
745.3954563036906
 20
167.0966066845657
  0
LWPOLYLINE
  5
8F9
330
1F
100
AcDbEntity
  8
PDF_SKY-Lipa$0$POLE NUMBER
370
    13
100
AcDbPolyline
 90
       16
 70
     1
 43
0.0
 10
747.9344425878702
 20
169.6355929687453
 10
747.6032704638466
 20
169.4148115527297
 10
747.3824890478311
 20
169.0836394287063
 10
747.2720983398232
 20
168.5316858886672
 10
747.2720983398232
 20
168.2005137646438
 10
747.3824890478311
 20
167.6485602246048
 10
747.6032704638466
 20
167.2069973925735
 10
747.9344425878702
 20
167.0966066845657
 10
748.1552240038857
 20
167.0966066845657
 10
748.4863961279091
 20
167.2069973925735
 10
748.7071775439248
 20
167.6485602246048
 10
748.8175682519326
 20
168.2005137646438
 10
748.8175682519326
 20
168.5316858886672
 10
748.7071775439248
 20
169.0836394287063
 10
748.4863961279091
 20
169.4148115527297
 10
748.1552240038857
 20
169.6355929687453
  0
LWPOLYLINE
  5
8FA
330
1F
100
AcDbEntity
  8
PDF_SKY-Lipa$0$POLE NUMBER
370
    13
100
AcDbPolyline
 90
        2
 70
     0
 43
0.0
 10
733.4732598388471
 20
194.5838929785103
 10
733.4732598388471
 20
197.0124885546821
  0
LWPOLYLINE
  5
8FB
330
1F
100
AcDbEntity
  8
PDF_SKY-Lipa$0$POLE NUMBER
370
    13
100
AcDbPolyline
 90
        5
 70
     0
 43
0.0
 10
734.3563855029096
 20
194.5838929785103
 10
734.4667762109174
 20
197.0124885546821
 10
735.3499018749799
 20
194.5838929785103
 10
736.2330275390424
 20
197.0124885546821
 10
736.2330275390424
 20
194.5838929785103
  0
LWPOLYLINE
  5
8FC
330
1F
100
AcDbEntity
  8
PDF_SKY-Lipa$0$POLE NUMBER
370
    13
100
AcDbPolyline
 90
        3
 70
     0
 43
0.0
 10
737.2265439111126
 20
197.0124885546821
 10
737.2265439111126
 20
194.5838929785103
 10
738.5512324072063
 20
194.5838929785103
  0
LWPOLYLINE
  5
8FD
330
1F
100
AcDbEntity
  8
PDF_SKY-Lipa$0$POLE NUMBER
370
    13
100
AcDbPolyline
 90
        2
 70
     0
 43
0.0
 10
739.2135766552532
 20
195.5774093505806
 10
741.3110001074016
 20
195.5774093505806
  0
LWPOLYLINE
  5
8FE
330
1F
100
AcDbEntity
  8
PDF_SKY-Lipa$0$POLE NUMBER
370
    13
100
AcDbPolyline
 90
        4
 70
     0
 43
0.0
 10
742.1941257714641
 20
196.5709257226509
 10
742.4149071874796
 20
196.6813164306587
 10
742.8564700195108
 20
197.0124885546821
 10
742.8564700195108
 20
194.5838929785103
  0
LWPOLYLINE
  5
8FF
330
1F
100
AcDbEntity
  8
PDF_SKY-Lipa$0$POLE NUMBER
370
    13
100
AcDbPolyline
 90
       15
 70
     0
 43
0.0
 10
744.2915492236124
 20
197.0124885546821
 10
745.6162377197061
 20
197.0124885546821
 10
744.9538934716592
 20
196.1293628906196
 10
745.2850655956827
 20
196.0189721826118
 10
745.5058470116983
 20
195.908581474604
 10
745.6162377197061
 20
195.7981907665962
 10
745.726628427714
 20
195.4670186425728
 10
745.726628427714
 20
195.2462372265571
 10
745.6162377197061
 20
194.9150651025337
 10
745.3954563036906
 20
194.6942836865181
 10
745.064284179667
 20
194.5838929785103
 10
744.6227213476358
 20
194.5838929785103
 10
744.2915492236124
 20
194.6942836865181
 10
744.1811585156046
 20
194.8046743945259
 10
744.0707678075967
 20
195.0254558105415
  0
LWPOLYLINE
  5
900
330
1F
100
AcDbEntity
  8
PDF_SKY-Lipa$0$POLE NUMBER
370
    13
100
AcDbPolyline
 90
       15
 70
     0
 43
0.0
 10
746.6097540917765
 20
197.0124885546821
 10
747.9344425878702
 20
197.0124885546821
 10
747.2720983398232
 20
196.0189721826118
 10
747.6032704638466
 20
196.0189721826118
 10
747.8240518798624
 20
195.908581474604
 10
747.9344425878702
 20
195.7981907665962
 10
748.0448332958779
 20
195.4670186425728
 10
748.0448332958779
 20
195.2462372265571
 10
747.9344425878702
 20
194.9150651025337
 10
747.7136611718544
 20
194.6942836865181
 10
747.3824890478311
 20
194.5838929785103
 10
747.0513169238077
 20
194.5838929785103
 10
746.6097540917765
 20
194.6942836865181
 10
746.4993633837686
 20
194.8046743945259
 10
746.3889726757607
 20
195.0254558105415
  0
LWPOLYLINE
  5
901
330
1F
100
AcDbEntity
  8
PDF_SKY-Lipa$0$POLE NUMBER
370
    13
100
AcDbPolyline
 90
       18
 70
     0
 43
0.0
 10
750.4734288720498
 20
196.460535014643
 10
750.3630381640419
 20
196.6813164306587
 10
750.1422567480264
 20
196.9020978466743
 10
749.9214753320107
 20
197.0124885546821
 10
749.4799124999794
 20
197.0124885546821
 10
749.2591310839639
 20
196.9020978466743
 10
749.0383496679482
 20
196.6813164306587
 10
748.8175682519326
 20
196.460535014643
 10
748.7071775439248
 20
196.0189721826118
 10
748.7071775439248
 20
195.4670186425728
 10
748.8175682519326
 20
195.1358465185493
 10
748.9279589599405
 20
194.9150651025337
 10
749.2591310839639
 20
194.6942836865181
 10
749.4799124999794
 20
194.5838929785103
 10
749.9214753320107
 20
194.5838929785103
 10
750.1422567480264
 20
194.6942836865181
 10
750.3630381640419
 20
194.9150651025337
 10
750.4734288720498
 20
195.1358465185493
  0
LWPOLYLINE
  5
902
330
1F
100
AcDbEntity
  8
PDF_SKY-Lipa$0$POLE NUMBER
370
    13
100
AcDbPolyline
 90
        2
 70
     0
 43
0.0
 10
751.2461638281044
 20
194.5838929785103
 10
751.2461638281044
 20
197.0124885546821
  0
LWPOLYLINE
  5
903
330
1F
100
AcDbEntity
  8
PDF_SKY-Lipa$0$POLE NUMBER
370
    13
100
AcDbPolyline
 90
        4
 70
     0
 43
0.0
 10
702.5638615966604
 20
162.0186341162065
 10
702.784643012676
 20
162.1290248242143
 10
703.1158151366995
 20
162.5705876562455
 10
703.1158151366995
 20
160.0316013720659
  0
LWPOLYLINE
  5
904
330
1F
100
AcDbEntity
  8
PDF_SKY-Lipa$0$POLE NUMBER
370
    13
100
AcDbPolyline
 90
       15
 70
     0
 43
0.0
 10
704.6612850488088
 20
162.5705876562455
 10
705.8755828368947
 20
162.4601969482377
 10
705.2132385888478
 20
161.5770712841752
 10
705.5444107128713
 20
161.5770712841752
 10
705.7651921288869
 20
161.4666805761674
 10
705.8755828368947
 20
161.3562898681596
 10
705.9859735449025
 20
161.0251177441362
 10
705.9859735449025
 20
160.8043363281206
 10
705.8755828368947
 20
160.3627734960893
 10
705.6548014208791
 20
160.1419920800737
 10
705.3236292968556
 20
160.0316013720659
 10
704.9924571728322
 20
160.0316013720659
 10
704.6612850488088
 20
160.1419920800737
 10
704.550894340801
 20
160.2523827880815
 10
704.4405036327932
 20
160.583554912105
  0
LWPOLYLINE
  5
905
330
1F
100
AcDbEntity
  8
PDF_SKY-Lipa$0$POLE NUMBER
370
    13
100
AcDbPolyline
 90
       15
 70
     0
 43
0.0
 10
706.9794899169728
 20
162.4601969482377
 10
708.3041784130665
 20
162.4601969482377
 10
707.5314434570118
 20
161.5770712841752
 10
707.8626155810353
 20
161.5770712841752
 10
708.0833969970509
 20
161.4666805761674
 10
708.1937877050587
 20
161.3562898681596
 10
708.4145691210743
 20
161.0251177441362
 10
708.4145691210743
 20
160.8043363281206
 10
708.1937877050587
 20
160.3627734960893
 10
707.9730062890432
 20
160.1419920800737
 10
707.6418341650196
 20
160.0316013720659
 10
707.3106620409962
 20
160.0316013720659
 10
706.9794899169728
 20
160.1419920800737
 10
706.869099208965
 20
160.2523827880815
 10
706.7587085009572
 20
160.583554912105
  0
LWPOLYLINE
  5
906
330
1F
100
AcDbEntity
  8
PDF_SKY-Lipa$0$POLE NUMBER
370
    13
100
AcDbPolyline
 90
        3
 70
     0
 43
0.0
 10
709.0769133691212
 20
160.0316013720659
 10
709.0769133691212
 20
162.4601969482377
 10
710.6223832812305
 20
162.4601969482377
  0
LWPOLYLINE
  5
907
330
1F
100
AcDbEntity
  8
PDF_SKY-Lipa$0$POLE NUMBER
370
    13
100
AcDbPolyline
 90
        2
 70
     0
 43
0.0
 10
709.0769133691212
 20
161.3562898681596
 10
709.9600390331836
 20
161.3562898681596
  0
LWPOLYLINE
  5
908
330
1F
100
AcDbEntity
  8
PDF_SKY-Lipa$0$POLE NUMBER
370
    13
100
AcDbPolyline
 90
        4
 70
     0
 43
0.0
 10
713.6029323974415
 20
120.9532907373013
 10
713.823713813457
 20
121.0636814453092
 10
714.1548859374804
 20
121.3948535693326
 10
714.1548859374804
 20
118.9662579931608
  0
LWPOLYLINE
  5
909
330
1F
100
AcDbEntity
  8
PDF_SKY-Lipa$0$POLE NUMBER
370
    13
100
AcDbPolyline
 90
       15
 70
     0
 43
0.0
 10
715.7003558495897
 20
121.3948535693326
 10
716.9146536376756
 20
121.3948535693326
 10
716.2523093896289
 20
120.5117279052701
 10
716.5834815136522
 20
120.5117279052701
 10
716.8042629296678
 20
120.4013371972623
 10
716.9146536376756
 20
120.2909464892545
 10
717.0250443456835
 20
119.9597743652311
 10
717.0250443456835
 20
119.7389929492155
 10
716.9146536376756
 20
119.2974301171842
 10
716.69387222166
 20
119.0766487011686
 10
716.3627000976366
 20
118.9662579931608
 10
716.0315279736132
 20
118.9662579931608
 10
715.7003558495897
 20
119.0766487011686
 10
715.5899651415819
 20
119.1870394091764
 10
715.4795744335741
 20
119.5182115331998
  0
LWPOLYLINE
  5
90A
330
1F
100
AcDbEntity
  8
PDF_SKY-Lipa$0$POLE NUMBER
370
    13
100
AcDbPolyline
 90
       15
 70
     0
 43
0.0
 10
718.0185607177537
 20
121.3948535693326
 10
719.3432492138474
 20
121.3948535693326
 10
718.5705142577928
 20
120.5117279052701
 10
718.9016863818162
 20
120.5117279052701
 10
719.1224677978318
 20
120.4013371972623
 10
719.3432492138474
 20
120.2909464892545
 10
719.4536399218552
 20
119.9597743652311
 10
719.4536399218552
 20
119.7389929492155
 10
719.3432492138474
 20
119.2974301171842
 10
719.012077089824
 20
119.0766487011686
 10
718.6809049658006
 20
118.9662579931608
 10
718.3497328417772
 20
118.9662579931608
 10
718.0185607177537
 20
119.0766487011686
 10
717.908170009746
 20
119.1870394091764
 10
717.7977793017381
 20
119.407820825192
  0
LWPOLYLINE
  5
90B
330
1F
100
AcDbEntity
  8
PDF_SKY-Lipa$0$POLE NUMBER
370
    13
100
AcDbPolyline
 90
       12
 70
     1
 43
0.0
 10
720.1159841699022
 20
118.9662579931608
 10
720.1159841699022
 20
121.3948535693326
 10
720.8887191259568
 20
121.3948535693326
 10
721.2198912499802
 20
121.2844628613248
 10
721.5510633740036
 20
121.0636814453092
 10
721.6614540820114
 20
120.8429000292935
 10
721.7718447900193
 20
120.5117279052701
 10
721.7718447900193
 20
119.9597743652311
 10
721.6614540820114
 20
119.5182115331998
 10
721.5510633740036
 20
119.2974301171842
 10
721.2198912499802
 20
119.0766487011686
 10
720.8887191259568
 20
118.9662579931608
  0
LWPOLYLINE
  5
90C
330
1F
100
AcDbEntity
  8
PDF_SKY-Lipa$0$RICKLEE_HOUSECOUNT
370
     0
100
AcDbPolyline
 90
        4
 70
     1
 43
0.0
 10
814.058476684548
 20
550.483535595688
 10
814.058476684548
 20
545.9575165673678
 10
809.6428483642355
 20
545.9575165673678
 10
809.6428483642355
 20
550.483535595688
  0
LWPOLYLINE
  5
90D
330
1F
100
AcDbEntity
  8
PDF_SKY-Lipa$0$RICKLEE_HOUSECOUNT
370
     0
100
AcDbPolyline
 90
        4
 70
     0
 43
0.0
 10
810.7467554443138
 20
547.6133771874849
 10
810.7467554443138
 20
548.8276749755709
 10
810.1948019042747
 20
548.0549400195163
 10
810.9675368603292
 20
548.0549400195163
  0
LWPOLYLINE
  5
90F
330
1F
100
AcDbEntity
  8
PDF_SKY-Lipa$0$RICKLEE_HOUSECOUNT
370
     0
100
AcDbPolyline
 90
        2
 70
     0
 43
0.0
 10
812.292225356423
 20
549.0484563915865
 10
811.2987089843526
 20
547.2822050634615
  0
LWPOLYLINE
  5
910
330
1F
100
AcDbEntity
  8
PDF_SKY-Lipa$0$RICKLEE_HOUSECOUNT
370
     0
100
AcDbPolyline
 90
       27
 70
     1
 43
0.0
 10
812.8441788964622
 20
548.8276749755709
 10
812.7337881884542
 20
548.8276749755709
 10
812.6233974804465
 20
548.7172842675631
 10
812.6233974804465
 20
548.6068935595553
 10
812.7337881884542
 20
548.4965028515476
 10
812.8441788964622
 20
548.3861121435396
 10
813.0649603124776
 20
548.3861121435396
 10
813.1753510204855
 20
548.2757214355318
 10
813.2857417284933
 20
548.165330727524
 10
813.3961324365012
 20
548.0549400195163
 10
813.3961324365012
 20
547.8341586035005
 10
813.2857417284933
 20
547.7237678954927
 10
813.0649603124776
 20
547.6133771874849
 10
812.8441788964622
 20
547.6133771874849
 10
812.7337881884542
 20
547.7237678954927
 10
812.6233974804465
 20
547.7237678954927
 10
812.6233974804465
 20
547.8341586035005
 10
812.6233974804465
 20
548.0549400195163
 10
812.6233974804465
 20
548.165330727524
 10
812.7337881884542
 20
548.2757214355318
 10
812.9545696044699
 20
548.3861121435396
 10
813.1753510204855
 20
548.3861121435396
 10
813.2857417284933
 20
548.4965028515476
 10
813.2857417284933
 20
548.6068935595553
 10
813.2857417284933
 20
548.7172842675631
 10
813.2857417284933
 20
548.8276749755709
 10
813.0649603124776
 20
548.8276749755709
  0
LWPOLYLINE
  5
911
330
1F
100
AcDbEntity
  8
PDF_SKY-Lipa$0$RICKLEE_HOUSECOUNT
370
     0
100
AcDbPolyline
 90
        4
 70
     1
 43
0.0
 10
773.4346961376741
 20
741.0178976171671
 10
773.4346961376741
 20
736.4918785888469
 10
768.9086771093538
 20
736.4918785888469
 10
768.9086771093538
 20
741.0178976171671
  0
LWPOLYLINE
  5
912
330
1F
100
AcDbEntity
  8
PDF_SKY-Lipa$0$RICKLEE_HOUSECOUNT
370
     0
100
AcDbPolyline
 90
       16
 70
     1
 43
0.0
 10
769.7918027734163
 20
739.4724277050579
 10
769.5710213574008
 20
739.3620369970501
 10
769.460630649393
 20
739.2516462890423
 10
769.460630649393
 20
738.9204741650187
 10
769.460630649393
 20
738.8100834570109
 10
769.460630649393
 20
738.4789113329875
 10
769.5710213574008
 20
738.2581299169719
 10
769.7918027734163
 20
738.2581299169719
 10
769.9021934814242
 20
738.2581299169719
 10
770.1229748974399
 20
738.2581299169719
 10
770.2333656054477
 20
738.4789113329875
 10
770.2333656054477
 20
738.8100834570109
 10
770.2333656054477
 20
738.9204741650187
 10
770.2333656054477
 20
739.2516462890423
 10
770.1229748974399
 20
739.3620369970501
 10
769.9021934814242
 20
739.4724277050579
  0
LWPOLYLINE
  5
913
330
1F
100
AcDbEntity
  8
PDF_SKY-Lipa$0$RICKLEE_HOUSECOUNT
370
     0
100
AcDbPolyline
 90
        2
 70
     0
 43
0.0
 10
771.6684448095492
 20
739.6932091210735
 10
770.5645377294711
 20
737.8165670849407
  0
LWPOLYLINE
  5
914
330
1F
100
AcDbEntity
  8
PDF_SKY-Lipa$0$RICKLEE_HOUSECOUNT
370
     0
100
AcDbPolyline
 90
        4
 70
     0
 43
0.0
 10
772.4411797656039
 20
738.2581299169719
 10
772.4411797656039
 20
739.4724277050579
 10
771.8892262255648
 20
738.6996927490031
 10
772.7723518896273
 20
738.6996927490031
  0
LWPOLYLINE
  5
916
330
1F
100
AcDbEntity
  8
PDF_SKY-Lipa$0$RICKLEE_HOUSECOUNT
370
     0
100
AcDbPolyline
 90
        4
 70
     1
 43
0.0
 10
758.973513388651
 20
806.4795874657981
 10
758.8631226806433
 20
801.953568437478
 10
754.4474943603309
 20
801.953568437478
 10
754.4474943603309
 20
806.4795874657981
  0
LWPOLYLINE
  5
917
330
1F
100
AcDbEntity
  8
PDF_SKY-Lipa$0$RICKLEE_HOUSECOUNT
370
     0
100
AcDbPolyline
 90
        4
 70
     0
 43
0.0
 10
755.1098386083777
 20
804.7133361376731
 10
755.2202293163856
 20
804.7133361376731
 10
755.3306200243934
 20
804.9341175536889
 10
755.3306200243934
 20
803.719819765603
  0
LWPOLYLINE
  5
918
330
1F
100
AcDbEntity
  8
PDF_SKY-Lipa$0$RICKLEE_HOUSECOUNT
370
     0
100
AcDbPolyline
 90
        2
 70
     0
 43
0.0
 10
757.0968713525182
 20
805.1548989697046
 10
755.9929642724402
 20
803.2782569335719
  0
LWPOLYLINE
  5
919
330
1F
100
AcDbEntity
  8
PDF_SKY-Lipa$0$RICKLEE_HOUSECOUNT
370
     0
100
AcDbPolyline
 90
       28
 70
     1
 43
0.0
 10
757.5384341845496
 20
804.9341175536889
 10
757.4280434765418
 20
804.823726845681
 10
757.3176527685339
 20
804.7133361376731
 10
757.3176527685339
 20
804.6029454296654
 10
757.4280434765418
 20
804.4925547216575
 10
757.5384341845496
 20
804.4925547216575
 10
757.7592156005652
 20
804.3821640136497
 10
757.869606308573
 20
804.271773305642
 10
757.9799970165808
 20
804.1613825976341
 10
758.0903877245885
 20
804.0509918896264
 10
758.0903877245885
 20
803.9406011816186
 10
757.9799970165808
 20
803.8302104736107
 10
757.9799970165808
 20
803.719819765603
 10
757.7592156005652
 20
803.719819765603
 10
757.5384341845496
 20
803.719819765603
 10
757.4280434765418
 20
803.719819765603
 10
757.3176527685339
 20
803.8302104736107
 10
757.3176527685339
 20
803.9406011816186
 10
757.3176527685339
 20
804.0509918896264
 10
757.3176527685339
 20
804.1613825976341
 10
757.4280434765418
 20
804.3821640136497
 10
757.6488248925573
 20
804.3821640136497
 10
757.869606308573
 20
804.4925547216575
 10
757.9799970165808
 20
804.4925547216575
 10
757.9799970165808
 20
804.6029454296654
 10
757.9799970165808
 20
804.7133361376731
 10
757.9799970165808
 20
804.823726845681
 10
757.7592156005652
 20
804.9341175536889
  0
LWPOLYLINE
  5
91A
330
1F
100
AcDbEntity
  8
PDF_SKY-Lipa$0$RICKLEE_HOUSECOUNT
370
     0
100
AcDbPolyline
 90
        4
 70
     1
 43
0.0
 10
752.1292894921669
 20
837.1682042919692
 10
752.1292894921669
 20
832.6421852636491
 10
747.6032704638466
 20
832.6421852636491
 10
747.6032704638466
 20
837.1682042919692
  0
LWPOLYLINE
  5
91B
330
1F
100
AcDbEntity
  8
PDF_SKY-Lipa$0$RICKLEE_HOUSECOUNT
370
     0
100
AcDbPolyline
 90
       15
 70
     0
 43
0.0
 10
748.2656147118936
 20
835.62273437986
 10
748.9279589599405
 20
835.62273437986
 10
748.5967868359169
 20
835.0707808398208
 10
748.7071775439248
 20
835.0707808398208
 10
748.8175682519326
 20
835.0707808398208
 10
748.9279589599405
 20
834.9603901318129
 10
748.9279589599405
 20
834.8499994238052
 10
748.9279589599405
 20
834.7396087157974
 10
748.9279589599405
 20
834.5188272997818
 10
748.8175682519326
 20
834.4084365917741
 10
748.5967868359169
 20
834.4084365917741
 10
748.3760054199014
 20
834.4084365917741
 10
748.2656147118936
 20
834.4084365917741
 10
748.1552240038857
 20
834.5188272997818
 10
748.1552240038857
 20
834.6292180077895
  0
LWPOLYLINE
  5
91C
330
1F
100
AcDbEntity
  8
PDF_SKY-Lipa$0$RICKLEE_HOUSECOUNT
370
     0
100
AcDbPolyline
 90
        2
 70
     0
 43
0.0
 10
750.3630381640419
 20
835.8435157958757
 10
749.2591310839639
 20
833.9668737597428
  0
LWPOLYLINE
  5
91D
330
1F
100
AcDbEntity
  8
PDF_SKY-Lipa$0$RICKLEE_HOUSECOUNT
370
     0
100
AcDbPolyline
 90
       28
 70
     1
 43
0.0
 10
750.914991704081
 20
835.62273437986
 10
750.6942102880653
 20
835.5123436718519
 10
750.5838195800576
 20
835.4019529638442
 10
750.5838195800576
 20
835.2915622558365
 10
750.6942102880653
 20
835.1811715478286
 10
750.8046009960732
 20
835.0707808398208
 10
751.0253824120887
 20
835.0707808398208
 10
751.2461638281044
 20
834.9603901318129
 10
751.3565545361123
 20
834.8499994238052
 10
751.3565545361123
 20
834.7396087157974
 10
751.3565545361123
 20
834.6292180077895
 10
751.3565545361123
 20
834.5188272997818
 10
751.2461638281044
 20
834.4084365917741
 10
751.1357731200965
 20
834.4084365917741
 10
750.8046009960732
 20
834.4084365917741
 10
750.6942102880653
 20
834.4084365917741
 10
750.5838195800576
 20
834.5188272997818
 10
750.5838195800576
 20
834.6292180077895
 10
750.5838195800576
 20
834.7396087157974
 10
750.5838195800576
 20
834.8499994238052
 10
750.6942102880653
 20
834.9603901318129
 10
750.914991704081
 20
835.0707808398208
 10
751.1357731200965
 20
835.0707808398208
 10
751.2461638281044
 20
835.1811715478286
 10
751.3565545361123
 20
835.2915622558365
 10
751.3565545361123
 20
835.4019529638442
 10
751.2461638281044
 20
835.5123436718519
 10
751.1357731200965
 20
835.62273437986
  0
LWPOLYLINE
  5
91E
330
1F
100
AcDbEntity
  8
PDF_SKY-Lipa$0$RICKLEE_HOUSECOUNT
370
     0
100
AcDbPolyline
 90
        4
 70
     1
 43
0.0
 10
687.771506723614
 20
879.2270640429446
 10
687.771506723614
 20
874.7010450146245
 10
683.2454876952938
 20
874.7010450146245
 10
683.2454876952938
 20
879.2270640429446
  0
LWPOLYLINE
  5
91F
330
1F
100
AcDbEntity
  8
PDF_SKY-Lipa$0$RICKLEE_HOUSECOUNT
370
     0
100
AcDbPolyline
 90
       16
 70
     1
 43
0.0
 10
684.2390040673641
 20
877.6815941308353
 10
684.0182226513483
 20
877.5712034228275
 10
683.9078319433406
 20
877.4608127148196
 10
683.9078319433406
 20
877.1296405907962
 10
683.9078319433406
 20
876.9088591747806
 10
683.9078319433406
 20
876.6880777587651
 10
684.0182226513483
 20
876.4672963427495
 10
684.2390040673641
 20
876.4672963427495
 10
684.3493947753719
 20
876.4672963427495
 10
684.4597854833797
 20
876.4672963427495
 10
684.5701761913875
 20
876.6880777587651
 10
684.6805668993953
 20
876.9088591747806
 10
684.6805668993953
 20
877.1296405907962
 10
684.5701761913875
 20
877.4608127148196
 10
684.4597854833797
 20
877.5712034228275
 10
684.3493947753719
 20
877.6815941308353
  0
LWPOLYLINE
  5
920
330
1F
100
AcDbEntity
  8
PDF_SKY-Lipa$0$RICKLEE_HOUSECOUNT
370
     0
100
AcDbPolyline
 90
        2
 70
     0
 43
0.0
 10
686.005255395489
 20
877.9023755468509
 10
685.0117390234187
 20
876.0257335107182
  0
LWPOLYLINE
  5
921
330
1F
100
AcDbEntity
  8
PDF_SKY-Lipa$0$RICKLEE_HOUSECOUNT
370
     0
100
AcDbPolyline
 90
       20
 70
     0
 43
0.0
 10
686.9987717675593
 20
877.4608127148196
 10
686.8883810595515
 20
877.5712034228275
 10
686.7779903515437
 20
877.6815941308353
 10
686.6675996435359
 20
877.6815941308353
 10
686.4468182275202
 20
877.5712034228275
 10
686.3364275195124
 20
877.4608127148196
 10
686.3364275195124
 20
877.1296405907962
 10
686.3364275195124
 20
876.7984684667728
 10
686.3364275195124
 20
876.5776870507572
 10
686.4468182275202
 20
876.4672963427495
 10
686.6675996435359
 20
876.4672963427495
 10
686.8883810595515
 20
876.4672963427495
 10
686.9987717675593
 20
876.5776870507572
 10
686.9987717675593
 20
876.7984684667728
 10
686.9987717675593
 20
877.0192498827885
 10
686.8883810595515
 20
877.1296405907962
 10
686.6675996435359
 20
877.1296405907962
 10
686.4468182275202
 20
877.1296405907962
 10
686.3364275195124
 20
877.0192498827885
 10
686.3364275195124
 20
876.7984684667728
  0
LWPOLYLINE
  5
922
330
1F
100
AcDbEntity
  8
PDF_SKY-Lipa$0$RICKLEE_HOUSECOUNT
370
     0
100
AcDbPolyline
 90
        4
 70
     1
 43
0.0
 10
729.1680222265426
 20
943.805628227513
 10
729.1680222265426
 20
939.389999907201
 10
724.7523939062301
 20
939.389999907201
 10
724.7523939062301
 20
943.805628227513
  0
LWPOLYLINE
  5
923
330
1F
100
AcDbEntity
  8
PDF_SKY-Lipa$0$RICKLEE_HOUSECOUNT
370
     0
100
AcDbPolyline
 90
       14
 70
     0
 43
0.0
 10
725.4147381542771
 20
942.2601583154039
 10
726.0770824023238
 20
942.2601583154039
 10
725.7459102783005
 20
941.8185954833727
 10
725.8563009863082
 20
941.8185954833727
 10
725.966691694316
 20
941.8185954833727
 10
726.0770824023238
 20
941.708204775365
 10
726.0770824023238
 20
941.4874233593492
 10
726.0770824023238
 20
941.3770326513413
 10
726.0770824023238
 20
941.2666419433335
 10
725.966691694316
 20
941.1562512353256
 10
725.7459102783005
 20
941.0458605273179
 10
725.6355195702926
 20
941.0458605273179
 10
725.4147381542771
 20
941.1562512353256
 10
725.3043474462692
 20
941.2666419433335
  0
LWPOLYLINE
  5
924
330
1F
100
AcDbEntity
  8
PDF_SKY-Lipa$0$RICKLEE_HOUSECOUNT
370
     0
100
AcDbPolyline
 90
        2
 70
     0
 43
0.0
 10
727.5121616064254
 20
942.4809397314195
 10
726.518645234355
 20
940.7146884032945
  0
LWPOLYLINE
  5
925
330
1F
100
AcDbEntity
  8
PDF_SKY-Lipa$0$RICKLEE_HOUSECOUNT
370
     0
100
AcDbPolyline
 90
       23
 70
     0
 43
0.0
 10
728.3952872704879
 20
942.1497676073961
 10
728.3952872704879
 20
942.2601583154039
 10
728.1745058544722
 20
942.2601583154039
 10
728.0641151464644
 20
942.2601583154039
 10
727.9537244384567
 20
942.2601583154039
 10
727.8433337304488
 20
942.0393768993884
 10
727.732943022441
 20
941.8185954833727
 10
727.732943022441
 20
941.4874233593492
 10
727.8433337304488
 20
941.2666419433335
 10
727.9537244384567
 20
941.1562512353256
 10
728.0641151464644
 20
941.0458605273179
 10
728.1745058544722
 20
941.0458605273179
 10
728.28489656248
 20
941.1562512353256
 10
728.3952872704879
 20
941.2666419433335
 10
728.5056779784956
 20
941.3770326513413
 10
728.5056779784956
 20
941.4874233593492
 10
728.3952872704879
 20
941.5978140673571
 10
728.28489656248
 20
941.8185954833727
 10
728.1745058544722
 20
941.8185954833727
 10
728.0641151464644
 20
941.8185954833727
 10
727.9537244384567
 20
941.8185954833727
 10
727.8433337304488
 20
941.5978140673571
 10
727.732943022441
 20
941.4874233593492
  0
LWPOLYLINE
  5
926
330
1F
100
AcDbEntity
  8
PDF_SKY-Lipa$0$RICKLEE_HOUSECOUNT
370
     0
100
AcDbPolyline
 90
        4
 70
     1
 43
0.0
 10
718.9016863818162
 20
993.812618955051
 10
718.7912956738085
 20
989.3969906347386
 10
714.375667353496
 20
989.3969906347386
 10
714.375667353496
 20
993.812618955051
  0
LWPOLYLINE
  5
927
330
1F
100
AcDbEntity
  8
PDF_SKY-Lipa$0$RICKLEE_HOUSECOUNT
370
     0
100
AcDbPolyline
 90
        4
 70
     0
 43
0.0
 10
715.0380116015429
 20
992.046367626926
 10
715.1484023095507
 20
992.1567583349338
 10
715.2587930175585
 20
992.2671490429415
 10
715.2587930175585
 20
991.0528512548557
  0
LWPOLYLINE
  5
928
330
1F
100
AcDbEntity
  8
PDF_SKY-Lipa$0$RICKLEE_HOUSECOUNT
370
     0
100
AcDbPolyline
 90
        2
 70
     0
 43
0.0
 10
716.9146536376756
 20
992.4879304589572
 10
715.9211372656054
 20
990.6112884228244
  0
LWPOLYLINE
  5
929
330
1F
100
AcDbEntity
  8
PDF_SKY-Lipa$0$RICKLEE_HOUSECOUNT
370
     0
100
AcDbPolyline
 90
        4
 70
     0
 43
0.0
 10
717.7977793017381
 20
991.0528512548557
 10
717.7977793017381
 20
992.2671490429415
 10
717.1354350536914
 20
991.494414086887
 10
718.0185607177537
 20
991.494414086887
  0
LWPOLYLINE
  5
92B
330
1F
100
AcDbEntity
  8
PDF_SKY-Lipa$0$RICKLEE_HOUSECOUNT
370
     0
100
AcDbPolyline
 90
        4
 70
     1
 43
0.0
 10
805.337610751931
 20
589.4514555224447
 10
805.337610751931
 20
585.0358272021323
 10
800.8115917236109
 20
585.0358272021323
 10
800.8115917236109
 20
589.4514555224447
  0
LWPOLYLINE
  5
92C
330
1F
100
AcDbEntity
  8
PDF_SKY-Lipa$0$RICKLEE_HOUSECOUNT
370
     0
100
AcDbPolyline
 90
       21
 70
     0
 43
0.0
 10
801.6947173876733
 20
587.7955949023276
 10
801.5843266796656
 20
587.9059856103354
 10
801.4739359716577
 20
587.9059856103354
 10
801.3635452636499
 20
587.9059856103354
 10
801.1427638476343
 20
587.9059856103354
 10
801.0323731396265
 20
587.6852041943197
 10
801.0323731396265
 20
587.3540320702963
 10
801.0323731396265
 20
587.1332506542808
 10
801.0323731396265
 20
586.9124692382651
 10
801.1427638476343
 20
586.8020785302574
 10
801.3635452636499
 20
586.6916878222496
 10
801.5843266796656
 20
586.8020785302574
 10
801.6947173876733
 20
586.9124692382651
 10
801.805108095681
 20
587.022859946273
 10
801.805108095681
 20
587.1332506542808
 10
801.6947173876733
 20
587.2436413622885
 10
801.5843266796656
 20
587.3540320702963
 10
801.3635452636499
 20
587.4644227783042
 10
801.1427638476343
 20
587.3540320702963
 10
801.0323731396265
 20
587.2436413622885
 10
801.0323731396265
 20
587.1332506542808
  0
LWPOLYLINE
  5
92D
330
1F
100
AcDbEntity
  8
PDF_SKY-Lipa$0$RICKLEE_HOUSECOUNT
370
     0
100
AcDbPolyline
 90
        2
 70
     0
 43
0.0
 10
803.2401872997827
 20
588.1267670263509
 10
802.1362802197046
 20
586.2501249902184
  0
LWPOLYLINE
  5
92E
330
1F
100
AcDbEntity
  8
PDF_SKY-Lipa$0$RICKLEE_HOUSECOUNT
370
     0
100
AcDbPolyline
 90
        4
 70
     0
 43
0.0
 10
803.4609687157983
 20
587.6852041943197
 10
803.571359423806
 20
587.7955949023276
 10
803.6817501318139
 20
587.9059856103354
 10
803.6817501318139
 20
586.6916878222496
  0
LWPOLYLINE
  5
92F
330
1F
100
AcDbEntity
  8
PDF_SKY-Lipa$0$RICKLEE_HOUSECOUNT
370
     0
100
AcDbPolyline
 90
       16
 70
     1
 43
0.0
 10
804.6752665038843
 20
587.9059856103354
 10
804.5648757958764
 20
587.9059856103354
 10
804.4544850878686
 20
587.6852041943197
 10
804.3440943798609
 20
587.3540320702963
 10
804.3440943798609
 20
587.2436413622885
 10
804.4544850878686
 20
586.9124692382651
 10
804.5648757958764
 20
586.8020785302574
 10
804.6752665038843
 20
586.6916878222496
 10
804.785657211892
 20
586.6916878222496
 10
805.0064386279077
 20
586.8020785302574
 10
805.1168293359154
 20
586.9124692382651
 10
805.1168293359154
 20
587.2436413622885
 10
805.1168293359154
 20
587.3540320702963
 10
805.1168293359154
 20
587.6852041943197
 10
805.0064386279077
 20
587.9059856103354
 10
804.785657211892
 20
587.9059856103354
  0
LWPOLYLINE
  5
930
330
1F
100
AcDbEntity
  8
PDF_SKY-Lipa$0$RICKLEE_HOUSECOUNT
370
     0
100
AcDbPolyline
 90
        4
 70
     1
 43
0.0
 10
789.5517395068143
 20
662.5301042236146
 10
789.5517395068143
 20
658.1144759033023
 10
785.0257204784941
 20
658.1144759033023
 10
785.0257204784941
 20
662.5301042236146
  0
LWPOLYLINE
  5
931
330
1F
100
AcDbEntity
  8
PDF_SKY-Lipa$0$RICKLEE_HOUSECOUNT
370
     0
100
AcDbPolyline
 90
        4
 70
     0
 43
0.0
 10
785.7984554345488
 20
659.7703365234194
 10
785.7984554345488
 20
660.9846343115052
 10
785.2465018945097
 20
660.2118993554507
 10
786.1296275585722
 20
660.2118993554507
  0
LWPOLYLINE
  5
933
330
1F
100
AcDbEntity
  8
PDF_SKY-Lipa$0$RICKLEE_HOUSECOUNT
370
     0
100
AcDbPolyline
 90
        2
 70
     0
 43
0.0
 10
787.4543160546659
 20
661.2054157275208
 10
786.3504089745878
 20
659.3287736913882
  0
LWPOLYLINE
  5
934
330
1F
100
AcDbEntity
  8
PDF_SKY-Lipa$0$RICKLEE_HOUSECOUNT
370
     0
100
AcDbPolyline
 90
        4
 70
     0
 43
0.0
 10
787.6750974706815
 20
660.7638528954896
 10
787.7854881786894
 20
660.8742436034974
 10
788.006269594705
 20
660.9846343115052
 10
788.006269594705
 20
659.7703365234194
  0
LWPOLYLINE
  5
935
330
1F
100
AcDbEntity
  8
PDF_SKY-Lipa$0$RICKLEE_HOUSECOUNT
370
     0
100
AcDbPolyline
 90
       16
 70
     1
 43
0.0
 10
788.8893952587674
 20
660.9846343115052
 10
788.7790045507596
 20
660.9846343115052
 10
788.6686138427518
 20
660.7638528954896
 10
788.558223134744
 20
660.4326807714662
 10
788.558223134744
 20
660.3222900634584
 10
788.6686138427518
 20
659.991117939435
 10
788.7790045507596
 20
659.8807272314273
 10
788.8893952587674
 20
659.7703365234194
 10
788.9997859667753
 20
659.7703365234194
 10
789.2205673827909
 20
659.8807272314273
 10
789.3309580907987
 20
659.991117939435
 10
789.4413487988065
 20
660.3222900634584
 10
789.4413487988065
 20
660.4326807714662
 10
789.3309580907987
 20
660.7638528954896
 10
789.2205673827909
 20
660.9846343115052
 10
789.1101766747831
 20
660.9846343115052
  0
LWPOLYLINE
  5
936
330
1F
100
AcDbEntity
  8
PDF_SKY-Lipa$0$RICKLEE_HOUSECOUNT
370
     0
100
AcDbPolyline
 90
        4
 70
     1
 43
0.0
 10
781.3828271142364
 20
700.1733356542777
 10
781.2724364062286
 20
695.6473166259574
 10
776.8568080859162
 20
695.6473166259574
 10
776.8568080859162
 20
700.1733356542777
  0
LWPOLYLINE
  5
937
330
1F
100
AcDbEntity
  8
PDF_SKY-Lipa$0$RICKLEE_HOUSECOUNT
370
     0
100
AcDbPolyline
 90
       13
 70
     0
 43
0.0
 10
777.0775895019318
 20
698.2966936181449
 10
777.0775895019318
 20
698.4070843261527
 10
777.1879802099397
 20
698.5174750341605
 10
777.2983709179475
 20
698.5174750341605
 10
777.5191523339631
 20
698.5174750341605
 10
777.6295430419708
 20
698.5174750341605
 10
777.7399337499787
 20
698.4070843261527
 10
777.7399337499787
 20
698.2966936181449
 10
777.7399337499787
 20
698.186302910137
 10
777.7399337499787
 20
698.0759122021293
 10
777.5191523339631
 20
697.9655214941215
 10
776.967198793924
 20
697.3031772460747
 10
777.8503244579865
 20
697.3031772460747
  0
LWPOLYLINE
  5
938
330
1F
100
AcDbEntity
  8
PDF_SKY-Lipa$0$RICKLEE_HOUSECOUNT
370
     0
100
AcDbPolyline
 90
        2
 70
     0
 43
0.0
 10
779.1750129540802
 20
698.7382564501761
 10
778.1814965820099
 20
696.9720051220512
  0
LWPOLYLINE
  5
939
330
1F
100
AcDbEntity
  8
PDF_SKY-Lipa$0$RICKLEE_HOUSECOUNT
370
     0
100
AcDbPolyline
 90
        4
 70
     0
 43
0.0
 10
779.3957943700958
 20
698.2966936181449
 10
779.5061850781037
 20
698.4070843261527
 10
779.7269664941193
 20
698.5174750341605
 10
779.7269664941193
 20
697.3031772460747
  0
LWPOLYLINE
  5
93A
330
1F
100
AcDbEntity
  8
PDF_SKY-Lipa$0$RICKLEE_HOUSECOUNT
370
     0
100
AcDbPolyline
 90
       16
 70
     1
 43
0.0
 10
780.7204828661896
 20
698.5174750341605
 10
780.4997014501739
 20
698.5174750341605
 10
780.3893107421661
 20
698.2966936181449
 10
780.3893107421661
 20
698.0759122021293
 10
780.3893107421661
 20
697.8551307861136
 10
780.3893107421661
 20
697.5239586620903
 10
780.4997014501739
 20
697.4135679540824
 10
780.7204828661896
 20
697.3031772460747
 10
780.8308735741974
 20
697.3031772460747
 10
780.9412642822052
 20
697.4135679540824
 10
781.051654990213
 20
697.5239586620903
 10
781.1620456982208
 20
697.8551307861136
 10
781.1620456982208
 20
698.0759122021293
 10
781.051654990213
 20
698.2966936181449
 10
780.9412642822052
 20
698.5174750341605
 10
780.8308735741974
 20
698.5174750341605
  0
LWPOLYLINE
  5
93B
330
1F
100
AcDbEntity
  8
PDF_SKY-Lipa$0$RICKLEE_ROAD
370
     0
100
AcDbPolyline
 90
        2
 70
     0
 43
0.0
 10
672.8687611425597
 20
672.134095820294
 10
748.2656147118936
 20
706.2448245947073
  0
LWPOLYLINE
  5
93C
330
1F
100
AcDbEntity
  8
PDF_SKY-Lipa$0$RICKLEE_ROAD
370
     0
100
AcDbPolyline
 90
        2
 70
     0
 43
0.0
 10
668.8946956542785
 20
680.9653524609188
 10
746.9409262157999
 20
716.4007697314257
  0
LWPOLYLINE
  5
93D
330
1F
100
AcDbEntity
  8
PDF_SKY-Lipa$0$RICKLEE_ROAD
370
     0
100
AcDbPolyline
 90
        2
 70
     0
 43
0.0
 10
648.362023964826
 20
726.0047613281051
 10
736.5641996630658
 20
760.7778343505652
  0
LWPOLYLINE
  5
93E
330
1F
100
AcDbEntity
  8
PDF_SKY-Lipa$0$RICKLEE_ROAD
370
     0
100
AcDbPolyline
 90
        2
 70
     0
 43
0.0
 10
644.8295213085761
 20
735.0567993847455
 10
735.1291204589642
 20
770.712998071268
  0
LWPOLYLINE
  5
940
330
1F
100
AcDbEntity
  8
PDF_SKY-Lipa$0$RICKLEE_ROAD
370
     0
100
AcDbPolyline
 90
        2
 70
     0
 43
0.0
 10
697.0443261962699
 20
1042.494921186495
 10
695.830028408184
 20
1048.235238002901
  0
LWPOLYLINE
  5
942
330
1F
100
AcDbEntity
  8
PDF_SKY-Lipa$0$RICKLEE_ROAD
370
     0
100
AcDbPolyline
 90
        3
 70
     0
 43
0.0
 10
848.5003775829845
 20
207.8307779394474
 10
783.8114226904082
 20
552.3601776318208
 10
751.0253824120887
 20
704.9201360986135
  0
LWPOLYLINE
  5
943
330
1F
100
AcDbEntity
  8
PDF_SKY-Lipa$0$RICKLEE_ROAD
370
     0
100
AcDbPolyline
 90
        2
 70
     0
 43
0.0
 10
748.0448332958779
 20
718.6085838915819
 10
739.2135766552532
 20
759.3427551464635
  0
ARC
  5
944
330
1F
100
AcDbEntity
  8
PDF_SKY-Lipa$0$RICKLEE_ROAD
370
     0
100
AcDbCircle
 10
749.1234162494049
 20
704.560552485027
 30
0.0
 40
1.931837611523924
100
AcDbArc
 50
12.16735042434557
 51
114.3896548874062
  0
ARC
  5
945
330
1F
100
AcDbEntity
  8
PDF_SKY-Lipa$0$RICKLEE_ROAD
370
     0
100
AcDbCircle
 10
746.1427552363495
 20
718.2495612017657
 30
0.0
 40
1.931837338837385
100
AcDbArc
 50
294.3896598205968
 51
12.16736962128279
  0
ARC
  5
946
330
1F
100
AcDbEntity
  8
PDF_SKY-Lipa$0$RICKLEE_ROAD
370
     0
100
AcDbCircle
 10
737.421552970883
 20
759.095808530273
 30
0.0
 40
1.931836601961486
100
AcDbArc
 50
12.16734798161145
 51
111.522208426539
  0
ARC
  5
947
330
1F
100
AcDbEntity
  8
PDF_SKY-Lipa$0$RICKLEE_ROAD
370
     0
100
AcDbCircle
 10
734.440835953871
 20
772.6744259233462
 30
0.0
 40
1.93183631634251
100
AcDbArc
 50
291.5221815233654
 51
12.16738594031931
  0
ARC
  5
948
330
1F
100
AcDbEntity
  8
PDF_SKY-Lipa$0$RICKLEE_ROAD
370
     0
100
AcDbCircle
 10
735.2136254329759
 20
875.1211587104828
 30
0.0
 40
1.932021284881305
100
AcDbArc
 50
109.0255109862982
 51
192.1700694611522
  0
ARC
  5
949
330
1F
100
AcDbEntity
  8
PDF_SKY-Lipa$0$RICKLEE_ROAD
370
     0
100
AcDbCircle
 10
732.3433534574672
 20
888.5893848663213
 30
0.0
 40
1.931923931934354
100
AcDbArc
 50
192.1646436424989
 51
289.0201598508619
  0
LWPOLYLINE
  5
94A
330
1F
100
AcDbEntity
  8
PDF_SKY-Lipa$0$RICKLEE_ROAD
370
     0
100
AcDbPolyline
 90
        2
 70
     0
 43
0.0
 10
734.5771669189251
 20
876.9088591747806
 10
927.5401245165761
 20
943.3640653954819
  0
LWPOLYLINE
  5
94B
330
1F
100
AcDbEntity
  8
PDF_SKY-Lipa$0$RICKLEE_ROAD
370
     0
100
AcDbPolyline
 90
        2
 70
     0
 43
0.0
 10
929.7479386767323
 20
942.5913304394272
 10
967.1703886913798
 20
886.6232414794678
  0
ARC
  5
94C
330
1F
100
AcDbEntity
  8
PDF_SKY-Lipa$0$RICKLEE_ROAD
370
     0
100
AcDbCircle
 10
928.1844445351085
 20
941.6894518201422
 30
0.0
 40
1.931925297670038
100
AcDbArc
 50
33.77474315036976
 51
109.0201511698507
  0
LWPOLYLINE
  5
94D
330
1F
100
AcDbEntity
  8
PDF_SKY-Lipa$0$RICKLEE_ROAD
370
     0
100
AcDbPolyline
 90
        2
 70
     0
 43
0.0
 10
732.921306298808
 20
886.6232414794678
 10
931.4037992968493
 20
955.0654804443096
  0
LWPOLYLINE
  5
94E
330
1F
100
AcDbEntity
  8
PDF_SKY-Lipa$0$RICKLEE_ROAD
370
     0
100
AcDbPolyline
 90
        2
 70
     0
 43
0.0
 10
933.7220041650134
 20
954.4031361962629
 10
975.3393010839577
 20
892.1427768798585
  0
ARC
  5
94F
330
1F
100
AcDbEntity
  8
PDF_SKY-Lipa$0$RICKLEE_ROAD
370
     0
100
AcDbCircle
 10
932.1586784731877
 20
953.3913160683438
 30
0.0
 40
1.931925297508136
100
AcDbArc
 50
33.77474314804839
 51
109.0201511739027
  0
LWPOLYLINE
  5
950
330
1F
100
AcDbEntity
  8
PDF_SKY-Lipa$0$RICKLEE_ROAD
370
     0
100
AcDbPolyline
 90
        2
 70
     0
 43
0.0
 10
624.4072403271314
 20
45.99799999999873
 10
625.4007566992016
 20
49.64089336425645
  0
LWPOLYLINE
  5
951
330
1F
100
AcDbEntity
  8
PDF_SKY-Lipa$0$RICKLEE_ROAD
370
     0
100
AcDbPolyline
 90
        2
 70
     0
 43
0.0
 10
628.050133691389
 20
59.35527566894369
 10
634.7839668798655
 20
83.75162213866957
  0
LWPOLYLINE
  5
952
330
1F
100
AcDbEntity
  8
PDF_SKY-Lipa$0$RICKLEE_ROAD
370
     0
100
AcDbPolyline
 90
        3
 70
     0
 43
0.0
 10
637.4333438720529
 20
93.46600444335681
 10
642.0697536083808
 20
110.4661734765594
 10
643.5048328124824
 20
117.9727416210905
  0
LWPOLYLINE
  5
953
330
1F
100
AcDbEntity
  8
PDF_SKY-Lipa$0$RICKLEE_ROAD
370
     0
100
AcDbPolyline
 90
        2
 70
     0
 43
0.0
 10
645.2710841406074
 20
127.9079053417933
 10
649.9074938769353
 20
152.6354239355427
  0
LWPOLYLINE
  5
954
330
1F
100
AcDbEntity
  8
PDF_SKY-Lipa$0$RICKLEE_ROAD
370
     0
100
AcDbPolyline
 90
        2
 70
     0
 43
0.0
 10
651.7841359130681
 20
162.5705876562455
 10
656.3101549413882
 20
187.4084969580026
  0
LWPOLYLINE
  5
955
330
1F
100
AcDbEntity
  8
PDF_SKY-Lipa$0$RICKLEE_ROAD
370
     0
100
AcDbPolyline
 90
        2
 70
     0
 43
0.0
 10
658.186796977521
 20
197.3436606787055
 10
662.7128160058411
 20
222.1815699804627
  0
LWPOLYLINE
  5
956
330
1F
100
AcDbEntity
  8
PDF_SKY-Lipa$0$RICKLEE_ROAD
370
     0
100
AcDbPolyline
 90
        2
 70
     0
 43
0.0
 10
664.589458041974
 20
232.1167337011655
 10
669.225867778302
 20
256.9546430029227
  0
LWPOLYLINE
  5
957
330
1F
100
AcDbEntity
  8
PDF_SKY-Lipa$0$RICKLEE_ROAD
370
     0
100
AcDbPolyline
 90
        2
 70
     0
 43
0.0
 10
670.9921191064268
 20
266.8898067236255
 10
675.6285288427549
 20
291.7277160253826
  0
LWPOLYLINE
  5
958
330
1F
100
AcDbEntity
  8
PDF_SKY-Lipa$0$RICKLEE_ROAD
370
     0
100
AcDbPolyline
 90
        3
 70
     0
 43
0.0
 10
677.5051708788877
 20
301.6628797460855
 10
679.8233757470517
 20
314.5785925829992
 10
678.2779058349424
 20
326.5007890478426
  0
LWPOLYLINE
  5
959
330
1F
100
AcDbEntity
  8
PDF_SKY-Lipa$0$RICKLEE_ROAD
370
     0
100
AcDbPolyline
 90
        2
 70
     0
 43
0.0
 10
676.9532173388486
 20
336.5463434765533
 10
673.7518868066222
 20
361.605034194326
  0
LWPOLYLINE
  5
95A
330
1F
100
AcDbEntity
  8
PDF_SKY-Lipa$0$RICKLEE_ROAD
370
     0
100
AcDbPolyline
 90
        2
 70
     0
 43
0.0
 10
672.4271983105285
 20
371.5401979150289
 10
669.225867778302
 20
396.5988886328017
  0
LWPOLYLINE
  5
95B
330
1F
100
AcDbEntity
  8
PDF_SKY-Lipa$0$RICKLEE_ROAD
370
     0
100
AcDbPolyline
 90
        2
 70
     0
 43
0.0
 10
667.9011792822083
 20
406.6444430615123
 10
664.6998487499818
 20
431.703133779285
  0
LWPOLYLINE
  5
95C
330
1F
100
AcDbEntity
  8
PDF_SKY-Lipa$0$RICKLEE_ROAD
370
     0
100
AcDbPolyline
 90
        2
 70
     0
 43
0.0
 10
663.3751602538881
 20
441.6382974999879
 10
660.1738297216615
 20
466.6969882177607
  0
LWPOLYLINE
  5
95D
330
1F
100
AcDbEntity
  8
PDF_SKY-Lipa$0$RICKLEE_ROAD
370
     0
100
AcDbPolyline
 90
        2
 70
     0
 43
0.0
 10
658.8491412255678
 20
476.7425426464713
 10
655.6478106933414
 20
501.801233364244
  0
LWPOLYLINE
  5
95E
330
1F
100
AcDbEntity
  8
PDF_SKY-Lipa$0$RICKLEE_ROAD
370
     0
100
AcDbPolyline
 90
        3
 70
     0
 43
0.0
 10
654.3231221972477
 20
511.7363970849469
 10
654.3231221972477
 20
511.8467877929547
 10
647.810070424787
 20
536.1327435546727
  0
LWPOLYLINE
  5
95F
330
1F
100
AcDbEntity
  8
PDF_SKY-Lipa$0$RICKLEE_ROAD
370
     0
100
AcDbPolyline
 90
        2
 70
     0
 43
0.0
 10
645.1606934325995
 20
545.9575165673678
 10
638.6476416601388
 20
570.3538630370937
  0
LWPOLYLINE
  5
960
330
1F
100
AcDbEntity
  8
PDF_SKY-Lipa$0$RICKLEE_ROAD
370
     0
100
AcDbPolyline
 90
        2
 70
     0
 43
0.0
 10
636.1086553759592
 20
580.068245341781
 10
629.5956036034984
 20
604.4645918115068
  0
LWPOLYLINE
  5
961
330
1F
100
AcDbEntity
  8
PDF_SKY-Lipa$0$RICKLEE_ROAD
370
     0
100
AcDbPolyline
 90
        2
 70
     0
 43
0.0
 10
626.946226611311
 20
614.1789741161942
 10
620.4331748388502
 20
638.5753205859201
  0
LWPOLYLINE
  5
962
330
1F
100
AcDbEntity
  8
PDF_SKY-Lipa$0$RICKLEE_ROAD
370
     0
100
AcDbPolyline
 90
        2
 70
     0
 43
0.0
 10
617.8941885546706
 20
648.400093598615
 10
611.270746074202
 20
672.686049360333
  0
LWPOLYLINE
  5
963
330
1F
100
AcDbEntity
  8
PDF_SKY-Lipa$0$RICKLEE_ROAD
370
     0
100
AcDbPolyline
 90
        2
 70
     0
 43
0.0
 10
608.7317597900224
 20
682.5108223730283
 10
602.2187080175616
 20
706.9071688427541
  0
LWPOLYLINE
  5
964
330
1F
100
AcDbEntity
  8
PDF_SKY-Lipa$0$RICKLEE_ROAD
370
     0
100
AcDbPolyline
 90
        2
 70
     0
 43
0.0
 10
599.5693310253742
 20
716.6215511474413
 10
593.0562792529134
 20
741.0178976171671
  0
LWPOLYLINE
  5
965
330
1F
100
AcDbEntity
  8
PDF_SKY-Lipa$0$RICKLEE_ROAD
370
     0
100
AcDbPolyline
 90
        2
 70
     0
 43
0.0
 10
590.5172929687338
 20
750.7322799218543
 10
583.8938504882652
 20
775.1286263915804
  0
LWPOLYLINE
  5
966
330
1F
100
AcDbEntity
  8
PDF_SKY-Lipa$0$RICKLEE_ROAD
370
     0
100
AcDbPolyline
 90
        2
 70
     0
 43
0.0
 10
581.3548642040855
 20
784.9533994042753
 10
574.8418124316249
 20
809.3497458740012
  0
LWPOLYLINE
  5
967
330
1F
100
AcDbEntity
  8
PDF_SKY-Lipa$0$RICKLEE_ROAD
370
     0
100
AcDbPolyline
 90
        2
 70
     0
 43
0.0
 10
572.1924354394373
 20
819.0641281786886
 10
565.6793836669767
 20
843.4604746484144
  0
LWPOLYLINE
  5
968
330
1F
100
AcDbEntity
  8
PDF_SKY-Lipa$0$RICKLEE_ROAD
370
     0
100
AcDbPolyline
 90
        2
 70
     0
 43
0.0
 10
563.140397382797
 20
853.1748569531016
 10
556.6273456103362
 20
877.5712034228275
  0
LWPOLYLINE
  5
969
330
1F
100
AcDbEntity
  8
PDF_SKY-Lipa$0$RICKLEE_ROAD
370
     0
100
AcDbPolyline
 90
        2
 70
     0
 43
0.0
 10
614.2512951904128
 20
45.99799999999873
 10
616.7902814745924
 20
55.27081947265473
  0
LWPOLYLINE
  5
96A
330
1F
100
AcDbEntity
  8
PDF_SKY-Lipa$0$RICKLEE_ROAD
370
     0
100
AcDbPolyline
 90
        2
 70
     0
 43
0.0
 10
619.4396584667799
 20
64.98520177734197
 10
626.1734916552562
 20
89.38154824706787
  0
LWPOLYLINE
  5
96B
330
1F
100
AcDbEntity
  8
PDF_SKY-Lipa$0$RICKLEE_ROAD
370
     0
100
AcDbPolyline
 90
        3
 70
     0
 43
0.0
 10
628.8228686474438
 20
99.09593055175511
 10
632.5761527197093
 20
112.6739876367157
 10
634.5631854638497
 20
123.6026677294888
  0
LWPOLYLINE
  5
96C
330
1F
100
AcDbEntity
  8
PDF_SKY-Lipa$0$RICKLEE_ROAD
370
     0
100
AcDbPolyline
 90
        2
 70
     0
 43
0.0
 10
636.4398274999826
 20
133.5378314501916
 10
640.9658465283028
 20
158.3757407519488
  0
LWPOLYLINE
  5
96D
330
1F
100
AcDbEntity
  8
PDF_SKY-Lipa$0$RICKLEE_ROAD
370
     0
100
AcDbPolyline
 90
        2
 70
     0
 43
0.0
 10
642.8424885644354
 20
168.3109044726516
 10
647.4788983007634
 20
193.1488137744088
  0
LWPOLYLINE
  5
96E
330
1F
100
AcDbEntity
  8
PDF_SKY-Lipa$0$RICKLEE_ROAD
370
     0
100
AcDbPolyline
 90
        2
 70
     0
 43
0.0
 10
649.2451496288885
 20
203.0839774951116
 10
653.8815593652165
 20
227.9218867968688
  0
LWPOLYLINE
  5
96F
330
1F
100
AcDbEntity
  8
PDF_SKY-Lipa$0$RICKLEE_ROAD
370
     0
100
AcDbPolyline
 90
        2
 70
     0
 43
0.0
 10
655.6478106933414
 20
237.8570505175716
 10
660.2842204296694
 20
262.6949598193287
  0
LWPOLYLINE
  5
970
330
1F
100
AcDbEntity
  8
PDF_SKY-Lipa$0$RICKLEE_ROAD
370
     0
100
AcDbPolyline
 90
        2
 70
     0
 43
0.0
 10
662.1608624658022
 20
272.6301235400316
 10
666.6868814941224
 20
297.357642133781
  0
LWPOLYLINE
  5
971
330
1F
100
AcDbEntity
  8
PDF_SKY-Lipa$0$RICKLEE_ROAD
370
     0
100
AcDbPolyline
 90
        3
 70
     0
 43
0.0
 10
668.5635235302551
 20
307.2928058544838
 10
669.8882120263488
 20
314.7993739990149
 10
667.6803978661927
 20
332.3514965722565
  0
LWPOLYLINE
  5
972
330
1F
100
AcDbEntity
  8
PDF_SKY-Lipa$0$RICKLEE_ROAD
370
     0
100
AcDbPolyline
 90
        2
 70
     0
 43
0.0
 10
666.3557093700989
 20
342.2866602929594
 10
663.1543788378725
 20
367.3453510107322
  0
LWPOLYLINE
  5
973
330
1F
100
AcDbEntity
  8
PDF_SKY-Lipa$0$RICKLEE_ROAD
370
     0
100
AcDbPolyline
 90
        2
 70
     0
 43
0.0
 10
661.8296903417788
 20
377.3909054394428
 10
658.6283598095523
 20
402.4495961572155
  0
LWPOLYLINE
  5
974
330
1F
100
AcDbEntity
  8
PDF_SKY-Lipa$0$RICKLEE_ROAD
370
     0
100
AcDbPolyline
 90
        2
 70
     0
 43
0.0
 10
657.3036713134586
 20
412.3847598779184
 10
654.102340781232
 20
437.4434505956911
  0
LWPOLYLINE
  5
975
330
1F
100
AcDbEntity
  8
PDF_SKY-Lipa$0$RICKLEE_ROAD
370
     0
100
AcDbPolyline
 90
        2
 70
     0
 43
0.0
 10
652.7776522851383
 20
447.4890050244018
 10
649.5763217529119
 20
472.5476957421745
  0
LWPOLYLINE
  5
976
330
1F
100
AcDbEntity
  8
PDF_SKY-Lipa$0$RICKLEE_ROAD
370
     0
100
AcDbPolyline
 90
        2
 70
     0
 43
0.0
 10
648.2516332568182
 20
482.4828594628773
 10
645.0503027245916
 20
507.5415501806501
  0
LWPOLYLINE
  5
977
330
1F
100
AcDbEntity
  8
PDF_SKY-Lipa$0$RICKLEE_ROAD
370
     0
100
AcDbPolyline
 90
        2
 70
     0
 43
0.0
 10
642.7320978564276
 20
517.3663231933452
 10
636.219046083967
 20
541.7626696630711
  0
LWPOLYLINE
  5
978
330
1F
100
AcDbEntity
  8
PDF_SKY-Lipa$0$RICKLEE_ROAD
370
     0
100
AcDbPolyline
 90
        2
 70
     0
 43
0.0
 10
633.5696690917796
 20
551.4770519677584
 10
627.0566173193188
 20
575.8733984374841
  0
LWPOLYLINE
  5
979
330
1F
100
AcDbEntity
  8
PDF_SKY-Lipa$0$RICKLEE_ROAD
370
     0
100
AcDbPolyline
 90
        2
 70
     0
 43
0.0
 10
624.5176310351391
 20
585.6981714501792
 10
617.8941885546706
 20
609.9841272118974
  0
LWPOLYLINE
  5
97A
330
1F
100
AcDbEntity
  8
PDF_SKY-Lipa$0$RICKLEE_ROAD
370
     0
100
AcDbPolyline
 90
        2
 70
     0
 43
0.0
 10
615.3552022704909
 20
619.8089002245924
 10
608.8421504980303
 20
644.2052466943182
  0
LWPOLYLINE
  5
97B
330
1F
100
AcDbEntity
  8
PDF_SKY-Lipa$0$RICKLEE_ROAD
370
     0
100
AcDbPolyline
 90
        2
 70
     0
 43
0.0
 10
606.1927735058427
 20
653.9196289990054
 10
599.6797217333821
 20
678.3159754687314
  0
LWPOLYLINE
  5
97C
330
1F
100
AcDbEntity
  8
PDF_SKY-Lipa$0$RICKLEE_ROAD
370
     0
100
AcDbPolyline
 90
        2
 70
     0
 43
0.0
 10
597.1407354492024
 20
688.0303577734187
 10
590.5172929687338
 20
712.4267042431445
  0
LWPOLYLINE
  5
97D
330
1F
100
AcDbEntity
  8
PDF_SKY-Lipa$0$RICKLEE_ROAD
370
     0
100
AcDbPolyline
 90
        2
 70
     0
 43
0.0
 10
587.9783066845542
 20
722.2514772558395
 10
581.4652549120934
 20
746.6478237255655
  0
LWPOLYLINE
  5
97E
330
1F
100
AcDbEntity
  8
PDF_SKY-Lipa$0$RICKLEE_ROAD
370
     0
100
AcDbPolyline
 90
        2
 70
     0
 43
0.0
 10
578.815877919906
 20
756.3622060302527
 10
572.3028261474452
 20
780.7585524999786
  0
LWPOLYLINE
  5
97F
330
1F
100
AcDbEntity
  8
PDF_SKY-Lipa$0$RICKLEE_ROAD
370
     0
100
AcDbPolyline
 90
        2
 70
     0
 43
0.0
 10
569.7638398632656
 20
790.4729348046657
 10
563.2507880908049
 20
814.8692812743918
  0
LWPOLYLINE
  5
980
330
1F
100
AcDbEntity
  8
PDF_SKY-Lipa$0$RICKLEE_ROAD
370
     0
100
AcDbPolyline
 90
        2
 70
     0
 43
0.0
 10
560.6014110986174
 20
824.5836635790791
 10
556.5169549023285
 20
840.0383627001723
  0
LWPOLYLINE
  5
981
330
1F
100
AcDbEntity
  8
PDF_SKY-Lipa$0$RICKLEE_STRAND
370
     0
100
AcDbPolyline
 90
        2
 70
     0
 43
0.0
 10
711.3951182372852
 20
991.8255862109104
 10
699.0313589404105
 20
1048.235238002901
  0
LWPOLYLINE
  5
982
330
1F
100
AcDbEntity
  8
PDF_SKY-Lipa$0$RICKLEE_STRANDDISTANCE
370
     0
100
AcDbPolyline
 90
        4
 70
     0
 43
0.0
 10
703.4469872607229
 20
1046.579377382784
 10
701.5703452245901
 20
1046.137814550752
 10
703.0054244286917
 20
1045.475470302706
 10
702.6742523046682
 20
1046.910549506807
  0
LWPOLYLINE
  5
984
330
1F
100
AcDbEntity
  8
PDF_SKY-Lipa$0$RICKLEE_STRANDDISTANCE
370
     0
100
AcDbPolyline
 90
       13
 70
     0
 43
0.0
 10
701.3495638085745
 20
1048.235238002901
 10
701.2391731005667
 20
1048.124847294893
 10
701.1287823925589
 20
1047.79367517087
 10
701.2391731005667
 20
1047.572893754854
 10
701.3495638085745
 20
1047.352112338838
 10
701.6807359325979
 20
1047.24172163083
 10
702.1222987646292
 20
1047.24172163083
 10
702.4534708886526
 20
1047.352112338838
 10
702.8950337206838
 20
1047.462503046846
 10
703.1158151366995
 20
1047.79367517087
 10
703.1158151366995
 20
1048.014456586885
 10
703.1158151366995
 20
1048.235238002901
 10
703.0054244286917
 20
1048.235238002901
  0
CIRCLE
  5
986
330
1F
100
AcDbEntity
  8
PDF_SKY-Lipa$0$RICKLEE_POLEPED
370
     0
100
AcDbCircle
 10
870.750598817615
 20
204.6294474072221
 30
0.0
 40
1.262999571033105
  0
LWPOLYLINE
  5
987
330
1F
100
AcDbEntity
  8
PDF_SKY-Lipa$0$RICKLEE_POLEPED
370
     0
100
AcDbPolyline
 90
        2
 70
     0
 43
0.0
 10
869.9161749364996
 20
203.6359310351507
 10
871.6824262646246
 20
205.5125730712834
  0
LWPOLYLINE
  5
988
330
1F
100
AcDbEntity
  8
PDF_SKY-Lipa$0$RICKLEE_POLEPED
370
     0
100
AcDbPolyline
 90
        2
 70
     0
 43
0.0
 10
871.6824262646246
 20
203.6359310351507
 10
869.8057842284917
 20
205.5125730712834
  0
CIRCLE
  5
989
330
1F
100
AcDbEntity
  8
PDF_SKY-Lipa$0$RICKLEE_POLEPED
370
     0
100
AcDbCircle
 10
841.8043749180519
 20
201.0833009556006
 30
0.0
 40
1.292821719938267
  0
LWPOLYLINE
  5
98A
330
1F
100
AcDbEntity
  8
PDF_SKY-Lipa$0$RICKLEE_POLEPED
370
     0
100
AcDbPolyline
 90
        2
 70
     0
 43
0.0
 10
840.9938094384536
 20
199.9930376708929
 10
842.5392793505629
 20
201.9800704150335
  0
LWPOLYLINE
  5
98B
330
1F
100
AcDbEntity
  8
PDF_SKY-Lipa$0$RICKLEE_POLEPED
370
     0
100
AcDbPolyline
 90
        2
 70
     0
 43
0.0
 10
842.7600607665784
 20
200.2138190869086
 10
840.7730280224379
 20
201.7592889990179
  0
CIRCLE
  5
98C
330
1F
100
AcDbEntity
  8
PDF_SKY-Lipa$0$RICKLEE_POLEPED
370
     0
100
AcDbCircle
 10
813.1889948158574
 20
189.0265270546004
 30
0.0
 40
1.2928217199467
  0
LWPOLYLINE
  5
98D
330
1F
100
AcDbEntity
  8
PDF_SKY-Lipa$0$RICKLEE_POLEPED
370
     0
100
AcDbPolyline
 90
        2
 70
     0
 43
0.0
 10
812.7337881884542
 20
187.8500597900339
 10
813.7273045605246
 20
190.1682646581979
  0
LWPOLYLINE
  5
98E
330
1F
100
AcDbEntity
  8
PDF_SKY-Lipa$0$RICKLEE_POLEPED
370
     0
100
AcDbPolyline
 90
        2
 70
     0
 43
0.0
 10
814.3896488085713
 20
188.5124040380808
 10
812.0714439404075
 20
189.505920410151
  0
CIRCLE
  5
98F
330
1F
100
AcDbEntity
  8
PDF_SKY-Lipa$0$RICKLEE_POLEPED
370
     0
100
AcDbCircle
 10
767.4119844868287
 20
169.1298494925215
 30
0.0
 40
1.270517412777503
  0
LWPOLYLINE
  5
990
330
1F
100
AcDbEntity
  8
PDF_SKY-Lipa$0$RICKLEE_POLEPED
370
     0
100
AcDbPolyline
 90
        2
 70
     0
 43
0.0
 10
766.9216443652134
 20
167.8693416406204
 10
767.9151607372837
 20
170.2979372167922
  0
LWPOLYLINE
  5
991
330
1F
100
AcDbEntity
  8
PDF_SKY-Lipa$0$RICKLEE_POLEPED
370
     0
100
AcDbPolyline
 90
        2
 70
     0
 43
0.0
 10
768.5775049853305
 20
168.642076596675
 10
766.1489094091587
 20
169.5252022607375
  0
CIRCLE
  5
992
330
1F
100
AcDbEntity
  8
PDF_SKY-Lipa$0$RICKLEE_POLEPED
370
     0
100
AcDbCircle
 10
733.4116464204242
 20
154.1167132034593
 30
0.0
 40
1.270517412776714
  0
LWPOLYLINE
  5
993
330
1F
100
AcDbEntity
  8
PDF_SKY-Lipa$0$RICKLEE_POLEPED
370
     0
100
AcDbPolyline
 90
        2
 70
     0
 43
0.0
 10
732.921306298808
 20
152.8562053515583
 10
733.9148226708783
 20
155.2848009277301
  0
LWPOLYLINE
  5
994
330
1F
100
AcDbEntity
  8
PDF_SKY-Lipa$0$RICKLEE_POLEPED
370
     0
100
AcDbPolyline
 90
        2
 70
     0
 43
0.0
 10
734.5771669189251
 20
153.628940307613
 10
732.1485713427533
 20
154.5120659716754
  0
CIRCLE
  5
995
330
1F
100
AcDbEntity
  8
PDF_SKY-Lipa$0$RICKLEE_POLEPED
370
     0
100
AcDbCircle
 10
722.2686029760595
 20
194.0871347924697
 30
0.0
 40
1.326986309615808
  0
LWPOLYLINE
  5
996
330
1F
100
AcDbEntity
  8
PDF_SKY-Lipa$0$RICKLEE_POLEPED
370
     0
100
AcDbPolyline
 90
        2
 70
     0
 43
0.0
 10
723.4277054101364
 20
193.4799858984322
 10
721.2198912499802
 20
194.6942836865181
  0
LWPOLYLINE
  5
997
330
1F
100
AcDbEntity
  8
PDF_SKY-Lipa$0$RICKLEE_POLEPED
370
     0
100
AcDbPolyline
 90
        2
 70
     0
 43
0.0
 10
722.8757518700973
 20
195.1358465185493
 10
721.6614540820114
 20
192.9280323583931
  0
CIRCLE
  5
998
330
1F
100
AcDbEntity
  8
PDF_SKY-Lipa$0$RICKLEE_POLEPED
370
     0
100
AcDbCircle
 10
702.720462368479
 20
236.4835847318931
 30
0.0
 40
1.270517412778679
  0
LWPOLYLINE
  5
999
330
1F
100
AcDbEntity
  8
PDF_SKY-Lipa$0$RICKLEE_POLEPED
370
     0
100
AcDbPolyline
 90
        2
 70
     0
 43
0.0
 10
701.4599545165823
 20
236.8635341455013
 10
703.8885500927541
 20
235.9804084814388
  0
LWPOLYLINE
  5
99A
330
1F
100
AcDbEntity
  8
PDF_SKY-Lipa$0$RICKLEE_POLEPED
370
     0
100
AcDbPolyline
 90
        2
 70
     0
 43
0.0
 10
702.232689472637
 20
235.318064233392
 10
703.1158151366995
 20
237.636269101556
  0
LWPOLYLINE
  5
99B
330
1F
100
AcDbEntity
  8
PDF_SKY-Lipa$0$RICKLEE_POLEPED
370
     0
100
AcDbPolyline
 90
       12
 70
     1
 43
0.0
 10
709.4080854931446
 20
265.3443368115162
 10
708.7457412450977
 20
265.3443368115162
 10
708.1937877050587
 20
265.0131646874927
 10
707.8626155810353
 20
264.4612111474537
 10
707.9730062890432
 20
263.7988668994069
 10
708.3041784130665
 20
263.2469133593678
 10
708.8561319531057
 20
262.9157412353444
 10
709.5184762011524
 20
262.9157412353444
 10
710.0704297411915
 20
263.2469133593678
 10
710.4016018652149
 20
263.7988668994069
 10
710.4016018652149
 20
264.4612111474537
 10
710.0704297411915
 20
265.1235553955006
  0
LWPOLYLINE
  5
99C
330
1F
100
AcDbEntity
  8
PDF_SKY-Lipa$0$RICKLEE_POLEPED
370
     0
100
AcDbPolyline
 90
        2
 70
     0
 43
0.0
 10
709.8496483251758
 20
263.0261319433522
 10
708.5249598290821
 20
265.2339461035084
  0
LWPOLYLINE
  5
99D
330
1F
100
AcDbEntity
  8
PDF_SKY-Lipa$0$RICKLEE_POLEPED
370
     0
100
AcDbPolyline
 90
        2
 70
     0
 43
0.0
 10
710.2912111572071
 20
264.7923832714771
 10
708.0833969970509
 20
263.4676947753834
  0
CIRCLE
  5
99E
330
1F
100
AcDbEntity
  8
PDF_SKY-Lipa$0$RICKLEE_POLEPED
370
     0
100
AcDbCircle
 10
715.8569566214112
 20
130.6188957524004
 30
0.0
 40
1.270517412780774
  0
LWPOLYLINE
  5
99F
330
1F
100
AcDbEntity
  8
PDF_SKY-Lipa$0$RICKLEE_POLEPED
370
     0
100
AcDbPolyline
 90
        2
 70
     0
 43
0.0
 10
716.0315279736132
 20
129.3429845458949
 10
715.7003558495897
 20
131.8819708300745
  0
LWPOLYLINE
  5
9A0
330
1F
100
AcDbEntity
  8
PDF_SKY-Lipa$0$RICKLEE_POLEPED
370
     0
100
AcDbPolyline
 90
        2
 70
     0
 43
0.0
 10
717.1354350536914
 20
130.7780637499964
 10
714.5964487695116
 20
130.3365009179652
  0
CIRCLE
  5
9A1
330
1F
100
AcDbEntity
  8
PDF_SKY-Lipa$0$RICKLEE_POLEPED
370
     0
100
AcDbCircle
 10
672.2681058195754
 20
122.0571978173803
 30
0.0
 40
1.262999571031173
  0
LWPOLYLINE
  5
9A2
330
1F
100
AcDbEntity
  8
PDF_SKY-Lipa$0$RICKLEE_POLEPED
370
     0
100
AcDbPolyline
 90
        2
 70
     0
 43
0.0
 10
671.3232912304504
 20
121.0636814453092
 10
673.199933266583
 20
122.9403234814419
  0
LWPOLYLINE
  5
9A3
330
1F
100
AcDbEntity
  8
PDF_SKY-Lipa$0$RICKLEE_POLEPED
370
     0
100
AcDbPolyline
 90
        2
 70
     0
 43
0.0
 10
673.199933266583
 20
121.0636814453092
 10
671.3232912304504
 20
122.9403234814419
  0
CIRCLE
  5
9A4
330
1F
100
AcDbEntity
  8
PDF_SKY-Lipa$0$RICKLEE_POLEPED
370
     0
100
AcDbCircle
 10
699.5394392503443
 20
166.1356414186959
 30
0.0
 40
1.28317837778337
  0
LWPOLYLINE
  5
9A5
330
1F
100
AcDbEntity
  8
PDF_SKY-Lipa$0$RICKLEE_POLEPED
370
     0
100
AcDbPolyline
 90
        2
 70
     0
 43
0.0
 10
699.914484604473
 20
164.8887925244095
 10
699.2521403564261
 20
167.4277788085891
  0
LWPOLYLINE
  5
9A6
330
1F
100
AcDbEntity
  8
PDF_SKY-Lipa$0$RICKLEE_POLEPED
370
     0
100
AcDbPolyline
 90
        2
 70
     0
 43
0.0
 10
700.7976102685355
 20
166.4342624365189
 10
698.3690146923637
 20
165.8823088964798
  0
LWPOLYLINE
  5
9A7
330
1F
100
AcDbEntity
  8
PDF_SKY-Lipa$0$RICKLEE_POLEPED
370
     0
100
AcDbPolyline
 90
       12
 70
     1
 43
0.0
 10
859.870620507789
 20
273.2924677880784
 10
859.2082762597421
 20
273.0716863720628
 10
858.8771041357187
 20
272.5197328320238
 10
858.766713427711
 20
271.8573885839769
 10
859.0978855517343
 20
271.1950443359301
 10
859.6498390917734
 20
270.8638722119066
 10
860.3121833398201
 20
270.7534815038989
 10
860.8641368798593
 20
271.0846536279223
 10
861.3056997118905
 20
271.5262164599535
 10
861.3056997118905
 20
272.1885607080003
 10
861.0849182958748
 20
272.8509049560472
 10
860.5329647558358
 20
273.1820770800707
  0
LWPOLYLINE
  5
9A8
330
1F
100
AcDbEntity
  8
PDF_SKY-Lipa$0$RICKLEE_POLEPED
370
     0
100
AcDbPolyline
 90
        2
 70
     0
 43
0.0
 10
861.0849182958748
 20
271.3054350439379
 10
859.0978855517343
 20
272.8509049560472
  0
LWPOLYLINE
  5
9A9
330
1F
100
AcDbEntity
  8
PDF_SKY-Lipa$0$RICKLEE_POLEPED
370
     0
100
AcDbPolyline
 90
        2
 70
     0
 43
0.0
 10
860.8641368798593
 20
273.0716863720628
 10
859.3186669677498
 20
270.9742629199145
  0
CIRCLE
  5
9AA
330
1F
100
AcDbEntity
  8
PDF_SKY-Lipa$0$RICKLEE_POLEPED
370
     0
100
AcDbCircle
 10
847.0510344109872
 20
335.2929748199075
 30
0.0
 40
1.292812348673342
  0
LWPOLYLINE
  5
9AB
330
1F
100
AcDbEntity
  8
PDF_SKY-Lipa$0$RICKLEE_POLEPED
370
     0
100
AcDbPolyline
 90
        2
 70
     0
 43
0.0
 10
848.0588147509534
 20
334.6697014404205
 10
845.961391298805
 20
335.9943899365143
  0
LWPOLYLINE
  5
9AC
330
1F
100
AcDbEntity
  8
PDF_SKY-Lipa$0$RICKLEE_POLEPED
370
     0
100
AcDbPolyline
 90
        2
 70
     0
 43
0.0
 10
847.7276426269298
 20
336.3255620605376
 10
846.2925634228284
 20
334.2281386083893
  0
CIRCLE
  5
9AD
330
1F
100
AcDbEntity
  8
PDF_SKY-Lipa$0$RICKLEE_POLEPED
370
     0
100
AcDbCircle
 10
835.2656386748719
 20
395.1012341944882
 30
0.0
 40
1.297944498355853
  0
LWPOLYLINE
  5
9AE
330
1F
100
AcDbEntity
  8
PDF_SKY-Lipa$0$RICKLEE_POLEPED
370
     0
100
AcDbPolyline
 90
        2
 70
     0
 43
0.0
 10
836.3573997021255
 20
394.3910744726455
 10
834.2599762499771
 20
395.826153676747
  0
LWPOLYLINE
  5
9AF
330
1F
100
AcDbEntity
  8
PDF_SKY-Lipa$0$RICKLEE_POLEPED
370
     0
100
AcDbPolyline
 90
        2
 70
     0
 43
0.0
 10
836.0262275781021
 20
396.1573258007704
 10
834.5911483740005
 20
393.9495116406142
  0
LWPOLYLINE
  5
9B0
330
1F
100
AcDbEntity
  8
PDF_SKY-Lipa$0$RICKLEE_POLEPED
370
     0
100
AcDbPolyline
 90
       12
 70
     1
 43
0.0
 10
826.5326266894303
 20
440.6447811279176
 10
825.9806731493915
 20
440.3136090038942
 10
825.5391103173602
 20
439.7616554638552
 10
825.5391103173602
 20
439.0993112158083
 10
825.8702824413836
 20
438.5473576757692
 10
826.4222359814226
 20
438.105794843738
 10
827.0845802294696
 20
438.105794843738
 10
827.6365337695086
 20
438.3265762597535
 10
827.967705893532
 20
438.8785297997926
 10
828.0780966015399
 20
439.5408740478394
 10
827.7469244775163
 20
440.2032182958864
 10
827.1949709374773
 20
440.5343904199098
  0
LWPOLYLINE
  5
9B1
330
1F
100
AcDbEntity
  8
PDF_SKY-Lipa$0$RICKLEE_POLEPED
370
     0
100
AcDbPolyline
 90
        2
 70
     0
 43
0.0
 10
827.8573151855242
 20
438.657748383777
 10
825.7598917333758
 20
440.0928275878785
  0
LWPOLYLINE
  5
9B2
330
1F
100
AcDbEntity
  8
PDF_SKY-Lipa$0$RICKLEE_POLEPED
370
     0
100
AcDbPolyline
 90
        2
 70
     0
 43
0.0
 10
827.5261430615007
 20
440.4239997119019
 10
826.0910638573992
 20
438.2161855517458
  0
CIRCLE
  5
9B3
330
1F
100
AcDbEntity
  8
PDF_SKY-Lipa$0$RICKLEE_POLEPED
370
     0
100
AcDbCircle
 10
817.2485172579881
 20
491.8121287294134
 30
0.0
 40
1.285424473255698
  0
LWPOLYLINE
  5
9B4
330
1F
100
AcDbEntity
  8
PDF_SKY-Lipa$0$RICKLEE_POLEPED
370
     0
100
AcDbPolyline
 90
        2
 70
     0
 43
0.0
 10
818.3637142968525
 20
491.0933346874865
 10
816.2662908447043
 20
492.6388045995959
  0
LWPOLYLINE
  5
9B5
330
1F
100
AcDbEntity
  8
PDF_SKY-Lipa$0$RICKLEE_POLEPED
370
     0
100
AcDbPolyline
 90
        2
 70
     0
 43
0.0
 10
818.0325421728291
 20
492.8595860156114
 10
816.5974629687276
 20
490.7621625634631
  0
CIRCLE
  5
9B6
330
1F
100
AcDbEntity
  8
PDF_SKY-Lipa$0$RICKLEE_POLEPED
370
     0
100
AcDbCircle
 10
806.6744453008551
 20
547.9923647853024
 30
0.0
 40
1.297944498358759
  0
LWPOLYLINE
  5
9B7
330
1F
100
AcDbEntity
  8
PDF_SKY-Lipa$0$RICKLEE_POLEPED
370
     0
100
AcDbPolyline
 90
        2
 70
     0
 43
0.0
 10
807.766206328103
 20
547.2822050634615
 10
805.6687828759546
 20
548.7172842675631
  0
LWPOLYLINE
  5
9B8
330
1F
100
AcDbEntity
  8
PDF_SKY-Lipa$0$RICKLEE_POLEPED
370
     0
100
AcDbPolyline
 90
        2
 70
     0
 43
0.0
 10
807.4350342040794
 20
549.0484563915865
 10
805.999954999978
 20
546.8406422314303
  0
CIRCLE
  5
9B9
330
1F
100
AcDbEntity
  8
PDF_SKY-Lipa$0$RICKLEE_POLEPED
370
     0
100
AcDbCircle
 10
797.9271693475344
 20
587.6461333257466
 30
0.0
 40
1.29281234869181
  0
LWPOLYLINE
  5
9BA
330
1F
100
AcDbEntity
  8
PDF_SKY-Lipa$0$RICKLEE_POLEPED
370
     0
100
AcDbPolyline
 90
        2
 70
     0
 43
0.0
 10
799.0453403954859
 20
587.022859946273
 10
796.8375262353297
 20
588.3475484423668
  0
LWPOLYLINE
  5
9BB
330
1F
100
AcDbEntity
  8
PDF_SKY-Lipa$0$RICKLEE_POLEPED
370
     0
100
AcDbPolyline
 90
        2
 70
     0
 43
0.0
 10
798.6037775634547
 20
588.6787205663901
 10
797.279089067361
 20
586.5812971142418
  0
CIRCLE
  5
9BC
330
1F
100
AcDbEntity
  8
PDF_SKY-Lipa$0$RICKLEE_POLEPED
370
     0
100
AcDbCircle
 10
782.1412981023978
 20
660.6143913189193
 30
0.0
 40
1.292812348676711
  0
LWPOLYLINE
  5
9BD
330
1F
100
AcDbEntity
  8
PDF_SKY-Lipa$0$RICKLEE_POLEPED
370
     0
100
AcDbPolyline
 90
        2
 70
     0
 43
0.0
 10
783.2594691503692
 20
659.991117939435
 10
781.051654990213
 20
661.3158064355289
  0
LWPOLYLINE
  5
9BE
330
1F
100
AcDbEntity
  8
PDF_SKY-Lipa$0$RICKLEE_POLEPED
370
     0
100
AcDbPolyline
 90
        2
 70
     0
 43
0.0
 10
782.8179063183378
 20
661.6469785595523
 10
781.4932178222442
 20
659.5495551074038
  0
CIRCLE
  5
9BF
330
1F
100
AcDbEntity
  8
PDF_SKY-Lipa$0$RICKLEE_POLEPED
370
     0
100
AcDbCircle
 10
773.9723857098354
 20
698.8095762896214
 30
0.0
 40
1.292812348680363
  0
LWPOLYLINE
  5
9C0
330
1F
100
AcDbEntity
  8
PDF_SKY-Lipa$0$RICKLEE_POLEPED
370
     0
100
AcDbPolyline
 90
        2
 70
     0
 43
0.0
 10
775.0905567577913
 20
698.186302910137
 10
772.882742597635
 20
699.5109914062309
  0
LWPOLYLINE
  5
9C1
330
1F
100
AcDbEntity
  8
PDF_SKY-Lipa$0$RICKLEE_POLEPED
370
     0
100
AcDbPolyline
 90
        2
 70
     0
 43
0.0
 10
774.64899392576
 20
699.8421635302543
 10
773.3243054296663
 20
697.7447400781059
  0
CIRCLE
  5
9C2
330
1F
100
AcDbEntity
  8
PDF_SKY-Lipa$0$RICKLEE_POLEPED
370
     0
100
AcDbCircle
 10
766.0684912524441
 20
737.9087777208575
 30
0.0
 40
1.257727803599671
  0
LWPOLYLINE
  5
9C3
330
1F
100
AcDbEntity
  8
PDF_SKY-Lipa$0$RICKLEE_POLEPED
370
     0
100
AcDbPolyline
 90
        2
 70
     0
 43
0.0
 10
767.142425781229
 20
737.2646135449017
 10
765.0450023290805
 20
738.5893020409953
  0
LWPOLYLINE
  5
9C4
330
1F
100
AcDbEntity
  8
PDF_SKY-Lipa$0$RICKLEE_POLEPED
370
     0
100
AcDbPolyline
 90
        2
 70
     0
 43
0.0
 10
766.8112536572055
 20
738.9204741650187
 10
765.3761744531041
 20
736.8230507128705
  0
CIRCLE
  5
9C5
330
1F
100
AcDbEntity
  8
PDF_SKY-Lipa$0$RICKLEE_POLEPED
370
     0
100
AcDbCircle
 10
751.4969177954074
 20
804.1432025255307
 30
0.0
 40
1.257727803610747
  0
LWPOLYLINE
  5
9C6
330
1F
100
AcDbEntity
  8
PDF_SKY-Lipa$0$RICKLEE_POLEPED
370
     0
100
AcDbPolyline
 90
        2
 70
     0
 43
0.0
 10
752.5708523241982
 20
803.4990383495873
 10
750.3630381640419
 20
804.823726845681
  0
LWPOLYLINE
  5
9C7
330
1F
100
AcDbEntity
  8
PDF_SKY-Lipa$0$RICKLEE_POLEPED
370
     0
100
AcDbPolyline
 90
        2
 70
     0
 43
0.0
 10
752.2396802001747
 20
805.1548989697046
 10
750.8046009960732
 20
803.0574755175562
  0
CIRCLE
  5
9C8
330
1F
100
AcDbEntity
  8
PDF_SKY-Lipa$0$RICKLEE_POLEPED
370
     0
100
AcDbCircle
 10
744.6526938989129
 20
835.3837728917188
 30
0.0
 40
1.257727803630208
  0
LWPOLYLINE
  5
9C9
330
1F
100
AcDbEntity
  8
PDF_SKY-Lipa$0$RICKLEE_POLEPED
370
     0
100
AcDbPolyline
 90
        2
 70
     0
 43
0.0
 10
745.726628427714
 20
834.7396087157974
 10
743.6292049755656
 20
836.0642972118911
  0
LWPOLYLINE
  5
9CA
330
1F
100
AcDbEntity
  8
PDF_SKY-Lipa$0$RICKLEE_POLEPED
370
     0
100
AcDbPolyline
 90
        2
 70
     0
 43
0.0
 10
745.3954563036906
 20
836.3954693359145
 10
743.960377099589
 20
834.2980458837661
  0
CIRCLE
  5
9CB
330
1F
100
AcDbEntity
  8
PDF_SKY-Lipa$0$RICKLEE_POLEPED
370
     0
100
AcDbCircle
 10
732.578844215992
 20
891.0953195936629
 30
0.0
 40
1.285424473252118
  0
LWPOLYLINE
  5
9CC
330
1F
100
AcDbEntity
  8
PDF_SKY-Lipa$0$RICKLEE_POLEPED
370
     0
100
AcDbPolyline
 90
        2
 70
     0
 43
0.0
 10
731.9277899267377
 20
892.1427768798585
 10
732.8109155908002
 20
892.3635582958741
  0
LWPOLYLINE
  5
9CD
330
1F
100
AcDbEntity
  8
PDF_SKY-Lipa$0$RICKLEE_POLEPED
370
     0
100
AcDbPolyline
 90
        2
 70
     0
 43
0.0
 10
731.5966178027143
 20
891.9219954638426
 10
733.1420877148237
 20
892.2531675878662
  0
LWPOLYLINE
  5
9CE
330
1F
100
AcDbEntity
  8
PDF_SKY-Lipa$0$RICKLEE_POLEPED
370
     0
100
AcDbPolyline
 90
        2
 70
     0
 43
0.0
 10
731.4862270947066
 20
891.701214047827
 10
733.3628691308392
 20
892.1427768798585
  0
LWPOLYLINE
  5
9CF
330
1F
100
AcDbEntity
  8
PDF_SKY-Lipa$0$RICKLEE_POLEPED
370
     0
100
AcDbPolyline
 90
        2
 70
     0
 43
0.0
 10
731.2654456786909
 20
891.2596512157959
 10
733.6940412548628
 20
891.8116047558349
  0
LWPOLYLINE
  5
9D0
330
1F
100
AcDbEntity
  8
PDF_SKY-Lipa$0$RICKLEE_POLEPED
370
     0
100
AcDbPolyline
 90
        2
 70
     0
 43
0.0
 10
731.3758363866988
 20
891.4804326318115
 10
733.5836505468549
 20
891.9219954638426
  0
LWPOLYLINE
  5
9D1
330
1F
100
AcDbEntity
  8
PDF_SKY-Lipa$0$RICKLEE_POLEPED
370
     0
100
AcDbPolyline
 90
        2
 70
     0
 43
0.0
 10
731.2654456786909
 20
891.0388697997802
 10
733.8044319628705
 20
891.5908233398193
  0
LWPOLYLINE
  5
9D2
330
1F
100
AcDbEntity
  8
PDF_SKY-Lipa$0$RICKLEE_POLEPED
370
     0
100
AcDbPolyline
 90
        2
 70
     0
 43
0.0
 10
731.3758363866988
 20
890.7076976757569
 10
733.9148226708783
 20
891.149260507788
  0
LWPOLYLINE
  5
9D3
330
1F
100
AcDbEntity
  8
PDF_SKY-Lipa$0$RICKLEE_POLEPED
370
     0
100
AcDbPolyline
 90
        2
 70
     0
 43
0.0
 10
731.3758363866988
 20
890.8180883837646
 10
733.8044319628705
 20
891.3700419238036
  0
LWPOLYLINE
  5
9D4
330
1F
100
AcDbEntity
  8
PDF_SKY-Lipa$0$RICKLEE_POLEPED
370
     0
100
AcDbPolyline
 90
        2
 70
     0
 43
0.0
 10
731.4862270947066
 20
890.4869162597412
 10
733.9148226708783
 20
891.0388697997802
  0
LWPOLYLINE
  5
9D5
330
1F
100
AcDbEntity
  8
PDF_SKY-Lipa$0$RICKLEE_POLEPED
370
     0
100
AcDbPolyline
 90
        2
 70
     0
 43
0.0
 10
731.5966178027143
 20
890.2661348437257
 10
733.8044319628705
 20
890.7076976757569
  0
LWPOLYLINE
  5
9D6
330
1F
100
AcDbEntity
  8
PDF_SKY-Lipa$0$RICKLEE_POLEPED
370
     0
100
AcDbPolyline
 90
        2
 70
     0
 43
0.0
 10
732.0381806347455
 20
889.9349627197024
 10
733.5836505468549
 20
890.2661348437257
  0
LWPOLYLINE
  5
9D7
330
1F
100
AcDbEntity
  8
PDF_SKY-Lipa$0$RICKLEE_POLEPED
370
     0
100
AcDbPolyline
 90
        2
 70
     0
 43
0.0
 10
731.81739921873
 20
890.1557441357178
 10
733.6940412548628
 20
890.4869162597412
  0
LWPOLYLINE
  5
9D8
330
1F
100
AcDbEntity
  8
PDF_SKY-Lipa$0$RICKLEE_POLEPED
370
     0
100
AcDbPolyline
 90
        2
 70
     0
 43
0.0
 10
732.3693527587689
 20
889.8245720116944
 10
733.2524784228314
 20
890.0453534277101
  0
CIRCLE
  5
9D9
330
1F
100
AcDbEntity
  8
PDF_SKY-Lipa$0$RICKLEE_POLEPED
370
     0
100
AcDbCircle
 10
685.4142309868885
 20
882.0010957110499
 30
0.0
 40
1.292812348671346
  0
LWPOLYLINE
  5
9DA
330
1F
100
AcDbEntity
  8
PDF_SKY-Lipa$0$RICKLEE_POLEPED
370
     0
100
AcDbPolyline
 90
        2
 70
     0
 43
0.0
 10
686.4468182275202
 20
882.7595666991946
 10
686.6675996435359
 20
881.7660503271243
  0
LWPOLYLINE
  5
9DB
330
1F
100
AcDbEntity
  8
PDF_SKY-Lipa$0$RICKLEE_POLEPED
370
     0
100
AcDbPolyline
 90
        2
 70
     0
 43
0.0
 10
686.3364275195124
 20
882.9803481152103
 10
686.5572089355281
 20
881.4348782031009
  0
LWPOLYLINE
  5
9DC
330
1F
100
AcDbEntity
  8
PDF_SKY-Lipa$0$RICKLEE_POLEPED
370
     0
100
AcDbPolyline
 90
        2
 70
     0
 43
0.0
 10
686.005255395489
 20
883.2011295312259
 10
686.4468182275202
 20
881.2140967870853
  0
LWPOLYLINE
  5
9DD
330
1F
100
AcDbEntity
  8
PDF_SKY-Lipa$0$RICKLEE_POLEPED
370
     0
100
AcDbPolyline
 90
        2
 70
     0
 43
0.0
 10
685.5636925634578
 20
883.3115202392336
 10
686.005255395489
 20
880.8829246630619
  0
LWPOLYLINE
  5
9DE
330
1F
100
AcDbEntity
  8
PDF_SKY-Lipa$0$RICKLEE_POLEPED
370
     0
100
AcDbPolyline
 90
        2
 70
     0
 43
0.0
 10
685.7844739794734
 20
883.2011295312259
 10
686.2260368115046
 20
880.9933153710696
  0
LWPOLYLINE
  5
9DF
330
1F
100
AcDbEntity
  8
PDF_SKY-Lipa$0$RICKLEE_POLEPED
370
     0
100
AcDbPolyline
 90
        2
 70
     0
 43
0.0
 10
685.3429111474422
 20
883.3115202392336
 10
685.8948646874812
 20
880.8829246630619
  0
LWPOLYLINE
  5
9E0
330
1F
100
AcDbEntity
  8
PDF_SKY-Lipa$0$RICKLEE_POLEPED
370
     0
100
AcDbPolyline
 90
        2
 70
     0
 43
0.0
 10
685.0117390234187
 20
883.2011295312259
 10
685.45330185545
 20
880.7725339550541
  0
LWPOLYLINE
  5
9E1
330
1F
100
AcDbEntity
  8
PDF_SKY-Lipa$0$RICKLEE_POLEPED
370
     0
100
AcDbPolyline
 90
        2
 70
     0
 43
0.0
 10
685.1221297314265
 20
883.3115202392336
 10
685.6740832714656
 20
880.7725339550541
  0
LWPOLYLINE
  5
9E2
330
1F
100
AcDbEntity
  8
PDF_SKY-Lipa$0$RICKLEE_POLEPED
370
     0
100
AcDbPolyline
 90
        2
 70
     0
 43
0.0
 10
684.7909576074031
 20
883.2011295312259
 10
685.2325204394343
 20
880.7725339550541
  0
LWPOLYLINE
  5
9E3
330
1F
100
AcDbEntity
  8
PDF_SKY-Lipa$0$RICKLEE_POLEPED
370
     0
100
AcDbPolyline
 90
        2
 70
     0
 43
0.0
 10
684.5701761913875
 20
882.9803481152103
 10
685.0117390234187
 20
880.7725339550541
  0
LWPOLYLINE
  5
9E4
330
1F
100
AcDbEntity
  8
PDF_SKY-Lipa$0$RICKLEE_POLEPED
370
     0
100
AcDbPolyline
 90
        2
 70
     0
 43
0.0
 10
684.2390040673641
 20
882.5387852831788
 10
684.5701761913875
 20
881.1037060790775
  0
LWPOLYLINE
  5
9E5
330
1F
100
AcDbEntity
  8
PDF_SKY-Lipa$0$RICKLEE_POLEPED
370
     0
100
AcDbPolyline
 90
        2
 70
     0
 43
0.0
 10
684.4597854833797
 20
882.8699574072025
 10
684.7909576074031
 20
880.8829246630619
  0
LWPOLYLINE
  5
9E6
330
1F
100
AcDbEntity
  8
PDF_SKY-Lipa$0$RICKLEE_POLEPED
370
     0
100
AcDbPolyline
 90
        2
 70
     0
 43
0.0
 10
684.1286133593562
 20
882.2076131591554
 10
684.3493947753719
 20
881.324487495093
  0
CIRCLE
  5
9E7
330
1F
100
AcDbEntity
  8
PDF_SKY-Lipa$0$RICKLEE_POLEPED
370
     0
100
AcDbCircle
 10
721.8709455392684
 20
942.868561649298
 30
0.0
 40
1.285424473284896
  0
LWPOLYLINE
  5
9E8
330
1F
100
AcDbEntity
  8
PDF_SKY-Lipa$0$RICKLEE_POLEPED
370
     0
100
AcDbPolyline
 90
        2
 70
     0
 43
0.0
 10
721.2198912499802
 20
943.9160189355211
 10
722.1030169140427
 20
944.1368003515368
  0
LWPOLYLINE
  5
9E9
330
1F
100
AcDbEntity
  8
PDF_SKY-Lipa$0$RICKLEE_POLEPED
370
     0
100
AcDbPolyline
 90
        2
 70
     0
 43
0.0
 10
720.8887191259568
 20
943.6952375195053
 10
722.4341890380661
 20
944.0264096435289
  0
LWPOLYLINE
  5
9EA
330
1F
100
AcDbEntity
  8
PDF_SKY-Lipa$0$RICKLEE_POLEPED
370
     0
100
AcDbPolyline
 90
        2
 70
     0
 43
0.0
 10
720.778328417949
 20
943.4744561034897
 10
722.6549704540818
 20
943.805628227513
  0
LWPOLYLINE
  5
9EB
330
1F
100
AcDbEntity
  8
PDF_SKY-Lipa$0$RICKLEE_POLEPED
370
     0
100
AcDbPolyline
 90
        2
 70
     0
 43
0.0
 10
720.6679377099412
 20
943.0328932714585
 10
722.9861425781052
 20
943.4744561034897
  0
LWPOLYLINE
  5
9EC
330
1F
100
AcDbEntity
  8
PDF_SKY-Lipa$0$RICKLEE_POLEPED
370
     0
100
AcDbPolyline
 90
        2
 70
     0
 43
0.0
 10
720.6679377099412
 20
943.2536746874742
 10
722.8757518700973
 20
943.6952375195053
  0
LWPOLYLINE
  5
9ED
330
1F
100
AcDbEntity
  8
PDF_SKY-Lipa$0$RICKLEE_POLEPED
370
     0
100
AcDbPolyline
 90
        2
 70
     0
 43
0.0
 10
720.5575470019333
 20
942.8121118554429
 10
723.096533286113
 20
943.2536746874742
  0
LWPOLYLINE
  5
9EE
330
1F
100
AcDbEntity
  8
PDF_SKY-Lipa$0$RICKLEE_POLEPED
370
     0
100
AcDbPolyline
 90
        2
 70
     0
 43
0.0
 10
720.6679377099412
 20
942.3705490234118
 10
723.2069239941209
 20
942.9225025634506
  0
LWPOLYLINE
  5
9EF
330
1F
100
AcDbEntity
  8
PDF_SKY-Lipa$0$RICKLEE_POLEPED
370
     0
100
AcDbPolyline
 90
        2
 70
     0
 43
0.0
 10
720.6679377099412
 20
942.5913304394272
 10
723.096533286113
 20
943.1432839794663
  0
LWPOLYLINE
  5
9F0
330
1F
100
AcDbEntity
  8
PDF_SKY-Lipa$0$RICKLEE_POLEPED
370
     0
100
AcDbPolyline
 90
        2
 70
     0
 43
0.0
 10
720.778328417949
 20
942.2601583154039
 10
723.2069239941209
 20
942.7017211474352
  0
LWPOLYLINE
  5
9F1
330
1F
100
AcDbEntity
  8
PDF_SKY-Lipa$0$RICKLEE_POLEPED
370
     0
100
AcDbPolyline
 90
        2
 70
     0
 43
0.0
 10
720.8887191259568
 20
942.0393768993884
 10
723.096533286113
 20
942.4809397314195
  0
LWPOLYLINE
  5
9F2
330
1F
100
AcDbEntity
  8
PDF_SKY-Lipa$0$RICKLEE_POLEPED
370
     0
100
AcDbPolyline
 90
        2
 70
     0
 43
0.0
 10
721.330281957988
 20
941.708204775365
 10
722.8757518700973
 20
942.0393768993884
  0
LWPOLYLINE
  5
9F3
330
1F
100
AcDbEntity
  8
PDF_SKY-Lipa$0$RICKLEE_POLEPED
370
     0
100
AcDbPolyline
 90
        2
 70
     0
 43
0.0
 10
721.1095005419724
 20
941.8185954833727
 10
722.9861425781052
 20
942.2601583154039
  0
LWPOLYLINE
  5
9F4
330
1F
100
AcDbEntity
  8
PDF_SKY-Lipa$0$RICKLEE_POLEPED
370
     0
100
AcDbPolyline
 90
        2
 70
     0
 43
0.0
 10
721.6614540820114
 20
941.5978140673571
 10
722.5445797460739
 20
941.8185954833727
  0
LWPOLYLINE
  5
9F5
330
1F
100
AcDbEntity
  8
PDF_SKY-Lipa$0$RICKLEE_POLEPED
370
     0
100
AcDbPolyline
 90
       12
 70
     1
 43
0.0
 10
711.2847275292774
 20
991.7151955029025
 10
710.7327739892383
 20
991.3840233788791
 10
710.4016018652149
 20
990.8320698388399
 10
710.2912111572071
 20
990.1697255907931
 10
710.6223832812305
 20
989.6177720507541
 10
711.1743368212695
 20
989.176209218723
 10
711.8366810693165
 20
989.176209218723
 10
712.3886346093554
 20
989.5073813427464
 10
712.8301974413867
 20
990.0593348827854
 10
712.8301974413867
 20
990.7216791308322
 10
712.4990253173633
 20
991.2736326708714
 10
711.9470717773242
 20
991.6048047948947
  0
LWPOLYLINE
  5
9F6
330
1F
100
AcDbEntity
  8
PDF_SKY-Lipa$0$RICKLEE_POLEPED
370
     0
100
AcDbPolyline
 90
        2
 70
     0
 43
0.0
 10
712.719806733379
 20
989.728162758762
 10
710.5119925732227
 20
991.1632419628636
  0
LWPOLYLINE
  5
9F7
330
1F
100
AcDbEntity
  8
PDF_SKY-Lipa$0$RICKLEE_POLEPED
370
     0
100
AcDbPolyline
 90
        2
 70
     0
 43
0.0
 10
712.2782439013477
 20
991.494414086887
 10
710.953555405254
 20
989.2865999267307
  0
LWPOLYLINE
  5
9F8
330
1F
100
AcDbEntity
  8
PDF_SKY-Lipa$0$RICKLEE_POLEPED
370
     0
100
AcDbPolyline
 90
       12
 70
     1
 43
0.0
 10
882.5007156493899
 20
145.9015907470663
 10
883.052669189429
 20
146.1223721630819
 10
883.3838413134524
 20
146.6743257031209
 10
883.4942320214603
 20
147.3366699511678
 10
883.1630598974369
 20
147.9990141992147
 10
882.6111063573977
 20
148.3301863232381
 10
881.9487621093507
 20
148.3301863232381
 10
881.3968085693117
 20
148.1094049072225
 10
880.9552457372806
 20
147.5574513671834
 10
880.9552457372806
 20
146.8951071191366
 10
881.286417861304
 20
146.2327628710897
 10
881.838371401343
 20
145.9015907470663
  0
LWPOLYLINE
  5
9F9
330
1F
100
AcDbEntity
  8
PDF_SKY-Lipa$0$RICKLEE_POLEPED
370
     0
100
AcDbPolyline
 90
        2
 70
     0
 43
0.0
 10
881.1760271532962
 20
147.7782327831991
 10
883.2734506054446
 20
146.3431535790975
  0
LWPOLYLINE
  5
9FA
330
1F
100
AcDbEntity
  8
PDF_SKY-Lipa$0$RICKLEE_POLEPED
370
     0
100
AcDbPolyline
 90
        2
 70
     0
 43
0.0
 10
881.5071992773196
 20
146.0119814550741
 10
882.9422784814211
 20
148.2197956152303
  0
CIRCLE
  5
9FB
330
1F
100
AcDbEntity
  8
PDF_SKY-Lipa$0$RICKLEE_POLEPED
370
     0
100
AcDbCircle
 10
892.7370789428303
 20
90.50363539924113
 30
0.0
 40
1.257727803602166
  0
LWPOLYLINE
  5
9FC
330
1F
100
AcDbEntity
  8
PDF_SKY-Lipa$0$RICKLEE_POLEPED
370
     0
100
AcDbPolyline
 90
        2
 70
     0
 43
0.0
 10
891.6631444140382
 20
91.14779957519282
 10
893.7605678661865
 20
89.71272037109129
  0
LWPOLYLINE
  5
9FD
330
1F
100
AcDbEntity
  8
PDF_SKY-Lipa$0$RICKLEE_POLEPED
370
     0
100
AcDbPolyline
 90
        2
 70
     0
 43
0.0
 10
891.9943165380615
 20
89.49193895507567
 10
893.429395742163
 20
91.58936240722406
  0
LWPOLYLINE
  5
9FE
330
1F
100
AcDbEntity
  8
PDF_SKY-Lipa$0$RICKLEE_POLEPED
370
     0
100
AcDbPolyline
 90
       12
 70
     1
 43
0.0
 10
900.1632289306394
 20
46.54995354003779
 10
900.7151824706784
 20
46.7707349560534
 10
901.0463545947018
 20
47.32268849609245
 10
901.1567453027097
 20
47.9850327441393
 10
900.9359638866941
 20
48.64737699218617
 10
900.3840103466551
 20
48.97854911620959
 10
899.7216660986081
 20
49.08893982421741
 10
899.0593218505614
 20
48.75776770019398
 10
898.728149726538
 20
48.20581416015492
 10
898.6177590185301
 20
47.54346991210807
 10
898.9489311425534
 20
46.99151637206902
 10
899.5008846825925
 20
46.54995354003779
  0
LWPOLYLINE
  5
9FF
330
1F
100
AcDbEntity
  8
PDF_SKY-Lipa$0$RICKLEE_POLEPED
370
     0
100
AcDbPolyline
 90
        2
 70
     0
 43
0.0
 10
898.8385404345457
 20
48.53698628417835
 10
900.9359638866941
 20
46.99151637206902
  0
LWPOLYLINE
  5
A00
330
1F
100
AcDbEntity
  8
PDF_SKY-Lipa$0$RICKLEE_POLEPED
370
     0
100
AcDbPolyline
 90
        2
 70
     0
 43
0.0
 10
899.1697125585691
 20
46.7707349560534
 10
900.6047917626705
 20
48.86815840820179
  0
LWPOLYLINE
  5
A01
330
1F
100
AcDbEntity
  8
PDF_SKY-Lipa$0$RICKLEE_POLEPED
370
     0
100
AcDbPolyline
 90
        4
 70
     1
 43
0.0
 10
842.980842182594
 20
347.8061956933499
 10
842.428888642555
 20
350.4555726855373
 10
844.9678749267347
 20
351.0075262255763
 10
845.5198284667737
 20
348.3581492333889
  0
CIRCLE
  5
A05
330
1F
100
AcDbEntity
  8
PDF_SKY-Lipa$0$RICKLEE_POLEPED
370
     0
100
AcDbCircle
 10
844.0043311059334
 20
349.4438762413684
 30
0.0
 40
1.257727803602195
  0
LWPOLYLINE
  5
A06
330
1F
100
AcDbEntity
  8
PDF_SKY-Lipa$0$RICKLEE_POLEPED
370
     0
100
AcDbPolyline
 90
        2
 70
     0
 43
0.0
 10
845.0782656347424
 20
348.7997120654201
 10
842.980842182594
 20
350.1244005615139
  0
LWPOLYLINE
  5
A07
330
1F
100
AcDbEntity
  8
PDF_SKY-Lipa$0$RICKLEE_POLEPED
370
     0
100
AcDbPolyline
 90
        2
 70
     0
 43
0.0
 10
844.747093510719
 20
350.4555726855373
 10
843.3120143066176
 20
348.3581492333889
  0
LWPOLYLINE
  5
A08
330
1F
100
AcDbEntity
  8
PDF_SKY-Lipa$0$RICKLEE_POLEPED
370
     0
100
AcDbPolyline
 90
        4
 70
     1
 43
0.0
 10
851.5913174072032
 20
305.9681173583901
 10
851.0393638671642
 20
308.5071036425697
 10
853.6887408593516
 20
309.0590571826087
 10
854.2406943993906
 20
306.4096801904213
  0
CIRCLE
  5
A0C
330
1F
100
AcDbEntity
  8
PDF_SKY-Lipa$0$RICKLEE_POLEPED
370
     0
100
AcDbCircle
 10
852.6809605193893
 20
307.4745164019295
 30
0.0
 40
1.292812348683988
  0
LWPOLYLINE
  5
A0D
330
1F
100
AcDbEntity
  8
PDF_SKY-Lipa$0$RICKLEE_POLEPED
370
     0
100
AcDbPolyline
 90
        2
 70
     0
 43
0.0
 10
853.7991315673595
 20
306.8512430224525
 10
851.5913174072032
 20
308.1759315185462
  0
LWPOLYLINE
  5
A0E
330
1F
100
AcDbEntity
  8
PDF_SKY-Lipa$0$RICKLEE_POLEPED
370
     0
100
AcDbPolyline
 90
        2
 70
     0
 43
0.0
 10
853.4679594433359
 20
308.5071036425697
 10
852.0328802392345
 20
306.4096801904213
  0
MTEXT
  5
A0F
330
1F
100
AcDbEntity
  8
PDF_Text
 62
   132
420
    56797
100
AcDbMText
 10
681.9479196020321
 20
989.3905895458713
 30
0.0
 40
1.762694664999198
 41
0.0
 46
0.0
 71
     4
 72
     5
  1
19.7
  7
PDF ArialMT
 73
     1
 44
1.0
  0
MTEXT
  5
A10
330
1F
100
AcDbEntity
  8
PDF_Text
 62
   132
420
    56797
100
AcDbMText
 10
681.9479196020321
 20
986.0787560058323
 30
0.0
 40
1.772987070410107
 41
0.0
 46
0.0
 71
     4
 72
     5
  1
16.2
  7
PDF ArialMT
 73
     1
 44
1.0
  0
MTEXT
  5
A11
330
1F
100
AcDbEntity
  8
PDF_Text
 62
   132
420
    56797
100
AcDbMText
 10
853.502098583961
 20
360.3588292242333
 30
0.0
 40
1.772987070410107
 41
0.0
 46
0.0
 71
     4
 72
     5
  1
17.8
  7
PDF ArialMT
 73
     1
 44
1.0
  0
MTEXT
  5
A12
330
1F
100
AcDbEntity
  8
PDF_Text
 62
   132
420
    56797
100
AcDbMText
 10
853.502098583961
 20
357.0469535717676
 30
0.0
 40
1.772987070410107
 41
0.0
 46
0.0
 71
     4
 72
     5
  1
19.3
  7
PDF ArialMT
 73
     1
 44
1.0
  0
MTEXT
  5
A13
330
1F
100
AcDbEntity
  8
PDF_Text
 62
   132
420
    56797
100
AcDbMText
 10
814.4221596020285
 20
604.3322184167314
 30
0.0
 40
1.772987070410107
 41
0.0
 46
0.0
 71
     4
 72
     5
  1
18.9
  7
PDF ArialMT
 73
     1
 44
1.0
  0
MTEXT
  5
A14
330
1F
100
AcDbEntity
  8
PDF_Text
 62
   132
420
    56797
100
AcDbMText
 10
814.4221596020285
 20
601.0203568017414
 30
0.0
 40
1.772987070410107
 41
0.0
 46
0.0
 71
     4
 72
     5
  1
15.8
  7
PDF ArialMT
 73
     1
 44
1.0
  0
MTEXT
  5
A15
330
1F
100
AcDbEntity
  8
PDF_Text
 62
   132
420
    56797
100
AcDbMText
 10
893.5755539379638
 20
102.365251596982
 30
0.0
 40
1.772987070410107
 41
0.0
 46
0.0
 71
     4
 72
     5
  1
19.6
  7
PDF ArialMT
 73
     1
 44
1.0
  0
MTEXT
  5
A16
330
1F
100
AcDbEntity
  8
PDF_Text
 62
   132
420
    56797
100
AcDbMText
 10
893.5755539379638
 20
99.05338998199191
 30
0.0
 40
1.772987070410107
 41
0.0
 46
0.0
 71
     4
 72
     5
  1
16.2
  7
PDF ArialMT
 73
     1
 44
1.0
  0
MTEXT
  5
A17
330
1F
100
AcDbEntity
  8
PDF_Text
 62
   132
420
    56797
100
AcDbMText
 10
856.9243228320077
 20
341.0396692242338
 30
0.0
 40
1.772987070410107
 41
0.0
 46
0.0
 71
     4
 72
     5
  1
20.0
  7
PDF ArialMT
 73
     1
 44
1.0
  0
MTEXT
  5
A18
330
1F
100
AcDbEntity
  8
PDF_Text
 62
   132
420
    56797
100
AcDbMText
 10
856.9243228320077
 20
337.7277935717681
 30
0.0
 40
1.772987070410107
 41
0.0
 46
0.0
 71
     4
 72
     5
  1
13.4
  7
PDF ArialMT
 73
     1
 44
1.0
  0
MTEXT
  5
A19
330
1F
100
AcDbEntity
  8
PDF_Text
 62
   132
420
    56797
100
AcDbMText
 10
691.5523042480279
 20
870.826252553687
 30
0.0
 40
1.772987070410107
 41
0.0
 46
0.0
 71
     4
 72
     5
  1
19.8
  7
PDF ArialMT
 73
     1
 44
1.0
  0
MTEXT
  5
A1A
330
1F
100
AcDbEntity
  8
PDF_Text
 62
   132
420
    56797
100
AcDbMText
 10
691.5523042480279
 20
867.5143347887946
 30
0.0
 40
1.772987070410107
 41
0.0
 46
0.0
 71
     4
 72
     5
  1
12.9
  7
PDF ArialMT
 73
     1
 44
1.0
  0
MTEXT
  5
A1B
330
1F
100
AcDbEntity
  8
PDF_Text
 62
   132
420
    56797
100
AcDbMText
 10
886.8414399999757
 20
143.1010933114585
 30
0.0
 40
1.772987070410107
 41
0.0
 46
0.0
 71
     4
 72
     5
  1
18.6
  7
PDF ArialMT
 73
     1
 44
1.0
  0
MTEXT
  5
A1C
330
1F
100
AcDbEntity
  8
PDF_Text
 62
   132
420
    56797
100
AcDbMText
 10
886.8414399999757
 20
139.8996224044761
 30
0.0
 40
1.772987070410107
 41
0.0
 46
0.0
 71
     4
 72
     5
  1
19.5
  7
PDF ArialMT
 73
     1
 44
1.0
  0
MTEXT
  5
A1D
330
1F
100
AcDbEntity
  8
PDF_Text
 62
   132
420
    56797
100
AcDbMText
 10
677.0905599999814
 20
169.8167114974929
 30
0.0
 40
1.772987070410107
 41
0.0
 46
0.0
 71
     4
 72
     5
  1
18.1
  7
PDF ArialMT
 73
     1
 44
1.0
  0
MTEXT
  5
A1E
330
1F
100
AcDbEntity
  8
PDF_Text
 62
   132
420
    56797
100
AcDbMText
 10
677.0905599999814
 20
166.6152686654617
 30
0.0
 40
1.772987070410107
 41
0.0
 46
0.0
 71
     4
 72
     5
  1
15.9
  7
PDF ArialMT
 73
     1
 44
1.0
  0
MTEXT
  5
A1F
330
1F
100
AcDbEntity
  8
PDF_Text
 62
   132
420
    56797
100
AcDbMText
 10
792.6742917260525
 20
668.0302398327453
 30
0.0
 40
1.772987070410107
 41
0.0
 46
0.0
 71
     4
 72
     5
  1
19.8
  7
PDF ArialMT
 73
     1
 44
1.0
  0
MTEXT
  5
A20
330
1F
100
AcDbEntity
  8
PDF_Text
 62
   132
420
    56797
100
AcDbMText
 10
792.6742917260525
 20
664.7184062927065
 30
0.0
 40
1.772987070410107
 41
0.0
 46
0.0
 71
     4
 72
     5
  1
17.1
  7
PDF ArialMT
 73
     1
 44
1.0
  0
MTEXT
  5
A21
330
1F
100
AcDbEntity
  8
PDF_Text
 62
   132
420
    56797
100
AcDbMText
 10
843.4560949560315
 20
184.2784838204905
 30
0.0
 40
1.772987070410107
 41
0.0
 46
0.0
 71
     4
 72
     5
  1
19.7
  7
PDF ArialMT
 73
     1
 44
1.0
  0
MTEXT
  5
A22
330
1F
100
AcDbEntity
  8
PDF_Text
 62
   132
420
    56797
100
AcDbMText
 10
843.4560949560315
 20
180.9666502804516
 30
0.0
 40
1.772987070410107
 41
0.0
 46
0.0
 71
     4
 72
     5
  1
16.1
  7
PDF ArialMT
 73
     1
 44
1.0
  0
MTEXT
  5
A23
330
1F
100
AcDbEntity
  8
PDF_Text
100
AcDbMText
 10
724.7812549560348
 20
747.8459784167275
 30
0.0
 40
1.772987070410107
 41
0.0
 46
0.0
 71
     4
 72
     5
  1
120-A05
  7
PDF ArialMT
 73
     1
 44
1.0
  0
MTEXT
  5
A24
330
1F
100
AcDbEntity
  8
PDF_Text
100
AcDbMText
 10
722.021374956035
 20
741.0015018456829
 30
0.0
 40
1.772987070410107
 41
0.0
 46
0.0
 71
     4
 72
     5
  1
SkyGM-42SA
  7
PDF ArialMT
 73
     1
 44
1.0
  0
MTEXT
  5
A25
330
1F
100
AcDbEntity
  8
PDF_Text
100
AcDbMText
 10
725.0020363720505
 20
737.2480212487592
 30
0.0
 40
1.772987070410107
 41
0.0
 46
0.0
 71
     4
 72
     5
  1
PS120A
  7
PDF ArialMT
 73
     1
 44
1.0
  0
MTEXT
  5
A26
330
1F
100
AcDbEntity
  8
PDF_Text
100
AcDbMText
 10
719.7031139379685
 20
734.1569691247357
 30
0.0
 40
1.772987070410107
 41
0.0
 46
0.0
 71
     4
 72
     5
  1
FEQ-1.5FAP-15
  7
PDF ArialMT
 73
     1
 44
1.0
  0
MTEXT
  5
A27
330
1F
100
AcDbEntity
  8
PDF_Text
100
AcDbMText
 10
723.6772917260544
 20
731.0659170007125
 30
0.0
 40
1.772987070410107
 41
0.0
 46
0.0
 71
     4
 72
     5
  1
2
  7
PDF ArialMT
 73
     1
 44
1.0
  0
MTEXT
  5
A28
330
1F
100
AcDbEntity
  8
PDF_Text
100
AcDbMText
 10
732.7297228320111
 20
731.0659170007125
 30
0.0
 40
1.772987070410107
 41
0.0
 46
0.0
 71
     4
 72
     5
  1
202
  7
PDF ArialMT
 73
     1
 44
1.0
  0
MTEXT
  5
A29
330
1F
100
AcDbEntity
  8
PDF_Text
100
AcDbMText
 10
721.9109842480271
 20
727.9748368017378
 30
0.0
 40
1.772987070410107
 41
0.0
 46
0.0
 71
     4
 72
     5
  1
58.7
  7
PDF ArialMT
 73
     1
 44
1.0
  0
MTEXT
  5
A2A
330
1F
100
AcDbEntity
  8
PDF_Text
100
AcDbMText
 10
732.3985507079877
 20
727.9748368017378
 30
0.0
 40
1.772987070410107
 41
0.0
 46
0.0
 71
     4
 72
     5
  1
1.56
  7
PDF ArialMT
 73
     1
 44
1.0
  0
MTEXT
  5
A2B
330
1F
100
AcDbEntity
  8
PDF_Text
100
AcDbMText
 10
721.9109842480271
 20
724.7733939697066
 30
0.0
 40
1.772987070410107
 41
0.0
 46
0.0
 71
     4
 72
     5
  1
22.5
  7
PDF ArialMT
 73
     1
 44
1.0
  0
MTEXT
  5
A2C
330
1F
100
AcDbEntity
  8
PDF_Text
100
AcDbMText
 10
732.2881599999799
 20
724.7733939697066
 30
0.0
 40
1.772987070410107
 41
0.0
 46
0.0
 71
     4
 72
     5
  1
22.4
  7
PDF ArialMT
 73
     1
 44
1.0
  0
MTEXT
  5
A2D
330
1F
100
AcDbEntity
  8
PDF_Text
100
AcDbMText
 10
723.0149474780075
 20
721.6823418456833
 30
0.0
 40
1.772987070410107
 41
0.0
 46
0.0
 71
     4
 72
     5
  1
37
  7
PDF ArialMT
 73
     1
 44
1.0
  0
MTEXT
  5
A2E
330
1F
100
AcDbEntity
  8
PDF_Text
100
AcDbMText
 10
732.2881599999799
 20
721.6823418456833
 30
0.0
 40
1.772987070410107
 41
0.0
 46
0.0
 71
     4
 72
     5
  1
49.5
  7
PDF ArialMT
 73
     1
 44
1.0
  0
MTEXT
  5
A2F
330
1F
100
AcDbEntity
  8
PDF_Text
 62
    92
420
    47104
100
AcDbMText
 10
764.5342628173619
 20
555.8560986266936
 30
0.0
 40
2.937924924766937
 41
0.0
 46
0.0
 71
     4
 72
     5
  1
120-NODE
  7
PDF Arial Narrow
 11
0.9999774821723285
 21
-0.0067108232200138
 31
0.0
 73
     1
 44
1.0
  0
MTEXT
  5
A30
330
1F
100
AcDbEntity
  8
PDF_Text
100
AcDbMText
 10
728.0931446459761
 20
244.3334785162287
 30
0.0
 40
1.772987070410107
 41
0.0
 46
0.0
 71
     4
 72
     5
  1
120-A04
  7
PDF ArialMT
 73
     1
 44
1.0
  0
MTEXT
  5
A31
330
1F
100
AcDbEntity
  8
PDF_Text
100
AcDbMText
 10
726.7683999999801
 20
237.4889738702327
 30
0.0
 40
1.772987070410107
 41
0.0
 46
0.0
 71
     4
 72
     5
  1
SkyGM-LE
  7
PDF ArialMT
 73
     1
 44
1.0
  0
MTEXT
  5
A32
330
1F
100
AcDbEntity
  8
PDF_Text
100
AcDbMText
 10
728.2035353539839
 20
233.8459331124814
 30
0.0
 40
1.772987070410107
 41
0.0
 46
0.0
 71
     4
 72
     5
  1
PS120A
  7
PDF ArialMT
 73
     1
 44
1.0
  0
MTEXT
  5
A33
330
1F
100
AcDbEntity
  8
PDF_Text
100
AcDbMText
 10
722.3526032299607
 20
230.754880988458
 30
0.0
 40
1.772987070410107
 41
0.0
 46
0.0
 71
     4
 72
     5
  1
FEQ-10.5FAP-7
  7
PDF ArialMT
 11
0.9999833370590833
 21
-0.0057728332887747
 31
0.0
 73
     1
 44
1.0
  0
MTEXT
  5
A34
330
1F
100
AcDbEntity
  8
PDF_Text
100
AcDbMText
 10
726.9891814159957
 20
227.5534100814757
 30
0.0
 40
1.772987070410107
 41
0.0
 46
0.0
 71
     4
 72
     5
  1
3
  7
PDF ArialMT
 73
     1
 44
1.0
  0
MTEXT
  5
A35
330
1F
100
AcDbEntity
  8
PDF_Text
100
AcDbMText
 10
735.9311656640422
 20
227.5534100814757
 30
0.0
 40
1.772987070410107
 41
0.0
 46
0.0
 71
     4
 72
     5
  1
340
  7
PDF ArialMT
 73
     1
 44
1.0
  0
MTEXT
  5
A36
330
1F
100
AcDbEntity
  8
PDF_Text
100
AcDbMText
 10
725.2228739379684
 20
224.4623579574524
 30
0.0
 40
1.772987070410107
 41
0.0
 46
0.0
 71
     4
 72
     5
  1
54.9
  7
PDF ArialMT
 73
     1
 44
1.0
  0
MTEXT
  5
A37
330
1F
100
AcDbEntity
  8
PDF_Text
100
AcDbMText
 10
736.262393937968
 20
224.4623579574524
 30
0.0
 40
1.772987070410107
 41
0.0
 46
0.0
 71
     4
 72
     5
  1
.67
  7
PDF ArialMT
 73
     1
 44
1.0
  0
MTEXT
  5
A38
330
1F
100
AcDbEntity
  8
PDF_Text
100
AcDbMText
 10
725.2228739379684
 20
221.3712777584778
 30
0.0
 40
1.772987070410107
 41
0.0
 46
0.0
 71
     4
 72
     5
  1
24.5
  7
PDF ArialMT
 73
     1
 44
1.0
  0
MTEXT
  5
A39
330
1F
100
AcDbEntity
  8
PDF_Text
100
AcDbMText
 10
735.5999935400189
 20
221.3712777584778
 30
0.0
 40
1.772987070410107
 41
0.0
 46
0.0
 71
     4
 72
     5
  1
17.5
  7
PDF ArialMT
 73
     1
 44
1.0
  0
MTEXT
  5
A3A
330
1F
100
AcDbEntity
  8
PDF_Text
100
AcDbMText
 10
726.2163903100387
 20
218.2802256344545
 30
0.0
 40
1.772987070410107
 41
0.0
 46
0.0
 71
     4
 72
     5
  1
37
  7
PDF ArialMT
 73
     1
 44
1.0
  0
MTEXT
  5
A3B
330
1F
100
AcDbEntity
  8
PDF_Text
100
AcDbMText
 10
735.5999935400189
 20
218.2802256344545
 30
0.0
 40
1.772987070410107
 41
0.0
 46
0.0
 71
     4
 72
     5
  1
49.5
  7
PDF ArialMT
 73
     1
 44
1.0
  0
MTEXT
  5
A3C
330
1F
100
AcDbEntity
  8
PDF_Text
 62
    92
420
    47104
100
AcDbMText
 10
741.4509256640421
 20
874.4566525646732
 30
0.0
 40
2.937924924766937
 41
0.0
 46
0.0
 71
     4
 72
     5
  1
120-A06
  7
PDF Arial Narrow
 73
     1
 44
1.0
  0
MTEXT
  5
A3D
330
1F
100
AcDbEntity
  8
PDF_Text
 62
    92
420
    47104
100
AcDbMText
 10
742.886061018046
 20
124.7628721054043
 30
0.0
 40
2.937924924766937
 41
0.0
 46
0.0
 71
     4
 72
     5
  1
120-A03
  7
PDF Arial Narrow
 73
     1
 44
1.0
  0
MTEXT
  5
A3E
330
1F
100
AcDbEntity
  8
PDF_Text
100
AcDbMText
 10
843.6768763720472
 20
492.943473969713
 30
0.0
 40
1.772987070410107
 41
0.0
 46
0.0
 71
     4
 72
     5
  1
120-A01
  7
PDF ArialMT
 73
     1
 44
1.0
  0
MTEXT
  5
A3F
330
1F
100
AcDbEntity
  8
PDF_Text
100
AcDbMText
 10
841.0337320190199
 20
486.0989131738148
 30
0.0
 40
1.772976963427685
 41
0.0
 46
0.0
 71
     4
 72
     5
  1
SkyGM-42JA
  7
PDF ArialMT
 11
0.9999713584803503
 21
-0.0075685017647284
 31
0.0
 73
     1
 44
1.0
  0
MTEXT
  5
A40
330
1F
100
AcDbEntity
  8
PDF_Text
100
AcDbMText
 10
843.7872670800549
 20
482.4559355847036
 30
0.0
 40
1.772987070410107
 41
0.0
 46
0.0
 71
     4
 72
     5
  1
PS120A
  7
PDF ArialMT
 73
     1
 44
1.0
  0
MTEXT
  5
A41
330
1F
100
AcDbEntity
  8
PDF_Text
100
AcDbMText
 10
839.5922517260512
 20
479.2544646777212
 30
0.0
 40
1.772987070410107
 41
0.0
 46
0.0
 71
     4
 72
     5
  1
FEQ-0
  7
PDF ArialMT
 73
     1
 44
1.0
  0
MTEXT
  5
A42
330
1F
100
AcDbEntity
  8
PDF_Text
100
AcDbMText
 10
851.0733907079844
 20
479.2544646777212
 30
0.0
 40
1.772987070410107
 41
0.0
 46
0.0
 71
     4
 72
     5
  1
FAIL
  7
PDF ArialMT
 73
     1
 44
1.0
  0
MTEXT
  5
A43
330
1F
100
AcDbEntity
  8
PDF_Text
100
AcDbMText
 10
842.5729692919691
 20
476.1634125536978
 30
0.0
 40
1.772987070410107
 41
0.0
 46
0.0
 71
     4
 72
     5
  1
2
  7
PDF ArialMT
 73
     1
 44
1.0
  0
MTEXT
  5
A44
330
1F
100
AcDbEntity
  8
PDF_Text
100
AcDbMText
 10
852.1773539379648
 20
476.1634125536978
 30
0.0
 40
1.772987070410107
 41
0.0
 46
0.0
 71
     4
 72
     5
  1
59
  7
PDF ArialMT
 73
     1
 44
1.0
  0
MTEXT
  5
A45
330
1F
100
AcDbEntity
  8
PDF_Text
100
AcDbMText
 10
840.8066056640395
 20
473.072276204821
 30
0.0
 40
1.772987070410107
 41
0.0
 46
0.0
 71
     4
 72
     5
  1
59.2
  7
PDF ArialMT
 73
     1
 44
1.0
  0
MTEXT
  5
A46
330
1F
100
AcDbEntity
  8
PDF_Text
100
AcDbMText
 10
851.956516372047
 20
473.072276204821
 30
0.0
 40
1.772987070410107
 41
0.0
 46
0.0
 71
     4
 72
     5
  1
.89
  7
PDF ArialMT
 73
     1
 44
1.0
  0
MTEXT
  5
A47
330
1F
100
AcDbEntity
  8
PDF_Text
100
AcDbMText
 10
840.8066056640395
 20
469.9812521557488
 30
0.0
 40
1.772987070410107
 41
0.0
 46
0.0
 71
     4
 72
     5
  1
20.1
  7
PDF ArialMT
 73
     1
 44
1.0
  0
MTEXT
  5
A48
330
1F
100
AcDbEntity
  8
PDF_Text
100
AcDbMText
 10
851.1837814159923
 20
469.9812521557488
 30
0.0
 40
1.772987070410107
 41
0.0
 46
0.0
 71
     4
 72
     5
  1
28.8
  7
PDF ArialMT
 73
     1
 44
1.0
  0
MTEXT
  5
A49
330
1F
100
AcDbEntity
  8
PDF_Text
100
AcDbMText
 10
841.8001781860121
 20
466.8901859942499
 30
0.0
 40
1.772987070410107
 41
0.0
 46
0.0
 71
     4
 72
     5
  1
37
  7
PDF ArialMT
 73
     1
 44
1.0
  0
MTEXT
  5
A4A
330
1F
100
AcDbEntity
  8
PDF_Text
100
AcDbMText
 10
851.1837814159923
 20
466.8901859942499
 30
0.0
 40
1.772987070410107
 41
0.0
 46
0.0
 71
     4
 72
     5
  1
49.5
  7
PDF ArialMT
 73
     1
 44
1.0
  0
MTEXT
  5
A4B
330
1F
100
AcDbEntity
  8
PDF_Text
100
AcDbMText
 10
762.2052210180456
 20
524.1853077087259
 30
0.0
 40
1.772987070410107
 41
0.0
 46
0.0
 71
     4
 72
     5
  1
120-NODE
  7
PDF ArialMT
 73
     1
 44
1.0
  0
MTEXT
  5
A4C
330
1F
100
AcDbEntity
  8
PDF_Text
100
AcDbMText
 10
761.1077431017859
 20
517.3407749877788
 30
0.0
 40
1.772976963427685
 41
0.0
 46
0.0
 71
     4
 72
     5
  1
SkyGM-HGD
  7
PDF ArialMT
 11
0.9999706164022972
 21
-0.007665920167181
 31
0.0
 73
     1
 44
1.0
  0
MTEXT
  5
A4D
330
1F
100
AcDbEntity
  8
PDF_Text
100
AcDbMText
 10
763.7508032299595
 20
513.6977412487651
 30
0.0
 40
1.772987070410107
 41
0.0
 46
0.0
 71
     4
 72
     5
  1
PS120A
  7
PDF ArialMT
 73
     1
 44
1.0
  0
MTEXT
  5
A4E
330
1F
100
AcDbEntity
  8
PDF_Text
100
AcDbMText
 10
760.549304248026
 20
510.496298416734
 30
0.0
 40
1.772987070410107
 41
0.0
 46
0.0
 71
     4
 72
     5
  1
FAIL
  7
PDF ArialMT
 73
     1
 44
1.0
  0
MTEXT
  5
A4F
330
1F
100
AcDbEntity
  8
PDF_Text
100
AcDbMText
 10
770.9264799999789
 20
510.496298416734
 30
0.0
 40
1.772987070410107
 41
0.0
 46
0.0
 71
     4
 72
     5
  1
FAIL
  7
PDF ArialMT
 73
     1
 44
1.0
  0
MTEXT
  5
A50
330
1F
100
AcDbEntity
  8
PDF_Text
100
AcDbMText
 10
762.5364492919713
 20
507.4052462927107
 30
0.0
 40
1.772987070410107
 41
0.0
 46
0.0
 71
     4
 72
     5
  1
1
  7
PDF ArialMT
 73
     1
 44
1.0
  0
MTEXT
  5
A51
330
1F
100
AcDbEntity
  8
PDF_Text
100
AcDbMText
 10
772.8031781860139
 20
507.4052462927107
 30
0.0
 40
1.772987070410107
 41
0.0
 46
0.0
 71
     4
 72
     5
  1
0
  7
PDF ArialMT
 73
     1
 44
1.0
  0
MTEXT
  5
A52
330
1F
100
AcDbEntity
  8
PDF_Text
100
AcDbMText
 10
761.7636581860142
 20
504.3141941686873
 30
0.0
 40
1.772987070410107
 41
0.0
 46
0.0
 71
     4
 72
     5
  1
60
  7
PDF ArialMT
 73
     1
 44
1.0
  0
MTEXT
  5
A53
330
1F
100
AcDbEntity
  8
PDF_Text
100
AcDbMText
 10
771.1472614159945
 20
504.3141941686873
 30
0.0
 40
1.772987070410107
 41
0.0
 46
0.0
 71
     4
 72
     5
  1
2.86
  7
PDF ArialMT
 73
     1
 44
1.0
  0
MTEXT
  5
A54
330
1F
100
AcDbEntity
  8
PDF_Text
100
AcDbMText
 10
762.4260585839635
 20
501.2231139697128
 30
0.0
 40
1.772987070410107
 41
0.0
 46
0.0
 71
     4
 72
     5
  1
0
  7
PDF ArialMT
 73
     1
 44
1.0
  0
MTEXT
  5
A55
330
1F
100
AcDbEntity
  8
PDF_Text
100
AcDbMText
 10
772.8031781860139
 20
501.2231139697128
 30
0.0
 40
1.772987070410107
 41
0.0
 46
0.0
 71
     4
 72
     5
  1
0
  7
PDF ArialMT
 73
     1
 44
1.0
  0
MTEXT
  5
A56
330
1F
100
AcDbEntity
  8
PDF_Text
100
AcDbMText
 10
761.7636581860142
 20
498.1320618456894
 30
0.0
 40
1.772987070410107
 41
0.0
 46
0.0
 71
     4
 72
     5
  1
29
  7
PDF ArialMT
 73
     1
 44
1.0
  0
MTEXT
  5
A57
330
1F
100
AcDbEntity
  8
PDF_Text
100
AcDbMText
 10
772.1408339379672
 20
498.1320618456894
 30
0.0
 40
1.772987070410107
 41
0.0
 46
0.0
 71
     4
 72
     5
  1
41
  7
PDF ArialMT
 73
     1
 44
1.0
  0
MTEXT
  5
A58
330
1F
100
AcDbEntity
  8
PDF_Text
 62
    92
420
    47104
100
AcDbMText
 10
774.3487042480256
 20
746.0670372106728
 30
0.0
 40
2.937924924766937
 41
0.0
 46
0.0
 71
     4
 72
     5
  1
120-A05
  7
PDF Arial Narrow
 73
     1
 44
1.0
  0
MTEXT
  5
A59
330
1F
100
AcDbEntity
  8
PDF_Text
 62
   132
420
    56797
100
AcDbMText
 10
703.2542246459768
 20
188.9150900814767
 30
0.0
 40
1.772987070410107
 41
0.0
 46
0.0
 71
     4
 72
     5
  1
21.0
  7
PDF ArialMT
 73
     1
 44
1.0
  0
MTEXT
  5
A5A
330
1F
100
AcDbEntity
  8
PDF_Text
 62
   132
420
    56797
100
AcDbMText
 10
703.2542246459768
 20
185.6032284664866
 30
0.0
 40
1.772987070410107
 41
0.0
 46
0.0
 71
     4
 72
     5
  1
17.6
  7
PDF ArialMT
 73
     1
 44
1.0
  0
MTEXT
  5
A5B
330
1F
100
AcDbEntity
  8
PDF_Text
100
AcDbMText
 10
763.1987935400181
 20
880.8721719567628
 30
0.0
 40
1.772987070410107
 41
0.0
 46
0.0
 71
     4
 72
     5
  1
120-A06
  7
PDF ArialMT
 73
     1
 44
1.0
  0
MTEXT
  5
A5C
330
1F
100
AcDbEntity
  8
PDF_Text
100
AcDbMText
 10
761.874048894022
 20
874.0276953857183
 30
0.0
 40
1.772987070410107
 41
0.0
 46
0.0
 71
     4
 72
     5
  1
SkyGM-LE
  7
PDF ArialMT
 73
     1
 44
1.0
  0
MTEXT
  5
A5D
330
1F
100
AcDbEntity
  8
PDF_Text
100
AcDbMText
 10
763.309184248026
 20
870.2742147887946
 30
0.0
 40
1.772987070410107
 41
0.0
 46
0.0
 71
     4
 72
     5
  1
PS120A
  7
PDF ArialMT
 73
     1
 44
1.0
  0
MTEXT
  5
A5E
330
1F
100
AcDbEntity
  8
PDF_Text
100
AcDbMText
 10
759.126886846903
 20
867.1830784399176
 30
0.0
 40
1.772987070410107
 41
0.0
 46
0.0
 71
     4
 72
     5
  1
FEQ-0
  7
PDF ArialMT
 11
0.9998851946773399
 21
-0.015152473892341
 31
0.0
 73
     1
 44
1.0
  0
MTEXT
  5
A5F
330
1F
100
AcDbEntity
  8
PDF_Text
100
AcDbMText
 10
768.9393349560336
 20
867.183162664771
 30
0.0
 40
1.772987070410107
 41
0.0
 46
0.0
 71
     4
 72
     5
  1
FAP-18
  7
PDF ArialMT
 73
     1
 44
1.0
  0
MTEXT
  5
A60
330
1F
100
AcDbEntity
  8
PDF_Text
100
AcDbMText
 10
762.0948303100377
 20
864.0921105407478
 30
0.0
 40
1.772987070410107
 41
0.0
 46
0.0
 71
     4
 72
     5
  1
3
  7
PDF ArialMT
 73
     1
 44
1.0
  0
MTEXT
  5
A61
330
1F
100
AcDbEntity
  8
PDF_Text
100
AcDbMText
 10
771.0368707079867
 20
864.0921105407478
 30
0.0
 40
1.772987070410107
 41
0.0
 46
0.0
 71
     4
 72
     5
  1
161
  7
PDF ArialMT
 73
     1
 44
1.0
  0
MTEXT
  5
A62
330
1F
100
AcDbEntity
  8
PDF_Text
100
AcDbMText
 10
760.3285228320104
 20
861.0010584167243
 30
0.0
 40
1.772987070410107
 41
0.0
 46
0.0
 71
     4
 72
     5
  1
58.2
  7
PDF ArialMT
 73
     1
 44
1.0
  0
MTEXT
  5
A63
330
1F
100
AcDbEntity
  8
PDF_Text
100
AcDbMText
 10
771.4784335400179
 20
861.0010584167243
 30
0.0
 40
1.772987070410107
 41
0.0
 46
0.0
 71
     4
 72
     5
  1
.67
  7
PDF ArialMT
 73
     1
 44
1.0
  0
MTEXT
  5
A64
330
1F
100
AcDbEntity
  8
PDF_Text
100
AcDbMText
 10
761.322095353983
 20
857.7995875097421
 30
0.0
 40
1.772987070410107
 41
0.0
 46
0.0
 71
     4
 72
     5
  1
26
  7
PDF ArialMT
 73
     1
 44
1.0
  0
MTEXT
  5
A65
330
1F
100
AcDbEntity
  8
PDF_Text
100
AcDbMText
 10
770.7056985839632
 20
857.7995875097421
 30
0.0
 40
1.772987070410107
 41
0.0
 46
0.0
 71
     4
 72
     5
  1
27.3
  7
PDF ArialMT
 73
     1
 44
1.0
  0
MTEXT
  5
A66
330
1F
100
AcDbEntity
  8
PDF_Text
100
AcDbMText
 10
761.322095353983
 20
854.8189260937265
 30
0.0
 40
1.772987070410107
 41
0.0
 46
0.0
 71
     4
 72
     5
  1
37
  7
PDF ArialMT
 73
     1
 44
1.0
  0
MTEXT
  5
A67
330
1F
100
AcDbEntity
  8
PDF_Text
100
AcDbMText
 10
770.7056985839632
 20
854.7085353857188
 30
0.0
 40
1.772987070410107
 41
0.0
 46
0.0
 71
     4
 72
     5
  1
49.5
  7
PDF ArialMT
 73
     1
 44
1.0
  0
MTEXT
  5
A68
330
1F
100
AcDbEntity
  8
PDF_Text
 62
    92
420
    47104
100
AcDbMText
 10
725.9956088940231
 20
250.392600440667
 30
0.0
 40
2.937924924766937
 41
0.0
 46
0.0
 71
     4
 72
     5
  1
120-A04
  7
PDF Arial Narrow
 73
     1
 44
1.0
  0
MTEXT
  5
A69
330
1F
100
AcDbEntity
  8
PDF_Text
 62
    92
420
    47104
100
AcDbMText
 10
837.0532092919692
 20
500.768889334703
 30
0.0
 40
2.937924924766937
 41
0.0
 46
0.0
 71
     4
 72
     5
  1
120-A01
  7
PDF Arial Narrow
 73
     1
 44
1.0
  0
MTEXT
  5
A6A
330
1F
100
AcDbEntity
  8
PDF_Text
 62
    92
420
    47104
100
AcDbMText
 10
866.0871446459722
 20
263.1984279186939
 30
0.0
 40
2.937924924766937
 41
0.0
 46
0.0
 71
     4
 72
     5
  1
120-A02
  7
PDF Arial Narrow
 73
     1
 44
1.0
  0
MTEXT
  5
A6B
330
1F
100
AcDbEntity
  8
PDF_Text
100
AcDbMText
 10
817.402821018044
 20
286.8356417462079
 30
0.0
 40
1.772987070410107
 41
0.0
 46
0.0
 71
     4
 72
     5
  1
120-A02
  7
PDF ArialMT
 73
     1
 44
1.0
  0
MTEXT
  5
A6C
330
1F
100
AcDbEntity
  8
PDF_Text
100
AcDbMText
 10
814.649145582253
 20
279.9910949877853
 30
0.0
 40
1.772966856445263
 41
0.0
 46
0.0
 71
     4
 72
     5
  1
SkyGM-42SA
  7
PDF ArialMT
 11
0.999972749604203
 21
-0.0073824148494665
 31
0.0
 73
     1
 44
1.0
  0
MTEXT
  5
A6D
330
1F
100
AcDbEntity
  8
PDF_Text
100
AcDbMText
 10
817.6236585839619
 20
276.3480752862473
 30
0.0
 40
1.772987070410107
 41
0.0
 46
0.0
 71
     4
 72
     5
  1
PS120A
  7
PDF ArialMT
 73
     1
 44
1.0
  0
MTEXT
  5
A6E
330
1F
100
AcDbEntity
  8
PDF_Text
100
AcDbMText
 10
813.4285870800558
 20
273.1466324542162
 30
0.0
 40
1.772987070410107
 41
0.0
 46
0.0
 71
     4
 72
     5
  1
FEQ-9
  7
PDF ArialMT
 73
     1
 44
1.0
  0
MTEXT
  5
A6F
330
1F
100
AcDbEntity
  8
PDF_Text
100
AcDbMText
 10
823.264983122536
 20
273.1465482293626
 30
0.0
 40
1.772976963427685
 41
0.0
 46
0.0
 71
     4
 72
     5
  1
FAP-10
  7
PDF ArialMT
 11
0.9999111749614025
 21
-0.013328247720816
 31
0.0
 73
     1
 44
1.0
  0
MTEXT
  5
A70
330
1F
100
AcDbEntity
  8
PDF_Text
100
AcDbMText
 10
816.2989139379659
 20
270.0555803301928
 30
0.0
 40
1.772987070410107
 41
0.0
 46
0.0
 71
     4
 72
     5
  1
2
  7
PDF ArialMT
 73
     1
 44
1.0
  0
MTEXT
  5
A71
330
1F
100
AcDbEntity
  8
PDF_Text
100
AcDbMText
 10
825.3512888940203
 20
270.0555803301928
 30
0.0
 40
1.772987070410107
 41
0.0
 46
0.0
 71
     4
 72
     5
  1
294
  7
PDF ArialMT
 73
     1
 44
1.0
  0
MTEXT
  5
A72
330
1F
100
AcDbEntity
  8
PDF_Text
100
AcDbMText
 10
814.5325503100362
 20
266.9644860937427
 30
0.0
 40
1.772987070410107
 41
0.0
 46
0.0
 71
     4
 72
     5
  1
56.7
  7
PDF ArialMT
 73
     1
 44
1.0
  0
MTEXT
  5
A73
330
1F
100
AcDbEntity
  8
PDF_Text
100
AcDbMText
 10
825.0201167699968
 20
266.9644860937427
 30
0.0
 40
1.772987070410107
 41
0.0
 46
0.0
 71
     4
 72
     5
  1
2.45
  7
PDF ArialMT
 73
     1
 44
1.0
  0
MTEXT
  5
A74
330
1F
100
AcDbEntity
  8
PDF_Text
100
AcDbMText
 10
814.5325503100362
 20
263.8734199322438
 30
0.0
 40
1.772987070410107
 41
0.0
 46
0.0
 71
     4
 72
     5
  1
22.6
  7
PDF ArialMT
 73
     1
 44
1.0
  0
MTEXT
  5
A75
330
1F
100
AcDbEntity
  8
PDF_Text
100
AcDbMText
 10
824.909726061989
 20
263.8734199322438
 30
0.0
 40
1.772987070410107
 41
0.0
 46
0.0
 71
     4
 72
     5
  1
16.6
  7
PDF ArialMT
 73
     1
 44
1.0
  0
MTEXT
  5
A76
330
1F
100
AcDbEntity
  8
PDF_Text
100
AcDbMText
 10
815.6365135400166
 20
260.7823678082204
 30
0.0
 40
1.772987070410107
 41
0.0
 46
0.0
 71
     4
 72
     5
  1
37
  7
PDF ArialMT
 73
     1
 44
1.0
  0
MTEXT
  5
A77
330
1F
100
AcDbEntity
  8
PDF_Text
100
AcDbMText
 10
824.909726061989
 20
260.7823678082204
 30
0.0
 40
1.772987070410107
 41
0.0
 46
0.0
 71
     4
 72
     5
  1
49.5
  7
PDF ArialMT
 73
     1
 44
1.0
  0
MTEXT
  5
A78
330
1F
100
AcDbEntity
  8
PDF_Text
100
AcDbMText
 10
766.1794549560337
 20
134.2694716964685
 30
0.0
 40
1.772987070410107
 41
0.0
 46
0.0
 71
     4
 72
     5
  1
120-A03
  7
PDF ArialMT
 73
     1
 44
1.0
  0
MTEXT
  5
A79
330
1F
100
AcDbEntity
  8
PDF_Text
100
AcDbMText
 10
763.6403563720493
 20
127.4249670504726
 30
0.0
 40
1.772987070410107
 41
0.0
 46
0.0
 71
     4
 72
     5
  1
SkyGM-42JA
  7
PDF ArialMT
 73
     1
 44
1.0
  0
MTEXT
  5
A7A
330
1F
100
AcDbEntity
  8
PDF_Text
100
AcDbMText
 10
766.4106241039828
 20
123.6714443411221
 30
0.0
 40
1.772966856445263
 41
0.0
 46
0.0
 71
     4
 72
     5
  1
PS120A
  7
PDF ArialMT
 11
0.9999234606641568
 21
-0.0123722598346541
 31
0.0
 73
     1
 44
1.0
  0
MTEXT
  5
A7B
330
1F
100
AcDbEntity
  8
PDF_Text
100
AcDbMText
 10
762.2052210180456
 20
120.5804624044767
 30
0.0
 40
1.772987070410107
 41
0.0
 46
0.0
 71
     4
 72
     5
  1
FEQ-0
  7
PDF ArialMT
 73
     1
 44
1.0
  0
MTEXT
  5
A7C
330
1F
100
AcDbEntity
  8
PDF_Text
100
AcDbMText
 10
772.0303870800569
 20
120.5804624044767
 30
0.0
 40
1.772987070410107
 41
0.0
 46
0.0
 71
     4
 72
     5
  1
FAP-16
  7
PDF ArialMT
 73
     1
 44
1.0
  0
MTEXT
  5
A7D
330
1F
100
AcDbEntity
  8
PDF_Text
100
AcDbMText
 10
765.0754917260533
 20
117.4893962429777
 30
0.0
 40
1.772987070410107
 41
0.0
 46
0.0
 71
     4
 72
     5
  1
3
  7
PDF ArialMT
 73
     1
 44
1.0
  0
MTEXT
  5
A7E
330
1F
100
AcDbEntity
  8
PDF_Text
100
AcDbMText
 10
774.1279228320101
 20
117.4893962429777
 30
0.0
 40
1.772987070410107
 41
0.0
 46
0.0
 71
     4
 72
     5
  1
210
  7
PDF ArialMT
 73
     1
 44
1.0
  0
MTEXT
  5
A7F
330
1F
100
AcDbEntity
  8
PDF_Text
100
AcDbMText
 10
763.309184248026
 20
114.3983300814788
 30
0.0
 40
1.772987070410107
 41
0.0
 46
0.0
 71
     4
 72
     5
  1
55.3
  7
PDF ArialMT
 73
     1
 44
1.0
  0
MTEXT
  5
A80
330
1F
100
AcDbEntity
  8
PDF_Text
100
AcDbMText
 10
774.4590949560334
 20
114.287939373471
 30
0.0
 40
1.772987070410107
 41
0.0
 46
0.0
 71
     4
 72
     5
  1
.89
  7
PDF ArialMT
 73
     1
 44
1.0
  0
MTEXT
  5
A81
330
1F
100
AcDbEntity
  8
PDF_Text
100
AcDbMText
 10
763.3287244140415
 20
111.1966486123627
 30
0.0
 40
1.772976963427685
 41
0.0
 46
0.0
 71
     4
 72
     5
  1
20.3
  7
PDF ArialMT
 11
0.9997285106521131
 21
-0.0233003216567462
 31
0.0
 73
     1
 44
1.0
  0
MTEXT
  5
A82
330
1F
100
AcDbEntity
  8
PDF_Text
100
AcDbMText
 10
773.6863599999788
 20
111.196873211972
 30
0.0
 40
1.772987070410107
 41
0.0
 46
0.0
 71
     4
 72
     5
  1
22.3
  7
PDF ArialMT
 73
     1
 44
1.0
  0
MTEXT
  5
A83
330
1F
100
AcDbEntity
  8
PDF_Text
100
AcDbMText
 10
764.4131474780063
 20
108.1058070504731
 30
0.0
 40
1.772987070410107
 41
0.0
 46
0.0
 71
     4
 72
     5
  1
37
  7
PDF ArialMT
 73
     1
 44
1.0
  0
MTEXT
  5
A84
330
1F
100
AcDbEntity
  8
PDF_Text
100
AcDbMText
 10
773.6863599999788
 20
108.1058070504731
 30
0.0
 40
1.772987070410107
 41
0.0
 46
0.0
 71
     4
 72
     5
  1
49.5
  7
PDF ArialMT
 73
     1
 44
1.0
  0
ENDSEC
  0
SECTION
  2
OBJECTS
  0
DICTIONARY
  5
C
330
0
100
AcDbDictionary
281
     1
  3
ACAD_CIP_PREVIOUS_PRODUCT_INFO
350
216
  3
ACAD_COLOR
350
6B
  3
ACAD_DETAILVIEWSTYLE
350
21B
  3
ACAD_GROUP
350
D
  3
ACAD_LAYOUT
350
1A
  3
ACAD_MATERIAL
350
6A
  3
ACAD_MLEADERSTYLE
350
12D
  3
ACAD_MLINESTYLE
350
17
  3
ACAD_PLOTSETTINGS
350
19
  3
ACAD_PLOTSTYLENAME
350
E
  3
ACAD_SCALELIST
350
10C
  3
ACAD_SECTIONVIEWSTYLE
350
219
  3
ACAD_TABLESTYLE
350
7E
  3
ACAD_VISUALSTYLE
350
EF
  3
ACDB_RECOMPOSE_DATA
350
A88
  3
AcDbVariableDictionary
350
5E
  0
DICTIONARY
  5
1FF
330
2
100
AcDbDictionary
280
     1
281
     1
  3
ACAD_LAYERSTATES
360
200
  0
DICTIONARY
  5
13C
330
10
100
AcDbDictionary
280
     1
281
     1
  0
DICTIONARY
  5
1CE
330
1F
100
AcDbDictionary
280
     1
281
     1
  0
XRECORD
  5
216
102
{ACAD_REACTORS
330
C
102
}
330
C
100
AcDbXrecord
280
     1
300

300

300

  0
DICTIONARY
  5
6B
102
{ACAD_REACTORS
330
C
102
}
330
C
100
AcDbDictionary
281
     1
  0
DICTIONARY
  5
21B
102
{ACAD_REACTORS
330
C
102
}
330
C
100
AcDbDictionary
281
     1
  3
Metric50
350
21C
  0
DICTIONARY
  5
D
102
{ACAD_REACTORS
330
C
102
}
330
C
100
AcDbDictionary
281
     1
  0
DICTIONARY
  5
1A
102
{ACAD_REACTORS
330
C
102
}
330
C
100
AcDbDictionary
281
     1
  3
Layout1
350
D3
  3
Layout2
350
D7
  3
Model
350
22
  0
DICTIONARY
  5
6A
102
{ACAD_REACTORS
330
C
102
}
330
C
100
AcDbDictionary
281
     1
  3
ByBlock
350
ED
  3
ByLayer
350
EC
  3
Global
350
EE
  0
DICTIONARY
  5
12D
102
{ACAD_REACTORS
330
C
102
}
330
C
100
AcDbDictionary
281
     1
  3
Annotative
350
13B
  3
Standard
350
12E
  0
DICTIONARY
  5
17
102
{ACAD_REACTORS
330
C
102
}
330
C
100
AcDbDictionary
281
     1
  3
Standard
350
18
  0
DICTIONARY
  5
19
102
{ACAD_REACTORS
330
C
102
}
330
C
100
AcDbDictionary
281
     1
  0
ACDBDICTIONARYWDFLT
  5
E
102
{ACAD_REACTORS
330
C
102
}
330
C
100
AcDbDictionary
281
     1
  3
Normal
350
F
100
AcDbDictionaryWithDefault
340
F
  0
DICTIONARY
  5
10C
102
{ACAD_REACTORS
330
C
102
}
330
C
100
AcDbDictionary
281
     1
  3
A0
350
10D
  3
A1
350
1BE
  3
A2
350
1BF
  3
A3
350
1C0
  3
A4
350
1C1
  3
A5
350
1C2
  3
A6
350
1C3
  3
A7
350
1C4
  3
A8
350
1C5
  3
A9
350
1C6
  3
B0
350
1C7
  3
B1
350
1C8
  3
B2
350
1C9
  3
B3
350
1CA
  3
B4
350
1CB
  3
B5
350
1CC
  3
B6
350
1CD
  0
DICTIONARY
  5
219
102
{ACAD_REACTORS
330
C
102
}
330
C
100
AcDbDictionary
281
     1
  3
Metric50
350
21A
  0
DICTIONARY
  5
7E
102
{ACAD_REACTORS
330
C
102
}
330
C
100
AcDbDictionary
281
     1
  3
Standard
350
7F
  0
DICTIONARY
  5
EF
102
{ACAD_REACTORS
330
C
102
}
330
C
100
AcDbDictionary
281
     1
  3
2dWireframe
350
F5
  3
Basic
350
F4
  3
Brighten
350
FB
  3
ColorChange
350
FF
  3
Conceptual
350
F8
  3
Dim
350
FA
  3
EdgeColorOff
350
1E6
  3
Facepattern
350
FE
  3
Flat
350
F0
  3
FlatWithEdges
350
F1
  3
Gouraud
350
F2
  3
GouraudWithEdges
350
F3
  3
Hidden
350
F7
  3
JitterOff
350
1E4
  3
Linepattern
350
FD
  3
OverhangOff
350
1E5
  3
Realistic
350
F9
  3
Shaded
350
1F3
  3
Shaded with edges
350
1F2
  3
Shades of Gray
350
1EF
  3
Sketchy
350
1F0
  3
Thicken
350
FC
  3
Wireframe
350
F6
  3
X-Ray
350
1F1
  0
XRECORD
  5
A88
102
{ACAD_REACTORS
330
C
102
}
330
C
100
AcDbXrecord
280
     1
 90
        1
330
7F
  0
DICTIONARY
  5
5E
102
{ACAD_REACTORS
330
C
102
}
330
C
100
AcDbDictionary
281
     1
  3
CANNOSCALE
350
146
  3
CENTEREXE
350
259
  3
CENTERLTYPEFILE
350
25A
  3
CMLEADERSTYLE
350
145
  3
CTABLESTYLE
350
84
  3
CVIEWDETAILSTYLE
350
227
  3
CVIEWSECTIONSTYLE
350
228
  3
DIMASSOC
350
5F
  3
HIDETEXT
350
63
  3
LAYEREVAL
350
1AE
  3
LAYERNOTIFY
350
1AF
  0
DICTIONARY
  5
200
102
{ACAD_REACTORS
330
1FF
102
}
330
1FF
100
AcDbDictionary
281
     1
  0
ACDBDETAILVIEWSTYLE
  5
21C
102
{ACAD_REACTORS
330
21B
102
}
330
21B
100
AcDbModelDocViewStyle
 70
     0
  3
Metric50
290
     0
300
Metric50
 90
        0
100
AcDbDetailViewStyle
 70
     0
 71
     0
 90
        3
 71
     1
340
11
 62
   256
 40
5.0
340
0
 62
   256
 40
5.0
300

 40
0.0
280
     1
 71
     2
340
16
 90
       25
 62
   256
 71
     3
340
11
 62
   256
 40
5.0
 90
        0
 40
15.0
 90
        1
300
%<\AcVar ViewDetailId>% (%<\AcVar ViewScale \f "%sn">%)
 71
     4
340
16
 90
       25
 62
   256
340
16
 90
       25
 62
   256
280
     0
  0
LAYOUT
  5
D3
102
{ACAD_REACTORS
330
1A
102
}
330
1A
100
AcDbPlotSettings
  1

  2
C:\Documents and Settings\basas\Application Data\Autodesk\AutoCAD 2005\R16.1\enu\plotters\Default Windows System Printer.pc3
  4

  6

 40
0.0
 41
0.0
 42
0.0
 43
0.0
 44
0.0
 45
0.0
 46
0.0
 47
0.0
 48
0.0
 49
0.0
140
0.0
141
0.0
142
1.0
143
1.0
 70
   688
 72
     0
 73
     0
 74
     5
  7

 75
    16
147
1.0
 76
     0
 77
     2
 78
   300
148
0.0
149
0.0
100
AcDbLayout
  1
Layout1
 70
     1
 71
     1
 10
0.0
 20
0.0
 11
12.0
 21
9.0
 12
0.0
 22
0.0
 32
0.0
 14
0.0
 24
0.0
 34
0.0
 15
0.0
 25
0.0
 35
0.0
146
0.0
 13
0.0
 23
0.0
 33
0.0
 16
1.0
 26
0.0
 36
0.0
 17
0.0
 27
1.0
 37
0.0
 76
     0
330
D2
  0
LAYOUT
  5
D7
102
{ACAD_REACTORS
330
1A
102
}
330
1A
100
AcDbPlotSettings
  1

  2
C:\Documents and Settings\basas\Application Data\Autodesk\AutoCAD 2005\R16.1\enu\plotters\Default Windows System Printer.pc3
  4

  6

 40
0.0
 41
0.0
 42
0.0
 43
0.0
 44
0.0
 45
0.0
 46
0.0
 47
0.0
 48
0.0
 49
0.0
140
0.0
141
0.0
142
1.0
143
1.0
 70
   688
 72
     0
 73
     0
 74
     5
  7

 75
    16
147
1.0
 76
     0
 77
     2
 78
   300
148
0.0
149
0.0
100
AcDbLayout
  1
Layout2
 70
     1
 71
     2
 10
0.0
 20
0.0
 11
12.0
 21
9.0
 12
0.0
 22
0.0
 32
0.0
 14
0.0
 24
0.0
 34
0.0
 15
0.0
 25
0.0
 35
0.0
146
0.0
 13
0.0
 23
0.0
 33
0.0
 16
1.0
 26
0.0
 36
0.0
 17
0.0
 27
1.0
 37
0.0
 76
     0
330
D6
  0
LAYOUT
  5
22
102
{ACAD_XDICTIONARY
360
205
102
}
102
{ACAD_REACTORS
330
1A
102
}
330
1A
100
AcDbPlotSettings
  1

  2
none_device
  4
ISO_A4_(210.00_x_297.00_MM)
  6

 40
7.5
 41
20.0
 42
7.5
 43
20.0
 44
210.0
 45
297.0
 46
11.54999923706054
 47
-13.65000009536743
 48
0.0
 49
0.0
140
0.0
141
0.0
142
1.0
143
8.704084754739808
 70
 11952
 72
     1
 73
     0
 74
     0
  7

 75
     0
147
0.1148885871608098
 76
     0
 77
     2
 78
   300
148
0.0
149
0.0
100
AcDbLayout
  1
Model
 70
     1
 71
     0
 10
0.0
 20
0.0
 11
12.0
 21
9.0
 12
0.0
 22
0.0
 32
0.0
 14
0.0
 24
0.0
 34
0.0
 15
0.0
 25
0.0
 35
0.0
146
0.0
 13
0.0
 23
0.0
 33
0.0
 16
1.0
 26
0.0
 36
0.0
 17
0.0
 27
1.0
 37
0.0
 76
     0
330
1F
331
EA
1001
ACAD_PSEXT
1000
None
1000
None
1000
Not applicable
1000
The layout will not be plotted unless a new plotter configuration name is selected.
1070
     0
  0
MATERIAL
  5
ED
102
{ACAD_XDICTIONARY
360
1F9
102
}
102
{ACAD_REACTORS
330
6A
102
}
330
6A
100
AcDbMaterial
  1
ByBlock
 94
       63
  0
MATERIAL
  5
EC
102
{ACAD_XDICTIONARY
360
1F7
102
}
102
{ACAD_REACTORS
330
6A
102
}
330
6A
100
AcDbMaterial
  1
ByLayer
 94
       63
  0
MATERIAL
  5
EE
102
{ACAD_XDICTIONARY
360
173
102
}
102
{ACAD_REACTORS
330
6A
102
}
330
6A
100
AcDbMaterial
  1
Global
 43
0.0007999999797903
 43
0.0
 43
0.0
 43
0.0
 43
0.0
 43
0.0007999999797903
 43
0.0
 43
0.0
 43
0.0
 43
0.0
 43
1.0
 43
0.0
 43
0.0
 43
0.0
 43
0.0
 43
1.0
 49
0.0007999999797903
 49
0.0
 49
0.0
 49
0.0
 49
0.0
 49
0.0007999999797903
 49
0.0
 49
0.0
 49
0.0
 49
0.0
 49
1.0
 49
0.0
 49
0.0
 49
0.0
 49
0.0
 49
1.0
142
0.0007999999797903
142
0.0
142
0.0
142
0.0
142
0.0
142
0.0007999999797903
142
0.0
142
0.0
142
0.0
142
0.0
142
1.0
142
0.0
142
0.0
142
0.0
142
0.0
142
1.0
144
0.0007999999797903
144
0.0
144
0.0
144
0.0
144
0.0
144
0.0007999999797903
144
0.0
144
0.0
144
0.0
144
0.0
144
1.0
144
0.0
144
0.0
144
0.0
144
0.0
144
1.0
 94
       63
1001
ACAD
1070
    -1
1070
     3
1070
     0
1000

1071
        0
1070
     0
  0
MLEADERSTYLE
  5
13B
102
{ACAD_REACTORS
330
12D
102
}
330
12D
100
AcDbMLeaderStyle
179
     2
170
     2
171
     1
172
     0
 90
        2
 40
0.0
 41
0.0
173
     1
 91
-1056964608
340
14
 92
       -2
290
     1
 42
2.0
291
     1
 43
8.0
  3
Standard
 44
4.0
300

342
11
174
     1
178
     1
175
     1
176
     0
 93
-1056964608
 45
4.0
292
     0
297
     0
 46
4.0
 94
-1056964608
 47
1.0
 49
1.0
140
1.0
293
     1
141
0.0
294
     1
177
     0
142
1.0
295
     0
296
     1
143
3.75
271
     0
272
     9
273
     9
298
     0
  0
MLEADERSTYLE
  5
12E
102
{ACAD_REACTORS
330
12D
102
}
330
12D
100
AcDbMLeaderStyle
179
     2
170
     2
171
     1
172
     0
 90
        2
 40
0.0
 41
0.0
173
     1
 91
-1056964608
340
14
 92
       -2
290
     1
 42
2.0
291
     1
 43
8.0
  3
Standard
 44
4.0
300

342
11
174
     1
178
     1
175
     1
176
     0
 93
-1056964608
 45
4.0
292
     0
297
     0
 46
4.0
 94
-1056964608
 47
1.0
 49
1.0
140
1.0
293
     1
141
0.0
294
     1
177
     0
142
1.0
295
     0
296
     0
143
3.75
271
     0
272
     9
273
     9
298
     0
  0
MLINESTYLE
  5
18
102
{ACAD_REACTORS
330
17
102
}
330
17
100
AcDbMlineStyle
  2
STANDARD
 70
     0
  3

 62
   256
 51
90.0
 52
90.0
 71
     2
 49
0.5
 62
   256
  6
BYLAYER
 49
-0.5
 62
   256
  6
BYLAYER
  0
ACDBPLACEHOLDER
  5
F
102
{ACAD_REACTORS
330
E
102
}
330
E
  0
SCALE
  5
10D
102
{ACAD_REACTORS
330
10C
102
}
330
10C
100
AcDbScale
 70
     0
300
1:1
140
1.0
141
1.0
290
     1
  0
SCALE
  5
1BE
102
{ACAD_REACTORS
330
10C
102
}
330
10C
100
AcDbScale
 70
     0
300
1:2
140
1.0
141
2.0
290
     0
  0
SCALE
  5
1BF
102
{ACAD_REACTORS
330
10C
102
}
330
10C
100
AcDbScale
 70
     0
300
1:4
140
1.0
141
4.0
290
     0
  0
SCALE
  5
1C0
102
{ACAD_REACTORS
330
10C
102
}
330
10C
100
AcDbScale
 70
     0
300
1:5
140
1.0
141
5.0
290
     0
  0
SCALE
  5
1C1
102
{ACAD_REACTORS
330
10C
102
}
330
10C
100
AcDbScale
 70
     0
300
1:8
140
1.0
141
8.0
290
     0
  0
SCALE
  5
1C2
102
{ACAD_REACTORS
330
10C
102
}
330
10C
100
AcDbScale
 70
     0
300
1:10
140
1.0
141
10.0
290
     0
  0
SCALE
  5
1C3
102
{ACAD_REACTORS
330
10C
102
}
330
10C
100
AcDbScale
 70
     0
300
1:16
140
1.0
141
16.0
290
     0
  0
SCALE
  5
1C4
102
{ACAD_REACTORS
330
10C
102
}
330
10C
100
AcDbScale
 70
     0
300
1:20
140
1.0
141
20.0
290
     0
  0
SCALE
  5
1C5
102
{ACAD_REACTORS
330
10C
102
}
330
10C
100
AcDbScale
 70
     0
300
1:30
140
1.0
141
30.0
290
     0
  0
SCALE
  5
1C6
102
{ACAD_REACTORS
330
10C
102
}
330
10C
100
AcDbScale
 70
     0
300
1:40
140
1.0
141
40.0
290
     0
  0
SCALE
  5
1C7
102
{ACAD_REACTORS
330
10C
102
}
330
10C
100
AcDbScale
 70
     0
300
1:50
140
1.0
141
50.0
290
     0
  0
SCALE
  5
1C8
102
{ACAD_REACTORS
330
10C
102
}
330
10C
100
AcDbScale
 70
     0
300
1:100
140
1.0
141
100.0
290
     0
  0
SCALE
  5
1C9
102
{ACAD_REACTORS
330
10C
102
}
330
10C
100
AcDbScale
 70
     0
300
2:1
140
2.0
141
1.0
290
     0
  0
SCALE
  5
1CA
102
{ACAD_REACTORS
330
10C
102
}
330
10C
100
AcDbScale
 70
     0
300
4:1
140
4.0
141
1.0
290
     0
  0
SCALE
  5
1CB
102
{ACAD_REACTORS
330
10C
102
}
330
10C
100
AcDbScale
 70
     0
300
8:1
140
8.0
141
1.0
290
     0
  0
SCALE
  5
1CC
102
{ACAD_REACTORS
330
10C
102
}
330
10C
100
AcDbScale
 70
     0
300
10:1
140
10.0
141
1.0
290
     0
  0
SCALE
  5
1CD
102
{ACAD_REACTORS
330
10C
102
}
330
10C
100
AcDbScale
 70
     0
300
100:1
140
100.0
141
1.0
290
     0
  0
ACDBSECTIONVIEWSTYLE
  5
21A
102
{ACAD_REACTORS
330
219
102
}
330
219
100
AcDbModelDocViewStyle
 70
     0
  3
Metric50
290
     0
300
Metric50
 90
        0
100
AcDbSectionViewStyle
 70
     0
 71
     0
 90
      102
 71
     1
340
11
 62
   256
 40
5.0
340
0
340
0
 62
   256
 40
5.0
300
I, O, Q, S, X, Z
 40
10.0
 90
        0
 40
2.5
 90
        0
 71
     2
340
16
 90
       25
 62
   256
340
16
 90
       50
 62
   256
 40
5.0
 40
2.5
 40
5.0
 71
     3
340
11
 62
   256
 40
5.0
 90
        0
 40
15.0
 90
        1
300
%<\AcVar ViewSectionStartId>%-%<\AcVar ViewSectionEndId>% (%<\AcVar ViewScale \f "%sn">%)
 71
     4
 62
   256
 62
   257
300
ANSI31
 40
1.0
 90
        0
290
     0
290
     0
 90
        6
 40
0.0
 40
1.570796326794896
 40
0.2617993877991494
 40
1.308996938995747
 40
-0.2617993877991494
 40
1.832595714594046
  0
TABLESTYLE
  5
7F
102
{ACAD_XDICTIONARY
360
162
102
}
102
{ACAD_REACTORS
330
7E
102
}
330
7E
100
AcDbTableStyle
280
     0
  3
Standard
 70
     0
 71
     0
 40
1.5
 41
1.5
280
     0
281
     0
  7
Standard
140
4.5
170
     2
 62
     0
 63
     7
283
     0
 90
      512
 91
        0
  1

274
    -2
284
     1
 64
     0
275
    -2
285
     1
 65
     0
276
    -2
286
     1
 66
     0
277
    -2
287
     1
 67
     0
278
    -2
288
     1
 68
     0
279
    -2
289
     1
 69
     0
  7
Standard
140
6.0
170
     5
 62
     0
 63
     7
283
     0
 90
      512
 91
        0
  1

274
    -2
284
     1
 64
     0
275
    -2
285
     1
 65
     0
276
    -2
286
     1
 66
     0
277
    -2
287
     1
 67
     0
278
    -2
288
     1
 68
     0
279
    -2
289
     1
 69
     0
  7
Standard
140
4.5
170
     5
 62
     0
 63
     7
283
     0
 90
      512
 91
        0
  1

274
    -2
284
     1
 64
     0
275
    -2
285
     1
 65
     0
276
    -2
286
     1
 66
     0
277
    -2
287
     1
 67
     0
278
    -2
288
     1
 68
     0
279
    -2
289
     1
 69
     0
  0
VISUALSTYLE
  5
F5
102
{ACAD_REACTORS
330
EF
102
}
330
EF
100
AcDbVisualStyle
  2
2dWireframe
 70
     4
177
     3
291
     0
 70
    58
 90
        0
176
     1
 90
        2
176
     1
 90
        1
176
     1
 90
        0
176
     1
 40
0.6
176
     1
 40
30.0
176
     1
 62
     7
420
 16777215
176
     1
 90
        1
176
     1
 90
        4
176
     1
 62
     7
176
     1
 62
   257
176
     1
 90
        1
176
     1
 90
        1
176
     1
 40
1.0
176
     1
 90
        0
176
     1
 62
   257
176
     1
 40
1.0
176
     1
 90
        1
176
     1
 90
        6
176
     1
 90
        2
176
     1
 62
     7
176
     1
 90
        5
176
     1
 90
        0
176
     1
 90
        0
176
     1
290
     0
176
     1
 90
        1
176
     1
 40
0.0
176
     1
 90
        0
176
     1
290
     1
176
     1
290
     1
176
     1
290
     0
176
     1
290
     0
176
     1
290
     0
176
     1
290
     0
176
     1
290
     0
176
     1
290
     0
176
     1
290
     0
176
     1
 90
       50
176
     1
 40
0.0
176
     1
 40
1.0
176
     1
 90
        0
176
     1
 62
    18
420
        0
176
     1
 90
       50
176
     1
 90
        3
176
     1
 62
     5
420
      255
176
     1
290
     0
176
     1
 90
       50
176
     1
 90
       50
176
     1
 90
       50
176
     1
290
     0
176
     1
 90
       50
176
     1
 62
   256
176
     0
 40
1.0
176
     0
 90
        2
176
     1
  1
strokes_ogs.tif
176
     1
290
     0
176
     1
 40
1.0
176
     1
 40
1.0
176
     1
  0
VISUALSTYLE
  5
F4
102
{ACAD_REACTORS
330
EF
102
}
330
EF
100
AcDbVisualStyle
  2
Basic
 70
     7
177
     3
291
     1
 70
    58
 90
        1
176
     1
 90
        0
176
     1
 90
        1
176
     1
 90
        0
176
     1
 40
0.6
176
     1
 40
30.0
176
     1
 62
     7
420
 16777215
176
     1
 90
        0
176
     1
 90
        4
176
     1
 62
     7
176
     1
 62
   257
176
     1
 90
        1
176
     1
 90
        1
176
     1
 40
1.0
176
     1
 90
        8
176
     1
 62
     7
176
     1
 40
1.0
176
     1
 90
        1
176
     1
 90
        6
176
     1
 90
        2
176
     1
 62
     7
176
     1
 90
        5
176
     1
 90
        0
176
     1
 90
        0
176
     1
290
     0
176
     1
 90
        1
176
     1
 40
0.0
176
     1
 90
        0
176
     1
290
     0
176
     1
290
     1
176
     1
290
     1
176
     1
290
     0
176
     1
290
     0
176
     1
290
     0
176
     1
290
     0
176
     1
290
     0
176
     1
290
     0
176
     1
 90
       50
176
     1
 40
0.0
176
     1
 40
1.0
176
     1
 90
        0
176
     1
 62
    18
420
        0
176
     1
 90
       50
176
     1
 90
        3
176
     1
 62
     5
420
      255
176
     1
290
     0
176
     1
 90
       50
176
     1
 90
       50
176
     1
 90
       50
176
     1
290
     0
176
     1
 90
       50
176
     1
 62
   256
176
     0
 40
1.0
176
     0
 90
        2
176
     1
  1
strokes_ogs.tif
176
     1
290
     0
176
     1
 40
1.0
176
     1
 40
1.0
176
     1
  0
VISUALSTYLE
  5
FB
102
{ACAD_REACTORS
330
EF
102
}
330
EF
100
AcDbVisualStyle
  2
Brighten
 70
    12
177
     3
291
     1
 70
    58
 90
        2
176
     1
 90
        2
176
     1
 90
        1
176
     1
 90
        0
176
     1
 40
0.6
176
     1
 40
30.0
176
     1
 62
     7
420
 16777215
176
     1
 90
        1
176
     1
 90
        4
176
     1
 62
     7
176
     1
 62
   257
176
     1
 90
        1
176
     1
 90
        1
176
     1
 40
1.0
176
     1
 90
        8
176
     1
 62
     7
176
     1
 40
1.0
176
     1
 90
        1
176
     1
 90
        6
176
     1
 90
        2
176
     1
 62
     7
176
     1
 90
        5
176
     1
 90
        0
176
     1
 90
        0
176
     1
290
     0
176
     1
 90
        1
176
     1
 40
50.0
176
     1
 90
        0
176
     1
290
     0
176
     1
290
     1
176
     1
290
     1
176
     1
290
     0
176
     1
290
     0
176
     1
290
     0
176
     1
290
     0
176
     1
290
     0
176
     1
290
     0
176
     1
 90
       50
176
     1
 40
0.0
176
     1
 40
1.0
176
     1
 90
        0
176
     1
 62
    18
420
        0
176
     1
 90
       50
176
     1
 90
        3
176
     1
 62
     5
420
      255
176
     1
290
     0
176
     1
 90
       50
176
     1
 90
       50
176
     1
 90
       50
176
     1
290
     0
176
     1
 90
       50
176
     1
 62
   256
176
     0
 40
1.0
176
     0
 90
        2
176
     1
  1
strokes_ogs.tif
176
     1
290
     0
176
     1
 40
1.0
176
     1
 40
1.0
176
     1
  0
VISUALSTYLE
  5
FF
102
{ACAD_REACTORS
330
EF
102
}
330
EF
100
AcDbVisualStyle
  2
ColorChange
 70
    16
177
     3
291
     1
 70
    58
 90
        2
176
     1
 90
        2
176
     1
 90
        3
176
     1
 90
        0
176
     1
 40
0.6
176
     1
 40
30.0
176
     1
 62
     8
420
  8421504
176
     1
 90
        1
176
     1
 90
        4
176
     1
 62
     7
176
     1
 62
   257
176
     1
 90
        1
176
     1
 90
        1
176
     1
 40
1.0
176
     1
 90
        8
176
     1
 62
     8
420
  8421504
176
     1
 40
1.0
176
     1
 90
        1
176
     1
 90
        6
176
     1
 90
        2
176
     1
 62
     7
176
     1
 90
        5
176
     1
 90
        0
176
     1
 90
        0
176
     1
290
     0
176
     1
 90
        1
176
     1
 40
0.0
176
     1
 90
        0
176
     1
290
     0
176
     1
290
     1
176
     1
290
     1
176
     1
290
     0
176
     1
290
     0
176
     1
290
     0
176
     1
290
     0
176
     1
290
     0
176
     1
290
     0
176
     1
 90
       50
176
     1
 40
0.0
176
     1
 40
1.0
176
     1
 90
        0
176
     1
 62
    18
420
        0
176
     1
 90
       50
176
     1
 90
        3
176
     1
 62
     5
420
      255
176
     1
290
     0
176
     1
 90
       50
176
     1
 90
       50
176
     1
 90
       50
176
     1
290
     0
176
     1
 90
       50
176
     1
 62
   256
176
     0
 40
1.0
176
     0
 90
        2
176
     1
  1
strokes_ogs.tif
176
     1
290
     0
176
     1
 40
1.0
176
     1
 40
1.0
176
     1
  0
VISUALSTYLE
  5
F8
102
{ACAD_REACTORS
330
EF
102
}
330
EF
100
AcDbVisualStyle
  2
Conceptual
 70
     9
177
     3
291
     0
 70
    58
 90
        3
176
     1
 90
        2
176
     1
 90
        1
176
     1
 90
        0
176
     1
 40
0.6
176
     1
 40
30.0
176
     1
 62
     7
420
 16777215
176
     1
 90
        2
176
     1
 90
        2
176
     1
 62
     7
176
     1
 62
   257
176
     1
 90
        1
176
     1
 90
        1
176
     1
 40
40.0
176
     1
 90
        8
176
     1
 62
     7
176
     1
 40
1.0
176
     1
 90
        1
176
     1
 90
        6
176
     1
 90
        2
176
     1
 62
     7
176
     1
 90
        3
176
     1
 90
        0
176
     1
 90
        0
176
     1
290
     0
176
     1
 90
        1
176
     1
 40
0.0
176
     1
 90
        0
176
     1
290
     0
176
     1
290
     1
176
     1
290
     1
176
     1
290
     0
176
     1
290
     0
176
     1
290
     0
176
     1
290
     0
176
     1
290
     0
176
     1
290
     0
176
     1
 90
       50
176
     1
 40
0.0
176
     1
 40
1.0
176
     1
 90
        0
176
     1
 62
    18
420
        0
176
     1
 90
       50
176
     1
 90
        3
176
     1
 62
     5
420
      255
176
     1
290
     0
176
     1
 90
       50
176
     1
 90
       50
176
     1
 90
       50
176
     1
290
     0
176
     1
 90
       50
176
     1
 62
   256
176
     0
 40
1.0
176
     0
 90
        2
176
     1
  1
strokes_ogs.tif
176
     1
290
     0
176
     1
 40
1.0
176
     1
 40
1.0
176
     1
  0
VISUALSTYLE
  5
FA
102
{ACAD_REACTORS
330
EF
102
}
330
EF
100
AcDbVisualStyle
  2
Dim
 70
    11
177
     3
291
     1
 70
    58
 90
        2
176
     1
 90
        2
176
     1
 90
        1
176
     1
 90
        0
176
     1
 40
0.6
176
     1
 40
30.0
176
     1
 62
     7
420
 16777215
176
     1
 90
        1
176
     1
 90
        4
176
     1
 62
     7
176
     1
 62
   257
176
     1
 90
        1
176
     1
 90
        1
176
     1
 40
1.0
176
     1
 90
        8
176
     1
 62
     7
176
     1
 40
1.0
176
     1
 90
        1
176
     1
 90
        6
176
     1
 90
        2
176
     1
 62
     7
176
     1
 90
        5
176
     1
 90
        0
176
     1
 90
        0
176
     1
290
     0
176
     1
 90
        1
176
     1
 40
-50.0
176
     1
 90
        0
176
     1
290
     0
176
     1
290
     1
176
     1
290
     1
176
     1
290
     0
176
     1
290
     0
176
     1
290
     0
176
     1
290
     0
176
     1
290
     0
176
     1
290
     0
176
     1
 90
       50
176
     1
 40
0.0
176
     1
 40
1.0
176
     1
 90
        0
176
     1
 62
    18
420
        0
176
     1
 90
       50
176
     1
 90
        3
176
     1
 62
     5
420
      255
176
     1
290
     0
176
     1
 90
       50
176
     1
 90
       50
176
     1
 90
       50
176
     1
290
     0
176
     1
 90
       50
176
     1
 62
   256
176
     0
 40
1.0
176
     0
 90
        2
176
     1
  1
strokes_ogs.tif
176
     1
290
     0
176
     1
 40
1.0
176
     1
 40
1.0
176
     1
  0
VISUALSTYLE
  5
1E6
102
{ACAD_REACTORS
330
EF
102
}
330
EF
100
AcDbVisualStyle
  2
EdgeColorOff
 70
    22
177
     3
291
     1
 70
    58
 90
        2
176
     0
 90
        2
176
     0
 90
        0
176
     0
 90
        0
176
     0
 40
0.6
176
     0
 40
30.0
176
     0
 62
     7
420
 16777215
176
     0
 90
        1
176
     0
 90
        4
176
     0
 62
     7
176
     0
 62
   257
176
     0
 90
        1
176
     0
 90
        1
176
     0
 40
1.0
176
     0
 90
        8
176
     2
 62
     7
176
     0
 40
1.0
176
     0
 90
        1
176
     0
 90
        6
176
     0
 90
        2
176
     0
 62
     7
176
     0
 90
        5
176
     0
 90
        0
176
     0
 90
        0
176
     0
290
     0
176
     0
 90
        1
176
     0
 40
0.0
176
     0
 90
        0
176
     0
290
     0
176
     1
290
     1
176
     1
290
     1
176
     1
290
     0
176
     1
290
     0
176
     1
290
     0
176
     1
290
     0
176
     1
290
     0
176
     1
290
     0
176
     1
 90
       50
176
     1
 40
0.0
176
     1
 40
1.0
176
     1
 90
        0
176
     1
 62
    18
420
        0
176
     1
 90
       50
176
     1
 90
        3
176
     1
 62
     5
420
      255
176
     1
290
     0
176
     1
 90
       50
176
     1
 90
       50
176
     1
 90
       50
176
     1
290
     0
176
     1
 90
       50
176
     1
 62
   256
176
     0
 40
1.0
176
     0
 90
        2
176
     1
  1
strokes_ogs.tif
176
     1
290
     0
176
     1
 40
1.0
176
     1
 40
1.0
176
     1
  0
VISUALSTYLE
  5
FE
102
{ACAD_REACTORS
330
EF
102
}
330
EF
100
AcDbVisualStyle
  2
Facepattern
 70
    15
177
     3
291
     1
 70
    58
 90
        2
176
     1
 90
        2
176
     1
 90
        1
176
     1
 90
        0
176
     1
 40
0.6
176
     1
 40
30.0
176
     1
 62
     7
420
 16777215
176
     1
 90
        1
176
     1
 90
        4
176
     1
 62
     7
176
     1
 62
   257
176
     1
 90
        1
176
     1
 90
        1
176
     1
 40
1.0
176
     1
 90
        8
176
     1
 62
     7
176
     1
 40
1.0
176
     1
 90
        1
176
     1
 90
        6
176
     1
 90
        2
176
     1
 62
     7
176
     1
 90
        5
176
     1
 90
        0
176
     1
 90
        0
176
     1
290
     0
176
     1
 90
        1
176
     1
 40
0.0
176
     1
 90
        0
176
     1
290
     0
176
     1
290
     1
176
     1
290
     1
176
     1
290
     0
176
     1
290
     0
176
     1
290
     0
176
     1
290
     0
176
     1
290
     0
176
     1
290
     0
176
     1
 90
       50
176
     1
 40
0.0
176
     1
 40
1.0
176
     1
 90
        0
176
     1
 62
    18
420
        0
176
     1
 90
       50
176
     1
 90
        3
176
     1
 62
     5
420
      255
176
     1
290
     0
176
     1
 90
       50
176
     1
 90
       50
176
     1
 90
       50
176
     1
290
     0
176
     1
 90
       50
176
     1
 62
   256
176
     0
 40
1.0
176
     0
 90
        2
176
     1
  1
strokes_ogs.tif
176
     1
290
     0
176
     1
 40
1.0
176
     1
 40
1.0
176
     1
  0
VISUALSTYLE
  5
F0
102
{ACAD_REACTORS
330
EF
102
}
330
EF
100
AcDbVisualStyle
  2
Flat
 70
     0
177
     3
291
     1
 70
    58
 90
        2
176
     1
 90
        1
176
     1
 90
        1
176
     1
 90
        2
176
     1
 40
0.6
176
     1
 40
30.0
176
     1
 62
     7
420
 16777215
176
     1
 90
        0
176
     1
 90
        0
176
     1
 62
     7
176
     1
 62
   257
176
     1
 90
        1
176
     1
 90
        1
176
     1
 40
1.0
176
     1
 90
        8
176
     1
 62
     7
176
     1
 40
1.0
176
     1
 90
        1
176
     1
 90
        6
176
     1
 90
        2
176
     1
 62
     7
176
     1
 90
        5
176
     1
 90
        0
176
     1
 90
        0
176
     1
290
     0
176
     1
 90
       13
176
     1
 40
0.0
176
     1
 90
        0
176
     1
290
     0
176
     1
290
     1
176
     1
290
     1
176
     1
290
     0
176
     1
290
     0
176
     1
290
     0
176
     1
290
     0
176
     1
290
     0
176
     1
290
     0
176
     1
 90
       50
176
     1
 40
0.0
176
     1
 40
1.0
176
     1
 90
        0
176
     1
 62
    18
420
        0
176
     1
 90
       50
176
     1
 90
        3
176
     1
 62
     5
420
      255
176
     1
290
     0
176
     1
 90
       50
176
     1
 90
       50
176
     1
 90
       50
176
     1
290
     0
176
     1
 90
       50
176
     1
 62
   256
176
     0
 40
1.0
176
     0
 90
        2
176
     1
  1
strokes_ogs.tif
176
     1
290
     0
176
     1
 40
1.0
176
     1
 40
1.0
176
     1
  0
VISUALSTYLE
  5
F1
102
{ACAD_REACTORS
330
EF
102
}
330
EF
100
AcDbVisualStyle
  2
FlatWithEdges
 70
     1
177
     3
291
     1
 70
    58
 90
        2
176
     1
 90
        1
176
     1
 90
        1
176
     1
 90
        2
176
     1
 40
0.6
176
     1
 40
30.0
176
     1
 62
     7
420
 16777215
176
     1
 90
        1
176
     1
 90
        0
176
     1
 62
     7
176
     1
 62
   257
176
     1
 90
        1
176
     1
 90
        1
176
     1
 40
1.0
176
     1
 90
        0
176
     1
 62
   257
176
     1
 40
1.0
176
     1
 90
        1
176
     1
 90
        6
176
     1
 90
        2
176
     1
 62
     7
176
     1
 90
        5
176
     1
 90
        0
176
     1
 90
        0
176
     1
290
     0
176
     1
 90
       13
176
     1
 40
0.0
176
     1
 90
        0
176
     1
290
     0
176
     1
290
     1
176
     1
290
     1
176
     1
290
     0
176
     1
290
     0
176
     1
290
     0
176
     1
290
     0
176
     1
290
     0
176
     1
290
     0
176
     1
 90
       50
176
     1
 40
0.0
176
     1
 40
1.0
176
     1
 90
        0
176
     1
 62
    18
420
        0
176
     1
 90
       50
176
     1
 90
        3
176
     1
 62
     5
420
      255
176
     1
290
     0
176
     1
 90
       50
176
     1
 90
       50
176
     1
 90
       50
176
     1
290
     0
176
     1
 90
       50
176
     1
 62
   256
176
     0
 40
1.0
176
     0
 90
        2
176
     1
  1
strokes_ogs.tif
176
     1
290
     0
176
     1
 40
1.0
176
     1
 40
1.0
176
     1
  0
VISUALSTYLE
  5
F2
102
{ACAD_REACTORS
330
EF
102
}
330
EF
100
AcDbVisualStyle
  2
Gouraud
 70
     2
177
     3
291
     1
 70
    58
 90
        2
176
     1
 90
        2
176
     1
 90
        1
176
     1
 90
        2
176
     1
 40
0.6
176
     1
 40
30.0
176
     1
 62
     7
420
 16777215
176
     1
 90
        0
176
     1
 90
        0
176
     1
 62
     7
176
     1
 62
   257
176
     1
 90
        1
176
     1
 90
        1
176
     1
 40
1.0
176
     1
 90
        0
176
     1
 62
     7
176
     1
 40
1.0
176
     1
 90
        1
176
     1
 90
        6
176
     1
 90
        2
176
     1
 62
     7
176
     1
 90
        5
176
     1
 90
        0
176
     1
 90
        0
176
     1
290
     0
176
     1
 90
       13
176
     1
 40
0.0
176
     1
 90
        0
176
     1
290
     0
176
     1
290
     1
176
     1
290
     1
176
     1
290
     0
176
     1
290
     0
176
     1
290
     0
176
     1
290
     0
176
     1
290
     0
176
     1
290
     0
176
     1
 90
       50
176
     1
 40
0.0
176
     1
 40
1.0
176
     1
 90
        0
176
     1
 62
    18
420
        0
176
     1
 90
       50
176
     1
 90
        3
176
     1
 62
     5
420
      255
176
     1
290
     0
176
     1
 90
       50
176
     1
 90
       50
176
     1
 90
       50
176
     1
290
     0
176
     1
 90
       50
176
     1
 62
   256
176
     0
 40
1.0
176
     0
 90
        2
176
     1
  1
strokes_ogs.tif
176
     1
290
     0
176
     1
 40
1.0
176
     1
 40
1.0
176
     1
  0
VISUALSTYLE
  5
F3
102
{ACAD_REACTORS
330
EF
102
}
330
EF
100
AcDbVisualStyle
  2
GouraudWithEdges
 70
     3
177
     3
291
     1
 70
    58
 90
        2
176
     1
 90
        2
176
     1
 90
        1
176
     1
 90
        2
176
     1
 40
0.6
176
     1
 40
30.0
176
     1
 62
     7
420
 16777215
176
     1
 90
        1
176
     1
 90
        0
176
     1
 62
     7
176
     1
 62
   257
176
     1
 90
        1
176
     1
 90
        1
176
     1
 40
1.0
176
     1
 90
        0
176
     1
 62
   257
176
     1
 40
1.0
176
     1
 90
        1
176
     1
 90
        6
176
     1
 90
        2
176
     1
 62
     7
176
     1
 90
        5
176
     1
 90
        0
176
     1
 90
        0
176
     1
290
     0
176
     1
 90
       13
176
     1
 40
0.0
176
     1
 90
        0
176
     1
290
     0
176
     1
290
     1
176
     1
290
     1
176
     1
290
     0
176
     1
290
     0
176
     1
290
     0
176
     1
290
     0
176
     1
290
     0
176
     1
290
     0
176
     1
 90
       50
176
     1
 40
0.0
176
     1
 40
1.0
176
     1
 90
        0
176
     1
 62
    18
420
        0
176
     1
 90
       50
176
     1
 90
        3
176
     1
 62
     5
420
      255
176
     1
290
     0
176
     1
 90
       50
176
     1
 90
       50
176
     1
 90
       50
176
     1
290
     0
176
     1
 90
       50
176
     1
 62
   256
176
     0
 40
1.0
176
     0
 90
        2
176
     1
  1
strokes_ogs.tif
176
     1
290
     0
176
     1
 40
1.0
176
     1
 40
1.0
176
     1
  0
VISUALSTYLE
  5
F7
102
{ACAD_REACTORS
330
EF
102
}
330
EF
100
AcDbVisualStyle
  2
Hidden
 70
     6
177
     3
291
     0
 70
    58
 90
        1
176
     1
 90
        2
176
     1
 90
        2
176
     1
 90
        0
176
     1
 40
0.6
176
     1
 40
30.0
176
     1
 62
     7
420
 16777215
176
     1
 90
        2
176
     1
 90
        2
176
     1
 62
     7
176
     1
 62
   257
176
     1
 90
        2
176
     1
 90
        1
176
     1
 40
40.0
176
     1
 90
        0
176
     1
 62
   257
176
     1
 40
1.0
176
     1
 90
        1
176
     1
 90
        6
176
     1
 90
        2
176
     1
 62
     7
176
     1
 90
        3
176
     1
 90
        0
176
     1
 90
        0
176
     1
290
     0
176
     1
 90
        1
176
     1
 40
0.0
176
     1
 90
        0
176
     1
290
     0
176
     1
290
     1
176
     1
290
     1
176
     1
290
     0
176
     1
290
     0
176
     1
290
     0
176
     1
290
     0
176
     1
290
     0
176
     1
290
     0
176
     1
 90
       50
176
     1
 40
0.0
176
     1
 40
1.0
176
     1
 90
        0
176
     1
 62
    18
420
        0
176
     1
 90
       50
176
     1
 90
        3
176
     1
 62
     5
420
      255
176
     1
290
     0
176
     1
 90
       50
176
     1
 90
       50
176
     1
 90
       50
176
     1
290
     0
176
     1
 90
       50
176
     1
 62
   256
176
     0
 40
1.0
176
     0
 90
        2
176
     1
  1
strokes_ogs.tif
176
     1
290
     0
176
     1
 40
1.0
176
     1
 40
1.0
176
     1
  0
VISUALSTYLE
  5
1E4
102
{ACAD_REACTORS
330
EF
102
}
330
EF
100
AcDbVisualStyle
  2
JitterOff
 70
    20
177
     3
291
     1
 70
    58
 90
        2
176
     0
 90
        2
176
     0
 90
        0
176
     0
 90
        0
176
     0
 40
0.6
176
     0
 40
30.0
176
     0
 62
     7
420
 16777215
176
     0
 90
        1
176
     0
 90
        4
176
     0
 62
     7
176
     0
 62
   257
176
     0
 90
        1
176
     0
 90
        1
176
     0
 40
1.0
176
     0
 90
       10
176
     2
 62
     7
176
     0
 40
1.0
176
     0
 90
        1
176
     0
 90
        6
176
     0
 90
        2
176
     0
 62
     7
176
     0
 90
        5
176
     0
 90
        0
176
     0
 90
        0
176
     0
290
     0
176
     0
 90
        1
176
     0
 40
0.0
176
     0
 90
        0
176
     0
290
     0
176
     1
290
     1
176
     1
290
     1
176
     1
290
     0
176
     1
290
     0
176
     1
290
     0
176
     1
290
     0
176
     1
290
     0
176
     1
290
     0
176
     1
 90
       50
176
     1
 40
0.0
176
     1
 40
1.0
176
     1
 90
        0
176
     1
 62
    18
420
        0
176
     1
 90
       50
176
     1
 90
        3
176
     1
 62
     5
420
      255
176
     1
290
     0
176
     1
 90
       50
176
     1
 90
       50
176
     1
 90
       50
176
     1
290
     0
176
     1
 90
       50
176
     1
 62
   256
176
     0
 40
1.0
176
     0
 90
        2
176
     1
  1
strokes_ogs.tif
176
     1
290
     0
176
     1
 40
1.0
176
     1
 40
1.0
176
     1
  0
VISUALSTYLE
  5
FD
102
{ACAD_REACTORS
330
EF
102
}
330
EF
100
AcDbVisualStyle
  2
Linepattern
 70
    14
177
     3
291
     1
 70
    58
 90
        2
176
     1
 90
        2
176
     1
 90
        1
176
     1
 90
        0
176
     1
 40
0.6
176
     1
 40
30.0
176
     1
 62
     7
420
 16777215
176
     1
 90
        1
176
     1
 90
        4
176
     1
 62
     7
176
     1
 62
   257
176
     1
 90
        7
176
     1
 90
        7
176
     1
 40
1.0
176
     1
 90
        8
176
     1
 62
     7
176
     1
 40
1.0
176
     1
 90
        1
176
     1
 90
        6
176
     1
 90
        2
176
     1
 62
     7
176
     1
 90
        5
176
     1
 90
        0
176
     1
 90
        0
176
     1
290
     0
176
     1
 90
        1
176
     1
 40
0.0
176
     1
 90
        0
176
     1
290
     0
176
     1
290
     1
176
     1
290
     1
176
     1
290
     0
176
     1
290
     0
176
     1
290
     0
176
     1
290
     0
176
     1
290
     0
176
     1
290
     0
176
     1
 90
       50
176
     1
 40
0.0
176
     1
 40
1.0
176
     1
 90
        0
176
     1
 62
    18
420
        0
176
     1
 90
       50
176
     1
 90
        3
176
     1
 62
     5
420
      255
176
     1
290
     0
176
     1
 90
       50
176
     1
 90
       50
176
     1
 90
       50
176
     1
290
     0
176
     1
 90
       50
176
     1
 62
   256
176
     0
 40
1.0
176
     0
 90
        2
176
     1
  1
strokes_ogs.tif
176
     1
290
     0
176
     1
 40
1.0
176
     1
 40
1.0
176
     1
  0
VISUALSTYLE
  5
1E5
102
{ACAD_REACTORS
330
EF
102
}
330
EF
100
AcDbVisualStyle
  2
OverhangOff
 70
    21
177
     3
291
     1
 70
    58
 90
        2
176
     0
 90
        2
176
     0
 90
        0
176
     0
 90
        0
176
     0
 40
0.6
176
     0
 40
30.0
176
     0
 62
     7
420
 16777215
176
     0
 90
        1
176
     0
 90
        4
176
     0
 62
     7
176
     0
 62
   257
176
     0
 90
        1
176
     0
 90
        1
176
     0
 40
1.0
176
     0
 90
        9
176
     2
 62
     7
176
     0
 40
1.0
176
     0
 90
        1
176
     0
 90
        6
176
     0
 90
        2
176
     0
 62
     7
176
     0
 90
        5
176
     0
 90
        0
176
     0
 90
        0
176
     0
290
     0
176
     0
 90
        1
176
     0
 40
0.0
176
     0
 90
        0
176
     0
290
     0
176
     1
290
     1
176
     1
290
     1
176
     1
290
     0
176
     1
290
     0
176
     1
290
     0
176
     1
290
     0
176
     1
290
     0
176
     1
290
     0
176
     1
 90
       50
176
     1
 40
0.0
176
     1
 40
1.0
176
     1
 90
        0
176
     1
 62
    18
420
        0
176
     1
 90
       50
176
     1
 90
        3
176
     1
 62
     5
420
      255
176
     1
290
     0
176
     1
 90
       50
176
     1
 90
       50
176
     1
 90
       50
176
     1
290
     0
176
     1
 90
       50
176
     1
 62
   256
176
     0
 40
1.0
176
     0
 90
        2
176
     1
  1
strokes_ogs.tif
176
     1
290
     0
176
     1
 40
1.0
176
     1
 40
1.0
176
     1
  0
VISUALSTYLE
  5
F9
102
{ACAD_REACTORS
330
EF
102
}
330
EF
100
AcDbVisualStyle
  2
Realistic
 70
     8
177
     3
291
     0
 70
    58
 90
        2
176
     1
 90
        3
176
     1
 90
        0
176
     1
 90
        2
176
     1
 40
0.6
176
     1
 40
30.0
176
     1
 62
     7
420
 16777215
176
     1
 90
        0
176
     1
 90
        0
176
     1
 62
     7
176
     1
 62
   257
176
     1
 90
        1
176
     1
 90
        1
176
     1
 40
1.0
176
     1
 90
        8
176
     1
 62
   257
176
     1
 40
1.0
176
     1
 90
        1
176
     1
 90
        6
176
     1
 90
        2
176
     1
 62
     7
176
     1
 90
        3
176
     1
 90
        0
176
     1
 90
        0
176
     1
290
     0
176
     1
 90
       13
176
     1
 40
0.0
176
     1
 90
        0
176
     1
290
     0
176
     1
290
     1
176
     1
290
     1
176
     1
290
     0
176
     1
290
     0
176
     1
290
     0
176
     1
290
     0
176
     1
290
     0
176
     1
290
     0
176
     1
 90
       50
176
     1
 40
0.0
176
     1
 40
1.0
176
     1
 90
        0
176
     1
 62
    18
420
        0
176
     1
 90
       50
176
     1
 90
        3
176
     1
 62
     5
420
      255
176
     1
290
     0
176
     1
 90
       50
176
     1
 90
       50
176
     1
 90
       50
176
     1
290
     0
176
     1
 90
       50
176
     1
 62
   256
176
     0
 40
1.0
176
     0
 90
        2
176
     1
  1
strokes_ogs.tif
176
     1
290
     0
176
     1
 40
1.0
176
     1
 40
1.0
176
     1
  0
VISUALSTYLE
  5
1F3
102
{ACAD_REACTORS
330
EF
102
}
330
EF
100
AcDbVisualStyle
  2
Shaded
 70
    27
177
     3
291
     0
 70
    58
 90
        2
176
     1
 90
        2
176
     1
 90
        1
176
     1
 90
        2
176
     1
 40
0.6
176
     1
 40
30.0
176
     1
 62
     7
420
 16777215
176
     1
 90
        0
176
     1
 90
        4
176
     1
 62
     7
176
     1
 62
   257
176
     1
 90
        1
176
     1
 90
        1
176
     1
 40
1.0
176
     1
 90
        8
176
     1
 62
   257
176
     1
 40
1.0
176
     1
 90
        1
176
     1
 90
        6
176
     1
 90
        2
176
     1
 62
     8
420
  7895160
176
     1
 90
        3
176
     1
 90
        0
176
     1
 90
        0
176
     1
290
     0
176
     1
 90
        5
176
     1
 40
0.0
176
     1
 90
        0
176
     1
290
     0
176
     1
290
     1
176
     1
290
     1
176
     1
290
     0
176
     1
290
     0
176
     1
290
     0
176
     1
290
     0
176
     1
290
     0
176
     1
290
     0
176
     1
 90
       50
176
     1
 40
0.0
176
     1
 40
1.0
176
     1
 90
        0
176
     1
 62
    18
420
        0
176
     1
 90
       50
176
     1
 90
        3
176
     1
 62
     5
420
      255
176
     1
290
     0
176
     1
 90
       50
176
     1
 90
       50
176
     1
 90
       50
176
     1
290
     0
176
     1
 90
       50
176
     1
 62
   256
176
     0
 40
1.0
176
     0
 90
        2
176
     1
  1
strokes_ogs.tif
176
     1
290
     0
176
     1
 40
1.0
176
     1
 40
1.0
176
     1
  0
VISUALSTYLE
  5
1F2
102
{ACAD_REACTORS
330
EF
102
}
330
EF
100
AcDbVisualStyle
  2
Shaded with edges
 70
    26
177
     3
291
     0
 70
    58
 90
        2
176
     1
 90
        2
176
     1
 90
        1
176
     1
 90
        2
176
     1
 40
0.6
176
     1
 40
30.0
176
     1
 62
     7
420
 16777215
176
     1
 90
        1
176
     1
 90
        2
176
     1
 62
     7
176
     1
 62
   257
176
     1
 90
        2
176
     1
 90
        1
176
     1
 40
1.0
176
     1
 90
        8
176
     1
 62
   257
176
     1
 40
1.0
176
     1
 90
        1
176
     1
 90
        6
176
     1
 90
        2
176
     1
 62
     7
176
     1
 90
        3
176
     1
 90
        0
176
     1
 90
        0
176
     1
290
     0
176
     1
 90
        5
176
     1
 40
0.0
176
     1
 90
        0
176
     1
290
     0
176
     1
290
     1
176
     1
290
     1
176
     1
290
     0
176
     1
290
     0
176
     1
290
     0
176
     1
290
     0
176
     1
290
     0
176
     1
290
     0
176
     1
 90
       50
176
     1
 40
0.0
176
     1
 40
1.0
176
     1
 90
        0
176
     1
 62
    18
420
        0
176
     1
 90
       50
176
     1
 90
        3
176
     1
 62
     5
420
      255
176
     1
290
     0
176
     1
 90
       50
176
     1
 90
       50
176
     1
 90
       50
176
     1
290
     0
176
     1
 90
       50
176
     1
 62
   256
176
     0
 40
1.0
176
     0
 90
        2
176
     1
  1
strokes_ogs.tif
176
     1
290
     0
176
     1
 40
1.0
176
     1
 40
1.0
176
     1
  0
VISUALSTYLE
  5
1EF
102
{ACAD_REACTORS
330
EF
102
}
330
EF
100
AcDbVisualStyle
  2
Shades of Gray
 70
    23
177
     3
291
     0
 70
    58
 90
        2
176
     1
 90
        2
176
     1
 90
        3
176
     1
 90
        0
176
     1
 40
0.6
176
     1
 40
30.0
176
     1
 62
     7
420
 16777215
176
     1
 90
        2
176
     1
 90
        2
176
     1
 62
     7
176
     1
 62
     7
176
     1
 90
        1
176
     1
 90
        1
176
     1
 40
40.0
176
     1
 90
        8
176
     1
 62
     7
176
     1
 40
1.0
176
     1
 90
        1
176
     1
 90
        6
176
     1
 90
        2
176
     1
 62
     7
176
     1
 90
        3
176
     1
 90
        0
176
     1
 90
        0
176
     1
290
     0
176
     1
 90
        1
176
     1
 40
0.0
176
     1
 90
        0
176
     1
290
     0
176
     1
290
     1
176
     1
290
     1
176
     1
290
     0
176
     1
290
     0
176
     1
290
     0
176
     1
290
     0
176
     1
290
     0
176
     1
290
     0
176
     1
 90
       50
176
     1
 40
0.0
176
     1
 40
1.0
176
     1
 90
        0
176
     1
 62
    18
420
        0
176
     1
 90
       50
176
     1
 90
        3
176
     1
 62
     5
420
      255
176
     1
290
     0
176
     1
 90
       50
176
     1
 90
       50
176
     1
 90
       50
176
     1
290
     0
176
     1
 90
       50
176
     1
 62
   256
176
     0
 40
1.0
176
     0
 90
        2
176
     1
  1
strokes_ogs.tif
176
     1
290
     0
176
     1
 40
1.0
176
     1
 40
1.0
176
     1
  0
VISUALSTYLE
  5
1F0
102
{ACAD_REACTORS
330
EF
102
}
330
EF
100
AcDbVisualStyle
  2
Sketchy
 70
    24
177
     3
291
     0
 70
    58
 90
        1
176
     1
 90
        2
176
     1
 90
        2
176
     1
 90
        0
176
     1
 40
0.6
176
     1
 40
30.0
176
     1
 62
     7
420
 16777215
176
     1
 90
        2
176
     1
 90
        2
176
     1
 62
     7
176
     1
 62
     7
176
     1
 90
        1
176
     1
 90
        1
176
     1
 40
40.0
176
     1
 90
       11
176
     1
 62
     7
176
     1
 40
1.0
176
     1
 90
        1
176
     1
 90
        6
176
     1
 90
        2
176
     1
 62
     7
176
     1
 90
        6
176
     1
 90
        0
176
     1
 90
        0
176
     1
290
     0
176
     1
 90
        1
176
     1
 40
0.0
176
     1
 90
        0
176
     1
290
     0
176
     1
290
     1
176
     1
290
     1
176
     1
290
     0
176
     1
290
     0
176
     1
290
     0
176
     1
290
     0
176
     1
290
     0
176
     1
290
     0
176
     1
 90
       50
176
     1
 40
0.0
176
     1
 40
1.0
176
     1
 90
        0
176
     1
 62
    18
420
        0
176
     1
 90
       50
176
     1
 90
        3
176
     1
 62
     5
420
      255
176
     1
290
     0
176
     1
 90
       50
176
     1
 90
       50
176
     1
 90
       50
176
     1
290
     0
176
     1
 90
       50
176
     1
 62
   256
176
     0
 40
1.0
176
     0
 90
        2
176
     1
  1
strokes_ogs.tif
176
     1
290
     0
176
     1
 40
1.0
176
     1
 40
1.0
176
     1
  0
VISUALSTYLE
  5
FC
102
{ACAD_REACTORS
330
EF
102
}
330
EF
100
AcDbVisualStyle
  2
Thicken
 70
    13
177
     3
291
     1
 70
    58
 90
        2
176
     1
 90
        2
176
     1
 90
        1
176
     1
 90
        0
176
     1
 40
0.6
176
     1
 40
30.0
176
     1
 62
     7
420
 16777215
176
     1
 90
        1
176
     1
 90
        4
176
     1
 62
     7
176
     1
 62
   257
176
     1
 90
        1
176
     1
 90
        1
176
     1
 40
1.0
176
     1
 90
       12
176
     1
 62
     7
176
     1
 40
1.0
176
     1
 90
        1
176
     1
 90
        6
176
     1
 90
        2
176
     1
 62
     7
176
     1
 90
        5
176
     1
 90
        0
176
     1
 90
        0
176
     1
290
     0
176
     1
 90
        1
176
     1
 40
0.0
176
     1
 90
        0
176
     1
290
     0
176
     1
290
     1
176
     1
290
     1
176
     1
290
     0
176
     1
290
     0
176
     1
290
     0
176
     1
290
     0
176
     1
290
     0
176
     1
290
     0
176
     1
 90
       50
176
     1
 40
0.0
176
     1
 40
1.0
176
     1
 90
        0
176
     1
 62
    18
420
        0
176
     1
 90
       50
176
     1
 90
        3
176
     1
 62
     5
420
      255
176
     1
290
     0
176
     1
 90
       50
176
     1
 90
       50
176
     1
 90
       50
176
     1
290
     0
176
     1
 90
       50
176
     1
 62
   256
176
     0
 40
1.0
176
     0
 90
        2
176
     1
  1
strokes_ogs.tif
176
     1
290
     0
176
     1
 40
1.0
176
     1
 40
1.0
176
     1
  0
VISUALSTYLE
  5
F6
102
{ACAD_REACTORS
330
EF
102
}
330
EF
100
AcDbVisualStyle
  2
Wireframe
 70
     5
177
     3
291
     0
 70
    58
 90
        0
176
     1
 90
        2
176
     1
 90
        0
176
     1
 90
        0
176
     1
 40
0.6
176
     1
 40
30.0
176
     1
 62
     7
420
 16777215
176
     1
 90
        1
176
     1
 90
        4
176
     1
 62
     7
176
     1
 62
   257
176
     1
 90
        1
176
     1
 90
        1
176
     1
 40
1.0
176
     1
 90
        0
176
     1
 62
   257
176
     1
 40
1.0
176
     1
 90
        1
176
     1
 90
        6
176
     1
 90
        2
176
     1
 62
     7
176
     1
 90
        3
176
     1
 90
        0
176
     1
 90
        0
176
     1
290
     0
176
     1
 90
        1
176
     1
 40
0.0
176
     1
 90
        0
176
     1
290
     0
176
     1
290
     1
176
     1
290
     1
176
     1
290
     0
176
     1
290
     0
176
     1
290
     0
176
     1
290
     0
176
     1
290
     0
176
     1
290
     0
176
     1
 90
       50
176
     1
 40
0.0
176
     1
 40
1.0
176
     1
 90
        0
176
     1
 62
    18
420
        0
176
     1
 90
       50
176
     1
 90
        3
176
     1
 62
     5
420
      255
176
     1
290
     0
176
     1
 90
       50
176
     1
 90
       50
176
     1
 90
       50
176
     1
290
     0
176
     1
 90
       50
176
     1
 62
   256
176
     0
 40
1.0
176
     0
 90
        2
176
     1
  1
strokes_ogs.tif
176
     1
290
     0
176
     1
 40
1.0
176
     1
 40
1.0
176
     1
  0
VISUALSTYLE
  5
1F1
102
{ACAD_REACTORS
330
EF
102
}
330
EF
100
AcDbVisualStyle
  2
X-Ray
 70
    25
177
     3
291
     0
 70
    58
 90
        2
176
     1
 90
        2
176
     1
 90
        1
176
     1
 90
        1
176
     1
 40
0.5
176
     1
 40
30.0
176
     1
 62
     7
420
 16777215
176
     1
 90
        1
176
     1
 90
        0
176
     1
 62
     7
176
     1
 62
   257
176
     1
 90
        1
176
     1
 90
        1
176
     1
 40
1.0
176
     1
 90
        8
176
     1
 62
     7
176
     1
 40
1.0
176
     1
 90
        1
176
     1
 90
        6
176
     1
 90
        2
176
     1
 62
     7
176
     1
 90
        3
176
     1
 90
        0
176
     1
 90
        0
176
     1
290
     0
176
     1
 90
       13
176
     1
 40
0.0
176
     1
 90
        0
176
     1
290
     0
176
     1
290
     1
176
     1
290
     1
176
     1
290
     0
176
     1
290
     0
176
     1
290
     0
176
     1
290
     0
176
     1
290
     0
176
     1
290
     0
176
     1
 90
       50
176
     1
 40
0.0
176
     1
 40
1.0
176
     1
 90
        0
176
     1
 62
    18
420
        0
176
     1
 90
       50
176
     1
 90
        3
176
     1
 62
     5
420
      255
176
     1
290
     0
176
     1
 90
       50
176
     1
 90
       50
176
     1
 90
       50
176
     1
290
     0
176
     1
 90
       50
176
     1
 62
   256
176
     0
 40
1.0
176
     0
 90
        2
176
     1
  1
strokes_ogs.tif
176
     1
290
     0
176
     1
 40
1.0
176
     1
 40
1.0
176
     1
  0
DICTIONARYVAR
  5
146
102
{ACAD_REACTORS
330
5E
102
}
330
5E
100
DictionaryVariables
280
     0
  1
1:1
  0
DICTIONARYVAR
  5
259
102
{ACAD_REACTORS
330
5E
102
}
330
5E
100
DictionaryVariables
280
     0
  1
3.500000
  0
DICTIONARYVAR
  5
25A
102
{ACAD_REACTORS
330
5E
102
}
330
5E
100
DictionaryVariables
280
     0
  1
acadiso.lin
  0
DICTIONARYVAR
  5
145
102
{ACAD_REACTORS
330
5E
102
}
330
5E
100
DictionaryVariables
280
     0
  1
STANDARD
  0
DICTIONARYVAR
  5
84
102
{ACAD_REACTORS
330
5E
102
}
330
5E
100
DictionaryVariables
280
     0
  1
STANDARD
  0
DICTIONARYVAR
  5
227
102
{ACAD_REACTORS
330
5E
102
}
330
5E
100
DictionaryVariables
280
     0
  1
Metric50
  0
DICTIONARYVAR
  5
228
102
{ACAD_REACTORS
330
5E
102
}
330
5E
100
DictionaryVariables
280
     0
  1
Metric50
  0
DICTIONARYVAR
  5
5F
102
{ACAD_REACTORS
330
5E
102
}
330
5E
100
DictionaryVariables
280
     0
  1
2
  0
DICTIONARYVAR
  5
63
102
{ACAD_REACTORS
330
5E
102
}
330
5E
100
DictionaryVariables
280
     0
  1
1
  0
DICTIONARYVAR
  5
1AE
102
{ACAD_REACTORS
330
5E
102
}
330
5E
100
DictionaryVariables
280
     0
  1
0
  0
DICTIONARYVAR
  5
1AF
102
{ACAD_REACTORS
330
5E
102
}
330
5E
100
DictionaryVariables
280
     0
  1
0
  0
DICTIONARY
  5
205
330
22
100
AcDbDictionary
280
     1
281
     1
  0
DICTIONARY
  5
1F9
330
ED
100
AcDbDictionary
280
     1
281
     1
  3
FBXASSET
360
1FA
  0
DICTIONARY
  5
1F7
330
EC
100
AcDbDictionary
280
     1
281
     1
  3
FBXASSET
360
1F8
  0
DICTIONARY
  5
173
330
EE
100
AcDbDictionary
280
     1
281
     1
  3
BUMPTILE
360
175
  3
DIFFUSETILE
360
174
  3
FBXASSET
360
1FB
  3
OPACITYTILE
360
176
  3
REFLECTIONTILE
360
177
  0
DICTIONARY
  5
162
330
7F
100
AcDbDictionary
280
     1
281
     1
  3
ACAD_ROUNDTRIP_2008_TABLESTYLE_CELLSTYLEMAP
360
A87
  0
XRECORD
  5
1FA
102
{ACAD_REACTORS
330
1F9
102
}
330
1F9
100
AcDbXrecord
280
     1
 70
     1
 90
429727718
  1
D62C5603-E3A1-4AEA-B7FB-FE5D8D0755AF
310
504B03040A0000080000CC70623B3DEE336E79000000790000001B0000006175746F6465736B2D64657369676E2D7061636B6167652E786D6C3C3F786D6C2076657273696F6E3D22312E302220656E636F64696E673D227574662D3822203F3E3C666F726D6174733E3C666F726D61743E687474703A2F2F736368656D612E
310
6175746F6465736B2E636F6D2F64657369676E2D7061636B6167652F323030393C2F666F726D61743E3C2F666F726D6174733E504B0304140006080800CC70623BD486FD9CA0000000F4000000130000005B436F6E74656E745F54797065735D2E786D6C7D8EC10E82300C865F65E91D8A1E8C310C0EEA1BF002731658846E
310
D98AC1B77784ABF1D8FE5FBFBF75BBCE937A534CCEB38643598122B6FEE978D0B0485F9C41B54DDD7D022595594E1A469170414C76A4D9A4D207E29CF43ECE46F218070CC6BECC4078ACAA135ACF422C856C0E68EA1BF5669944DDD7BCDE7B1F8E415D77AECB980613C2E4AC91FC167A2B244592486606FC29C8FD7F045B9A
310
EF7053A7E60B504B0304140006080800CC70623B853B8169EB0000007C01000008000000636F72652E786D6C8D90416EC3201045AF62CDB6C206821CC7C244919D9CA01740401C94182C03558F5F9C3852BBEB6A467FFE9B197D7EFC9E1EC5975982F5AE035262288C535E5B377690E21535501C055FBC8FBF6C503839990E
310
5619041F179FE64D52DE45E362569DD7661365082642A11EB9E920A89B99642953CC8E702F67A9EE7234257977194EC9EAE275C4EABCCF5EAD5940D4AC6F0E35A568B8F43562CD7046CD199FD07E60174276A7BE677B5EADB0E0D14EEFFB6A31321A0D82627C4084204C3F096B71DD52F6819B16635EADF63F509AF53FA164
310
5DDCD1EDDD17164090FCC8732078B56691CB33A85CD7DCC40F504B0304140006080800CC70623B55019EA25F0000007C00000007000000636E782E786D6C4DCB3B0E80201045D1AD90E915ED2CF8AC45050C11660C8261F98AB1B07AC9C97D42D718D865D3E909258CFD00CCE24AC6E326A164D74DC0B4128928FF32603847
310
2BA13128B1252AC747C6BAB984FC68F0B87FE8960A5C09FE86CFB69FBA01504B0304140006080800CC70623BDBABAAF470010000D40300000C0000006662782F636F72652E786D6CC553D16E823014FD95A6AF4B694182CC941A83FA05FB810A9511A125A5257EFE2E82712ECEB8A7F100CD39F7F69E734AF9FADC366850B6
310
AF8DCE7018308C942E4C59EB2AC3DE1D498AD15A706B8CFB56869196ADCAF00863C12B6B7C374385D14E6907A836A59A41D9F7CA615434B0C8705F7CAA5606D23BA8E84F41278B93AC54100640439DE0BDB320004D43C63716C7C399D30917DCFBBA9CD9BA8469F5B156168B24CED3F7248AC8769F27244EB73B92EED8862C
310
B7F13E0C179B3C8F979C8ECD82BBBABDAA2BAC924E9558448CBD9330242CFA08E3154B5651FCC6D215639C8EE5774DBE2B5F6CF2B5768B68963BB5F5588420E442FC700B1139D4CB01F450C1E918227C2E09DF070D8140C84E1E9AAB8F1340832A9CB13130A5F1376A908D57309505ECF2A0DF179C4E9D30F5B239B87E3823
310
7A79C6F31DE1A8A5AEC08474B03C7837EAE4938639B44E5932B833D2C6B6B279CDC613877FA26EE21F4A2A4C63EC7F29A2F301D1F9F7A0E37D145F504B0304140006080800CC70623B9C113CC27E0000009D0000000B0000006662782F636E782E786D6C4DCCDF0A83201C86E15B91DFB94BFB330DD428C8FB886521330DA7
310
6397BF1A1DECE883878F57749FCDA1B7892F1BBC047A23808C7F84D9FA55424E0BE6803A256208E9EF06C84F9B91703228B1C690F78B66B34CD9A5439DF5CF0BFBF65E35BCA1B8D6A5C6F540381E886698B5741C695F9503EBA150A2F8958E3DC3EA0B504B0304140006080800CC70623B7DF2F77C2A010000120200003100
310
00006662782F41393633353835312D344632462D344230382D423046372D3739314545314133324237412F636F72652E786D6C8D51DB8EC22014FC15C2939B0D2DB4B45643319AE817EC0F6041255A68B86CFCFC856D4D76DF7CE190393373060EDB3DC707F856CE6B6B7A480A0C81328395DA5C7B18C3057510EC3873D686
310
3F34088C18550F330C39BB3A1BA7051AAC09CA84841A2BD5020AEF55806078A44B0FFD7053A328440C89E1EFC52486BBB8AA8214A99D789CF9E05200300FC927E4FB4D5B375D43103D5527440FB843077C5AA3F5861C8F645F5787F59E95B390B318B55CE45AA638FAA2957BD7248B390B7A7CC51F9C124149C82B8C378810
310
84AB2F42B7B8DD56F413775B8C5999E9FF4471926F8AA236A1AE96B8B3CC434E5839373893369E1FAF30EA395917409EB7F26AF8801C171837A4A6AC9C89E9F9C9B1A58BA30FD6A5EF5DDDCF894B9AD9B6A59C957943A9FCAE2FD5BC4DFE03504B0304140006080800CC70623BAD7543B64E01000033030000300000006662
310
782F41393633353835312D344632462D344230382D423046372D3739314545314133324237412F636E782E786D6CD593CD6EC32010845F0571AD6CE3D48AD20813A9873E410FBD12D82434182C7EAAE6EDBB2424CD25871E7B41D6EC30B3FA84F9E67BB2E40B4234DE8DB46F1925E094D7C6ED479AD3AE5951B2113C789FEE
310
6C943839C1488B4C05DF079FE72A69D8C96C13AAD6B8631503449F83828872B949AC57D26200B826A308D316B4064D6E46FCDA41C05550DC9E483A00797BFD207EFB092A45DE9514C1BBD22178396BD39D891265658C238DEA00936C654E5E433CB65A26D9F6EDB5EBC14EBF49A45CB856E66048291F6939A9A81BB5C89177
310
38143CA680F4AA299D66A042CEB3354A2684DC9D8D178FE0D9B8B41CAAD720F880EE7EF93C0C18769E099ECC04D5A102C8049A8A05632F4DDF376CF1DE0F6BB65C2F8627B65A33C6BB62177CEBBDAD973006829F89F22E814B54F4BC2BE347F8AA8F681390B50FA73F804400B5F542E796F19FF974E7F78DB802FE05E20750
310
4B0304140006080800CC70623BE75B7789680500003C100000340000006662782F41393633353835312D344632462D344230382D423046372D3739314545314133324237412F6F626A656374732E786D6CAD575B8F9B3818FD2B887D06C22499CB8AA1CA655245D5B455A356FB305264C061D8018C6C3393D95FBFC7600890
310
A4CD5EF210B0B1BFEBF98E3F7B1FF6596ABC522E1296DF9BAE3D320D9A872C4AF2F8DE2CE5CEBA358D0FBEC719939D65A691938CDE9B6ADAF4BD98B3B2D05311DD91329583D9D5FC0F438434A7A611A644887B5384CF34233629258BA878B12322891DEFF6B66BD70BFB62634E8AE781D082709A4B588AF91C528CDA28B73F
310
1C998EEF39EABBEFA97FBD6A7C7E9553F9D3D79FE442923C3C523610337627CB87ABE99D359D4CC6D6E4FACAB5E6ABF9D2726FC6A3C5F56271377BB88362213924694B38DD99FE47C48627A1E7D49F5A8BB5E1A74C0A599ED3B0F21F1E56366B89112D681E218F0915D0D6F17AD41FBA2A369DCF6335D62ABBD39779D5DDD1
310
11D4D8DE3CBB96B2E04FB8202E41051754A1AA8E8F76B4C6DFE810B580B1547F4B84911149794252234D024EF8BBE963A95AE27B3D310A9D5C215C7960FAEE415ED75694C6AFB17BCACA5D99A60A9AA65F217B0BFC53292ACB92BF283FAD0D3621576592CB5BED907C2FA8E9DF794E35E97BEA31BED21FEB401ABB94C44839
310
DCACBF0E1C5DA8DA5B2F4DFFD32AD86F543D9E565E7056502E157C00AD2671CD534549AB752FCA9CDA00677A313F04E51B22FF19E57B300579E3C97EB29F682D92935CEC18CF901B7B54FD8C51F362B56FC72FE0B3C1EAE335EDCCBF5AEC39ADB17DC238973F804BA5E6F6BFE7AF1FB32E523BE9F3BD571418E3631DCA4D48
310
5250CF639223210A9446CA30052EDF057BD35F8329C1ECD84552BF0DC8D18BE7BCE23BFE6BD960AB4A7DE79923A103BEBD80F911CBAA2C60DB19B01CF164A5583B772EE6D3FFA56666CBCDA74DC97724A48F9A58967497E489C4D979006FD7A05E227A1EBDD0F737C623387A9C844D3709995625106D157315F8B8392CD4E0
310
A0B9A720C4BE9829CEF37EA1E13111214D53925356365ADA634861B52519DD27A00AEB808EAF0628E6F435519D446F45CF2C9CF5214F0A15B2F6D06B79DA3EE3CBF7F56780D2F4E7EF73A0F5E5B02A38D07DC852C6B7C1FBB6664213E0C39E3EBA7FF4E1AD23EA2829407C85E586727488B751B2DB9502BC7B228A3FD68B6E
310
A65A22397E690AA8D158D7E404EC8CDA235CC3B7D1898680131CEC2CDF2638C65196279577750F15884AEE19F94199155B92B13297978469D4F8D358DF0AEF7631E28DC8F0D9F437D5D39A83B2231A1D52D543813A824EF8D44BCFF2FA6A31BD1E8DAD87F1CCB526B3879935BF59CDADD5C37479BB1CDD4CA7B3556B516589
310
EF352754B706114D9C885EC9131DE6EFEB43D99AFE2391C2F958179413D7CFEF6B1B6DB1E7600F00DE6E5C67454A339A4BA2E0FBA85ED26F045D454F463DBFCE484C2F90F2E5E3666003662ED8F755951A7D1BECD5B30B550B2785C8E7320B7292A4838DDA71BBC863ED7613CAF659337A3354231D4FF4A182A54904C2898C
310
98B28C4AD0CE056CCF332A80986E571EE9DBC305BB5FEB7E509220A58D25CF042D712A806AC0AD0C657FDEF80D2D9CEAA2EE4D1C76F60BFE74219A06527D6F82DF6412526107381E55E353090704D085B52408A8913C4ED159D79BDA71BB4BC506F4831350EB6F975CD22D69BF7AC49B91A2C0A9DDA3D5CA36AD20FC478E37
310
E61844E2352865EBCB61A275A65283CAAA9DD27703B4102F5AF51EF5F573B75CBB5AD38BC845F7A49F82A0966A49C2E3EA5EA0ECD326CD965F1DB402C6FA8B51A4658C5C5E2EC9E214602E55810345408596591009A82E7E7FFACA19EEA299B14A0081A705CB3296EBC14CDF658DCD336EA6D1136881AAEB87B81AB9EE53D5
310
F5EB8BC8362082DA24122F98680A4E7930C01A0079749CEA14382A0783E5EBA5A10F8C098456A03D6A4AEB6BB881E2513747552A5DB22C7EDAF83BD5528081A365F7FF06504B0304140006080000CC70623B000000000000000000000000350000006662782F41393633353835312D344632462D344230382D423046372D37
310
39314545314133324237412F76657274696365732E62696E504B0304140006080800CC70623BF270F1330600000004000000360000006662782F41393633353835312D344632462D344230382D423046372D3739314545314133324237412F747269616E676C65732E62696E636660600000504B0304140006080000CC7062
310
3B000000000000000000000000370000006662782F41393633353835312D344632462D344230382D423046372D3739314545314133324237412F617474726962757465732E62696E504B0304140006080800CC70623B08DA0BD19000000041010000360000006662782F41393633353835312D344632462D344230382D4230
310
46372D3739314545314133324237412F6469726563746F72792E786D6C858F410AC3201045AF22B36F53E9A60B35CBEEBAE80D244E44489C6234F4F835464A48035D0DF398FF9F8AF63D0E6CC63039F212F8F9020C7D47C6792B21C5FE7403D62A1188E2E60C98D7234A5830286103A55745067B9D86B8A3CF9C7F90C11DE6
310
07FB144396D7B6A82D282E9A152AD114D5EF2CB866EEE831B8EEA07A7BB5A8D7D61A2BAAEB7FD5F70921FF497D00504B0304140006080800CC70623BEDD1DC58FD000000A00100003B0000006662782F41393633353835312D344632462D344230382D423046372D3739314545314133324237412F7265736F75726365732F
310
636F72652E786D6C8D504B6E833010BD0A9A6D65B00922041947112427E8052C33A156828DFCA97AFC9A40A576D7CDCCE87D344F8F9FBFE667F689CE6B6B3A6039850C8DB2A336530731DC4903D95970676DF82583CCC8193B5861107C72362E3BA4AC096842428D1D7107A5F7182053CF7474E0D507CE32973124857FE48B
310
540F3961CEF244279DE03EB81420DB9EAC1384436FA353E879B1B182C7A8C75DA3C7F453DF353A1075D537A7BA6464B8F535A99AE14A9A2BBD90E350DD183B5CFABE3AF262350B1EF4FC9351399401471025A527C218A1E53BAB5A5AB765F5469B96525EACF23FA6B88CFF34456DC2A1DCE36E360F82A5202F42F062ED2BAD
310
579969AFDD8A6F504B010214000A0000080000CC70623B3DEE336E79000000790000001B00000000000000000000000000000000006175746F6465736B2D64657369676E2D7061636B6167652E786D6C504B01021400140006080800CC70623BD486FD9CA0000000F40000001300000000000000000000000000B20000005B
310
436F6E74656E745F54797065735D2E786D6C504B01021400140006080800CC70623B853B8169EB0000007C010000080000000000000000000000000083010000636F72652E786D6C504B01021400140006080800CC70623B55019EA25F0000007C000000070000000000000000000000000094020000636E782E786D6C504B
310
01021400140006080800CC70623BDBABAAF470010000D40300000C00000000000000000000000000180300006662782F636F72652E786D6C504B01021400140006080800CC70623B9C113CC27E0000009D0000000B00000000000000000000000000B20400006662782F636E782E786D6C504B01021400140006080800CC70
310
623B7DF2F77C2A010000120200003100000000000000000000000000590500006662782F41393633353835312D344632462D344230382D423046372D3739314545314133324237412F636F72652E786D6C504B01021400140006080800CC70623BAD7543B64E010000330300003000000000000000000000000000D2060000
310
6662782F41393633353835312D344632462D344230382D423046372D3739314545314133324237412F636E782E786D6C504B01021400140006080800CC70623BE75B7789680500003C10000034000000000000000000000000006E0800006662782F41393633353835312D344632462D344230382D423046372D3739314545
310
314133324237412F6F626A656374732E786D6C504B01021400140006080000CC70623B0000000000000000000000003500000000000000000000000000280E00006662782F41393633353835312D344632462D344230382D423046372D3739314545314133324237412F76657274696365732E62696E504B01021400140006
310
080800CC70623BF270F133060000000400000036000000000000000000000000007B0E00006662782F41393633353835312D344632462D344230382D423046372D3739314545314133324237412F747269616E676C65732E62696E504B01021400140006080000CC70623B0000000000000000000000003700000000000000
310
000000000000D50E00006662782F41393633353835312D344632462D344230382D423046372D3739314545314133324237412F617474726962757465732E62696E504B01021400140006080800CC70623B08DA0BD1900000004101000036000000000000000000000000002A0F00006662782F41393633353835312D344632
310
462D344230382D423046372D3739314545314133324237412F6469726563746F72792E786D6C504B01021400140006080800CC70623BEDD1DC58FD000000A00100003B000000000000000000000000000E1000006662782F41393633353835312D344632462D344230382D423046372D3739314545314133324237412F7265
310
736F75726365732F636F72652E786D6C504B0506000000000E000E0080040000641100000000
  0
XRECORD
  5
1F8
102
{ACAD_REACTORS
330
1F7
102
}
330
1F7
100
AcDbXrecord
280
     1
 70
     1
 90
429727718
  1
30362254-06B7-45E0-A893-8CFA70E3D6BC
310
504B03040A0000080000CC70623B3DEE336E79000000790000001B0000006175746F6465736B2D64657369676E2D7061636B6167652E786D6C3C3F786D6C2076657273696F6E3D22312E302220656E636F64696E673D227574662D3822203F3E3C666F726D6174733E3C666F726D61743E687474703A2F2F736368656D612E
310
6175746F6465736B2E636F6D2F64657369676E2D7061636B6167652F323030393C2F666F726D61743E3C2F666F726D6174733E504B0304140006080800CC70623BD486FD9CA0000000F4000000130000005B436F6E74656E745F54797065735D2E786D6C7D8EC10E82300C865F65E91D8A1E8C310C0EEA1BF002731658846E
310
D98AC1B77784ABF1D8FE5FBFBF75BBCE937A534CCEB38643598122B6FEE978D0B0485F9C41B54DDD7D022595594E1A469170414C76A4D9A4D207E29CF43ECE46F218070CC6BECC4078ACAA135ACF422C856C0E68EA1BF5669944DDD7BCDE7B1F8E415D77AECB980613C2E4AC91FC167A2B244592486606FC29C8FD7F045B9A
310
EF7053A7E60B504B0304140006080800CC70623B1EC5D7A3EB0000007C01000008000000636F72652E786D6C8D90416EC3201045AF82665B6103C6756C6122AB4D4ED00B204C5C94182C03558F5F9C3852BBEB6A467FFE9B197D71FC9E6FE8CBACC17AD7032D0820E3B41FAD9B7A48F1820F808E52ACDEC75F36404ECDA687
310
4D0629A6D5A76597B477D1B89855E747B38B2A041301E95B6E7A08FAD3CCAA50296647B8168BD2573599823EBB0CA76447F43862C7BCCF5EAC59410E4DDD9C7973C2755553CCCFA4C603E3040F1565ED3B1FDE4E432BCA0D9622DAF9795FAF464533826484B498524CD807E51D79ED187F21878E10516EF63F505AC67F42C9
310
BA58B1FDDD071640D2FCC87D2045B96591CB3DA85CB7DCE40F504B0304140006080800CC70623B55019EA25F0000007C00000007000000636E782E786D6C4DCB3B0E80201045D1AD90E915ED2CF8AC45050C11660C8261F98AB1B07AC9C97D42D718D865D3E909258CFD00CCE24AC6E326A164D74DC0B4128928FF32603847
310
2BA13128B1252AC747C6BAB984FC68F0B87FE8960A5C09FE86CFB69FBA01504B0304140006080800CC70623B8C9102E971010000D40300000C0000006662782F636F72652E786D6CC5535B6E833010BC8AE5DF0A6C08340F1947A84D4ED00B38C6A128602363A31CBFCB234A53A551FA553EC09AD9F5CE8C31DB9E9B1AF5CA
310
7695D1198E428A91D2D214952E33ECDD315861B4E5CC1AE3BE9561A445A3323CC098B3D21ADFCE9034DA29ED00D5A6503328BA4E398C640D8B0C77F253352214DE4145770A5B214FA2546114020D759C75CE8200340D19DE981F0F6746269C33EFAB6266AB02A655C74A59CCF365BADC27CB5D902ED22848F6340DF238A141
310
BE88E2F57B92BFEDF23523433367AE6A2EEAA455C2A902F398D2751045018D3FA264435F3771F242571B4A1919CA6F9A7C5B3CD9E42BED16F12C776AEB308F40C848FC700B1139D4891EF410CEC810227CC6846F8386402064270EF5C5C709A05E49676C024C61FC95EA45ED154CA5211D1FF4FB8291A913A68E9B83EBBB33
310
E2A7673CDE118E5AE8124C0807CB8377834E366998436B950D7A7746DAD846D4CFD978E0F04FD455FC5D49D2D4C6FE9722321F10997F0F32DC47FE05504B0304140006080800CC70623BFFEA85907E0000009D0000000B0000006662782F636E782E786D6C4DCCD10A83201886E15B91FFDC95D95A811AB6F23E625948A6C3
310
E9D8E5AF46073BFAE0E1E365ED67B3E8ADC3CB78C7815C7240DA3DFC64DCC221C519D7805AC182F7F1EF06C88D9BE6703008B6049F9E274D7A1E938DBB5AE3D6131B2589BA0D3D965551E0B2EA732C9B9A624AAEB41E3A557677029960D9AFB4EF11165F504B0304140006080800CC70623B4FEEA4082C0100001202000031
310
0000006662782F39464131463745442D413632322D343644302D413938332D3331353338454246344243312F636F72652E786D6C8D515B6EC32010BC0AE2AB55850DD871ED0813254D72825EC00192A2C460F1A872FC42ED48ED5F7E00CDCECCCEB26C731F6FE05B39AFADE921293004CA082BB5B9F43086336A21D870E6AC
310
0D7F68109861543DCC30E4ECE26C9C164858139409093556AA051CBC570102714B8F1E7AF1A5C6A11862480C7F2DA6415C878B2A4891CA89C7990F2E050073937C42DE1DB7E4F87ED8A36D4329AA9B3D46DBAEAD504556557BD81DEBDD0761E52CE42C462D17B996298E3E6BE59E35C962CE821E1FF18553435012728A7187
310
0841987E927A8D9B35ADDF70BBC6989599FE4F1427F9A4286A132ABAC49D651EF234CD5CE04CDA78BA3DC2A8FB645D00B9DF8B57E215725C60BCA2A463E54C4CE327C7A65E1C7DB02E7DEFCBF594B864C5CA6CDBD49C957943E9FA5D5FBAF336F90F504B0304140006080800CC70623BAD7543B64E01000033030000300000
310
006662782F39464131463745442D413632322D343644302D413938332D3331353338454246344243312F636E782E786D6CD593CD6EC32010845F0571AD6CE3D48AD20813A9873E410FBD12D82434182C7EAAE6EDBB2424CD25871E7B41D6EC30B3FA84F9E67BB2E40B4234DE8DB46F1925E094D7C6ED479AD3AE5951B2113C
310
789FEE6C943839C1488B4C05DF079FE72A69D8C96C13AAD6B8631503449F83828872B949AC57D26200B826A308D316B4064D6E46FCDA41C05550DC9E483A00797BFD207EFB092A45DE9514C1BBD22178396BD39D891265658C238DEA00936C654E5E433CB65A26D9F6EDB5EBC14EBF49A45CB856E66048291F6939A9A81BB5
310
C8917738143CA680F4AA299D66A042CEB3354A2684DC9D8D178FE0D9B8B41CAAD720F880EE7EF93C0C18769E099ECC04D5A102C8049A8A05632F4DDF376CF1DE0F6BB65C2F8627B65A33C6BB62177CEBBDAD973006829F89F22E814B54F4BC2BE347F8AA8F681390B50FA73F804400B5F542E796F19FF974E7F78DB802FE05
310
E207504B0304140006080800CC70623B16AB87BA640500003C100000340000006662782F39464131463745442D413632322D343644302D413938332D3331353338454246344243312F6F626A656374732E786D6CAD575B6FA33818FD2B887DE6924B3BED8A326A92B68A663B534DD4D13E548A0C38942D60649B369D5FBFC7
310
600890A493BDE42160637FD7F31D7FF63E6FB3D478A55C242CBF3247B66B1A340F5994E4F19559CA8D75611A9F7D8F33263BCB4C232719BD32D5B4E97B316765A1A722BA21652A07B3B7B33F0D11D29C9A46981221AE4C113ED38CD8A4942CA2E2C58E882476BCD9DA23BB5ED8171B73523C0F841684D35CC252CCE79062D4
310
468DFA43D7747CCF51DF7D4FFDEB5593E3AB9CCA9FBEFE241792E4E19EB28198C968BAB8199F5D5A67D3E9C49A9E8F47D6EC76B6B0469F26EEFC7C3EBFBCBEB98462213924694B38DD98FE1D62C393D073EA4FADC5DAF04326852CCF6958F90F0F2B9BB5C48816348F90C7840A68EB78EDF68723159BCEE7891A6B95DDE9D3
310
BCEAEEE8086A6C6F9E5D4B59F0175C10A7A0820BAA5055C7473B5AE3CFDD452D602CD5DF12616444529E90D448938013FE6EFA58AA96F85E4F8C42275708571E98FE6827AF6B2B4AE3D7D83D64E5A64C53054DD3AF90BD06FEA9149565C94FCA0F6B834DC85599E4F2423B24DF0B6AFA979E534DFA9E7A4CC6FA631D486393
310
921829879BF5D781A373557BCB85E97FB90DB62B558F8795179C15944B051F40AB495CF35451D26A4727654E6D8033BD98EF82F21D91FF8AF2DD9982BCF1643BDD4EB516C9492E368C67C88DED563FC36D5EACF66DFF057C3658BDBFA69DF9578B3DA735B64F18C7F20770A9D45CFCF7FCF563D6456A277DBEF78A02637CA2
310
43B90A490AEAB94F72244481D24819A6C0E59B606BFA4B3025981DBB48EAB701D97BF19C577CC77F2D1B6C55A9EF3C732474C0B727303F625995056C3B02963D9EAC146BE78EC5FCEC7FA999EBC5EACBAAE41B12D27B4D2C0BBA49F244E2ECDC81B76B502F113D8F5EE8FB1BE3111CDD4FC2AA9B844CAB1288B68AB90A7CDC
310
1C166AB0D3DC5310625FCC14E779BFD0709F8890A629C9292B1B2DED31A4B0DA928CEE135085754027E3018A397D4D5427D15BD1330B677DC8934285AC3DF45A9EB68FF8F2B8FC0A509AFEECFD0FF2DE25CC6047F7214B195F07EFEB9A094D800F7BFAE8FED187B78EA8A3A400F115961BCAD1215E47C966530AF0EE8128FE
310
58CEBB996A8964FFA529A046635D9353B0336A8F700DDF46271A024E70B0B37C9DE01847591E54DED53D54202AB947E4076556AC49C6CA5C9E1226B7F1A7B1BE15DEED62C41B91E1B3E9AFAAA735036547343A925075041DF0A9979E893B391F8FCFA6967B3EFB644DCF6E5CEBFAE272625DCC6FAF3FB93793C5F90CE1EF57
310
407342756B10D1C489E8953CD1617E5CEECAD6F4EF8914CE5D5D504E5C3F1F9736DA62CFC11E00BCDDB8CC8A9466349744C1F75EBDA4DF09BA8A9E8C7A7E9991989E20E5DBDD6A6003664ED8F7A04A8DBE0DF6EAD9B9AA858342E47399053949D2C146EDB85DE4B176BB0965FBAC19BD19AA918E27FA50C1D22402E144464C
310
59462568E704B6E71915404CB72B8FF4EDE184DDAF753F284990D2C6926782963815403548A70C657FDEF80D2D9CEAA2AE4C1C76F60BFE74219A06527D6582DF6412526107381E55E353090704D085B52408D0933C4ED159D79BDA71BB4BC506F4831350EB6F979CD22D69BF7AC49B91A2C0A9DDA3D5CA36AD20FC478E37E6
310
1844E2352865EBCB6EA275A652E3836BE04EFB400BF1A2556F515F1FBB35B2AB35BD889C744FFA1004B5544B121E57F70215746DD2F5E2C1412B602CBF19455AC6C8E5E9922C4E01E65215385004546899059180EAFCF7A707CE7017CD8CDB0410789AB32C63B91E5CEBBBACB17AC6CD347A022D5075FD106377347AAABA7E
310
7D11590744509B44E205134DC1290F06580320F78E537D3D73540E06CB970B431F185308AD40BBD794D6D77003C5A36E8EAA54BA64597CD8F83BD552A080A365F7FF06504B0304140006080000CC70623B000000000000000000000000350000006662782F39464131463745442D413632322D343644302D413938332D3331
310
353338454246344243312F76657274696365732E62696E504B0304140006080800CC70623BF270F1330600000004000000360000006662782F39464131463745442D413632322D343644302D413938332D3331353338454246344243312F747269616E676C65732E62696E636660600000504B0304140006080000CC70623B
310
000000000000000000000000370000006662782F39464131463745442D413632322D343644302D413938332D3331353338454246344243312F617474726962757465732E62696E504B0304140006080800CC70623B08DA0BD19000000041010000360000006662782F39464131463745442D413632322D343644302D413938
310
332D3331353338454246344243312F6469726563746F72792E786D6C858F410AC3201045AF22B36F53E9A60B35CBEEBAE80D244E44489C6234F4F835464A48035D0DF398FF9F8AF63D0E6CC63039F212F8F9020C7D47C6792B21C5FE7403D62A1188E2E60C98D7234A5830286103A55745067B9D86B8A3CF9C7F90C11DE607
310
FB144396D7B6A82D282E9A152AD114D5EF2CB866EEE831B8EEA07A7BB5A8D7D61A2BAAEB7FD5F70921FF497D00504B0304140006080800CC70623B0D6EF93BFE000000A00100003B0000006662782F39464131463745442D413632322D343644302D413938332D3331353338454246344243312F7265736F75726365732F63
310
6F72652E786D6C8D50596E833010BD0A9ADFCA60B334011947A8694ED00B586642AC041B79A97AFC9A40A5F6AF3F33A3B7689E1E3F7DCD8FEC139DD7D6F4C0720A191A65476DA61E62B892236427C19DB5E1970C322367EC618541F0C9D9B8EC90B226A009093576C41D94DE63804C3DD2D18357379C652E63480A7FCF17A9
310
EE72C29CE5894E3AC17D702940B63D59270887DE46A7D0F36263058F518FBB468FE9A7BE6A7420864373B8D4873369AA8691FA421B3294352543C5CAF65C0F6FEF43CB8BD52C78D0F34F46E550061C419494B6843142CB0F5677F4B52BEB177AEC28E5C52AFF638ACBF84F53D42654E51E77B379102C05791282176B5F693D
310
CB4C7BED567C03504B010214000A0000080000CC70623B3DEE336E79000000790000001B00000000000000000000000000000000006175746F6465736B2D64657369676E2D7061636B6167652E786D6C504B01021400140006080800CC70623BD486FD9CA0000000F40000001300000000000000000000000000B20000005B
310
436F6E74656E745F54797065735D2E786D6C504B01021400140006080800CC70623B1EC5D7A3EB0000007C010000080000000000000000000000000083010000636F72652E786D6C504B01021400140006080800CC70623B55019EA25F0000007C000000070000000000000000000000000094020000636E782E786D6C504B
310
01021400140006080800CC70623B8C9102E971010000D40300000C00000000000000000000000000180300006662782F636F72652E786D6C504B01021400140006080800CC70623BFFEA85907E0000009D0000000B00000000000000000000000000B30400006662782F636E782E786D6C504B01021400140006080800CC70
310
623B4FEEA4082C0100001202000031000000000000000000000000005A0500006662782F39464131463745442D413632322D343644302D413938332D3331353338454246344243312F636F72652E786D6C504B01021400140006080800CC70623BAD7543B64E010000330300003000000000000000000000000000D5060000
310
6662782F39464131463745442D413632322D343644302D413938332D3331353338454246344243312F636E782E786D6C504B01021400140006080800CC70623B16AB87BA640500003C1000003400000000000000000000000000710800006662782F39464131463745442D413632322D343644302D413938332D3331353338
310
454246344243312F6F626A656374732E786D6C504B01021400140006080000CC70623B0000000000000000000000003500000000000000000000000000270E00006662782F39464131463745442D413632322D343644302D413938332D3331353338454246344243312F76657274696365732E62696E504B01021400140006
310
080800CC70623BF270F133060000000400000036000000000000000000000000007A0E00006662782F39464131463745442D413632322D343644302D413938332D3331353338454246344243312F747269616E676C65732E62696E504B01021400140006080000CC70623B0000000000000000000000003700000000000000
310
000000000000D40E00006662782F39464131463745442D413632322D343644302D413938332D3331353338454246344243312F617474726962757465732E62696E504B01021400140006080800CC70623B08DA0BD190000000410100003600000000000000000000000000290F00006662782F39464131463745442D413632
310
322D343644302D413938332D3331353338454246344243312F6469726563746F72792E786D6C504B01021400140006080800CC70623B0D6EF93BFE000000A00100003B000000000000000000000000000D1000006662782F39464131463745442D413632322D343644302D413938332D3331353338454246344243312F7265
310
736F75726365732F636F72652E786D6C504B0506000000000E000E0080040000641100000000
  0
XRECORD
  5
175
102
{ACAD_REACTORS
330
173
102
}
330
173
100
AcDbXrecord
280
     1
270
     1
271
     1
  0
XRECORD
  5
174
102
{ACAD_REACTORS
330
173
102
}
330
173
100
AcDbXrecord
280
     1
270
     1
271
     1
  0
XRECORD
  5
1FB
102
{ACAD_REACTORS
330
173
102
}
330
173
100
AcDbXrecord
280
     1
 70
     0
 90
1673772943
  1
ECE7A1D2-D628-4531-984C-D00F80459256
310
504B03040A0000080000CC70623B3DEE336E79000000790000001B0000006175746F6465736B2D64657369676E2D7061636B6167652E786D6C3C3F786D6C2076657273696F6E3D22312E302220656E636F64696E673D227574662D3822203F3E3C666F726D6174733E3C666F726D61743E687474703A2F2F736368656D612E
310
6175746F6465736B2E636F6D2F64657369676E2D7061636B6167652F323030393C2F666F726D61743E3C2F666F726D6174733E504B0304140006080800CC70623BD486FD9CA0000000F4000000130000005B436F6E74656E745F54797065735D2E786D6C7D8EC10E82300C865F65E91D8A1E8C310C0EEA1BF002731658846E
310
D98AC1B77784ABF1D8FE5FBFBF75BBCE937A534CCEB38643598122B6FEE978D0B0485F9C41B54DDD7D022595594E1A469170414C76A4D9A4D207E29CF43ECE46F218070CC6BECC4078ACAA135ACF422C856C0E68EA1BF5669944DDD7BCDE7B1F8E415D77AECB980613C2E4AC91FC167A2B244592486606FC29C8FD7F045B9A
310
EF7053A7E60B504B0304140006080800CC70623BD9DDAED0EC0000007C01000008000000636F72652E786D6C8D90416EC3201045AF82665B61836D9CD8C2444DD39CA01740405C94182C03558F5F9C3852BBEB6A467FFE9B197D7EF89E6EE8CB2CC17A37002D0820E394D7D68D03A478C17B4007C117EFE32F1B20272733C0
310
2A83E0E3E2D3BC49CABB685CCCAAF3DA6CA20CC14440EA969B0182FA34932C648AD911AEC52CD5558EA6A0CF2EC329598D1E47ACCEFBECC59A050463A7EA5833865FEBDD0E37353BE3EE8DBDE3F6786A48D375FBF6CC78B9C282473B3DEFABC5C86834888A900E538A49F5419B9EB47DD5BC907D4F082F57FB1F28CDFA9F50
310
B22ED6D5F6EE030B20687EE43E10BC5CB3C8E51E54AE6B6EE207504B0304140006080800CC70623B55019EA25F0000007C00000007000000636E782E786D6C4DCB3B0E80201045D1AD90E915ED2CF8AC45050C11660C8261F98AB1B07AC9C97D42D718D865D3E909258CFD00CCE24AC6E326A164D74DC0B4128928FF326038
310
472BA13128B1252AC747C6BAB984FC68F0B87FE8960A5C09FE86CFB69FBA01504B0304140006080800CC70623BA24EB22D72010000D40300000C0000006662782F636F72652E786D6CC5535B6E833010BC8AE5DF0A6C5E49888CA3A6694ED00B38E05014B091B1518EDFE511A5A9D228FD2A1F60CDEC7A67C6986DCE4D8D7A
310
69BA4AAB0C073EC548AA5C17952A33ECECD15B61B4E1CC686DBF9561A44423333CC098B3D268D7CE50AE9595CA02AA74216750749DB418E5352C32DCE59FB211BE70162ABA93DF8AFC244AE9073ED050C759670D0840D390E18DF9F1706664C23973AE2A66B62A605A75ACA4C13C4976E1364A12EF355A2EBD384AF65EFA96
310
BC7B8BED2EA6719AAE16FB8491A199335B351775B991C2CA02F390D2D40B028F861F41BCA68B7518BFD0D59A524686F29B26D7164F36B94AD9289CE54E6D1DE6010819891F6E21228B3AD1831EC219194284CF98F06DD01008846CC5A1BEF83801D4CBDC6A1303536877A57A513B0953A94FC707FDBE6064EA84A9E3E6E0FA
310
EE8CF0E9198F7784A316AA0413C2C2F2E0ECA0934D1AE6D05A69BCDE9E91D2A611F573361E38FC1375157F5752AE6B6DFE4B11990F88CCBF0719EE23FF02504B0304140006080800CC70623B408A7D3B7C0000009D0000000B0000006662782F636E782E786D6C4DCCD10A83201886E15B91FFDC552A92A0064DBC8F581632
310
D3703A76F9ABD1C18E3E78F878E5F0D9027ABBFCF2292AE86E2D20171F69F6715550CB827B40839639A5F2770314A7CD293819B45C73AAFB45B35BA61ACAA1C1C7E7855C58C15BC331339661262CC762340413D68D77DA5B42298546CBE6573AF60CEB2F504B0304140006080800CC70623B449FB9BD290100001202000031
310
0000006662782F36394639363044362D344446342D343946362D394244322D3234314243333846323333332F636F72652E786D6C8D515B6EC32010BC0AE22B55850D98B871848994463E412FE002495162B07854397EA176A4F62F3F2C9A9D991D587EB84F37F0AD7D30CEF6905418026DA553C65E7A98E219ED203808EE9D
310
8B7F6810D871D23D2C3014FCE25D9A57483A1BB58D19B54EE9151C43D0110279CB971E06F9A5A7B11A53CC8C70ADE6515EC78BAE4895DB992778883E0700CB907242D17643D7E2538BD869608875438BBAE38922CAC8F1BDD90DB4691A5E2F42C153326A951B95E398B3D1FE599322163C9AE9115F7A3D46ADA0A018778810
310
84E907617BDCEE297BC5BB3DC6BC2EF47FA234AB2745C9D8D8D035EE220B50105E2F0DC1954B9FB747187D9F9D8FA0CCDB042D5FA0C015C65B42DF78BD10F3F3B363CB56C7109DCFDFBBB97E662ED92EB62D13BC2E1BCAE5777DB9966D8A1F504B0304140006080800CC70623BAD7543B64E01000033030000300000006662
310
782F36394639363044362D344446342D343946362D394244322D3234314243333846323333332F636E782E786D6CD593CD6EC32010845F0571AD6CE3D48AD20813A9873E410FBD12D82434182C7EAAE6EDBB2424CD25871E7B41D6EC30B3FA84F9E67BB2E40B4234DE8DB46F1925E094D7C6ED479AD3AE5951B2113C789FEE
310
6C943839C1488B4C05DF079FE72A69D8C96C13AAD6B8631503449F83828872B949AC57D26200B826A308D316B4064D6E46FCDA41C05550DC9E483A00797BFD207EFB092A45DE9514C1BBD22178396BD39D891265658C238DEA00936C654E5E433CB65A26D9F6EDB5EBC14EBF49A45CB856E66048291F6939A9A81BB5C89177
310
38143CA680F4AA299D66A042CEB3354A2684DC9D8D178FE0D9B8B41CAAD720F880EE7EF93C0C18769E099ECC04D5A102C8049A8A05632F4DDF376CF1DE0F6BB65C2F8627B65A33C6BB62177CEBBDAD973006829F89F22E814B54F4BC2BE347F8AA8F681390B50FA73F804400B5F542E796F19FF974E7F78DB802FE05E20750
310
4B0304140006080800CC70623B8D05915C650500003B100000340000006662782F36394639363044362D344446342D343946362D394244322D3234314243333846323333332F6F626A656374732E786D6CAD575B6FA33814FE2B887D06429276DA1565D4266D158D3A339A6846FB502932E050B66023DB74D2FDF5FB190C01
310
9276B2973C046C8ECFF53B17071F77456EBD502133CEAE6CDF9DD81665314F32965ED995DA3A17B6F5310C04E7AA47665B8C14F4CAD6DB7618A48257A5D94AE89654B91AEDDEDDFC61C998326A5B714EA4BCB265FC440BE2924AF184CA6737218AB8E976E7FA6E4338649B0A523E8D98964450A6A029F619B8588D52FE7039
310
B1BD30F0F4F730D0FF866AF6369557DB33949F31A9088B0F848DD8CCFCF9F2767A76E99CCDE733677E3EF59D9BBB9BA5E37F984D16E78BC5E5F5ED25044B25C0C96822E8D60EEFE11B91C581D77CEA34368A1F5329E68CD1B8B61F16D63A1B8E092D294B10C78C4A48EB593D192E7DED9BDEE7995E1B91FDEDD3ACEA9FE831
310
6A756F9F7D4D79F4274C90A7A04248AA51D5F8C718DAE06FB2F75AC4796EBE65D22A88A22223B995679120E2D50E41AA49C260C046A35368846B0BECD0DFF3EBEB8AD4F835768F69B9ADF25C43D30E6B646F807FAA64AD59F61715C7A54127C4AACA98BA3006A9D792DAE165E0D59B61A01FB3A9F9D838D2DAE62445C86166
310
F37564E842E7DE6A69879FEEA2DD5AE7E371E1A5E025154AC307D06A03D73EB5978C58FFA4C8E9033066E0F3BD53BEC1F39F91BE7B55103791EDE6BBB991A2046172CB4581D8B893FA674DDA17A77B3B7C413D1B511FD2743BFF8A38F03A658705E3ADF8015C3A3417FF3D7E439FF591DA0B5F18BC20C1B8981957AE6392A3
310
F43C640C01D1A0B4728E2DD4F26DB4B3C3152A252A3B4E913CEC1C72F012782FF88EFF8637AA552DBEF76408E8A8DE9E50F9E1CB3A2DA0DB1B6039A893B56063DC5B3E3FFB5F72E67AB9FEB4AEC496C4F4C1149625DD662C53E89D7BF0F6151A046260D1337DFDC94502430F83B0EE07A130A224BCAD7DAE1D9FB6CD422FF6
310
920702629C4BB9AE79C12F243C6432A6794E18E5552BA56B431AAB5D91317302B2B071E86C3A42B1A02F999E24061403B5D0EB639195DA655DD3EBEAB4FB862DDF579F014AD0E73C22F99E28DA57FB98E75C6CA2D74D53086D600F4786E0FE3144B771A8A7B900F03594DB8A633CBC49B2EDB69228BB479CF863B5E807AAAB
310
23872F6DFEB4129B949CA33823F58830E86D65621E10047D9DB34D862E8EAC3C2ABC2F7B2C40D67CDFE01F5545B92105AF983AC54D93D69E56FB8E797F88913F898A9FEC705D3F9D1B54EC8426FB500D40A03BD0119B06E1B95DDC7EB8F6975367793EBD70E66733DFB9BC982F9CE564727731999F5D4ECFCE3B8D6A4DC2A0
310
6D50FD148437D110834A64C6CDDF57FBACB5C307A2A477DFE4939736CFEF2B175371E0E10CF0DD1D5C15654E0BCA14D1E87DD02FF93782A162C0A3D95F1524A52770F972BF1EE9809D13CE7DD599467F8ECE9ADD85CE85A34CD45355448C64F9E8A031DC2D596ACC6E5DD93D9B82DE2EF5CAF81363A8E47996A0DE24564A79
310
4115AACE09C55E14540231FDA13C319787134EBF34E3A022514E5B4D9E0826E25C02D5805B15ABE1BEF51B26383D445DD9E875EE33FE4C22DA16427D65A3BCA92CA6D28DD01DF5DC53330704308475351050232CCD31583787BA75774AFB06E5070DD0C8EF484E19968C5D83BA5B90B244D31E54D55A372320FE4786B7EA58
310
44E135AA5467CB7EA333A61683CC6A8C3257034C10CF46F40EF9F5BE59BE5BD30C3C72D235E95D10345C1D45445A5F0BB47E46A5EBE5570F9380B5FA629579952296A773720405982B9DE04011506178964401AA8BDF1FBF0A8EAB6861DD6580C0E38217056766716DAEB2D6FA0917D3E4116581EADB879C4E7CFFB11EFACD
310
3D641311495D92C8676CB409A72D18610D803CE8A626049E8EC1887CB5B44CC39883690DDA8399B4B9855B481E7D71D4A9D22F96E5BB73BF5793020C02137BF837504B0304140006080000CC70623B000000000000000000000000350000006662782F36394639363044362D344446342D343946362D394244322D32343142
310
43333846323333332F76657274696365732E62696E504B0304140006080800CC70623BF270F1330600000004000000360000006662782F36394639363044362D344446342D343946362D394244322D3234314243333846323333332F747269616E676C65732E62696E636660600000504B0304140006080000CC70623B0000
310
00000000000000000000370000006662782F36394639363044362D344446342D343946362D394244322D3234314243333846323333332F617474726962757465732E62696E504B0304140006080800CC70623B08DA0BD19000000041010000360000006662782F36394639363044362D344446342D343946362D394244322D
310
3234314243333846323333332F6469726563746F72792E786D6C858F410AC3201045AF22B36F53E9A60B35CBEEBAE80D244E44489C6234F4F835464A48035D0DF398FF9F8AF63D0E6CC63039F212F8F9020C7D47C6792B21C5FE7403D62A1188E2E60C98D7234A5830286103A55745067B9D86B8A3CF9C7F90C11DE607FB14
310
4396D7B6A82D282E9A152AD114D5EF2CB866EEE831B8EEA07A7BB5A8D7D61A2BAAEB7FD5F70921FF497D00504B0304140006080800CC70623BCA768048FE000000A00100003B0000006662782F36394639363044362D344446342D343946362D394244322D3234314243333846323333332F7265736F75726365732F636F72
310
652E786D6C8D50596E833010BD0A9ADFCA60D600328E9AA639412F609909B1126CE4A5EAF16B0295DABFFECC8CDEA2797AECF8353F924FB44E193D409E5248504B332A3D0D10FC95B4901C39B3C6F85F3248B49871801506CE266BC2B243D2688FDA47549B11775038871E12F988C7004EDE7016A9083E2ADC3D5D84BC8B09
310
D33C8D74D471E6BC8D0192EDC93A815B742658898E651BCB59086ADC356A8C3FD555A1055ED7E7E254D615792D0F075295F585746FF53B694EE78A565DD736979A65AB9933AFE69F8CD2A2F038022F28ED489E135A7CE4554F9BBEA85E68DB53CAB255FEC71496F19FA6A0B42F8B3DEE6673C0F318E4497096AD7DC5F52C33
310
EEB55BFE0D504B010214000A0000080000CC70623B3DEE336E79000000790000001B00000000000000000000000000000000006175746F6465736B2D64657369676E2D7061636B6167652E786D6C504B01021400140006080800CC70623BD486FD9CA0000000F40000001300000000000000000000000000B20000005B436F
310
6E74656E745F54797065735D2E786D6C504B01021400140006080800CC70623BD9DDAED0EC0000007C010000080000000000000000000000000083010000636F72652E786D6C504B01021400140006080800CC70623B55019EA25F0000007C000000070000000000000000000000000095020000636E782E786D6C504B0102
310
1400140006080800CC70623BA24EB22D72010000D40300000C00000000000000000000000000190300006662782F636F72652E786D6C504B01021400140006080800CC70623B408A7D3B7C0000009D0000000B00000000000000000000000000B50400006662782F636E782E786D6C504B01021400140006080800CC70623B
310
449FB9BD290100001202000031000000000000000000000000005A0500006662782F36394639363044362D344446342D343946362D394244322D3234314243333846323333332F636F72652E786D6C504B01021400140006080800CC70623BAD7543B64E010000330300003000000000000000000000000000D20600006662
310
782F36394639363044362D344446342D343946362D394244322D3234314243333846323333332F636E782E786D6C504B01021400140006080800CC70623B8D05915C650500003B10000034000000000000000000000000006E0800006662782F36394639363044362D344446342D343946362D394244322D32343142433338
310
46323333332F6F626A656374732E786D6C504B01021400140006080000CC70623B0000000000000000000000003500000000000000000000000000250E00006662782F36394639363044362D344446342D343946362D394244322D3234314243333846323333332F76657274696365732E62696E504B010214001400060808
310
00CC70623BF270F13306000000040000003600000000000000000000000000780E00006662782F36394639363044362D344446342D343946362D394244322D3234314243333846323333332F747269616E676C65732E62696E504B01021400140006080000CC70623B00000000000000000000000037000000000000000000
310
00000000D20E00006662782F36394639363044362D344446342D343946362D394244322D3234314243333846323333332F617474726962757465732E62696E504B01021400140006080800CC70623B08DA0BD190000000410100003600000000000000000000000000270F00006662782F36394639363044362D344446342D
310
343946362D394244322D3234314243333846323333332F6469726563746F72792E786D6C504B01021400140006080800CC70623BCA768048FE000000A00100003B000000000000000000000000000B1000006662782F36394639363044362D344446342D343946362D394244322D3234314243333846323333332F7265736F
310
75726365732F636F72652E786D6C504B0506000000000E000E0080040000621100000000
  0
XRECORD
  5
176
102
{ACAD_REACTORS
330
173
102
}
330
173
100
AcDbXrecord
280
     1
270
     1
271
     1
  0
XRECORD
  5
177
102
{ACAD_REACTORS
330
173
102
}
330
173
100
AcDbXrecord
280
     1
270
     1
271
     1
  0
CELLSTYLEMAP
  5
A87
102
{ACAD_REACTORS
330
162
102
}
330
162
100
AcDbCellStyleMap
 90
        3
300
CELLSTYLE
  1
TABLEFORMAT_BEGIN
 90
        5
170
     1
 91
        0
 92
    32768
 62
   257
 93
        1
300
CONTENTFORMAT
  1
CONTENTFORMAT_BEGIN
 90
        0
 91
        0
 92
      512
 93
        0
300

 40
0.0
140
1.0
 94
        5
 62
     0
340
11
144
6.0
309
CONTENTFORMAT_END
171
     1
301
MARGIN
  1
CELLMARGIN_BEGIN
 40
1.5
 40
1.5
 40
1.5
 40
1.5
 40
4.5
 40
4.5
309
CELLMARGIN_END
 94
        6
 95
        1
302
GRIDFORMAT
  1
GRIDFORMAT_BEGIN
 90
        0
 91
        1
 62
     0
 92
       -2
340
14
 93
        0
 40
1.125
309
GRIDFORMAT_END
 95
        2
302
GRIDFORMAT
  1
GRIDFORMAT_BEGIN
 90
        0
 91
        1
 62
     0
 92
       -2
340
14
 93
        0
 40
1.125
309
GRIDFORMAT_END
 95
        4
302
GRIDFORMAT
  1
GRIDFORMAT_BEGIN
 90
        0
 91
        1
 62
     0
 92
       -2
340
14
 93
        0
 40
1.125
309
GRIDFORMAT_END
 95
        8
302
GRIDFORMAT
  1
GRIDFORMAT_BEGIN
 90
        0
 91
        1
 62
     0
 92
       -2
340
14
 93
        0
 40
1.125
309
GRIDFORMAT_END
 95
       16
302
GRIDFORMAT
  1
GRIDFORMAT_BEGIN
 90
        0
 91
        1
 62
     0
 92
       -2
340
14
 93
        0
 40
1.125
309
GRIDFORMAT_END
 95
       32
302
GRIDFORMAT
  1
GRIDFORMAT_BEGIN
 90
        0
 91
        1
 62
     0
 92
       -2
340
14
 93
        0
 40
1.125
309
GRIDFORMAT_END
309
TABLEFORMAT_END
  1
CELLSTYLE_BEGIN
 90
        1
 91
        1
300
_TITLE
309
CELLSTYLE_END
300
CELLSTYLE
  1
TABLEFORMAT_BEGIN
 90
        5
170
     1
 91
        0
 92
        0
 62
   257
 93
        1
300
CONTENTFORMAT
  1
CONTENTFORMAT_BEGIN
 90
        0
 91
        0
 92
      512
 93
        0
300

 40
0.0
140
1.0
 94
        5
 62
     0
340
11
144
4.5
309
CONTENTFORMAT_END
171
     1
301
MARGIN
  1
CELLMARGIN_BEGIN
 40
1.5
 40
1.5
 40
1.5
 40
1.5
 40
4.5
 40
4.5
309
CELLMARGIN_END
 94
        6
 95
        1
302
GRIDFORMAT
  1
GRIDFORMAT_BEGIN
 90
        0
 91
        1
 62
     0
 92
       -2
340
14
 93
        0
 40
1.125
309
GRIDFORMAT_END
 95
        2
302
GRIDFORMAT
  1
GRIDFORMAT_BEGIN
 90
        0
 91
        1
 62
     0
 92
       -2
340
14
 93
        0
 40
1.125
309
GRIDFORMAT_END
 95
        4
302
GRIDFORMAT
  1
GRIDFORMAT_BEGIN
 90
        0
 91
        1
 62
     0
 92
       -2
340
14
 93
        0
 40
1.125
309
GRIDFORMAT_END
 95
        8
302
GRIDFORMAT
  1
GRIDFORMAT_BEGIN
 90
        0
 91
        1
 62
     0
 92
       -2
340
14
 93
        0
 40
1.125
309
GRIDFORMAT_END
 95
       16
302
GRIDFORMAT
  1
GRIDFORMAT_BEGIN
 90
        0
 91
        1
 62
     0
 92
       -2
340
14
 93
        0
 40
1.125
309
GRIDFORMAT_END
 95
       32
302
GRIDFORMAT
  1
GRIDFORMAT_BEGIN
 90
        0
 91
        1
 62
     0
 92
       -2
340
14
 93
        0
 40
1.125
309
GRIDFORMAT_END
309
TABLEFORMAT_END
  1
CELLSTYLE_BEGIN
 90
        2
 91
        1
300
_HEADER
309
CELLSTYLE_END
300
CELLSTYLE
  1
TABLEFORMAT_BEGIN
 90
        5
170
     1
 91
        0
 92
        0
 62
   257
 93
        1
300
CONTENTFORMAT
  1
CONTENTFORMAT_BEGIN
 90
        0
 91
        0
 92
      512
 93
        0
300

 40
0.0
140
1.0
 94
        2
 62
     0
340
11
144
4.5
309
CONTENTFORMAT_END
171
     1
301
MARGIN
  1
CELLMARGIN_BEGIN
 40
1.5
 40
1.5
 40
1.5
 40
1.5
 40
4.5
 40
4.5
309
CELLMARGIN_END
 94
        6
 95
        1
302
GRIDFORMAT
  1
GRIDFORMAT_BEGIN
 90
        0
 91
        1
 62
     0
 92
       -2
340
14
 93
        0
 40
1.125
309
GRIDFORMAT_END
 95
        2
302
GRIDFORMAT
  1
GRIDFORMAT_BEGIN
 90
        0
 91
        1
 62
     0
 92
       -2
340
14
 93
        0
 40
1.125
309
GRIDFORMAT_END
 95
        4
302
GRIDFORMAT
  1
GRIDFORMAT_BEGIN
 90
        0
 91
        1
 62
     0
 92
       -2
340
14
 93
        0
 40
1.125
309
GRIDFORMAT_END
 95
        8
302
GRIDFORMAT
  1
GRIDFORMAT_BEGIN
 90
        0
 91
        1
 62
     0
 92
       -2
340
14
 93
        0
 40
1.125
309
GRIDFORMAT_END
 95
       16
302
GRIDFORMAT
  1
GRIDFORMAT_BEGIN
 90
        0
 91
        1
 62
     0
 92
       -2
340
14
 93
        0
 40
1.125
309
GRIDFORMAT_END
 95
       32
302
GRIDFORMAT
  1
GRIDFORMAT_BEGIN
 90
        0
 91
        1
 62
     0
 92
       -2
340
14
 93
        0
 40
1.125
309
GRIDFORMAT_END
309
TABLEFORMAT_END
  1
CELLSTYLE_BEGIN
 90
        3
 91
        2
300
_DATA
309
CELLSTYLE_END
  0
ENDSEC
  0
SECTION
  2
ACDSDATA
 70
     2
 71
     8
  0
ACDSSCHEMA
 90
        0
  1
AcDb_Thumbnail_Schema
  2
AcDbDs::ID
280
    10
 91
        8
  2
Thumbnail_Data
280
    15
 91
        0
101
ACDSRECORD
 95
        0
 90
        1
  2
AcDbDs::TreatedAsObjectData
280
     1
291
     1
101
ACDSRECORD
 95
        0
 90
        2
  2
AcDbDs::Legacy
280
     1
291
     1
101
ACDSRECORD
  1
AcDbDs::ID
 90
        3
  2
AcDs:Indexable
280
     1
291
     1
101
ACDSRECORD
  1
AcDbDs::ID
 90
        4
  2
AcDbDs::HandleAttribute
280
     7
282
     1
  0
ACDSSCHEMA
 90
        1
  1
AcDbDs::TreatedAsObjectDataSchema
  2
AcDbDs::TreatedAsObjectData
280
     1
 91
        0
  0
ACDSSCHEMA
 90
        2
  1
AcDbDs::LegacySchema
  2
AcDbDs::Legacy
280
     1
 91
        0
  0
ACDSSCHEMA
 90
        3
  1
AcDbDs::IndexedPropertySchema
  2
AcDs:Indexable
280
     1
 91
        0
  0
ACDSSCHEMA
 90
        4
  1
AcDbDs::HandleAttributeSchema
  2
AcDbDs::HandleAttribute
280
     7
 91
        1
284
     1
  0
ACDSRECORD
 90
        0
  2
AcDbDs::ID
280
    10
320
22
  2
Thumbnail_Data
280
    15
 94
      896
310
89504E470D0A1A0A0000000D49484452000001000000009108030000001BE1960600000300504C5445212830FFFFFF2128300000000000000000000000000000000000000000000000000000330000660000990000CC0000FF0033000033330033660033990033CC0033FF0066000066330066660066990066CC0066FF0099
310
000099330099660099990099CC0099FF00CC0000CC3300CC6600CC9900CCCC00CCFF00FF0000FF3300FF6600FF9900FFCC00FFFF3300003300333300663300993300CC3300FF3333003333333333663333993333CC3333FF3366003366333366663366993366CC3366FF3399003399333399663399993399CC3399FF33CC00
310
33CC3333CC6633CC9933CCCC33CCFF33FF0033FF3333FF6633FF9933FFCC33FFFF6600006600336600666600996600CC6600FF6633006633336633666633996633CC6633FF6666006666336666666666996666CC6666FF6699006699336699666699996699CC6699FF66CC0066CC3366CC6666CC9966CCCC66CCFF66FF0066
310
FF3366FF6666FF9966FFCC66FFFF9900009900339900669900999900CC9900FF9933009933339933669933999933CC9933FF9966009966339966669966999966CC9966FF9999009999339999669999999999CC9999FF99CC0099CC3399CC6699CC9999CCCC99CCFF99FF0099FF3399FF6699FF9999FFCC99FFFFCC0000CC00
310
33CC0066CC0099CC00CCCC00FFCC3300CC3333CC3366CC3399CC33CCCC33FFCC6600CC6633CC6666CC6699CC66CCCC66FFCC9900CC9933CC9966CC9999CC99CCCC99FFCCCC00CCCC33CCCC66CCCC99CCCCCCCCCCFFCCFF00CCFF33CCFF66CCFF99CCFFCCCCFFFFFF0000FF0033FF0066FF0099FF00CCFF00FFFF3300FF3333
310
FF3366FF3399FF33CCFF33FFFF6600FF6633FF6666FF6699FF66CCFF66FFFF9900FF9933FF9966FF9999FF99CCFF99FFFFCC00FFCC33FFCC66FFCC99FFCCCCFFCCFFFFFF00FFFF33FFFF66FFFF99FFFFCCFFFFFF0000000D0D0D1A1A1A2828283535354343435050505D5D5D6B6B6B787878868686939393A1A1A1AEAEAEBB
310
BBBBC9C9C9D6D6D6E4E4E4F1F1F1FFFFFF0000000000000000000000000000000000000000000000000000000000002E4550F10000003B4944415478DAEDC13101000000C2A0F54F6D0B2FA0000000000000000000000000000000000000000000000000000000000000000000000000CE06919100016C9A5B1B0000000049
310
454E44AE426082
  0
ENDSEC
  0
EOF
